   This run of MOLCAS is using the pymolcas driver

                             OPE
                             OPE          NMOL  CASOP  ENMOLC A   SO
                 OPE        NMOLC        AS  OP EN  MO LC     AS  OP
                OPENM       OL CA        SO  PE NM  OL CA     SOP EN
                OP EN      MO   LC       AS  OP ENMOL  CASO   PENMOL
                OP  EN     MO   LC       AS  OP EN     MO     LC ASO
               OP   E  NMOL  C  AS       OP  EN MO     LC     AS  OP
               OP  E   NMO   LC AS        OPEN  MO     LCASOP EN   M
               O  PEN   MO  LCA  SO
            OPE   NMO   L   CAS    OP
        OPENMOL  CASOP     ENMOL   CASOPE
     OPENMOLCA   SOPENMOLCASOPEN   MOLCASOPE
    OPENMOLCAS   OP           EN   MOL    CAS
    OPENMOLCAS       OP  ENM        O     LCA
    OPENMOLCAS    OPEN  MOLCASO     P  E  NMO
    OPENMOLCAS     OP               E  N  MOL
    OPENMOLCA   SO           PENM   O  L  CAS    OPEN    MO    LCAS
    OPENMOLCA   SOP           ENM   O  L  CAS   OP  EN  MOLC  AS   O
    OPENMOLCA   SOPE           NM      O  LCA   S      OP  EN MO
    OPENMOLC                AS         O  PEN   M      OL  CA  SOPE
    OPENMO        LCASOPE  NMOL        C  ASO   P      ENMOLC     AS
    OPE     NMO      LCA  SO     P     E   NM   OL  CA SO  PE N   MO
          OPENMOLCA            SOPE   NMO        LCAS  O    P  ENMO
     OPENMOLCASOPENMOLCASOPENMOLCASOPENMOLCA
        OPENMOLCASOPENMOLCASOPENMOLCASOPE
            OPENMOLCASOPENMOLCASOPENM
               OPENMOLCASOPENMOLCA        version: f37762c57
                   OPENMOLCASO
                       OPE                tag:

 OpenMolcas is free software; you can redistribute it and/or modify it
 under the terms of the GNU Lesser General Public License version 2.1.
 OpenMolcas is distributed in the hope that it will be useful, but it
 is provided "as is" and without any express or implied warranties.
 For more details see the full text of the license in the file
 LICENSE or in <http://www.gnu.org/licenses/>.

                 Copyright (C) The OpenMolcas Authors
           For the author list and the recommended citation,
                   consult the file CONTRIBUTORS.md

           *************************************************
           * pymolcas version py2.28                       *
           *   build c4a6d18ded8cb6cad61d2372a9abd97c      *
           *   (after the EMIL interpreter by V. Veryazov) *
           *************************************************

configuration info
------------------
C Compiler ID: Intel
C flags: -std=gnu99 -gcc-sys
Fortran Compiler ID: IntelLLVM
Fortran flags: -standard-semantics -fltconsistency -fpp -i8 -heap-arrays
Definitions: _MOLCAS_;_I8_;_LINUX_
Parallel: OFF (GA=OFF)


   ----------------------------------------------------------------------------------------
  |
  |              Project: H10_0.70
  |       Submitted from: ${LOCALHOME}/DDCASPT2/hydrogen_comps/rerun/H10_chain/H10_0.70
  |         Scratch area: /tmp/H10_0.70
  |      Save outputs to: ${LOCALHOME}/DDCASPT2/hydrogen_comps/rerun/H10_chain/H10_0.70
  |               Molcas: ${LOCALHOME}/Test/build
  |
  | Scratch area is empty
  |
  |       MOLCAS_DRIVER = /usr/local/pymolcas
  | MOLCAS_KEEP_WORKDIR = NO
  |  MOLCAS_NEW_WORKDIR = YES
  |       MOLCAS_NPROCS = 1
  |        MOLCAS_PRINT = NORMAL
  |       MOLCAS_SOURCE = ${LOCALHOME}/Test
  |    MOLCAS_STRUCTURE = 0
  |
   ----------------------------------------------------------------------------------------

++ ---------   Input file   ---------

&GATEWAY
coord=H10_0.70.xyz
Basis = ANO-RCC-VDZP
Group = nosymm
End of Input

&SEWARD
End of Input

&SCF

>>> COPY $WorkDir/H10_0.70.scf.h5 $CurrDir/

&RASSCF
Title= RASSCF
FileOrb
${LOCALHOME}/DDCASPT2/hydrogen_comps/rerun/H10_chain/H10_0.60/H10_0.60.RasOrb
NACTEL
10 0 0
Inactive
0
RAS2
10
Symmetry
1
Spin
1
orblisting
all

>>> COPY $WorkDir/H10_0.70.rasscf.h5 $CurrDir/

>>> COPY $WorkDir/DDCASPT2_Fock_MO.csv $CurrDir/H10_0.70.DDCASPT2_Fock_MO.csv

&MOTRA
Frozen=0
LUMORB

>>> COPY $WorkDir/DDCASPT2_one_int_indx.csv $CurrDir/H10_0.70.DDCASPT2_one_int_indx.csv

>>> COPY $WorkDir/DDCASPT2_one_int.csv $CurrDir/H10_0.70.DDCASPT2_one_int.csv

>>> COPY $WorkDir/DDCASPT2_two_int_indx.csv $CurrDir/H10_0.70.DDCASPT2_two_int_indx.csv

>>> COPY $WorkDir/DDCASPT2_two_int.csv $CurrDir/H10_0.70.DDCASPT2_two_int.csv

&CASPT2
Frozen
0

MAXITER
50

>>> FOREACH i IN (B,E,F,G,H)

  >>> FOREACH j IN (P,M)

    >>> IF (-FILE DDCASPT2_e2_${i}_${j}_1_.csv)

      >>> COPY $WorkDir/DDCASPT2_RHS_${i}_${j}_1_.csv $CurrDir/DDCASPT2_RHS_${i}_${j}_1_.csv

      >>> COPY $WorkDir/DDCASPT2_IVECW_${i}_${j}_1_.csv $CurrDir/DDCASPT2_IVECW_${i}_${j}_1_.csv

      >>> COPY $WorkDir/DDCASPT2_IVECX_${i}_${j}_1_.csv $CurrDir/DDCASPT2_IVECX_${i}_${j}_1_.csv

      >>> COPY $WorkDir/DDCASPT2_IVECC2_${i}_${j}_1_.csv $CurrDir/DDCASPT2_IVECC2_${i}_${j}_1_.csv

      >>> COPY $WorkDir/DDCASPT2_e2_${i}_${j}_1_.csv $CurrDir/DDCASPT2_e2_${i}_${j}_1_.csv

    >>> END IF

  >>> END FOREACH

>>> END FOREACH

>>> FOREACH i IN (A,C,D)

  >>> IF (-FILE DDCASPT2_e2_${i}_1_.csv)

    >>> COPY $WorkDir/DDCASPT2_RHS_${i}_1_.csv $CurrDir/DDCASPT2_RHS_${i}_1_.csv

    >>> COPY $WorkDir/DDCASPT2_IVECW_${i}_1_.csv $CurrDir/DDCASPT2_IVECW_${i}_1_.csv

    >>> COPY $WorkDir/DDCASPT2_IVECX_${i}_1_.csv $CurrDir/DDCASPT2_IVECX_${i}_1_.csv

    >>> COPY $WorkDir/DDCASPT2_IVECC2_${i}_1_.csv $CurrDir/DDCASPT2_IVECC2_${i}_1_.csv

    >>> COPY $WorkDir/DDCASPT2_e2_${i}_1_.csv $CurrDir/DDCASPT2_e2_${i}_1_.csv

  >>> END IF

>>> END FOREACH

-- ----------------------------------

--- Start Module: gateway at Sun Oct 26 13:15:34 2025 ---
 
()()()()()()()()()()()()()()()()()()()()()()()()()()()()()()()()()()()()()()()()()()()()()()()()()()

                                              &GATEWAY

                                   only a single process is used
                       available to each process: 2.0 GB of memory, 1 thread?
()()()()()()()()()()()()()()()()()()()()()()()()()()()()()()()()()()()()()()()()()()()()()()()()()()
 
 
++    Symmetry information:
      ---------------------
 
                    Character Table for C1 
 
                             E  
                    a        1  x, y, xy, Rz, z, xz, Ry, yz, Rx, I
--
 
 
++    Basis set information:
      ----------------------
 
 
      Basis set label: H.ANO-RCC...2S1P.
 
      Electronic valence basis set:
      ------------------
      Associated Effective Charge   1.000000 au
      Associated Actual Charge      1.000000 au
      Nuclear Model: Point charge
 
      Shell  nPrim  nBasis  Cartesian Spherical Contaminant
         s       8       2        X                  
         p       4       1        X                  
--
 
 
++    Molecular structure info:
      -------------------------
 
                    ************************************************ 
                    **** Cartesian Coordinates / Bohr, Angstrom **** 
                    ************************************************ 
 
     Center  Label                x              y              z                     x              y              z
        1      H1               0.000000       0.000000       0.000000              0.000000       0.000000       0.000000
        2      H2               0.000000       0.000000       1.317082              0.000000       0.000000       0.696970
        3      H3               0.000000       0.000000       2.634163              0.000000       0.000000       1.393939
        4      H4               0.000000       0.000000       3.951245              0.000000       0.000000       2.090909
        5      H5               0.000000       0.000000       5.268328              0.000000       0.000000       2.787879
        6      H6               0.000000       0.000000       6.585408              0.000000       0.000000       3.484848
        7      H7               0.000000       0.000000       7.902491              0.000000       0.000000       4.181818
        8      H8               0.000000       0.000000       9.219573              0.000000       0.000000       4.878788
        9      H9               0.000000       0.000000      10.536656              0.000000       0.000000       5.575758
       10      H10              0.000000       0.000000      11.853736              0.000000       0.000000       6.272727
 
                    *************************************** 
                    *    InterNuclear Distances / Bohr    * 
                    *************************************** 
 
               1 H1            2 H2            3 H3            4 H4            5 H5            6 H6    
    1 H1       0.000000
    2 H2       1.317082        0.000000
    3 H3       2.634163        1.317081        0.000000
    4 H4       3.951245        2.634163        1.317082        0.000000
    5 H5       5.268328        3.951245        2.634165        1.317082        0.000000
    6 H6       6.585408        5.268326        3.951245        2.634163        1.317081        0.000000
    7 H7       7.902491        6.585408        5.268328        3.951245        2.634163        1.317082
    8 H8       9.219573        7.902491        6.585410        5.268328        3.951245        2.634165
    9 H9      10.536656        9.219573        7.902493        6.585410        5.268328        3.951247
   10 H10     11.853736       10.536654        9.219573        7.902491        6.585408        5.268328
 
               7 H7            8 H8            9 H9           10 H10   
    7 H7       0.000000
    8 H8       1.317082        0.000000
    9 H9       2.634165        1.317082        0.000000
   10 H10      3.951245        2.634163        1.317081        0.000000
 
                    ******************************************* 
                    *    InterNuclear Distances / Angstrom    * 
                    ******************************************* 
 
               1 H1            2 H2            3 H3            4 H4            5 H5            6 H6    
    1 H1       0.000000
    2 H2       0.696970        0.000000
    3 H3       1.393939        0.696969        0.000000
    4 H4       2.090909        1.393939        0.696970        0.000000
    5 H5       2.787879        2.090909        1.393940        0.696970        0.000000
    6 H6       3.484848        2.787878        2.090909        1.393939        0.696969        0.000000
    7 H7       4.181818        3.484848        2.787879        2.090909        1.393939        0.696970
    8 H8       4.878788        4.181818        3.484849        2.787879        2.090909        1.393940
    9 H9       5.575758        4.878788        4.181819        3.484849        2.787879        2.090910
   10 H10      6.272727        5.575757        4.878788        4.181818        3.484848        2.787879
 
               7 H7            8 H8            9 H9           10 H10   
    7 H7       0.000000
    8 H8       0.696970        0.000000
    9 H9       1.393940        0.696970        0.000000
   10 H10      2.090909        1.393939        0.696969        0.000000
 
                    ************************************** 
                    *    Valence Bond Angles / Degree    * 
                    ************************************** 
                          Atom centers                 Phi
                      2 H2       1 H1       3 H3         0.00
                      1 H1       2 H2       3 H3       180.00
                      1 H1       2 H2       4 H4       180.00
                      3 H3       2 H2       4 H4         0.00
                      1 H1       3 H3       2 H2         0.00
                      1 H1       3 H3       4 H4       180.00
                      1 H1       3 H3       5 H5       180.00
                      2 H2       3 H3       4 H4       180.00
                      2 H2       3 H3       5 H5       180.00
                      4 H4       3 H3       5 H5         0.00
                      2 H2       4 H4       3 H3         0.00
                      2 H2       4 H4       5 H5       180.00
                      2 H2       4 H4       6 H6       180.00
                      3 H3       4 H4       5 H5       180.00
                      3 H3       4 H4       6 H6       180.00
                      5 H5       4 H4       6 H6         0.00
                      3 H3       5 H5       4 H4         0.00
                      3 H3       5 H5       6 H6       180.00
                      3 H3       5 H5       7 H7       180.00
                      4 H4       5 H5       6 H6       180.00
                      4 H4       5 H5       7 H7       180.00
                      6 H6       5 H5       7 H7         0.00
                      4 H4       6 H6       5 H5         0.00
                      4 H4       6 H6       7 H7       180.00
                      4 H4       6 H6       8 H8       180.00
                      5 H5       6 H6       7 H7       180.00
                      5 H5       6 H6       8 H8       180.00
                      7 H7       6 H6       8 H8         0.00
                      5 H5       7 H7       6 H6         0.00
                      5 H5       7 H7       8 H8       180.00
                      5 H5       7 H7       9 H9       180.00
                      6 H6       7 H7       8 H8       180.00
                      6 H6       7 H7       9 H9       180.00
                      8 H8       7 H7       9 H9         0.00
                      6 H6       8 H8       7 H7         0.00
                      6 H6       8 H8       9 H9       180.00
                      6 H6       8 H8      10 H10      180.00
                      7 H7       8 H8       9 H9       180.00
                      7 H7       8 H8      10 H10      180.00
                      9 H9       8 H8      10 H10        0.00
                      7 H7       9 H9       8 H8         0.00
                      7 H7       9 H9      10 H10      180.00
                      8 H8       9 H9      10 H10      180.00
                      8 H8      10 H10      9 H9         0.00
--
 
 
            Nuclear Potential Energy             14.64577390 au
 
--- Stop Module: gateway at Sun Oct 26 13:15:34 2025 /rc=_RC_ALL_IS_WELL_ ---
*** files: xmldump
    saved to directory ${LOCALHOME}/DDCASPT2/hydrogen_comps/rerun/H10_chain/H10_0.70

--- Start Module: seward at Sun Oct 26 13:15:34 2025 ---
 
()()()()()()()()()()()()()()()()()()()()()()()()()()()()()()()()()()()()()()()()()()()()()()()()()()

                                              &SEWARD

                                   only a single process is used
                       available to each process: 2.0 GB of memory, 1 thread?
()()()()()()()()()()()()()()()()()()()()()()()()()()()()()()()()()()()()()()()()()()()()()()()()()()
 
               SEWARD will generate:
                  Multipole Moment integrals up to order  2
                  Kinetic Energy integrals
                  Nuclear Attraction integrals (point charge)
                  One-Electron Hamiltonian integrals
                  Velocity integrals
                  Relativistic Douglas-Kroll-Hess integrals:
                    - Parametrization         : EXP
                    - DKH order of Hamiltonian: 2
                    - DKH order of Properties : 0
                         - multipole moment operators
                         - electric potential operators
                         - contact operators
                  Atomic mean-field integrals
                  Two-Electron Repulsion integrals
 
                   Integrals are discarded if absolute value <: 0.10E-13
                   Integral cutoff threshold is set to       <: 0.10E-15
 
            Nuclear Potential Energy             14.64577390 au
 
 
      Basis set specifications :
      Symmetry species         a  
      Basis functions           50
 
 
  Input file to MOLDEN was generated!
 
forrtl: warning (525): IEEE_DIVIDE_BY_ZERO is signaling
forrtl: warning (526): IEEE_INVALID is signaling
forrtl: warning (528): IEEE_UNDERFLOW is signaling
--- Stop Module: seward at Sun Oct 26 13:15:35 2025 /rc=_RC_ALL_IS_WELL_ ---
*** files: H10_0.70.GssOrb H10_0.70.guessorb.h5 H10_0.70.guessorb.molden xmldump
    saved to directory ${LOCALHOME}/DDCASPT2/hydrogen_comps/rerun/H10_chain/H10_0.70
--- Module seward spent 1 second ---

*** symbolic link created: INPORB -> H10_0.70.GssOrb
--- Start Module: scf at Sun Oct 26 13:15:35 2025 ---
 
()()()()()()()()()()()()()()()()()()()()()()()()()()()()()()()()()()()()()()()()()()()()()()()()()()

                                                &SCF

                                   only a single process is used
                       available to each process: 2.0 GB of memory, 1 thread?
()()()()()()()()()()()()()()()()()()()()()()()()()()()()()()()()()()()()()()()()()()()()()()()()()()
 
++    Input section:
      --------------
 
      Header of the integral files:
      
       Integrals generated by seward 4.2.0  , Sun Oct 26 13:15:34 2025
 
 
      Cartesian coordinates in Angstrom:
      -----------------------------------------------------
      No.  Label        X            Y            Z        
      -----------------------------------------------------
       1   H1         0.00000000   0.00000000   0.00000000
       2   H2         0.00000000   0.00000000   0.69697000
       3   H3         0.00000000   0.00000000   1.39393900
       4   H4         0.00000000   0.00000000   2.09090900
       5   H5         0.00000000   0.00000000   2.78787900
       6   H6         0.00000000   0.00000000   3.48484800
       7   H7         0.00000000   0.00000000   4.18181800
       8   H8         0.00000000   0.00000000   4.87878800
       9   H9         0.00000000   0.00000000   5.57575800
      10   H10        0.00000000   0.00000000   6.27272700
      -----------------------------------------------------
      Nuclear repulsion energy =   14.64577390
--
 
++    Orbital specifications:
      -----------------------
 
      Symmetry species               1
                                     a
      Frozen orbitals                0
      Occupied orbitals              5
      Secondary orbitals            45
      Deleted orbitals               0
      Total number of orbitals      50
      Number of basis functions     50
--
 
      Molecular charge                           0.000
 
++    Optimization specifications:
      ----------------------------
 
      SCF Algorithm: Conventional
      Minimized density differences are used
      Number of density matrices in core                5
      Maximum number of NDDO SCF iterations           400
      Maximum number of HF SCF iterations             400
      Threshold for SCF energy change            0.10E-08
      Threshold for density matrix               0.10E-03
      Threshold for Fock matrix                  0.15E-03
      Threshold for linear dependence            0.10E-08
      Threshold at which DIIS is turned on       0.15E+00
      Threshold at which QNR/C2DIIS is turned on 0.75E-01
      Threshold for Norm(delta) (QNR/C2DIIS)     0.20E-04
      DIIS extrapolation of the SCF procedure
      All orbitals punched on: SCFORB
--
 
      Input vectors read from INPORB
      Orbital file label: *Guess orbitals
 
 
++ Convergence information
                                   SCF        iterations: Energy and convergence statistics
 
Iter     Tot. SCF        One-elec.       Two-elec.     Energy      Max Dij or  Max Fij      DNorm      TNorm      AccCon     Time
         Energy          Energy          Energy        Change      Delta Norm                                                in Sec.
   1    -4.783309499   -31.790910858    12.361827456   0.00E+00    0.35E+00*   0.20E+00*    0.54E+01   0.25E+02   None         0.
   2    -5.055883506   -32.743983239    13.042325830  -0.27E+00*   0.61E-01*   0.33E-01*    0.33E+01   0.25E+02   EDIIS        0.
   3    -5.065794520   -32.696045747    12.984477324  -0.99E-02*   0.15E-01*   0.81E-02*    0.11E+01   0.25E+02   EDIIS        0.
   4    -5.066261801   -32.703105947    12.991070243  -0.47E-03*   0.27E-02*   0.21E-02*    0.19E+00   0.25E+02   c2DIIS       0.
   5    -5.066290379   -32.700994552    12.988930270  -0.29E-04*   0.57E-03*   0.20E-03*    0.30E-01   0.25E+02   QNRc2DIIS    0.
   6    -5.066290893   -32.701405241    12.989340446  -0.51E-06*   0.32E-03*   0.86E-04     0.20E-02   0.25E+02   QNRc2DIIS    0.
   7    -5.066290972   -32.701278675    12.989213800  -0.79E-07*   0.82E-04*   0.18E-04     0.67E-03   0.25E+02   QNRc2DIIS    0.
   8    -5.066290976   -32.701222875    12.989157996  -0.47E-08*   0.88E-05    0.28E-05     0.73E-04   0.25E+02   QNRc2DIIS    0.
   9    -5.066290977   -32.701223484    12.989158604  -0.97E-10    0.97E-06    0.19E-06     0.45E-04   0.25E+02   QNRc2DIIS    0.
 
       Convergence after  9 Macro Iterations
--
 
 *****************************************************************************************************************************
 *                                                                                                                           *
 *                                             SCF/KS-DFT Program, Final results                                             *
 *                                                                                                                           *
 *                                                                                                                           *
 *                                                                                                                           *
 *                                                       Final Results                                                       *
 *                                                                                                                           *
 *****************************************************************************************************************************
 
::    Total SCF energy                                 -5.0662909766
      One-electron energy                             -32.7012234837
      Two-electron energy                              12.9891586041
      Nuclear repulsion energy                         14.6457739031
      Kinetic energy (interpolated)                     6.8917468996
      Virial theorem                                    0.7351243524
      Total spin, S(S+1)                                0.0000000000
      Total spin, S                                     0.0000000000
      Max non-diagonal density matrix element           0.0000010007
      Max non-diagonal Fock matrix element              0.0000001253
 
 
      All orbitals with orbital energies smaller than  E(LUMO)+0.5 are printed
 
++    Molecular orbitals:
      -------------------
 
      Title: SCF orbitals

      Molecular orbitals for symmetry species 1: a  
 
          Orbital            1         2         3         4         5         6         7         8         9        10    
          Energy           -0.9661   -0.8756   -0.7255   -0.5199   -0.2743    0.1348    0.1453    0.2538    0.2948    0.4678
          Occ. No.          2.0000    2.0000    2.0000    2.0000    2.0000    0.0000    0.0000    0.0000    0.0000    0.0000
 
        1 H1     1s         0.0962   -0.2864    0.3715   -0.3942    0.4995   -1.4020    0.2357   -2.0670   -0.8393   -0.0000
        2 H1     2s         0.0401   -0.0895    0.0648   -0.0193    0.1129   -1.0459    0.3378   -1.6480   -0.2823   -0.0000
        3 H1     2px        0.0000   -0.0000    0.0000   -0.0000   -0.0000   -0.0000    0.0000   -0.0000    0.0000    0.0037
        4 H1     2py       -0.0000   -0.0000    0.0000   -0.0000    0.0000   -0.0000    0.0000    0.0000    0.0000    0.0865
        5 H1     2pz        0.0084   -0.0363    0.0379   -0.0217    0.0081   -0.0854    0.0203   -0.1827    0.0317   -0.0000
        6 H2     1s         0.0461   -0.0745    0.1067   -0.2409    0.1771    1.6745   -0.6433    2.8872    0.6243    0.0000
        7 H2     2s        -0.0583    0.1717   -0.2061    0.0516    0.0560    0.9939   -0.2579    1.9463    0.5931    0.0000
        8 H2     2px        0.0000   -0.0000    0.0000    0.0000   -0.0000    0.0000   -0.0000   -0.0000    0.0000    0.0056
        9 H2     2py        0.0000    0.0000   -0.0000    0.0000    0.0000    0.0000   -0.0000    0.0000   -0.0000    0.1292
       10 H2     2pz       -0.0056   -0.0349    0.0123    0.0294   -0.0461   -0.0810    0.0088   -0.2306    0.0929   -0.0000
       11 H3     1s         0.2179   -0.3362    0.2012    0.1341   -0.5214   -0.6962    0.3675   -2.0100    0.6502   -0.0000
       12 H3     2s        -0.0115    0.0313   -0.0130   -0.0052   -0.1016   -0.7023    0.4089   -1.3743    0.4849   -0.0000
       13 H3     2px       -0.0000   -0.0000    0.0000   -0.0000   -0.0000    0.0000   -0.0000    0.0000    0.0000    0.0080
       14 H3     2py       -0.0000    0.0000    0.0000    0.0000    0.0000   -0.0000    0.0000    0.0000    0.0000    0.1841
       15 H3     2pz       -0.0099   -0.0333   -0.0127    0.0404   -0.0213   -0.1061   -0.0070   -0.1878    0.1011   -0.0000
       16 H4     1s         0.2133   -0.2062   -0.0438    0.3689   -0.4209    0.5731   -0.0626    0.8010   -0.1358    0.0000
       17 H4     2s        -0.0655    0.0759    0.0283   -0.0095   -0.1366    0.5079    0.0919    0.8069    0.1584    0.0000
       18 H4     2px       -0.0000    0.0000    0.0000   -0.0000    0.0000    0.0000   -0.0000    0.0000   -0.0000    0.0096
       19 H4     2py       -0.0000    0.0000   -0.0000   -0.0000    0.0000   -0.0000    0.0000    0.0000    0.0000    0.2210
       20 H4     2pz       -0.0111   -0.0284   -0.0224    0.0013    0.0460   -0.1098   -0.0170   -0.1233    0.1446    0.0000
       21 H5     1s         0.2775   -0.0403   -0.2609    0.0518    0.5145   -1.2377   -0.1052    0.1127   -0.8665   -0.0000
       22 H5     2s        -0.0516    0.0497    0.0785   -0.0995    0.1355   -0.7857    0.1509    0.1449   -0.4243   -0.0000
       23 H5     2px        0.0000    0.0000   -0.0000   -0.0000    0.0000    0.0000   -0.0000    0.0000    0.0000    0.0105
       24 H5     2py       -0.0000    0.0000   -0.0000   -0.0000    0.0000   -0.0000    0.0000    0.0000    0.0000    0.2419
       25 H5     2pz       -0.0020   -0.0281   -0.0136   -0.0354    0.0355   -0.0555   -0.0149   -0.0119    0.2400    0.0000
       26 H6     1s         0.2775    0.0403   -0.2609   -0.0518    0.5145    1.2377   -0.1052    0.1127    0.8665    0.0000
       27 H6     2s        -0.0516   -0.0497    0.0785    0.0995    0.1355    0.7857    0.1509    0.1449    0.4243    0.0000
       28 H6     2px       -0.0000   -0.0000    0.0000    0.0000    0.0000    0.0000   -0.0000    0.0000    0.0000    0.0105
       29 H6     2py        0.0000    0.0000   -0.0000   -0.0000   -0.0000   -0.0000    0.0000    0.0000    0.0000    0.2419
       30 H6     2pz        0.0020   -0.0281    0.0136   -0.0354   -0.0355   -0.0555    0.0149    0.0119    0.2400    0.0000
       31 H7     1s         0.2133    0.2062   -0.0438   -0.3689   -0.4209   -0.5731   -0.0626    0.8010    0.1358   -0.0000
       32 H7     2s        -0.0655   -0.0759    0.0283    0.0095   -0.1366   -0.5079    0.0919    0.8069   -0.1584   -0.0000
       33 H7     2px        0.0000    0.0000    0.0000    0.0000   -0.0000    0.0000    0.0000    0.0000    0.0000    0.0096
       34 H7     2py        0.0000   -0.0000   -0.0000    0.0000    0.0000   -0.0000    0.0000   -0.0000   -0.0000    0.2210
       35 H7     2pz        0.0111   -0.0284    0.0224    0.0013   -0.0460   -0.1098    0.0170    0.1233    0.1446    0.0000
       36 H8     1s         0.2179    0.3362    0.2012   -0.1341   -0.5214    0.6962    0.3675   -2.0100   -0.6502    0.0000
       37 H8     2s        -0.0115   -0.0313   -0.0130    0.0052   -0.1016    0.7023    0.4089   -1.3743   -0.4849    0.0000
       38 H8     2px       -0.0000   -0.0000   -0.0000   -0.0000    0.0000   -0.0000    0.0000    0.0000   -0.0000    0.0080
       39 H8     2py       -0.0000    0.0000   -0.0000   -0.0000    0.0000    0.0000   -0.0000    0.0000    0.0000    0.1841
       40 H8     2pz        0.0099   -0.0333    0.0127    0.0404    0.0213   -0.1061    0.0070    0.1878    0.1011   -0.0000
       41 H9     1s         0.0461    0.0745    0.1067    0.2409    0.1771   -1.6745   -0.6433    2.8872   -0.6243   -0.0000
       42 H9     2s        -0.0583   -0.1717   -0.2061   -0.0516    0.0560   -0.9939   -0.2579    1.9463   -0.5931   -0.0000
       43 H9     2px        0.0000    0.0000    0.0000    0.0000   -0.0000    0.0000   -0.0000   -0.0000   -0.0000    0.0056
       44 H9     2py       -0.0000    0.0000    0.0000   -0.0000    0.0000   -0.0000    0.0000   -0.0000   -0.0000    0.1292
       45 H9     2pz        0.0056   -0.0349   -0.0123    0.0294    0.0461   -0.0810   -0.0088    0.2306    0.0929   -0.0000
       46 H10    1s         0.0962    0.2864    0.3715    0.3942    0.4995    1.4020    0.2357   -2.0670    0.8393    0.0000
       47 H10    2s         0.0401    0.0895    0.0648    0.0193    0.1129    1.0459    0.3378   -1.6480    0.2823    0.0000
       48 H10    2px        0.0000    0.0000   -0.0000   -0.0000   -0.0000   -0.0000    0.0000    0.0000   -0.0000    0.0037
       49 H10    2py        0.0000    0.0000    0.0000    0.0000    0.0000   -0.0000    0.0000    0.0000    0.0000    0.0865
       50 H10    2pz       -0.0084   -0.0363   -0.0379   -0.0217   -0.0081   -0.0854   -0.0203    0.1827    0.0317   -0.0000
 
          Orbital           11        12        13        14        15    
          Energy            0.4678    0.4812    0.5808    0.5825    0.5825
          Occ. No.          0.0000    0.0000    0.0000    0.0000    0.0000
 
        1 H1     1s         0.0000   -2.7924    1.7451   -0.0000   -0.0000
        2 H1     2s         0.0000   -2.2620    0.9005   -0.0000   -0.0000
        3 H1     2px        0.0865    0.0000   -0.0000   -0.0353   -0.1899
        4 H1     2py       -0.0037    0.0000   -0.0000   -0.1899    0.0353
        5 H1     2pz        0.0000   -0.2712   -0.0918    0.0000    0.0000
        6 H2     1s        -0.0000    4.9678   -3.1110    0.0000    0.0000
        7 H2     2s        -0.0000    3.7020   -2.3480    0.0000    0.0000
        8 H2     2px        0.1292    0.0000   -0.0000   -0.0439   -0.2361
        9 H2     2py       -0.0056   -0.0000   -0.0000   -0.2361    0.0439
       10 H2     2pz        0.0000   -0.2808   -0.2085    0.0000    0.0000
       11 H3     1s         0.0000   -4.8362    0.5981   -0.0000   -0.0000
       12 H3     2s         0.0000   -3.1343    0.3345   -0.0000   -0.0000
       13 H3     2px        0.1841    0.0000   -0.0000   -0.0479   -0.2574
       14 H3     2py       -0.0080   -0.0000   -0.0000   -0.2574    0.0479
       15 H3     2pz        0.0000   -0.0632   -0.2518    0.0000    0.0000
       16 H4     1s        -0.0000    4.0950    1.1812   -0.0000   -0.0000
       17 H4     2s        -0.0000    3.0784    0.6997   -0.0000   -0.0000
       18 H4     2px        0.2210    0.0000   -0.0000   -0.0357   -0.1921
       19 H4     2py       -0.0096   -0.0000   -0.0000   -0.1921    0.0357
       20 H4     2pz       -0.0000    0.0970   -0.2561    0.0000    0.0000
       21 H5     1s         0.0000   -1.5725   -0.1504    0.0000   -0.0000
       22 H5     2s         0.0000   -1.2480    0.2035   -0.0000   -0.0000
       23 H5     2px        0.2419    0.0000   -0.0000   -0.0133   -0.0713
       24 H5     2py       -0.0105   -0.0000   -0.0000   -0.0713    0.0133
       25 H5     2pz       -0.0000    0.1585   -0.1423    0.0000    0.0000
       26 H6     1s        -0.0000    1.5725   -0.1504    0.0000    0.0000
       27 H6     2s        -0.0000    1.2480    0.2035    0.0000   -0.0000
       28 H6     2px        0.2419    0.0000    0.0000    0.0133    0.0713
       29 H6     2py       -0.0105   -0.0000    0.0000    0.0713   -0.0133
       30 H6     2pz       -0.0000    0.1585    0.1423   -0.0000   -0.0000
       31 H7     1s         0.0000   -4.0950    1.1812   -0.0000   -0.0000
       32 H7     2s         0.0000   -3.0784    0.6997   -0.0000   -0.0000
       33 H7     2px        0.2210    0.0000    0.0000    0.0357    0.1921
       34 H7     2py       -0.0096   -0.0000    0.0000    0.1921   -0.0357
       35 H7     2pz       -0.0000    0.0970    0.2561   -0.0000   -0.0000
       36 H8     1s        -0.0000    4.8361    0.5981   -0.0000   -0.0000
       37 H8     2s        -0.0000    3.1343    0.3345   -0.0000   -0.0000
       38 H8     2px        0.1841    0.0000    0.0000    0.0479    0.2574
       39 H8     2py       -0.0080   -0.0000    0.0000    0.2574   -0.0479
       40 H8     2pz        0.0000   -0.0632    0.2518   -0.0000   -0.0000
       41 H9     1s         0.0000   -4.9678   -3.1110    0.0000    0.0000
       42 H9     2s         0.0000   -3.7020   -2.3480    0.0000    0.0000
       43 H9     2px        0.1292    0.0000    0.0000    0.0439    0.2361
       44 H9     2py       -0.0056   -0.0000    0.0000    0.2361   -0.0439
       45 H9     2pz        0.0000   -0.2808    0.2085   -0.0000   -0.0000
       46 H10    1s        -0.0000    2.7924    1.7451   -0.0000   -0.0000
       47 H10    2s        -0.0000    2.2620    0.9005   -0.0000   -0.0000
       48 H10    2px        0.0865    0.0000    0.0000    0.0353    0.1899
       49 H10    2py       -0.0037   -0.0000    0.0000    0.1899   -0.0353
       50 H10    2pz        0.0000   -0.2712    0.0918   -0.0000   -0.0000
--
 
 
++    Molecular charges:
      ------------------
 
      Mulliken charges per centre and basis function type
      ---------------------------------------------------
 
                H1      H2      H3      H4      H5      H6      H7      H8      H9      H10   
      1s       1.4248  0.4400  1.0861  0.8942  0.9183  0.9183  0.8942  1.0861  0.4400  1.4248
      2s       0.0065  0.0590 -0.0651 -0.0535  0.0298  0.0298 -0.0535 -0.0651  0.0590  0.0065
      2px      0.0000  0.0000  0.0000  0.0000  0.0000  0.0000  0.0000 -0.0000  0.0000  0.0000
      2pz      0.0406  0.0851  0.0586  0.0424  0.0332  0.0332  0.0424  0.0586  0.0851  0.0406
      2py      0.0000  0.0000  0.0000  0.0000  0.0000  0.0000  0.0000  0.0000 -0.0000  0.0000
      Total    1.4719  0.5841  1.0796  0.8830  0.9814  0.9814  0.8830  1.0796  0.5841  1.4719
 
      N-E     -0.4719  0.4159 -0.0796  0.1170  0.0186  0.0186  0.1170 -0.0796  0.4159 -0.4719
 
      Total electronic charge=   10.000000
 
      Total            charge=   -0.000000
--
 
 
  Input file to MOLDEN was generated!
 
 
++    Static properties:
      ------------------
 
 
      LoProp Charges per center
 

                   H1       H2       H3       H4       H5       H6       H7       H8       H9       H10   
      Nuclear      1.0000   1.0000   1.0000   1.0000   1.0000   1.0000   1.0000   1.0000   1.0000   1.0000
      Electronic  -1.1298  -0.9532  -0.9818  -0.9568  -0.9783  -0.9783  -0.9568  -0.9818  -0.9532  -1.1298
 
      Total       -0.1298   0.0468   0.0182   0.0432   0.0217   0.0217   0.0432   0.0182   0.0468  -0.1298
--
 
 
++    Natural Bond Order analysis
      ---------------------------
      Based on LoProp computed density
      -------------------------------------------------------------------------------------
      Atom A       Atom B       Bond Order | Atom A       Atom B       Bond Order
        H1           H2             0.951  |   H3           H4             0.933
        H9           H10            0.951  |   H7           H8             0.933
        H5           H6             0.916  |
      -------------------------------------------------------------------------------------
      NBO located      9.368 electrons involved in    5 bonds.
      The remaining    0.632 electrons are to be considered as diffuse
--
 
 
++    Molecular properties:
      ---------------------
 
      Charge (e):
                      =   -0.0000
      Dipole Moment (Debye):
      Origin of the operator (Ang)=    0.0000    0.0000    0.0000
                   X= -4.5105E-14               Y= -5.3572E-14               Z=  1.1054E-05           Total=  1.1054E-05
      Quadrupole Moment (Debye*Ang):
      Origin of the operator (Ang)=    0.0000    0.0000    3.1364
                  XX= -9.3198E+00              XY=  2.9124E-29              XZ=  1.2101E-13              YY= -9.3198E+00
                  YZ=  1.7593E-13              ZZ= -2.2197E+01
      In traceless form (Debye*Ang)
                  XX=  6.4388E+00              XY=  4.3686E-29              XZ=  1.8151E-13              YY=  6.4388E+00
                  YZ=  2.6390E-13              ZZ= -1.2878E+01
--
 
 
  Input file to MOLDEN was generated!
 
 ###############################################################################
 ###############################################################################
 ###                                                                         ###
 ###                                                                         ###
 ###    RunFile label nBas                                                   ###
 ###    was used       78 times                                              ###
 ###                                                                         ###
 ###                                                                         ###
 ###############################################################################
 ###############################################################################
forrtl: warning (528): IEEE_UNDERFLOW is signaling
--- Stop Module: scf at Sun Oct 26 13:15:35 2025 /rc=_RC_ALL_IS_WELL_ ---
*** files: H10_0.70.LprOrb H10_0.70.LoProp.molden H10_0.70.scf.molden H10_0.70.ScfOrb H10_0.70.scf.h5 xmldump
    saved to directory ${LOCALHOME}/DDCASPT2/hydrogen_comps/rerun/H10_chain/H10_0.70

>>> COPY /tmp/H10_0.70/H10_0.70.scf.h5 ${LOCALHOME}/DDCASPT2/hydrogen_comps/rerun/H10_chain/H10_0.70/

*** symbolic link created: INPORB -> H10_0.70.ScfOrb
--- Start Module: rasscf at Sun Oct 26 13:15:35 2025 ---
 
()()()()()()()()()()()()()()()()()()()()()()()()()()()()()()()()()()()()()()()()()()()()()()()()()()

                                              &RASSCF

                                   only a single process is used
                       available to each process: 2.0 GB of memory, 1 thread?
()()()()()()()()()()()()()()()()()()()()()()()()()()()()()()()()()()()()()()()()()()()()()()()()()()
 
 
      Header of the ONEINT file:
      --------------------------
      
      Integrals generated by seward 4.2.0  , Sun Oct 26 13:15:34 2025
 
 
      OrdInt status: non-squared
 
 
      Cartesian coordinates in Angstrom:
      -----------------------------------------------------
      No.  Label        X            Y            Z        
      -----------------------------------------------------
       1   H1         0.00000000   0.00000000   0.00000000
       2   H2         0.00000000   0.00000000   0.69697000
       3   H3         0.00000000   0.00000000   1.39393900
       4   H4         0.00000000   0.00000000   2.09090900
       5   H5         0.00000000   0.00000000   2.78787900
       6   H6         0.00000000   0.00000000   3.48484800
       7   H7         0.00000000   0.00000000   4.18181800
       8   H8         0.00000000   0.00000000   4.87878800
       9   H9         0.00000000   0.00000000   5.57575800
      10   H10        0.00000000   0.00000000   6.27272700
      -----------------------------------------------------
      Nuclear repulsion energy =   14.64577390
 
++    Wave function specifications:
      -----------------------------
 
      Number of closed shell electrons           0
      Number of electrons in active shells      10
      Max number of holes in RAS1 space          0
      Max nr of electrons in RAS3 space          0
      Number of inactive orbitals                0
      Number of active orbitals                 10
      Number of secondary orbitals              40
      Spin quantum number                      0.0
      State symmetry                             1
--
 
++    Orbital specifications:
      -----------------------
 
      Symmetry species                           1
                                                 a
      Frozen orbitals                            0
      Inactive orbitals                          0
      Active orbitals                           10
      RAS1 orbitals                              0
      RAS2 orbitals                             10
      RAS3 orbitals                              0
      Secondary orbitals                        40
      Deleted orbitals                           0
      Number of basis functions                 50
--
 
++    CI expansion specifications:
      ----------------------------
 
      Number of CSFs                         19404
      Number of determinants                 31878
      Number of root(s) required                 1
      Root chosen for geometry opt.              1
      CI root used                               1
         
      highest root included in the CI            1
      max. size of the explicit Hamiltonian    200
--
 
++    Optimization specifications:
      ----------------------------
 
      RASSCF algorithm: Conventional
      Maximum number of macro iterations       200
      Maximum number of SX iterations          100
      Threshold for RASSCF energy            0.100E-07
      Threshold for max MO rotation          0.100E+00
      Threshold for max BLB element          0.100E-03
      Level shift parameter                  0.500E+00
      Make Quasi-Newton update
--
 
      The MO-coefficients are taken from the file:
      ${LOCALHOME}/DDCASPT2/hydrogen_comps/rerun/H10_chain/H10_0.60/H10_0.60.RasOrb                                               
      Title: RASSCF average (pseudo-natural) orbitals                                      
 
      Total molecular charge    0.00
 
      ************************************************************************************************************************
      *                                                                                                                      *
      *                                            Wave function control section                                             *
      *                                                                                                                      *
      ************************************************************************************************************************
 
 
                                         RASSCF iterations: Energy and convergence statistics
                                         ----------------------------------------------------
 
      Iter CI   SX   CI       RASSCF       Energy    max ROT     max BLB   max BLB  Level Ln srch  Step   QN   Walltime
          iter iter root      energy       change     param      element    value   shift minimum  type update hh:mm:ss
 Nr of preliminary CI iterations:   4
        1   1   26    1    -5.12023901    0.00E+00  -0.45E-01    2  46 1  0.33E+00*  0.10   0.00    SX    NO    0:00:01
        2   3   11    1    -5.15003837   -0.30E-01*  0.43E-01    1  11 1 -0.27E-01*  0.09   0.00    SX    NO    0:00:00
        3   3   11    1    -5.15201834   -0.20E-02*  0.35E-01    5  23 1 -0.94E-02*  0.09   0.00    SX    NO    0:00:00
        4   3   11    1    -5.15246731   -0.45E-03*  0.25E-01    5  23 1 -0.54E-02*  0.09   0.00    SX    NO    0:00:00
        5   4   10    1    -5.15263717   -0.17E-03*  0.33E-01    5  23 1 -0.32E-02*  0.09   2.50    LS   YES    0:00:00
        6   4   10    1    -5.15274662   -0.11E-03*  0.14E-01    1  11 1  0.13E-02*  0.09   1.36    QN   YES    0:00:00
        7   4    9    1    -5.15276259   -0.16E-04*  0.30E-02    1  11 1  0.65E-03*  0.09   1.26    QN   YES    0:00:00
        8   3    8    1    -5.15276419   -0.16E-05*  0.93E-03    5  23 1  0.11E-03*  0.09   1.23    QN   YES    0:00:00
        9   3    7    1    -5.15276438   -0.19E-06* -0.70E-03    1  11 1 -0.45E-04   0.09   1.38    QN   YES    0:00:00
       10   3    6    1    -5.15276443   -0.46E-07* -0.33E-03    1  11 1 -0.41E-04   0.09   1.36    QN   YES    0:00:00
       11   3    6    1    -5.15276444   -0.89E-08   0.75E-04    5  23 1 -0.11E-04   0.09   1.26    QN   YES    0:00:00
      Convergence after 11 iterations
 
  Dmat in MO in SXCTL bf call to SXHAM                                                                                    
  mat. size =    10x   10
 
        1.9937674661502518
        0.0000000016536264      1.9911909351534520
       -0.0015753590873844     -0.0000000063413784      1.9839382492386821
        0.0000000028766396      0.0011981827695982      0.0000000118319740      1.9724717731342658
       -0.0023441016689472     -0.0000000254098116     -0.0048778467665232      0.0000000230176947      1.9407245509252526
       -0.0070719842468087      0.0000000077369034     -0.0124851498145727     -0.0000001587219803     -0.0424869143658124
        0.0084721642679896
       -0.0000000711679999      0.0158737935786462      0.0000000026080408     -0.0036648778430049     -0.0000003651362095
        0.0000000123597568      0.0126278170392778
        0.0139909643515999      0.0000002976426553      0.0214883762718924      0.0000002157743985      0.0842994425644407
        0.0025820629432877     -0.0000000104850174      0.0299965462169525
        0.0000002822603557      0.0056932489552147      0.0000003914053041      0.0100169407710437     -0.0000003957475032
       -0.0000000032567499     -0.0036984906818993      0.0000000401451185      0.0620802617913269
        0.0000000000000535      0.0000000000000034     -0.0000000000000948     -0.0000000000000028      0.0000000000000395
       -0.0000000000000002      0.0000000000000001      0.0000000000000106     -0.0000000000000000      0.0047302360825461
       12   1    6    1    -5.15276444   -0.70E-09   0.75E-04    5  11 1  0.22E-05   0.09   1.26    QN   YES    0:00:00
 
      ************************************************************************************************************************
                                                      Wave function printout:
                       occupation of active orbitals, and spin coupling of open shells (u,d: Spin up or down)
      ************************************************************************************************************************
 
      Note: transformation to natural orbitals
      has been made, which may change the order of the CSFs.
 
      printout of CI-coefficients larger than  0.05 for root  1
      energy=      -5.152764
      conf/sym  1111111111     Coeff  Weight
             1  2222200000  -0.97189 0.94457
            36  2222000020   0.12491 0.01560
            50  222ud00ud0   0.06317 0.00399
           111  2220200020   0.05207 0.00271
           257  222uu00dd0   0.07525 0.00566
 
      Natural orbitals and occupation numbers for root  1
      sym 1:   1.994109   1.991411   1.984441   1.972455   1.944963   0.006345   0.012215   0.027041   0.062290   0.004730

 
      ************************************************************************************************************************
      *                                                                                                                      *
      *                                                    Final results                                                     *
      *                                                                                                                      *
      ************************************************************************************************************************
 
 
++    Wave function specifications:
      -----------------------------
 
      Number of closed shell electrons           0
      Number of electrons in active shells      10
      Max number of holes in RAS1 space          0
      Max nr of electrons in RAS3 space          0
      Number of inactive orbitals                0
      Number of active orbitals                 10
      Number of secondary orbitals              40
      Spin quantum number                      0.0
      State symmetry                             1
--
 
++    Orbital specifications:
      -----------------------
 
      Symmetry species                           1
                                                 a
      Frozen orbitals                            0
      Inactive orbitals                          0
      Active orbitals                           10
      RAS1 orbitals                              0
      RAS2 orbitals                             10
      RAS3 orbitals                              0
      Secondary orbitals                        40
      Deleted orbitals                           0
      Number of basis functions                 50
--
 
++    CI expansion specifications:
      ----------------------------
 
      Number of CSFs                         19404
      Number of determinants                 31878
      Number of root(s) required                 1
      CI root used                               1
      highest root included in the CI            1
      Root passed to geometry opt.               1
--
 
++    Final optimization conditions:
      ------------------------------
 
      Average CI energy                              -5.15276444
      RASSCF energy for state  1                     -5.15276444
      Super-CI energy                                -0.00000000
      RASSCF energy change                            0.00000000
      Max change in MO coefficients               0.106E-02
      Max non-diagonal density matrix element     0.752E-04
      Maximum BLB matrix element                  0.215E-05
      (orbital pair   5,  11 in symmetry   1)
      Norm of electronic gradient            0.519E-05
--
 
 
      Final state energy(ies):
      ------------------------
 
::    RASSCF root number  1 Total energy:     -5.15276444
 
++    Molecular orbitals:
      -------------------
 
      Pseudonatural active orbitals and approximate occupation numbers
 
 
 
 
      Molecular orbitals for symmetry species 1: a  
 
 
      Orbital                1         2         3         4         5         6         7         8         9        10
      Energy            0.0000    0.0000    0.0000    0.0000    0.0000    0.0000    0.0000    0.0000    0.0000    0.0000
      Occ. No.          1.9941    1.9914    1.9844    1.9725    1.9450    0.0063    0.0122    0.0270    0.0623    0.0047
 
    1 H1     1s         0.1603    0.3138    0.4150   -0.3794    0.4701    0.6504   -0.4638   -0.4511   -0.3380    0.0000
    2 H1     2s         0.0524    0.0929    0.0766   -0.0181    0.1055    0.1765    0.1156    0.0842    0.1257    0.0000
    3 H1     2px       -0.0000   -0.0000   -0.0000    0.0000    0.0000   -0.0000   -0.0000    0.0000   -0.0000    0.0035
    4 H1     2py        0.0000    0.0000   -0.0000    0.0000    0.0000    0.0000    0.0000   -0.0000   -0.0000    0.0004
    5 H1     2pz        0.0134    0.0369    0.0355   -0.0171   -0.0019   -0.1390    0.1394    0.0946    0.0513    0.0000
    6 H2     1s         0.0658    0.0874    0.0965   -0.1957    0.1222   -1.2496    0.3856    0.1194   -0.1641   -0.0000
    7 H2     2s        -0.0882   -0.1809   -0.2077    0.0734    0.0528   -0.1697   -0.4503   -0.3881   -0.2870   -0.0000
    8 H2     2px       -0.0000   -0.0000    0.0000    0.0000   -0.0000    0.0000    0.0000   -0.0000    0.0000   -0.0083
    9 H2     2py       -0.0000   -0.0000   -0.0000   -0.0000    0.0000   -0.0000   -0.0000    0.0000    0.0000   -0.0008
   10 H2     2pz       -0.0043    0.0340    0.0092    0.0300   -0.0501    0.1108   -0.0157    0.0522    0.0946    0.0000
   11 H3     1s         0.2349    0.3389    0.1335    0.1066   -0.5151    1.7447    0.2472    0.7654    0.8828    0.0000
   12 H3     2s        -0.0146   -0.0233   -0.0058   -0.0383   -0.0737    0.3341    0.6432    0.4814    0.2312    0.0000
   13 H3     2px       -0.0000   -0.0000    0.0000   -0.0000   -0.0000    0.0000    0.0000    0.0000   -0.0000   -0.0093
   14 H3     2py       -0.0000   -0.0000   -0.0000   -0.0000    0.0000    0.0000    0.0000   -0.0000   -0.0000   -0.0009
   15 H3     2pz       -0.0127    0.0304   -0.0139    0.0436   -0.0190    0.0266   -0.1248   -0.1194   -0.0263    0.0000
   16 H4     1s         0.1898    0.1580   -0.1433    0.3947   -0.3857   -1.9444   -1.2187   -1.1261   -0.6752   -0.0000
   17 H4     2s        -0.0677   -0.0909    0.0109   -0.0135   -0.1212   -0.7589   -0.7765   -0.3051   -0.2010   -0.0000
   18 H4     2px       -0.0000   -0.0000    0.0000   -0.0000    0.0000    0.0000   -0.0000    0.0000    0.0000   -0.1241
   19 H4     2py       -0.0000   -0.0000   -0.0000   -0.0000    0.0000    0.0000   -0.0000    0.0000    0.0000   -0.0125
   20 H4     2pz       -0.0122    0.0304   -0.0152    0.0058    0.0479   -0.1560    0.1816    0.0566   -0.0641    0.0000
   21 H5     1s         0.2515    0.0663   -0.2302    0.0691    0.5125    0.9330    2.1716    0.5125   -0.0793    0.0000
   22 H5     2s        -0.0332   -0.0231    0.1063   -0.1012    0.1066    0.4632    1.0875    0.0994    0.2724    0.0000
   23 H5     2px        0.0000   -0.0000   -0.0000   -0.0000   -0.0000   -0.0000    0.0000   -0.0000    0.0000    0.6110
   24 H5     2py       -0.0000    0.0000   -0.0000    0.0000    0.0000    0.0000    0.0000   -0.0000   -0.0000    0.0617
   25 H5     2pz       -0.0038    0.0315   -0.0083   -0.0361    0.0366    0.1650   -0.0475    0.1167    0.0828   -0.0000
   26 H6     1s         0.2515   -0.0663   -0.2302   -0.0691    0.5125    0.9330   -2.1716    0.5125    0.0793    0.0000
   27 H6     2s        -0.0332    0.0231    0.1063    0.1012    0.1066    0.4632   -1.0875    0.0994   -0.2724    0.0000
   28 H6     2px        0.0000    0.0000   -0.0000    0.0000   -0.0000   -0.0000   -0.0000   -0.0000   -0.0000    0.6110
   29 H6     2py       -0.0000    0.0000   -0.0000   -0.0000    0.0000   -0.0000   -0.0000   -0.0000    0.0000    0.0617
   30 H6     2pz        0.0038    0.0315    0.0083   -0.0361   -0.0366   -0.1650   -0.0475   -0.1167    0.0828    0.0000
   31 H7     1s         0.1898   -0.1580   -0.1433   -0.3947   -0.3857   -1.9444    1.2187   -1.1261    0.6752   -0.0000
   32 H7     2s        -0.0677    0.0909    0.0109    0.0135   -0.1212   -0.7590    0.7765   -0.3051    0.2010   -0.0000
   33 H7     2px       -0.0000    0.0000    0.0000    0.0000    0.0000    0.0000    0.0000   -0.0000   -0.0000   -0.1241
   34 H7     2py       -0.0000    0.0000    0.0000    0.0000    0.0000   -0.0000    0.0000    0.0000    0.0000   -0.0125
   35 H7     2pz        0.0122    0.0304    0.0152    0.0058   -0.0479    0.1560    0.1816   -0.0566   -0.0641   -0.0000
   36 H8     1s         0.2349   -0.3389    0.1335   -0.1066   -0.5151    1.7447   -0.2472    0.7654   -0.8828    0.0000
   37 H8     2s        -0.0146    0.0233   -0.0058    0.0383   -0.0737    0.3341   -0.6432    0.4814   -0.2312   -0.0000
   38 H8     2px       -0.0000    0.0000    0.0000    0.0000   -0.0000   -0.0000   -0.0000    0.0000    0.0000   -0.0093
   39 H8     2py       -0.0000    0.0000    0.0000    0.0000   -0.0000    0.0000   -0.0000   -0.0000    0.0000   -0.0009
   40 H8     2pz        0.0127    0.0304    0.0139    0.0436    0.0190   -0.0266   -0.1248    0.1194   -0.0263   -0.0000
   41 H9     1s         0.0658   -0.0874    0.0965    0.1957    0.1222   -1.2496   -0.3856    0.1194    0.1641   -0.0000
   42 H9     2s        -0.0882    0.1809   -0.2077   -0.0734    0.0528   -0.1697    0.4503   -0.3881    0.2870   -0.0000
   43 H9     2px       -0.0000    0.0000   -0.0000    0.0000   -0.0000   -0.0000    0.0000    0.0000   -0.0000   -0.0083
   44 H9     2py        0.0000    0.0000    0.0000    0.0000    0.0000   -0.0000    0.0000    0.0000   -0.0000   -0.0008
   45 H9     2pz        0.0043    0.0340   -0.0092    0.0300    0.0501   -0.1108   -0.0157   -0.0522    0.0946   -0.0000
   46 H10    1s         0.1603   -0.3138    0.4150    0.3794    0.4701    0.6504    0.4638   -0.4511    0.3380    0.0000
   47 H10    2s         0.0524   -0.0929    0.0766    0.0181    0.1055    0.1765   -0.1156    0.0842   -0.1257    0.0000
   48 H10    2px       -0.0000    0.0000   -0.0000    0.0000   -0.0000   -0.0000    0.0000    0.0000    0.0000    0.0035
   49 H10    2py       -0.0000    0.0000   -0.0000    0.0000   -0.0000   -0.0000   -0.0000   -0.0000   -0.0000    0.0004
   50 H10    2pz       -0.0134    0.0369   -0.0355   -0.0171    0.0019    0.1390    0.1394   -0.0946    0.0513   -0.0000
 
 
      Orbital               11        12        13        14        15        16        17        18        19        20
      Energy            0.1580    0.2465    0.4291    0.4708    0.5355    0.5850    0.5850    0.6424    0.7599    0.8587
      Occ. No.          0.0000    0.0000    0.0000    0.0000    0.0000    0.0000    0.0000    0.0000    0.0000    0.0000
 
    1 H1     1s        -0.4434   -0.1032   -0.5049    0.0000    2.9735    0.0000   -0.0000   -0.0000    0.0000   -3.7494
    2 H1     2s        -0.1721   -0.3845   -0.8009    0.0000    2.4724    0.0000   -0.0000   -0.0000    0.0000   -2.9798
    3 H1     2px       -0.0000   -0.0000   -0.0000   -0.0088   -0.0000    0.0195   -0.1930    0.2548   -0.0318   -0.0000
    4 H1     2py       -0.0000   -0.0000    0.0000    0.0869   -0.0000   -0.1930   -0.0195    0.0257    0.3147   -0.0000
    5 H1     2pz       -0.0127   -0.1137   -0.2879    0.0000    0.4115   -0.0000   -0.0000   -0.0000    0.0000   -0.5047
    6 H2     1s         0.3999    0.2033   -0.1450   -0.0000   -4.3634   -0.0000    0.0000    0.0000   -0.0000    5.7409
    7 H2     2s         0.4257   -0.0354   -0.1796   -0.0000   -3.3879   -0.0000    0.0000    0.0000   -0.0000    4.7204
    8 H2     2px       -0.0000   -0.0000   -0.0000   -0.0130    0.0000    0.0241   -0.2391    0.2857   -0.0281   -0.0000
    9 H2     2py       -0.0000   -0.0000    0.0000    0.1292   -0.0000   -0.2391   -0.0241    0.0289    0.2780   -0.0000
   10 H2     2pz       -0.0415   -0.1419   -0.3354    0.0000    0.3774   -0.0000   -0.0000   -0.0000    0.0000   -0.2772
   11 H3     1s        -0.3810   -0.6422    0.0948    0.0000    3.9669    0.0000   -0.0000   -0.0000    0.0000   -2.4635
   12 H3     2s        -0.0907   -0.6647   -0.0982    0.0000    2.7090    0.0000   -0.0000   -0.0000    0.0000   -1.7068
   13 H3     2px       -0.0000   -0.0000   -0.0000   -0.0185    0.0000    0.0263   -0.2603    0.2596   -0.0138   -0.0000
   14 H3     2py        0.0000   -0.0000    0.0000    0.1837   -0.0000   -0.2603   -0.0263    0.0262    0.1370   -0.0000
   15 H3     2pz       -0.0500   -0.1450   -0.2948    0.0000    0.1027   -0.0000   -0.0000    0.0000   -0.0000    0.1937
   16 H4     1s         0.2482    0.7491   -0.0177   -0.0000   -5.2024    0.0000    0.0000    0.0000   -0.0000    1.7685
   17 H4     2s         0.3748    0.3936    0.1241   -0.0000   -3.9534    0.0000    0.0000    0.0000   -0.0000    1.3215
   18 H4     2px       -0.0000    0.0000   -0.0000   -0.0222    0.0000    0.0196   -0.1937    0.1035    0.0109    0.0000
   19 H4     2py       -0.0000   -0.0000    0.0000    0.2198   -0.0000   -0.1937   -0.0196    0.0104   -0.1084    0.0000
   20 H4     2pz       -0.0336   -0.2096   -0.2805    0.0000   -0.0170   -0.0000    0.0000    0.0000   -0.0000    0.1967
   21 H5     1s        -0.1188   -0.9867    0.5902    0.0000    4.6399   -0.0000   -0.0000   -0.0000    0.0000   -1.4998
   22 H5     2s         0.1393   -0.7328    0.5761    0.0000    3.2020   -0.0000   -0.0000   -0.0000    0.0000   -1.4697
   23 H5     2px       -0.0000    0.0000   -0.0000   -0.0243   -0.0000    0.0073   -0.0720   -0.1050    0.0287    0.0000
   24 H5     2py       -0.0000   -0.0000    0.0000    0.2403   -0.0000   -0.0720   -0.0073   -0.0106   -0.2839    0.0000
   25 H5     2pz       -0.0142   -0.2220   -0.0672   -0.0000   -0.2029   -0.0000    0.0000    0.0000   -0.0000    0.2047
   26 H6     1s        -0.1188    0.9867    0.5902   -0.0000   -4.6399    0.0000    0.0000   -0.0000    0.0000   -1.4998
   27 H6     2s         0.1393    0.7328    0.5761   -0.0000   -3.2020    0.0000    0.0000   -0.0000    0.0000   -1.4696
   28 H6     2px       -0.0000    0.0000   -0.0000   -0.0243    0.0000   -0.0073    0.0720   -0.1050    0.0287    0.0000
   29 H6     2py       -0.0000   -0.0000    0.0000    0.2403   -0.0000    0.0720    0.0073   -0.0106   -0.2839    0.0000
   30 H6     2pz        0.0142   -0.2220    0.0672   -0.0000   -0.2029    0.0000    0.0000   -0.0000    0.0000   -0.2047
   31 H7     1s         0.2482   -0.7491   -0.0177    0.0000    5.2024   -0.0000   -0.0000    0.0000   -0.0000    1.7685
   32 H7     2s         0.3748   -0.3936    0.1241    0.0000    3.9534   -0.0000   -0.0000    0.0000   -0.0000    1.3215
   33 H7     2px       -0.0000    0.0000   -0.0000   -0.0222    0.0000   -0.0196    0.1937    0.1035    0.0109    0.0000
   34 H7     2py       -0.0000   -0.0000   -0.0000    0.2198   -0.0000    0.1937    0.0196    0.0104   -0.1084    0.0000
   35 H7     2pz        0.0336   -0.2096    0.2805   -0.0000   -0.0170    0.0000    0.0000   -0.0000    0.0000   -0.1967
   36 H8     1s        -0.3810    0.6422    0.0948   -0.0000   -3.9669    0.0000    0.0000   -0.0000    0.0000   -2.4635
   37 H8     2s        -0.0907    0.6647   -0.0982   -0.0000   -2.7090    0.0000    0.0000   -0.0000    0.0000   -1.7068
   38 H8     2px       -0.0000    0.0000   -0.0000   -0.0185    0.0000   -0.0263    0.2603    0.2596   -0.0138    0.0000
   39 H8     2py       -0.0000   -0.0000    0.0000    0.1837   -0.0000    0.2603    0.0263    0.0262    0.1370    0.0000
   40 H8     2pz        0.0500   -0.1450    0.2948   -0.0000    0.1027    0.0000   -0.0000   -0.0000    0.0000   -0.1937
   41 H9     1s         0.3999   -0.2033   -0.1450    0.0000    4.3634   -0.0000   -0.0000    0.0000   -0.0000    5.7409
   42 H9     2s         0.4257    0.0354   -0.1796    0.0000    3.3879   -0.0000   -0.0000    0.0000   -0.0000    4.7204
   43 H9     2px       -0.0000   -0.0000   -0.0000   -0.0130    0.0000   -0.0241    0.2391    0.2857   -0.0281   -0.0000
   44 H9     2py        0.0000   -0.0000   -0.0000    0.1292    0.0000    0.2391    0.0241    0.0289    0.2780   -0.0000
   45 H9     2pz        0.0415   -0.1419    0.3354    0.0000    0.3774    0.0000   -0.0000    0.0000    0.0000    0.2772
   46 H10    1s        -0.4434    0.1032   -0.5049   -0.0000   -2.9735    0.0000    0.0000   -0.0000    0.0000   -3.7494
   47 H10    2s        -0.1721    0.3845   -0.8009   -0.0000   -2.4724    0.0000    0.0000   -0.0000    0.0000   -2.9798
   48 H10    2px       -0.0000   -0.0000   -0.0000   -0.0088    0.0000   -0.0195    0.1930    0.2548   -0.0318   -0.0000
   49 H10    2py        0.0000    0.0000   -0.0000    0.0869   -0.0000    0.1930    0.0195    0.0257    0.3147   -0.0000
   50 H10    2pz        0.0127   -0.1137    0.2879    0.0000    0.4115   -0.0000   -0.0000    0.0000   -0.0000    0.5047
 
 
      Orbital               21        22        23        24        25        26        27        28        29        30
      Energy            0.9986    0.9986    1.0729    1.1939    1.3061    1.4560    1.6957    1.6957    1.7228    2.0795
      Occ. No.          0.0000    0.0000    0.0000    0.0000    0.0000    0.0000    0.0000    0.0000    0.0000    0.0000
 
    1 H1     1s         0.0000    0.0000   -4.0352   -0.0000    0.0000    3.9239    0.0000   -0.0000   -1.4600    3.5211
    2 H1     2s         0.0000    0.0000   -2.8461   -0.0000    0.0000    2.7348    0.0000   -0.0000   -0.9115    2.4387
    3 H1     2px        0.0440   -0.4357   -0.0000    0.5395   -0.0543    0.0000   -0.6127    0.0619   -0.0000    0.0000
    4 H1     2py       -0.4357   -0.0440   -0.0000    0.0545    0.5381    0.0000   -0.0619   -0.6127   -0.0000   -0.0000
    5 H1     2pz        0.0000   -0.0000   -0.1722   -0.0000    0.0000    0.1164   -0.0000   -0.0000    0.5292    0.6465
    6 H2     1s        -0.0000   -0.0000    9.7522    0.0000   -0.0000  -11.1039   -0.0000    0.0000    9.3407   -8.5031
    7 H2     2s        -0.0000   -0.0000    7.5960    0.0000   -0.0000   -8.5890   -0.0000    0.0000    6.7123   -6.6485
    8 H2     2px        0.0191   -0.1890   -0.0000    0.0493    0.0050   -0.0000    0.4126   -0.0417    0.0000   -0.0000
    9 H2     2py       -0.1890   -0.0191   -0.0000    0.0050   -0.0497    0.0000    0.0417    0.4126    0.0000   -0.0000
   10 H2     2pz        0.0000   -0.0000    0.1741   -0.0000    0.0000   -0.3519   -0.0000    0.0000    0.4550   -0.2140
   11 H3     1s         0.0000    0.0000   -8.6718   -0.0000    0.0000   10.8010    0.0000    0.0000  -19.0172    6.3061
   12 H3     2s         0.0000    0.0000   -6.3903   -0.0000    0.0000    8.4184    0.0000    0.0000  -13.9977    5.5247
   13 H3     2px       -0.0172    0.1701    0.0000   -0.4114    0.0474   -0.0000    0.4793   -0.0484    0.0000   -0.0000
   14 H3     2py        0.1701    0.0172   -0.0000   -0.0415   -0.4690   -0.0000    0.0484    0.4793    0.0000    0.0000
   15 H3     2pz       -0.0000   -0.0000    0.4841    0.0000   -0.0000   -0.3908   -0.0000    0.0000    0.1122    0.0877
   16 H4     1s        -0.0000   -0.0000    5.9731    0.0000   -0.0000   -1.7261   -0.0000   -0.0000   19.4306    6.0117
   17 H4     2s        -0.0000   -0.0000    3.8256    0.0000   -0.0000   -0.9555   -0.0000   -0.0000   14.1033    3.8876
   18 H4     2px       -0.0386    0.3825    0.0000   -0.3336    0.0208    0.0000   -0.4174    0.0422   -0.0000    0.0000
   19 H4     2py        0.3825    0.0386    0.0000   -0.0337   -0.2062    0.0000   -0.0422   -0.4175    0.0000   -0.0000
   20 H4     2pz       -0.0000    0.0000    0.0659    0.0000   -0.0000    0.4405    0.0000   -0.0000   -0.2680    0.5015
   21 H5     1s         0.0000    0.0000   -9.0114    0.0000    0.0000   -1.6909    0.0000    0.0000  -13.8902  -18.7889
   22 H5     2s         0.0000    0.0000   -6.7110    0.0000    0.0000   -1.6497    0.0000    0.0000   -9.3343  -13.6803
   23 H5     2px       -0.0195    0.1928    0.0000    0.2223   -0.0387    0.0000   -0.4570    0.0462   -0.0000   -0.0000
   24 H5     2py        0.1928    0.0195    0.0000    0.0225    0.3836    0.0000   -0.0462   -0.4570   -0.0000   -0.0000
   25 H5     2pz        0.0000    0.0000   -0.2877   -0.0000    0.0000    0.2320   -0.0000   -0.0000    0.3869   -0.1847
   26 H6     1s         0.0000   -0.0000    9.0114   -0.0000   -0.0000   -1.6910   -0.0000   -0.0000   13.8902   18.7889
   27 H6     2s        -0.0000   -0.0000    6.7110   -0.0000   -0.0000   -1.6497   -0.0000   -0.0000    9.3342   13.6803
   28 H6     2px        0.0195   -0.1928   -0.0000    0.2223   -0.0387    0.0000    0.4570   -0.0462    0.0000   -0.0000
   29 H6     2py       -0.1928   -0.0195    0.0000    0.0225    0.3836    0.0000    0.0462    0.4570    0.0000    0.0000
   30 H6     2pz        0.0000    0.0000   -0.2877   -0.0000    0.0000   -0.2320   -0.0000    0.0000    0.3869   -0.1847
   31 H7     1s         0.0000    0.0000   -5.9731    0.0000    0.0000   -1.7260    0.0000   -0.0000  -19.4305   -6.0117
   32 H7     2s         0.0000    0.0000   -3.8256    0.0000    0.0000   -0.9554    0.0000   -0.0000  -14.1033   -3.8876
   33 H7     2px        0.0386   -0.3825   -0.0000   -0.3336    0.0208    0.0000    0.4174   -0.0422    0.0000    0.0000
   34 H7     2py       -0.3825   -0.0386   -0.0000   -0.0337   -0.2062    0.0000    0.0422    0.4175    0.0000    0.0000
   35 H7     2pz        0.0000   -0.0000    0.0659   -0.0000    0.0000   -0.4405    0.0000    0.0000   -0.2680    0.5015
   36 H8     1s        -0.0000   -0.0000    8.6718   -0.0000   -0.0000   10.8010   -0.0000    0.0000   19.0172   -6.3061
   37 H8     2s        -0.0000   -0.0000    6.3903   -0.0000   -0.0000    8.4184   -0.0000    0.0000   13.9976   -5.5247
   38 H8     2px        0.0172   -0.1701   -0.0000   -0.4114    0.0474   -0.0000   -0.4793    0.0484   -0.0000   -0.0000
   39 H8     2py       -0.1701   -0.0172   -0.0000   -0.0415   -0.4690   -0.0000   -0.0484   -0.4793   -0.0000   -0.0000
   40 H8     2pz       -0.0000   -0.0000    0.4841   -0.0000   -0.0000    0.3908   -0.0000   -0.0000    0.1122    0.0877
   41 H9     1s         0.0000    0.0000   -9.7522    0.0000    0.0000  -11.1039    0.0000   -0.0000   -9.3407    8.5031
   42 H9     2s         0.0000    0.0000   -7.5960    0.0000    0.0000   -8.5889    0.0000    0.0000   -6.7123    6.6485
   43 H9     2px       -0.0191    0.1890    0.0000    0.0493    0.0050   -0.0000   -0.4126    0.0417   -0.0000   -0.0000
   44 H9     2py        0.1890    0.0191    0.0000    0.0050   -0.0497   -0.0000   -0.0417   -0.4126   -0.0000   -0.0000
   45 H9     2pz       -0.0000   -0.0000    0.1741    0.0000    0.0000    0.3519   -0.0000    0.0000    0.4550   -0.2140
   46 H10    1s        -0.0000   -0.0000    4.0352   -0.0000   -0.0000    3.9239   -0.0000   -0.0000    1.4601   -3.5211
   47 H10    2s        -0.0000   -0.0000    2.8461   -0.0000   -0.0000    2.7348   -0.0000   -0.0000    0.9115   -2.4387
   48 H10    2px       -0.0440    0.4357    0.0000    0.5395   -0.0543    0.0000    0.6127   -0.0619    0.0000    0.0000
   49 H10    2py        0.4357    0.0440    0.0000    0.0545    0.5381    0.0000    0.0619    0.6127    0.0000    0.0000
   50 H10    2pz       -0.0000    0.0000   -0.1722    0.0000    0.0000   -0.1164   -0.0000    0.0000    0.5292    0.6465
 
 
      Orbital               31        32        33        34        35        36        37        38        39        40
      Energy            2.1130    2.1734    2.3844    2.6582    2.7699    2.7700    2.9900    3.4763    3.4931    3.5856
      Occ. No.          0.0000    0.0000    0.0000    0.0000    0.0000    0.0000    0.0000    0.0000    0.0000    0.0000
 
    1 H1     1s        -0.0000    0.0000    0.7101   -5.1158    0.0000   -0.0000    4.4852    0.0000    0.0000    3.1894
    2 H1     2s        -0.0000    0.0000    0.7004   -3.1214    0.0000   -0.0000    2.3197    0.0000    0.0000    2.2544
    3 H1     2px        0.6692   -0.0652    0.0000    0.0000    0.0628   -0.6216   -0.0000    0.5308   -0.0527   -0.0000
    4 H1     2py        0.0676    0.6457    0.0000   -0.0000   -0.6216   -0.0628   -0.0000    0.0536    0.5220   -0.0000
    5 H1     2pz        0.0000    0.0000   -0.7198   -1.0746    0.0000   -0.0000    1.3209    0.0000    0.0000    0.0667
    6 H2     1s         0.0000   -0.0000   -7.6706   14.6383   -0.0000   -0.0000  -10.6985   -0.0000   -0.0000  -14.8528
    7 H2     2s         0.0000   -0.0000   -5.8806   10.3545   -0.0000   -0.0000   -6.7566   -0.0000   -0.0000  -10.9523
    8 H2     2px       -0.7957    0.0819   -0.0000   -0.0000   -0.1129    1.1180    0.0000   -1.1845    0.1180    0.0000
    9 H2     2py       -0.0804   -0.8110   -0.0000    0.0000    1.1180    0.1129    0.0000   -0.1196   -1.1688    0.0000
   10 H2     2pz        0.0000   -0.0000   -0.4156    0.2656   -0.0000   -0.0000    0.1110    0.0000    0.0000   -0.5131
   11 H3     1s        -0.0000    0.0000   18.4701  -22.1211    0.0000    0.0000   15.8240    0.0000    0.0000   34.3487
   12 H3     2s        -0.0000    0.0000   13.9345  -16.5309    0.0000    0.0000   10.8968    0.0000    0.0000   25.6033
   13 H3     2px       -0.1025    0.0022    0.0000    0.0000    0.0796   -0.7879    0.0000    1.4501   -0.1455   -0.0000
   14 H3     2py       -0.0104   -0.0213   -0.0000   -0.0000   -0.7878   -0.0796   -0.0000    0.1464    1.4412   -0.0000
   15 H3     2pz        0.0000    0.0000   -0.1087   -0.7181    0.0000    0.0000    0.6697    0.0000   -0.0000    0.5457
   16 H4     1s         0.0000   -0.0000  -20.7330   21.0991   -0.0000    0.0000  -20.2863   -0.0000   -0.0000  -54.3133
   17 H4     2s         0.0000   -0.0000  -15.9670   15.7014   -0.0000    0.0000  -13.8982   -0.0000   -0.0000  -40.5953
   18 H4     2px        0.8075   -0.0804    0.0000    0.0000    0.0174   -0.1722   -0.0000   -1.1460    0.1180    0.0000
   19 H4     2py        0.0816    0.7962    0.0000    0.0000   -0.1722   -0.0174   -0.0000   -0.1157   -1.1688    0.0000
   20 H4     2pz       -0.0000    0.0000    0.1889   -0.0218   -0.0000    0.0000    0.0606    0.0000    0.0000   -0.5032
   21 H5     1s         0.0000    0.0000    9.3734   -8.4908   -0.0000   -0.0000   22.2313    0.0000   -0.0000   66.7635
   22 H5     2s         0.0000    0.0000    7.1157   -6.4800    0.0000   -0.0000   15.4168    0.0000   -0.0000   49.9471
   23 H5     2px       -0.3647    0.0489   -0.0000   -0.0000   -0.0996    0.9858   -0.0000    0.3909   -0.0451   -0.0000
   24 H5     2py       -0.0368   -0.4840   -0.0000    0.0000    0.9858    0.0996    0.0000    0.0395    0.4470   -0.0000
   25 H5     2pz        0.0000    0.0000   -0.7620    0.1180   -0.0000   -0.0000    0.2293   -0.0000   -0.0000    0.1422
   26 H6     1s        -0.0000   -0.0000    9.3734   -8.4908    0.0000    0.0000  -22.2313   -0.0000    0.0000  -66.7635
   27 H6     2s        -0.0000   -0.0000    7.1157   -6.4800    0.0000    0.0000  -15.4168   -0.0000    0.0000  -49.9471
   28 H6     2px       -0.3647    0.0489   -0.0000   -0.0000    0.0996   -0.9858   -0.0000    0.3909   -0.0451   -0.0000
   29 H6     2py       -0.0368   -0.4840   -0.0000   -0.0000   -0.9858   -0.0996   -0.0000    0.0395    0.4470    0.0000
   30 H6     2pz       -0.0000   -0.0000    0.7620   -0.1180   -0.0000   -0.0000    0.2293    0.0000    0.0000    0.1422
   31 H7     1s         0.0000    0.0000  -20.7330   21.0990   -0.0000   -0.0000   20.2863    0.0000   -0.0000   54.3132
   32 H7     2s         0.0000    0.0000  -15.9670   15.7014   -0.0000   -0.0000   13.8982    0.0000   -0.0000   40.5953
   33 H7     2px        0.8075   -0.0804    0.0000    0.0000   -0.0174    0.1722   -0.0000   -1.1460    0.1180    0.0000
   34 H7     2py        0.0816    0.7962    0.0000    0.0000    0.1722    0.0174   -0.0000   -0.1157   -1.1688   -0.0000
   35 H7     2pz        0.0000    0.0000   -0.1889    0.0218   -0.0000    0.0000    0.0606   -0.0000   -0.0000   -0.5032
   36 H8     1s        -0.0000   -0.0000   18.4701  -22.1210    0.0000    0.0000  -15.8240    0.0000    0.0000  -34.3487
   37 H8     2s        -0.0000   -0.0000   13.9345  -16.5309    0.0000    0.0000  -10.8968    0.0000    0.0000  -25.6032
   38 H8     2px       -0.1025    0.0022    0.0000    0.0000   -0.0796    0.7879    0.0000    1.4501   -0.1455   -0.0000
   39 H8     2py       -0.0104   -0.0213    0.0000    0.0000    0.7878    0.0796    0.0000    0.1464    1.4412    0.0000
   40 H8     2pz       -0.0000    0.0000    0.1087    0.7181   -0.0000   -0.0000    0.6697   -0.0000    0.0000    0.5457
   41 H9     1s         0.0000    0.0000   -7.6706   14.6382   -0.0000   -0.0000   10.6985   -0.0000   -0.0000   14.8527
   42 H9     2s         0.0000    0.0000   -5.8806   10.3544   -0.0000   -0.0000    6.7566   -0.0000   -0.0000   10.9522
   43 H9     2px       -0.7957    0.0819   -0.0000   -0.0000    0.1129   -1.1180   -0.0000   -1.1845    0.1180    0.0000
   44 H9     2py       -0.0804   -0.8110   -0.0000   -0.0000   -1.1180   -0.1129   -0.0000   -0.1196   -1.1688    0.0000
   45 H9     2pz       -0.0000   -0.0000    0.4156   -0.2656    0.0000   -0.0000    0.1110   -0.0000   -0.0000   -0.5131
   46 H10    1s         0.0000   -0.0000    0.7101   -5.1158    0.0000    0.0000   -4.4852    0.0000    0.0000   -3.1894
   47 H10    2s         0.0000   -0.0000    0.7004   -3.1214    0.0000    0.0000   -2.3197    0.0000    0.0000   -2.2545
   48 H10    2px        0.6692   -0.0652    0.0000    0.0000   -0.0628    0.6216    0.0000    0.5308   -0.0527   -0.0000
   49 H10    2py        0.0676    0.6457    0.0000    0.0000    0.6216    0.0628    0.0000    0.0536    0.5220   -0.0000
   50 H10    2pz       -0.0000   -0.0000    0.7198    1.0746   -0.0000   -0.0000    1.3209   -0.0000   -0.0000    0.0667
 
 
      Orbital               41        42        43        44        45        46        47        48        49        50
      Energy            3.7606    4.2278    4.2278    4.5467    5.3324    6.1618    6.8731    7.6359    7.9448    8.8090
      Occ. No.          0.0000    0.0000    0.0000    0.0000    0.0000    0.0000    0.0000    0.0000    0.0000    0.0000
 
    1 H1     1s        -3.4450    0.0000    0.0000    3.3821   -2.9437   -2.5311   -1.7766    1.0898    0.2056    0.6483
    2 H1     2s        -1.3336    0.0000    0.0000    0.9742   -0.4099   -0.0949    0.3894   -0.4873    0.8118   -0.4973
    3 H1     2px        0.0000    0.0317   -0.3136    0.0000   -0.0000   -0.0000   -0.0000   -0.0000    0.0000    0.0000
    4 H1     2py        0.0000   -0.3136   -0.0317    0.0000    0.0000   -0.0000   -0.0000    0.0000   -0.0000    0.0000
    5 H1     2pz       -1.1129    0.0000    0.0000    1.0901   -0.9965   -0.8577   -0.6106    0.3897    0.0244    0.1612
    6 H2     1s         6.1816   -0.0000   -0.0000   -4.0807    0.4793   -1.8613   -4.6587    4.8725   -4.4854    3.3097
    7 H2     2s         3.1496   -0.0000   -0.0000   -1.5408   -0.5276   -1.3811   -2.0650    1.8707   -1.3315    0.4466
    8 H2     2px       -0.0000   -0.0799    0.7911   -0.0000    0.0000   -0.0000    0.0000   -0.0000   -0.0000    0.0000
    9 H2     2py       -0.0000    0.7911    0.0799   -0.0000   -0.0000    0.0000    0.0000    0.0000    0.0000   -0.0000
   10 H2     2pz       -0.6623    0.0000    0.0000    1.3378   -2.1879   -2.7115   -3.1414    2.6345   -1.5581    1.8272
   11 H3     1s        -6.0376   -0.0000   -0.0000    0.4819    5.7540    7.2106    5.2331   -2.1364   -2.5773    3.4611
   12 H3     2s        -3.6274   -0.0000   -0.0000    0.3060    2.7676    2.7249    1.6839   -0.6630   -0.3985    0.6718
   13 H3     2px        0.0000    0.1247   -1.2344    0.0000   -0.0000    0.0000   -0.0000    0.0000    0.0000   -0.0000
   14 H3     2py        0.0000   -1.2344   -0.1247    0.0000    0.0000   -0.0000   -0.0000   -0.0000    0.0000   -0.0000
   15 H3     2pz        0.0615   -0.0000   -0.0000   -0.5773    0.3939   -0.4551   -2.7129    3.4865   -4.0041    4.0722
   16 H4     1s         4.8804    0.0000    0.0000    3.1246   -6.9506   -1.7557    4.5637   -5.8755    1.1439    0.9047
   17 H4     2s         2.7553    0.0000    0.0000    1.5946   -3.4749   -0.6761    1.1649   -1.1599   -0.0935   -0.5503
   18 H4     2px       -0.0000   -0.1576    1.5606   -0.0000    0.0000    0.0000   -0.0000   -0.0000   -0.0000    0.0000
   19 H4     2py       -0.0000    1.5606    0.1576   -0.0000   -0.0000   -0.0000    0.0000    0.0000   -0.0000    0.0000
   20 H4     2pz       -0.9293    0.0000    0.0000    1.1817   -0.2469    1.2998    0.7160    0.7016   -4.5942    5.7655
   21 H5     1s        -1.5194   -0.0000   -0.0000   -6.2267    3.7056   -5.4064   -3.3242   -3.6589    5.7443    1.6207
   22 H5     2s        -1.0166   -0.0000   -0.0000   -3.0140    1.5788   -2.2600   -1.2309   -0.9097    0.9825    0.7872
   23 H5     2px        0.0000    0.1749   -1.7323    0.0000   -0.0000   -0.0000    0.0000    0.0000    0.0000   -0.0000
   24 H5     2py        0.0000   -1.7323   -0.1749    0.0000   -0.0000    0.0000   -0.0000   -0.0000    0.0000   -0.0000
   25 H5     2pz        0.7953   -0.0000   -0.0000   -0.1748   -1.2930   -1.1929    1.2145   -2.7972   -2.0479    6.6284
   26 H6     1s        -1.5194    0.0000    0.0000    6.2267    3.7056    5.4064   -3.3242    3.6589    5.7443   -1.6207
   27 H6     2s        -1.0165    0.0000    0.0000    3.0140    1.5788    2.2601   -1.2309    0.9097    0.9825   -0.7872
   28 H6     2px        0.0000   -0.1749    1.7323   -0.0000   -0.0000    0.0000    0.0000    0.0000    0.0000   -0.0000
   29 H6     2py        0.0000    1.7323    0.1749   -0.0000   -0.0000   -0.0000    0.0000   -0.0000    0.0000    0.0000
   30 H6     2pz       -0.7953   -0.0000   -0.0000   -0.1748    1.2930   -1.1929   -1.2145   -2.7972    2.0479    6.6284
   31 H7     1s         4.8804   -0.0000   -0.0000   -3.1246   -6.9506    1.7557    4.5637    5.8755    1.1438   -0.9047
   32 H7     2s         2.7553   -0.0000   -0.0000   -1.5946   -3.4749    0.6761    1.1649    1.1599   -0.0935    0.5503
   33 H7     2px       -0.0000    0.1576   -1.5606    0.0000    0.0000   -0.0000   -0.0000    0.0000   -0.0000    0.0000
   34 H7     2py       -0.0000   -1.5606   -0.1576    0.0000    0.0000    0.0000   -0.0000   -0.0000   -0.0000   -0.0000
   35 H7     2pz        0.9292    0.0000    0.0000    1.1817    0.2469    1.2998   -0.7160    0.7016    4.5942    5.7655
   36 H8     1s        -6.0376    0.0000    0.0000   -0.4819    5.7540   -7.2106    5.2331    2.1364   -2.5773   -3.4611
   37 H8     2s        -3.6273    0.0000   -0.0000   -0.3060    2.7676   -2.7249    1.6839    0.6630   -0.3985   -0.6718
   38 H8     2px        0.0000   -0.1247    1.2344   -0.0000   -0.0000   -0.0000    0.0000   -0.0000    0.0000    0.0000
   39 H8     2py        0.0000    1.2344    0.1247   -0.0000    0.0000   -0.0000    0.0000    0.0000    0.0000   -0.0000
   40 H8     2pz       -0.0615   -0.0000   -0.0000   -0.5773   -0.3939   -0.4551    2.7129    3.4865    4.0041    4.0722
   41 H9     1s         6.1816    0.0000    0.0000    4.0808    0.4794    1.8613   -4.6586   -4.8725   -4.4854   -3.3097
   42 H9     2s         3.1496    0.0000    0.0000    1.5408   -0.5276    1.3811   -2.0650   -1.8707   -1.3315   -0.4465
   43 H9     2px       -0.0000    0.0799   -0.7911    0.0000    0.0000    0.0000   -0.0000   -0.0000   -0.0000   -0.0000
   44 H9     2py       -0.0000   -0.7911   -0.0799    0.0000   -0.0000    0.0000   -0.0000    0.0000   -0.0000    0.0000
   45 H9     2pz        0.6623    0.0000    0.0000    1.3378    2.1879   -2.7115    3.1414    2.6345    1.5581    1.8272
   46 H10    1s        -3.4450   -0.0000   -0.0000   -3.3821   -2.9437    2.5311   -1.7766   -1.0898    0.2056   -0.6483
   47 H10    2s        -1.3336   -0.0000   -0.0000   -0.9742   -0.4099    0.0949    0.3894    0.4873    0.8118    0.4973
   48 H10    2px        0.0000   -0.0317    0.3136   -0.0000   -0.0000   -0.0000    0.0000    0.0000    0.0000   -0.0000
   49 H10    2py        0.0000    0.3136    0.0317   -0.0000    0.0000   -0.0000    0.0000   -0.0000    0.0000    0.0000
   50 H10    2pz        1.1129    0.0000    0.0000    1.0901    0.9965   -0.8577    0.6106    0.3897   -0.0244    0.1612
--
 
      Von Neumann Entropy (Root  1) =  0.41219
 

      Mulliken population analysis for root number:  1
      -----------------------------------------------
 
 
++    Molecular charges:
      ------------------
 
      Mulliken charges per centre and basis function type
      ---------------------------------------------------
 
                H1      H2      H3      H4      H5      H6      H7      H8      H9      H10   
      1s       1.4401  0.3861  1.0855  0.8809  0.9092  0.9092  0.8809  1.0855  0.3861  1.4401
      2s       0.0050  0.0727 -0.0427 -0.0509  0.0408  0.0408 -0.0509 -0.0427  0.0727  0.0050
      2px      0.0000 -0.0000 -0.0000 -0.0003  0.0026  0.0026 -0.0003 -0.0000 -0.0000  0.0000
      2pz      0.0442  0.0875  0.0609  0.0420  0.0362  0.0362  0.0420  0.0609  0.0875  0.0442
      2py      0.0000 -0.0000 -0.0000 -0.0000  0.0000  0.0000 -0.0000 -0.0000 -0.0000  0.0000
      Total    1.4893  0.5464  1.1037  0.8717  0.9889  0.9889  0.8717  1.1037  0.5464  1.4893
 
      N-E     -0.4893  0.4536 -0.1037  0.1283  0.0111  0.0111  0.1283 -0.1037  0.4536 -0.4893
 
      Total electronic charge=   10.000000
 
      Total            charge=   -0.000000
--
 
 

      Expectation values of various properties for root number:  1
      -----------------------------------------------------------
 
 
++    Molecular properties:
      ---------------------
 
      Charge (e):
                      =   -0.0000
      Dipole Moment (Debye):
      Origin of the operator (Ang)=    0.0000    0.0000    0.0000
                   X=  7.3141E-13               Y=  2.8975E-13               Z=  9.4201E-06           Total=  9.4201E-06
      Quadrupole Moment (Debye*Ang):
      Origin of the operator (Ang)=    0.0000    0.0000    3.1364
                  XX= -9.1971E+00              XY= -8.5311E-04              XZ=  3.9315E-13              YY= -9.1888E+00
                  YZ=  1.1478E-13              ZZ= -2.2085E+01
      In traceless form (Debye*Ang)
                  XX=  6.4396E+00              XY= -1.2797E-03              XZ=  5.8972E-13              YY=  6.4521E+00
                  YZ=  1.7217E-13              ZZ= -1.2892E+01
--
 

      LoProp population analysis for root number:  1
      -----------------------------------------------
 
 
++    LoProp analysis:
      ----------------
 
 
 
  Input file to MOLDEN was generated!
 
 
++    Static properties:
      ------------------
 
 
      LoProp Charges per center
 

                   H1       H2       H3       H4       H5       H6       H7       H8       H9       H10   
      Nuclear      1.0000   1.0000   1.0000   1.0000   1.0000   1.0000   1.0000   1.0000   1.0000   1.0000
      Electronic  -1.1256  -0.9575  -0.9774  -0.9601  -0.9794  -0.9794  -0.9601  -0.9774  -0.9575  -1.1256
 
      Total       -0.1256   0.0425   0.0226   0.0399   0.0206   0.0206   0.0399   0.0226   0.0425  -0.1256
--
 
 
      Natural Bond Order analysis for root number:  1
 
++    Natural Bond Order analysis
      ---------------------------
      Based on LoProp computed density
      -------------------------------------------------------------------------------------
      Atom A       Atom B       Bond Order | Atom A       Atom B       Bond Order
        H1           H2             0.918  |   H7           H8             0.900
        H3           H4             0.900  |   H9           H10            0.918
        H5           H6             0.887  |
      -------------------------------------------------------------------------------------
      NBO located      9.046 electrons involved in    5 bonds.
      The remaining    0.954 electrons are to be considered as diffuse
--
 
--
 
 
  Input file to MOLDEN was generated!
 
      Average orbitals are written to the RASORB file
      Natural orbitals for root   1 are written to the RASORB.1 file
      Spin density orbitals for root   1 are written to the SPDORB.1 file
 
forrtl: warning (525): IEEE_DIVIDE_BY_ZERO is signaling
forrtl: warning (526): IEEE_INVALID is signaling
forrtl: warning (528): IEEE_UNDERFLOW is signaling
--- Stop Module: rasscf at Sun Oct 26 13:15:44 2025 /rc=_RC_ALL_IS_WELL_ ---
*** files: H10_0.70.LprOrb H10_0.70.rasscf.molden H10_0.70.LoProp.molden H10_0.70.RasOrb.1 H10_0.70.RasOrb H10_0.70.rasscf.h5 H10_0.70.SpdOrb.1 xmldump
    saved to directory ${LOCALHOME}/DDCASPT2/hydrogen_comps/rerun/H10_chain/H10_0.70
--- Module rasscf spent 8 seconds ---

>>> COPY /tmp/H10_0.70/H10_0.70.rasscf.h5 ${LOCALHOME}/DDCASPT2/hydrogen_comps/rerun/H10_chain/H10_0.70/

>>> COPY /tmp/H10_0.70/DDCASPT2_Fock_MO.csv ${LOCALHOME}/DDCASPT2/hydrogen_comps/rerun/H10_chain/H10_0.70/H10_0.70.DDCASPT2_Fock_MO.csv

*** symbolic link created: INPORB -> H10_0.70.RasOrb
--- Start Module: motra at Sun Oct 26 13:15:44 2025 ---
 
()()()()()()()()()()()()()()()()()()()()()()()()()()()()()()()()()()()()()()()()()()()()()()()()()()

                                               &MOTRA

                                   only a single process is used
                       available to each process: 2.0 GB of memory, 1 thread?
()()()()()()()()()()()()()()()()()()()()()()()()()()()()()()()()()()()()()()()()()()()()()()()()()()
 
 
      *** WARNING: Default frozen orbitals is overwritten by user input.
      *** Default values:   0
 
      Header of the integral files:
      
       Integrals generated by seward 4.2.0  , Sun Oct 26 13:15:34 2025
 
 
      Header of MO coefficients source file:
      * RASSCF average (pseudo-natural) orbitals                                      
 
 
      Cartesian coordinates in Angstrom:
      -----------------------------------------------------
      No.  Label        X            Y            Z        
      -----------------------------------------------------
       1   H1         0.00000000   0.00000000   0.00000000
       2   H2         0.00000000   0.00000000   0.69697000
       3   H3         0.00000000   0.00000000   1.39393900
       4   H4         0.00000000   0.00000000   2.09090900
       5   H5         0.00000000   0.00000000   2.78787900
       6   H6         0.00000000   0.00000000   3.48484800
       7   H7         0.00000000   0.00000000   4.18181800
       8   H8         0.00000000   0.00000000   4.87878800
       9   H9         0.00000000   0.00000000   5.57575800
      10   H10        0.00000000   0.00000000   6.27272700
      -----------------------------------------------------
      Nuclear repulsion energy =   14.64577390
 
      Orbital specifications:
      -----------------------
 
      Symmetry species:              1
      Number of basis functions:    50
      Frozen orbitals:               0
      Deleted orbitals:              0
      Number of orbitals used:      50

       SYMMETRY  BASIS FUNCTIONS       ORBITALS      INTEGRALS   CPU(SEC)  I/O(SEC)
        1 1 1 1   50  50  50  50    50  50  50  50      813450       0.00      0.01

       TOTAL CPU TIME(SEC)    0.51TOTAL I/O TIME(SEC)    1.21
 
--- Stop Module: motra at Sun Oct 26 13:15:45 2025 /rc=_RC_ALL_IS_WELL_ ---
*** files: xmldump
    saved to directory ${LOCALHOME}/DDCASPT2/hydrogen_comps/rerun/H10_chain/H10_0.70
--- Module motra spent 1 second ---

>>> COPY /tmp/H10_0.70/DDCASPT2_one_int_indx.csv ${LOCALHOME}/DDCASPT2/hydrogen_comps/rerun/H10_chain/H10_0.70/H10_0.70.DDCASPT2_one_int_indx.csv

>>> COPY /tmp/H10_0.70/DDCASPT2_one_int.csv ${LOCALHOME}/DDCASPT2/hydrogen_comps/rerun/H10_chain/H10_0.70/H10_0.70.DDCASPT2_one_int.csv

>>> COPY /tmp/H10_0.70/DDCASPT2_two_int_indx.csv ${LOCALHOME}/DDCASPT2/hydrogen_comps/rerun/H10_chain/H10_0.70/H10_0.70.DDCASPT2_two_int_indx.csv

>>> COPY /tmp/H10_0.70/DDCASPT2_two_int.csv ${LOCALHOME}/DDCASPT2/hydrogen_comps/rerun/H10_chain/H10_0.70/H10_0.70.DDCASPT2_two_int.csv

*** symbolic link created: INPORB -> H10_0.70.RasOrb
--- Start Module: caspt2 at Sun Oct 26 13:15:45 2025 ---
 
()()()()()()()()()()()()()()()()()()()()()()()()()()()()()()()()()()()()()()()()()()()()()()()()()()

                                              &CASPT2

                                   only a single process is used
                       available to each process: 2.0 GB of memory, 1 thread?
()()()()()()()()()()()()()()()()()()()()()()()()()()()()()()()()()()()()()()()()()()()()()()()()()()
 
 Cholesky algorithm in CASPT2 =    1
 
 ###############################################################################
 ###############################################################################
 ###                                                                         ###
 ###                                                                         ###
 ###    User changed nr of frozen orbitals.                                  ###
 ###                                                                         ###
 ###                                                                         ###
 ###############################################################################
 ###############################################################################
 
++    Wave function specifications:
      -----------------------------
 
      Number of closed shell electrons           0
      Number of electrons in active shells      10
      Max number of holes in RAS1 space          0
      Max number of electrons in RAS3 space      0
      Number of inactive orbitals                0
      Number of active orbitals                 10
      Number of secondary orbitals              40
      Spin quantum number                      0.0
      State symmetry                             1
      Number of CSFs                         19404
      Number of root(s) available                1
      Root passed to geometry opt.               1
      A file JOBMIX will be created.
      This is a CASSCF or RASSCF reference function
--
 
++    Orbital specifications:
      -----------------------
 
      Symmetry species                           1
                                                 a
      Frozen orbitals                            0
      Inactive orbitals                          0
      Active orbitals                           10
      Secondary orbitals                        40
      Deleted orbitals                           0
      Number of basis functions                 50
--
 
      Type of Fock operator: STANDARD
      Type of 0-order Hamiltonian: STANDARD WITH DEFAULT IPEA
        "IP-EA" denominator shift =      0.25
      The input orbitals and the CI vector will be transformed.
 
--------------------------------------------------------------------------------
 Estimated memory requirements:
  POLY3 :                  3551880
  RHS:                      835500
  SIGMA :                   430400
  PRPCTL:                        0
 Available workspace:    230354915
 
++ CASPT2 computation for group   1
 
********************************************************************************
 Multi-State initialization phase begins for group   1
--------------------------------------------------------------------------------
********************************************************************************
 Compute H0 matrices for state    1
--------------------------------------------------------------------------------
--------------------------------------------------------------------------------
 H0 matrices have been computed.
 
********************************************************************************
  CASPT2 EQUATION SOLUTION
--------------------------------------------------------------------------------
 
  Total nr of CASPT2 parameters:
   Before reduction:      120200
   After  reduction:      119400
 
 The contributions to the second order correlation energy in atomic units.
-----------------------------------------------------------------------------------------------------------------------------
  IT.      VJTU        VJTI        ATVX        AIVX        VJAI        BVAT        BJAT        BJAI        TOTAL       RNORM  
-----------------------------------------------------------------------------------------------------------------------------
   1     0.000000    0.000000   -0.032884    0.000000    0.000000   -0.068305    0.000000    0.000000   -0.101189    0.008372
   2     0.000000    0.000000   -0.033257    0.000000    0.000000   -0.068557    0.000000    0.000000   -0.101814    0.001772
   3     0.000000    0.000000   -0.033280    0.000000    0.000000   -0.068576    0.000000    0.000000   -0.101856    0.000426
   4     0.000000    0.000000   -0.033260    0.000000    0.000000   -0.068572    0.000000    0.000000   -0.101832    0.000082
   5     0.000000    0.000000   -0.033259    0.000000    0.000000   -0.068572    0.000000    0.000000   -0.101830    0.000019
   6     0.000000    0.000000   -0.033259    0.000000    0.000000   -0.068572    0.000000    0.000000   -0.101831    0.000004
-------------------------------------------------------------------------------------------------------------------
 
  FINAL CASPT2 RESULT:
 
  Correlation energy /Case, /Symm, and sums:
 VJTU      0.00000000  0.00000000
 VJTIP     0.00000000  0.00000000
 VJTIM     0.00000000  0.00000000
 ATVX     -0.03325928 -0.03325928
 AIVX      0.00000000  0.00000000
 VJAIP     0.00000000  0.00000000
 VJAIM     0.00000000  0.00000000
 BVATP    -0.06122012 -0.06122012
 BVATM    -0.00735169 -0.00735169
 BJATP     0.00000000  0.00000000
 BJATM     0.00000000  0.00000000
 BJAIP     0.00000000  0.00000000
 BJAIM     0.00000000  0.00000000
 Summed:  -0.10183109 -0.10183109
 
      Reference energy:          -5.1527644395
      E2 (Non-variational):      -0.1018310905
      E2 (Variational):          -0.1018310649
      Total energy:              -5.2545955044
      Residual norm:              0.0000008117
      Reference weight:           0.97085
 
      Contributions to the CASPT2 correlation energy
      Active & Virtual Only:         -0.1018310905
      One Inactive Excited:           0.0000000000
      Two Inactive Excited:           0.0000000000
 
 
++ Denominators, etc.
----------------------------------------------------------------------------------------------------
 Report on small energy denominators, large coefficients, and large energy contributions.
CASE  SYMM ACTIVE-MIX  NON-ACTIVE INDICES          DENOMINATOR     RHS VALUE       COEFFICIENT     CONTRIBUTION
--
 
   (Skipping property calculation,
    use PROP keyword to activate)
--
 
  Total CASPT2 energies:
::    CASPT2 Root  1     Total energy:     -5.25459550
 
  A NEW JOBIPH FILE NAMED 'JOBMIX' IS PREPARED.
********************************************************************************
forrtl: warning (528): IEEE_UNDERFLOW is signaling
--- Stop Module: caspt2 at Sun Oct 26 13:15:52 2025 /rc=_RC_ALL_IS_WELL_ ---
*** files: xmldump
    saved to directory ${LOCALHOME}/DDCASPT2/hydrogen_comps/rerun/H10_chain/H10_0.70
--- Module caspt2 spent 6 seconds ---

>>> EXPORT i = B

>>> EXPORT j = P

>>> IF (-FILE DDCASPT2_e2_${i}_${j}_1_.csv)
(Skipped)

>>> END FOREACH

>>> EXPORT j = M

>>> IF (-FILE DDCASPT2_e2_${i}_${j}_1_.csv)
(Skipped)

>>> END FOREACH

>>> END FOREACH

>>> EXPORT i = E

>>> EXPORT j = P

>>> IF (-FILE DDCASPT2_e2_${i}_${j}_1_.csv)
(Skipped)

>>> END FOREACH

>>> EXPORT j = M

>>> IF (-FILE DDCASPT2_e2_${i}_${j}_1_.csv)
(Skipped)

>>> END FOREACH

>>> END FOREACH

>>> EXPORT i = F

>>> EXPORT j = P

>>> IF (-FILE DDCASPT2_e2_${i}_${j}_1_.csv)

>>> COPY /tmp/H10_0.70/DDCASPT2_RHS_F_P_1_.csv ${LOCALHOME}/DDCASPT2/hydrogen_comps/rerun/H10_chain/H10_0.70/DDCASPT2_RHS_F_P_1_.csv

>>> COPY /tmp/H10_0.70/DDCASPT2_IVECW_F_P_1_.csv ${LOCALHOME}/DDCASPT2/hydrogen_comps/rerun/H10_chain/H10_0.70/DDCASPT2_IVECW_F_P_1_.csv

>>> COPY /tmp/H10_0.70/DDCASPT2_IVECX_F_P_1_.csv ${LOCALHOME}/DDCASPT2/hydrogen_comps/rerun/H10_chain/H10_0.70/DDCASPT2_IVECX_F_P_1_.csv

>>> COPY /tmp/H10_0.70/DDCASPT2_IVECC2_F_P_1_.csv ${LOCALHOME}/DDCASPT2/hydrogen_comps/rerun/H10_chain/H10_0.70/DDCASPT2_IVECC2_F_P_1_.csv

>>> COPY /tmp/H10_0.70/DDCASPT2_e2_F_P_1_.csv ${LOCALHOME}/DDCASPT2/hydrogen_comps/rerun/H10_chain/H10_0.70/DDCASPT2_e2_F_P_1_.csv

>>> END FOREACH

>>> EXPORT j = M

>>> IF (-FILE DDCASPT2_e2_${i}_${j}_1_.csv)

>>> COPY /tmp/H10_0.70/DDCASPT2_RHS_F_M_1_.csv ${LOCALHOME}/DDCASPT2/hydrogen_comps/rerun/H10_chain/H10_0.70/DDCASPT2_RHS_F_M_1_.csv

>>> COPY /tmp/H10_0.70/DDCASPT2_IVECW_F_M_1_.csv ${LOCALHOME}/DDCASPT2/hydrogen_comps/rerun/H10_chain/H10_0.70/DDCASPT2_IVECW_F_M_1_.csv

>>> COPY /tmp/H10_0.70/DDCASPT2_IVECX_F_M_1_.csv ${LOCALHOME}/DDCASPT2/hydrogen_comps/rerun/H10_chain/H10_0.70/DDCASPT2_IVECX_F_M_1_.csv

>>> COPY /tmp/H10_0.70/DDCASPT2_IVECC2_F_M_1_.csv ${LOCALHOME}/DDCASPT2/hydrogen_comps/rerun/H10_chain/H10_0.70/DDCASPT2_IVECC2_F_M_1_.csv

>>> COPY /tmp/H10_0.70/DDCASPT2_e2_F_M_1_.csv ${LOCALHOME}/DDCASPT2/hydrogen_comps/rerun/H10_chain/H10_0.70/DDCASPT2_e2_F_M_1_.csv

>>> END FOREACH

>>> END FOREACH

>>> EXPORT i = G

>>> EXPORT j = P

>>> IF (-FILE DDCASPT2_e2_${i}_${j}_1_.csv)
(Skipped)

>>> END FOREACH

>>> EXPORT j = M

>>> IF (-FILE DDCASPT2_e2_${i}_${j}_1_.csv)
(Skipped)

>>> END FOREACH

>>> END FOREACH

>>> EXPORT i = H

>>> EXPORT j = P

>>> IF (-FILE DDCASPT2_e2_${i}_${j}_1_.csv)
(Skipped)

>>> END FOREACH

>>> EXPORT j = M

>>> IF (-FILE DDCASPT2_e2_${i}_${j}_1_.csv)
(Skipped)

>>> END FOREACH

>>> END FOREACH

>>> EXPORT i = A

>>> IF (-FILE DDCASPT2_e2_${i}_1_.csv)
(Skipped)

>>> END FOREACH

>>> EXPORT i = C

>>> IF (-FILE DDCASPT2_e2_${i}_1_.csv)

>>> COPY /tmp/H10_0.70/DDCASPT2_RHS_C_1_.csv ${LOCALHOME}/DDCASPT2/hydrogen_comps/rerun/H10_chain/H10_0.70/DDCASPT2_RHS_C_1_.csv

>>> COPY /tmp/H10_0.70/DDCASPT2_IVECW_C_1_.csv ${LOCALHOME}/DDCASPT2/hydrogen_comps/rerun/H10_chain/H10_0.70/DDCASPT2_IVECW_C_1_.csv

>>> COPY /tmp/H10_0.70/DDCASPT2_IVECX_C_1_.csv ${LOCALHOME}/DDCASPT2/hydrogen_comps/rerun/H10_chain/H10_0.70/DDCASPT2_IVECX_C_1_.csv

>>> COPY /tmp/H10_0.70/DDCASPT2_IVECC2_C_1_.csv ${LOCALHOME}/DDCASPT2/hydrogen_comps/rerun/H10_chain/H10_0.70/DDCASPT2_IVECC2_C_1_.csv

>>> COPY /tmp/H10_0.70/DDCASPT2_e2_C_1_.csv ${LOCALHOME}/DDCASPT2/hydrogen_comps/rerun/H10_chain/H10_0.70/DDCASPT2_e2_C_1_.csv

>>> END FOREACH

>>> EXPORT i = D

>>> IF (-FILE DDCASPT2_e2_${i}_1_.csv)
(Skipped)

>>> END FOREACH

.########################.
.# Non-zero return code #.
.########################.

    Timing: Wall=18.30 User=16.68 System=1.61
****************************************
*** WorkDir at /tmp/H10_0.70 cleaned ***
****************************************
