   This run of MOLCAS is using the pymolcas driver

                             OPE
                             OPE          NMOL  CASOP  ENMOLC A   SO
                 OPE        NMOLC        AS  OP EN  MO LC     AS  OP
                OPENM       OL CA        SO  PE NM  OL CA     SOP EN
                OP EN      MO   LC       AS  OP ENMOL  CASO   PENMOL
                OP  EN     MO   LC       AS  OP EN     MO     LC ASO
               OP   E  NMOL  C  AS       OP  EN MO     LC     AS  OP
               OP  E   NMO   LC AS        OPEN  MO     LCASOP EN   M
               O  PEN   MO  LCA  SO
            OPE   NMO   L   CAS    OP
        OPENMOL  CASOP     ENMOL   CASOPE
     OPENMOLCA   SOPENMOLCASOPEN   MOLCASOPE
    OPENMOLCAS   OP           EN   MOL    CAS
    OPENMOLCAS       OP  ENM        O     LCA
    OPENMOLCAS    OPEN  MOLCASO     P  E  NMO
    OPENMOLCAS     OP               E  N  MOL
    OPENMOLCA   SO           PENM   O  L  CAS    OPEN    MO    LCAS
    OPENMOLCA   SOP           ENM   O  L  CAS   OP  EN  MOLC  AS   O
    OPENMOLCA   SOPE           NM      O  LCA   S      OP  EN MO
    OPENMOLC                AS         O  PEN   M      OL  CA  SOPE
    OPENMO        LCASOPE  NMOL        C  ASO   P      ENMOLC     AS
    OPE     NMO      LCA  SO     P     E   NM   OL  CA SO  PE N   MO
          OPENMOLCA            SOPE   NMO        LCAS  O    P  ENMO
     OPENMOLCASOPENMOLCASOPENMOLCASOPENMOLCA
        OPENMOLCASOPENMOLCASOPENMOLCASOPE
            OPENMOLCASOPENMOLCASOPENM
               OPENMOLCASOPENMOLCA        version: f37762c57
                   OPENMOLCASO
                       OPE                tag:

 OpenMolcas is free software; you can redistribute it and/or modify it
 under the terms of the GNU Lesser General Public License version 2.1.
 OpenMolcas is distributed in the hope that it will be useful, but it
 is provided "as is" and without any express or implied warranties.
 For more details see the full text of the license in the file
 LICENSE or in <http://www.gnu.org/licenses/>.

                 Copyright (C) The OpenMolcas Authors
           For the author list and the recommended citation,
                   consult the file CONTRIBUTORS.md

           *************************************************
           * pymolcas version py2.28                       *
           *   build c4a6d18ded8cb6cad61d2372a9abd97c      *
           *   (after the EMIL interpreter by V. Veryazov) *
           *************************************************

configuration info
------------------
C Compiler ID: Intel
C flags: -std=gnu99 -gcc-sys
Fortran Compiler ID: IntelLLVM
Fortran flags: -standard-semantics -fltconsistency -fpp -i8 -heap-arrays
Definitions: _MOLCAS_;_I8_;_LINUX_
Parallel: OFF (GA=OFF)


   ----------------------------------------------------------------------------------------
  |
  |              Project: H12_1.69
  |       Submitted from: /home/grierjones/DDCASPT2/hydrogen_comps/rerun/H12_chain/H12_1.69
  |         Scratch area: /tmp/H12_1.69
  |      Save outputs to: /home/grierjones/DDCASPT2/hydrogen_comps/rerun/H12_chain/H12_1.69
  |               Molcas: /home/grierjones/Test/build
  |
  | Scratch area is empty
  |
  |       MOLCAS_DRIVER = /usr/local/pymolcas
  | MOLCAS_KEEP_WORKDIR = NO
  |  MOLCAS_NEW_WORKDIR = YES
  |       MOLCAS_NPROCS = 1
  |        MOLCAS_PRINT = NORMAL
  |       MOLCAS_SOURCE = /home/grierjones/Test
  |    MOLCAS_STRUCTURE = 0
  |
   ----------------------------------------------------------------------------------------

++ ---------   Input file   ---------

&GATEWAY
coord=H12_1.69.xyz
Basis = ANO-RCC-VDZP
Group = nosymm
End of Input

&SEWARD
End of Input

&SCF

>>> COPY $WorkDir/H12_1.69.scf.h5 $CurrDir/

&RASSCF
Title= RASSCF
FileOrb
/home/grierjones/DDCASPT2/hydrogen_comps/rerun/H12_chain/H12_0.60/H12_0.60.RasOrb
NACTEL
12 0 0
Inactive
0
RAS2
12
Symmetry
1
Spin
1
orblisting
all

>>> COPY $WorkDir/H12_1.69.rasscf.h5 $CurrDir/

>>> COPY $WorkDir/GMJ_Fock_MO.csv $CurrDir/H12_1.69.GMJ_Fock_MO.csv

&MOTRA
Frozen=0
LUMORB

>>> COPY $WorkDir/GMJ_one_int_indx.csv $CurrDir/H12_1.69.GMJ_one_int_indx.csv

>>> COPY $WorkDir/GMJ_one_int.csv $CurrDir/H12_1.69.GMJ_one_int.csv

>>> COPY $WorkDir/GMJ_two_int_indx.csv $CurrDir/H12_1.69.GMJ_two_int_indx.csv

>>> COPY $WorkDir/GMJ_two_int.csv $CurrDir/H12_1.69.GMJ_two_int.csv

&CASPT2
Frozen
0

MAXITER
50

>>> FOREACH i IN (B,E,F,G,H)

  >>> FOREACH j IN (P,M)

    >>> IF (-FILE GMJ_e2_${i}_${j}_1_.csv)

      >>> COPY $WorkDir/GMJ_RHS_${i}_${j}_1_.csv $CurrDir/GMJ_RHS_${i}_${j}_1_.csv

      >>> COPY $WorkDir/GMJ_IVECW_${i}_${j}_1_.csv $CurrDir/GMJ_IVECW_${i}_${j}_1_.csv

      >>> COPY $WorkDir/GMJ_IVECX_${i}_${j}_1_.csv $CurrDir/GMJ_IVECX_${i}_${j}_1_.csv

      >>> COPY $WorkDir/GMJ_IVECC2_${i}_${j}_1_.csv $CurrDir/GMJ_IVECC2_${i}_${j}_1_.csv

      >>> COPY $WorkDir/GMJ_e2_${i}_${j}_1_.csv $CurrDir/GMJ_e2_${i}_${j}_1_.csv

    >>> END IF

  >>> END FOREACH

>>> END FOREACH

>>> FOREACH i IN (A,C,D)

  >>> IF (-FILE GMJ_e2_${i}_1_.csv)

    >>> COPY $WorkDir/GMJ_RHS_${i}_1_.csv $CurrDir/GMJ_RHS_${i}_1_.csv

    >>> COPY $WorkDir/GMJ_IVECW_${i}_1_.csv $CurrDir/GMJ_IVECW_${i}_1_.csv

    >>> COPY $WorkDir/GMJ_IVECX_${i}_1_.csv $CurrDir/GMJ_IVECX_${i}_1_.csv

    >>> COPY $WorkDir/GMJ_IVECC2_${i}_1_.csv $CurrDir/GMJ_IVECC2_${i}_1_.csv

    >>> COPY $WorkDir/GMJ_e2_${i}_1_.csv $CurrDir/GMJ_e2_${i}_1_.csv

  >>> END IF

>>> END FOREACH

-- ----------------------------------

--- Start Module: gateway at Mon Oct 27 03:07:09 2025 ---
 
()()()()()()()()()()()()()()()()()()()()()()()()()()()()()()()()()()()()()()()()()()()()()()()()()()

                                              &GATEWAY

                                   only a single process is used
                       available to each process: 2.0 GB of memory, 1 thread?
()()()()()()()()()()()()()()()()()()()()()()()()()()()()()()()()()()()()()()()()()()()()()()()()()()
 
 
++    Symmetry information:
      ---------------------
 
                    Character Table for C1 
 
                             E  
                    a        1  x, y, xy, Rz, z, xz, Ry, yz, Rx, I
--
 
 
++    Basis set information:
      ----------------------
 
 
      Basis set label: H.ANO-RCC...2S1P.
 
      Electronic valence basis set:
      ------------------
      Associated Effective Charge   1.000000 au
      Associated Actual Charge      1.000000 au
      Nuclear Model: Point charge
 
      Shell  nPrim  nBasis  Cartesian Spherical Contaminant
         s       8       2        X                  
         p       4       1        X                  
--
 
 
++    Molecular structure info:
      -------------------------
 
                    ************************************************ 
                    **** Cartesian Coordinates / Bohr, Angstrom **** 
                    ************************************************ 
 
     Center  Label                x              y              z                     x              y              z
        1      H1               0.000000       0.000000       0.000000              0.000000       0.000000       0.000000
        2      H2               0.000000       0.000000       3.195355              0.000000       0.000000       1.690909
        3      H3               0.000000       0.000000       6.390710              0.000000       0.000000       3.381818
        4      H4               0.000000       0.000000       9.586065              0.000000       0.000000       5.072727
        5      H5               0.000000       0.000000      12.781420              0.000000       0.000000       6.763636
        6      H6               0.000000       0.000000      15.976775              0.000000       0.000000       8.454545
        7      H7               0.000000       0.000000      19.172131              0.000000       0.000000      10.145455
        8      H8               0.000000       0.000000      22.367486              0.000000       0.000000      11.836364
        9      H9               0.000000       0.000000      25.562841              0.000000       0.000000      13.527273
       10      H10              0.000000       0.000000      28.758196              0.000000       0.000000      15.218182
       11      H11              0.000000       0.000000      31.953551              0.000000       0.000000      16.909091
       12      H12              0.000000       0.000000      35.148906              0.000000       0.000000      18.600000
 
                    *************************************** 
                    *    InterNuclear Distances / Bohr    * 
                    *************************************** 
 
               1 H1            2 H2            3 H3            4 H4            5 H5            6 H6    
    1 H1       0.000000
    2 H2       3.195355        0.000000
    3 H3       6.390710        3.195355        0.000000
    4 H4       9.586065        6.390710        3.195355        0.000000
    5 H5      12.781420        9.586065        6.390710        3.195355        0.000000
    6 H6      15.976775       12.781420        9.586065        6.390710        3.195355        0.000000
    7 H7      19.172131       15.976776       12.781422        9.586067        6.390712        3.195357
    8 H8      22.367486       19.172131       15.976776       12.781422        9.586067        6.390712
    9 H9      25.562841       22.367486       19.172131       15.976776       12.781422        9.586067
   10 H10     28.758196       25.562841       22.367486       19.172131       15.976776       12.781422
   11 H11     31.953551       28.758196       25.562841       22.367486       19.172131       15.976776
   12 H12     35.148906       31.953551       28.758196       25.562841       22.367486       19.172131
 
               7 H7            8 H8            9 H9           10 H10          11 H11          12 H12   
    7 H7       0.000000
    8 H8       3.195355        0.000000
    9 H9       6.390710        3.195355        0.000000
   10 H10      9.586065        6.390710        3.195355        0.000000
   11 H11     12.781420        9.586065        6.390710        3.195355        0.000000
   12 H12     15.976775       12.781420        9.586065        6.390710        3.195355        0.000000
 
                    ******************************************* 
                    *    InterNuclear Distances / Angstrom    * 
                    ******************************************* 
 
               1 H1            2 H2            3 H3            4 H4            5 H5            6 H6    
    1 H1       0.000000
    2 H2       1.690909        0.000000
    3 H3       3.381818        1.690909        0.000000
    4 H4       5.072727        3.381818        1.690909        0.000000
    5 H5       6.763636        5.072727        3.381818        1.690909        0.000000
    6 H6       8.454545        6.763636        5.072727        3.381818        1.690909        0.000000
    7 H7      10.145455        8.454546        6.763637        5.072728        3.381819        1.690910
    8 H8      11.836364       10.145455        8.454546        6.763637        5.072728        3.381819
    9 H9      13.527273       11.836364       10.145455        8.454546        6.763637        5.072728
   10 H10     15.218182       13.527273       11.836364       10.145455        8.454546        6.763637
   11 H11     16.909091       15.218182       13.527273       11.836364       10.145455        8.454546
   12 H12     18.600000       16.909091       15.218182       13.527273       11.836364       10.145455
 
               7 H7            8 H8            9 H9           10 H10          11 H11          12 H12   
    7 H7       0.000000
    8 H8       1.690909        0.000000
    9 H9       3.381818        1.690909        0.000000
   10 H10      5.072727        3.381818        1.690909        0.000000
   11 H11      6.763636        5.072727        3.381818        1.690909        0.000000
   12 H12      8.454545        6.763636        5.072727        3.381818        1.690909        0.000000
--
 
 
            Nuclear Potential Energy              7.89850494 au
 
--- Stop Module: gateway at Mon Oct 27 03:07:09 2025 /rc=_RC_ALL_IS_WELL_ ---
*** files: xmldump
    saved to directory /home/grierjones/DDCASPT2/hydrogen_comps/rerun/H12_chain/H12_1.69

--- Start Module: seward at Mon Oct 27 03:07:09 2025 ---
 
()()()()()()()()()()()()()()()()()()()()()()()()()()()()()()()()()()()()()()()()()()()()()()()()()()

                                              &SEWARD

                                   only a single process is used
                       available to each process: 2.0 GB of memory, 1 thread?
()()()()()()()()()()()()()()()()()()()()()()()()()()()()()()()()()()()()()()()()()()()()()()()()()()
 
               SEWARD will generate:
                  Multipole Moment integrals up to order  2
                  Kinetic Energy integrals
                  Nuclear Attraction integrals (point charge)
                  One-Electron Hamiltonian integrals
                  Velocity integrals
                  Relativistic Douglas-Kroll-Hess integrals:
                    - Parametrization         : EXP
                    - DKH order of Hamiltonian: 2
                    - DKH order of Properties : 0
                         - multipole moment operators
                         - electric potential operators
                         - contact operators
                  Atomic mean-field integrals
                  Two-Electron Repulsion integrals
 
                   Integrals are discarded if absolute value <: 0.10E-13
                   Integral cutoff threshold is set to       <: 0.10E-15
 
            Nuclear Potential Energy              7.89850494 au
 
 
      Basis set specifications :
      Symmetry species         a  
      Basis functions           60
 
 
  Input file to MOLDEN was generated!
 
forrtl: warning (525): IEEE_DIVIDE_BY_ZERO is signaling
forrtl: warning (526): IEEE_INVALID is signaling
forrtl: warning (528): IEEE_UNDERFLOW is signaling
--- Stop Module: seward at Mon Oct 27 03:07:11 2025 /rc=_RC_ALL_IS_WELL_ ---
*** files: H12_1.69.GssOrb H12_1.69.guessorb.h5 H12_1.69.guessorb.molden xmldump
    saved to directory /home/grierjones/DDCASPT2/hydrogen_comps/rerun/H12_chain/H12_1.69
--- Module seward spent 1 second ---

*** symbolic link created: INPORB -> H12_1.69.GssOrb
--- Start Module: scf at Mon Oct 27 03:07:11 2025 ---
 
()()()()()()()()()()()()()()()()()()()()()()()()()()()()()()()()()()()()()()()()()()()()()()()()()()

                                                &SCF

                                   only a single process is used
                       available to each process: 2.0 GB of memory, 1 thread?
()()()()()()()()()()()()()()()()()()()()()()()()()()()()()()()()()()()()()()()()()()()()()()()()()()
 
++    Input section:
      --------------
 
      Header of the integral files:
      
       Integrals generated by seward 4.2.0  , Mon Oct 27 03:07:10 2025
 
 
      Cartesian coordinates in Angstrom:
      -----------------------------------------------------
      No.  Label        X            Y            Z        
      -----------------------------------------------------
       1   H1         0.00000000   0.00000000   0.00000000
       2   H2         0.00000000   0.00000000   1.69090900
       3   H3         0.00000000   0.00000000   3.38181800
       4   H4         0.00000000   0.00000000   5.07272700
       5   H5         0.00000000   0.00000000   6.76363600
       6   H6         0.00000000   0.00000000   8.45454500
       7   H7         0.00000000   0.00000000  10.14545500
       8   H8         0.00000000   0.00000000  11.83636400
       9   H9         0.00000000   0.00000000  13.52727300
      10   H10        0.00000000   0.00000000  15.21818200
      11   H11        0.00000000   0.00000000  16.90909100
      12   H12        0.00000000   0.00000000  18.60000000
      -----------------------------------------------------
      Nuclear repulsion energy =    7.89850494
--
 
++    Orbital specifications:
      -----------------------
 
      Symmetry species               1
                                     a
      Frozen orbitals                0
      Occupied orbitals              6
      Secondary orbitals            54
      Deleted orbitals               0
      Total number of orbitals      60
      Number of basis functions     60
--
 
      Molecular charge                           0.000
 
++    Optimization specifications:
      ----------------------------
 
      SCF Algorithm: Conventional
      Minimized density differences are used
      Number of density matrices in core                5
      Maximum number of NDDO SCF iterations           400
      Maximum number of HF SCF iterations             400
      Threshold for SCF energy change            0.10E-08
      Threshold for density matrix               0.10E-03
      Threshold for Fock matrix                  0.15E-03
      Threshold for linear dependence            0.10E-08
      Threshold at which DIIS is turned on       0.15E+00
      Threshold at which QNR/C2DIIS is turned on 0.75E-01
      Threshold for Norm(delta) (QNR/C2DIIS)     0.20E-04
      DIIS extrapolation of the SCF procedure
      All orbitals punched on: SCFORB
--
 
      Input vectors read from INPORB
      Orbital file label: *Guess orbitals
 
 
++ Convergence information
                                   SCF        iterations: Energy and convergence statistics
 
Iter     Tot. SCF        One-elec.       Two-elec.     Energy      Max Dij or  Max Fij      DNorm      TNorm      AccCon     Time
         Energy          Energy          Energy        Change      Delta Norm                                                in Sec.
   1    -5.634610664   -22.319853425     8.786737825   0.00E+00    0.27E+00*   0.86E-01*    0.47E+01   0.14E+02   None         0.
   2    -5.811021445   -22.283985365     8.574458984  -0.18E+00*   0.12E+00*   0.16E-01*    0.15E+01   0.14E+02   EDIIS        0.
   3    -5.821055931   -22.211638866     8.492077999  -0.10E-01*   0.61E-01*   0.83E-02*    0.35E+00   0.14E+02   EDIIS        0.
   4    -5.823471459   -22.207276968     8.485300573  -0.24E-02*   0.18E-01*   0.87E-02*    0.12E+00   0.14E+02   c2DIIS       0.
   5    -5.824775844   -22.199252160     8.475971380  -0.13E-02*   0.50E-02*   0.80E-03*    0.39E-01   0.14E+02   QNRc2DIIS    0.
   6    -5.824805597   -22.200451213     8.477140681  -0.30E-04*   0.68E-02*   0.42E-03*    0.62E-02   0.14E+02   QNRc2DIIS    0.
   7    -5.824819671   -22.200246050     8.476921443  -0.14E-04*   0.36E-03*   0.75E-04     0.23E-02   0.14E+02   QNRc2DIIS    0.
   8    -5.824819809   -22.200000023     8.476675278  -0.14E-06*   0.94E-04*   0.18E-04     0.62E-03   0.14E+02   QNRc2DIIS    0.
   9    -5.824819818   -22.199944629     8.476619875  -0.84E-08*   0.14E-04    0.34E-05     0.12E-03   0.14E+02   QNRc2DIIS    0.
  10    -5.824819818   -22.199945019     8.476620265  -0.25E-09    0.88E-05    0.96E-06     0.15E-04   0.14E+02   QNRc2DIIS    0.
 
       Convergence after 10 Macro Iterations
--
 
 *****************************************************************************************************************************
 *                                                                                                                           *
 *                                             SCF/KS-DFT Program, Final results                                             *
 *                                                                                                                           *
 *                                                                                                                           *
 *                                                                                                                           *
 *                                                       Final Results                                                       *
 *                                                                                                                           *
 *****************************************************************************************************************************
 
::    Total SCF energy                                 -5.8248198178
      One-electron energy                             -22.1999450193
      Two-electron energy                               8.4766202654
      Nuclear repulsion energy                          7.8985049362
      Kinetic energy (interpolated)                     4.3559740103
      Virial theorem                                    1.3372026105
      Total spin, S(S+1)                                0.0000000000
      Total spin, S                                     0.0000000000
      Max non-diagonal density matrix element           0.0000094350
      Max non-diagonal Fock matrix element              0.0000007130
 
 
      All orbitals with orbital energies smaller than  E(LUMO)+0.5 are printed
 
++    Molecular orbitals:
      -------------------
 
      Title: SCF orbitals

      Molecular orbitals for symmetry species 1: a  
 
          Orbital            1         2         3         4         5         6         7         8         9        10    
          Energy           -0.5054   -0.4901   -0.4653   -0.4309   -0.3882   -0.3434   -0.1262   -0.0688   -0.0046    0.0609
          Occ. No.          2.0000    2.0000    2.0000    2.0000    2.0000    2.0000    0.0000    0.0000    0.0000    0.0000
 
        1 H1     1s         0.0801   -0.1592    0.2321   -0.2907    0.3164   -0.2512    0.3257   -0.4778    0.5132   -0.4651
        2 H1     2s         0.0053   -0.0112    0.0190   -0.0302    0.0436   -0.0442    0.1123   -0.1917    0.2396   -0.2504
        3 H1     2px       -0.0000    0.0000   -0.0000   -0.0000    0.0000    0.0000   -0.0000    0.0000   -0.0000   -0.0000
        4 H1     2py       -0.0000    0.0000   -0.0000    0.0000   -0.0000    0.0000   -0.0000    0.0000    0.0000   -0.0000
        5 H1     2pz        0.0058   -0.0106    0.0134   -0.0138    0.0116   -0.0070   -0.0008    0.0069   -0.0164    0.0262
        6 H2     1s         0.1262   -0.2372    0.3128   -0.3346    0.2887   -0.1699   -0.1094    0.3295   -0.5594    0.6834
        7 H2     2s         0.0047   -0.0164    0.0378   -0.0642    0.0802   -0.0621   -0.0296    0.1272   -0.2448    0.3151
        8 H2     2px        0.0000   -0.0000    0.0000    0.0000   -0.0000    0.0000    0.0000   -0.0000   -0.0000    0.0000
        9 H2     2py       -0.0000    0.0000   -0.0000    0.0000   -0.0000    0.0000    0.0000   -0.0000    0.0000   -0.0000
       10 H2     2pz        0.0017   -0.0009   -0.0035    0.0106   -0.0166    0.0153   -0.0184    0.0219   -0.0133   -0.0035
       11 H3     1s         0.2051   -0.3001    0.2217    0.0093   -0.2731    0.3455   -0.4121    0.3362    0.0797   -0.5434
       12 H3     2s         0.0163   -0.0231    0.0127    0.0204   -0.0705    0.0904   -0.1468    0.1274    0.0394   -0.2471
       13 H3     2px       -0.0000    0.0000   -0.0000   -0.0000    0.0000    0.0000   -0.0000    0.0000    0.0000   -0.0000
       14 H3     2py       -0.0000    0.0000   -0.0000   -0.0000    0.0000    0.0000   -0.0000    0.0000    0.0000   -0.0000
       15 H3     2pz        0.0056   -0.0045   -0.0038    0.0129   -0.0152    0.0092    0.0103   -0.0224    0.0264   -0.0144
       16 H4     1s         0.2375   -0.2934    0.1158    0.1713   -0.3461    0.2640    0.2482   -0.4964    0.3728    0.1810
       17 H4     2s         0.0120   -0.0274    0.0270    0.0125   -0.0720    0.0795    0.0816   -0.1976    0.1637    0.0815
       18 H4     2px       -0.0000    0.0000   -0.0000    0.0000    0.0000   -0.0000    0.0000   -0.0000    0.0000    0.0000
       19 H4     2py       -0.0000    0.0000   -0.0000    0.0000    0.0000   -0.0000   -0.0000    0.0000   -0.0000   -0.0000
       20 H4     2pz       -0.0001    0.0058   -0.0120    0.0078    0.0073   -0.0163    0.0207   -0.0102   -0.0171    0.0315
       21 H5     1s         0.2842   -0.1800   -0.1818    0.3048    0.0354   -0.3643    0.4162    0.0273   -0.5662    0.3233
       22 H5     2s         0.0195   -0.0059   -0.0318    0.0421    0.0240   -0.0987    0.1460    0.0180   -0.2446    0.1454
       23 H5     2px       -0.0000   -0.0000   -0.0000   -0.0000    0.0000    0.0000   -0.0000   -0.0000    0.0000    0.0000
       24 H5     2py        0.0000   -0.0000   -0.0000    0.0000    0.0000    0.0000    0.0000    0.0000   -0.0000   -0.0000
       25 H5     2pz        0.0046    0.0042   -0.0117    0.0013    0.0143   -0.0135   -0.0162    0.0222    0.0002   -0.0300
       26 H6     1s         0.2961   -0.0991   -0.2721    0.2036    0.2191   -0.3358   -0.3574    0.3756    0.2939   -0.6179
       27 H6     2s         0.0179   -0.0179   -0.0238    0.0446    0.0340   -0.0953   -0.1226    0.1545    0.1236   -0.2788
       28 H6     2px        0.0000   -0.0000   -0.0000    0.0000    0.0000   -0.0000   -0.0000   -0.0000   -0.0000    0.0000
       29 H6     2py        0.0000   -0.0000    0.0000    0.0000    0.0000    0.0000    0.0000   -0.0000    0.0000   -0.0000
       30 H6     2pz       -0.0026    0.0088   -0.0013   -0.0140    0.0049    0.0160   -0.0199   -0.0087    0.0266    0.0077
       31 H7     1s         0.2961    0.0991   -0.2721   -0.2036    0.2191    0.3358   -0.3574   -0.3756    0.2939    0.6179
       32 H7     2s         0.0179    0.0179   -0.0238   -0.0446    0.0340    0.0953   -0.1226   -0.1545    0.1236    0.2788
       33 H7     2px       -0.0000   -0.0000   -0.0000   -0.0000   -0.0000   -0.0000   -0.0000   -0.0000    0.0000    0.0000
       34 H7     2py        0.0000   -0.0000    0.0000   -0.0000    0.0000    0.0000    0.0000   -0.0000   -0.0000    0.0000
       35 H7     2pz        0.0026    0.0088    0.0013   -0.0140   -0.0049    0.0160    0.0199   -0.0087   -0.0266    0.0077
       36 H8     1s         0.2842    0.1800   -0.1818   -0.3048    0.0354    0.3643    0.4162   -0.0273   -0.5662   -0.3233
       37 H8     2s         0.0195    0.0059   -0.0318   -0.0421    0.0240    0.0987    0.1460   -0.0180   -0.2446   -0.1454
       38 H8     2px       -0.0000    0.0000    0.0000    0.0000    0.0000   -0.0000   -0.0000    0.0000    0.0000    0.0000
       39 H8     2py       -0.0000   -0.0000   -0.0000   -0.0000   -0.0000    0.0000    0.0000   -0.0000   -0.0000    0.0000
       40 H8     2pz       -0.0046    0.0042    0.0117    0.0013   -0.0143   -0.0135    0.0162    0.0222   -0.0002   -0.0300
       41 H9     1s         0.2375    0.2934    0.1158   -0.1713   -0.3461   -0.2640    0.2482    0.4964    0.3728   -0.1810
       42 H9     2s         0.0120    0.0274    0.0270   -0.0125   -0.0720   -0.0795    0.0816    0.1976    0.1637   -0.0815
       43 H9     2px       -0.0000   -0.0000   -0.0000    0.0000    0.0000    0.0000    0.0000    0.0000    0.0000   -0.0000
       44 H9     2py        0.0000   -0.0000    0.0000   -0.0000   -0.0000    0.0000    0.0000    0.0000   -0.0000   -0.0000
       45 H9     2pz        0.0001    0.0058    0.0120    0.0078   -0.0073   -0.0163   -0.0207   -0.0102    0.0171    0.0315
       46 H10    1s         0.2051    0.3001    0.2217   -0.0093   -0.2731   -0.3455   -0.4121   -0.3362    0.0797    0.5434
       47 H10    2s         0.0163    0.0231    0.0127   -0.0204   -0.0705   -0.0904   -0.1468   -0.1274    0.0394    0.2471
       48 H10    2px        0.0000    0.0000    0.0000    0.0000    0.0000    0.0000   -0.0000    0.0000   -0.0000    0.0000
       49 H10    2py        0.0000   -0.0000   -0.0000    0.0000    0.0000   -0.0000    0.0000    0.0000   -0.0000   -0.0000
       50 H10    2pz       -0.0056   -0.0045    0.0038    0.0129    0.0152    0.0092   -0.0103   -0.0224   -0.0264   -0.0144
       51 H11    1s         0.1262    0.2372    0.3128    0.3346    0.2887    0.1699   -0.1094   -0.3295   -0.5594   -0.6834
       52 H11    2s         0.0047    0.0164    0.0378    0.0642    0.0802    0.0621   -0.0296   -0.1272   -0.2448   -0.3151
       53 H11    2px        0.0000    0.0000    0.0000   -0.0000    0.0000    0.0000   -0.0000    0.0000    0.0000    0.0000
       54 H11    2py        0.0000    0.0000   -0.0000    0.0000    0.0000    0.0000   -0.0000   -0.0000    0.0000   -0.0000
       55 H11    2pz       -0.0017   -0.0009    0.0035    0.0106    0.0166    0.0153    0.0184    0.0219    0.0133   -0.0035
       56 H12    1s         0.0801    0.1592    0.2321    0.2907    0.3164    0.2512    0.3257    0.4778    0.5132    0.4651
       57 H12    2s         0.0053    0.0112    0.0190    0.0302    0.0436    0.0442    0.1123    0.1917    0.2396    0.2504
       58 H12    2px       -0.0000   -0.0000   -0.0000    0.0000   -0.0000   -0.0000   -0.0000    0.0000    0.0000   -0.0000
       59 H12    2py        0.0000    0.0000   -0.0000   -0.0000   -0.0000   -0.0000    0.0000   -0.0000   -0.0000   -0.0000
       60 H12    2pz       -0.0058   -0.0106   -0.0134   -0.0138   -0.0116   -0.0070    0.0008    0.0069    0.0164    0.0262
 
          Orbital           11        12        13        14        15    
          Energy            0.1237    0.1743    0.2863    0.3038    0.3349
          Occ. No.          0.0000    0.0000    0.0000    0.0000    0.0000
 
        1 H1     1s         0.3511   -0.1882   -0.0990    0.1624   -0.1574
        2 H1     2s         0.2184   -0.1362    0.1440   -0.2750    0.3934
        3 H1     2px       -0.0000   -0.0000   -0.0000    0.0000   -0.0000
        4 H1     2py        0.0000   -0.0000    0.0000   -0.0000   -0.0000
        5 H1     2pz       -0.0315    0.0243   -0.0225    0.0366   -0.0403
        6 H2     1s        -0.6290    0.3829   -0.0766    0.0936   -0.0552
        7 H2     2s        -0.2916    0.1716    0.1423   -0.2344    0.2278
        8 H2     2px       -0.0000    0.0000    0.0000   -0.0000   -0.0000
        9 H2     2py        0.0000   -0.0000    0.0000   -0.0000    0.0000
       10 H2     2pz        0.0202   -0.0220    0.0007   -0.0121    0.0393
       11 H3     1s         0.7517   -0.5390   -0.1500    0.2062   -0.1285
       12 H3     2s         0.3477   -0.2517    0.1640   -0.2140    0.1066
       13 H3     2px       -0.0000   -0.0000   -0.0000   -0.0000    0.0000
       14 H3     2py       -0.0000    0.0000   -0.0000    0.0000    0.0000
       15 H3     2pz       -0.0090    0.0203   -0.0117    0.0026    0.0201
       16 H4     1s        -0.7194    0.6804   -0.1300    0.0815    0.0615
       17 H4     2s        -0.3305    0.3066    0.2004   -0.2140   -0.0114
       18 H4     2px       -0.0000    0.0000   -0.0000   -0.0000    0.0000
       19 H4     2py       -0.0000   -0.0000    0.0000    0.0000   -0.0000
       20 H4     2pz       -0.0143   -0.0101   -0.0017   -0.0167    0.0399
       21 H5     1s         0.5051   -0.7799   -0.1627    0.1226    0.0605
       22 H5     2s         0.2295   -0.3561    0.2091   -0.1175   -0.1824
       23 H5     2px        0.0000   -0.0000   -0.0000   -0.0000    0.0000
       24 H5     2py       -0.0000    0.0000    0.0000    0.0000    0.0000
       25 H5     2pz        0.0213    0.0123   -0.0059   -0.0168    0.0228
       26 H6     1s        -0.1923    0.8306   -0.1600   -0.0053    0.1402
       27 H6     2s        -0.0907    0.3771    0.2205   -0.0595   -0.2575
       28 H6     2px        0.0000   -0.0000   -0.0000   -0.0000   -0.0000
       29 H6     2py       -0.0000    0.0000    0.0000   -0.0000    0.0000
       30 H6     2pz       -0.0322    0.0014    0.0014   -0.0228    0.0130
       31 H7     1s        -0.1923   -0.8306   -0.1600    0.0053    0.1402
       32 H7     2s        -0.0907   -0.3771    0.2205    0.0595   -0.2575
       33 H7     2px       -0.0000   -0.0000   -0.0000   -0.0000   -0.0000
       34 H7     2py       -0.0000   -0.0000    0.0000   -0.0000   -0.0000
       35 H7     2pz        0.0322    0.0014   -0.0014   -0.0228   -0.0130
       36 H8     1s         0.5051    0.7799   -0.1627   -0.1226    0.0605
       37 H8     2s         0.2295    0.3561    0.2091    0.1175   -0.1824
       38 H8     2px       -0.0000    0.0000    0.0000    0.0000    0.0000
       39 H8     2py        0.0000   -0.0000    0.0000    0.0000   -0.0000
       40 H8     2pz       -0.0213    0.0123    0.0059   -0.0168   -0.0228
       41 H9     1s        -0.7194   -0.6804   -0.1300   -0.0815    0.0615
       42 H9     2s        -0.3305   -0.3066    0.2004    0.2140   -0.0114
       43 H9     2px        0.0000   -0.0000    0.0000    0.0000   -0.0000
       44 H9     2py        0.0000   -0.0000    0.0000    0.0000   -0.0000
       45 H9     2pz        0.0143   -0.0101    0.0017   -0.0167   -0.0399
       46 H10    1s         0.7517    0.5390   -0.1500   -0.2062   -0.1285
       47 H10    2s         0.3477    0.2517    0.1640    0.2140    0.1066
       48 H10    2px        0.0000   -0.0000   -0.0000    0.0000   -0.0000
       49 H10    2py       -0.0000    0.0000   -0.0000    0.0000   -0.0000
       50 H10    2pz        0.0090    0.0203    0.0117    0.0026   -0.0201
       51 H11    1s        -0.6290   -0.3829   -0.0766   -0.0936   -0.0552
       52 H11    2s        -0.2916   -0.1716    0.1423    0.2344    0.2278
       53 H11    2px       -0.0000   -0.0000   -0.0000   -0.0000   -0.0000
       54 H11    2py       -0.0000   -0.0000   -0.0000    0.0000    0.0000
       55 H11    2pz       -0.0202   -0.0220   -0.0007   -0.0121   -0.0393
       56 H12    1s         0.3511    0.1882   -0.0990   -0.1624   -0.1574
       57 H12    2s         0.2184    0.1362    0.1440    0.2750    0.3934
       58 H12    2px        0.0000    0.0000   -0.0000   -0.0000    0.0000
       59 H12    2py        0.0000    0.0000    0.0000    0.0000   -0.0000
       60 H12    2pz        0.0315    0.0243    0.0225    0.0366    0.0403
--
 
 
++    Molecular charges:
      ------------------
 
      Mulliken charges per centre and basis function type
      ---------------------------------------------------
 
                H1      H2      H3      H4      H5      H6      H7      H8      H9      H10     H11     H12   
      1s       0.8923  1.0042  0.9603  0.9708  0.9638  0.9670  0.9670  0.9638  0.9708  0.9603  1.0042  0.8923
      2s       0.0325  0.0386  0.0146  0.0208  0.0191  0.0198  0.0198  0.0191  0.0208  0.0146  0.0386  0.0325
      2px      0.0000  0.0000  0.0000  0.0000  0.0000  0.0000  0.0000  0.0000  0.0000  0.0000  0.0000  0.0000
      2pz      0.0124  0.0174  0.0165  0.0165  0.0168  0.0166  0.0166  0.0168  0.0165  0.0165  0.0174  0.0124
      2py      0.0000  0.0000  0.0000  0.0000  0.0000  0.0000  0.0000  0.0000  0.0000  0.0000  0.0000  0.0000
      Total    0.9372  1.0601  0.9914  1.0082  0.9996  1.0034  1.0034  0.9996  1.0082  0.9914  1.0601  0.9372
 
      N-E      0.0628 -0.0601  0.0086 -0.0082  0.0004 -0.0034 -0.0034  0.0004 -0.0082  0.0086 -0.0601  0.0628
 
      Total electronic charge=   12.000000
 
      Total            charge=   -0.000000
--
 
 
  Input file to MOLDEN was generated!
 
 
++    Static properties:
      ------------------
 
 
      LoProp Charges per center
 

                   H1       H2       H3       H4       H5       H6       H7       H8       H9       H10   
      Nuclear      1.0000   1.0000   1.0000   1.0000   1.0000   1.0000   1.0000   1.0000   1.0000   1.0000
      Electronic  -0.9727  -1.0209  -0.9951  -1.0080  -0.9999  -1.0033  -1.0033  -0.9999  -1.0080  -0.9951
 
      Total        0.0273  -0.0209   0.0049  -0.0080   0.0001  -0.0033  -0.0033   0.0001  -0.0080   0.0049
 

                   H11      H12   
      Nuclear      1.0000   1.0000
      Electronic  -1.0209  -0.9727
 
      Total       -0.0209   0.0273
--
 
 
++    Natural Bond Order analysis
      ---------------------------
      Based on LoProp computed density
      -------------------------------------------------------------------------------------
      Atom A       Atom B       Bond Order
      -------------------------------------------------------------------------------------
      NBO located      0.942 non-bonded electrons on atom H1        
      NBO located      1.009 non-bonded electrons on atom H3        
      NBO located      1.013 non-bonded electrons on atom H5        
      NBO located      1.016 non-bonded electrons on atom H6        
      NBO located      1.016 non-bonded electrons on atom H7        
      NBO located      1.013 non-bonded electrons on atom H8        
      NBO located      1.009 non-bonded electrons on atom H10       
      NBO located      0.942 non-bonded electrons on atom H12       
      The remaining    4.039 electrons are to be considered as diffuse
--
 
 
++    Molecular properties:
      ---------------------
 
      Charge (e):
                      =   -0.0000
      Dipole Moment (Debye):
      Origin of the operator (Ang)=    0.0000    0.0000    0.0000
                   X=  3.6674E-15               Y=  2.6001E-13               Z= -3.2508E-12           Total=  3.2612E-12
      Quadrupole Moment (Debye*Ang):
      Origin of the operator (Ang)=    0.0000    0.0000    9.3000
                  XX= -2.1614E+01              XY=  8.2691E-29              XZ=  2.7687E-14              YY= -2.1614E+01
                  YZ= -2.3006E-12              ZZ=  1.3418E+00
      In traceless form (Debye*Ang)
                  XX= -1.1478E+01              XY=  1.2404E-28              XZ=  4.1530E-14              YY= -1.1478E+01
                  YZ= -3.4509E-12              ZZ=  2.2956E+01
--
 
 
  Input file to MOLDEN was generated!
 
 ###############################################################################
 ###############################################################################
 ###                                                                         ###
 ###                                                                         ###
 ###    RunFile label nBas                                                   ###
 ###    was used       78 times                                              ###
 ###                                                                         ###
 ###                                                                         ###
 ###############################################################################
 ###############################################################################
forrtl: warning (528): IEEE_UNDERFLOW is signaling
--- Stop Module: scf at Mon Oct 27 03:07:11 2025 /rc=_RC_ALL_IS_WELL_ ---
*** files: H12_1.69.LprOrb H12_1.69.LoProp.molden H12_1.69.scf.molden H12_1.69.ScfOrb H12_1.69.scf.h5 xmldump
    saved to directory /home/grierjones/DDCASPT2/hydrogen_comps/rerun/H12_chain/H12_1.69

>>> COPY /tmp/H12_1.69/H12_1.69.scf.h5 /home/grierjones/DDCASPT2/hydrogen_comps/rerun/H12_chain/H12_1.69/

*** symbolic link created: INPORB -> H12_1.69.ScfOrb
--- Start Module: rasscf at Mon Oct 27 03:07:11 2025 ---
 
()()()()()()()()()()()()()()()()()()()()()()()()()()()()()()()()()()()()()()()()()()()()()()()()()()

                                              &RASSCF

                                   only a single process is used
                       available to each process: 2.0 GB of memory, 1 thread?
()()()()()()()()()()()()()()()()()()()()()()()()()()()()()()()()()()()()()()()()()()()()()()()()()()
 
 
      Header of the ONEINT file:
      --------------------------
      
      Integrals generated by seward 4.2.0  , Mon Oct 27 03:07:10 2025
 
 
      OrdInt status: non-squared
 
 
      Cartesian coordinates in Angstrom:
      -----------------------------------------------------
      No.  Label        X            Y            Z        
      -----------------------------------------------------
       1   H1         0.00000000   0.00000000   0.00000000
       2   H2         0.00000000   0.00000000   1.69090900
       3   H3         0.00000000   0.00000000   3.38181800
       4   H4         0.00000000   0.00000000   5.07272700
       5   H5         0.00000000   0.00000000   6.76363600
       6   H6         0.00000000   0.00000000   8.45454500
       7   H7         0.00000000   0.00000000  10.14545500
       8   H8         0.00000000   0.00000000  11.83636400
       9   H9         0.00000000   0.00000000  13.52727300
      10   H10        0.00000000   0.00000000  15.21818200
      11   H11        0.00000000   0.00000000  16.90909100
      12   H12        0.00000000   0.00000000  18.60000000
      -----------------------------------------------------
      Nuclear repulsion energy =    7.89850494
 
++    Wave function specifications:
      -----------------------------
 
      Number of closed shell electrons           0
      Number of electrons in active shells      12
      Max number of holes in RAS1 space          0
      Max nr of electrons in RAS3 space          0
      Number of inactive orbitals                0
      Number of active orbitals                 12
      Number of secondary orbitals              48
      Spin quantum number                      0.0
      State symmetry                             1
--
 
++    Orbital specifications:
      -----------------------
 
      Symmetry species                           1
                                                 a
      Frozen orbitals                            0
      Inactive orbitals                          0
      Active orbitals                           12
      RAS1 orbitals                              0
      RAS2 orbitals                             12
      RAS3 orbitals                              0
      Secondary orbitals                        48
      Deleted orbitals                           0
      Number of basis functions                 60
--
 
++    CI expansion specifications:
      ----------------------------
 
      Number of CSFs                        226512
      Number of determinants                427350
      Number of root(s) required                 1
      Root chosen for geometry opt.              1
      CI root used                               1
         
      highest root included in the CI            1
      max. size of the explicit Hamiltonian    200
--
 
++    Optimization specifications:
      ----------------------------
 
      RASSCF algorithm: Conventional
      Maximum number of macro iterations       200
      Maximum number of SX iterations          100
      Threshold for RASSCF energy            0.100E-07
      Threshold for max MO rotation          0.100E+00
      Threshold for max BLB element          0.100E-03
      Level shift parameter                  0.500E+00
      Make Quasi-Newton update
--
 
      The MO-coefficients are taken from the file:
      /home/grierjones/DDCASPT2/hydrogen_comps/rerun/H12_chain/H12_0.60/H12_0.60.RasOrb                                               
      Title: RASSCF average (pseudo-natural) orbitals                                      
 
      Total molecular charge    0.00
 
      ************************************************************************************************************************
      *                                                                                                                      *
      *                                            Wave function control section                                             *
      *                                                                                                                      *
      ************************************************************************************************************************
 
 
                                         RASSCF iterations: Energy and convergence statistics
                                         ----------------------------------------------------
 
      Iter CI   SX   CI       RASSCF       Energy    max ROT     max BLB   max BLB  Level Ln srch  Step   QN   Walltime
          iter iter root      energy       change     param      element    value   shift minimum  type update hh:mm:ss
        No convergence in the CI section: MAXJT will be increased to 
 24
 Nr of preliminary CI iterations:  12
        No convergence in the CI section: MAXJT will be increased to 
 24
        1  12  100    1    -4.31489197    0.00E+00  -0.21E+00*   4  21 1  0.37E+00*  0.35   0.00    SX    NO    0:00:48
        No convergence in the CI section: MAXJT will be increased to 
 36
        2  24  100    1    -5.45188521   -0.11E+01* -0.16E+00*   4  21 1  0.30E+00*  0.21   0.00    SX    NO    0:00:41
        3   4  100    1    -5.92877998   -0.48E+00*  0.12E+00*   2  14 1 -0.17E+00*  0.16   0.00    SX    NO    0:00:11
        4   4   83    1    -6.05320007   -0.12E+00* -0.10E+00*   2  14 1 -0.70E-01*  0.14   0.00    SX    NO    0:00:12
        5   4   34    1    -6.07251505   -0.19E-01* -0.45E-01    2  14 1 -0.25E-01*  0.12   1.55    LS   YES    0:00:11
        6   5   17    1    -6.07532642   -0.28E-02* -0.13E+00*   3  31 1 -0.63E-02*  0.11   1.24    QN   YES    0:00:13
        7   6   24    1    -6.07638743   -0.11E-02* -0.46E+00*   3  31 1 -0.35E-02*  0.09   1.24    QN   YES    0:00:14
        8  11  100    1    -6.09727132   -0.21E-01* -0.75E+00*  12  14 1 -0.79E-02*  0.04   1.24    QN   YES    0:00:22
 ###############################################################################
 ###############################################################################
 ###                                                                         ###
 ###                                                                         ###
 ###    Large orbital rotation.                                              ###
 ###                                                                         ###
 ###                                                                         ###
 ###############################################################################
 ###############################################################################
      Molecular orbital  12 of symmetry 1 MO space 2  weight is    0.460803
        9   6   68    1    -6.11385948   -0.17E-01* -0.51E+00*  12  14 1  0.19E-01*  0.00   1.24    QN   YES    0:00:14
       10   7  100    1    -6.14736021   -0.34E-01*  0.30E+00*  12  14 1 -0.32E-01*  0.00   0.00    SX    NO    0:00:16
       11  10   24    1    -6.20615972   -0.59E-01*  0.18E-01    3  15 1 -0.17E-01*  0.00   0.92    QN   YES    0:00:21
       12   4   19    1    -6.20968619   -0.35E-02*  0.23E-01   12  45 1 -0.79E-02*  0.00   1.60    QN   YES    0:00:11
       13   9   14    1    -6.21120383   -0.15E-02*  0.36E-02   12  45 1 -0.11E-02*  0.00   1.11    QN   YES    0:00:19
       14   7   12    1    -6.21125261   -0.49E-04* -0.60E-03    9  31 1 -0.28E-03*  0.00   1.06    QN   YES    0:00:16
       15   9   11    1    -6.21125660   -0.40E-05*  0.32E-03    9  31 1 -0.11E-03*  0.00   1.04    QN   YES    0:00:19
       16   9    9    1    -6.21125712   -0.52E-06*  0.41E-04    5  15 1 -0.21E-04   0.00   1.01    QN   YES    0:00:19
       17   6    8    1    -6.21125714   -0.20E-07*  0.11E-04    2  24 1  0.67E-05   0.00   1.06    QN   YES    0:00:14
       18   1    6    1    -6.21125714   -0.93E-09  -0.34E-05    5  15 1 -0.19E-05   0.00   0.90    QN   YES    0:00:07
      Convergence after 18 iterations
 
  Dmat in MO in SXCTL bf call to SXHAM                                                                                    
  mat. size =    12x   12
 
        1.8090039838393659
       -0.0000274176177290      1.7792247112021495
       -0.0223166550293666     -0.0000378988192854      1.7299683704540603
       -0.0000142637965564      0.0221696627181409      0.0000201616913740      1.6562559952763434
       -0.0045802251592213     -0.0000075147587852     -0.0594044072264236      0.0000069031429974      1.6063594985226872
       -0.0000753943544186      0.0629347660794937     -0.0000462812278999     -0.0348340247152496     -0.0000043380013208
        1.4699211059590738
       -0.0185099164382600      0.0000558439449100      0.1626846925546599     -0.0001020112481562     -0.0021547521313152
       -0.0000331696368142      0.2612167291900154
       -0.0000349357417518     -0.0622345393424334      0.0000622992939245     -0.1617817332333999     -0.0000617486819820
       -0.0271825938263797      0.0000084214322480      0.2402570543589404
       -0.0245423406364256     -0.0000704108010077     -0.1076393278257652      0.0000383310451433     -0.1319577680402520
        0.0000160297443376      0.0271819513884920      0.0000151218486720      0.5632270144412715
       -0.0001950900303465      0.0287547208810198     -0.0001291739823322      0.1876272781391659      0.0000003244981364
       -0.1203169490237344     -0.0000288970878602      0.0564968770252603      0.0000072241431077      0.3540429413582499
       -0.0286869183427311      0.0102858285204767     -0.0268951301423367     -0.0021059353352308      0.0099815128842362
        0.0274080949729983      0.0316183581137769      0.0078281009012274     -0.0588608086754918      0.0517401835831800
        0.2654426413012496
        0.0268723605641079      0.0129387755461475      0.0254698542396009     -0.0012102622303760     -0.0081616635212576
        0.0318425454092053     -0.0277103745241451      0.0087662916500230      0.0513472447733876      0.0589047087738647
       -0.0018640969043879      0.2650799540965936
       19   1    6    1    -6.21125714   -0.51E-10  -0.34E-05    4  24 1 -0.29E-06   0.00   0.90    QN   YES    0:00:08
 
      ************************************************************************************************************************
                                                      Wave function printout:
                       occupation of active orbitals, and spin coupling of open shells (u,d: Spin up or down)
      ************************************************************************************************************************
 
      Note: transformation to natural orbitals
      has been made, which may change the order of the CSFs.
 
      printout of CI-coefficients larger than  0.05 for root  1
      energy=      -6.211257
      conf/sym  111111111111     Coeff  Weight
             1  222222000000   0.58503 0.34226
            43  222220002000  -0.22512 0.05068
            47  222220000200  -0.05658 0.00320
            67  2222ud00ud00  -0.20850 0.04347
            89  222u2d000200  -0.06077 0.00369
            92  222u2d00u0d0   0.14920 0.02226
           114  22u22d000ud0   0.06075 0.00369
           118  22u22d00u00d  -0.12119 0.01469
           125  2u222du0d000   0.10792 0.01165
           147  u2222d0ud000  -0.12152 0.01477
           149  u2222du00d00  -0.05412 0.00293
           169  222202002000  -0.06215 0.00386
           173  222202000200  -0.11259 0.01268
           176  22220200u0d0   0.05966 0.00356
           193  222ud200ud00  -0.05042 0.00254
           198  222ud2000ud0   0.12436 0.01547
           202  222ud200u00d  -0.05990 0.00359
           224  22u2d2000u0d  -0.10022 0.01004
           231  2u22d20ud000   0.05545 0.00307
           233  2u22d2u00d00   0.09464 0.00896
           246  2u22d20000ud  -0.05059 0.00256
           251  u222d2u0d000  -0.05207 0.00271
           255  u222d20u0d00  -0.07522 0.00566
           283  222022000020  -0.07250 0.00526
           296  22ud22u00d00  -0.05152 0.00265
           309  22ud220000ud   0.09115 0.00831
           321  2u2d22u000d0  -0.07038 0.00495
           343  u22d220u00d0   0.06394 0.00409
           373  220222000002  -0.05219 0.00272
           389  2ud222u0000d   0.06410 0.00411
           411  u2d2220u000d  -0.05853 0.00343
           438  ud2222ud0000   0.05706 0.00326
           484  2222uu00dd00   0.06462 0.00418
           502  222u2u00d0d0  -0.05780 0.00334
           521  22u22u00d00d   0.05125 0.00263
           541  u2222u0dd000  -0.05263 0.00277
          5623  222200002200   0.08009 0.00641
          5742  222ud0002ud0  -0.07257 0.00527
          5877  22u2d0002u0d   0.05684 0.00323
          5931  2u22d0u02d00   0.05046 0.00255
          7218  222u0d00u2d0  -0.05424 0.00294
 
      Natural orbitals and occupation numbers for root  1
      sym 1:   1.819266   1.799913   1.764353   1.704970   1.608574   1.459447   0.188865   0.167361   0.559666   0.402174
               0.296186   0.229224
 
      ************************************************************************************************************************
      *                                                                                                                      *
      *                                                    Final results                                                     *
      *                                                                                                                      *
      ************************************************************************************************************************
 
 
++    Wave function specifications:
      -----------------------------
 
      Number of closed shell electrons           0
      Number of electrons in active shells      12
      Max number of holes in RAS1 space          0
      Max nr of electrons in RAS3 space          0
      Number of inactive orbitals                0
      Number of active orbitals                 12
      Number of secondary orbitals              48
      Spin quantum number                      0.0
      State symmetry                             1
--
 
++    Orbital specifications:
      -----------------------
 
      Symmetry species                           1
                                                 a
      Frozen orbitals                            0
      Inactive orbitals                          0
      Active orbitals                           12
      RAS1 orbitals                              0
      RAS2 orbitals                             12
      RAS3 orbitals                              0
      Secondary orbitals                        48
      Deleted orbitals                           0
      Number of basis functions                 60
--
 
++    CI expansion specifications:
      ----------------------------
 
      Number of CSFs                        226512
      Number of determinants                427350
      Number of root(s) required                 1
      CI root used                               1
      highest root included in the CI            1
      Root passed to geometry opt.               1
--
 
++    Final optimization conditions:
      ------------------------------
 
      Average CI energy                              -6.21125714
      RASSCF energy for state  1                     -6.21125714
      Super-CI energy                                -0.00000000
      RASSCF energy change                            0.00000000
      Max change in MO coefficients              -0.340E-05
      Max non-diagonal density matrix element    -0.336E-05
      Maximum BLB matrix element                 -0.290E-06
      (orbital pair   4,  24 in symmetry   1)
      Norm of electronic gradient            0.959E-06
--
 
 
      Final state energy(ies):
      ------------------------
 
::    RASSCF root number  1 Total energy:     -6.21125714
 
++    Molecular orbitals:
      -------------------
 
      Pseudonatural active orbitals and approximate occupation numbers
 
 
 
 
      Molecular orbitals for symmetry species 1: a  
 
 
      Orbital                1         2         3         4         5         6         7         8         9        10
      Energy            0.0000    0.0000    0.0000    0.0000    0.0000    0.0000    0.0000    0.0000    0.0000    0.0000
      Occ. No.          1.8193    1.7999    1.7644    1.7050    1.6086    1.4594    0.1889    0.1674    0.5597    0.4022
 
    1 H1     1s         0.0882    0.1763    0.2564   -0.3133    0.3225   -0.2448   -0.3119   -0.1678   -0.2909   -0.4248
    2 H1     2s         0.0029    0.0064    0.0115   -0.0183    0.0247   -0.0233   -0.0352   -0.0203   -0.0280   -0.0392
    3 H1     2px        0.0000    0.0000   -0.0000   -0.0000    0.0000   -0.0000   -0.0000   -0.0000   -0.0000   -0.0000
    4 H1     2py        0.0000    0.0000    0.0000   -0.0000    0.0000   -0.0000   -0.0000   -0.0000   -0.0000   -0.0000
    5 H1     2pz        0.0034    0.0061    0.0074   -0.0071    0.0053   -0.0028   -0.0048   -0.0029   -0.0020   -0.0035
    6 H2     1s         0.1370    0.2542    0.3260   -0.3311    0.2640   -0.1434    0.5097    0.3033    0.0898    0.2783
    7 H2     2s         0.0021    0.0091    0.0230   -0.0405    0.0510   -0.0409    0.1010    0.0640   -0.0086    0.0224
    8 H2     2px       -0.0000   -0.0000   -0.0000    0.0000   -0.0000    0.0000   -0.0000   -0.0000   -0.0000   -0.0000
    9 H2     2py       -0.0000   -0.0000   -0.0000    0.0000   -0.0000    0.0000   -0.0000   -0.0000   -0.0000   -0.0000
   10 H2     2pz        0.0025    0.0027   -0.0006    0.0061   -0.0105    0.0098   -0.0018   -0.0012    0.0076    0.0067
   11 H3     1s         0.2085    0.3030    0.2161    0.0259   -0.2847    0.3512   -0.6093   -0.4387    0.4003    0.3377
   12 H3     2s         0.0076    0.0108    0.0043    0.0166   -0.0468    0.0580   -0.1230   -0.0901    0.0605    0.0434
   13 H3     2px       -0.0000   -0.0000   -0.0000   -0.0000    0.0000   -0.0000    0.0000    0.0000   -0.0000   -0.0000
   14 H3     2py       -0.0000   -0.0000   -0.0000   -0.0000    0.0000   -0.0000    0.0000    0.0000   -0.0000   -0.0000
   15 H3     2pz        0.0023    0.0006   -0.0049    0.0096   -0.0091    0.0043   -0.0040   -0.0027   -0.0027   -0.0044
   16 H4     1s         0.2459    0.2915    0.0909    0.2022   -0.3507    0.2484    0.5712    0.5323   -0.2348   -0.4681
   17 H4     2s         0.0056    0.0140    0.0138    0.0095   -0.0448    0.0512    0.1127    0.1136   -0.0217   -0.0755
   18 H4     2px       -0.0000   -0.0000   -0.0000    0.0000    0.0000    0.0000   -0.0000   -0.0000   -0.0000   -0.0000
   19 H4     2py       -0.0000   -0.0000   -0.0000    0.0000    0.0000    0.0000   -0.0000   -0.0000   -0.0000   -0.0000
   20 H4     2pz        0.0018   -0.0022   -0.0078    0.0061    0.0039   -0.0103   -0.0022   -0.0028   -0.0069   -0.0010
   21 H5     1s         0.2869    0.1841   -0.1781    0.3008    0.0338   -0.3771   -0.3886   -0.6051   -0.4147    0.0131
   22 H5     2s         0.0090    0.0026   -0.0172    0.0224    0.0171   -0.0646   -0.0833   -0.1269   -0.0581    0.0182
   23 H5     2px        0.0000   -0.0000    0.0000    0.0000   -0.0000    0.0000   -0.0000   -0.0000   -0.0000   -0.0000
   24 H5     2py        0.0000   -0.0000    0.0000    0.0000    0.0000    0.0000   -0.0000   -0.0000   -0.0000   -0.0000
   25 H5     2pz        0.0011   -0.0044   -0.0070   -0.0013    0.0101   -0.0076   -0.0029   -0.0029    0.0047    0.0055
   26 H6     1s         0.3007    0.0898   -0.2782    0.1840    0.2369   -0.3382    0.1535    0.6386    0.3529    0.3593
   27 H6     2s         0.0083    0.0090   -0.0129    0.0243    0.0207   -0.0622    0.0257    0.1353    0.0440    0.0699
   28 H6     2px       -0.0000   -0.0000   -0.0000    0.0000   -0.0000    0.0000   -0.0000   -0.0000    0.0000   -0.0000
   29 H6     2py       -0.0000   -0.0000   -0.0000    0.0000   -0.0000    0.0000   -0.0000   -0.0000    0.0000   -0.0000
   30 H6     2pz        0.0004   -0.0056   -0.0026   -0.0086    0.0045    0.0098    0.0005   -0.0031    0.0063   -0.0034
   31 H7     1s         0.3007   -0.0898   -0.2782   -0.1840    0.2369    0.3382    0.1535   -0.6386    0.3529   -0.3593
   32 H7     2s         0.0083   -0.0090   -0.0129   -0.0243    0.0207    0.0622    0.0257   -0.1353    0.0440   -0.0699
   33 H7     2px        0.0000   -0.0000    0.0000    0.0000    0.0000    0.0000    0.0000   -0.0000   -0.0000   -0.0000
   34 H7     2py        0.0000   -0.0000    0.0000    0.0000    0.0000    0.0000    0.0000   -0.0000   -0.0000   -0.0000
   35 H7     2pz       -0.0004   -0.0056    0.0026   -0.0086   -0.0045    0.0098   -0.0005   -0.0031   -0.0063   -0.0034
   36 H8     1s         0.2869   -0.1841   -0.1781   -0.3008    0.0338    0.3771   -0.3886    0.6051   -0.4147   -0.0131
   37 H8     2s         0.0090   -0.0026   -0.0172   -0.0224    0.0171    0.0646   -0.0833    0.1269   -0.0581   -0.0182
   38 H8     2px       -0.0000   -0.0000   -0.0000    0.0000   -0.0000    0.0000    0.0000   -0.0000    0.0000   -0.0000
   39 H8     2py       -0.0000   -0.0000   -0.0000    0.0000   -0.0000    0.0000    0.0000   -0.0000    0.0000   -0.0000
   40 H8     2pz       -0.0011   -0.0044    0.0070   -0.0013   -0.0101   -0.0076    0.0029   -0.0029   -0.0047    0.0055
   41 H9     1s         0.2459   -0.2915    0.0909   -0.2022   -0.3507   -0.2484    0.5712   -0.5323   -0.2348    0.4681
   42 H9     2s         0.0056   -0.0140    0.0138   -0.0095   -0.0448   -0.0512    0.1127   -0.1136   -0.0217    0.0755
   43 H9     2px        0.0000   -0.0000    0.0000    0.0000   -0.0000    0.0000    0.0000   -0.0000    0.0000   -0.0000
   44 H9     2py        0.0000   -0.0000    0.0000    0.0000   -0.0000    0.0000    0.0000   -0.0000    0.0000   -0.0000
   45 H9     2pz       -0.0018   -0.0022    0.0078    0.0061   -0.0039   -0.0103    0.0022   -0.0028    0.0069   -0.0010
   46 H10    1s         0.2085   -0.3030    0.2161   -0.0259   -0.2846   -0.3512   -0.6093    0.4387    0.4003   -0.3377
   47 H10    2s         0.0076   -0.0108    0.0043   -0.0166   -0.0468   -0.0580   -0.1230    0.0901    0.0605   -0.0434
   48 H10    2px        0.0000   -0.0000    0.0000   -0.0000   -0.0000    0.0000   -0.0000    0.0000    0.0000   -0.0000
   49 H10    2py        0.0000   -0.0000    0.0000   -0.0000   -0.0000    0.0000   -0.0000    0.0000    0.0000   -0.0000
   50 H10    2pz       -0.0023    0.0006    0.0049    0.0096    0.0091    0.0043    0.0040   -0.0027    0.0027   -0.0044
   51 H11    1s         0.1370   -0.2542    0.3260    0.3311    0.2640    0.1434    0.5097   -0.3033    0.0898   -0.2783
   52 H11    2s         0.0021   -0.0091    0.0230    0.0405    0.0510    0.0409    0.1010   -0.0640   -0.0086   -0.0224
   53 H11    2px        0.0000   -0.0000    0.0000    0.0000    0.0000    0.0000    0.0000   -0.0000    0.0000   -0.0000
   54 H11    2py        0.0000   -0.0000    0.0000    0.0000    0.0000    0.0000    0.0000   -0.0000    0.0000   -0.0000
   55 H11    2pz       -0.0025    0.0027    0.0006    0.0061    0.0105    0.0098    0.0018   -0.0012   -0.0076    0.0067
   56 H12    1s         0.0882   -0.1763    0.2564    0.3133    0.3225    0.2448   -0.3119    0.1678   -0.2909    0.4248
   57 H12    2s         0.0029   -0.0064    0.0115    0.0183    0.0247    0.0233   -0.0352    0.0203   -0.0280    0.0392
   58 H12    2px       -0.0000    0.0000   -0.0000   -0.0000   -0.0000   -0.0000    0.0000   -0.0000    0.0000   -0.0000
   59 H12    2py       -0.0000    0.0000    0.0000   -0.0000   -0.0000   -0.0000    0.0000   -0.0000    0.0000   -0.0000
   60 H12    2pz       -0.0034    0.0061   -0.0074   -0.0071   -0.0053   -0.0028    0.0048   -0.0029    0.0020   -0.0035
 
 
      Orbital               11        12        13        14        15        16        17        18        19        20
      Energy            0.0000    0.0000    0.2919    0.3085    0.3376    0.3839    0.4533    0.5505    0.6724    0.6774
      Occ. No.          0.2962    0.2292    0.0000    0.0000    0.0000    0.0000    0.0000    0.0000    0.0000    0.0000
 
    1 H1     1s         0.4579   -0.4138   -0.0585    0.0787    0.0400   -0.0524    0.1751    0.2986   -0.3842    0.0000
    2 H1     2s         0.0435   -0.0426    0.1704   -0.3305   -0.4607   -0.5504    0.6037    0.6205   -0.5747    0.0000
    3 H1     2px        0.0000    0.0000    0.0000   -0.0000    0.0000    0.0000   -0.0000   -0.0000    0.0000   -0.0579
    4 H1     2py        0.0000   -0.0000   -0.0000    0.0000    0.0000    0.0000   -0.0000   -0.0000   -0.0000   -0.0541
    5 H1     2pz        0.0047   -0.0053   -0.0237    0.0401    0.0446    0.0390   -0.0314   -0.0335    0.0623   -0.0000
    6 H2     1s        -0.4692    0.5646   -0.1126    0.1752    0.1683    0.1215   -0.0995   -0.1604    0.3039   -0.0000
    7 H2     2s        -0.0674    0.0999    0.1217   -0.1858   -0.1510   -0.0062   -0.2344   -0.5416    0.8359   -0.0000
    8 H2     2px        0.0000   -0.0000    0.0000    0.0000    0.0000    0.0000   -0.0000   -0.0000    0.0000   -0.1111
    9 H2     2py        0.0000   -0.0000    0.0000   -0.0000    0.0000    0.0000   -0.0000   -0.0000   -0.0000   -0.1038
   10 H2     2pz       -0.0026   -0.0007    0.0007   -0.0142   -0.0414   -0.0715    0.0899    0.0875   -0.0731   -0.0000
   11 H3     1s         0.0216   -0.4254   -0.1158    0.1235    0.0252   -0.0732    0.0687   -0.0207    0.0454    0.0000
   12 H3     2s         0.0183   -0.0883    0.1765   -0.2418   -0.1379    0.1022   -0.3555   -0.4470    0.2161    0.0000
   13 H3     2px       -0.0000    0.0000    0.0000    0.0000    0.0000    0.0000   -0.0000   -0.0000    0.0000   -0.1600
   14 H3     2py       -0.0000    0.0000    0.0000    0.0000    0.0000    0.0000   -0.0000   -0.0000   -0.0000   -0.1495
   15 H3     2pz        0.0047   -0.0045   -0.0097    0.0008   -0.0217   -0.0319    0.0070   -0.0452    0.0865    0.0000
   16 H4     1s         0.3565    0.1248   -0.1335    0.1231   -0.0010   -0.0817    0.0435    0.0212   -0.1534   -0.0000
   17 H4     2s         0.0732    0.0142    0.1932   -0.1830    0.0496    0.3096   -0.3171    0.0654   -0.6079    0.0000
   18 H4     2px        0.0000   -0.0000   -0.0000    0.0000    0.0000    0.0000   -0.0000   -0.0000    0.0000   -0.1994
   19 H4     2py        0.0000   -0.0000   -0.0000    0.0000    0.0000    0.0000   -0.0000   -0.0000   -0.0000   -0.1863
   20 H4     2pz       -0.0039    0.0020   -0.0036   -0.0145   -0.0341   -0.0176   -0.0328   -0.0599    0.0135   -0.0000
   21 H5     1s        -0.4990    0.2960   -0.1454    0.0671   -0.0913   -0.0813   -0.0214    0.0364   -0.1098   -0.0000
   22 H5     2s        -0.0934    0.0495    0.2106   -0.1326    0.1661    0.2974    0.0258    0.5131   -0.4105   -0.0000
   23 H5     2px        0.0000   -0.0000   -0.0000    0.0000    0.0000    0.0000   -0.0000   -0.0000    0.0000   -0.2277
   24 H5     2py        0.0000   -0.0000   -0.0000    0.0000    0.0000    0.0000   -0.0000   -0.0000   -0.0000   -0.2128
   25 H5     2pz       -0.0025   -0.0008   -0.0040   -0.0169   -0.0246    0.0176   -0.0588   -0.0195   -0.0415    0.0000
   26 H6     1s         0.2572   -0.5251   -0.1502    0.0368   -0.1154   -0.0503   -0.0305    0.0083    0.1374   -0.0000
   27 H6     2s         0.0360   -0.1038    0.2185   -0.0382    0.2573    0.1132    0.3635    0.2864    0.5309   -0.0000
   28 H6     2px        0.0000   -0.0000    0.0000    0.0000   -0.0000    0.0000   -0.0000   -0.0000    0.0000   -0.2422
   29 H6     2py       -0.0000   -0.0000    0.0000    0.0000   -0.0000    0.0000    0.0000   -0.0000   -0.0000   -0.2263
   30 H6     2pz        0.0027    0.0031   -0.0002   -0.0212   -0.0085    0.0418   -0.0251    0.0556   -0.0493   -0.0000
   31 H7     1s         0.2572    0.5251   -0.1502   -0.0368   -0.1154    0.0503   -0.0305   -0.0083    0.1374   -0.0000
   32 H7     2s         0.0360    0.1038    0.2185    0.0382    0.2573   -0.1132    0.3635   -0.2864    0.5309    0.0000
   33 H7     2px       -0.0000   -0.0000   -0.0000    0.0000    0.0000    0.0000    0.0000   -0.0000    0.0000   -0.2422
   34 H7     2py       -0.0000   -0.0000   -0.0000    0.0000   -0.0000    0.0000    0.0000   -0.0000   -0.0000   -0.2263
   35 H7     2pz       -0.0027    0.0031    0.0002   -0.0212    0.0085    0.0418    0.0251    0.0556    0.0493   -0.0000
   36 H8     1s        -0.4990   -0.2960   -0.1454   -0.0671   -0.0913    0.0813   -0.0214   -0.0364   -0.1098    0.0000
   37 H8     2s        -0.0934   -0.0495    0.2106    0.1326    0.1661   -0.2974    0.0258   -0.5131   -0.4105    0.0000
   38 H8     2px       -0.0000   -0.0000    0.0000    0.0000   -0.0000    0.0000    0.0000   -0.0000   -0.0000   -0.2277
   39 H8     2py       -0.0000   -0.0000    0.0000    0.0000   -0.0000    0.0000    0.0000   -0.0000   -0.0000   -0.2128
   40 H8     2pz        0.0025   -0.0008    0.0040   -0.0169    0.0246    0.0176    0.0588   -0.0195    0.0415    0.0000
   41 H9     1s         0.3565   -0.1248   -0.1335   -0.1231   -0.0010    0.0817    0.0435   -0.0212   -0.1534    0.0000
   42 H9     2s         0.0732   -0.0142    0.1932    0.1830    0.0496   -0.3096   -0.3171   -0.0654   -0.6079    0.0000
   43 H9     2px       -0.0000   -0.0000    0.0000    0.0000   -0.0000    0.0000    0.0000   -0.0000   -0.0000   -0.1994
   44 H9     2py       -0.0000   -0.0000    0.0000    0.0000   -0.0000    0.0000    0.0000   -0.0000   -0.0000   -0.1863
   45 H9     2pz        0.0039    0.0020    0.0036   -0.0145    0.0341   -0.0176    0.0328   -0.0599   -0.0135   -0.0000
   46 H10    1s         0.0217    0.4254   -0.1158   -0.1235    0.0252    0.0732    0.0687    0.0207    0.0454   -0.0000
   47 H10    2s         0.0183    0.0883    0.1765    0.2418   -0.1379   -0.1022   -0.3555    0.4470    0.2161   -0.0000
   48 H10    2px        0.0000    0.0000   -0.0000    0.0000   -0.0000    0.0000    0.0000   -0.0000   -0.0000   -0.1600
   49 H10    2py        0.0000    0.0000   -0.0000    0.0000   -0.0000    0.0000    0.0000   -0.0000   -0.0000   -0.1495
   50 H10    2pz       -0.0047   -0.0045    0.0097    0.0008    0.0217   -0.0319   -0.0070   -0.0452   -0.0865    0.0000
   51 H11    1s        -0.4692   -0.5646   -0.1126   -0.1752    0.1683   -0.1215   -0.0995    0.1604    0.3039    0.0000
   52 H11    2s        -0.0674   -0.0999    0.1217    0.1858   -0.1510    0.0062   -0.2344    0.5416    0.8359    0.0000
   53 H11    2px       -0.0000   -0.0000   -0.0000    0.0000   -0.0000    0.0000    0.0000   -0.0000   -0.0000   -0.1111
   54 H11    2py       -0.0000   -0.0000   -0.0000    0.0000   -0.0000    0.0000    0.0000   -0.0000   -0.0000   -0.1038
   55 H11    2pz        0.0026   -0.0007   -0.0007   -0.0142    0.0414   -0.0715   -0.0899    0.0875    0.0731   -0.0000
   56 H12    1s         0.4579    0.4138   -0.0585   -0.0787    0.0400    0.0524    0.1751   -0.2986   -0.3842   -0.0000
   57 H12    2s         0.0435    0.0426    0.1704    0.3305   -0.4607    0.5504    0.6037   -0.6205   -0.5747    0.0000
   58 H12    2px       -0.0000   -0.0000    0.0000    0.0000   -0.0000    0.0000    0.0000   -0.0000   -0.0000   -0.0579
   59 H12    2py       -0.0000   -0.0000    0.0000    0.0000   -0.0000    0.0000    0.0000   -0.0000   -0.0000   -0.0541
   60 H12    2pz       -0.0047   -0.0053    0.0237    0.0401   -0.0446    0.0390    0.0314   -0.0335   -0.0623   -0.0000
 
 
      Orbital               21        22        23        24        25        26        27        28        29        30
      Energy            0.6774    0.6990    0.6990    0.7342    0.7342    0.7742    0.7830    0.7830    0.8031    0.8255
      Occ. No.          0.0000    0.0000    0.0000    0.0000    0.0000    0.0000    0.0000    0.0000    0.0000    0.0000
 
    1 H1     1s         0.0000   -0.0000   -0.0000    0.0000    0.0000   -0.0138   -0.0000   -0.0000    0.3477   -0.2115
    2 H1     2s         0.0000   -0.0000   -0.0000    0.0000    0.0000    0.1144    0.0000    0.0000    0.2800   -0.4104
    3 H1     2px        0.0541   -0.1562    0.0242    0.1792   -0.1486    0.0000   -0.2917    0.0647   -0.0000    0.0000
    4 H1     2py       -0.0579   -0.0242   -0.1562    0.1486    0.1792    0.0000   -0.0647   -0.2917   -0.0000    0.0000
    5 H1     2pz       -0.0000    0.0000    0.0000   -0.0000   -0.0000    0.1224    0.0000    0.0000   -0.2272   -0.1045
    6 H2     1s        -0.0000   -0.0000   -0.0000   -0.0000   -0.0000   -0.0147    0.0000    0.0000   -0.3646    0.2964
    7 H2     2s        -0.0000    0.0000    0.0000   -0.0000   -0.0000   -0.1151    0.0000    0.0000   -0.7621    0.7315
    8 H2     2px        0.1038   -0.2722    0.0422    0.2632   -0.2183    0.0000   -0.3239    0.0718   -0.0000    0.0000
    9 H2     2py       -0.1111   -0.0422   -0.2722    0.2183    0.2632    0.0000   -0.0718   -0.3239   -0.0000    0.0000
   10 H2     2pz        0.0000   -0.0000   -0.0000   -0.0000    0.0000   -0.1655   -0.0000   -0.0000    0.2032    0.1920
   11 H3     1s         0.0000    0.0000    0.0000    0.0000    0.0000   -0.0080   -0.0000   -0.0000    0.1301   -0.0639
   12 H3     2s        -0.0000    0.0000    0.0000    0.0000    0.0000    0.0239   -0.0000   -0.0000    0.3306   -0.1809
   13 H3     2px        0.1495   -0.3305    0.0512    0.2190   -0.1816    0.0000   -0.0813    0.0180    0.0000   -0.0000
   14 H3     2py       -0.1600   -0.0512   -0.3305    0.1816    0.2190    0.0000   -0.0180   -0.0813    0.0000   -0.0000
   15 H3     2pz       -0.0000    0.0000    0.0000    0.0000   -0.0000    0.2184    0.0000    0.0000   -0.2136   -0.2237
   16 H4     1s         0.0000   -0.0000   -0.0000   -0.0000   -0.0000    0.0016    0.0000    0.0000    0.1853   -0.2156
   17 H4     2s         0.0000   -0.0000   -0.0000    0.0000    0.0000   -0.0233    0.0000    0.0000    0.4983   -0.6014
   18 H4     2px        0.1863   -0.3122    0.0484    0.0650   -0.0539   -0.0000    0.2297   -0.0509    0.0000   -0.0000
   19 H4     2py       -0.1994   -0.0484   -0.3122    0.0539    0.0650   -0.0000    0.0509    0.2297    0.0000   -0.0000
   20 H4     2pz       -0.0000   -0.0000   -0.0000   -0.0000   -0.0000   -0.2648   -0.0000   -0.0000    0.1695    0.2162
   21 H5     1s         0.0000    0.0000    0.0000   -0.0000   -0.0000    0.0268   -0.0000   -0.0000   -0.1090    0.1566
   22 H5     2s         0.0000   -0.0000   -0.0000   -0.0000   -0.0000    0.0960    0.0000    0.0000   -0.2812    0.4761
   23 H5     2px        0.2128   -0.2220    0.0344   -0.1226    0.1016   -0.0000    0.3443   -0.0763    0.0000   -0.0000
   24 H5     2py       -0.2277   -0.0344   -0.2220   -0.1016   -0.1226   -0.0000    0.0763    0.3443    0.0000   -0.0000
   25 H5     2pz        0.0000    0.0000    0.0000    0.0000    0.0000    0.2942    0.0000    0.0000   -0.0831   -0.1691
   26 H6     1s        -0.0000    0.0000    0.0000    0.0000   -0.0000   -0.0204   -0.0000   -0.0000   -0.2107    0.1017
   27 H6     2s        -0.0000    0.0000    0.0000   -0.0000   -0.0000   -0.0615   -0.0000   -0.0000   -0.6386    0.2075
   28 H6     2px        0.2263   -0.0805    0.0125   -0.2473    0.2051   -0.0000    0.1618   -0.0359    0.0000    0.0000
   29 H6     2py       -0.2422   -0.0125   -0.0805   -0.2051   -0.2473   -0.0000    0.0359    0.1618    0.0000    0.0000
   30 H6     2pz        0.0000   -0.0000   -0.0000   -0.0000   -0.0000   -0.3048   -0.0000   -0.0000    0.0188    0.0659
   31 H7     1s        -0.0000    0.0000    0.0000   -0.0000    0.0000   -0.0204   -0.0000   -0.0000    0.2107   -0.1017
   32 H7     2s        -0.0000    0.0000    0.0000    0.0000    0.0000   -0.0615   -0.0000   -0.0000    0.6386   -0.2075
   33 H7     2px        0.2263    0.0805   -0.0125   -0.2473    0.2051    0.0000   -0.1618    0.0359    0.0000    0.0000
   34 H7     2py       -0.2422    0.0125    0.0805   -0.2051   -0.2473    0.0000   -0.0359   -0.1618    0.0000    0.0000
   35 H7     2pz       -0.0000    0.0000    0.0000   -0.0000   -0.0000    0.3048    0.0000    0.0000    0.0188    0.0659
   36 H8     1s         0.0000    0.0000    0.0000    0.0000    0.0000    0.0268   -0.0000   -0.0000    0.1090   -0.1566
   37 H8     2s         0.0000   -0.0000   -0.0000    0.0000    0.0000    0.0960    0.0000    0.0000    0.2812   -0.4761
   38 H8     2px        0.2128    0.2220   -0.0344   -0.1226    0.1016    0.0000   -0.3443    0.0763    0.0000   -0.0000
   39 H8     2py       -0.2277    0.0344    0.2220   -0.1016   -0.1226    0.0000   -0.0763   -0.3443    0.0000   -0.0000
   40 H8     2pz       -0.0000   -0.0000   -0.0000    0.0000    0.0000   -0.2942   -0.0000   -0.0000   -0.0831   -0.1691
   41 H9     1s         0.0000   -0.0000   -0.0000    0.0000    0.0000    0.0016    0.0000    0.0000   -0.1853    0.2156
   42 H9     2s         0.0000   -0.0000   -0.0000   -0.0000   -0.0000   -0.0233    0.0000    0.0000   -0.4983    0.6014
   43 H9     2px        0.1863    0.3122   -0.0484    0.0650   -0.0539    0.0000   -0.2297    0.0509    0.0000   -0.0000
   44 H9     2py       -0.1994    0.0484    0.3122    0.0539    0.0650    0.0000   -0.0509   -0.2297    0.0000   -0.0000
   45 H9     2pz        0.0000    0.0000    0.0000   -0.0000   -0.0000    0.2648    0.0000    0.0000    0.1695    0.2162
   46 H10    1s        -0.0000    0.0000    0.0000   -0.0000   -0.0000   -0.0080   -0.0000   -0.0000   -0.1301    0.0639
   47 H10    2s        -0.0000    0.0000    0.0000   -0.0000   -0.0000    0.0239   -0.0000   -0.0000   -0.3306    0.1809
   48 H10    2px        0.1495    0.3305   -0.0512    0.2190   -0.1816   -0.0000    0.0813   -0.0180    0.0000   -0.0000
   49 H10    2py       -0.1600    0.0512    0.3305    0.1816    0.2190   -0.0000    0.0180    0.0813    0.0000   -0.0000
   50 H10    2pz        0.0000   -0.0000   -0.0000    0.0000    0.0000   -0.2184   -0.0000   -0.0000   -0.2136   -0.2237
   51 H11    1s        -0.0000   -0.0000   -0.0000    0.0000    0.0000   -0.0147    0.0000    0.0000    0.3646   -0.2964
   52 H11    2s        -0.0000    0.0000    0.0000    0.0000    0.0000   -0.1151    0.0000    0.0000    0.7621   -0.7315
   53 H11    2px        0.1038    0.2722   -0.0422    0.2632   -0.2183   -0.0000    0.3239   -0.0718   -0.0000    0.0000
   54 H11    2py       -0.1111    0.0422    0.2722    0.2183    0.2632   -0.0000    0.0718    0.3239   -0.0000    0.0000
   55 H11    2pz       -0.0000    0.0000    0.0000   -0.0000   -0.0000    0.1655    0.0000    0.0000    0.2032    0.1920
   56 H12    1s         0.0000   -0.0000   -0.0000   -0.0000   -0.0000   -0.0138   -0.0000   -0.0000   -0.3477    0.2115
   57 H12    2s         0.0000   -0.0000   -0.0000   -0.0000   -0.0000    0.1144    0.0000    0.0000   -0.2800    0.4104
   58 H12    2px        0.0541    0.1562   -0.0242    0.1792   -0.1486   -0.0000    0.2917   -0.0647   -0.0000    0.0000
   59 H12    2py       -0.0579    0.0242    0.1562    0.1486    0.1792   -0.0000    0.0647    0.2917   -0.0000    0.0000
   60 H12    2pz        0.0000   -0.0000   -0.0000   -0.0000   -0.0000   -0.1224   -0.0000   -0.0000   -0.2272   -0.1045
 
 
      Orbital               31        32        33        34        35        36        37        38        39        40
      Energy            0.8450    0.8450    0.8729    0.9135    0.9187    0.9187    0.9252    1.0044    1.0044    1.0954
      Occ. No.          0.0000    0.0000    0.0000    0.0000    0.0000    0.0000    0.0000    0.0000    0.0000    0.0000
 
    1 H1     1s         0.0000    0.0000   -0.1564    0.2778   -0.0000   -0.0000    0.1394    0.0000   -0.0000    0.0000
    2 H1     2s         0.0000    0.0000    0.0544    0.3006   -0.0000   -0.0000   -0.0115   -0.0000    0.0000    0.0000
    3 H1     2px        0.2899   -0.1992    0.0000   -0.0000   -0.3603    0.1351    0.0000    0.3427    0.2047   -0.2346
    4 H1     2py        0.1992    0.2899    0.0000   -0.0000   -0.1351   -0.3603    0.0000    0.2047   -0.3427   -0.3150
    5 H1     2pz        0.0000    0.0000    0.3126   -0.1025    0.0000    0.0000   -0.2613    0.0000   -0.0000   -0.0000
    6 H2     1s        -0.0000   -0.0000    0.1553   -0.4183    0.0000    0.0000   -0.1783   -0.0000    0.0000    0.0000
    7 H2     2s        -0.0000   -0.0000    0.2759   -0.8650    0.0000    0.0000   -0.3628    0.0000   -0.0000   -0.0000
    8 H2     2px        0.1989   -0.1367    0.0000   -0.0000   -0.0800    0.0300    0.0000   -0.0916   -0.0547    0.1730
    9 H2     2py        0.1367    0.1989    0.0000   -0.0000   -0.0300   -0.0800    0.0000   -0.0547    0.0916    0.2324
   10 H2     2pz       -0.0000   -0.0000   -0.2837   -0.0219   -0.0000   -0.0000    0.1788   -0.0000    0.0000    0.0000
   11 H3     1s        -0.0000   -0.0000   -0.2203    0.3142   -0.0000   -0.0000    0.3027    0.0000   -0.0000   -0.0000
   12 H3     2s        -0.0000   -0.0000   -0.5750    0.7084   -0.0000   -0.0000    0.7429   -0.0000    0.0000    0.0000
   13 H3     2px       -0.1459    0.1002   -0.0000    0.0000    0.3408   -0.1278   -0.0000   -0.3238   -0.1934    0.1156
   14 H3     2py       -0.1002   -0.1459   -0.0000    0.0000    0.1278    0.3408   -0.0000   -0.1934    0.3238    0.1552
   15 H3     2pz        0.0000    0.0000    0.1831    0.1100   -0.0000   -0.0000   -0.0072   -0.0000    0.0000   -0.0000
   16 H4     1s         0.0000    0.0000    0.1454    0.1117   -0.0000   -0.0000   -0.2406   -0.0000    0.0000    0.0000
   17 H4     2s         0.0000    0.0000    0.4437    0.3067   -0.0000   -0.0000   -0.5891    0.0000   -0.0000    0.0000
   18 H4     2px       -0.3019    0.2075   -0.0000    0.0000    0.1659   -0.0622   -0.0000    0.1665    0.0995   -0.2532
   19 H4     2py       -0.2075   -0.3019   -0.0000    0.0000    0.0622    0.1659   -0.0000    0.0995   -0.1665   -0.3400
   20 H4     2pz       -0.0000   -0.0000   -0.0155   -0.0984    0.0000    0.0000   -0.1709    0.0000   -0.0000   -0.0000
   21 H5     1s        -0.0000   -0.0000   -0.0089   -0.4266    0.0000    0.0000   -0.0380    0.0000   -0.0000   -0.0000
   22 H5     2s        -0.0000   -0.0000   -0.1067   -1.0296    0.0000    0.0000   -0.0960    0.0000   -0.0000   -0.0000
   23 H5     2px       -0.0706    0.0485    0.0000   -0.0000   -0.3000    0.1125    0.0000    0.2865    0.1712    0.0616
   24 H5     2py       -0.0485   -0.0706    0.0000   -0.0000   -0.1125   -0.3000    0.0000    0.1712   -0.2865    0.0827
   25 H5     2pz        0.0000    0.0000   -0.1497   -0.0160   -0.0000   -0.0000    0.2199   -0.0000    0.0000    0.0000
   26 H6     1s        -0.0000   -0.0000   -0.0224    0.2395   -0.0000   -0.0000    0.2917    0.0000   -0.0000   -0.0000
   27 H6     2s        -0.0000   -0.0000   -0.0247    0.5626   -0.0000   -0.0000    0.7451   -0.0000    0.0000    0.0000
   28 H6     2px        0.2501   -0.1719    0.0000   -0.0000   -0.2406    0.0902    0.0000   -0.2330   -0.1392    0.2089
   29 H6     2py        0.1719    0.2501    0.0000   -0.0000   -0.0902   -0.2406    0.0000   -0.1392    0.2330    0.2806
   30 H6     2pz       -0.0000   -0.0000    0.2504    0.1325   -0.0000   -0.0000   -0.0985    0.0000   -0.0000   -0.0000
   31 H7     1s         0.0000    0.0000   -0.0224    0.2395   -0.0000   -0.0000   -0.2917   -0.0000    0.0000    0.0000
   32 H7     2s         0.0000    0.0000   -0.0247    0.5626   -0.0000   -0.0000   -0.7451    0.0000   -0.0000    0.0000
   33 H7     2px        0.2501   -0.1719   -0.0000    0.0000    0.2406   -0.0902    0.0000   -0.2330   -0.1392   -0.2089
   34 H7     2py        0.1719    0.2501   -0.0000    0.0000    0.0902    0.2406    0.0000   -0.1392    0.2330   -0.2806
   35 H7     2pz       -0.0000   -0.0000   -0.2504   -0.1325    0.0000    0.0000   -0.0985    0.0000   -0.0000    0.0000
   36 H8     1s         0.0000    0.0000   -0.0089   -0.4266    0.0000    0.0000    0.0380   -0.0000    0.0000   -0.0000
   37 H8     2s         0.0000    0.0000   -0.1067   -1.0296    0.0000    0.0000    0.0960   -0.0000    0.0000   -0.0000
   38 H8     2px       -0.0706    0.0485   -0.0000    0.0000    0.3000   -0.1125    0.0000    0.2865    0.1712   -0.0616
   39 H8     2py       -0.0485   -0.0706   -0.0000    0.0000    0.1125    0.3000    0.0000    0.1712   -0.2865   -0.0827
   40 H8     2pz        0.0000    0.0000    0.1497    0.0160    0.0000    0.0000    0.2199   -0.0000    0.0000   -0.0000
   41 H9     1s        -0.0000   -0.0000    0.1454    0.1117   -0.0000   -0.0000    0.2406    0.0000   -0.0000    0.0000
   42 H9     2s        -0.0000   -0.0000    0.4437    0.3067   -0.0000   -0.0000    0.5891   -0.0000    0.0000    0.0000
   43 H9     2px       -0.3019    0.2075    0.0000   -0.0000   -0.1659    0.0622   -0.0000    0.1665    0.0995    0.2532
   44 H9     2py       -0.2075   -0.3019    0.0000   -0.0000   -0.0622   -0.1659   -0.0000    0.0995   -0.1665    0.3400
   45 H9     2pz       -0.0000   -0.0000    0.0155    0.0984   -0.0000   -0.0000   -0.1709    0.0000   -0.0000    0.0000
   46 H10    1s         0.0000    0.0000   -0.2203    0.3142   -0.0000   -0.0000   -0.3027   -0.0000    0.0000   -0.0000
   47 H10    2s         0.0000    0.0000   -0.5750    0.7084   -0.0000   -0.0000   -0.7429    0.0000   -0.0000    0.0000
   48 H10    2px       -0.1459    0.1002    0.0000   -0.0000   -0.3408    0.1278   -0.0000   -0.3238   -0.1934   -0.1156
   49 H10    2py       -0.1002   -0.1459    0.0000   -0.0000   -0.1278   -0.3408   -0.0000   -0.1934    0.3238   -0.1552
   50 H10    2pz        0.0000    0.0000   -0.1831   -0.1100    0.0000    0.0000   -0.0072   -0.0000    0.0000    0.0000
   51 H11    1s         0.0000    0.0000    0.1553   -0.4183    0.0000    0.0000    0.1783    0.0000   -0.0000    0.0000
   52 H11    2s         0.0000    0.0000    0.2759   -0.8650    0.0000    0.0000    0.3628   -0.0000    0.0000   -0.0000
   53 H11    2px        0.1989   -0.1367   -0.0000    0.0000    0.0800   -0.0300    0.0000   -0.0916   -0.0547   -0.1730
   54 H11    2py        0.1367    0.1989   -0.0000    0.0000    0.0300    0.0800    0.0000   -0.0547    0.0916   -0.2324
   55 H11    2pz       -0.0000   -0.0000    0.2837    0.0219    0.0000    0.0000    0.1788   -0.0000    0.0000   -0.0000
   56 H12    1s        -0.0000   -0.0000   -0.1564    0.2778   -0.0000   -0.0000   -0.1394   -0.0000    0.0000    0.0000
   57 H12    2s        -0.0000   -0.0000    0.0544    0.3006   -0.0000   -0.0000    0.0115    0.0000   -0.0000    0.0000
   58 H12    2px        0.2899   -0.1992   -0.0000    0.0000    0.3603   -0.1351    0.0000    0.3427    0.2047    0.2346
   59 H12    2py        0.1992    0.2899   -0.0000    0.0000    0.1351    0.3603    0.0000    0.2047   -0.3427    0.3150
   60 H12    2pz        0.0000    0.0000   -0.3126    0.1025   -0.0000   -0.0000   -0.2613    0.0000   -0.0000    0.0000
 
 
      Orbital               41        42        43        44        45        46        47        48        49        50
      Energy            1.0954    1.1877    1.1877    1.2737    1.2737    1.3445    1.3445    1.3728    1.3912    1.3912
      Occ. No.          0.0000    0.0000    0.0000    0.0000    0.0000    0.0000    0.0000    0.0000    0.0000    0.0000
 
    1 H1     1s         0.0000   -0.0000   -0.0000   -0.0000   -0.0000    0.0000    0.0000    0.3556    0.0000    0.0000
    2 H1     2s         0.0000    0.0000   -0.0000   -0.0000   -0.0000    0.0000    0.0000    0.4743    0.0000   -0.0000
    3 H1     2px       -0.3150    0.2599    0.2480   -0.1982   -0.2244    0.2157    0.0086   -0.0000   -0.1134   -0.0036
    4 H1     2py        0.2346    0.2480   -0.2599   -0.2244    0.1982   -0.0086    0.2157   -0.0000    0.0036   -0.1134
    5 H1     2pz       -0.0000   -0.0000   -0.0000   -0.0000   -0.0000    0.0000    0.0000    0.3780   -0.0000   -0.0000
    6 H2     1s         0.0000    0.0000   -0.0000    0.0000    0.0000   -0.0000   -0.0000   -0.8295   -0.0000    0.0000
    7 H2     2s        -0.0000    0.0000    0.0000    0.0000    0.0000   -0.0000   -0.0000   -0.9329   -0.0000    0.0000
    8 H2     2px        0.2324   -0.3037   -0.2898    0.3041    0.3443   -0.3909   -0.0157    0.0000    0.2250    0.0071
    9 H2     2py       -0.1730   -0.2898    0.3037    0.3443   -0.3041    0.0157   -0.3909    0.0000   -0.0071    0.2250
   10 H2     2pz        0.0000    0.0000    0.0000    0.0000    0.0000   -0.0000   -0.0000   -0.1346   -0.0000    0.0000
   11 H3     1s        -0.0000   -0.0000   -0.0000   -0.0000   -0.0000    0.0000    0.0000    0.5141    0.0000   -0.0000
   12 H3     2s         0.0000   -0.0000   -0.0000   -0.0000   -0.0000    0.0000    0.0000    0.5501    0.0000   -0.0000
   13 H3     2px        0.1552    0.0804    0.0767   -0.2536   -0.2871    0.4734    0.0190   -0.0000   -0.3221   -0.0102
   14 H3     2py       -0.1156    0.0767   -0.0804   -0.2871    0.2536   -0.0190    0.4734   -0.0000    0.0102   -0.3221
   15 H3     2pz        0.0000    0.0000    0.0000   -0.0000   -0.0000    0.0000    0.0000   -0.3327    0.0000    0.0000
   16 H4     1s         0.0000    0.0000    0.0000    0.0000    0.0000   -0.0000   -0.0000    0.4192   -0.0000   -0.0000
   17 H4     2s         0.0000    0.0000    0.0000    0.0000    0.0000   -0.0000   -0.0000    0.5026   -0.0000   -0.0000
   18 H4     2px       -0.3400    0.2119    0.2022    0.0751    0.0850   -0.4469   -0.0179    0.0000    0.4000    0.0127
   19 H4     2py        0.2532    0.2022   -0.2119    0.0850   -0.0751    0.0179   -0.4469    0.0000   -0.0127    0.4000
   20 H4     2pz       -0.0000   -0.0000    0.0000   -0.0000   -0.0000    0.0000    0.0000    0.4533   -0.0000   -0.0000
   21 H5     1s        -0.0000    0.0000   -0.0000   -0.0000   -0.0000   -0.0000   -0.0000   -0.9837    0.0000    0.0000
   22 H5     2s        -0.0000   -0.0000   -0.0000   -0.0000    0.0000   -0.0000   -0.0000   -1.1212    0.0000    0.0000
   23 H5     2px        0.0827   -0.3203   -0.3056    0.1422    0.1609    0.3168    0.0127   -0.0000   -0.4542   -0.0144
   24 H5     2py       -0.0616   -0.3056    0.3203    0.1609   -0.1422   -0.0127    0.3168   -0.0000    0.0144   -0.4542
   25 H5     2pz        0.0000    0.0000   -0.0000    0.0000    0.0000   -0.0000   -0.0000   -0.0484   -0.0000    0.0000
   26 H6     1s        -0.0000   -0.0000   -0.0000    0.0000   -0.0000    0.0000    0.0000    0.5131   -0.0000   -0.0000
   27 H6     2s         0.0000   -0.0000    0.0000    0.0000   -0.0000    0.0000    0.0000    0.5792    0.0000   -0.0000
   28 H6     2px        0.2806    0.1507    0.1438   -0.2871   -0.3250   -0.1145   -0.0046    0.0000    0.4821    0.0153
   29 H6     2py       -0.2089    0.1438   -0.1507   -0.3250    0.2871    0.0046   -0.1145    0.0000   -0.0153    0.4821
   30 H6     2pz       -0.0000   -0.0000   -0.0000    0.0000   -0.0000    0.0000    0.0000   -0.4306    0.0000    0.0000
   31 H7     1s        -0.0000    0.0000    0.0000    0.0000    0.0000   -0.0000   -0.0000    0.5131   -0.0000    0.0000
   32 H7     2s         0.0000    0.0000    0.0000   -0.0000    0.0000   -0.0000   -0.0000    0.5792   -0.0000    0.0000
   33 H7     2px       -0.2806    0.1507    0.1438    0.2871    0.3250   -0.1145   -0.0046   -0.0000   -0.4821   -0.0153
   34 H7     2py        0.2089    0.1438   -0.1507    0.3250   -0.2871    0.0046   -0.1145   -0.0000    0.0153   -0.4821
   35 H7     2pz        0.0000   -0.0000    0.0000   -0.0000   -0.0000    0.0000    0.0000    0.4306   -0.0000   -0.0000
   36 H8     1s        -0.0000   -0.0000   -0.0000   -0.0000   -0.0000    0.0000    0.0000   -0.9837    0.0000    0.0000
   37 H8     2s        -0.0000    0.0000   -0.0000   -0.0000   -0.0000    0.0000    0.0000   -1.1212    0.0000    0.0000
   38 H8     2px       -0.0827   -0.3203   -0.3056   -0.1422   -0.1609    0.3168    0.0127    0.0000    0.4542    0.0144
   39 H8     2py        0.0616   -0.3056    0.3203   -0.1609    0.1422   -0.0127    0.3168    0.0000   -0.0144    0.4542
   40 H8     2pz       -0.0000    0.0000    0.0000   -0.0000   -0.0000   -0.0000   -0.0000    0.0484   -0.0000    0.0000
   41 H9     1s         0.0000   -0.0000    0.0000    0.0000    0.0000    0.0000    0.0000    0.4192   -0.0000   -0.0000
   42 H9     2s         0.0000   -0.0000    0.0000    0.0000    0.0000    0.0000    0.0000    0.5026   -0.0000   -0.0000
   43 H9     2px        0.3400    0.2119    0.2022   -0.0751   -0.0850   -0.4469   -0.0179   -0.0000   -0.4000   -0.0127
   44 H9     2py       -0.2532    0.2022   -0.2119   -0.0850    0.0751    0.0179   -0.4469   -0.0000    0.0127   -0.4000
   45 H9     2pz        0.0000   -0.0000   -0.0000    0.0000    0.0000    0.0000    0.0000   -0.4533    0.0000   -0.0000
   46 H10    1s        -0.0000    0.0000   -0.0000   -0.0000   -0.0000   -0.0000   -0.0000    0.5141    0.0000    0.0000
   47 H10    2s         0.0000    0.0000   -0.0000   -0.0000   -0.0000   -0.0000   -0.0000    0.5501    0.0000    0.0000
   48 H10    2px       -0.1552    0.0804    0.0767    0.2536    0.2871    0.4734    0.0190    0.0000    0.3221    0.0102
   49 H10    2py        0.1156    0.0767   -0.0804    0.2871   -0.2536   -0.0190    0.4734    0.0000   -0.0102    0.3221
   50 H10    2pz       -0.0000    0.0000    0.0000    0.0000    0.0000   -0.0000   -0.0000    0.3327   -0.0000   -0.0000
   51 H11    1s         0.0000   -0.0000   -0.0000    0.0000    0.0000    0.0000    0.0000   -0.8295    0.0000   -0.0000
   52 H11    2s        -0.0000   -0.0000    0.0000    0.0000    0.0000    0.0000    0.0000   -0.9329    0.0000   -0.0000
   53 H11    2px       -0.2324   -0.3037   -0.2898   -0.3041   -0.3443   -0.3909   -0.0157   -0.0000   -0.2251   -0.0071
   54 H11    2py        0.1730   -0.2898    0.3037   -0.3443    0.3041    0.0157   -0.3909   -0.0000    0.0071   -0.2251
   55 H11    2pz       -0.0000    0.0000   -0.0000   -0.0000   -0.0000   -0.0000   -0.0000    0.1346    0.0000    0.0000
   56 H12    1s         0.0000    0.0000   -0.0000   -0.0000   -0.0000   -0.0000   -0.0000    0.3556    0.0000    0.0000
   57 H12    2s         0.0000   -0.0000   -0.0000   -0.0000   -0.0000   -0.0000   -0.0000    0.4743   -0.0000    0.0000
   58 H12    2px        0.3150    0.2599    0.2480    0.1982    0.2244    0.2157    0.0086    0.0000    0.1134    0.0036
   59 H12    2py       -0.2346    0.2480   -0.2599    0.2244   -0.1982   -0.0086    0.2157    0.0000   -0.0036    0.1134
   60 H12    2pz        0.0000   -0.0000    0.0000    0.0000    0.0000    0.0000    0.0000   -0.3780    0.0000   -0.0000
 
 
      Orbital               51        52        53        54        55        56        57        58        59        60
      Energy            1.3931    1.4461    1.4792    1.5608    1.5741    1.7330    1.9116    2.0963    2.2649    2.3863
      Occ. No.          0.0000    0.0000    0.0000    0.0000    0.0000    0.0000    0.0000    0.0000    0.0000    0.0000
 
    1 H1     1s        -0.3252   -0.4019    0.3297    0.2034    0.3548   -0.3188   -0.2941    0.2556   -0.1925    0.1043
    2 H1     2s        -0.4151   -0.4966    0.4023    0.2390    0.3670   -0.2570   -0.1840    0.1288   -0.0826    0.0406
    3 H1     2px        0.0000    0.0000    0.0000   -0.0000   -0.0000    0.0000   -0.0000    0.0000   -0.0000   -0.0000
    4 H1     2py        0.0000    0.0000    0.0000   -0.0000   -0.0000    0.0000    0.0000    0.0000    0.0000   -0.0000
    5 H1     2pz       -0.1889   -0.5007    0.1729    0.1095    0.4966   -0.4641   -0.4159    0.3454   -0.2499    0.1319
    6 H2     1s         0.9132    0.8422   -0.9902   -0.6271   -0.5761    0.3169    0.1250    0.0118   -0.0770    0.0645
    7 H2     2s         1.1668    0.8299   -1.2319   -0.7563   -0.4680    0.2201    0.1103   -0.0597    0.0330   -0.0153
    8 H2     2px       -0.0000   -0.0000   -0.0000    0.0000    0.0000    0.0000    0.0000   -0.0000    0.0000   -0.0000
    9 H2     2py       -0.0000   -0.0000   -0.0000    0.0000    0.0000    0.0000    0.0000   -0.0000    0.0000   -0.0000
   10 H2     2pz        0.2435   -0.0078   -0.2509   -0.1424    0.2545   -0.4755   -0.6148    0.6429   -0.5385    0.3085
   11 H3     1s        -1.2171   -0.2936    1.5643    1.0789   -0.0610    0.2704    0.2381   -0.0867   -0.0510    0.0780
   12 H3     2s        -1.5108   -0.3274    1.9298    1.3204    0.0694    0.0453    0.0189    0.0168   -0.0279    0.0190
   13 H3     2px        0.0000    0.0000    0.0000   -0.0000   -0.0000   -0.0000   -0.0000    0.0000   -0.0000    0.0000
   14 H3     2py        0.0000    0.0000    0.0000   -0.0000   -0.0000    0.0000    0.0000    0.0000   -0.0000    0.0000
   15 H3     2pz       -0.0436    0.5205    0.1158    0.0887   -0.4613    0.1809   -0.2265    0.5762   -0.6823    0.4596
   16 H4     1s         0.7486   -0.4892   -1.6188   -1.4279    0.2258    0.0535    0.2720   -0.2444    0.0574    0.0521
   17 H4     2s         0.8890   -0.4067   -2.0170   -1.7788    0.0537    0.0594    0.0910   -0.0577    0.0159    0.0018
   18 H4     2px       -0.0000   -0.0000   -0.0000   -0.0000    0.0000    0.0000    0.0000   -0.0000   -0.0000    0.0000
   19 H4     2py       -0.0000   -0.0000   -0.0000   -0.0000    0.0000    0.0000    0.0000   -0.0000   -0.0000    0.0000
   20 H4     2pz       -0.2923   -0.2267    0.1024   -0.0583   -0.2986    0.5672    0.3532    0.2115   -0.6683    0.5884
   21 H5     1s         0.3441    0.4443    1.1380    1.6988    0.3539   -0.3799   -0.0306   -0.2135    0.1251    0.0321
   22 H5     2s         0.4462    0.4459    1.4566    2.1150    0.2626   -0.1770   -0.0162   -0.0318    0.0133    0.0049
   23 H5     2px        0.0000    0.0000    0.0000    0.0000   -0.0000   -0.0000    0.0000   -0.0000    0.0000   -0.0000
   24 H5     2py        0.0000    0.0000    0.0000    0.0000   -0.0000   -0.0000    0.0000   -0.0000    0.0000   -0.0000
   25 H5     2pz        0.4451   -0.3716   -0.2041    0.0707    0.4002    0.1797    0.6148   -0.2784   -0.4803    0.6762
   26 H6     1s        -1.2652    0.1215   -0.3976   -1.8758   -0.3439   -0.1887   -0.2621   -0.0972    0.1678    0.0136
   27 H6     2s        -1.5493   -0.0188   -0.5192   -2.3118   -0.2227   -0.0518   -0.0662   -0.0209    0.0229    0.0008
   28 H6     2px       -0.0000   -0.0000   -0.0000    0.0000    0.0000    0.0000    0.0000   -0.0000   -0.0000   -0.0000
   29 H6     2py       -0.0000   -0.0000   -0.0000    0.0000    0.0000    0.0000   -0.0000   -0.0000   -0.0000   -0.0000
   30 H6     2pz       -0.2150    0.2940    0.1850   -0.0390    0.3773   -0.4627    0.2957   -0.6121   -0.1752    0.7223
   31 H7     1s         1.2652   -0.1215   -0.3976    1.8758   -0.3439    0.1887   -0.2621    0.0972    0.1678   -0.0136
   32 H7     2s         1.5493    0.0188   -0.5192    2.3118   -0.2227    0.0518   -0.0662    0.0209    0.0229   -0.0008
   33 H7     2px       -0.0000   -0.0000    0.0000    0.0000   -0.0000    0.0000   -0.0000   -0.0000    0.0000   -0.0000
   34 H7     2py       -0.0000   -0.0000    0.0000    0.0000   -0.0000    0.0000   -0.0000   -0.0000    0.0000   -0.0000
   35 H7     2pz       -0.2150    0.2940   -0.1850   -0.0390   -0.3773   -0.4627   -0.2957   -0.6121    0.1752    0.7223
   36 H8     1s        -0.3441   -0.4443    1.1380   -1.6988    0.3539    0.3799   -0.0306    0.2135    0.1251   -0.0321
   37 H8     2s        -0.4462   -0.4459    1.4566   -2.1150    0.2626    0.1770   -0.0162    0.0318    0.0133   -0.0049
   38 H8     2px        0.0000    0.0000   -0.0000    0.0000    0.0000   -0.0000   -0.0000   -0.0000   -0.0000   -0.0000
   39 H8     2py       -0.0000    0.0000   -0.0000    0.0000    0.0000   -0.0000   -0.0000   -0.0000   -0.0000   -0.0000
   40 H8     2pz        0.4451   -0.3716    0.2041    0.0707   -0.4002    0.1797   -0.6148   -0.2784    0.4803    0.6762
   41 H9     1s        -0.7486    0.4892   -1.6188    1.4279    0.2258   -0.0535    0.2720    0.2444    0.0574   -0.0521
   42 H9     2s        -0.8890    0.4067   -2.0170    1.7788    0.0537   -0.0594    0.0910    0.0577    0.0159   -0.0018
   43 H9     2px       -0.0000   -0.0000    0.0000   -0.0000   -0.0000    0.0000   -0.0000   -0.0000    0.0000    0.0000
   44 H9     2py       -0.0000   -0.0000    0.0000   -0.0000   -0.0000    0.0000   -0.0000   -0.0000    0.0000    0.0000
   45 H9     2pz       -0.2923   -0.2267   -0.1024   -0.0583    0.2986    0.5672   -0.3532    0.2115    0.6683    0.5884
   46 H10    1s         1.2171    0.2936    1.5643   -1.0789   -0.0610   -0.2704    0.2381    0.0867   -0.0510   -0.0780
   47 H10    2s         1.5108    0.3274    1.9298   -1.3204    0.0694   -0.0453    0.0189   -0.0168   -0.0279   -0.0190
   48 H10    2px        0.0000    0.0000   -0.0000    0.0000    0.0000   -0.0000   -0.0000    0.0000    0.0000    0.0000
   49 H10    2py        0.0000    0.0000   -0.0000    0.0000    0.0000   -0.0000    0.0000    0.0000   -0.0000   -0.0000
   50 H10    2pz       -0.0436    0.5205   -0.1158    0.0887    0.4613    0.1809    0.2265    0.5762    0.6823    0.4596
   51 H11    1s        -0.9132   -0.8422   -0.9902    0.6271   -0.5761   -0.3169    0.1250   -0.0118   -0.0770   -0.0645
   52 H11    2s        -1.1668   -0.8299   -1.2319    0.7563   -0.4680   -0.2201    0.1103    0.0597    0.0330    0.0153
   53 H11    2px       -0.0000   -0.0000    0.0000    0.0000   -0.0000    0.0000   -0.0000   -0.0000   -0.0000   -0.0000
   54 H11    2py       -0.0000   -0.0000    0.0000    0.0000   -0.0000    0.0000   -0.0000   -0.0000   -0.0000   -0.0000
   55 H11    2pz        0.2435   -0.0078    0.2509   -0.1424   -0.2545   -0.4755    0.6148    0.6429    0.5385    0.3085
   56 H12    1s         0.3252    0.4019    0.3297   -0.2034    0.3548    0.3188   -0.2941   -0.2556   -0.1925   -0.1043
   57 H12    2s         0.4151    0.4966    0.4023   -0.2390    0.3670    0.2570   -0.1840   -0.1288   -0.0826   -0.0406
   58 H12    2px        0.0000    0.0000   -0.0000    0.0000    0.0000    0.0000   -0.0000    0.0000   -0.0000   -0.0000
   59 H12    2py        0.0000    0.0000   -0.0000   -0.0000    0.0000    0.0000   -0.0000    0.0000   -0.0000   -0.0000
   60 H12    2pz       -0.1889   -0.5007   -0.1729    0.1095   -0.4966   -0.4641    0.4159    0.3454    0.2499    0.1319
--
 
      Von Neumann Entropy (Root  1) =  3.56815
 

      Mulliken population analysis for root number:  1
      -----------------------------------------------
 
 
++    Molecular charges:
      ------------------
 
      Mulliken charges per centre and basis function type
      ---------------------------------------------------
 
                H1      H2      H3      H4      H5      H6      H7      H8      H9      H10     H11     H12   
      1s       0.9696  1.0090  1.0025  1.0005  1.0011  1.0008  1.0008  1.0011  1.0005  1.0025  1.0090  0.9696
      2s       0.0064  0.0008 -0.0134 -0.0092 -0.0108 -0.0101 -0.0101 -0.0108 -0.0092 -0.0134  0.0008  0.0064
      2px      0.0000  0.0000  0.0000  0.0000  0.0000  0.0000  0.0000  0.0000  0.0000  0.0000  0.0000  0.0000
      2pz      0.0045  0.0104  0.0094  0.0095  0.0095  0.0095  0.0095  0.0095  0.0095  0.0094  0.0104  0.0045
      2py      0.0000  0.0000  0.0000  0.0000  0.0000  0.0000  0.0000  0.0000  0.0000  0.0000  0.0000  0.0000
      Total    0.9805  1.0202  0.9985  1.0008  0.9998  1.0002  1.0002  0.9998  1.0008  0.9985  1.0202  0.9805
 
      N-E      0.0195 -0.0202  0.0015 -0.0008  0.0002 -0.0002 -0.0002  0.0002 -0.0008  0.0015 -0.0202  0.0195
 
      Total electronic charge=   12.000000
 
      Total            charge=   -0.000000
--
 
 

      Expectation values of various properties for root number:  1
      -----------------------------------------------------------
 
 
++    Molecular properties:
      ---------------------
 
      Charge (e):
                      =   -0.0000
      Dipole Moment (Debye):
      Origin of the operator (Ang)=    0.0000    0.0000    0.0000
                   X=  3.4984E-09               Y=  5.7385E-10               Z=  8.2760E-07           Total=  8.2761E-07
      Quadrupole Moment (Debye*Ang):
      Origin of the operator (Ang)=    0.0000    0.0000    9.3000
                  XX= -1.7868E+01              XY= -7.7851E-14              XZ= -2.3362E-07              YY= -1.7868E+01
                  YZ= -2.2199E-07              ZZ= -1.1096E+01
      In traceless form (Debye*Ang)
                  XX= -3.3858E+00              XY= -1.1678E-13              XZ= -3.5043E-07              YY= -3.3858E+00
                  YZ= -3.3299E-07              ZZ=  6.7717E+00
--
 

      LoProp population analysis for root number:  1
      -----------------------------------------------
 
 
++    LoProp analysis:
      ----------------
 
 
 
  Input file to MOLDEN was generated!
 
 
++    Static properties:
      ------------------
 
 
      LoProp Charges per center
 

                   H1       H2       H3       H4       H5       H6       H7       H8       H9       H10   
      Nuclear      1.0000   1.0000   1.0000   1.0000   1.0000   1.0000   1.0000   1.0000   1.0000   1.0000
      Electronic  -0.9991  -1.0007  -0.9995  -1.0007  -0.9999  -1.0002  -1.0002  -0.9999  -1.0007  -0.9995
 
      Total        0.0009  -0.0007   0.0005  -0.0007   0.0001  -0.0002  -0.0002   0.0001  -0.0007   0.0005
 

                   H11      H12   
      Nuclear      1.0000   1.0000
      Electronic  -1.0007  -0.9991
 
      Total       -0.0007   0.0009
--
 
 
      Natural Bond Order analysis for root number:  1
 
++    Natural Bond Order analysis
      ---------------------------
      Based on LoProp computed density
      -------------------------------------------------------------------------------------
      Atom A       Atom B       Bond Order
      -------------------------------------------------------------------------------------
      NBO located      0.985 non-bonded electrons on atom H1        
      NBO located      1.019 non-bonded electrons on atom H3        
      NBO located      1.017 non-bonded electrons on atom H4        
      NBO located      1.018 non-bonded electrons on atom H5        
      NBO located      1.017 non-bonded electrons on atom H6        
      NBO located      1.017 non-bonded electrons on atom H7        
      NBO located      1.018 non-bonded electrons on atom H8        
      NBO located      1.017 non-bonded electrons on atom H9        
      NBO located      1.019 non-bonded electrons on atom H10       
      NBO located      0.985 non-bonded electrons on atom H12       
      The remaining    1.888 electrons are to be considered as diffuse
--
 
--
 
 
  Input file to MOLDEN was generated!
 
      Average orbitals are written to the RASORB file
      Natural orbitals for root   1 are written to the RASORB.1 file
      Spin density orbitals for root   1 are written to the SPDORB.1 file
 
forrtl: warning (525): IEEE_DIVIDE_BY_ZERO is signaling
forrtl: warning (526): IEEE_INVALID is signaling
forrtl: warning (528): IEEE_UNDERFLOW is signaling
--- Stop Module: rasscf at Mon Oct 27 03:13:05 2025 /rc=_RC_ALL_IS_WELL_ ---
*** files: H12_1.69.LprOrb H12_1.69.rasscf.molden H12_1.69.LoProp.molden H12_1.69.RasOrb.1 H12_1.69.RasOrb H12_1.69.rasscf.h5 H12_1.69.SpdOrb.1 xmldump
    saved to directory /home/grierjones/DDCASPT2/hydrogen_comps/rerun/H12_chain/H12_1.69
--- Module rasscf spent 5 minutes 54 seconds ---

>>> COPY /tmp/H12_1.69/H12_1.69.rasscf.h5 /home/grierjones/DDCASPT2/hydrogen_comps/rerun/H12_chain/H12_1.69/

>>> COPY /tmp/H12_1.69/GMJ_Fock_MO.csv /home/grierjones/DDCASPT2/hydrogen_comps/rerun/H12_chain/H12_1.69/H12_1.69.GMJ_Fock_MO.csv

*** symbolic link created: INPORB -> H12_1.69.RasOrb
--- Start Module: motra at Mon Oct 27 03:13:05 2025 ---
 
()()()()()()()()()()()()()()()()()()()()()()()()()()()()()()()()()()()()()()()()()()()()()()()()()()

                                               &MOTRA

                                   only a single process is used
                       available to each process: 2.0 GB of memory, 1 thread?
()()()()()()()()()()()()()()()()()()()()()()()()()()()()()()()()()()()()()()()()()()()()()()()()()()
 
 
      *** WARNING: Default frozen orbitals is overwritten by user input.
      *** Default values:   0
 
      Header of the integral files:
      
       Integrals generated by seward 4.2.0  , Mon Oct 27 03:07:10 2025
 
 
      Header of MO coefficients source file:
      * RASSCF average (pseudo-natural) orbitals                                      
 
 
      Cartesian coordinates in Angstrom:
      -----------------------------------------------------
      No.  Label        X            Y            Z        
      -----------------------------------------------------
       1   H1         0.00000000   0.00000000   0.00000000
       2   H2         0.00000000   0.00000000   1.69090900
       3   H3         0.00000000   0.00000000   3.38181800
       4   H4         0.00000000   0.00000000   5.07272700
       5   H5         0.00000000   0.00000000   6.76363600
       6   H6         0.00000000   0.00000000   8.45454500
       7   H7         0.00000000   0.00000000  10.14545500
       8   H8         0.00000000   0.00000000  11.83636400
       9   H9         0.00000000   0.00000000  13.52727300
      10   H10        0.00000000   0.00000000  15.21818200
      11   H11        0.00000000   0.00000000  16.90909100
      12   H12        0.00000000   0.00000000  18.60000000
      -----------------------------------------------------
      Nuclear repulsion energy =    7.89850494
 
      Orbital specifications:
      -----------------------
 
      Symmetry species:              1
      Number of basis functions:    60
      Frozen orbitals:               0
      Deleted orbitals:              0
      Number of orbitals used:      60

       SYMMETRY  BASIS FUNCTIONS       ORBITALS      INTEGRALS   CPU(SEC)  I/O(SEC)
        1 1 1 1   60  60  60  60    60  60  60  60     1675365       0.00      0.00

       TOTAL CPU TIME(SEC)    1.04TOTAL I/O TIME(SEC)    2.47
 
--- Stop Module: motra at Mon Oct 27 03:13:08 2025 /rc=_RC_ALL_IS_WELL_ ---
*** files: xmldump
    saved to directory /home/grierjones/DDCASPT2/hydrogen_comps/rerun/H12_chain/H12_1.69
--- Module motra spent 2 seconds ---

>>> COPY /tmp/H12_1.69/GMJ_one_int_indx.csv /home/grierjones/DDCASPT2/hydrogen_comps/rerun/H12_chain/H12_1.69/H12_1.69.GMJ_one_int_indx.csv

>>> COPY /tmp/H12_1.69/GMJ_one_int.csv /home/grierjones/DDCASPT2/hydrogen_comps/rerun/H12_chain/H12_1.69/H12_1.69.GMJ_one_int.csv

>>> COPY /tmp/H12_1.69/GMJ_two_int_indx.csv /home/grierjones/DDCASPT2/hydrogen_comps/rerun/H12_chain/H12_1.69/H12_1.69.GMJ_two_int_indx.csv

>>> COPY /tmp/H12_1.69/GMJ_two_int.csv /home/grierjones/DDCASPT2/hydrogen_comps/rerun/H12_chain/H12_1.69/H12_1.69.GMJ_two_int.csv

*** symbolic link created: INPORB -> H12_1.69.RasOrb
--- Start Module: caspt2 at Mon Oct 27 03:13:08 2025 ---
 
()()()()()()()()()()()()()()()()()()()()()()()()()()()()()()()()()()()()()()()()()()()()()()()()()()

                                              &CASPT2

                                   only a single process is used
                       available to each process: 2.0 GB of memory, 1 thread?
()()()()()()()()()()()()()()()()()()()()()()()()()()()()()()()()()()()()()()()()()()()()()()()()()()
 
 Cholesky algorithm in CASPT2 =    1
 
 ###############################################################################
 ###############################################################################
 ###                                                                         ###
 ###                                                                         ###
 ###    User changed nr of frozen orbitals.                                  ###
 ###                                                                         ###
 ###                                                                         ###
 ###############################################################################
 ###############################################################################
 
++    Wave function specifications:
      -----------------------------
 
      Number of closed shell electrons           0
      Number of electrons in active shells      12
      Max number of holes in RAS1 space          0
      Max number of electrons in RAS3 space      0
      Number of inactive orbitals                0
      Number of active orbitals                 12
      Number of secondary orbitals              48
      Spin quantum number                      0.0
      State symmetry                             1
      Number of CSFs                        226512
      Number of root(s) available                1
      Root passed to geometry opt.               1
      A file JOBMIX will be created.
      This is a CASSCF or RASSCF reference function
--
 
++    Orbital specifications:
      -----------------------
 
      Symmetry species                           1
                                                 a
      Frozen orbitals                            0
      Inactive orbitals                          0
      Active orbitals                           12
      Secondary orbitals                        48
      Deleted orbitals                           0
      Number of basis functions                 60
--
 
      Type of Fock operator: STANDARD
      Type of 0-order Hamiltonian: STANDARD WITH DEFAULT IPEA
        "IP-EA" denominator shift =      0.25
      The input orbitals and the CI vector will be transformed.
 
--------------------------------------------------------------------------------
 Estimated memory requirements:
  POLY3 :                 54392696
  RHS:                     1916944
  SIGMA :                   616912
  PRPCTL:                        0
 Available workspace:    230179958
 
++ CASPT2 computation for group   1
 
********************************************************************************
 Multi-State initialization phase begins for group   1
--------------------------------------------------------------------------------
********************************************************************************
 Compute H0 matrices for state    1
--------------------------------------------------------------------------------
--------------------------------------------------------------------------------
 H0 matrices have been computed.
 
********************************************************************************
  CASPT2 EQUATION SOLUTION
--------------------------------------------------------------------------------
 
  Total nr of CASPT2 parameters:
   Before reduction:      249120
   After  reduction:      248544
 
 The contributions to the second order correlation energy in atomic units.
-----------------------------------------------------------------------------------------------------------------------------
  IT.      VJTU        VJTI        ATVX        AIVX        VJAI        BVAT        BJAT        BJAI        TOTAL       RNORM  
-----------------------------------------------------------------------------------------------------------------------------
   1     0.000000    0.000000   -0.013496    0.000000    0.000000   -0.027400    0.000000    0.000000   -0.040897    0.002005
   2     0.000000    0.000000   -0.013621    0.000000    0.000000   -0.027435    0.000000    0.000000   -0.041056    0.000215
   3     0.000000    0.000000   -0.013626    0.000000    0.000000   -0.027436    0.000000    0.000000   -0.041062    0.000049
   4     0.000000    0.000000   -0.013624    0.000000    0.000000   -0.027436    0.000000    0.000000   -0.041060    0.000006
   5     0.000000    0.000000   -0.013624    0.000000    0.000000   -0.027436    0.000000    0.000000   -0.041060    0.000001
-------------------------------------------------------------------------------------------------------------------
 
  FINAL CASPT2 RESULT:
 
  Correlation energy /Case, /Symm, and sums:
 VJTU      0.00000000  0.00000000
 VJTIP     0.00000000  0.00000000
 VJTIM     0.00000000  0.00000000
 ATVX     -0.01362361 -0.01362361
 AIVX      0.00000000  0.00000000
 VJAIP     0.00000000  0.00000000
 VJAIM     0.00000000  0.00000000
 BVATP    -0.02603386 -0.02603386
 BVATM    -0.00140214 -0.00140214
 BJATP     0.00000000  0.00000000
 BJATM     0.00000000  0.00000000
 BJAIP     0.00000000  0.00000000
 BJAIM     0.00000000  0.00000000
 Summed:  -0.04105960 -0.04105960
 
      Reference energy:          -6.2112571372
      E2 (Non-variational):      -0.0410595987
      E2 (Variational):          -0.0410595996
      Total energy:              -6.2523167368
      Residual norm:              0.0000001365
      Reference weight:           0.97781
 
      Contributions to the CASPT2 correlation energy
      Active & Virtual Only:         -0.0410595987
      One Inactive Excited:           0.0000000000
      Two Inactive Excited:           0.0000000000
 
 
++ Denominators, etc.
----------------------------------------------------------------------------------------------------
 Report on small energy denominators, large coefficients, and large energy contributions.
CASE  SYMM ACTIVE-MIX  NON-ACTIVE INDICES          DENOMINATOR     RHS VALUE       COEFFICIENT     CONTRIBUTION
ATVX     1  Mu1.0001  Se1.013                       0.12607217     -0.00000001      0.00000007     -0.00000000
ATVX     1  Mu1.0002  Se1.013                       0.18803603     -0.00000239     -0.00028272      0.00000000
ATVX     1  Mu1.0003  Se1.013                       0.24378382     -0.00000000      0.00000001     -0.00000000
ATVX     1  Mu1.0004  Se1.013                       0.28741447      0.00009621     -0.00084122     -0.00000008
ATVX     1  Mu1.0001  Se1.014                       0.14269440      0.00015191     -0.00069773     -0.00000011
ATVX     1  Mu1.0002  Se1.014                       0.20465826     -0.00000000      0.00000000     -0.00000000
ATVX     1  Mu1.0003  Se1.014                       0.26040605     -0.00011290      0.00121414     -0.00000014
ATVX     1  Mu1.0001  Se1.015                       0.17183372      0.00000001     -0.00000004     -0.00000000
ATVX     1  Mu1.0002  Se1.015                       0.23379758      0.00011338      0.00041093      0.00000005
ATVX     1  Mu1.0003  Se1.015                       0.28954537     -0.00000000      0.00000000     -0.00000000
ATVX     1  Mu1.0001  Se1.016                       0.21808315      0.00039342     -0.00111128     -0.00000044
ATVX     1  Mu1.0002  Se1.016                       0.28004701      0.00000000     -0.00000001     -0.00000000
ATVX     1  Mu1.0001  Se1.017                       0.28749078      0.00000000     -0.00000002     -0.00000000
--
 
   (Skipping property calculation,
    use PROP keyword to activate)
--
 
  Total CASPT2 energies:
::    CASPT2 Root  1     Total energy:     -6.25231674
 
  A NEW JOBIPH FILE NAMED 'JOBMIX' IS PREPARED.
********************************************************************************
forrtl: warning (528): IEEE_UNDERFLOW is signaling
--- Stop Module: caspt2 at Mon Oct 27 03:14:45 2025 /rc=_RC_ALL_IS_WELL_ ---
*** files: xmldump
    saved to directory /home/grierjones/DDCASPT2/hydrogen_comps/rerun/H12_chain/H12_1.69
--- Module caspt2 spent 1 minute 37 seconds ---

>>> EXPORT i = B

>>> EXPORT j = P

>>> IF (-FILE GMJ_e2_${i}_${j}_1_.csv)
(Skipped)

>>> END FOREACH

>>> EXPORT j = M

>>> IF (-FILE GMJ_e2_${i}_${j}_1_.csv)
(Skipped)

>>> END FOREACH

>>> END FOREACH

>>> EXPORT i = E

>>> EXPORT j = P

>>> IF (-FILE GMJ_e2_${i}_${j}_1_.csv)
(Skipped)

>>> END FOREACH

>>> EXPORT j = M

>>> IF (-FILE GMJ_e2_${i}_${j}_1_.csv)
(Skipped)

>>> END FOREACH

>>> END FOREACH

>>> EXPORT i = F

>>> EXPORT j = P

>>> IF (-FILE GMJ_e2_${i}_${j}_1_.csv)

>>> COPY /tmp/H12_1.69/GMJ_RHS_F_P_1_.csv /home/grierjones/DDCASPT2/hydrogen_comps/rerun/H12_chain/H12_1.69/GMJ_RHS_F_P_1_.csv

>>> COPY /tmp/H12_1.69/GMJ_IVECW_F_P_1_.csv /home/grierjones/DDCASPT2/hydrogen_comps/rerun/H12_chain/H12_1.69/GMJ_IVECW_F_P_1_.csv

>>> COPY /tmp/H12_1.69/GMJ_IVECX_F_P_1_.csv /home/grierjones/DDCASPT2/hydrogen_comps/rerun/H12_chain/H12_1.69/GMJ_IVECX_F_P_1_.csv

>>> COPY /tmp/H12_1.69/GMJ_IVECC2_F_P_1_.csv /home/grierjones/DDCASPT2/hydrogen_comps/rerun/H12_chain/H12_1.69/GMJ_IVECC2_F_P_1_.csv

>>> COPY /tmp/H12_1.69/GMJ_e2_F_P_1_.csv /home/grierjones/DDCASPT2/hydrogen_comps/rerun/H12_chain/H12_1.69/GMJ_e2_F_P_1_.csv

>>> END FOREACH

>>> EXPORT j = M

>>> IF (-FILE GMJ_e2_${i}_${j}_1_.csv)

>>> COPY /tmp/H12_1.69/GMJ_RHS_F_M_1_.csv /home/grierjones/DDCASPT2/hydrogen_comps/rerun/H12_chain/H12_1.69/GMJ_RHS_F_M_1_.csv

>>> COPY /tmp/H12_1.69/GMJ_IVECW_F_M_1_.csv /home/grierjones/DDCASPT2/hydrogen_comps/rerun/H12_chain/H12_1.69/GMJ_IVECW_F_M_1_.csv

>>> COPY /tmp/H12_1.69/GMJ_IVECX_F_M_1_.csv /home/grierjones/DDCASPT2/hydrogen_comps/rerun/H12_chain/H12_1.69/GMJ_IVECX_F_M_1_.csv

>>> COPY /tmp/H12_1.69/GMJ_IVECC2_F_M_1_.csv /home/grierjones/DDCASPT2/hydrogen_comps/rerun/H12_chain/H12_1.69/GMJ_IVECC2_F_M_1_.csv

>>> COPY /tmp/H12_1.69/GMJ_e2_F_M_1_.csv /home/grierjones/DDCASPT2/hydrogen_comps/rerun/H12_chain/H12_1.69/GMJ_e2_F_M_1_.csv

>>> END FOREACH

>>> END FOREACH

>>> EXPORT i = G

>>> EXPORT j = P

>>> IF (-FILE GMJ_e2_${i}_${j}_1_.csv)
(Skipped)

>>> END FOREACH

>>> EXPORT j = M

>>> IF (-FILE GMJ_e2_${i}_${j}_1_.csv)
(Skipped)

>>> END FOREACH

>>> END FOREACH

>>> EXPORT i = H

>>> EXPORT j = P

>>> IF (-FILE GMJ_e2_${i}_${j}_1_.csv)
(Skipped)

>>> END FOREACH

>>> EXPORT j = M

>>> IF (-FILE GMJ_e2_${i}_${j}_1_.csv)
(Skipped)

>>> END FOREACH

>>> END FOREACH

>>> EXPORT i = A

>>> IF (-FILE GMJ_e2_${i}_1_.csv)
(Skipped)

>>> END FOREACH

>>> EXPORT i = C

>>> IF (-FILE GMJ_e2_${i}_1_.csv)

>>> COPY /tmp/H12_1.69/GMJ_RHS_C_1_.csv /home/grierjones/DDCASPT2/hydrogen_comps/rerun/H12_chain/H12_1.69/GMJ_RHS_C_1_.csv

>>> COPY /tmp/H12_1.69/GMJ_IVECW_C_1_.csv /home/grierjones/DDCASPT2/hydrogen_comps/rerun/H12_chain/H12_1.69/GMJ_IVECW_C_1_.csv

>>> COPY /tmp/H12_1.69/GMJ_IVECX_C_1_.csv /home/grierjones/DDCASPT2/hydrogen_comps/rerun/H12_chain/H12_1.69/GMJ_IVECX_C_1_.csv

>>> COPY /tmp/H12_1.69/GMJ_IVECC2_C_1_.csv /home/grierjones/DDCASPT2/hydrogen_comps/rerun/H12_chain/H12_1.69/GMJ_IVECC2_C_1_.csv

>>> COPY /tmp/H12_1.69/GMJ_e2_C_1_.csv /home/grierjones/DDCASPT2/hydrogen_comps/rerun/H12_chain/H12_1.69/GMJ_e2_C_1_.csv

>>> END FOREACH

>>> EXPORT i = D

>>> IF (-FILE GMJ_e2_${i}_1_.csv)
(Skipped)

>>> END FOREACH

.########################.
.# Non-zero return code #.
.########################.

    Timing: Wall=455.87 User=452.13 System=3.65
****************************************
*** WorkDir at /tmp/H12_1.69 cleaned ***
****************************************
