   This run of MOLCAS is using the pymolcas driver

                             OPE
                             OPE          NMOL  CASOP  ENMOLC A   SO
                 OPE        NMOLC        AS  OP EN  MO LC     AS  OP
                OPENM       OL CA        SO  PE NM  OL CA     SOP EN
                OP EN      MO   LC       AS  OP ENMOL  CASO   PENMOL
                OP  EN     MO   LC       AS  OP EN     MO     LC ASO
               OP   E  NMOL  C  AS       OP  EN MO     LC     AS  OP
               OP  E   NMO   LC AS        OPEN  MO     LCASOP EN   M
               O  PEN   MO  LCA  SO
            OPE   NMO   L   CAS    OP
        OPENMOL  CASOP     ENMOL   CASOPE
     OPENMOLCA   SOPENMOLCASOPEN   MOLCASOPE
    OPENMOLCAS   OP           EN   MOL    CAS
    OPENMOLCAS       OP  ENM        O     LCA
    OPENMOLCAS    OPEN  MOLCASO     P  E  NMO
    OPENMOLCAS     OP               E  N  MOL
    OPENMOLCA   SO           PENM   O  L  CAS    OPEN    MO    LCAS
    OPENMOLCA   SOP           ENM   O  L  CAS   OP  EN  MOLC  AS   O
    OPENMOLCA   SOPE           NM      O  LCA   S      OP  EN MO
    OPENMOLC                AS         O  PEN   M      OL  CA  SOPE
    OPENMO        LCASOPE  NMOL        C  ASO   P      ENMOLC     AS
    OPE     NMO      LCA  SO     P     E   NM   OL  CA SO  PE N   MO
          OPENMOLCA            SOPE   NMO        LCAS  O    P  ENMO
     OPENMOLCASOPENMOLCASOPENMOLCASOPENMOLCA
        OPENMOLCASOPENMOLCASOPENMOLCASOPE
            OPENMOLCASOPENMOLCASOPENM
               OPENMOLCASOPENMOLCA        version: f37762c57
                   OPENMOLCASO
                       OPE                tag:

 OpenMolcas is free software; you can redistribute it and/or modify it
 under the terms of the GNU Lesser General Public License version 2.1.
 OpenMolcas is distributed in the hope that it will be useful, but it
 is provided "as is" and without any express or implied warranties.
 For more details see the full text of the license in the file
 LICENSE or in <http://www.gnu.org/licenses/>.

                 Copyright (C) The OpenMolcas Authors
           For the author list and the recommended citation,
                   consult the file CONTRIBUTORS.md

           *************************************************
           * pymolcas version py2.28                       *
           *   build c4a6d18ded8cb6cad61d2372a9abd97c      *
           *   (after the EMIL interpreter by V. Veryazov) *
           *************************************************

configuration info
------------------
C Compiler ID: Intel
C flags: -std=gnu99 -gcc-sys
Fortran Compiler ID: IntelLLVM
Fortran flags: -standard-semantics -fltconsistency -fpp -i8 -heap-arrays
Definitions: _MOLCAS_;_I8_;_LINUX_
Parallel: OFF (GA=OFF)


   ----------------------------------------------------------------------------------------
  |
  |              Project: H12_1.57
  |       Submitted from: ${LOCALHOME}/DDCASPT2/hydrogen_comps/rerun/H12_chain/H12_1.57
  |         Scratch area: /tmp/H12_1.57
  |      Save outputs to: ${LOCALHOME}/DDCASPT2/hydrogen_comps/rerun/H12_chain/H12_1.57
  |               Molcas: ${LOCALHOME}/Test/build
  |
  | Scratch area is empty
  |
  |       MOLCAS_DRIVER = /usr/local/pymolcas
  | MOLCAS_KEEP_WORKDIR = NO
  |  MOLCAS_NEW_WORKDIR = YES
  |       MOLCAS_NPROCS = 1
  |        MOLCAS_PRINT = NORMAL
  |       MOLCAS_SOURCE = ${LOCALHOME}/Test
  |    MOLCAS_STRUCTURE = 0
  |
   ----------------------------------------------------------------------------------------

++ ---------   Input file   ---------

&GATEWAY
coord=H12_1.57.xyz
Basis = ANO-RCC-VDZP
Group = nosymm
End of Input

&SEWARD
End of Input

&SCF

>>> COPY $WorkDir/H12_1.57.scf.h5 $CurrDir/

&RASSCF
Title= RASSCF
FileOrb
${LOCALHOME}/DDCASPT2/hydrogen_comps/rerun/H12_chain/H12_0.60/H12_0.60.RasOrb
NACTEL
12 0 0
Inactive
0
RAS2
12
Symmetry
1
Spin
1
orblisting
all

>>> COPY $WorkDir/H12_1.57.rasscf.h5 $CurrDir/

>>> COPY $WorkDir/DDCASPT2_Fock_MO.csv $CurrDir/H12_1.57.DDCASPT2_Fock_MO.csv

&MOTRA
Frozen=0
LUMORB

>>> COPY $WorkDir/DDCASPT2_one_int_indx.csv $CurrDir/H12_1.57.DDCASPT2_one_int_indx.csv

>>> COPY $WorkDir/DDCASPT2_one_int.csv $CurrDir/H12_1.57.DDCASPT2_one_int.csv

>>> COPY $WorkDir/DDCASPT2_two_int_indx.csv $CurrDir/H12_1.57.DDCASPT2_two_int_indx.csv

>>> COPY $WorkDir/DDCASPT2_two_int.csv $CurrDir/H12_1.57.DDCASPT2_two_int.csv

&CASPT2
Frozen
0

MAXITER
50

>>> FOREACH i IN (B,E,F,G,H)

  >>> FOREACH j IN (P,M)

    >>> IF (-FILE DDCASPT2_e2_${i}_${j}_1_.csv)

      >>> COPY $WorkDir/DDCASPT2_RHS_${i}_${j}_1_.csv $CurrDir/DDCASPT2_RHS_${i}_${j}_1_.csv

      >>> COPY $WorkDir/DDCASPT2_IVECW_${i}_${j}_1_.csv $CurrDir/DDCASPT2_IVECW_${i}_${j}_1_.csv

      >>> COPY $WorkDir/DDCASPT2_IVECX_${i}_${j}_1_.csv $CurrDir/DDCASPT2_IVECX_${i}_${j}_1_.csv

      >>> COPY $WorkDir/DDCASPT2_IVECC2_${i}_${j}_1_.csv $CurrDir/DDCASPT2_IVECC2_${i}_${j}_1_.csv

      >>> COPY $WorkDir/DDCASPT2_e2_${i}_${j}_1_.csv $CurrDir/DDCASPT2_e2_${i}_${j}_1_.csv

    >>> END IF

  >>> END FOREACH

>>> END FOREACH

>>> FOREACH i IN (A,C,D)

  >>> IF (-FILE DDCASPT2_e2_${i}_1_.csv)

    >>> COPY $WorkDir/DDCASPT2_RHS_${i}_1_.csv $CurrDir/DDCASPT2_RHS_${i}_1_.csv

    >>> COPY $WorkDir/DDCASPT2_IVECW_${i}_1_.csv $CurrDir/DDCASPT2_IVECW_${i}_1_.csv

    >>> COPY $WorkDir/DDCASPT2_IVECX_${i}_1_.csv $CurrDir/DDCASPT2_IVECX_${i}_1_.csv

    >>> COPY $WorkDir/DDCASPT2_IVECC2_${i}_1_.csv $CurrDir/DDCASPT2_IVECC2_${i}_1_.csv

    >>> COPY $WorkDir/DDCASPT2_e2_${i}_1_.csv $CurrDir/DDCASPT2_e2_${i}_1_.csv

  >>> END IF

>>> END FOREACH

-- ----------------------------------

--- Start Module: gateway at Mon Oct 27 01:47:04 2025 ---
 
()()()()()()()()()()()()()()()()()()()()()()()()()()()()()()()()()()()()()()()()()()()()()()()()()()

                                              &GATEWAY

                                   only a single process is used
                       available to each process: 2.0 GB of memory, 1 thread?
()()()()()()()()()()()()()()()()()()()()()()()()()()()()()()()()()()()()()()()()()()()()()()()()()()
 
 
++    Symmetry information:
      ---------------------
 
                    Character Table for C1 
 
                             E  
                    a        1  x, y, xy, Rz, z, xz, Ry, yz, Rx, I
--
 
 
++    Basis set information:
      ----------------------
 
 
      Basis set label: H.ANO-RCC...2S1P.
 
      Electronic valence basis set:
      ------------------
      Associated Effective Charge   1.000000 au
      Associated Actual Charge      1.000000 au
      Nuclear Model: Point charge
 
      Shell  nPrim  nBasis  Cartesian Spherical Contaminant
         s       8       2        X                  
         p       4       1        X                  
--
 
 
++    Molecular structure info:
      -------------------------
 
                    ************************************************ 
                    **** Cartesian Coordinates / Bohr, Angstrom **** 
                    ************************************************ 
 
     Center  Label                x              y              z                     x              y              z
        1      H1               0.000000       0.000000       0.000000              0.000000       0.000000       0.000000
        2      H2               0.000000       0.000000       2.966297              0.000000       0.000000       1.569697
        3      H3               0.000000       0.000000       5.932595              0.000000       0.000000       3.139394
        4      H4               0.000000       0.000000       8.898892              0.000000       0.000000       4.709091
        5      H5               0.000000       0.000000      11.865190              0.000000       0.000000       6.278788
        6      H6               0.000000       0.000000      14.831487              0.000000       0.000000       7.848485
        7      H7               0.000000       0.000000      17.797785              0.000000       0.000000       9.418182
        8      H8               0.000000       0.000000      20.764082              0.000000       0.000000      10.987879
        9      H9               0.000000       0.000000      23.730379              0.000000       0.000000      12.557576
       10      H10              0.000000       0.000000      26.696677              0.000000       0.000000      14.127273
       11      H11              0.000000       0.000000      29.662974              0.000000       0.000000      15.696970
       12      H12              0.000000       0.000000      32.629272              0.000000       0.000000      17.266667
 
                    *************************************** 
                    *    InterNuclear Distances / Bohr    * 
                    *************************************** 
 
               1 H1            2 H2            3 H3            4 H4            5 H5            6 H6    
    1 H1       0.000000
    2 H2       2.966297        0.000000
    3 H3       5.932595        2.966297        0.000000
    4 H4       8.898892        5.932595        2.966297        0.000000
    5 H5      11.865190        8.898892        5.932595        2.966297        0.000000
    6 H6      14.831487       11.865190        8.898892        5.932595        2.966297        0.000000
    7 H7      17.797785       14.831487       11.865190        8.898892        5.932595        2.966297
    8 H8      20.764082       17.797785       14.831487       11.865190        8.898892        5.932595
    9 H9      23.730379       20.764082       17.797785       14.831487       11.865190        8.898892
   10 H10     26.696677       23.730379       20.764082       17.797785       14.831487       11.865190
   11 H11     29.662974       26.696677       23.730379       20.764082       17.797785       14.831487
   12 H12     32.629272       29.662974       26.696677       23.730379       20.764082       17.797785
 
               7 H7            8 H8            9 H9           10 H10          11 H11          12 H12   
    7 H7       0.000000
    8 H8       2.966297        0.000000
    9 H9       5.932595        2.966297        0.000000
   10 H10      8.898892        5.932595        2.966297        0.000000
   11 H11     11.865190        8.898892        5.932595        2.966297        0.000000
   12 H12     14.831487       11.865190        8.898892        5.932595        2.966297        0.000000
 
                    ******************************************* 
                    *    InterNuclear Distances / Angstrom    * 
                    ******************************************* 
 
               1 H1            2 H2            3 H3            4 H4            5 H5            6 H6    
    1 H1       0.000000
    2 H2       1.569697        0.000000
    3 H3       3.139394        1.569697        0.000000
    4 H4       4.709091        3.139394        1.569697        0.000000
    5 H5       6.278788        4.709091        3.139394        1.569697        0.000000
    6 H6       7.848485        6.278788        4.709091        3.139394        1.569697        0.000000
    7 H7       9.418182        7.848485        6.278788        4.709091        3.139394        1.569697
    8 H8      10.987879        9.418182        7.848485        6.278788        4.709091        3.139394
    9 H9      12.557576       10.987879        9.418182        7.848485        6.278788        4.709091
   10 H10     14.127273       12.557576       10.987879        9.418182        7.848485        6.278788
   11 H11     15.696970       14.127273       12.557576       10.987879        9.418182        7.848485
   12 H12     17.266667       15.696970       14.127273       12.557576       10.987879        9.418182
 
               7 H7            8 H8            9 H9           10 H10          11 H11          12 H12   
    7 H7       0.000000
    8 H8       1.569697        0.000000
    9 H9       3.139394        1.569697        0.000000
   10 H10      4.709091        3.139394        1.569697        0.000000
   11 H11      6.278788        4.709091        3.139394        1.569697        0.000000
   12 H12      7.848485        6.278788        4.709091        3.139394        1.569697        0.000000
 
                    ************************************** 
                    *    Valence Bond Angles / Degree    * 
                    ************************************** 
                          Atom centers                 Phi
                      1 H1       2 H2       3 H3       180.00
                      2 H2       3 H3       4 H4       180.00
                      3 H3       4 H4       5 H5       180.00
                      4 H4       5 H5       6 H6       180.00
                      5 H5       6 H6       7 H7       180.00
                      6 H6       7 H7       8 H8       180.00
                      7 H7       8 H8       9 H9       180.00
                      8 H8       9 H9      10 H10      180.00
                      9 H9      10 H10     11 H11      180.00
                     10 H10     11 H11     12 H12      180.00
--
 
 
            Nuclear Potential Energy              8.50842801 au
 
--- Stop Module: gateway at Mon Oct 27 01:47:05 2025 /rc=_RC_ALL_IS_WELL_ ---
*** files: xmldump
    saved to directory ${LOCALHOME}/DDCASPT2/hydrogen_comps/rerun/H12_chain/H12_1.57

--- Start Module: seward at Mon Oct 27 01:47:05 2025 ---
 
()()()()()()()()()()()()()()()()()()()()()()()()()()()()()()()()()()()()()()()()()()()()()()()()()()

                                              &SEWARD

                                   only a single process is used
                       available to each process: 2.0 GB of memory, 1 thread?
()()()()()()()()()()()()()()()()()()()()()()()()()()()()()()()()()()()()()()()()()()()()()()()()()()
 
               SEWARD will generate:
                  Multipole Moment integrals up to order  2
                  Kinetic Energy integrals
                  Nuclear Attraction integrals (point charge)
                  One-Electron Hamiltonian integrals
                  Velocity integrals
                  Relativistic Douglas-Kroll-Hess integrals:
                    - Parametrization         : EXP
                    - DKH order of Hamiltonian: 2
                    - DKH order of Properties : 0
                         - multipole moment operators
                         - electric potential operators
                         - contact operators
                  Atomic mean-field integrals
                  Two-Electron Repulsion integrals
 
                   Integrals are discarded if absolute value <: 0.10E-13
                   Integral cutoff threshold is set to       <: 0.10E-15
 
            Nuclear Potential Energy              8.50842801 au
 
 
      Basis set specifications :
      Symmetry species         a  
      Basis functions           60
 
 
  Input file to MOLDEN was generated!
 
forrtl: warning (525): IEEE_DIVIDE_BY_ZERO is signaling
forrtl: warning (526): IEEE_INVALID is signaling
forrtl: warning (528): IEEE_UNDERFLOW is signaling
--- Stop Module: seward at Mon Oct 27 01:47:06 2025 /rc=_RC_ALL_IS_WELL_ ---
*** files: H12_1.57.GssOrb H12_1.57.guessorb.h5 H12_1.57.guessorb.molden xmldump
    saved to directory ${LOCALHOME}/DDCASPT2/hydrogen_comps/rerun/H12_chain/H12_1.57
--- Module seward spent 1 second ---

*** symbolic link created: INPORB -> H12_1.57.GssOrb
--- Start Module: scf at Mon Oct 27 01:47:06 2025 ---
 
()()()()()()()()()()()()()()()()()()()()()()()()()()()()()()()()()()()()()()()()()()()()()()()()()()

                                                &SCF

                                   only a single process is used
                       available to each process: 2.0 GB of memory, 1 thread?
()()()()()()()()()()()()()()()()()()()()()()()()()()()()()()()()()()()()()()()()()()()()()()()()()()
 
++    Input section:
      --------------
 
      Header of the integral files:
      
       Integrals generated by seward 4.2.0  , Mon Oct 27 01:47:05 2025
 
 
      Cartesian coordinates in Angstrom:
      -----------------------------------------------------
      No.  Label        X            Y            Z        
      -----------------------------------------------------
       1   H1         0.00000000   0.00000000   0.00000000
       2   H2         0.00000000   0.00000000   1.56969700
       3   H3         0.00000000   0.00000000   3.13939400
       4   H4         0.00000000   0.00000000   4.70909100
       5   H5         0.00000000   0.00000000   6.27878800
       6   H6         0.00000000   0.00000000   7.84848500
       7   H7         0.00000000   0.00000000   9.41818200
       8   H8         0.00000000   0.00000000  10.98787900
       9   H9         0.00000000   0.00000000  12.55757600
      10   H10        0.00000000   0.00000000  14.12727300
      11   H11        0.00000000   0.00000000  15.69697000
      12   H12        0.00000000   0.00000000  17.26666700
      -----------------------------------------------------
      Nuclear repulsion energy =    8.50842801
--
 
++    Orbital specifications:
      -----------------------
 
      Symmetry species               1
                                     a
      Frozen orbitals                0
      Occupied orbitals              6
      Secondary orbitals            54
      Deleted orbitals               0
      Total number of orbitals      60
      Number of basis functions     60
--
 
      Molecular charge                           0.000
 
++    Optimization specifications:
      ----------------------------
 
      SCF Algorithm: Conventional
      Minimized density differences are used
      Number of density matrices in core                5
      Maximum number of NDDO SCF iterations           400
      Maximum number of HF SCF iterations             400
      Threshold for SCF energy change            0.10E-08
      Threshold for density matrix               0.10E-03
      Threshold for Fock matrix                  0.15E-03
      Threshold for linear dependence            0.10E-08
      Threshold at which DIIS is turned on       0.15E+00
      Threshold at which QNR/C2DIIS is turned on 0.75E-01
      Threshold for Norm(delta) (QNR/C2DIIS)     0.20E-04
      DIIS extrapolation of the SCF procedure
      All orbitals punched on: SCFORB
--
 
      Input vectors read from INPORB
      Orbital file label: *Guess orbitals
 
 
++ Convergence information
                                   SCF        iterations: Energy and convergence statistics
 
Iter     Tot. SCF        One-elec.       Two-elec.     Energy      Max Dij or  Max Fij      DNorm      TNorm      AccCon     Time
         Energy          Energy          Energy        Change      Delta Norm                                                in Sec.
   1    -5.784078613   -23.560585241     9.268078618   0.00E+00    0.24E+00*   0.10E+00*    0.46E+01   0.15E+02   None         0.
   2    -5.935096447   -23.550891398     9.107366941  -0.15E+00*   0.11E+00*   0.16E-01*    0.15E+01   0.15E+02   EDIIS        0.
   3    -5.943653695   -23.484409242     9.032327537  -0.86E-02*   0.56E-01*   0.82E-02*    0.35E+00   0.15E+02   EDIIS        0.
   4    -5.945722679   -23.481108021     9.026957332  -0.21E-02*   0.16E-01*   0.81E-02*    0.12E+00   0.15E+02   c2DIIS       0.
   5    -5.946775851   -23.474373879     9.019170018  -0.11E-02*   0.42E-02*   0.79E-03*    0.33E-01   0.15E+02   QNRc2DIIS    0.
   6    -5.946797952   -23.475224561     9.019998599  -0.22E-04*   0.55E-02*   0.39E-03*    0.75E-02   0.15E+02   QNRc2DIIS    0.
   7    -5.946807877   -23.475105937     9.019870051  -0.99E-05*   0.29E-03*   0.59E-04     0.27E-02   0.15E+02   QNRc2DIIS    0.
   8    -5.946807985   -23.474854369     9.019618374  -0.11E-06*   0.82E-04*   0.15E-04     0.54E-03   0.15E+02   QNRc2DIIS    0.
   9    -5.946807993   -23.474809477     9.019573474  -0.75E-08*   0.12E-04    0.28E-05     0.74E-04   0.15E+02   QNRc2DIIS    0.
  10    -5.946807993   -23.474809408     9.019573405  -0.18E-09    0.64E-05    0.87E-06     0.25E-04   0.15E+02   QNRc2DIIS    0.
 
       Convergence after 10 Macro Iterations
--
 
 *****************************************************************************************************************************
 *                                                                                                                           *
 *                                             SCF/KS-DFT Program, Final results                                             *
 *                                                                                                                           *
 *                                                                                                                           *
 *                                                                                                                           *
 *                                                       Final Results                                                       *
 *                                                                                                                           *
 *****************************************************************************************************************************
 
::    Total SCF energy                                 -5.9468079931
      One-electron energy                             -23.4748094080
      Two-electron energy                               9.0195734050
      Nuclear repulsion energy                          8.5084280098
      Kinetic energy (interpolated)                     4.5145870689
      Virial theorem                                    1.3172429510
      Total spin, S(S+1)                                0.0000000000
      Total spin, S                                     0.0000000000
      Max non-diagonal density matrix element           0.0000063150
      Max non-diagonal Fock matrix element              0.0000005297
 
 
      All orbitals with orbital energies smaller than  E(LUMO)+0.5 are printed
 
++    Molecular orbitals:
      -------------------
 
      Title: SCF orbitals

      Molecular orbitals for symmetry species 1: a  
 
          Orbital            1         2         3         4         5         6         7         8         9        10    
          Energy           -0.5309   -0.5137   -0.4854   -0.4462   -0.3971   -0.3445   -0.1153   -0.0490    0.0243    0.0998
          Occ. No.          2.0000    2.0000    2.0000    2.0000    2.0000    2.0000    0.0000    0.0000    0.0000    0.0000
 
        1 H1     1s         0.0779   -0.1545    0.2256   -0.2845    0.3151   -0.2589    0.3459   -0.5043    0.5436   -0.4933
        2 H1     2s         0.0037   -0.0078    0.0137   -0.0238    0.0386   -0.0438    0.1230   -0.2145    0.2771   -0.3021
        3 H1     2px        0.0000   -0.0000    0.0000   -0.0000    0.0000    0.0000   -0.0000   -0.0000    0.0000   -0.0000
        4 H1     2py       -0.0000    0.0000   -0.0000    0.0000   -0.0000    0.0000    0.0000   -0.0000    0.0000   -0.0000
        5 H1     2pz        0.0061   -0.0111    0.0140   -0.0142    0.0118   -0.0070   -0.0010    0.0077   -0.0181    0.0297
        6 H2     1s         0.1239   -0.2333    0.3091   -0.3336    0.2912   -0.1731   -0.1146    0.3581   -0.6153    0.7561
        7 H2     2s         0.0013   -0.0103    0.0310   -0.0595    0.0795   -0.0641   -0.0323    0.1443   -0.2808    0.3637
        8 H2     2px       -0.0000   -0.0000    0.0000   -0.0000    0.0000   -0.0000   -0.0000    0.0000   -0.0000    0.0000
        9 H2     2py       -0.0000    0.0000   -0.0000    0.0000   -0.0000   -0.0000    0.0000   -0.0000    0.0000    0.0000
       10 H2     2pz        0.0022   -0.0016   -0.0031    0.0109   -0.0177    0.0167   -0.0191    0.0215   -0.0110   -0.0085
       11 H3     1s         0.2016   -0.2956    0.2207    0.0047   -0.2696    0.3545   -0.4285    0.3362    0.1122   -0.6117
       12 H3     2s         0.0117   -0.0161    0.0073    0.0210   -0.0687    0.0927   -0.1551    0.1306    0.0559   -0.2929
       13 H3     2px       -0.0000    0.0000   -0.0000   -0.0000    0.0000   -0.0000    0.0000    0.0000   -0.0000   -0.0000
       14 H3     2py       -0.0000    0.0000   -0.0000   -0.0000    0.0000   -0.0000   -0.0000    0.0000    0.0000    0.0000
       15 H3     2pz        0.0058   -0.0043   -0.0047    0.0142   -0.0161    0.0093    0.0107   -0.0232    0.0273   -0.0148
       16 H4     1s         0.2339   -0.2895    0.1146    0.1706   -0.3469    0.2651    0.2535   -0.5224    0.3914    0.2150
       17 H4     2s         0.0062   -0.0209    0.0255    0.0085   -0.0687    0.0799    0.0847   -0.2138    0.1774    0.1020
       18 H4     2px       -0.0000    0.0000   -0.0000   -0.0000    0.0000   -0.0000    0.0000    0.0000   -0.0000   -0.0000
       19 H4     2py       -0.0000    0.0000   -0.0000   -0.0000    0.0000   -0.0000   -0.0000   -0.0000    0.0000    0.0000
       20 H4     2pz        0.0004    0.0059   -0.0131    0.0091    0.0071   -0.0173    0.0213   -0.0097   -0.0186    0.0333
       21 H5     1s         0.2796   -0.1781   -0.1782    0.3043    0.0291   -0.3693    0.4273    0.0430   -0.6077    0.3374
       22 H5     2s         0.0129   -0.0011   -0.0286    0.0371    0.0232   -0.0998    0.1524    0.0246   -0.2718    0.1593
       23 H5     2px       -0.0000   -0.0000   -0.0000   -0.0000    0.0000   -0.0000    0.0000    0.0000   -0.0000   -0.0000
       24 H5     2py        0.0000   -0.0000    0.0000    0.0000    0.0000   -0.0000   -0.0000   -0.0000   -0.0000    0.0000
       25 H5     2pz        0.0045    0.0050   -0.0127    0.0008    0.0156   -0.0140   -0.0165    0.0229    0.0002   -0.0322
       26 H6     1s         0.2914   -0.0972   -0.2697    0.2003    0.2232   -0.3382   -0.3646    0.3996    0.3115   -0.6728
       27 H6     2s         0.0108   -0.0162   -0.0176    0.0416    0.0322   -0.0959   -0.1272    0.1684    0.1365   -0.3170
       28 H6     2px        0.0000   -0.0000   -0.0000    0.0000    0.0000   -0.0000   -0.0000    0.0000   -0.0000   -0.0000
       29 H6     2py        0.0000    0.0000    0.0000   -0.0000    0.0000    0.0000   -0.0000   -0.0000   -0.0000   -0.0000
       30 H6     2pz       -0.0023    0.0096   -0.0020   -0.0150    0.0059    0.0167   -0.0203   -0.0094    0.0275    0.0090
       31 H7     1s         0.2914    0.0972   -0.2697   -0.2003    0.2232    0.3382   -0.3646   -0.3996    0.3115    0.6728
       32 H7     2s         0.0108    0.0162   -0.0176   -0.0416    0.0322    0.0959   -0.1272   -0.1684    0.1365    0.3170
       33 H7     2px       -0.0000    0.0000   -0.0000   -0.0000   -0.0000   -0.0000    0.0000   -0.0000   -0.0000   -0.0000
       34 H7     2py       -0.0000   -0.0000   -0.0000   -0.0000    0.0000   -0.0000    0.0000    0.0000   -0.0000   -0.0000
       35 H7     2pz        0.0023    0.0096    0.0020   -0.0150   -0.0059    0.0167    0.0203   -0.0094   -0.0275    0.0090
       36 H8     1s         0.2796    0.1781   -0.1782   -0.3043    0.0291    0.3693    0.4273   -0.0430   -0.6077   -0.3374
       37 H8     2s         0.0129    0.0011   -0.0286   -0.0371    0.0232    0.0998    0.1524   -0.0246   -0.2718   -0.1593
       38 H8     2px       -0.0000   -0.0000   -0.0000   -0.0000    0.0000    0.0000   -0.0000    0.0000    0.0000    0.0000
       39 H8     2py        0.0000    0.0000    0.0000    0.0000   -0.0000   -0.0000   -0.0000    0.0000   -0.0000   -0.0000
       40 H8     2pz       -0.0045    0.0050    0.0127    0.0008   -0.0156   -0.0140    0.0165    0.0229   -0.0002   -0.0322
       41 H9     1s         0.2339    0.2895    0.1146   -0.1706   -0.3469   -0.2651    0.2535    0.5224    0.3914   -0.2150
       42 H9     2s         0.0062    0.0209    0.0255   -0.0085   -0.0687   -0.0799    0.0847    0.2138    0.1774   -0.1020
       43 H9     2px       -0.0000    0.0000   -0.0000    0.0000    0.0000    0.0000    0.0000   -0.0000    0.0000   -0.0000
       44 H9     2py        0.0000   -0.0000   -0.0000   -0.0000   -0.0000    0.0000   -0.0000    0.0000    0.0000   -0.0000
       45 H9     2pz       -0.0004    0.0059    0.0131    0.0091   -0.0071   -0.0173   -0.0213   -0.0097    0.0186    0.0333
       46 H10    1s         0.2016    0.2956    0.2207   -0.0047   -0.2696   -0.3545   -0.4285   -0.3362    0.1122    0.6117
       47 H10    2s         0.0117    0.0161    0.0073   -0.0210   -0.0687   -0.0927   -0.1551   -0.1306    0.0559    0.2929
       48 H10    2px        0.0000    0.0000   -0.0000   -0.0000   -0.0000   -0.0000    0.0000    0.0000    0.0000    0.0000
       49 H10    2py        0.0000   -0.0000   -0.0000    0.0000   -0.0000    0.0000    0.0000    0.0000   -0.0000   -0.0000
       50 H10    2pz       -0.0058   -0.0043    0.0047    0.0142    0.0161    0.0093   -0.0107   -0.0232   -0.0273   -0.0148
       51 H11    1s         0.1239    0.2333    0.3091    0.3336    0.2912    0.1731   -0.1146   -0.3581   -0.6153   -0.7561
       52 H11    2s         0.0013    0.0103    0.0310    0.0595    0.0795    0.0641   -0.0323   -0.1443   -0.2808   -0.3637
       53 H11    2px       -0.0000   -0.0000   -0.0000   -0.0000    0.0000   -0.0000    0.0000    0.0000   -0.0000   -0.0000
       54 H11    2py        0.0000   -0.0000   -0.0000    0.0000    0.0000   -0.0000   -0.0000    0.0000   -0.0000   -0.0000
       55 H11    2pz       -0.0022   -0.0016    0.0031    0.0109    0.0177    0.0167    0.0191    0.0215    0.0110   -0.0085
       56 H12    1s         0.0779    0.1545    0.2256    0.2845    0.3151    0.2589    0.3459    0.5043    0.5436    0.4933
       57 H12    2s         0.0037    0.0078    0.0137    0.0238    0.0386    0.0438    0.1230    0.2145    0.2771    0.3021
       58 H12    2px       -0.0000    0.0000    0.0000    0.0000    0.0000    0.0000    0.0000   -0.0000   -0.0000    0.0000
       59 H12    2py       -0.0000   -0.0000    0.0000    0.0000    0.0000    0.0000    0.0000   -0.0000    0.0000   -0.0000
       60 H12    2pz       -0.0061   -0.0111   -0.0140   -0.0142   -0.0118   -0.0070    0.0010    0.0077    0.0181    0.0297
 
          Orbital           11        12        13        14        15    
          Energy            0.1744    0.2381    0.2729    0.2952    0.3312
          Occ. No.          0.0000    0.0000    0.0000    0.0000    0.0000
 
        1 H1     1s         0.3666   -0.1783   -0.1178    0.2080   -0.1945
        2 H1     2s         0.2823   -0.2058    0.1100   -0.2123    0.3611
        3 H1     2px        0.0000   -0.0000    0.0000   -0.0000    0.0000
        4 H1     2py        0.0000   -0.0000   -0.0000    0.0000   -0.0000
        5 H1     2pz       -0.0376    0.0327   -0.0193    0.0290   -0.0345
        6 H2     1s        -0.6966    0.4238   -0.0313   -0.0097    0.0288
        7 H2     2s        -0.3322    0.1738    0.1553   -0.2785    0.2753
        8 H2     2px        0.0000   -0.0000    0.0000   -0.0000    0.0000
        9 H2     2py       -0.0000    0.0000   -0.0000    0.0000   -0.0000
       10 H2     2pz        0.0289   -0.0322   -0.0032   -0.0046    0.0400
       11 H3     1s         0.8293   -0.5727   -0.1746    0.2944   -0.1912
       12 H3     2s         0.4125   -0.3104    0.1415   -0.1651    0.0826
       13 H3     2px       -0.0000   -0.0000    0.0000   -0.0000    0.0000
       14 H3     2py       -0.0000    0.0000    0.0000   -0.0000    0.0000
       15 H3     2pz       -0.0103    0.0239   -0.0130    0.0001    0.0243
       16 H4     1s        -0.8128    0.7727   -0.0964   -0.0299    0.1065
       17 H4     2s        -0.3913    0.3517    0.2114   -0.2718    0.0234
       18 H4     2px       -0.0000    0.0000    0.0000   -0.0000    0.0000
       19 H4     2py       -0.0000   -0.0000    0.0000    0.0000   -0.0000
       20 H4     2pz       -0.0135   -0.0162   -0.0029   -0.0171    0.0483
       21 H5     1s         0.5764   -0.8806   -0.1722    0.2254    0.0162
       22 H5     2s         0.2763   -0.4365    0.2004   -0.0705   -0.1949
       23 H5     2px       -0.0000    0.0000    0.0000   -0.0000    0.0000
       24 H5     2py       -0.0000    0.0000    0.0000    0.0000   -0.0000
       25 H5     2pz        0.0245    0.0132   -0.0075   -0.0216    0.0255
       26 H6     1s        -0.2175    0.9530   -0.1480   -0.1141    0.1331
       27 H6     2s        -0.1093    0.4551    0.2238   -0.1146   -0.2526
       28 H6     2px        0.0000   -0.0000   -0.0000   -0.0000    0.0000
       29 H6     2py        0.0000    0.0000   -0.0000    0.0000   -0.0000
       30 H6     2pz       -0.0362   -0.0011    0.0019   -0.0277    0.0181
       31 H7     1s        -0.2175   -0.9530   -0.1480    0.1141    0.1331
       32 H7     2s        -0.1093   -0.4551    0.2238    0.1146   -0.2526
       33 H7     2px       -0.0000    0.0000    0.0000   -0.0000    0.0000
       34 H7     2py       -0.0000    0.0000   -0.0000    0.0000    0.0000
       35 H7     2pz        0.0362   -0.0011   -0.0019   -0.0277   -0.0181
       36 H8     1s         0.5764    0.8806   -0.1722   -0.2254    0.0162
       37 H8     2s         0.2763    0.4365    0.2004    0.0705   -0.1949
       38 H8     2px       -0.0000    0.0000    0.0000    0.0000    0.0000
       39 H8     2py       -0.0000   -0.0000   -0.0000    0.0000   -0.0000
       40 H8     2pz       -0.0245    0.0132    0.0075   -0.0216   -0.0255
       41 H9     1s        -0.8128   -0.7727   -0.0964    0.0299    0.1065
       42 H9     2s        -0.3913   -0.3517    0.2114    0.2718    0.0234
       43 H9     2px        0.0000   -0.0000    0.0000   -0.0000    0.0000
       44 H9     2py       -0.0000   -0.0000   -0.0000    0.0000   -0.0000
       45 H9     2pz        0.0135   -0.0162    0.0029   -0.0171   -0.0483
       46 H10    1s         0.8293    0.5727   -0.1746   -0.2944   -0.1912
       47 H10    2s         0.4125    0.3104    0.1415    0.1651    0.0826
       48 H10    2px        0.0000   -0.0000   -0.0000    0.0000    0.0000
       49 H10    2py        0.0000   -0.0000   -0.0000    0.0000   -0.0000
       50 H10    2pz        0.0103    0.0239    0.0130    0.0001   -0.0243
       51 H11    1s        -0.6966   -0.4238   -0.0313    0.0097    0.0288
       52 H11    2s        -0.3322   -0.1738    0.1553    0.2785    0.2753
       53 H11    2px        0.0000   -0.0000    0.0000   -0.0000    0.0000
       54 H11    2py        0.0000   -0.0000   -0.0000    0.0000   -0.0000
       55 H11    2pz       -0.0289   -0.0322    0.0032   -0.0046   -0.0400
       56 H12    1s         0.3666    0.1783   -0.1178   -0.2080   -0.1945
       57 H12    2s         0.2823    0.2058    0.1100    0.2123    0.3611
       58 H12    2px        0.0000   -0.0000   -0.0000   -0.0000    0.0000
       59 H12    2py       -0.0000    0.0000    0.0000   -0.0000    0.0000
       60 H12    2pz        0.0376    0.0327    0.0193    0.0290    0.0345
--
 
 
++    Molecular charges:
      ------------------
 
      Mulliken charges per centre and basis function type
      ---------------------------------------------------
 
                H1      H2      H3      H4      H5      H6      H7      H8      H9      H10     H11     H12   
      1s       0.9001  1.0162  0.9731  0.9811  0.9757  0.9783  0.9783  0.9757  0.9811  0.9731  1.0162  0.9001
      2s       0.0229  0.0254 -0.0016  0.0060  0.0041  0.0049  0.0049  0.0041  0.0060 -0.0016  0.0254  0.0229
      2px      0.0000  0.0000  0.0000  0.0000  0.0000  0.0000  0.0000  0.0000  0.0000  0.0000  0.0000  0.0000
      2pz      0.0138  0.0207  0.0197  0.0198  0.0200  0.0199  0.0199  0.0200  0.0198  0.0197  0.0207  0.0138
      2py      0.0000  0.0000  0.0000  0.0000  0.0000  0.0000  0.0000  0.0000  0.0000  0.0000  0.0000  0.0000
      Total    0.9368  1.0623  0.9911  1.0069  0.9998  1.0031  1.0031  0.9998  1.0069  0.9911  1.0623  0.9368
 
      N-E      0.0632 -0.0623  0.0089 -0.0069  0.0002 -0.0031 -0.0031  0.0002 -0.0069  0.0089 -0.0623  0.0632
 
      Total electronic charge=   12.000000
 
      Total            charge=   -0.000000
--
 
 
  Input file to MOLDEN was generated!
 
 
++    Static properties:
      ------------------
 
 
      LoProp Charges per center
 

                   H1       H2       H3       H4       H5       H6       H7       H8       H9       H10   
      Nuclear      1.0000   1.0000   1.0000   1.0000   1.0000   1.0000   1.0000   1.0000   1.0000   1.0000
      Electronic  -0.9755  -1.0189  -0.9954  -1.0071  -1.0000  -1.0030  -1.0030  -1.0000  -1.0071  -0.9954
 
      Total        0.0245  -0.0189   0.0046  -0.0071   0.0000  -0.0030  -0.0030   0.0000  -0.0071   0.0046
 

                   H11      H12   
      Nuclear      1.0000   1.0000
      Electronic  -1.0189  -0.9755
 
      Total       -0.0189   0.0245
--
 
 
++    Natural Bond Order analysis
      ---------------------------
      Based on LoProp computed density
      -------------------------------------------------------------------------------------
      Atom A       Atom B       Bond Order
      -------------------------------------------------------------------------------------
      NBO located      0.942 non-bonded electrons on atom H1        
      NBO located      1.011 non-bonded electrons on atom H3        
      NBO located      1.020 non-bonded electrons on atom H4        
      NBO located      1.014 non-bonded electrons on atom H5        
      NBO located      1.017 non-bonded electrons on atom H6        
      NBO located      1.017 non-bonded electrons on atom H7        
      NBO located      1.014 non-bonded electrons on atom H8        
      NBO located      1.020 non-bonded electrons on atom H9        
      NBO located      1.011 non-bonded electrons on atom H10       
      NBO located      0.942 non-bonded electrons on atom H12       
      The remaining    1.991 electrons are to be considered as diffuse
--
 
 
++    Molecular properties:
      ---------------------
 
      Charge (e):
                      =   -0.0000
      Dipole Moment (Debye):
      Origin of the operator (Ang)=    0.0000    0.0000    0.0000
                   X= -4.1484E-14               Y=  3.2287E-13               Z=  5.2013E-12           Total=  5.2115E-12
      Quadrupole Moment (Debye*Ang):
      Origin of the operator (Ang)=    0.0000    0.0000    8.6333
                  XX= -2.0186E+01              XY=  8.4917E-28              XZ=  4.4961E-13              YY= -2.0186E+01
                  YZ= -2.4722E-12              ZZ= -1.1867E+00
      In traceless form (Debye*Ang)
                  XX= -9.4998E+00              XY=  1.2738E-27              XZ=  6.7441E-13              YY= -9.4998E+00
                  YZ= -3.7083E-12              ZZ=  1.9000E+01
--
 
 
  Input file to MOLDEN was generated!
 
 ###############################################################################
 ###############################################################################
 ###                                                                         ###
 ###                                                                         ###
 ###    RunFile label nBas                                                   ###
 ###    was used       78 times                                              ###
 ###                                                                         ###
 ###                                                                         ###
 ###############################################################################
 ###############################################################################
forrtl: warning (528): IEEE_UNDERFLOW is signaling
--- Stop Module: scf at Mon Oct 27 01:47:06 2025 /rc=_RC_ALL_IS_WELL_ ---
*** files: H12_1.57.LprOrb H12_1.57.LoProp.molden H12_1.57.scf.molden H12_1.57.ScfOrb H12_1.57.scf.h5 xmldump
    saved to directory ${LOCALHOME}/DDCASPT2/hydrogen_comps/rerun/H12_chain/H12_1.57

>>> COPY /tmp/H12_1.57/H12_1.57.scf.h5 ${LOCALHOME}/DDCASPT2/hydrogen_comps/rerun/H12_chain/H12_1.57/

*** symbolic link created: INPORB -> H12_1.57.ScfOrb
--- Start Module: rasscf at Mon Oct 27 01:47:06 2025 ---
 
()()()()()()()()()()()()()()()()()()()()()()()()()()()()()()()()()()()()()()()()()()()()()()()()()()

                                              &RASSCF

                                   only a single process is used
                       available to each process: 2.0 GB of memory, 1 thread?
()()()()()()()()()()()()()()()()()()()()()()()()()()()()()()()()()()()()()()()()()()()()()()()()()()
 
 
      Header of the ONEINT file:
      --------------------------
      
      Integrals generated by seward 4.2.0  , Mon Oct 27 01:47:05 2025
 
 
      OrdInt status: non-squared
 
 
      Cartesian coordinates in Angstrom:
      -----------------------------------------------------
      No.  Label        X            Y            Z        
      -----------------------------------------------------
       1   H1         0.00000000   0.00000000   0.00000000
       2   H2         0.00000000   0.00000000   1.56969700
       3   H3         0.00000000   0.00000000   3.13939400
       4   H4         0.00000000   0.00000000   4.70909100
       5   H5         0.00000000   0.00000000   6.27878800
       6   H6         0.00000000   0.00000000   7.84848500
       7   H7         0.00000000   0.00000000   9.41818200
       8   H8         0.00000000   0.00000000  10.98787900
       9   H9         0.00000000   0.00000000  12.55757600
      10   H10        0.00000000   0.00000000  14.12727300
      11   H11        0.00000000   0.00000000  15.69697000
      12   H12        0.00000000   0.00000000  17.26666700
      -----------------------------------------------------
      Nuclear repulsion energy =    8.50842801
 
++    Wave function specifications:
      -----------------------------
 
      Number of closed shell electrons           0
      Number of electrons in active shells      12
      Max number of holes in RAS1 space          0
      Max nr of electrons in RAS3 space          0
      Number of inactive orbitals                0
      Number of active orbitals                 12
      Number of secondary orbitals              48
      Spin quantum number                      0.0
      State symmetry                             1
--
 
++    Orbital specifications:
      -----------------------
 
      Symmetry species                           1
                                                 a
      Frozen orbitals                            0
      Inactive orbitals                          0
      Active orbitals                           12
      RAS1 orbitals                              0
      RAS2 orbitals                             12
      RAS3 orbitals                              0
      Secondary orbitals                        48
      Deleted orbitals                           0
      Number of basis functions                 60
--
 
++    CI expansion specifications:
      ----------------------------
 
      Number of CSFs                        226512
      Number of determinants                427350
      Number of root(s) required                 1
      Root chosen for geometry opt.              1
      CI root used                               1
         
      highest root included in the CI            1
      max. size of the explicit Hamiltonian    200
--
 
++    Optimization specifications:
      ----------------------------
 
      RASSCF algorithm: Conventional
      Maximum number of macro iterations       200
      Maximum number of SX iterations          100
      Threshold for RASSCF energy            0.100E-07
      Threshold for max MO rotation          0.100E+00
      Threshold for max BLB element          0.100E-03
      Level shift parameter                  0.500E+00
      Make Quasi-Newton update
--
 
      The MO-coefficients are taken from the file:
      ${LOCALHOME}/DDCASPT2/hydrogen_comps/rerun/H12_chain/H12_0.60/H12_0.60.RasOrb                                               
      Title: RASSCF average (pseudo-natural) orbitals                                      
 
      Total molecular charge    0.00
 
      ************************************************************************************************************************
      *                                                                                                                      *
      *                                            Wave function control section                                             *
      *                                                                                                                      *
      ************************************************************************************************************************
 
 
                                         RASSCF iterations: Energy and convergence statistics
                                         ----------------------------------------------------
 
      Iter CI   SX   CI       RASSCF       Energy    max ROT     max BLB   max BLB  Level Ln srch  Step   QN   Walltime
          iter iter root      energy       change     param      element    value   shift minimum  type update hh:mm:ss
        No convergence in the CI section: MAXJT will be increased to 
 24
 Nr of preliminary CI iterations:  12
        1   7  100    1    -4.47721274    0.00E+00  -0.19E+00*   3  55 1 -0.41E+00*  0.30   0.00    SX    NO    0:00:40
        2  17  100    1    -5.64200268   -0.12E+01* -0.16E+00*   4  21 1  0.30E+00*  0.16   0.00    SX    NO    0:00:31
        3   3  100    1    -6.05929419   -0.42E+00*  0.98E-01    2  14 1 -0.15E+00*  0.11   0.00    SX    NO    0:00:10
        4   4   68    1    -6.14980933   -0.91E-01*  0.37E-01    2  14 1 -0.54E-01*  0.11   0.00    SX    NO    0:00:12
        5   3   18    1    -6.16137885   -0.12E-01*  0.17E-01    2  14 1 -0.18E-01*  0.11   1.53    LS   YES    0:00:10
        6   4   14    1    -6.16302078   -0.16E-02*  0.20E-01    3  13 1 -0.42E-02*  0.11   1.14    QN   YES    0:00:12
        7   5   13    1    -6.16335748   -0.34E-03*  0.12E-01    5  57 1 -0.16E-02*  0.12   1.65    LS   YES    0:00:13
        8   5   13    1    -6.16342800   -0.71E-04*  0.34E-01    2  14 1  0.17E-02*  0.12   1.19    QN   YES    0:00:10
        9   6   12    1    -6.16351300   -0.85E-04*  0.17E+00*   2  14 1  0.83E-03*  0.11   2.50    QN   YES    0:00:11
       10   8   31    1    -6.16415144   -0.64E-03*  0.11E+00*   1  13 1 -0.58E-02*  0.07   2.50    LS   YES    0:00:16
 ###############################################################################
 ###############################################################################
 ###                                                                         ###
 ###                                                                         ###
 ###    Large orbital rotation.                                              ###
 ###                                                                         ###
 ###                                                                         ###
 ###############################################################################
 ###############################################################################
      Molecular orbital  11 of symmetry 1 MO space 2  weight is    0.201385
 ###############################################################################
 ###############################################################################
 ###                                                                         ###
 ###                                                                         ###
 ###    Large orbital rotation.                                              ###
 ###                                                                         ###
 ###                                                                         ###
 ###############################################################################
 ###############################################################################
      Molecular orbital  12 of symmetry 1 MO space 2  weight is    0.151847
 ###############################################################################
 ###############################################################################
 ###                                                                         ###
 ###                                                                         ###
 ###    Large orbital rotation.                                              ###
 ###                                                                         ###
 ###                                                                         ###
 ###############################################################################
 ###############################################################################
      Molecular orbital  20 of symmetry 1 MO space 3  weight is    0.479281
       11   6   75    1    -6.16545619   -0.13E-02*  0.53E+00*   1  13 1 -0.11E-01*  0.02   2.50    LS   YES    0:00:15
       12  17   68    1    -6.25649008   -0.91E-01*  0.96E-01    4  54 1  0.23E-01*  0.00   0.00    SX    NO    0:00:31
       13   5   19    1    -6.27900075   -0.23E-01*  0.21E-01    3  15 1 -0.73E-02*  0.00   1.17    QN   YES    0:00:13
       14   5   16    1    -6.28051479   -0.15E-02*  0.59E-02    2  45 1  0.18E-02*  0.00   1.08    QN   YES    0:00:13
       15   7   14    1    -6.28066438   -0.15E-03* -0.32E-02    4  52 1 -0.82E-03*  0.00   1.17    QN   YES    0:00:16
       16   8   12    1    -6.28068579   -0.21E-04*  0.25E-03    6  45 1  0.13E-03*  0.00   0.95    QN   YES    0:00:18
       17   6   10    1    -6.28068625   -0.46E-06*  0.88E-04    9  31 1 -0.41E-04   0.00   1.11    QN   YES    0:00:15
       18   8    9    1    -6.28068631   -0.66E-07*  0.29E-04    6  37 1  0.16E-04   0.00   1.01    QN   YES    0:00:18
       19   3    7    1    -6.28068632   -0.43E-08  -0.70E-05    2  37 1  0.32E-05   0.00   1.03    QN   YES    0:00:10
      Convergence after 19 iterations
 
  Dmat in MO in SXCTL bf call to SXHAM                                                                                    
  mat. size =    12x   12
 
        1.8595740587188949
        0.0000202617936523      1.8281816582133232
       -0.0170747519769286      0.0000200694989125      1.7935456866139547
        0.0000500194468351      0.0160878152827035      0.0000440499743511      1.7370103637563397
       -0.0031409658394275      0.0000054017389029     -0.0513733115750760     -0.0000027170205762      1.6814444410801199
       -0.0000042649889410      0.0618010356361664     -0.0000146234373783     -0.0372300597243472      0.0000223568373536
        1.5421167456523672
       -0.0188104975603279     -0.0000389148242308      0.1539143469804733     -0.0000978205160315     -0.0151495971542340
       -0.0000264704617366      0.1989258884261527
        0.0003259598499009     -0.0835401898597850      0.0001142089864384     -0.1356140998931242     -0.0001060919359732
       -0.0310108025925407      0.0000382245557443      0.1841951177181688
       -0.0089961914197458     -0.0000079755156931     -0.0934053510820974      0.0000399930126981     -0.1349584794085397
        0.0000035453797439      0.0341104719772632      0.0000457575951551      0.4824995727343259
       -0.0002506407266939      0.0653095265273806     -0.0002109665819941      0.1546942402936462      0.0001475780042708
       -0.1281609374660256     -0.0000291594057298      0.0541642170754395     -0.0000436988283896      0.2733047363836192
        0.0153572441696403      0.0061477064805546      0.0060824719286778      0.0039778246840183     -0.0154613377725582
        0.0371637945111214     -0.0267048957651002      0.0097065881126388      0.0615184415520945      0.0463981417268301
        0.2096844790072220
       -0.0137924717603291      0.0064418496174992     -0.0053232118605194      0.0036017711924886      0.0130882445581269
        0.0423937065216515      0.0235570401671159      0.0111308860516573     -0.0539574489092258      0.0525993309029301
       -0.0004647896281658      0.2095172516954366
       20   2    7    1    -6.28068632   -0.57E-09  -0.70E-05    6  24 1 -0.98E-06   0.00   1.03    QN   YES    0:00:10
 
      ************************************************************************************************************************
                                                      Wave function printout:
                       occupation of active orbitals, and spin coupling of open shells (u,d: Spin up or down)
      ************************************************************************************************************************
 
      Note: transformation to natural orbitals
      has been made, which may change the order of the CSFs.
 
      printout of CI-coefficients larger than  0.05 for root  1
      energy=      -6.280686
      conf/sym  111111111111     Coeff  Weight
             1  222222000000   0.65928 0.43465
            43  222220002000  -0.23562 0.05552
            47  222220000200  -0.05781 0.00334
            67  2222ud00ud00  -0.21029 0.04422
            89  222u2d000200  -0.05913 0.00350
            92  222u2d00u0d0  -0.14783 0.02185
           114  22u22d000ud0  -0.05828 0.00340
           118  22u22d00u00d  -0.11879 0.01411
           125  2u222du0d000   0.10509 0.01104
           147  u2222d0ud000  -0.11552 0.01335
           149  u2222du00d00  -0.05013 0.00251
           169  222202002000  -0.06487 0.00421
           173  222202000200  -0.10998 0.01210
           176  22220200u0d0  -0.05786 0.00335
           193  222ud200ud00  -0.05318 0.00283
           198  222ud2000ud0  -0.11878 0.01411
           202  222ud200u00d  -0.05744 0.00330
           224  22u2d2000u0d  -0.09497 0.00902
           231  2u22d20ud000   0.05175 0.00268
           233  2u22d2u00d00   0.08812 0.00777
           255  u222d20u0d00  -0.06943 0.00482
           283  222022000020  -0.06832 0.00467
           309  22ud220000ud  -0.08382 0.00703
           321  2u2d22u000d0   0.06418 0.00412
           343  u22d220u00d0  -0.05820 0.00339
           389  2ud222u0000d   0.05788 0.00335
           411  u2d2220u000d  -0.05258 0.00277
           438  ud2222ud0000   0.05071 0.00257
           484  2222uu00dd00   0.07047 0.00497
           502  222u2u00d0d0   0.06012 0.00361
           521  22u22u00d00d   0.05147 0.00265
           541  u2222u0dd000  -0.05027 0.00253
          5623  222200002200   0.07346 0.00540
          5742  222ud0002ud0   0.06473 0.00419
          5877  22u2d0002u0d   0.05011 0.00251
 
      Natural orbitals and occupation numbers for root  1
      sym 1:   1.867409   1.851261   1.821542   1.770602   1.683282   1.533784   0.137486   0.119524   0.486560   0.327240
               0.229784   0.171527
 
      ************************************************************************************************************************
      *                                                                                                                      *
      *                                                    Final results                                                     *
      *                                                                                                                      *
      ************************************************************************************************************************
 
 
++    Wave function specifications:
      -----------------------------
 
      Number of closed shell electrons           0
      Number of electrons in active shells      12
      Max number of holes in RAS1 space          0
      Max nr of electrons in RAS3 space          0
      Number of inactive orbitals                0
      Number of active orbitals                 12
      Number of secondary orbitals              48
      Spin quantum number                      0.0
      State symmetry                             1
--
 
++    Orbital specifications:
      -----------------------
 
      Symmetry species                           1
                                                 a
      Frozen orbitals                            0
      Inactive orbitals                          0
      Active orbitals                           12
      RAS1 orbitals                              0
      RAS2 orbitals                             12
      RAS3 orbitals                              0
      Secondary orbitals                        48
      Deleted orbitals                           0
      Number of basis functions                 60
--
 
++    CI expansion specifications:
      ----------------------------
 
      Number of CSFs                        226512
      Number of determinants                427350
      Number of root(s) required                 1
      CI root used                               1
      highest root included in the CI            1
      Root passed to geometry opt.               1
--
 
++    Final optimization conditions:
      ------------------------------
 
      Average CI energy                              -6.28068632
      RASSCF energy for state  1                     -6.28068632
      Super-CI energy                                -0.00000000
      RASSCF energy change                            0.00000000
      Max change in MO coefficients               0.104E-04
      Max non-diagonal density matrix element    -0.698E-05
      Maximum BLB matrix element                 -0.977E-06
      (orbital pair   6,  24 in symmetry   1)
      Norm of electronic gradient            0.327E-05
--
 
 
      Final state energy(ies):
      ------------------------
 
::    RASSCF root number  1 Total energy:     -6.28068632
 
++    Molecular orbitals:
      -------------------
 
      Pseudonatural active orbitals and approximate occupation numbers
 
 
 
 
      Molecular orbitals for symmetry species 1: a  
 
 
      Orbital                1         2         3         4         5         6         7         8         9        10
      Energy            0.0000    0.0000    0.0000    0.0000    0.0000    0.0000    0.0000    0.0000    0.0000    0.0000
      Occ. No.          1.8674    1.8513    1.8215    1.7706    1.6833    1.5338    0.1375    0.1195    0.4866    0.3272
 
    1 H1     1s         0.0822    0.1666    0.2458   -0.3053    0.3223   -0.2547   -0.3233   -0.1747   -0.3061   -0.4381
    2 H1     2s         0.0017    0.0041    0.0079   -0.0146    0.0230   -0.0248   -0.0351   -0.0209   -0.0270   -0.0352
    3 H1     2px       -0.0000   -0.0000   -0.0000    0.0000   -0.0000   -0.0000    0.0000   -0.0000    0.0000    0.0000
    4 H1     2py       -0.0000   -0.0000   -0.0000    0.0000   -0.0000    0.0000    0.0000    0.0000    0.0000    0.0000
    5 H1     2pz        0.0038    0.0070    0.0086   -0.0082    0.0060   -0.0032   -0.0057   -0.0035   -0.0023   -0.0040
    6 H2     1s         0.1304    0.2456    0.3201   -0.3303    0.2681   -0.1487    0.5453    0.3261    0.0882    0.2889
    7 H2     2s        -0.0006    0.0046    0.0187   -0.0389    0.0533   -0.0450    0.1123    0.0723   -0.0123    0.0214
    8 H2     2px       -0.0000   -0.0000   -0.0000    0.0000   -0.0000   -0.0000   -0.0000   -0.0000   -0.0000   -0.0000
    9 H2     2py        0.0000   -0.0000   -0.0000    0.0000   -0.0000   -0.0000   -0.0000   -0.0000    0.0000   -0.0000
   10 H2     2pz        0.0030    0.0034   -0.0003    0.0069   -0.0124    0.0120   -0.0021   -0.0015    0.0099    0.0088
   11 H3     1s         0.2019    0.2977    0.2192    0.0147   -0.2761    0.3582   -0.6600   -0.4762    0.4114    0.3343
   12 H3     2s         0.0046    0.0064    0.0013    0.0168   -0.0474    0.0631   -0.1383   -0.1029    0.0626    0.0409
   13 H3     2px       -0.0000   -0.0000   -0.0000   -0.0000    0.0000   -0.0000    0.0000    0.0000   -0.0000   -0.0000
   14 H3     2py       -0.0000   -0.0000   -0.0000    0.0000    0.0000   -0.0000    0.0000    0.0000   -0.0000   -0.0000
   15 H3     2pz        0.0028    0.0008   -0.0058    0.0115   -0.0109    0.0050   -0.0049   -0.0030   -0.0035   -0.0059
   16 H4     1s         0.2402    0.2879    0.0941    0.1968   -0.3491    0.2495    0.6210    0.5820   -0.2350   -0.4843
   17 H4     2s         0.0016    0.0100    0.0136    0.0070   -0.0448    0.0545    0.1274    0.1306   -0.0204   -0.0791
   18 H4     2px        0.0000    0.0000    0.0000    0.0000   -0.0000    0.0000    0.0000    0.0000   -0.0000   -0.0000
   19 H4     2py       -0.0000    0.0000   -0.0000   -0.0000    0.0000   -0.0000    0.0000   -0.0000   -0.0000    0.0000
   20 H4     2pz        0.0022   -0.0025   -0.0094    0.0076    0.0042   -0.0123   -0.0023   -0.0036   -0.0090   -0.0014
   21 H5     1s         0.2824    0.1840   -0.1707    0.2990    0.0249   -0.3781   -0.4265   -0.6638   -0.4181    0.0286
   22 H5     2s         0.0048   -0.0005   -0.0155    0.0203    0.0167   -0.0689   -0.0948   -0.1464   -0.0584    0.0233
   23 H5     2px        0.0000    0.0000   -0.0000    0.0000   -0.0000   -0.0000   -0.0000   -0.0000   -0.0000   -0.0000
   24 H5     2py       -0.0000   -0.0000   -0.0000    0.0000    0.0000   -0.0000    0.0000   -0.0000   -0.0000    0.0000
   25 H5     2pz        0.0014   -0.0052   -0.0084   -0.0016    0.0121   -0.0089   -0.0041   -0.0034    0.0060    0.0074
   26 H6     1s         0.2968    0.0890   -0.2731    0.1803    0.2383   -0.3377    0.1663    0.7022    0.3531    0.3761
   27 H6     2s         0.0037    0.0083   -0.0092    0.0233    0.0208   -0.0660    0.0291    0.1566    0.0433    0.0747
   28 H6     2px       -0.0000   -0.0000    0.0000    0.0000   -0.0000   -0.0000   -0.0000    0.0000    0.0000   -0.0000
   29 H6     2py        0.0000   -0.0000   -0.0000   -0.0000    0.0000   -0.0000    0.0000    0.0000   -0.0000    0.0000
   30 H6     2pz        0.0005   -0.0068   -0.0032   -0.0103    0.0057    0.0116    0.0014   -0.0038    0.0081   -0.0045
   31 H7     1s         0.2968   -0.0890   -0.2731   -0.1803    0.2383    0.3377    0.1663   -0.7022    0.3531   -0.3761
   32 H7     2s         0.0037   -0.0083   -0.0092   -0.0233    0.0208    0.0660    0.0291   -0.1566    0.0433   -0.0747
   33 H7     2px       -0.0000    0.0000   -0.0000   -0.0000   -0.0000   -0.0000   -0.0000    0.0000    0.0000    0.0000
   34 H7     2py        0.0000   -0.0000   -0.0000    0.0000    0.0000   -0.0000    0.0000    0.0000   -0.0000   -0.0000
   35 H7     2pz       -0.0005   -0.0068    0.0032   -0.0103   -0.0057    0.0116   -0.0014   -0.0038   -0.0081   -0.0045
   36 H8     1s         0.2824   -0.1840   -0.1707   -0.2990    0.0249    0.3781   -0.4265    0.6638   -0.4181   -0.0286
   37 H8     2s         0.0048    0.0005   -0.0155   -0.0203    0.0167    0.0689   -0.0948    0.1464   -0.0584   -0.0233
   38 H8     2px        0.0000   -0.0000    0.0000   -0.0000   -0.0000   -0.0000   -0.0000    0.0000   -0.0000    0.0000
   39 H8     2py       -0.0000    0.0000    0.0000    0.0000    0.0000   -0.0000    0.0000   -0.0000    0.0000   -0.0000
   40 H8     2pz       -0.0014   -0.0052    0.0084   -0.0016   -0.0121   -0.0089    0.0041   -0.0034   -0.0060    0.0074
   41 H9     1s         0.2401   -0.2879    0.0941   -0.1968   -0.3490   -0.2495    0.6210   -0.5820   -0.2350    0.4843
   42 H9     2s         0.0016   -0.0100    0.0136   -0.0070   -0.0448   -0.0545    0.1275   -0.1306   -0.0204    0.0791
   43 H9     2px        0.0000   -0.0000    0.0000   -0.0000   -0.0000   -0.0000    0.0000   -0.0000    0.0000    0.0000
   44 H9     2py       -0.0000    0.0000    0.0000    0.0000    0.0000   -0.0000   -0.0000    0.0000    0.0000   -0.0000
   45 H9     2pz       -0.0022   -0.0025    0.0094    0.0076   -0.0042   -0.0123    0.0023   -0.0036    0.0090   -0.0014
   46 H10    1s         0.2019   -0.2977    0.2192   -0.0147   -0.2761   -0.3582   -0.6600    0.4762    0.4114   -0.3343
   47 H10    2s         0.0046   -0.0064    0.0013   -0.0168   -0.0474   -0.0631   -0.1383    0.1029    0.0626   -0.0409
   48 H10    2px        0.0000   -0.0000    0.0000    0.0000   -0.0000   -0.0000   -0.0000    0.0000    0.0000   -0.0000
   49 H10    2py        0.0000   -0.0000    0.0000   -0.0000   -0.0000   -0.0000   -0.0000    0.0000    0.0000   -0.0000
   50 H10    2pz       -0.0028    0.0008    0.0058    0.0115    0.0109    0.0050    0.0049   -0.0030    0.0035   -0.0059
   51 H11    1s         0.1304   -0.2456    0.3201    0.3303    0.2681    0.1487    0.5453   -0.3261    0.0882   -0.2889
   52 H11    2s        -0.0006   -0.0046    0.0187    0.0389    0.0533    0.0450    0.1123   -0.0723   -0.0123   -0.0214
   53 H11    2px       -0.0000    0.0000    0.0000   -0.0000   -0.0000   -0.0000    0.0000    0.0000   -0.0000    0.0000
   54 H11    2py        0.0000   -0.0000    0.0000    0.0000    0.0000   -0.0000    0.0000   -0.0000    0.0000   -0.0000
   55 H11    2pz       -0.0030    0.0034    0.0003    0.0069    0.0124    0.0120    0.0021   -0.0015   -0.0099    0.0088
   56 H12    1s         0.0822   -0.1666    0.2458    0.3053    0.3223    0.2547   -0.3233    0.1747   -0.3061    0.4381
   57 H12    2s         0.0017   -0.0041    0.0079    0.0146    0.0230    0.0248   -0.0351    0.0209   -0.0270    0.0352
   58 H12    2px        0.0000   -0.0000    0.0000    0.0000    0.0000    0.0000   -0.0000    0.0000   -0.0000    0.0000
   59 H12    2py        0.0000   -0.0000    0.0000    0.0000    0.0000   -0.0000   -0.0000   -0.0000    0.0000   -0.0000
   60 H12    2pz       -0.0038    0.0070   -0.0086   -0.0082   -0.0060   -0.0032    0.0057   -0.0035    0.0023   -0.0040
 
 
      Orbital               11        12        13        14        15        16        17        18        19        20
      Energy            0.0000    0.0000    0.2766    0.2957    0.3287    0.3810    0.4604    0.5731    0.6480    0.6480
      Occ. No.          0.2298    0.1715    0.0000    0.0000    0.0000    0.0000    0.0000    0.0000    0.0000    0.0000
 
    1 H1     1s        -0.4698   -0.4262   -0.0579    0.0734    0.0227   -0.0887    0.2333    0.3752   -0.0000    0.0000
    2 H1     2s        -0.0394   -0.0404    0.1642   -0.3282   -0.4724   -0.5788    0.6454    0.6685   -0.0000   -0.0000
    3 H1     2px        0.0000    0.0000   -0.0000   -0.0000    0.0000   -0.0000   -0.0000    0.0000    0.0641    0.0447
    4 H1     2py        0.0000    0.0000    0.0000   -0.0000   -0.0000   -0.0000    0.0000    0.0000   -0.0447    0.0641
    5 H1     2pz       -0.0055   -0.0063   -0.0234    0.0393    0.0426    0.0346   -0.0245   -0.0261    0.0000   -0.0000
    6 H2     1s         0.4940    0.5995   -0.1071    0.1691    0.1667    0.1303   -0.1297   -0.2287    0.0000   -0.0000
    7 H2     2s         0.0711    0.1086    0.1180   -0.1802   -0.1417    0.0150   -0.2795   -0.6223    0.0000   -0.0000
    8 H2     2px       -0.0000   -0.0000   -0.0000    0.0000    0.0000   -0.0000   -0.0000    0.0000    0.1216    0.0849
    9 H2     2py       -0.0000   -0.0000    0.0000   -0.0000   -0.0000    0.0000    0.0000    0.0000   -0.0849    0.1216
   10 H2     2pz        0.0037   -0.0006   -0.0002   -0.0151   -0.0475   -0.0841    0.1076    0.1068   -0.0000   -0.0000
   11 H3     1s        -0.0428   -0.4655   -0.1105    0.1128    0.0143   -0.0734    0.0478   -0.0553   -0.0000    0.0000
   12 H3     2s        -0.0241   -0.0988    0.1723   -0.2406   -0.1404    0.1046   -0.3698   -0.4604   -0.0000    0.0000
   13 H3     2px        0.0000    0.0000   -0.0000   -0.0000    0.0000   -0.0000   -0.0000    0.0000    0.1746    0.1219
   14 H3     2py       -0.0000    0.0000    0.0000   -0.0000   -0.0000   -0.0000    0.0000    0.0000   -0.1219    0.1746
   15 H3     2pz       -0.0065   -0.0060   -0.0110    0.0006   -0.0254   -0.0365    0.0049   -0.0625    0.0000    0.0000
   16 H4     1s        -0.3712    0.1393   -0.1276    0.1185    0.0039   -0.0652    0.0250    0.0332    0.0000   -0.0000
   17 H4     2s        -0.0784    0.0162    0.1886   -0.1785    0.0535    0.3174   -0.3237    0.0871   -0.0000   -0.0000
   18 H4     2px       -0.0000    0.0000   -0.0000   -0.0000    0.0000   -0.0000   -0.0000    0.0000    0.2172    0.1516
   19 H4     2py        0.0000   -0.0000    0.0000   -0.0000   -0.0000   -0.0000    0.0000    0.0000   -0.1516    0.2172
   20 H4     2pz        0.0054    0.0033   -0.0044   -0.0167   -0.0397   -0.0205   -0.0400   -0.0749    0.0000   -0.0000
   21 H5     1s         0.5273    0.3077   -0.1395    0.0603   -0.0855   -0.0628   -0.0231    0.0788   -0.0000   -0.0000
   22 H5     2s         0.1002    0.0526    0.2064   -0.1328    0.1636    0.3003    0.0329    0.5528   -0.0000   -0.0000
   23 H5     2px       -0.0000    0.0000   -0.0000   -0.0000    0.0000   -0.0000   -0.0000    0.0000    0.2479    0.1731
   24 H5     2py        0.0000    0.0000    0.0000   -0.0000   -0.0000   -0.0000    0.0000    0.0000   -0.1731    0.2479
   25 H5     2pz        0.0031   -0.0018   -0.0046   -0.0196   -0.0280    0.0217   -0.0714   -0.0233   -0.0000    0.0000
   26 H6     1s        -0.2672   -0.5600   -0.1440    0.0382   -0.1027   -0.0464   -0.0054    0.0301    0.0000    0.0000
   27 H6     2s        -0.0371   -0.1136    0.2143   -0.0360    0.2560    0.1126    0.3795    0.3016    0.0000   -0.0000
   28 H6     2px       -0.0000    0.0000   -0.0000   -0.0000    0.0000   -0.0000   -0.0000    0.0000    0.2636    0.1840
   29 H6     2py        0.0000   -0.0000    0.0000   -0.0000   -0.0000   -0.0000    0.0000    0.0000   -0.1840    0.2636
   30 H6     2pz       -0.0041    0.0041   -0.0005   -0.0246   -0.0102    0.0488   -0.0300    0.0709   -0.0000   -0.0000
   31 H7     1s        -0.2672    0.5600   -0.1440   -0.0382   -0.1027    0.0464   -0.0054   -0.0301    0.0000   -0.0000
   32 H7     2s        -0.0371    0.1136    0.2143    0.0360    0.2560   -0.1126    0.3795   -0.3016    0.0000    0.0000
   33 H7     2px       -0.0000    0.0000   -0.0000   -0.0000    0.0000   -0.0000   -0.0000    0.0000    0.2636    0.1840
   34 H7     2py        0.0000    0.0000    0.0000    0.0000   -0.0000   -0.0000    0.0000   -0.0000   -0.1840    0.2636
   35 H7     2pz        0.0041    0.0041    0.0005   -0.0246    0.0102    0.0488    0.0300    0.0709   -0.0000   -0.0000
   36 H8     1s         0.5273   -0.3077   -0.1395   -0.0603   -0.0855    0.0628   -0.0231   -0.0788   -0.0000    0.0000
   37 H8     2s         0.1002   -0.0526    0.2064    0.1328    0.1636   -0.3003    0.0329   -0.5528   -0.0000    0.0000
   38 H8     2px       -0.0000    0.0000   -0.0000   -0.0000    0.0000   -0.0000   -0.0000    0.0000    0.2479    0.1731
   39 H8     2py        0.0000    0.0000    0.0000    0.0000   -0.0000   -0.0000    0.0000   -0.0000   -0.1731    0.2479
   40 H8     2pz       -0.0031   -0.0018    0.0046   -0.0196    0.0280    0.0217    0.0714   -0.0233    0.0000    0.0000
   41 H9     1s        -0.3712   -0.1393   -0.1276   -0.1185    0.0039    0.0652    0.0250   -0.0332    0.0000    0.0000
   42 H9     2s        -0.0784   -0.0162    0.1886    0.1785    0.0535   -0.3174   -0.3237   -0.0871   -0.0000    0.0000
   43 H9     2px       -0.0000   -0.0000   -0.0000   -0.0000    0.0000   -0.0000   -0.0000    0.0000    0.2172    0.1516
   44 H9     2py        0.0000    0.0000    0.0000    0.0000   -0.0000   -0.0000    0.0000   -0.0000   -0.1516    0.2172
   45 H9     2pz       -0.0054    0.0033    0.0044   -0.0167    0.0397   -0.0205    0.0400   -0.0749   -0.0000   -0.0000
   46 H10    1s        -0.0428    0.4655   -0.1105   -0.1128    0.0143    0.0734    0.0478    0.0553   -0.0000   -0.0000
   47 H10    2s        -0.0241    0.0988    0.1723    0.2406   -0.1404   -0.1046   -0.3698    0.4604   -0.0000   -0.0000
   48 H10    2px        0.0000   -0.0000   -0.0000   -0.0000    0.0000   -0.0000   -0.0000    0.0000    0.1746    0.1219
   49 H10    2py       -0.0000    0.0000    0.0000   -0.0000   -0.0000   -0.0000    0.0000   -0.0000   -0.1219    0.1746
   50 H10    2pz        0.0065   -0.0060    0.0110    0.0006    0.0254   -0.0365   -0.0049   -0.0625   -0.0000    0.0000
   51 H11    1s         0.4940   -0.5995   -0.1071   -0.1691    0.1667   -0.1303   -0.1297    0.2287    0.0000    0.0000
   52 H11    2s         0.0711   -0.1086    0.1180    0.1802   -0.1417   -0.0150   -0.2795    0.6223    0.0000    0.0000
   53 H11    2px        0.0000   -0.0000   -0.0000   -0.0000    0.0000   -0.0000   -0.0000    0.0000    0.1216    0.0849
   54 H11    2py        0.0000   -0.0000    0.0000    0.0000   -0.0000   -0.0000    0.0000   -0.0000   -0.0849    0.1216
   55 H11    2pz       -0.0037   -0.0006    0.0002   -0.0151    0.0475   -0.0841   -0.1076    0.1068   -0.0000   -0.0000
   56 H12    1s        -0.4698    0.4262   -0.0579   -0.0734    0.0227    0.0887    0.2333   -0.3752   -0.0000   -0.0000
   57 H12    2s        -0.0394    0.0404    0.1642    0.3282   -0.4724    0.5788    0.6454   -0.6685   -0.0000    0.0000
   58 H12    2px       -0.0000    0.0000   -0.0000   -0.0000    0.0000   -0.0000   -0.0000    0.0000    0.0641    0.0447
   59 H12    2py       -0.0000    0.0000    0.0000    0.0000   -0.0000   -0.0000    0.0000   -0.0000   -0.0447    0.0641
   60 H12    2pz        0.0055   -0.0063    0.0234    0.0393   -0.0426    0.0346    0.0245   -0.0261   -0.0000   -0.0000
 
 
      Orbital               21        22        23        24        25        26        27        28        29        30
      Energy            0.6722    0.6722    0.7118    0.7118    0.7147    0.7671    0.7671    0.8270    0.8377    0.8377
      Occ. No.          0.0000    0.0000    0.0000    0.0000    0.0000    0.0000    0.0000    0.0000    0.0000    0.0000
 
    1 H1     1s         0.0000   -0.0000   -0.0000    0.0000   -0.4673    0.0000   -0.0000    0.0009    0.0000    0.0000
    2 H1     2s         0.0000   -0.0000   -0.0000    0.0000   -0.6134    0.0000   -0.0000    0.1584   -0.0000    0.0000
    3 H1     2px       -0.0413   -0.1506   -0.1831    0.1401    0.0000   -0.0995   -0.2799   -0.0000   -0.2594    0.2368
    4 H1     2py       -0.1506    0.0413    0.1401    0.1831   -0.0000   -0.2799    0.0995    0.0000    0.2368    0.2594
    5 H1     2pz       -0.0000    0.0000    0.0000   -0.0000    0.0623    0.0000    0.0000    0.1385   -0.0000   -0.0000
    6 H2     1s         0.0000    0.0000    0.0000   -0.0000    0.4177   -0.0000    0.0000   -0.0214   -0.0000   -0.0000
    7 H2     2s        -0.0000    0.0000    0.0000   -0.0000    0.9491   -0.0000    0.0000   -0.1415    0.0000   -0.0000
    8 H2     2px       -0.0711   -0.2594   -0.2656    0.2032    0.0000   -0.1087   -0.3058   -0.0000   -0.1737    0.1585
    9 H2     2py       -0.2594    0.0711    0.2032    0.2656   -0.0000   -0.3058    0.1087    0.0000    0.1585    0.1737
   10 H2     2pz        0.0000   -0.0000   -0.0000    0.0000   -0.0936   -0.0000    0.0000   -0.1659    0.0000    0.0000
   11 H3     1s         0.0000   -0.0000    0.0000   -0.0000    0.0535   -0.0000    0.0000   -0.0447    0.0000    0.0000
   12 H3     2s        -0.0000    0.0000    0.0000   -0.0000    0.1878   -0.0000   -0.0000   -0.0348    0.0000    0.0000
   13 H3     2px       -0.0860   -0.3139   -0.2197    0.1681    0.0000   -0.0264   -0.0741    0.0000    0.1322   -0.1207
   14 H3     2py       -0.3139    0.0860    0.1681    0.2197   -0.0000   -0.0741    0.0264   -0.0000   -0.1207   -0.1322
   15 H3     2pz       -0.0000    0.0000    0.0000   -0.0000    0.1261    0.0000    0.0000    0.2174   -0.0000   -0.0000
   16 H4     1s        -0.0000    0.0000   -0.0000    0.0000   -0.2235    0.0000   -0.0000    0.0325   -0.0000    0.0000
   17 H4     2s        -0.0000    0.0000   -0.0000    0.0000   -0.6738    0.0000   -0.0000    0.0300   -0.0000    0.0000
   18 H4     2px       -0.0811   -0.2959   -0.0641    0.0491    0.0000    0.0781    0.2198    0.0000    0.2680   -0.2446
   19 H4     2py       -0.2959    0.0811    0.0491    0.0641   -0.0000    0.2198   -0.0781   -0.0000   -0.2446   -0.2680
   20 H4     2pz       -0.0000    0.0000    0.0000   -0.0000    0.0136    0.0000   -0.0000   -0.2705    0.0000   -0.0000
   21 H5     1s         0.0000    0.0000   -0.0000    0.0000   -0.1489   -0.0000   -0.0000    0.0433   -0.0000    0.0000
   22 H5     2s         0.0000   -0.0000   -0.0000    0.0000   -0.4347   -0.0000   -0.0000    0.1322   -0.0000   -0.0000
   23 H5     2px       -0.0576   -0.2102    0.1243   -0.0951   -0.0000    0.1162    0.3267    0.0000    0.0615   -0.0561
   24 H5     2py       -0.2102    0.0576   -0.0951   -0.1243    0.0000    0.3267   -0.1162   -0.0000   -0.0561   -0.0615
   25 H5     2pz        0.0000   -0.0000   -0.0000    0.0000   -0.0574   -0.0000    0.0000    0.2970   -0.0000    0.0000
   26 H6     1s        -0.0000   -0.0000    0.0000   -0.0000    0.1955    0.0000    0.0000   -0.0401    0.0000   -0.0000
   27 H6     2s        -0.0000   -0.0000    0.0000   -0.0000    0.5843   -0.0000    0.0000   -0.1019    0.0000   -0.0000
   28 H6     2px       -0.0209   -0.0762    0.2494   -0.1909   -0.0000    0.0544    0.1531   -0.0000   -0.2225    0.2031
   29 H6     2py       -0.0762    0.0209   -0.1909   -0.2494    0.0000    0.1531   -0.0544    0.0000    0.2031    0.2225
   30 H6     2pz       -0.0000   -0.0000   -0.0000    0.0000   -0.0724    0.0000    0.0000   -0.2958    0.0000   -0.0000
   31 H7     1s        -0.0000    0.0000    0.0000   -0.0000    0.1955    0.0000   -0.0000   -0.0401    0.0000    0.0000
   32 H7     2s        -0.0000    0.0000    0.0000   -0.0000    0.5843    0.0000   -0.0000   -0.1019    0.0000    0.0000
   33 H7     2px        0.0209    0.0762    0.2494   -0.1909   -0.0000   -0.0544   -0.1531   -0.0000   -0.2225    0.2031
   34 H7     2py        0.0762   -0.0209   -0.1909   -0.2494    0.0000   -0.1531    0.0544    0.0000    0.2031    0.2225
   35 H7     2pz        0.0000    0.0000    0.0000   -0.0000    0.0724   -0.0000   -0.0000    0.2958   -0.0000    0.0000
   36 H8     1s         0.0000    0.0000   -0.0000    0.0000   -0.1489   -0.0000   -0.0000    0.0433   -0.0000    0.0000
   37 H8     2s         0.0000    0.0000   -0.0000    0.0000   -0.4347   -0.0000   -0.0000    0.1322   -0.0000    0.0000
   38 H8     2px        0.0576    0.2102    0.1243   -0.0951   -0.0000   -0.1162   -0.3267    0.0000    0.0615   -0.0561
   39 H8     2py        0.2102   -0.0576   -0.0951   -0.1243    0.0000   -0.3267    0.1162   -0.0000   -0.0561   -0.0615
   40 H8     2pz       -0.0000   -0.0000    0.0000   -0.0000    0.0574    0.0000    0.0000   -0.2970    0.0000   -0.0000
   41 H9     1s        -0.0000   -0.0000   -0.0000    0.0000   -0.2235    0.0000    0.0000    0.0325   -0.0000    0.0000
   42 H9     2s         0.0000   -0.0000   -0.0000    0.0000   -0.6738    0.0000    0.0000    0.0300   -0.0000   -0.0000
   43 H9     2px        0.0811    0.2959   -0.0641    0.0491    0.0000   -0.0781   -0.2198    0.0000    0.2680   -0.2446
   44 H9     2py        0.2959   -0.0811    0.0491    0.0641   -0.0000   -0.2198    0.0781   -0.0000   -0.2446   -0.2680
   45 H9     2pz       -0.0000    0.0000   -0.0000    0.0000   -0.0136    0.0000   -0.0000    0.2705   -0.0000    0.0000
   46 H10    1s        -0.0000    0.0000   -0.0000    0.0000    0.0535   -0.0000   -0.0000   -0.0447    0.0000   -0.0000
   47 H10    2s        -0.0000    0.0000    0.0000    0.0000    0.1878   -0.0000    0.0000   -0.0348    0.0000   -0.0000
   48 H10    2px        0.0860    0.3139   -0.2197    0.1681    0.0000    0.0264    0.0741    0.0000    0.1322   -0.1207
   49 H10    2py        0.3139   -0.0860    0.1681    0.2197   -0.0000    0.0741   -0.0264   -0.0000   -0.1207   -0.1322
   50 H10    2pz        0.0000    0.0000   -0.0000    0.0000   -0.1261   -0.0000   -0.0000   -0.2174    0.0000   -0.0000
   51 H11    1s        -0.0000    0.0000    0.0000   -0.0000    0.4177   -0.0000   -0.0000   -0.0214   -0.0000    0.0000
   52 H11    2s        -0.0000   -0.0000    0.0000   -0.0000    0.9491   -0.0000   -0.0000   -0.1415   -0.0000    0.0000
   53 H11    2px        0.0711    0.2594   -0.2656    0.2032    0.0000    0.1087    0.3058   -0.0000   -0.1737    0.1585
   54 H11    2py        0.2594   -0.0711    0.2032    0.2656   -0.0000    0.3058   -0.1087    0.0000    0.1585    0.1737
   55 H11    2pz       -0.0000   -0.0000    0.0000   -0.0000    0.0936    0.0000    0.0000    0.1659   -0.0000    0.0000
   56 H12    1s         0.0000   -0.0000   -0.0000    0.0000   -0.4673    0.0000    0.0000    0.0009    0.0000   -0.0000
   57 H12    2s         0.0000    0.0000   -0.0000    0.0000   -0.6134    0.0000   -0.0000    0.1584   -0.0000   -0.0000
   58 H12    2px        0.0413    0.1506   -0.1831    0.1401    0.0000    0.0995    0.2799   -0.0000   -0.2594    0.2368
   59 H12    2py        0.1506   -0.0413    0.1401    0.1831   -0.0000    0.2799   -0.0995    0.0000    0.2368    0.2594
   60 H12    2pz        0.0000    0.0000   -0.0000    0.0000   -0.0623   -0.0000   -0.0000   -0.1385    0.0000   -0.0000
 
 
      Orbital               31        32        33        34        35        36        37        38        39        40
      Energy            0.8572    0.8988    0.9229    0.9229    0.9452    1.0075    1.0192    1.0228    1.0228    1.1310
      Occ. No.          0.0000    0.0000    0.0000    0.0000    0.0000    0.0000    0.0000    0.0000    0.0000    0.0000
 
    1 H1     1s        -0.3699   -0.3010   -0.0000    0.0000   -0.1680    0.3076   -0.1079   -0.0000   -0.0000   -0.0000
    2 H1     2s        -0.2353   -0.4929   -0.0000    0.0000    0.0657    0.3486    0.0530   -0.0000   -0.0000   -0.0000
    3 H1     2px        0.0000    0.0000   -0.3090    0.2317   -0.0000    0.0000    0.0000    0.2876    0.2817   -0.0962
    4 H1     2py        0.0000   -0.0000   -0.2317   -0.3090   -0.0000   -0.0000   -0.0000    0.2817   -0.2876   -0.3862
    5 H1     2pz        0.2459   -0.1053   -0.0000   -0.0000    0.3303   -0.0471    0.2671    0.0000   -0.0000   -0.0000
    6 H2     1s         0.4339    0.4438    0.0000   -0.0000    0.2050   -0.5385    0.1641    0.0000    0.0000    0.0000
    7 H2     2s         0.7771    0.9150    0.0000   -0.0000    0.3561   -0.9684    0.3350    0.0000    0.0000    0.0000
    8 H2     2px        0.0000    0.0000   -0.0636    0.0477   -0.0000   -0.0000   -0.0000   -0.0815   -0.0799    0.0727
    9 H2     2py        0.0000   -0.0000   -0.0477   -0.0636   -0.0000    0.0000    0.0000   -0.0799    0.0815    0.2917
   10 H2     2pz       -0.2184    0.1742    0.0000    0.0000   -0.2572   -0.0766   -0.1508   -0.0000    0.0000    0.0000
   11 H3     1s        -0.1888   -0.1072    0.0000    0.0000   -0.3072    0.4173   -0.3740   -0.0000   -0.0000   -0.0000
   12 H3     2s        -0.4191   -0.2472    0.0000    0.0000   -0.7218    0.7754   -0.8217   -0.0000   -0.0000   -0.0000
   13 H3     2px       -0.0000   -0.0000    0.2926   -0.2194    0.0000   -0.0000   -0.0000   -0.2709   -0.2654    0.0466
   14 H3     2py       -0.0000    0.0000    0.2194    0.2926    0.0000    0.0000    0.0000   -0.2654    0.2709    0.1869
   15 H3     2pz        0.2552   -0.1802   -0.0000    0.0000    0.1590    0.1199   -0.0234   -0.0000   -0.0000   -0.0000
   16 H4     1s        -0.2208   -0.3172   -0.0000    0.0000    0.1476    0.1576    0.3366    0.0000   -0.0000    0.0000
   17 H4     2s        -0.4660   -0.7332   -0.0000    0.0000    0.4513    0.3886    0.7099    0.0000   -0.0000   -0.0000
   18 H4     2px       -0.0000   -0.0000    0.1393   -0.1045    0.0000    0.0000    0.0000    0.1423    0.1394   -0.1047
   19 H4     2py       -0.0000    0.0000    0.1045    0.1393    0.0000   -0.0000   -0.0000    0.1394   -0.1423   -0.4203
   20 H4     2pz       -0.1967    0.1921    0.0000   -0.0000   -0.0076   -0.0713    0.1835    0.0000   -0.0000   -0.0000
   21 H5     1s         0.1607    0.2104    0.0000   -0.0000    0.0942   -0.5838    0.0314    0.0000    0.0000   -0.0000
   22 H5     2s         0.3095    0.5532    0.0000   -0.0000    0.0612   -1.2117    0.0903    0.0000    0.0000    0.0000
   23 H5     2px        0.0000    0.0000   -0.2574    0.1930   -0.0000    0.0000    0.0000    0.2400    0.2351    0.0260
   24 H5     2py       -0.0000   -0.0000   -0.1930   -0.2574   -0.0000   -0.0000   -0.0000    0.2351   -0.2400    0.1045
   25 H5     2pz        0.0687   -0.1858    0.0000    0.0000   -0.1552   -0.0378   -0.2151   -0.0000    0.0000    0.0000
   26 H6     1s         0.2316    0.2099   -0.0000    0.0000   -0.0894    0.3264   -0.3953   -0.0000   -0.0000   -0.0000
   27 H6     2s         0.6299    0.3474   -0.0000   -0.0000   -0.1338    0.6580   -0.8882   -0.0000    0.0000    0.0000
   28 H6     2px        0.0000    0.0000   -0.2052    0.1539   -0.0000   -0.0000   -0.0000   -0.1963   -0.1923    0.0863
   29 H6     2py        0.0000   -0.0000   -0.1539   -0.2052    0.0000    0.0000    0.0000   -0.1923    0.1963    0.3462
   30 H6     2pz       -0.0023    0.0824   -0.0000   -0.0000    0.2653    0.1310    0.0934    0.0000   -0.0000   -0.0000
   31 H7     1s        -0.2316   -0.2099   -0.0000   -0.0000   -0.0894    0.3264    0.3953   -0.0000   -0.0000    0.0000
   32 H7     2s        -0.6299   -0.3474   -0.0000    0.0000   -0.1338    0.6580    0.8882   -0.0000   -0.0000   -0.0000
   33 H7     2px        0.0000    0.0000    0.2052   -0.1539   -0.0000   -0.0000   -0.0000   -0.1963   -0.1923   -0.0863
   34 H7     2py        0.0000    0.0000    0.1539    0.2052    0.0000    0.0000    0.0000   -0.1923    0.1963   -0.3462
   35 H7     2pz       -0.0023    0.0824    0.0000   -0.0000   -0.2653   -0.1310    0.0934    0.0000    0.0000    0.0000
   36 H8     1s        -0.1607   -0.2104    0.0000    0.0000    0.0942   -0.5838   -0.0314    0.0000    0.0000   -0.0000
   37 H8     2s        -0.3095   -0.5532    0.0000    0.0000    0.0612   -1.2117   -0.0903    0.0000    0.0000   -0.0000
   38 H8     2px        0.0000   -0.0000    0.2574   -0.1930   -0.0000    0.0000    0.0000    0.2400    0.2351   -0.0260
   39 H8     2py        0.0000    0.0000    0.1930    0.2574    0.0000   -0.0000   -0.0000    0.2351   -0.2400   -0.1045
   40 H8     2pz        0.0687   -0.1858   -0.0000    0.0000    0.1552    0.0378   -0.2151   -0.0000    0.0000   -0.0000
   41 H9     1s         0.2208    0.3172   -0.0000   -0.0000    0.1476    0.1576   -0.3365   -0.0000    0.0000    0.0000
   42 H9     2s         0.4660    0.7332   -0.0000   -0.0000    0.4513    0.3886   -0.7099   -0.0000    0.0000    0.0000
   43 H9     2px       -0.0000    0.0000   -0.1393    0.1045    0.0000    0.0000    0.0000    0.1423    0.1394    0.1047
   44 H9     2py       -0.0000   -0.0000   -0.1045   -0.1393   -0.0000   -0.0000   -0.0000    0.1394   -0.1423    0.4203
   45 H9     2pz       -0.1967    0.1921   -0.0000   -0.0000    0.0076    0.0713    0.1835    0.0000   -0.0000   -0.0000
   46 H10    1s         0.1888    0.1072    0.0000   -0.0000   -0.3072    0.4173    0.3740    0.0000   -0.0000   -0.0000
   47 H10    2s         0.4191    0.2472    0.0000   -0.0000   -0.7218    0.7754    0.8217    0.0000   -0.0000   -0.0000
   48 H10    2px       -0.0000    0.0000   -0.2926    0.2194    0.0000   -0.0000   -0.0000   -0.2709   -0.2654   -0.0466
   49 H10    2py       -0.0000   -0.0000   -0.2194   -0.2926   -0.0000    0.0000    0.0000   -0.2654    0.2709   -0.1869
   50 H10    2pz        0.2552   -0.1802    0.0000    0.0000   -0.1590   -0.1199   -0.0234    0.0000    0.0000    0.0000
   51 H11    1s        -0.4339   -0.4438   -0.0000    0.0000    0.2050   -0.5385   -0.1641    0.0000    0.0000    0.0000
   52 H11    2s        -0.7771   -0.9150   -0.0000    0.0000    0.3561   -0.9684   -0.3350    0.0000    0.0000    0.0000
   53 H11    2px        0.0000   -0.0000    0.0636   -0.0477   -0.0000   -0.0000   -0.0000   -0.0815   -0.0799   -0.0727
   54 H11    2py        0.0000    0.0000    0.0477    0.0636    0.0000    0.0000    0.0000   -0.0799    0.0815   -0.2917
   55 H11    2pz       -0.2184    0.1742   -0.0000   -0.0000    0.2572    0.0766   -0.1508   -0.0000    0.0000   -0.0000
   56 H12    1s         0.3699    0.3010    0.0000   -0.0000   -0.1680    0.3076    0.1079   -0.0000   -0.0000   -0.0000
   57 H12    2s         0.2353    0.4929   -0.0000   -0.0000    0.0657    0.3486   -0.0530   -0.0000   -0.0000   -0.0000
   58 H12    2px        0.0000   -0.0000    0.3090   -0.2317   -0.0000    0.0000    0.0000    0.2876    0.2817    0.0962
   59 H12    2py        0.0000    0.0000    0.2317    0.3090    0.0000   -0.0000   -0.0000    0.2817   -0.2876    0.3862
   60 H12    2pz        0.2459   -0.1053    0.0000   -0.0000   -0.3303    0.0470    0.2671    0.0000   -0.0000    0.0000
 
 
      Orbital               41        42        43        44        45        46        47        48        49        50
      Energy            1.1310    1.2426    1.2426    1.3485    1.3485    1.4373    1.4373    1.4517    1.4629    1.4966
      Occ. No.          0.0000    0.0000    0.0000    0.0000    0.0000    0.0000    0.0000    0.0000    0.0000    0.0000
 
    1 H1     1s        -0.0000    0.0000    0.0000    0.0000   -0.0000    0.0000    0.0000    0.4300   -0.4417    0.0000
    2 H1     2s         0.0000   -0.0000    0.0000    0.0000   -0.0000    0.0000    0.0000    0.5225   -0.5247    0.0000
    3 H1     2px       -0.3862    0.0176    0.3656    0.0387   -0.3042    0.0543    0.2152   -0.0000    0.0000   -0.0183
    4 H1     2py        0.0962    0.3656   -0.0176   -0.3042   -0.0387    0.2152   -0.0543    0.0000    0.0000   -0.1155
    5 H1     2pz        0.0000    0.0000   -0.0000    0.0000   -0.0000    0.0000    0.0000    0.4244   -0.2596    0.0000
    6 H2     1s         0.0000   -0.0000   -0.0000    0.0000    0.0000   -0.0000   -0.0000   -0.9921    1.2171   -0.0000
    7 H2     2s         0.0000   -0.0000   -0.0000    0.0000    0.0000   -0.0000   -0.0000   -0.9982    1.4149   -0.0000
    8 H2     2px        0.2917   -0.0209   -0.4344   -0.0603    0.4732   -0.0996   -0.3950    0.0000   -0.0000    0.0367
    9 H2     2py       -0.0727   -0.4344    0.0209    0.4732    0.0603   -0.3950    0.0996   -0.0000   -0.0000    0.2321
   10 H2     2pz        0.0000   -0.0000   -0.0000    0.0000    0.0000   -0.0000   -0.0000   -0.1159    0.2522   -0.0000
   11 H3     1s        -0.0000    0.0000    0.0000   -0.0000   -0.0000    0.0000   -0.0000    0.5701   -1.5204    0.0000
   12 H3     2s        -0.0000    0.0000    0.0000   -0.0000   -0.0000    0.0000   -0.0000    0.5450   -1.7439    0.0000
   13 H3     2px        0.1869    0.0058    0.1193    0.0507   -0.3977    0.1212    0.4808   -0.0000    0.0000   -0.0527
   14 H3     2py       -0.0466    0.1193   -0.0058   -0.3977   -0.0507    0.4808   -0.1212    0.0000    0.0000   -0.3336
   15 H3     2pz       -0.0000    0.0000    0.0000   -0.0000    0.0000    0.0000   -0.0000   -0.3690    0.0055   -0.0000
   16 H4     1s         0.0000   -0.0000   -0.0000    0.0000    0.0000   -0.0000    0.0000    0.5504    0.8572   -0.0000
   17 H4     2s         0.0000   -0.0000   -0.0000    0.0000    0.0000   -0.0000    0.0000    0.5978    0.9539   -0.0000
   18 H4     2px       -0.4203    0.0144    0.2989   -0.0153    0.1200   -0.1147   -0.4551    0.0000   -0.0000    0.0657
   19 H4     2py        0.1047    0.2989   -0.0144    0.1200    0.0153   -0.4551    0.1147   -0.0000   -0.0000    0.4153
   20 H4     2pz        0.0000   -0.0000   -0.0000    0.0000   -0.0000    0.0000    0.0000    0.4684   -0.3277    0.0000
   21 H5     1s        -0.0000    0.0000    0.0000   -0.0000   -0.0000   -0.0000   -0.0000   -1.1946    0.4708    0.0000
   22 H5     2s        -0.0000    0.0000    0.0000   -0.0000   -0.0000   -0.0000   -0.0000   -1.2362    0.5555    0.0000
   23 H5     2px        0.1045   -0.0220   -0.4561   -0.0280    0.2198    0.0814    0.3231   -0.0000    0.0000   -0.0746
   24 H5     2py       -0.0260   -0.4561    0.0220    0.2198    0.0280    0.3231   -0.0814    0.0000    0.0000   -0.4722
   25 H5     2pz       -0.0000    0.0000    0.0000    0.0000    0.0000   -0.0000   -0.0000   -0.0381    0.4337   -0.0000
   26 H6     1s         0.0000   -0.0000   -0.0000    0.0000   -0.0000    0.0000    0.0000    0.6139   -1.5314    0.0000
   27 H6     2s        -0.0000   -0.0000   -0.0000    0.0000   -0.0000    0.0000    0.0000    0.6291   -1.7474    0.0000
   28 H6     2px        0.3462    0.0104    0.2150    0.0570   -0.4471   -0.0295   -0.1169   -0.0000   -0.0000    0.0793
   29 H6     2py       -0.0863    0.2150   -0.0104   -0.4471   -0.0570   -0.1169    0.0295   -0.0000    0.0000    0.5015
   30 H6     2pz       -0.0000   -0.0000    0.0000   -0.0000   -0.0000    0.0000   -0.0000   -0.4521   -0.1994    0.0000
   31 H7     1s        -0.0000    0.0000    0.0000    0.0000    0.0000   -0.0000   -0.0000    0.6139    1.5314   -0.0000
   32 H7     2s         0.0000    0.0000    0.0000    0.0000    0.0000   -0.0000   -0.0000    0.6291    1.7474   -0.0000
   33 H7     2px       -0.3462    0.0104    0.2150   -0.0570    0.4471   -0.0295   -0.1169    0.0000    0.0000   -0.0793
   34 H7     2py        0.0863    0.2150   -0.0104    0.4471    0.0570   -0.1169    0.0295    0.0000   -0.0000   -0.5015
   35 H7     2pz        0.0000   -0.0000   -0.0000    0.0000   -0.0000   -0.0000    0.0000    0.4521   -0.1994    0.0000
   36 H8     1s         0.0000   -0.0000   -0.0000   -0.0000   -0.0000    0.0000   -0.0000   -1.1946   -0.4708    0.0000
   37 H8     2s         0.0000   -0.0000   -0.0000   -0.0000   -0.0000    0.0000   -0.0000   -1.2362   -0.5555    0.0000
   38 H8     2px       -0.1045   -0.0220   -0.4561    0.0280   -0.2198    0.0814    0.3231   -0.0000   -0.0000    0.0746
   39 H8     2py        0.0260   -0.4561    0.0220   -0.2198   -0.0280    0.3231   -0.0814    0.0000    0.0000    0.4722
   40 H8     2pz       -0.0000    0.0000    0.0000   -0.0000    0.0000   -0.0000   -0.0000    0.0381    0.4337    0.0000
   41 H9     1s        -0.0000    0.0000    0.0000    0.0000   -0.0000   -0.0000    0.0000    0.5504   -0.8572   -0.0000
   42 H9     2s        -0.0000    0.0000    0.0000    0.0000    0.0000   -0.0000    0.0000    0.5978   -0.9539   -0.0000
   43 H9     2px        0.4203    0.0144    0.2989    0.0153   -0.1200   -0.1147   -0.4551    0.0000    0.0000   -0.0657
   44 H9     2py       -0.1047    0.2989   -0.0144   -0.1200   -0.0153   -0.4551    0.1147   -0.0000   -0.0000   -0.4153
   45 H9     2pz        0.0000   -0.0000    0.0000    0.0000   -0.0000    0.0000   -0.0000   -0.4684   -0.3277   -0.0000
   46 H10    1s        -0.0000   -0.0000   -0.0000   -0.0000    0.0000   -0.0000   -0.0000    0.5701    1.5204    0.0000
   47 H10    2s         0.0000   -0.0000   -0.0000   -0.0000   -0.0000   -0.0000   -0.0000    0.5450    1.7439    0.0000
   48 H10    2px       -0.1869    0.0058    0.1193   -0.0507    0.3977    0.1212    0.4808   -0.0000   -0.0000    0.0527
   49 H10    2py        0.0466    0.1193   -0.0058    0.3977    0.0507    0.4808   -0.1212    0.0000    0.0000    0.3336
   50 H10    2pz       -0.0000    0.0000   -0.0000    0.0000    0.0000   -0.0000    0.0000    0.3690    0.0055    0.0000
   51 H11    1s        -0.0000    0.0000    0.0000    0.0000   -0.0000    0.0000   -0.0000   -0.9921   -1.2171   -0.0000
   52 H11    2s         0.0000    0.0000   -0.0000    0.0000   -0.0000    0.0000   -0.0000   -0.9982   -1.4149   -0.0000
   53 H11    2px       -0.2917   -0.0209   -0.4344    0.0603   -0.4732   -0.0996   -0.3950    0.0000    0.0000   -0.0367
   54 H11    2py        0.0727   -0.4344    0.0209   -0.4732   -0.0603   -0.3950    0.0996   -0.0000   -0.0000   -0.2321
   55 H11    2pz       -0.0000   -0.0000   -0.0000   -0.0000    0.0000   -0.0000   -0.0000    0.1159    0.2522    0.0000
   56 H12    1s         0.0000    0.0000   -0.0000   -0.0000    0.0000   -0.0000    0.0000    0.4300    0.4417    0.0000
   57 H12    2s        -0.0000   -0.0000    0.0000   -0.0000    0.0000   -0.0000    0.0000    0.5225    0.5247    0.0000
   58 H12    2px        0.3862    0.0176    0.3656   -0.0387    0.3042    0.0543    0.2152   -0.0000   -0.0000    0.0183
   59 H12    2py       -0.0962    0.3656   -0.0176    0.3042    0.0387    0.2152   -0.0543    0.0000    0.0000    0.1155
   60 H12    2pz        0.0000   -0.0000    0.0000    0.0000   -0.0000    0.0000   -0.0000   -0.4244   -0.2596   -0.0000
 
 
      Orbital               51        52        53        54        55        56        57        58        59        60
      Energy            1.4966    1.5536    1.5638    1.6655    1.7118    1.9007    2.1115    2.3328    2.5398    2.6924
      Occ. No.          0.0000    0.0000    0.0000    0.0000    0.0000    0.0000    0.0000    0.0000    0.0000    0.0000
 
    1 H1     1s         0.0000   -0.4529    0.4223    0.2567    0.4173   -0.3824   -0.3542   -0.3093   -0.2343    0.1276
    2 H1     2s        -0.0000   -0.4927    0.4777    0.2789    0.3688   -0.2589   -0.1846   -0.1295   -0.0836    0.0413
    3 H1     2px       -0.1155    0.0000    0.0000    0.0000    0.0000   -0.0000   -0.0000   -0.0000   -0.0000    0.0000
    4 H1     2py        0.0183    0.0000    0.0000   -0.0000    0.0000   -0.0000   -0.0000   -0.0000   -0.0000    0.0000
    5 H1     2pz       -0.0000   -0.5211    0.2106    0.1269    0.5129   -0.4768   -0.4271   -0.3563   -0.2595    0.1377
    6 H2     1s         0.0000    0.9021   -1.2581   -0.7893   -0.6298    0.3429    0.1222   -0.0341   -0.1061    0.0847
    7 H2     2s         0.0000    0.7647   -1.4425   -0.8807   -0.4401    0.2084    0.1053    0.0606    0.0366   -0.0182
    8 H2     2px        0.2321   -0.0000   -0.0000   -0.0000   -0.0000    0.0000    0.0000    0.0000    0.0000   -0.0000
    9 H2     2py       -0.0367   -0.0000   -0.0000    0.0000   -0.0000    0.0000    0.0000    0.0000    0.0000   -0.0000
   10 H2     2pz        0.0000   -0.0672   -0.2550   -0.1451    0.3119   -0.5310   -0.6707   -0.6971   -0.5844    0.3357
   11 H3     1s         0.0000   -0.1872    1.9360    1.3395   -0.1589    0.3566    0.2972    0.1040   -0.0672    0.0997
   12 H3     2s        -0.0000   -0.1906    2.2258    1.5294    0.0132    0.0574    0.0176   -0.0212   -0.0305    0.0197
   13 H3     2px       -0.3336    0.0000    0.0000    0.0000   -0.0000   -0.0000   -0.0000   -0.0000   -0.0000   -0.0000
   14 H3     2py        0.0527    0.0000    0.0000    0.0000   -0.0000    0.0000    0.0000   -0.0000   -0.0000    0.0000
   15 H3     2pz       -0.0000    0.5528    0.1000    0.0856   -0.4696    0.1610   -0.2727   -0.6438   -0.7548    0.5084
   16 H4     1s        -0.0000   -0.6811   -1.9822   -1.7677    0.3090    0.0761    0.3445    0.3049    0.0696    0.0673
   17 H4     2s        -0.0000   -0.5248   -2.3073   -2.0553    0.0907    0.0665    0.0980    0.0597    0.0164    0.0010
   18 H4     2px        0.4153   -0.0000   -0.0000   -0.0000   -0.0000    0.0000    0.0000   -0.0000   -0.0000    0.0000
   19 H4     2py       -0.0657   -0.0000   -0.0000   -0.0000   -0.0000    0.0000    0.0000    0.0000   -0.0000   -0.0000
   20 H4     2pz       -0.0000   -0.1913    0.1055   -0.0622   -0.3416    0.6092    0.3678   -0.2468   -0.7452    0.6551
   21 H5     1s         0.0000    0.5073    1.4018    2.1075    0.4190   -0.4630   -0.0314    0.2698    0.1574    0.0414
   22 H5     2s         0.0000    0.4581    1.6690    2.4444    0.2613   -0.1854   -0.0171    0.0298    0.0119    0.0045
   23 H5     2px       -0.4722    0.0000    0.0000    0.0000   -0.0000    0.0000    0.0000   -0.0000    0.0000   -0.0000
   24 H5     2py        0.0746   -0.0000    0.0000    0.0000    0.0000   -0.0000   -0.0000   -0.0000   -0.0000   -0.0000
   25 H5     2pz        0.0000   -0.4295   -0.2019    0.0779    0.4199    0.2063    0.6681    0.2971   -0.5381    0.7554
   26 H6     1s        -0.0000    0.2418   -0.4950   -2.3296   -0.4111   -0.2427   -0.3261    0.1243    0.2128    0.0176
   27 H6     2s        -0.0000    0.0629   -0.5980   -2.6731   -0.2287   -0.0597   -0.0679    0.0230    0.0219    0.0010
   28 H6     2px        0.5015    0.0000    0.0000   -0.0000   -0.0000    0.0000    0.0000   -0.0000    0.0000    0.0000
   29 H6     2py       -0.0793   -0.0000   -0.0000   -0.0000    0.0000   -0.0000   -0.0000    0.0000   -0.0000    0.0000
   30 H6     2pz       -0.0000    0.3196    0.1971   -0.0416    0.4007   -0.4942    0.3245    0.6714   -0.1967    0.8081
   31 H7     1s         0.0000   -0.2418   -0.4950    2.3296   -0.4111    0.2427   -0.3261   -0.1243    0.2128   -0.0176
   32 H7     2s         0.0000   -0.0629   -0.5980    2.6731   -0.2287    0.0597   -0.0679   -0.0230    0.0219   -0.0010
   33 H7     2px       -0.5015   -0.0000    0.0000   -0.0000   -0.0000   -0.0000    0.0000   -0.0000    0.0000    0.0000
   34 H7     2py        0.0793    0.0000    0.0000   -0.0000    0.0000    0.0000   -0.0000   -0.0000   -0.0000    0.0000
   35 H7     2pz       -0.0000    0.3196   -0.1971   -0.0416   -0.4007   -0.4942   -0.3245    0.6714    0.1967    0.8081
   36 H8     1s        -0.0000   -0.5073    1.4018   -2.1075    0.4190    0.4630   -0.0314   -0.2698    0.1574   -0.0414
   37 H8     2s        -0.0000   -0.4581    1.6690   -2.4444    0.2613    0.1854   -0.0171   -0.0298    0.0119   -0.0045
   38 H8     2px        0.4722   -0.0000   -0.0000   -0.0000   -0.0000   -0.0000    0.0000   -0.0000    0.0000    0.0000
   39 H8     2py       -0.0746    0.0000   -0.0000    0.0000    0.0000    0.0000    0.0000   -0.0000   -0.0000   -0.0000
   40 H8     2pz        0.0000   -0.4295    0.2019    0.0779   -0.4199    0.2063   -0.6681    0.2971    0.5381    0.7554
   41 H9     1s        -0.0000    0.6811   -1.9822    1.7677    0.3090   -0.0761    0.3445   -0.3049    0.0696   -0.0673
   42 H9     2s        -0.0000    0.5248   -2.3073    2.0553    0.0907   -0.0665    0.0980   -0.0597    0.0164   -0.0010
   43 H9     2px       -0.4153    0.0000    0.0000    0.0000    0.0000    0.0000    0.0000    0.0000   -0.0000   -0.0000
   44 H9     2py        0.0657   -0.0000    0.0000   -0.0000    0.0000    0.0000   -0.0000   -0.0000    0.0000    0.0000
   45 H9     2pz       -0.0000   -0.1913   -0.1055   -0.0622    0.3416    0.6092   -0.3678   -0.2468    0.7452    0.6551
   46 H10    1s         0.0000    0.1871    1.9360   -1.3395   -0.1589   -0.3566    0.2972   -0.1040   -0.0672   -0.0997
   47 H10    2s         0.0000    0.1906    2.2258   -1.5294    0.0132   -0.0574    0.0176    0.0212   -0.0305   -0.0197
   48 H10    2px        0.3336    0.0000    0.0000   -0.0000    0.0000    0.0000   -0.0000   -0.0000    0.0000    0.0000
   49 H10    2py       -0.0527    0.0000   -0.0000    0.0000   -0.0000   -0.0000    0.0000   -0.0000    0.0000    0.0000
   50 H10    2pz        0.0000    0.5528   -0.1000    0.0856    0.4696    0.1610    0.2727   -0.6438    0.7548    0.5084
   51 H11    1s        -0.0000   -0.9021   -1.2581    0.7893   -0.6298   -0.3429    0.1222    0.0341   -0.1061   -0.0847
   52 H11    2s        -0.0000   -0.7647   -1.4425    0.8807   -0.4401   -0.2084    0.1053   -0.0606    0.0366    0.0182
   53 H11    2px       -0.2321   -0.0000   -0.0000    0.0000   -0.0000   -0.0000   -0.0000    0.0000   -0.0000   -0.0000
   54 H11    2py        0.0367   -0.0000    0.0000   -0.0000    0.0000    0.0000   -0.0000    0.0000   -0.0000   -0.0000
   55 H11    2pz        0.0000   -0.0673    0.2550   -0.1451   -0.3119   -0.5310    0.6707   -0.6971    0.5844    0.3357
   56 H12    1s         0.0000    0.4529    0.4223   -0.2567    0.4173    0.3824   -0.3542    0.3093   -0.2343   -0.1276
   57 H12    2s         0.0000    0.4927    0.4777   -0.2789    0.3688    0.2589   -0.1846    0.1295   -0.0836   -0.0413
   58 H12    2px        0.1155    0.0000    0.0000   -0.0000   -0.0000   -0.0000    0.0000   -0.0000    0.0000    0.0000
   59 H12    2py       -0.0183    0.0000   -0.0000    0.0000   -0.0000   -0.0000    0.0000   -0.0000    0.0000   -0.0000
   60 H12    2pz       -0.0000   -0.5211   -0.2106    0.1269   -0.5129   -0.4768    0.4271   -0.3563    0.2595    0.1377
--
 
      Von Neumann Entropy (Root  1) =  3.07142
 

      Mulliken population analysis for root number:  1
      -----------------------------------------------
 
 
++    Molecular charges:
      ------------------
 
      Mulliken charges per centre and basis function type
      ---------------------------------------------------
 
                H1      H2      H3      H4      H5      H6      H7      H8      H9      H10     H11     H12   
      1s       0.9664  1.0128  1.0050  1.0020  1.0030  1.0026  1.0026  1.0030  1.0020  1.0050  1.0128  0.9664
      2s       0.0042 -0.0028 -0.0200 -0.0144 -0.0164 -0.0155 -0.0155 -0.0164 -0.0144 -0.0200 -0.0028  0.0042
      2px      0.0000  0.0000  0.0000  0.0000  0.0000  0.0000  0.0000  0.0000  0.0000  0.0000  0.0000  0.0000
      2pz      0.0061  0.0142  0.0130  0.0132  0.0132  0.0132  0.0132  0.0132  0.0132  0.0130  0.0142  0.0061
      2py      0.0000  0.0000  0.0000  0.0000  0.0000  0.0000  0.0000  0.0000  0.0000  0.0000  0.0000  0.0000
      Total    0.9767  1.0243  0.9980  1.0008  0.9998  1.0003  1.0003  0.9998  1.0008  0.9980  1.0243  0.9767
 
      N-E      0.0233 -0.0243  0.0020 -0.0008  0.0002 -0.0003 -0.0003  0.0002 -0.0008  0.0020 -0.0243  0.0233
 
      Total electronic charge=   12.000000
 
      Total            charge=   -0.000000
--
 
 

      Expectation values of various properties for root number:  1
      -----------------------------------------------------------
 
 
++    Molecular properties:
      ---------------------
 
      Charge (e):
                      =   -0.0000
      Dipole Moment (Debye):
      Origin of the operator (Ang)=    0.0000    0.0000    0.0000
                   X= -1.2328E-07               Y=  9.9041E-08               Z= -1.0858E-05           Total=  1.0859E-05
      Quadrupole Moment (Debye*Ang):
      Origin of the operator (Ang)=    0.0000    0.0000    8.6333
                  XX= -1.7336E+01              XY=  3.2916E-14              XZ=  1.2690E-07              YY= -1.7336E+01
                  YZ=  2.3765E-07              ZZ= -1.0421E+01
      In traceless form (Debye*Ang)
                  XX= -3.4575E+00              XY=  4.9374E-14              XZ=  1.9035E-07              YY= -3.4575E+00
                  YZ=  3.5648E-07              ZZ=  6.9151E+00
--
 

      LoProp population analysis for root number:  1
      -----------------------------------------------
 
 
++    LoProp analysis:
      ----------------
 
 
 
  Input file to MOLDEN was generated!
 
 
++    Static properties:
      ------------------
 
 
      LoProp Charges per center
 

                   H1       H2       H3       H4       H5       H6       H7       H8       H9       H10   
      Nuclear      1.0000   1.0000   1.0000   1.0000   1.0000   1.0000   1.0000   1.0000   1.0000   1.0000
      Electronic  -0.9990  -1.0007  -0.9993  -1.0008  -0.9999  -1.0003  -1.0003  -0.9999  -1.0008  -0.9993
 
      Total        0.0010  -0.0007   0.0007  -0.0008   0.0001  -0.0003  -0.0003   0.0001  -0.0008   0.0007
 

                   H11      H12   
      Nuclear      1.0000   1.0000
      Electronic  -1.0007  -0.9990
 
      Total       -0.0007   0.0010
--
 
 
      Natural Bond Order analysis for root number:  1
 
++    Natural Bond Order analysis
      ---------------------------
      Based on LoProp computed density
      -------------------------------------------------------------------------------------
      Atom A       Atom B       Bond Order
      -------------------------------------------------------------------------------------
      NBO located      0.981 non-bonded electrons on atom H1        
      NBO located      1.019 non-bonded electrons on atom H3        
      NBO located      1.016 non-bonded electrons on atom H4        
      NBO located      1.017 non-bonded electrons on atom H5        
      NBO located      1.017 non-bonded electrons on atom H6        
      NBO located      1.017 non-bonded electrons on atom H7        
      NBO located      1.017 non-bonded electrons on atom H8        
      NBO located      1.016 non-bonded electrons on atom H9        
      NBO located      1.019 non-bonded electrons on atom H10       
      NBO located      0.981 non-bonded electrons on atom H12       
      The remaining    1.899 electrons are to be considered as diffuse
--
 
--
 
 
  Input file to MOLDEN was generated!
 
      Average orbitals are written to the RASORB file
      Natural orbitals for root   1 are written to the RASORB.1 file
      Spin density orbitals for root   1 are written to the SPDORB.1 file
 
forrtl: warning (525): IEEE_DIVIDE_BY_ZERO is signaling
forrtl: warning (526): IEEE_INVALID is signaling
forrtl: warning (528): IEEE_UNDERFLOW is signaling
--- Stop Module: rasscf at Mon Oct 27 01:52:46 2025 /rc=_RC_ALL_IS_WELL_ ---
*** files: H12_1.57.LprOrb H12_1.57.rasscf.molden H12_1.57.LoProp.molden H12_1.57.RasOrb.1 H12_1.57.RasOrb H12_1.57.rasscf.h5 H12_1.57.SpdOrb.1 xmldump
    saved to directory ${LOCALHOME}/DDCASPT2/hydrogen_comps/rerun/H12_chain/H12_1.57
--- Module rasscf spent 5 minutes 39 seconds ---

>>> COPY /tmp/H12_1.57/H12_1.57.rasscf.h5 ${LOCALHOME}/DDCASPT2/hydrogen_comps/rerun/H12_chain/H12_1.57/

>>> COPY /tmp/H12_1.57/DDCASPT2_Fock_MO.csv ${LOCALHOME}/DDCASPT2/hydrogen_comps/rerun/H12_chain/H12_1.57/H12_1.57.DDCASPT2_Fock_MO.csv

*** symbolic link created: INPORB -> H12_1.57.RasOrb
--- Start Module: motra at Mon Oct 27 01:52:46 2025 ---
 
()()()()()()()()()()()()()()()()()()()()()()()()()()()()()()()()()()()()()()()()()()()()()()()()()()

                                               &MOTRA

                                   only a single process is used
                       available to each process: 2.0 GB of memory, 1 thread?
()()()()()()()()()()()()()()()()()()()()()()()()()()()()()()()()()()()()()()()()()()()()()()()()()()
 
 
      *** WARNING: Default frozen orbitals is overwritten by user input.
      *** Default values:   0
 
      Header of the integral files:
      
       Integrals generated by seward 4.2.0  , Mon Oct 27 01:47:05 2025
 
 
      Header of MO coefficients source file:
      * RASSCF average (pseudo-natural) orbitals                                      
 
 
      Cartesian coordinates in Angstrom:
      -----------------------------------------------------
      No.  Label        X            Y            Z        
      -----------------------------------------------------
       1   H1         0.00000000   0.00000000   0.00000000
       2   H2         0.00000000   0.00000000   1.56969700
       3   H3         0.00000000   0.00000000   3.13939400
       4   H4         0.00000000   0.00000000   4.70909100
       5   H5         0.00000000   0.00000000   6.27878800
       6   H6         0.00000000   0.00000000   7.84848500
       7   H7         0.00000000   0.00000000   9.41818200
       8   H8         0.00000000   0.00000000  10.98787900
       9   H9         0.00000000   0.00000000  12.55757600
      10   H10        0.00000000   0.00000000  14.12727300
      11   H11        0.00000000   0.00000000  15.69697000
      12   H12        0.00000000   0.00000000  17.26666700
      -----------------------------------------------------
      Nuclear repulsion energy =    8.50842801
 
      Orbital specifications:
      -----------------------
 
      Symmetry species:              1
      Number of basis functions:    60
      Frozen orbitals:               0
      Deleted orbitals:              0
      Number of orbitals used:      60

       SYMMETRY  BASIS FUNCTIONS       ORBITALS      INTEGRALS   CPU(SEC)  I/O(SEC)
        1 1 1 1   60  60  60  60    60  60  60  60     1675365       0.00      0.00

       TOTAL CPU TIME(SEC)    1.10TOTAL I/O TIME(SEC)    2.46
 
--- Stop Module: motra at Mon Oct 27 01:52:48 2025 /rc=_RC_ALL_IS_WELL_ ---
*** files: xmldump
    saved to directory ${LOCALHOME}/DDCASPT2/hydrogen_comps/rerun/H12_chain/H12_1.57
--- Module motra spent 2 seconds ---

>>> COPY /tmp/H12_1.57/DDCASPT2_one_int_indx.csv ${LOCALHOME}/DDCASPT2/hydrogen_comps/rerun/H12_chain/H12_1.57/H12_1.57.DDCASPT2_one_int_indx.csv

>>> COPY /tmp/H12_1.57/DDCASPT2_one_int.csv ${LOCALHOME}/DDCASPT2/hydrogen_comps/rerun/H12_chain/H12_1.57/H12_1.57.DDCASPT2_one_int.csv

>>> COPY /tmp/H12_1.57/DDCASPT2_two_int_indx.csv ${LOCALHOME}/DDCASPT2/hydrogen_comps/rerun/H12_chain/H12_1.57/H12_1.57.DDCASPT2_two_int_indx.csv

>>> COPY /tmp/H12_1.57/DDCASPT2_two_int.csv ${LOCALHOME}/DDCASPT2/hydrogen_comps/rerun/H12_chain/H12_1.57/H12_1.57.DDCASPT2_two_int.csv

*** symbolic link created: INPORB -> H12_1.57.RasOrb
--- Start Module: caspt2 at Mon Oct 27 01:52:48 2025 ---
 
()()()()()()()()()()()()()()()()()()()()()()()()()()()()()()()()()()()()()()()()()()()()()()()()()()

                                              &CASPT2

                                   only a single process is used
                       available to each process: 2.0 GB of memory, 1 thread?
()()()()()()()()()()()()()()()()()()()()()()()()()()()()()()()()()()()()()()()()()()()()()()()()()()
 
 Cholesky algorithm in CASPT2 =    1
 
 ###############################################################################
 ###############################################################################
 ###                                                                         ###
 ###                                                                         ###
 ###    User changed nr of frozen orbitals.                                  ###
 ###                                                                         ###
 ###                                                                         ###
 ###############################################################################
 ###############################################################################
 
++    Wave function specifications:
      -----------------------------
 
      Number of closed shell electrons           0
      Number of electrons in active shells      12
      Max number of holes in RAS1 space          0
      Max number of electrons in RAS3 space      0
      Number of inactive orbitals                0
      Number of active orbitals                 12
      Number of secondary orbitals              48
      Spin quantum number                      0.0
      State symmetry                             1
      Number of CSFs                        226512
      Number of root(s) available                1
      Root passed to geometry opt.               1
      A file JOBMIX will be created.
      This is a CASSCF or RASSCF reference function
--
 
++    Orbital specifications:
      -----------------------
 
      Symmetry species                           1
                                                 a
      Frozen orbitals                            0
      Inactive orbitals                          0
      Active orbitals                           12
      Secondary orbitals                        48
      Deleted orbitals                           0
      Number of basis functions                 60
--
 
      Type of Fock operator: STANDARD
      Type of 0-order Hamiltonian: STANDARD WITH DEFAULT IPEA
        "IP-EA" denominator shift =      0.25
      The input orbitals and the CI vector will be transformed.
 
--------------------------------------------------------------------------------
 Estimated memory requirements:
  POLY3 :                 54392696
  RHS:                     1916944
  SIGMA :                   616912
  PRPCTL:                        0
 Available workspace:    230179958
 
++ CASPT2 computation for group   1
 
********************************************************************************
 Multi-State initialization phase begins for group   1
--------------------------------------------------------------------------------
********************************************************************************
 Compute H0 matrices for state    1
--------------------------------------------------------------------------------
--------------------------------------------------------------------------------
 H0 matrices have been computed.
 
********************************************************************************
  CASPT2 EQUATION SOLUTION
--------------------------------------------------------------------------------
 
  Total nr of CASPT2 parameters:
   Before reduction:      249120
   After  reduction:      248544
 
 The contributions to the second order correlation energy in atomic units.
-----------------------------------------------------------------------------------------------------------------------------
  IT.      VJTU        VJTI        ATVX        AIVX        VJAI        BVAT        BJAT        BJAI        TOTAL       RNORM  
-----------------------------------------------------------------------------------------------------------------------------
   1     0.000000    0.000000   -0.016631    0.000000    0.000000   -0.033916    0.000000    0.000000   -0.050547    0.002103
   2     0.000000    0.000000   -0.016789    0.000000    0.000000   -0.033955    0.000000    0.000000   -0.050744    0.000176
   3     0.000000    0.000000   -0.016791    0.000000    0.000000   -0.033955    0.000000    0.000000   -0.050747    0.000030
   4     0.000000    0.000000   -0.016790    0.000000    0.000000   -0.033956    0.000000    0.000000   -0.050746    0.000003
-------------------------------------------------------------------------------------------------------------------
 
  FINAL CASPT2 RESULT:
 
  Correlation energy /Case, /Symm, and sums:
 VJTU      0.00000000  0.00000000
 VJTIP     0.00000000  0.00000000
 VJTIM     0.00000000  0.00000000
 ATVX     -0.01679001 -0.01679001
 AIVX      0.00000000  0.00000000
 VJAIP     0.00000000  0.00000000
 VJAIM     0.00000000  0.00000000
 BVATP    -0.03222048 -0.03222048
 BVATM    -0.00173504 -0.00173504
 BJATP     0.00000000  0.00000000
 BJATM     0.00000000  0.00000000
 BJAIP     0.00000000  0.00000000
 BJAIM     0.00000000  0.00000000
 Summed:  -0.05074553 -0.05074553
 
      Reference energy:          -6.2806863184
      E2 (Non-variational):      -0.0507455317
      E2 (Variational):          -0.0507455430
      Total energy:              -6.3314318614
      Residual norm:              0.0000004273
      Reference weight:           0.97425
 
      Contributions to the CASPT2 correlation energy
      Active & Virtual Only:         -0.0507455317
      One Inactive Excited:           0.0000000000
      Two Inactive Excited:           0.0000000000
 
 
++ Denominators, etc.
----------------------------------------------------------------------------------------------------
 Report on small energy denominators, large coefficients, and large energy contributions.
CASE  SYMM ACTIVE-MIX  NON-ACTIVE INDICES          DENOMINATOR     RHS VALUE       COEFFICIENT     CONTRIBUTION
ATVX     1  Mu1.0001  Se1.013                       0.13862960     -0.00000003      0.00000026     -0.00000000
ATVX     1  Mu1.0002  Se1.013                       0.21110449     -0.00001298     -0.00019170      0.00000000
ATVX     1  Mu1.0003  Se1.013                       0.27367232     -0.00000003      0.00000012     -0.00000000
ATVX     1  Mu1.0001  Se1.014                       0.15773643     -0.00022769      0.00107552     -0.00000024
ATVX     1  Mu1.0002  Se1.014                       0.23021132      0.00000003     -0.00000012     -0.00000000
ATVX     1  Mu1.0003  Se1.014                       0.29277915      0.00013693     -0.00112524     -0.00000015
ATVX     1  Mu1.0001  Se1.015                       0.19072278      0.00000008     -0.00000043     -0.00000000
ATVX     1  Mu1.0002  Se1.015                       0.26319767      0.00011347      0.00038484      0.00000004
ATVX     1  Mu1.0001  Se1.016                       0.24299490     -0.00050173      0.00135999     -0.00000068
--
 
   (Skipping property calculation,
    use PROP keyword to activate)
--
 
  Total CASPT2 energies:
::    CASPT2 Root  1     Total energy:     -6.33143186
 
  A NEW JOBIPH FILE NAMED 'JOBMIX' IS PREPARED.
********************************************************************************
forrtl: warning (528): IEEE_UNDERFLOW is signaling
--- Stop Module: caspt2 at Mon Oct 27 01:54:25 2025 /rc=_RC_ALL_IS_WELL_ ---
*** files: xmldump
    saved to directory ${LOCALHOME}/DDCASPT2/hydrogen_comps/rerun/H12_chain/H12_1.57
--- Module caspt2 spent 1 minute 37 seconds ---

>>> EXPORT i = B

>>> EXPORT j = P

>>> IF (-FILE DDCASPT2_e2_${i}_${j}_1_.csv)
(Skipped)

>>> END FOREACH

>>> EXPORT j = M

>>> IF (-FILE DDCASPT2_e2_${i}_${j}_1_.csv)
(Skipped)

>>> END FOREACH

>>> END FOREACH

>>> EXPORT i = E

>>> EXPORT j = P

>>> IF (-FILE DDCASPT2_e2_${i}_${j}_1_.csv)
(Skipped)

>>> END FOREACH

>>> EXPORT j = M

>>> IF (-FILE DDCASPT2_e2_${i}_${j}_1_.csv)
(Skipped)

>>> END FOREACH

>>> END FOREACH

>>> EXPORT i = F

>>> EXPORT j = P

>>> IF (-FILE DDCASPT2_e2_${i}_${j}_1_.csv)

>>> COPY /tmp/H12_1.57/DDCASPT2_RHS_F_P_1_.csv ${LOCALHOME}/DDCASPT2/hydrogen_comps/rerun/H12_chain/H12_1.57/DDCASPT2_RHS_F_P_1_.csv

>>> COPY /tmp/H12_1.57/DDCASPT2_IVECW_F_P_1_.csv ${LOCALHOME}/DDCASPT2/hydrogen_comps/rerun/H12_chain/H12_1.57/DDCASPT2_IVECW_F_P_1_.csv

>>> COPY /tmp/H12_1.57/DDCASPT2_IVECX_F_P_1_.csv ${LOCALHOME}/DDCASPT2/hydrogen_comps/rerun/H12_chain/H12_1.57/DDCASPT2_IVECX_F_P_1_.csv

>>> COPY /tmp/H12_1.57/DDCASPT2_IVECC2_F_P_1_.csv ${LOCALHOME}/DDCASPT2/hydrogen_comps/rerun/H12_chain/H12_1.57/DDCASPT2_IVECC2_F_P_1_.csv

>>> COPY /tmp/H12_1.57/DDCASPT2_e2_F_P_1_.csv ${LOCALHOME}/DDCASPT2/hydrogen_comps/rerun/H12_chain/H12_1.57/DDCASPT2_e2_F_P_1_.csv

>>> END FOREACH

>>> EXPORT j = M

>>> IF (-FILE DDCASPT2_e2_${i}_${j}_1_.csv)

>>> COPY /tmp/H12_1.57/DDCASPT2_RHS_F_M_1_.csv ${LOCALHOME}/DDCASPT2/hydrogen_comps/rerun/H12_chain/H12_1.57/DDCASPT2_RHS_F_M_1_.csv

>>> COPY /tmp/H12_1.57/DDCASPT2_IVECW_F_M_1_.csv ${LOCALHOME}/DDCASPT2/hydrogen_comps/rerun/H12_chain/H12_1.57/DDCASPT2_IVECW_F_M_1_.csv

>>> COPY /tmp/H12_1.57/DDCASPT2_IVECX_F_M_1_.csv ${LOCALHOME}/DDCASPT2/hydrogen_comps/rerun/H12_chain/H12_1.57/DDCASPT2_IVECX_F_M_1_.csv

>>> COPY /tmp/H12_1.57/DDCASPT2_IVECC2_F_M_1_.csv ${LOCALHOME}/DDCASPT2/hydrogen_comps/rerun/H12_chain/H12_1.57/DDCASPT2_IVECC2_F_M_1_.csv

>>> COPY /tmp/H12_1.57/DDCASPT2_e2_F_M_1_.csv ${LOCALHOME}/DDCASPT2/hydrogen_comps/rerun/H12_chain/H12_1.57/DDCASPT2_e2_F_M_1_.csv

>>> END FOREACH

>>> END FOREACH

>>> EXPORT i = G

>>> EXPORT j = P

>>> IF (-FILE DDCASPT2_e2_${i}_${j}_1_.csv)
(Skipped)

>>> END FOREACH

>>> EXPORT j = M

>>> IF (-FILE DDCASPT2_e2_${i}_${j}_1_.csv)
(Skipped)

>>> END FOREACH

>>> END FOREACH

>>> EXPORT i = H

>>> EXPORT j = P

>>> IF (-FILE DDCASPT2_e2_${i}_${j}_1_.csv)
(Skipped)

>>> END FOREACH

>>> EXPORT j = M

>>> IF (-FILE DDCASPT2_e2_${i}_${j}_1_.csv)
(Skipped)

>>> END FOREACH

>>> END FOREACH

>>> EXPORT i = A

>>> IF (-FILE DDCASPT2_e2_${i}_1_.csv)
(Skipped)

>>> END FOREACH

>>> EXPORT i = C

>>> IF (-FILE DDCASPT2_e2_${i}_1_.csv)

>>> COPY /tmp/H12_1.57/DDCASPT2_RHS_C_1_.csv ${LOCALHOME}/DDCASPT2/hydrogen_comps/rerun/H12_chain/H12_1.57/DDCASPT2_RHS_C_1_.csv

>>> COPY /tmp/H12_1.57/DDCASPT2_IVECW_C_1_.csv ${LOCALHOME}/DDCASPT2/hydrogen_comps/rerun/H12_chain/H12_1.57/DDCASPT2_IVECW_C_1_.csv

>>> COPY /tmp/H12_1.57/DDCASPT2_IVECX_C_1_.csv ${LOCALHOME}/DDCASPT2/hydrogen_comps/rerun/H12_chain/H12_1.57/DDCASPT2_IVECX_C_1_.csv

>>> COPY /tmp/H12_1.57/DDCASPT2_IVECC2_C_1_.csv ${LOCALHOME}/DDCASPT2/hydrogen_comps/rerun/H12_chain/H12_1.57/DDCASPT2_IVECC2_C_1_.csv

>>> COPY /tmp/H12_1.57/DDCASPT2_e2_C_1_.csv ${LOCALHOME}/DDCASPT2/hydrogen_comps/rerun/H12_chain/H12_1.57/DDCASPT2_e2_C_1_.csv

>>> END FOREACH

>>> EXPORT i = D

>>> IF (-FILE DDCASPT2_e2_${i}_1_.csv)
(Skipped)

>>> END FOREACH

.########################.
.# Non-zero return code #.
.########################.

    Timing: Wall=441.04 User=437.35 System=3.61
****************************************
*** WorkDir at /tmp/H12_1.57 cleaned ***
****************************************
