   This run of MOLCAS is using the pymolcas driver

                             OPE
                             OPE          NMOL  CASOP  ENMOLC A   SO
                 OPE        NMOLC        AS  OP EN  MO LC     AS  OP
                OPENM       OL CA        SO  PE NM  OL CA     SOP EN
                OP EN      MO   LC       AS  OP ENMOL  CASO   PENMOL
                OP  EN     MO   LC       AS  OP EN     MO     LC ASO
               OP   E  NMOL  C  AS       OP  EN MO     LC     AS  OP
               OP  E   NMO   LC AS        OPEN  MO     LCASOP EN   M
               O  PEN   MO  LCA  SO
            OPE   NMO   L   CAS    OP
        OPENMOL  CASOP     ENMOL   CASOPE
     OPENMOLCA   SOPENMOLCASOPEN   MOLCASOPE
    OPENMOLCAS   OP           EN   MOL    CAS
    OPENMOLCAS       OP  ENM        O     LCA
    OPENMOLCAS    OPEN  MOLCASO     P  E  NMO
    OPENMOLCAS     OP               E  N  MOL
    OPENMOLCA   SO           PENM   O  L  CAS    OPEN    MO    LCAS
    OPENMOLCA   SOP           ENM   O  L  CAS   OP  EN  MOLC  AS   O
    OPENMOLCA   SOPE           NM      O  LCA   S      OP  EN MO
    OPENMOLC                AS         O  PEN   M      OL  CA  SOPE
    OPENMO        LCASOPE  NMOL        C  ASO   P      ENMOLC     AS
    OPE     NMO      LCA  SO     P     E   NM   OL  CA SO  PE N   MO
          OPENMOLCA            SOPE   NMO        LCAS  O    P  ENMO
     OPENMOLCASOPENMOLCASOPENMOLCASOPENMOLCA
        OPENMOLCASOPENMOLCASOPENMOLCASOPE
            OPENMOLCASOPENMOLCASOPENM
               OPENMOLCASOPENMOLCA        version: f37762c57
                   OPENMOLCASO
                       OPE                tag:

 OpenMolcas is free software; you can redistribute it and/or modify it
 under the terms of the GNU Lesser General Public License version 2.1.
 OpenMolcas is distributed in the hope that it will be useful, but it
 is provided "as is" and without any express or implied warranties.
 For more details see the full text of the license in the file
 LICENSE or in <http://www.gnu.org/licenses/>.

                 Copyright (C) The OpenMolcas Authors
           For the author list and the recommended citation,
                   consult the file CONTRIBUTORS.md

           *************************************************
           * pymolcas version py2.28                       *
           *   build c4a6d18ded8cb6cad61d2372a9abd97c      *
           *   (after the EMIL interpreter by V. Veryazov) *
           *************************************************

configuration info
------------------
C Compiler ID: Intel
C flags: -std=gnu99 -gcc-sys
Fortran Compiler ID: IntelLLVM
Fortran flags: -standard-semantics -fltconsistency -fpp -i8 -heap-arrays
Definitions: _MOLCAS_;_I8_;_LINUX_
Parallel: OFF (GA=OFF)


   ----------------------------------------------------------------------------------------
  |
  |              Project: H12_2.18
  |       Submitted from: /home/grierjones/DDCASPT2/hydrogen_comps/rerun/H12_chain/H12_2.18
  |         Scratch area: /tmp/H12_2.18
  |      Save outputs to: /home/grierjones/DDCASPT2/hydrogen_comps/rerun/H12_chain/H12_2.18
  |               Molcas: /home/grierjones/Test/build
  |
  | Scratch area is empty
  |
  |       MOLCAS_DRIVER = /usr/local/pymolcas
  | MOLCAS_KEEP_WORKDIR = NO
  |  MOLCAS_NEW_WORKDIR = YES
  |       MOLCAS_NPROCS = 1
  |        MOLCAS_PRINT = NORMAL
  |       MOLCAS_SOURCE = /home/grierjones/Test
  |    MOLCAS_STRUCTURE = 0
  |
   ----------------------------------------------------------------------------------------

++ ---------   Input file   ---------

&GATEWAY
coord=H12_2.18.xyz
Basis = ANO-RCC-VDZP
Group = nosymm
End of Input

&SEWARD
End of Input

&SCF

>>> COPY $WorkDir/H12_2.18.scf.h5 $CurrDir/

&RASSCF
Title= RASSCF
FileOrb
/home/grierjones/DDCASPT2/hydrogen_comps/rerun/H12_chain/H12_0.60/H12_0.60.RasOrb
NACTEL
12 0 0
Inactive
0
RAS2
12
Symmetry
1
Spin
1
orblisting
all

>>> COPY $WorkDir/H12_2.18.rasscf.h5 $CurrDir/

>>> COPY $WorkDir/GMJ_Fock_MO.csv $CurrDir/H12_2.18.GMJ_Fock_MO.csv

&MOTRA
Frozen=0
LUMORB

>>> COPY $WorkDir/GMJ_one_int_indx.csv $CurrDir/H12_2.18.GMJ_one_int_indx.csv

>>> COPY $WorkDir/GMJ_one_int.csv $CurrDir/H12_2.18.GMJ_one_int.csv

>>> COPY $WorkDir/GMJ_two_int_indx.csv $CurrDir/H12_2.18.GMJ_two_int_indx.csv

>>> COPY $WorkDir/GMJ_two_int.csv $CurrDir/H12_2.18.GMJ_two_int.csv

&CASPT2
Frozen
0

MAXITER
50

>>> FOREACH i IN (B,E,F,G,H)

  >>> FOREACH j IN (P,M)

    >>> IF (-FILE GMJ_e2_${i}_${j}_1_.csv)

      >>> COPY $WorkDir/GMJ_RHS_${i}_${j}_1_.csv $CurrDir/GMJ_RHS_${i}_${j}_1_.csv

      >>> COPY $WorkDir/GMJ_IVECW_${i}_${j}_1_.csv $CurrDir/GMJ_IVECW_${i}_${j}_1_.csv

      >>> COPY $WorkDir/GMJ_IVECX_${i}_${j}_1_.csv $CurrDir/GMJ_IVECX_${i}_${j}_1_.csv

      >>> COPY $WorkDir/GMJ_IVECC2_${i}_${j}_1_.csv $CurrDir/GMJ_IVECC2_${i}_${j}_1_.csv

      >>> COPY $WorkDir/GMJ_e2_${i}_${j}_1_.csv $CurrDir/GMJ_e2_${i}_${j}_1_.csv

    >>> END IF

  >>> END FOREACH

>>> END FOREACH

>>> FOREACH i IN (A,C,D)

  >>> IF (-FILE GMJ_e2_${i}_1_.csv)

    >>> COPY $WorkDir/GMJ_RHS_${i}_1_.csv $CurrDir/GMJ_RHS_${i}_1_.csv

    >>> COPY $WorkDir/GMJ_IVECW_${i}_1_.csv $CurrDir/GMJ_IVECW_${i}_1_.csv

    >>> COPY $WorkDir/GMJ_IVECX_${i}_1_.csv $CurrDir/GMJ_IVECX_${i}_1_.csv

    >>> COPY $WorkDir/GMJ_IVECC2_${i}_1_.csv $CurrDir/GMJ_IVECC2_${i}_1_.csv

    >>> COPY $WorkDir/GMJ_e2_${i}_1_.csv $CurrDir/GMJ_e2_${i}_1_.csv

  >>> END IF

>>> END FOREACH

-- ----------------------------------

--- Start Module: gateway at Mon Oct 27 09:36:00 2025 ---
 
()()()()()()()()()()()()()()()()()()()()()()()()()()()()()()()()()()()()()()()()()()()()()()()()()()

                                              &GATEWAY

                                   only a single process is used
                       available to each process: 2.0 GB of memory, 1 thread?
()()()()()()()()()()()()()()()()()()()()()()()()()()()()()()()()()()()()()()()()()()()()()()()()()()
 
 
++    Symmetry information:
      ---------------------
 
                    Character Table for C1 
 
                             E  
                    a        1  x, y, xy, Rz, z, xz, Ry, yz, Rx, I
--
 
 
++    Basis set information:
      ----------------------
 
 
      Basis set label: H.ANO-RCC...2S1P.
 
      Electronic valence basis set:
      ------------------
      Associated Effective Charge   1.000000 au
      Associated Actual Charge      1.000000 au
      Nuclear Model: Point charge
 
      Shell  nPrim  nBasis  Cartesian Spherical Contaminant
         s       8       2        X                  
         p       4       1        X                  
--
 
 
++    Molecular structure info:
      -------------------------
 
                    ************************************************ 
                    **** Cartesian Coordinates / Bohr, Angstrom **** 
                    ************************************************ 
 
     Center  Label                x              y              z                     x              y              z
        1      H1               0.000000       0.000000       0.000000              0.000000       0.000000       0.000000
        2      H2               0.000000       0.000000       4.111587              0.000000       0.000000       2.175758
        3      H3               0.000000       0.000000       8.223172              0.000000       0.000000       4.351515
        4      H4               0.000000       0.000000      12.334758              0.000000       0.000000       6.527273
        5      H5               0.000000       0.000000      16.446343              0.000000       0.000000       8.703030
        6      H6               0.000000       0.000000      20.557930              0.000000       0.000000      10.878788
        7      H7               0.000000       0.000000      24.669515              0.000000       0.000000      13.054545
        8      H8               0.000000       0.000000      28.781101              0.000000       0.000000      15.230303
        9      H9               0.000000       0.000000      32.892688              0.000000       0.000000      17.406061
       10      H10              0.000000       0.000000      37.004273              0.000000       0.000000      19.581818
       11      H11              0.000000       0.000000      41.115860              0.000000       0.000000      21.757576
       12      H12              0.000000       0.000000      45.227445              0.000000       0.000000      23.933333
 
                    *************************************** 
                    *    InterNuclear Distances / Bohr    * 
                    *************************************** 
 
               1 H1            2 H2            3 H3            4 H4            5 H5            6 H6    
    1 H1       0.000000
    2 H2       4.111587        0.000000
    3 H3       8.223172        4.111585        0.000000
    4 H4      12.334758        8.223172        4.111587        0.000000
    5 H5      16.446343       12.334756        8.223172        4.111585        0.000000
    6 H6      20.557930       16.446343       12.334758        8.223172        4.111587        0.000000
    7 H7      24.669515       20.557928       16.446343       12.334756        8.223172        4.111585
    8 H8      28.781101       24.669515       20.557930       16.446343       12.334758        8.223172
    9 H9      32.892688       28.781101       24.669517       20.557930       16.446345       12.334758
   10 H10     37.004273       32.892686       28.781101       24.669515       20.557930       16.446343
   11 H11     41.115860       37.004273       32.892688       28.781101       24.669517       20.557930
   12 H12     45.227445       41.115858       37.004273       32.892686       28.781101       24.669515
 
               7 H7            8 H8            9 H9           10 H10          11 H11          12 H12   
    7 H7       0.000000
    8 H8       4.111587        0.000000
    9 H9       8.223173        4.111587        0.000000
   10 H10     12.334758        8.223172        4.111585        0.000000
   11 H11     16.446345       12.334758        8.223172        4.111587        0.000000
   12 H12     20.557930       16.446343       12.334756        8.223172        4.111585        0.000000
 
                    ******************************************* 
                    *    InterNuclear Distances / Angstrom    * 
                    ******************************************* 
 
               1 H1            2 H2            3 H3            4 H4            5 H5            6 H6    
    1 H1       0.000000
    2 H2       2.175758        0.000000
    3 H3       4.351515        2.175757        0.000000
    4 H4       6.527273        4.351515        2.175758        0.000000
    5 H5       8.703030        6.527272        4.351515        2.175757        0.000000
    6 H6      10.878788        8.703030        6.527273        4.351515        2.175758        0.000000
    7 H7      13.054545       10.878787        8.703030        6.527272        4.351515        2.175757
    8 H8      15.230303       13.054545       10.878788        8.703030        6.527273        4.351515
    9 H9      17.406061       15.230303       13.054546       10.878788        8.703031        6.527273
   10 H10     19.581818       17.406060       15.230303       13.054545       10.878788        8.703030
   11 H11     21.757576       19.581818       17.406061       15.230303       13.054546       10.878788
   12 H12     23.933333       21.757575       19.581818       17.406060       15.230303       13.054545
 
               7 H7            8 H8            9 H9           10 H10          11 H11          12 H12   
    7 H7       0.000000
    8 H8       2.175758        0.000000
    9 H9       4.351516        2.175758        0.000000
   10 H10      6.527273        4.351515        2.175757        0.000000
   11 H11      8.703031        6.527273        4.351515        2.175758        0.000000
   12 H12     10.878788        8.703030        6.527272        4.351515        2.175757        0.000000
--
 
 
            Nuclear Potential Energy              6.13839254 au
 
--- Stop Module: gateway at Mon Oct 27 09:36:00 2025 /rc=_RC_ALL_IS_WELL_ ---
*** files: xmldump
    saved to directory /home/grierjones/DDCASPT2/hydrogen_comps/rerun/H12_chain/H12_2.18

--- Start Module: seward at Mon Oct 27 09:36:00 2025 ---
 
()()()()()()()()()()()()()()()()()()()()()()()()()()()()()()()()()()()()()()()()()()()()()()()()()()

                                              &SEWARD

                                   only a single process is used
                       available to each process: 2.0 GB of memory, 1 thread?
()()()()()()()()()()()()()()()()()()()()()()()()()()()()()()()()()()()()()()()()()()()()()()()()()()
 
               SEWARD will generate:
                  Multipole Moment integrals up to order  2
                  Kinetic Energy integrals
                  Nuclear Attraction integrals (point charge)
                  One-Electron Hamiltonian integrals
                  Velocity integrals
                  Relativistic Douglas-Kroll-Hess integrals:
                    - Parametrization         : EXP
                    - DKH order of Hamiltonian: 2
                    - DKH order of Properties : 0
                         - multipole moment operators
                         - electric potential operators
                         - contact operators
                  Atomic mean-field integrals
                  Two-Electron Repulsion integrals
 
                   Integrals are discarded if absolute value <: 0.10E-13
                   Integral cutoff threshold is set to       <: 0.10E-15
 
            Nuclear Potential Energy              6.13839254 au
 
 
      Basis set specifications :
      Symmetry species         a  
      Basis functions           60
 
 
  Input file to MOLDEN was generated!
 
forrtl: warning (525): IEEE_DIVIDE_BY_ZERO is signaling
forrtl: warning (526): IEEE_INVALID is signaling
forrtl: warning (528): IEEE_UNDERFLOW is signaling
--- Stop Module: seward at Mon Oct 27 09:36:01 2025 /rc=_RC_ALL_IS_WELL_ ---
*** files: H12_2.18.GssOrb H12_2.18.guessorb.h5 H12_2.18.guessorb.molden xmldump
    saved to directory /home/grierjones/DDCASPT2/hydrogen_comps/rerun/H12_chain/H12_2.18

*** symbolic link created: INPORB -> H12_2.18.GssOrb
--- Start Module: scf at Mon Oct 27 09:36:01 2025 ---
 
()()()()()()()()()()()()()()()()()()()()()()()()()()()()()()()()()()()()()()()()()()()()()()()()()()

                                                &SCF

                                   only a single process is used
                       available to each process: 2.0 GB of memory, 1 thread?
()()()()()()()()()()()()()()()()()()()()()()()()()()()()()()()()()()()()()()()()()()()()()()()()()()
 
++    Input section:
      --------------
 
      Header of the integral files:
      
       Integrals generated by seward 4.2.0  , Mon Oct 27 09:36:00 2025
 
 
      Cartesian coordinates in Angstrom:
      -----------------------------------------------------
      No.  Label        X            Y            Z        
      -----------------------------------------------------
       1   H1         0.00000000   0.00000000   0.00000000
       2   H2         0.00000000   0.00000000   2.17575800
       3   H3         0.00000000   0.00000000   4.35151500
       4   H4         0.00000000   0.00000000   6.52727300
       5   H5         0.00000000   0.00000000   8.70303000
       6   H6         0.00000000   0.00000000  10.87878800
       7   H7         0.00000000   0.00000000  13.05454500
       8   H8         0.00000000   0.00000000  15.23030300
       9   H9         0.00000000   0.00000000  17.40606100
      10   H10        0.00000000   0.00000000  19.58181800
      11   H11        0.00000000   0.00000000  21.75757600
      12   H12        0.00000000   0.00000000  23.93333300
      -----------------------------------------------------
      Nuclear repulsion energy =    6.13839254
--
 
++    Orbital specifications:
      -----------------------
 
      Symmetry species               1
                                     a
      Frozen orbitals                0
      Occupied orbitals              6
      Secondary orbitals            54
      Deleted orbitals               0
      Total number of orbitals      60
      Number of basis functions     60
--
 
      Molecular charge                           0.000
 
++    Optimization specifications:
      ----------------------------
 
      SCF Algorithm: Conventional
      Minimized density differences are used
      Number of density matrices in core                5
      Maximum number of NDDO SCF iterations           400
      Maximum number of HF SCF iterations             400
      Threshold for SCF energy change            0.10E-08
      Threshold for density matrix               0.10E-03
      Threshold for Fock matrix                  0.15E-03
      Threshold for linear dependence            0.10E-08
      Threshold at which DIIS is turned on       0.15E+00
      Threshold at which QNR/C2DIIS is turned on 0.75E-01
      Threshold for Norm(delta) (QNR/C2DIIS)     0.20E-04
      DIIS extrapolation of the SCF procedure
      All orbitals punched on: SCFORB
--
 
      Input vectors read from INPORB
      Orbital file label: *Guess orbitals
 
 
++ Convergence information
                                   SCF        iterations: Energy and convergence statistics
 
Iter     Tot. SCF        One-elec.       Two-elec.     Energy      Max Dij or  Max Fij      DNorm      TNorm      AccCon     Time
         Energy          Energy          Energy        Change      Delta Norm                                                in Sec.
   1    -5.110083581   -18.605760293     7.357284173   0.00E+00    0.35E+00*   0.11E+00*    0.51E+01   0.12E+02   None         0.
   2    -5.393284495   -18.541529669     7.009852636  -0.28E+00*   0.15E+00*   0.21E-01*    0.16E+01   0.11E+02   EDIIS        0.
   3    -5.409067943   -18.456791513     6.909331032  -0.16E-01*   0.84E-01*   0.87E-02*    0.38E+00   0.11E+02   EDIIS        0.
   4    -5.412977350   -18.453093231     6.901723343  -0.39E-02*   0.33E-01*   0.11E-01*    0.15E+00   0.11E+02   c2DIIS       0.
   5    -5.415493031   -18.438138865     6.884253295  -0.25E-02*   0.12E-01*   0.18E-02*    0.84E-01   0.11E+02   QNRc2DIIS    0.
   6    -5.415584685   -18.444119409     6.890142186  -0.92E-04*   0.70E-02*   0.90E-03*    0.24E-01   0.11E+02   QNRc2DIIS    0.
   7    -5.415617353   -18.443765572     6.889755681  -0.33E-04*   0.58E-02*   0.39E-03*    0.75E-02   0.11E+02   QNRc2DIIS    0.
   8    -5.415625426   -18.442363809     6.888345844  -0.81E-05*   0.37E-03*   0.66E-04     0.26E-02   0.11E+02   QNRc2DIIS    0.
   9    -5.415625546   -18.442326644     6.888308560  -0.12E-06*   0.10E-03*   0.18E-04     0.59E-03   0.11E+02   QNRc2DIIS    0.
  10    -5.415625554   -18.442288584     6.888270492  -0.76E-08*   0.25E-04*   0.51E-05     0.22E-03   0.11E+02   QNRc2DIIS    0.
  11    -5.415625554   -18.442286752     6.888268660  -0.67E-09    0.10E-04    0.12E-05     0.31E-04   0.11E+02   QNRc2DIIS    0.
 
       Convergence after 11 Macro Iterations
--
 
 *****************************************************************************************************************************
 *                                                                                                                           *
 *                                             SCF/KS-DFT Program, Final results                                             *
 *                                                                                                                           *
 *                                                                                                                           *
 *                                                                                                                           *
 *                                                       Final Results                                                       *
 *                                                                                                                           *
 *****************************************************************************************************************************
 
::    Total SCF energy                                 -5.4156255543
      One-electron energy                             -18.4422867524
      Two-electron energy                               6.8882686601
      Nuclear repulsion energy                          6.1383925381
      Kinetic energy (interpolated)                     4.0144681720
      Virial theorem                                    1.3490269003
      Total spin, S(S+1)                                0.0000000000
      Total spin, S                                     0.0000000000
      Max non-diagonal density matrix element           0.0000094768
      Max non-diagonal Fock matrix element              0.0000003342
 
 
      All orbitals with orbital energies smaller than  E(LUMO)+0.5 are printed
 
++    Molecular orbitals:
      -------------------
 
      Title: SCF orbitals

      Molecular orbitals for symmetry species 1: a  
 
          Orbital            1         2         3         4         5         6         7         8         9        10    
          Energy           -0.4308   -0.4208   -0.4050   -0.3837   -0.3583   -0.3343   -0.1500   -0.1177   -0.0805   -0.0438
          Occ. No.          2.0000    2.0000    2.0000    2.0000    2.0000    2.0000    0.0000    0.0000    0.0000    0.0000
 
        1 H1     1s         0.0889   -0.1782    0.2581   -0.3140    0.3212   -0.2283    0.2690   -0.4129    0.4473   -0.4024
        2 H1     2s         0.0125   -0.0258    0.0397   -0.0526    0.0594   -0.0460    0.0857   -0.1416    0.1649   -0.1568
        3 H1     2px        0.0000   -0.0000    0.0000   -0.0000    0.0000   -0.0000   -0.0000   -0.0000    0.0000   -0.0000
        4 H1     2py        0.0000   -0.0000    0.0000   -0.0000    0.0000   -0.0000   -0.0000    0.0000   -0.0000    0.0000
        5 H1     2pz        0.0045   -0.0084    0.0110   -0.0115    0.0098   -0.0059   -0.0011    0.0051   -0.0109    0.0158
        6 H2     1s         0.1303   -0.2458    0.3221   -0.3378    0.2836   -0.1630   -0.1075    0.2757   -0.4429    0.5251
        7 H2     2s         0.0147   -0.0339    0.0567   -0.0764    0.0807   -0.0553   -0.0277    0.0923   -0.1659    0.2051
        8 H2     2px       -0.0000    0.0000   -0.0000    0.0000   -0.0000    0.0000    0.0000   -0.0000    0.0000   -0.0000
        9 H2     2py        0.0000   -0.0000    0.0000   -0.0000   -0.0000    0.0000   -0.0000    0.0000   -0.0000   -0.0000
       10 H2     2pz        0.0003    0.0010   -0.0043    0.0092   -0.0129    0.0108   -0.0142    0.0188   -0.0140    0.0035
       11 H3     1s         0.2174   -0.3153    0.2229    0.0292   -0.2893    0.3216   -0.3657    0.3364    0.0024   -0.3877
       12 H3     2s         0.0323   -0.0461    0.0281    0.0211   -0.0770    0.0840   -0.1216    0.1151    0.0061   -0.1514
       13 H3     2px       -0.0000    0.0000   -0.0000    0.0000    0.0000   -0.0000    0.0000   -0.0000    0.0000    0.0000
       14 H3     2py        0.0000   -0.0000   -0.0000   -0.0000   -0.0000   -0.0000   -0.0000   -0.0000   -0.0000    0.0000
       15 H3     2pz        0.0050   -0.0048   -0.0013    0.0089   -0.0121    0.0083    0.0088   -0.0178    0.0196   -0.0095
       16 H4     1s         0.2476   -0.3077    0.1263    0.1671   -0.3435    0.2648    0.2431   -0.4314    0.3126    0.1263
       17 H4     2s         0.0308   -0.0487    0.0332    0.0218   -0.0801    0.0779    0.0747   -0.1540    0.1218    0.0465
       18 H4     2px        0.0000   -0.0000   -0.0000    0.0000    0.0000   -0.0000    0.0000    0.0000   -0.0000   -0.0000
       19 H4     2py       -0.0000    0.0000    0.0000   -0.0000    0.0000    0.0000    0.0000    0.0000   -0.0000    0.0000
       20 H4     2pz       -0.0015    0.0056   -0.0086    0.0040    0.0075   -0.0126    0.0170   -0.0102   -0.0104    0.0208
       21 H5     1s         0.3014   -0.1841   -0.1969    0.3052    0.0611   -0.3526    0.3895   -0.0222   -0.4597    0.2856
       22 H5     2s         0.0424   -0.0202   -0.0434    0.0562    0.0277   -0.0953    0.1273   -0.0010   -0.1747    0.1082
       23 H5     2px        0.0000   -0.0000    0.0000    0.0000   -0.0000   -0.0000    0.0000    0.0000    0.0000   -0.0000
       24 H5     2py       -0.0000    0.0000   -0.0000   -0.0000   -0.0000   -0.0000    0.0000   -0.0000   -0.0000    0.0000
       25 H5     2pz        0.0048    0.0016   -0.0089    0.0027    0.0101   -0.0116   -0.0140    0.0172    0.0009   -0.0199
       26 H6     1s         0.3127   -0.1095   -0.2766    0.2193    0.2023   -0.3327   -0.3450    0.3078    0.2587   -0.4831
       27 H6     2s         0.0417   -0.0249   -0.0416    0.0548    0.0374   -0.0933   -0.1103    0.1149    0.0937   -0.1875
       28 H6     2px       -0.0000    0.0000    0.0000    0.0000    0.0000    0.0000    0.0000   -0.0000   -0.0000    0.0000
       29 H6     2py        0.0000    0.0000    0.0000   -0.0000    0.0000    0.0000    0.0000    0.0000    0.0000    0.0000
       30 H6     2pz       -0.0035    0.0064    0.0008   -0.0107    0.0018    0.0131   -0.0170   -0.0053    0.0200    0.0031
       31 H7     1s         0.3127    0.1095   -0.2766   -0.2193    0.2024    0.3327   -0.3450   -0.3079    0.2587    0.4831
       32 H7     2s         0.0417    0.0249   -0.0416   -0.0548    0.0374    0.0933   -0.1103   -0.1149    0.0937    0.1875
       33 H7     2px        0.0000    0.0000   -0.0000   -0.0000    0.0000    0.0000   -0.0000   -0.0000   -0.0000   -0.0000
       34 H7     2py       -0.0000   -0.0000    0.0000   -0.0000   -0.0000   -0.0000   -0.0000    0.0000   -0.0000   -0.0000
       35 H7     2pz        0.0035    0.0064   -0.0008   -0.0107   -0.0018    0.0131    0.0170   -0.0053   -0.0200    0.0031
       36 H8     1s         0.3014    0.1841   -0.1969   -0.3052    0.0611    0.3526    0.3895    0.0222   -0.4597   -0.2856
       37 H8     2s         0.0424    0.0202   -0.0434   -0.0562    0.0277    0.0953    0.1273    0.0010   -0.1747   -0.1082
       38 H8     2px        0.0000    0.0000   -0.0000    0.0000    0.0000   -0.0000   -0.0000   -0.0000    0.0000    0.0000
       39 H8     2py       -0.0000   -0.0000    0.0000    0.0000   -0.0000   -0.0000   -0.0000    0.0000    0.0000   -0.0000
       40 H8     2pz       -0.0048    0.0016    0.0089    0.0027   -0.0101   -0.0116    0.0140    0.0172   -0.0009   -0.0199
       41 H9     1s         0.2476    0.3077    0.1263   -0.1671   -0.3435   -0.2648    0.2431    0.4314    0.3126   -0.1263
       42 H9     2s         0.0308    0.0487    0.0332   -0.0218   -0.0801   -0.0779    0.0747    0.1540    0.1218   -0.0465
       43 H9     2px       -0.0000    0.0000    0.0000   -0.0000    0.0000   -0.0000    0.0000    0.0000   -0.0000    0.0000
       44 H9     2py       -0.0000    0.0000    0.0000   -0.0000   -0.0000    0.0000    0.0000   -0.0000    0.0000    0.0000
       45 H9     2pz        0.0015    0.0056    0.0086    0.0040   -0.0075   -0.0126   -0.0170   -0.0102    0.0104    0.0208
       46 H10    1s         0.2174    0.3153    0.2229   -0.0292   -0.2893   -0.3216   -0.3657   -0.3364    0.0024    0.3877
       47 H10    2s         0.0323    0.0461    0.0281   -0.0211   -0.0770   -0.0840   -0.1216   -0.1151    0.0061    0.1514
       48 H10    2px       -0.0000   -0.0000   -0.0000   -0.0000   -0.0000   -0.0000    0.0000   -0.0000    0.0000    0.0000
       49 H10    2py        0.0000    0.0000   -0.0000   -0.0000    0.0000    0.0000   -0.0000   -0.0000    0.0000    0.0000
       50 H10    2pz       -0.0050   -0.0048    0.0013    0.0089    0.0121    0.0083   -0.0088   -0.0178   -0.0196   -0.0095
       51 H11    1s         0.1303    0.2458    0.3221    0.3378    0.2836    0.1630   -0.1075   -0.2757   -0.4429   -0.5251
       52 H11    2s         0.0147    0.0339    0.0567    0.0764    0.0807    0.0553   -0.0277   -0.0923   -0.1659   -0.2051
       53 H11    2px       -0.0000   -0.0000    0.0000   -0.0000   -0.0000   -0.0000   -0.0000   -0.0000   -0.0000   -0.0000
       54 H11    2py       -0.0000    0.0000    0.0000    0.0000   -0.0000    0.0000   -0.0000   -0.0000    0.0000    0.0000
       55 H11    2pz       -0.0003    0.0010    0.0043    0.0092    0.0129    0.0108    0.0142    0.0188    0.0140    0.0035
       56 H12    1s         0.0889    0.1782    0.2581    0.3140    0.3212    0.2283    0.2690    0.4129    0.4473    0.4024
       57 H12    2s         0.0125    0.0258    0.0397    0.0526    0.0594    0.0460    0.0857    0.1416    0.1649    0.1568
       58 H12    2px        0.0000   -0.0000   -0.0000   -0.0000    0.0000    0.0000   -0.0000   -0.0000   -0.0000    0.0000
       59 H12    2py       -0.0000    0.0000    0.0000   -0.0000    0.0000   -0.0000   -0.0000   -0.0000    0.0000    0.0000
       60 H12    2pz       -0.0045   -0.0084   -0.0110   -0.0115   -0.0098   -0.0059    0.0011    0.0051    0.0109    0.0158
 
          Orbital           11        12        13        14        15    
          Energy           -0.0118    0.0102    0.3169    0.3266    0.3444
          Occ. No.          0.0000    0.0000    0.0000    0.0000    0.0000
 
        1 H1     1s         0.3016   -0.1620   -0.0822    0.1340   -0.1406
        2 H1     2s         0.1216   -0.0664    0.1680   -0.3029    0.3904
        3 H1     2px        0.0000   -0.0000    0.0000   -0.0000    0.0000
        4 H1     2py       -0.0000   -0.0000   -0.0000    0.0000    0.0000
        5 H1     2pz       -0.0166    0.0110   -0.0172    0.0282   -0.0311
        6 H2     1s        -0.4719    0.2807   -0.1265    0.1867   -0.1614
        7 H2     2s        -0.1849    0.1086    0.1411   -0.2210    0.2090
        8 H2     2px        0.0000    0.0000    0.0000   -0.0000    0.0000
        9 H2     2py        0.0000   -0.0000   -0.0000   -0.0000    0.0000
       10 H2     2pz        0.0059   -0.0073    0.0027   -0.0084    0.0171
       11 H3     1s         0.5620   -0.4039   -0.1413    0.1751   -0.0858
       12 H3     2s         0.2166   -0.1537    0.1862   -0.2458    0.1357
       13 H3     2px       -0.0000    0.0000    0.0000   -0.0000    0.0000
       14 H3     2py       -0.0000   -0.0000    0.0000    0.0000    0.0000
       15 H3     2pz       -0.0057    0.0107   -0.0062    0.0022    0.0087
       16 H4     1s        -0.5262    0.4841   -0.1627    0.1439    0.0237
       17 H4     2s        -0.2029    0.1846    0.2053   -0.1995   -0.0292
       18 H4     2px       -0.0000    0.0000   -0.0000   -0.0000    0.0000
       19 H4     2py       -0.0000   -0.0000    0.0000   -0.0000   -0.0000
       20 H4     2pz       -0.0107   -0.0022    0.0009   -0.0079    0.0141
       21 H5     1s         0.3523   -0.5518   -0.1730    0.1008    0.1057
       22 H5     2s         0.1363   -0.2099    0.2233   -0.1352   -0.1734
       23 H5     2px        0.0000   -0.0000   -0.0000    0.0000    0.0000
       24 H5     2py       -0.0000   -0.0000   -0.0000   -0.0000   -0.0000
       25 H5     2pz        0.0107    0.0075   -0.0041   -0.0062    0.0114
       26 H6     1s        -0.1467    0.5800   -0.1807    0.0298    0.1683
       27 H6     2s        -0.0559    0.2208    0.2312   -0.0459   -0.2632
       28 H6     2px       -0.0000   -0.0000    0.0000    0.0000    0.0000
       29 H6     2py       -0.0000    0.0000    0.0000    0.0000    0.0000
       30 H6     2pz       -0.0181    0.0030    0.0024   -0.0095    0.0024
       31 H7     1s        -0.1467   -0.5800   -0.1807   -0.0298    0.1683
       32 H7     2s        -0.0559   -0.2208    0.2312    0.0459   -0.2632
       33 H7     2px       -0.0000    0.0000   -0.0000   -0.0000    0.0000
       34 H7     2py       -0.0000   -0.0000    0.0000    0.0000    0.0000
       35 H7     2pz        0.0181    0.0030   -0.0024   -0.0095   -0.0024
       36 H8     1s         0.3523    0.5518   -0.1730   -0.1008    0.1057
       37 H8     2s         0.1363    0.2099    0.2233    0.1352   -0.1734
       38 H8     2px        0.0000    0.0000   -0.0000   -0.0000    0.0000
       39 H8     2py       -0.0000    0.0000    0.0000    0.0000   -0.0000
       40 H8     2pz       -0.0107    0.0075    0.0041   -0.0062   -0.0114
       41 H9     1s        -0.5262   -0.4841   -0.1627   -0.1439    0.0237
       42 H9     2s        -0.2029   -0.1846    0.2053    0.1995   -0.0292
       43 H9     2px       -0.0000   -0.0000    0.0000    0.0000   -0.0000
       44 H9     2py        0.0000   -0.0000    0.0000   -0.0000    0.0000
       45 H9     2pz        0.0107   -0.0022   -0.0009   -0.0079   -0.0141
       46 H10    1s         0.5620    0.4039   -0.1413   -0.1751   -0.0858
       47 H10    2s         0.2166    0.1537    0.1862    0.2458    0.1357
       48 H10    2px       -0.0000   -0.0000    0.0000   -0.0000    0.0000
       49 H10    2py       -0.0000    0.0000   -0.0000    0.0000   -0.0000
       50 H10    2pz        0.0057    0.0107    0.0062    0.0022   -0.0087
       51 H11    1s        -0.4719   -0.2807   -0.1265   -0.1867   -0.1614
       52 H11    2s        -0.1849   -0.1086    0.1411    0.2210    0.2090
       53 H11    2px        0.0000    0.0000    0.0000   -0.0000   -0.0000
       54 H11    2py        0.0000   -0.0000   -0.0000    0.0000   -0.0000
       55 H11    2pz       -0.0059   -0.0073   -0.0027   -0.0084   -0.0171
       56 H12    1s         0.3016    0.1620   -0.0822   -0.1340   -0.1406
       57 H12    2s         0.1216    0.0664    0.1680    0.3029    0.3904
       58 H12    2px        0.0000    0.0000   -0.0000    0.0000    0.0000
       59 H12    2py        0.0000   -0.0000    0.0000   -0.0000    0.0000
       60 H12    2pz        0.0166    0.0110    0.0172    0.0282    0.0311
--
 
 
++    Molecular charges:
      ------------------
 
      Mulliken charges per centre and basis function type
      ---------------------------------------------------
 
                H1      H2      H3      H4      H5      H6      H7      H8      H9      H10     H11     H12   
      1s       0.8792  0.9562  0.9218  0.9328  0.9253  0.9284  0.9284  0.9253  0.9328  0.9218  0.9562  0.8792
      2s       0.0676  0.0779  0.0634  0.0669  0.0657  0.0662  0.0662  0.0657  0.0669  0.0634  0.0779  0.0676
      2px      0.0000  0.0000  0.0000  0.0000  0.0000  0.0000  0.0000  0.0000  0.0000  0.0000  0.0000  0.0000
      2pz      0.0070  0.0085  0.0083  0.0082  0.0083  0.0083  0.0083  0.0083  0.0082  0.0083  0.0085  0.0070
      2py      0.0000  0.0000  0.0000  0.0000  0.0000  0.0000  0.0000  0.0000  0.0000  0.0000  0.0000  0.0000
      Total    0.9537  1.0427  0.9935  1.0079  0.9994  1.0029  1.0029  0.9994  1.0079  0.9935  1.0427  0.9537
 
      N-E      0.0463 -0.0427  0.0065 -0.0079  0.0006 -0.0029 -0.0029  0.0006 -0.0079  0.0065 -0.0427  0.0463
 
      Total electronic charge=   12.000000
 
      Total            charge=   -0.000000
--
 
 
  Input file to MOLDEN was generated!
 
 
++    Static properties:
      ------------------
 
 
      LoProp Charges per center
 

                   H1       H2       H3       H4       H5       H6       H7       H8       H9       H10   
      Nuclear      1.0000   1.0000   1.0000   1.0000   1.0000   1.0000   1.0000   1.0000   1.0000   1.0000
      Electronic  -0.9739  -1.0207  -0.9955  -1.0075  -0.9996  -1.0028  -1.0028  -0.9996  -1.0075  -0.9955
 
      Total        0.0261  -0.0207   0.0045  -0.0075   0.0004  -0.0028  -0.0028   0.0004  -0.0075   0.0045
 

                   H11      H12   
      Nuclear      1.0000   1.0000
      Electronic  -1.0207  -0.9739
 
      Total       -0.0207   0.0261
--
 
 
++    Natural Bond Order analysis
      ---------------------------
      Based on LoProp computed density
      -------------------------------------------------------------------------------------
      Atom A       Atom B       Bond Order
      -------------------------------------------------------------------------------------
      NBO located      0.955 non-bonded electrons on atom H1        
      NBO located      1.004 non-bonded electrons on atom H3        
      NBO located      1.017 non-bonded electrons on atom H4        
      NBO located      1.008 non-bonded electrons on atom H5        
      NBO located      1.012 non-bonded electrons on atom H6        
      NBO located      1.012 non-bonded electrons on atom H7        
      NBO located      1.008 non-bonded electrons on atom H8        
      NBO located      1.017 non-bonded electrons on atom H9        
      NBO located      1.004 non-bonded electrons on atom H10       
      NBO located      0.955 non-bonded electrons on atom H12       
      The remaining    2.006 electrons are to be considered as diffuse
--
 
 
++    Molecular properties:
      ---------------------
 
      Charge (e):
                      =   -0.0000
      Dipole Moment (Debye):
      Origin of the operator (Ang)=    0.0000    0.0000    0.0000
                   X= -1.5938E-13               Y= -9.9916E-14               Z= -1.2333E-06           Total=  1.2333E-06
      Quadrupole Moment (Debye*Ang):
      Origin of the operator (Ang)=    0.0000    0.0000   11.9667
                  XX= -2.6274E+01              XY= -1.1688E-27              XZ=  1.9836E-12              YY= -2.6274E+01
                  YZ=  1.1731E-12              ZZ=  6.5353E+00
      In traceless form (Debye*Ang)
                  XX= -1.6404E+01              XY= -1.7532E-27              XZ=  2.9754E-12              YY= -1.6404E+01
                  YZ=  1.7597E-12              ZZ=  3.2809E+01
--
 
 
  Input file to MOLDEN was generated!
 
 ###############################################################################
 ###############################################################################
 ###                                                                         ###
 ###                                                                         ###
 ###    RunFile label nBas                                                   ###
 ###    was used       78 times                                              ###
 ###                                                                         ###
 ###                                                                         ###
 ###############################################################################
 ###############################################################################
forrtl: warning (528): IEEE_UNDERFLOW is signaling
--- Stop Module: scf at Mon Oct 27 09:36:01 2025 /rc=_RC_ALL_IS_WELL_ ---
*** files: H12_2.18.LprOrb H12_2.18.LoProp.molden H12_2.18.scf.molden H12_2.18.ScfOrb H12_2.18.scf.h5 xmldump
    saved to directory /home/grierjones/DDCASPT2/hydrogen_comps/rerun/H12_chain/H12_2.18

>>> COPY /tmp/H12_2.18/H12_2.18.scf.h5 /home/grierjones/DDCASPT2/hydrogen_comps/rerun/H12_chain/H12_2.18/

*** symbolic link created: INPORB -> H12_2.18.ScfOrb
--- Start Module: rasscf at Mon Oct 27 09:36:01 2025 ---
 
()()()()()()()()()()()()()()()()()()()()()()()()()()()()()()()()()()()()()()()()()()()()()()()()()()

                                              &RASSCF

                                   only a single process is used
                       available to each process: 2.0 GB of memory, 1 thread?
()()()()()()()()()()()()()()()()()()()()()()()()()()()()()()()()()()()()()()()()()()()()()()()()()()
 
 
      Header of the ONEINT file:
      --------------------------
      
      Integrals generated by seward 4.2.0  , Mon Oct 27 09:36:00 2025
 
 
      OrdInt status: non-squared
 
 
      Cartesian coordinates in Angstrom:
      -----------------------------------------------------
      No.  Label        X            Y            Z        
      -----------------------------------------------------
       1   H1         0.00000000   0.00000000   0.00000000
       2   H2         0.00000000   0.00000000   2.17575800
       3   H3         0.00000000   0.00000000   4.35151500
       4   H4         0.00000000   0.00000000   6.52727300
       5   H5         0.00000000   0.00000000   8.70303000
       6   H6         0.00000000   0.00000000  10.87878800
       7   H7         0.00000000   0.00000000  13.05454500
       8   H8         0.00000000   0.00000000  15.23030300
       9   H9         0.00000000   0.00000000  17.40606100
      10   H10        0.00000000   0.00000000  19.58181800
      11   H11        0.00000000   0.00000000  21.75757600
      12   H12        0.00000000   0.00000000  23.93333300
      -----------------------------------------------------
      Nuclear repulsion energy =    6.13839254
 
++    Wave function specifications:
      -----------------------------
 
      Number of closed shell electrons           0
      Number of electrons in active shells      12
      Max number of holes in RAS1 space          0
      Max nr of electrons in RAS3 space          0
      Number of inactive orbitals                0
      Number of active orbitals                 12
      Number of secondary orbitals              48
      Spin quantum number                      0.0
      State symmetry                             1
--
 
++    Orbital specifications:
      -----------------------
 
      Symmetry species                           1
                                                 a
      Frozen orbitals                            0
      Inactive orbitals                          0
      Active orbitals                           12
      RAS1 orbitals                              0
      RAS2 orbitals                             12
      RAS3 orbitals                              0
      Secondary orbitals                        48
      Deleted orbitals                           0
      Number of basis functions                 60
--
 
++    CI expansion specifications:
      ----------------------------
 
      Number of CSFs                        226512
      Number of determinants                427350
      Number of root(s) required                 1
      Root chosen for geometry opt.              1
      CI root used                               1
         
      highest root included in the CI            1
      max. size of the explicit Hamiltonian    200
--
 
++    Optimization specifications:
      ----------------------------
 
      RASSCF algorithm: Conventional
      Maximum number of macro iterations       200
      Maximum number of SX iterations          100
      Threshold for RASSCF energy            0.100E-07
      Threshold for max MO rotation          0.100E+00
      Threshold for max BLB element          0.100E-03
      Level shift parameter                  0.500E+00
      Make Quasi-Newton update
--
 
      The MO-coefficients are taken from the file:
      /home/grierjones/DDCASPT2/hydrogen_comps/rerun/H12_chain/H12_0.60/H12_0.60.RasOrb                                               
      Title: RASSCF average (pseudo-natural) orbitals                                      
 
      Total molecular charge    0.00
 
      ************************************************************************************************************************
      *                                                                                                                      *
      *                                            Wave function control section                                             *
      *                                                                                                                      *
      ************************************************************************************************************************
 
 
                                         RASSCF iterations: Energy and convergence statistics
                                         ----------------------------------------------------
 
      Iter CI   SX   CI       RASSCF       Energy    max ROT     max BLB   max BLB  Level Ln srch  Step   QN   Walltime
          iter iter root      energy       change     param      element    value   shift minimum  type update hh:mm:ss
        No convergence in the CI section: MAXJT will be increased to 
 24
 Nr of preliminary CI iterations:  12
        No convergence in the CI section: MAXJT will be increased to 
 24
        1  12  100    1    -4.01888339    0.00E+00  -0.21E+00*   4  21 1  0.27E+00*  0.45   0.00    SX    NO    0:00:47
        2  19  100    1    -4.99957731   -0.98E+00*  0.27E+00*   4  21 1  0.22E+00*  0.36   0.00    SX    NO    0:00:34
 ###############################################################################
 ###############################################################################
 ###                                                                         ###
 ###                                                                         ###
 ###    Large orbital rotation.                                              ###
 ###                                                                         ###
 ###                                                                         ###
 ###############################################################################
 ###############################################################################
      Molecular orbital  11 of symmetry 1 MO space 2  weight is    0.058944
 ###############################################################################
 ###############################################################################
 ###                                                                         ###
 ###                                                                         ###
 ###    Large orbital rotation.                                              ###
 ###                                                                         ###
 ###                                                                         ###
 ###############################################################################
 ###############################################################################
      Molecular orbital  12 of symmetry 1 MO space 2  weight is    0.259482
 ###############################################################################
 ###############################################################################
 ###                                                                         ###
 ###                                                                         ###
 ###    Large orbital rotation.                                              ###
 ###                                                                         ###
 ###                                                                         ###
 ###############################################################################
 ###############################################################################
      Molecular orbital  20 of symmetry 1 MO space 3  weight is    0.493649
 ###############################################################################
 ###############################################################################
 ###                                                                         ###
 ###                                                                         ###
 ###    Large orbital rotation.                                              ###
 ###                                                                         ###
 ###                                                                         ###
 ###############################################################################
 ###############################################################################
      Molecular orbital  21 of symmetry 1 MO space 3  weight is    0.350591
        3   7   86    1    -5.47842516   -0.48E+00*  0.60E+00*   2  14 1 -0.15E+00*  0.29   0.00    SX    NO    0:00:16
        No convergence in the CI section: MAXJT will be increased to 
 60
        4  48  100    1    -5.75475218   -0.28E+00*  0.22E+00*   2  14 1 -0.12E+00*  0.14   0.00    SX    NO    0:01:18
        5  12  100    1    -5.88209797   -0.13E+00*  0.23E+00*  11  14 1 -0.40E-01*  0.04   2.38    QN   YES    0:00:23
        6  14  100    1    -5.96639009   -0.84E-01* -0.17E+00*  12  14 1 -0.64E-01*  0.00   1.20    QN   YES    0:00:26
        7  12  100    1    -5.91844898    0.48E-01*  0.11E+00*  12  14 1 -0.50E-01*  0.02  -0.50    LS   YES    0:00:23
        8   7  100    1    -5.95257525   -0.34E-01*  0.16E+00*  12  14 1 -0.64E-01*  0.00   2.32    SX   YES    0:00:16
        9  18   99    1    -6.01621623   -0.64E-01*  0.14E+00*  12  14 1 -0.54E-01*  0.00   1.81    QN   YES    0:00:33
       10   6   31    1    -6.04348924   -0.27E-01*  0.22E-01    2  14 1  0.13E-01*  0.00   0.96    QN   YES    0:00:13
       11  10   16    1    -6.04427290   -0.78E-03* -0.18E-01   12  45 1  0.11E-01*  0.00   0.64    QN   YES    0:00:16
       12  47   74    1    -6.04191245    0.24E-02*  0.17E-01   12  45 1  0.22E-01*  0.00  -0.50    LS   YES    0:01:16
       13   5   24    1    -6.04443448   -0.25E-02*  0.88E-02   12  45 1  0.11E-01*  0.00   1.30    QN   YES    0:00:13
       14   4   16    1    -6.04532124   -0.89E-03*  0.14E-01    2  14 1 -0.95E-02*  0.00   2.25    SX   YES    0:00:11
       15   6   13    1    -6.04623532   -0.91E-03* -0.16E-02    2  14 1  0.17E-02*  0.00   0.92    QN   YES    0:00:14
       16   1   11    1    -6.04624879   -0.13E-04* -0.38E-03    4  14 1  0.33E-03*  0.00   0.92    QN   YES    0:00:07
       17  65   11    1    -6.04625696   -0.82E-05* -0.44E-03    6  37 1 -0.26E-03*  0.00   1.00    QN   YES    0:01:46
       18  29   11    1    -6.04625729   -0.33E-06*  0.34E-03    4  14 1 -0.50E-03*  0.00   0.64    QN   YES    0:00:50
       19  23   10    1    -6.04625827   -0.98E-06*  0.15E-03    2  14 1  0.17E-03*  0.00   1.24    QN   YES    0:00:40
       20  23    9    1    -6.04625863   -0.36E-06* -0.89E-04    6  37 1 -0.60E-04   0.00   1.24    QN   YES    0:00:39
       21  16    8    1    -6.04625871   -0.78E-07* -0.17E-04    4  14 1  0.14E-04   0.00   1.06    QN   YES    0:00:29
       22   2    6    1    -6.04625871   -0.22E-08   0.41E-05    6  37 1  0.32E-05   0.00   0.91    QN   YES    0:00:08
      Convergence after 22 iterations
 
  Dmat in MO in SXCTL bf call to SXHAM                                                                                    
  mat. size =    12x   12
 
        1.5073652473989712
        0.0001629635805439      1.5096346578060016
       -0.0729577873472344      0.0000587190005777      1.3972901300053879
       -0.0001648116303577      0.0457093361090133      0.0001724233715611      1.2920581767734611
        0.0049349832219185      0.0001284951728853     -0.0488358394204987     -0.0005489060653273      1.3236115913480033
       -0.0000647020240322      0.0406218623438124     -0.0001180619804473     -0.0067141388941124      0.0001994879371361
        1.2307298662459432
        0.0221118875228385      0.0001717798774063      0.1816824568030356     -0.0001470507705907      0.0136015153685307
       -0.0000247674960398      0.5623551912445151
        0.0000117573049810     -0.0353383724918263     -0.0000527953741925     -0.1769939687216455      0.0000772612860285
       -0.0109675935658223     -0.0000845406447516      0.5182830836990214
       -0.0619836049694075     -0.0001395884728957     -0.1028295946122085      0.0002086313612494     -0.0797746595818863
       -0.0001323026912180     -0.0037182324964680      0.0001039995446438      0.7991045224723728
       -0.0000113448568535     -0.0474876289418582     -0.0000067308291247      0.2017286099196428      0.0001424677674342
       -0.0762201378979451      0.0000051785554193      0.0271101106438502     -0.0001428364092722      0.6648612805401948
       -0.1382977203284172      0.0291697864697276     -0.1463128503546479     -0.1050258618545451      0.0351808538071969
        0.0275112064445233      0.0139142454111465      0.0182593016779108     -0.0292356278119457      0.0203533338071739
        0.6015476525370179
        0.0993598963478937      0.0388118114265113      0.1074244618450225     -0.1439686196684591     -0.0285706998685224
        0.0386869869562780     -0.0099162069323824      0.0252861386939887      0.0220029696154509      0.0279930655495558
       -0.0137375960739956      0.5931585999288514
       23   1    6    1    -6.04625871   -0.13E-09   0.41E-05    5  15 1 -0.29E-06   0.00   0.91    QN   YES    0:00:08
 
      ************************************************************************************************************************
                                                      Wave function printout:
                       occupation of active orbitals, and spin coupling of open shells (u,d: Spin up or down)
      ************************************************************************************************************************
 
      Note: transformation to natural orbitals
      has been made, which may change the order of the CSFs.
 
      printout of CI-coefficients larger than  0.05 for root  1
      energy=      -6.046259
      conf/sym  111111111111     Coeff  Weight
             1  222222000000  -0.32289 0.10426
            43  222220002000   0.14974 0.02242
            67  2222ud00ud00   0.15483 0.02397
            83  222u2du0d000  -0.11877 0.01411
           107  22u22du00d00  -0.05163 0.00267
           118  22u22d00u00d   0.10015 0.01003
           134  2u222d00u0d0   0.09085 0.00825
           147  u2222d0ud000   0.10912 0.01191
           156  u2222d000ud0  -0.05139 0.00264
           173  222202000200   0.09264 0.00858
           191  222ud2u00d00  -0.10962 0.01202
           202  222ud200u00d   0.05126 0.00263
           224  22u2d2000u0d   0.09157 0.00838
           231  2u22d20ud000  -0.05179 0.00268
           240  2u22d2000ud0   0.09159 0.00839
           242  2u22d2u0000d   0.05126 0.00263
           255  u222d20u0d00   0.07604 0.00578
           269  222022200000   0.06839 0.00468
           303  22ud22000ud0  -0.05153 0.00266
           305  22ud22u0000d  -0.09244 0.00855
           321  2u2d22u000d0  -0.07461 0.00557
           333  u22d22ud0000  -0.06909 0.00477
           373  220222000002   0.05575 0.00311
           393  2ud2220000ud   0.07122 0.00507
           411  u2d2220u000d   0.06651 0.00442
           430  202222000020   0.05025 0.00253
           448  ud22220u00d0   0.06746 0.00455
           460  022222020000   0.05195 0.00270
          5623  222200002200  -0.07722 0.00596
          5721  222ud0u02d00  -0.07604 0.00578
          5877  22u2d0002u0d  -0.06263 0.00392
          5952  2u22d0002ud0  -0.05772 0.00333
          6037  u222d00u2d00   0.05283 0.00279
          6290  22ud20u0200d  -0.05352 0.00286
          6365  2u2d20u020d0  -0.05030 0.00253
          7196  222u0du0d200  -0.06129 0.00376
          7769  22ududu0ud0d  -0.05685 0.00323
 
      Natural orbitals and occupation numbers for root  1
      sym 1:   1.555675   1.529512   1.484111   1.417457   1.329196   1.225687   0.584551   0.435368   0.784260   0.677550
               0.463659   0.512976
 
      ************************************************************************************************************************
      *                                                                                                                      *
      *                                                    Final results                                                     *
      *                                                                                                                      *
      ************************************************************************************************************************
 
 
++    Wave function specifications:
      -----------------------------
 
      Number of closed shell electrons           0
      Number of electrons in active shells      12
      Max number of holes in RAS1 space          0
      Max nr of electrons in RAS3 space          0
      Number of inactive orbitals                0
      Number of active orbitals                 12
      Number of secondary orbitals              48
      Spin quantum number                      0.0
      State symmetry                             1
--
 
++    Orbital specifications:
      -----------------------
 
      Symmetry species                           1
                                                 a
      Frozen orbitals                            0
      Inactive orbitals                          0
      Active orbitals                           12
      RAS1 orbitals                              0
      RAS2 orbitals                             12
      RAS3 orbitals                              0
      Secondary orbitals                        48
      Deleted orbitals                           0
      Number of basis functions                 60
--
 
++    CI expansion specifications:
      ----------------------------
 
      Number of CSFs                        226512
      Number of determinants                427350
      Number of root(s) required                 1
      CI root used                               1
      highest root included in the CI            1
      Root passed to geometry opt.               1
--
 
++    Final optimization conditions:
      ------------------------------
 
      Average CI energy                              -6.04625871
      RASSCF energy for state  1                     -6.04625871
      Super-CI energy                                -0.00000000
      RASSCF energy change                            0.00000000
      Max change in MO coefficients              -0.330E-05
      Max non-diagonal density matrix element     0.407E-05
      Maximum BLB matrix element                 -0.290E-06
      (orbital pair   5,  15 in symmetry   1)
      Norm of electronic gradient            0.120E-05
--
 
 
      Final state energy(ies):
      ------------------------
 
::    RASSCF root number  1 Total energy:     -6.04625871
 
++    Molecular orbitals:
      -------------------
 
      Pseudonatural active orbitals and approximate occupation numbers
 
 
 
 
      Molecular orbitals for symmetry species 1: a  
 
 
      Orbital                1         2         3         4         5         6         7         8         9        10
      Energy            0.0000    0.0000    0.0000    0.0000    0.0000    0.0000    0.0000    0.0000    0.0000    0.0000
      Occ. No.          1.5557    1.5295    1.4841    1.4175    1.3292    1.2257    0.5846    0.4354    0.7843    0.6776
 
    1 H1     1s         0.1105    0.2119    0.2923   -0.3357    0.3210   -0.2248    0.4201   -0.1570   -0.2514   -0.3801
    2 H1     2s         0.0073    0.0145    0.0210   -0.0258    0.0265   -0.0197    0.0484   -0.0207   -0.0262   -0.0415
    3 H1     2px       -0.0000   -0.0000    0.0000    0.0000   -0.0000    0.0000   -0.0000    0.0000    0.0000    0.0000
    4 H1     2py       -0.0000    0.0000    0.0000    0.0000   -0.0000    0.0000   -0.0000   -0.0000    0.0000   -0.0000
    5 H1     2pz        0.0016    0.0028    0.0033   -0.0030    0.0022   -0.0012    0.0023   -0.0015   -0.0009   -0.0016
    6 H2     1s         0.1583    0.2833    0.3471   -0.3344    0.2501   -0.1249   -0.4066    0.2547    0.0933    0.2517
    7 H2     2s         0.0086    0.0186    0.0297   -0.0384    0.0389   -0.0265   -0.0551    0.0477    0.0001    0.0231
    8 H2     2px        0.0000    0.0000    0.0000   -0.0000    0.0000    0.0000   -0.0000    0.0000    0.0000    0.0000
    9 H2     2py        0.0000    0.0000    0.0000   -0.0000    0.0000    0.0000   -0.0000    0.0000    0.0000    0.0000
   10 H2     2pz        0.0011    0.0010   -0.0005    0.0028   -0.0044    0.0037   -0.0003   -0.0004    0.0022    0.0017
   11 H3     1s         0.2310    0.3220    0.2076    0.0574   -0.3069    0.3409   -0.0342   -0.3580    0.3720    0.3412
   12 H3     2s         0.0151    0.0204    0.0096    0.0152   -0.0402    0.0429    0.0030   -0.0657    0.0495    0.0441
   13 H3     2px       -0.0000   -0.0000   -0.0000   -0.0000    0.0000   -0.0000    0.0000    0.0000   -0.0000   -0.0000
   14 H3     2py       -0.0000   -0.0000   -0.0000   -0.0000    0.0000   -0.0000    0.0000    0.0000   -0.0000   -0.0000
   15 H3     2pz        0.0008   -0.0000   -0.0023    0.0040   -0.0036    0.0016    0.0008   -0.0014   -0.0008   -0.0010
   16 H4     1s         0.2660    0.3059    0.0816    0.2236   -0.3607    0.2415    0.3188    0.4233   -0.2328   -0.4277
   17 H4     2s         0.0153    0.0223    0.0124    0.0144   -0.0398    0.0373    0.0568    0.0803   -0.0230   -0.0615
   18 H4     2px        0.0000    0.0000    0.0000    0.0000   -0.0000    0.0000    0.0000    0.0000   -0.0000   -0.0000
   19 H4     2py        0.0000    0.0000   -0.0000   -0.0000   -0.0000    0.0000    0.0000    0.0000   -0.0000   -0.0000
   20 H4     2pz        0.0008   -0.0009   -0.0032    0.0023    0.0019   -0.0040   -0.0009   -0.0011   -0.0020   -0.0001
   21 H5     1s         0.3054    0.1864   -0.2017    0.3110    0.0503   -0.3778   -0.4256   -0.4777   -0.4026   -0.0232
   22 H5     2s         0.0191    0.0090   -0.0202    0.0251    0.0143   -0.0493   -0.0716   -0.0892   -0.0510    0.0054
   23 H5     2px        0.0000    0.0000   -0.0000   -0.0000    0.0000   -0.0000   -0.0000   -0.0000   -0.0000   -0.0000
   24 H5     2py       -0.0000   -0.0000   -0.0000   -0.0000   -0.0000    0.0000    0.0000    0.0000    0.0000   -0.0000
   25 H5     2pz        0.0002   -0.0019   -0.0028   -0.0006    0.0041   -0.0030   -0.0009   -0.0014    0.0014    0.0013
   26 H6     1s         0.3181    0.0941   -0.2967    0.1949    0.2430   -0.3387    0.2327    0.5007    0.3488    0.3170
   27 H6     2s         0.0191    0.0101   -0.0202    0.0237    0.0200   -0.0470    0.0317    0.0942    0.0410    0.0527
   28 H6     2px       -0.0000    0.0000    0.0000    0.0000    0.0000    0.0000   -0.0000   -0.0000   -0.0000   -0.0000
   29 H6     2py        0.0000    0.0000    0.0000    0.0000   -0.0000    0.0000   -0.0000   -0.0000    0.0000   -0.0000
   30 H6     2pz        0.0003   -0.0023   -0.0011   -0.0035    0.0017    0.0039    0.0001   -0.0013    0.0018   -0.0009
   31 H7     1s         0.3181   -0.0942   -0.2967   -0.1949    0.2431    0.3386    0.2326   -0.5007    0.3487   -0.3171
   32 H7     2s         0.0191   -0.0101   -0.0202   -0.0237    0.0200    0.0470    0.0317   -0.0942    0.0410   -0.0527
   33 H7     2px        0.0000    0.0000   -0.0000    0.0000    0.0000    0.0000   -0.0000   -0.0000    0.0000   -0.0000
   34 H7     2py        0.0000    0.0000    0.0000    0.0000   -0.0000    0.0000    0.0000   -0.0000    0.0000   -0.0000
   35 H7     2pz       -0.0003   -0.0023    0.0011   -0.0035   -0.0017    0.0039   -0.0001   -0.0013   -0.0018   -0.0009
   36 H8     1s         0.3054   -0.1864   -0.2017   -0.3110    0.0505    0.3778   -0.4256    0.4777   -0.4026    0.0234
   37 H8     2s         0.0191   -0.0090   -0.0202   -0.0251    0.0143    0.0493   -0.0716    0.0892   -0.0510   -0.0054
   38 H8     2px       -0.0000    0.0000    0.0000   -0.0000    0.0000   -0.0000    0.0000   -0.0000   -0.0000   -0.0000
   39 H8     2py       -0.0000    0.0000    0.0000    0.0000   -0.0000   -0.0000    0.0000   -0.0000    0.0000   -0.0000
   40 H8     2pz       -0.0002   -0.0019    0.0028   -0.0006   -0.0041   -0.0030    0.0009   -0.0014   -0.0014    0.0013
   41 H9     1s         0.2660   -0.3060    0.0816   -0.2236   -0.3608   -0.2414    0.3189   -0.4233   -0.2327    0.4277
   42 H9     2s         0.0153   -0.0223    0.0124   -0.0144   -0.0398   -0.0373    0.0568   -0.0803   -0.0229    0.0615
   43 H9     2px       -0.0000    0.0000    0.0000    0.0000    0.0000    0.0000   -0.0000    0.0000    0.0000   -0.0000
   44 H9     2py       -0.0000    0.0000   -0.0000   -0.0000    0.0000   -0.0000   -0.0000    0.0000    0.0000   -0.0000
   45 H9     2pz       -0.0008   -0.0009    0.0032    0.0023   -0.0019   -0.0040    0.0009   -0.0011    0.0020   -0.0001
   46 H10    1s         0.2310   -0.3220    0.2076   -0.0574   -0.3070   -0.3409   -0.0343    0.3580    0.3719   -0.3413
   47 H10    2s         0.0151   -0.0204    0.0096   -0.0153   -0.0403   -0.0429    0.0030    0.0657    0.0495   -0.0441
   48 H10    2px        0.0000   -0.0000    0.0000   -0.0000   -0.0000   -0.0000   -0.0000    0.0000    0.0000   -0.0000
   49 H10    2py        0.0000   -0.0000    0.0000   -0.0000   -0.0000   -0.0000   -0.0000    0.0000    0.0000   -0.0000
   50 H10    2pz       -0.0008   -0.0000    0.0023    0.0040    0.0036    0.0016   -0.0008   -0.0014    0.0008   -0.0010
   51 H11    1s         0.1583   -0.2833    0.3471    0.3344    0.2501    0.1249   -0.4066   -0.2547    0.0932   -0.2517
   52 H11    2s         0.0086   -0.0186    0.0297    0.0384    0.0389    0.0265   -0.0551   -0.0477    0.0001   -0.0231
   53 H11    2px       -0.0000    0.0000   -0.0000   -0.0000   -0.0000    0.0000    0.0000    0.0000   -0.0000    0.0000
   54 H11    2py        0.0000   -0.0000    0.0000    0.0000    0.0000    0.0000   -0.0000   -0.0000    0.0000   -0.0000
   55 H11    2pz       -0.0011    0.0010    0.0005    0.0028    0.0044    0.0037    0.0003   -0.0004   -0.0022    0.0017
   56 H12    1s         0.1105   -0.2119    0.2924    0.3357    0.3210    0.2246    0.4201    0.1570   -0.2513    0.3801
   57 H12    2s         0.0073   -0.0145    0.0211    0.0258    0.0265    0.0197    0.0484    0.0207   -0.0262    0.0415
   58 H12    2px        0.0000    0.0000    0.0000    0.0000    0.0000    0.0000    0.0000    0.0000   -0.0000    0.0000
   59 H12    2py        0.0000    0.0000    0.0000    0.0000   -0.0000    0.0000   -0.0000   -0.0000    0.0000   -0.0000
   60 H12    2pz       -0.0016    0.0028   -0.0033   -0.0030   -0.0022   -0.0012   -0.0023   -0.0015    0.0009   -0.0016
 
 
      Orbital               11        12        13        14        15        16        17        18        19        20
      Energy            0.0000    0.0000    0.3277    0.3374    0.3551    0.3827    0.4220    0.4743    0.5374    0.6124
      Occ. No.          0.4637    0.5130    0.0000    0.0000    0.0000    0.0000    0.0000    0.0000    0.0000    0.0000
 
    1 H1     1s         0.2913   -0.3846   -0.0605   -0.0930    0.0846    0.0397    0.0279    0.1021   -0.1606    0.1927
    2 H1     2s         0.0372   -0.0468    0.1680    0.3066   -0.4026   -0.4606    0.4907    0.4977   -0.4669    0.4033
    3 H1     2px       -0.0000    0.0000    0.0000    0.0000   -0.0000   -0.0000    0.0000    0.0000   -0.0000    0.0000
    4 H1     2py       -0.0000    0.0000    0.0000    0.0000   -0.0000   -0.0000    0.0000   -0.0000   -0.0000   -0.0000
    5 H1     2pz        0.0025   -0.0027   -0.0148   -0.0249    0.0286    0.0275   -0.0257   -0.0277    0.0367   -0.0557
    6 H2     1s        -0.4303    0.4810   -0.1141   -0.1737    0.1613    0.1027   -0.0448   -0.0297    0.0707   -0.1505
    7 H2     2s        -0.0766    0.0777    0.1411    0.2202   -0.2054   -0.0987   -0.0791   -0.2991    0.5028   -0.6517
    8 H2     2px       -0.0000    0.0000   -0.0000    0.0000   -0.0000   -0.0000    0.0000    0.0000   -0.0000    0.0000
    9 H2     2py       -0.0000    0.0000    0.0000    0.0000   -0.0000   -0.0000    0.0000   -0.0000   -0.0000   -0.0000
   10 H2     2pz        0.0007   -0.0007    0.0002    0.0049   -0.0139   -0.0219    0.0219    0.0103    0.0094   -0.0283
   11 H3     1s         0.4919   -0.3230   -0.1225   -0.1439    0.0563   -0.0550    0.0965    0.0497    0.0125    0.0048
   12 H3     2s         0.0897   -0.0608    0.1878    0.2503   -0.1418    0.0856   -0.3175   -0.4237    0.3040    0.0406
   13 H3     2px       -0.0000    0.0000    0.0000    0.0000   -0.0000    0.0000   -0.0000   -0.0000    0.0000   -0.0000
   14 H3     2py       -0.0000    0.0000    0.0000    0.0000   -0.0000    0.0000   -0.0000   -0.0000    0.0000   -0.0000
   15 H3     2pz        0.0017   -0.0011   -0.0037    0.0003   -0.0098   -0.0142    0.0075    0.0002   -0.0154    0.0746
   16 H4     1s        -0.4564    0.0902   -0.1401   -0.1299   -0.0070   -0.1101    0.0836    0.0094   -0.0235    0.1084
   17 H4     2s        -0.0813    0.0099    0.2092    0.2029    0.0312    0.2873   -0.3096   -0.0020   -0.4319    0.6254
   18 H4     2px       -0.0000    0.0000   -0.0000   -0.0000   -0.0000   -0.0000    0.0000   -0.0000    0.0000   -0.0000
   19 H4     2py       -0.0000    0.0000   -0.0000   -0.0000   -0.0000    0.0000    0.0000   -0.0000    0.0000   -0.0000
   20 H4     2pz        0.0014   -0.0002   -0.0014    0.0057   -0.0128   -0.0057   -0.0093   -0.0084   -0.0071   -0.0225
   21 H5     1s         0.2988    0.2689   -0.1516   -0.0806   -0.0964   -0.1160   -0.0099   -0.0454   -0.0200   -0.0489
   22 H5     2s         0.0576    0.0421    0.2256    0.1386    0.1724    0.2972   -0.0003    0.4132   -0.3503   -0.3066
   23 H5     2px        0.0000    0.0000   -0.0000   -0.0000   -0.0000   -0.0000    0.0000   -0.0000    0.0000   -0.0000
   24 H5     2py       -0.0000   -0.0000    0.0000   -0.0000    0.0000    0.0000    0.0000    0.0000   -0.0000   -0.0000
   25 H5     2pz        0.0006    0.0007   -0.0018    0.0070   -0.0106    0.0045   -0.0149   -0.0034    0.0101   -0.0522
   26 H6     1s        -0.1257   -0.4377   -0.1568   -0.0333   -0.1374   -0.0562   -0.0782   -0.0327    0.0216   -0.0820
   27 H6     2s        -0.0193   -0.0781    0.2341    0.0455    0.2657    0.1188    0.3248    0.2534    0.3929   -0.4980
   28 H6     2px        0.0000    0.0000    0.0000   -0.0000    0.0000   -0.0000    0.0000    0.0000   -0.0000   -0.0000
   29 H6     2py        0.0000   -0.0000   -0.0000   -0.0000    0.0000   -0.0000    0.0000    0.0000   -0.0000   -0.0000
   30 H6     2pz        0.0006    0.0010    0.0001    0.0088   -0.0029    0.0148   -0.0065    0.0067    0.0102    0.0380
   31 H7     1s        -0.1257    0.4377   -0.1568    0.0333   -0.1374    0.0562   -0.0782    0.0327    0.0216    0.0820
   32 H7     2s        -0.0193    0.0781    0.2341   -0.0455    0.2657   -0.1188    0.3248   -0.2534    0.3930    0.4980
   33 H7     2px       -0.0000    0.0000   -0.0000   -0.0000   -0.0000   -0.0000   -0.0000    0.0000   -0.0000   -0.0000
   34 H7     2py       -0.0000    0.0000   -0.0000   -0.0000    0.0000   -0.0000    0.0000    0.0000   -0.0000   -0.0000
   35 H7     2pz       -0.0006    0.0010   -0.0001    0.0088    0.0029    0.0148    0.0065    0.0067   -0.0102    0.0380
   36 H8     1s         0.2988   -0.2689   -0.1516    0.0806   -0.0964    0.1160   -0.0099    0.0454   -0.0200    0.0489
   37 H8     2s         0.0576   -0.0421    0.2256   -0.1386    0.1724   -0.2972   -0.0003   -0.4132   -0.3503    0.3066
   38 H8     2px       -0.0000   -0.0000   -0.0000   -0.0000   -0.0000    0.0000   -0.0000   -0.0000   -0.0000   -0.0000
   39 H8     2py       -0.0000    0.0000    0.0000   -0.0000    0.0000   -0.0000    0.0000   -0.0000   -0.0000   -0.0000
   40 H8     2pz       -0.0006    0.0007    0.0018    0.0070    0.0106    0.0045    0.0149   -0.0034   -0.0101   -0.0522
   41 H9     1s        -0.4565   -0.0902   -0.1401    0.1299   -0.0070    0.1101    0.0836   -0.0094   -0.0235   -0.1084
   42 H9     2s        -0.0813   -0.0098    0.2092   -0.2029    0.0312   -0.2873   -0.3096    0.0020   -0.4319   -0.6254
   43 H9     2px        0.0000    0.0000    0.0000   -0.0000    0.0000   -0.0000   -0.0000   -0.0000   -0.0000   -0.0000
   44 H9     2py        0.0000    0.0000    0.0000   -0.0000   -0.0000   -0.0000   -0.0000   -0.0000   -0.0000   -0.0000
   45 H9     2pz       -0.0014   -0.0002    0.0014    0.0057    0.0128   -0.0057    0.0093   -0.0084    0.0071   -0.0225
   46 H10    1s         0.4919    0.3230   -0.1225    0.1439    0.0563    0.0550    0.0965   -0.0497    0.0125   -0.0048
   47 H10    2s         0.0897    0.0608    0.1878   -0.2503   -0.1418   -0.0856   -0.3175    0.4237    0.3040   -0.0406
   48 H10    2px        0.0000    0.0000   -0.0000    0.0000    0.0000    0.0000    0.0000   -0.0000   -0.0000   -0.0000
   49 H10    2py        0.0000    0.0000   -0.0000    0.0000    0.0000    0.0000    0.0000   -0.0000   -0.0000   -0.0000
   50 H10    2pz       -0.0017   -0.0011    0.0037    0.0003    0.0098   -0.0142   -0.0075    0.0002    0.0154    0.0746
   51 H11    1s        -0.4303   -0.4810   -0.1141    0.1737    0.1613   -0.1027   -0.0448    0.0297    0.0707    0.1505
   52 H11    2s        -0.0766   -0.0777    0.1411   -0.2202   -0.2054    0.0987   -0.0791    0.2991    0.5028    0.6517
   53 H11    2px        0.0000    0.0000   -0.0000    0.0000    0.0000   -0.0000    0.0000   -0.0000   -0.0000   -0.0000
   54 H11    2py       -0.0000   -0.0000   -0.0000    0.0000    0.0000    0.0000    0.0000   -0.0000   -0.0000   -0.0000
   55 H11    2pz       -0.0007   -0.0007   -0.0002    0.0049    0.0139   -0.0219   -0.0219    0.0103   -0.0094   -0.0283
   56 H12    1s         0.2913    0.3847   -0.0605    0.0930    0.0846   -0.0397    0.0279   -0.1021   -0.1606   -0.1927
   57 H12    2s         0.0372    0.0468    0.1680   -0.3066   -0.4026    0.4606    0.4907   -0.4977   -0.4669   -0.4033
   58 H12    2px        0.0000    0.0000   -0.0000    0.0000    0.0000   -0.0000   -0.0000    0.0000    0.0000    0.0000
   59 H12    2py       -0.0000   -0.0000   -0.0000   -0.0000    0.0000   -0.0000    0.0000   -0.0000   -0.0000   -0.0000
   60 H12    2pz       -0.0025   -0.0027    0.0148   -0.0249   -0.0286    0.0275    0.0257   -0.0277   -0.0367   -0.0557
 
 
      Orbital               21        22        23        24        25        26        27        28        29        30
      Energy            0.6743    0.7015    0.7030    0.7460    0.7463    0.7883    0.7883    0.8011    0.8011    0.8219
      Occ. No.          0.0000    0.0000    0.0000    0.0000    0.0000    0.0000    0.0000    0.0000    0.0000    0.0000
 
    1 H1     1s        -0.1737    0.0030   -0.0780    0.2009   -0.1920    0.0000   -0.0000   -0.0000   -0.0000   -0.0000
    2 H1     2s        -0.3021    0.0187   -0.1388    0.1808   -0.1677   -0.0000   -0.0000    0.0000   -0.0000    0.0000
    3 H1     2px       -0.0000    0.0000   -0.0000    0.0000   -0.0000    0.0725    0.0439   -0.1631    0.0339    0.2268
    4 H1     2py       -0.0000    0.0000   -0.0000    0.0000   -0.0000    0.0439   -0.0725   -0.0339   -0.1631    0.0840
    5 H1     2pz        0.0615    0.0359   -0.0018   -0.3439    0.3390    0.0000    0.0000   -0.0000   -0.0000    0.0000
    6 H2     1s         0.1946   -0.0316    0.1233   -0.1921    0.1799    0.0000    0.0000    0.0000    0.0000   -0.0000
    7 H2     2s         0.6408   -0.0821    0.3609   -0.4709    0.4370    0.0000    0.0000   -0.0000    0.0000   -0.0000
    8 H2     2px       -0.0000    0.0000   -0.0000    0.0000   -0.0000    0.1417    0.0860   -0.2909    0.0605    0.3421
    9 H2     2py       -0.0000    0.0000   -0.0000    0.0000   -0.0000    0.0860   -0.1417   -0.0605   -0.2909    0.1267
   10 H2     2pz        0.0459   -0.0735    0.0884    0.3448   -0.3465   -0.0000    0.0000    0.0000    0.0000   -0.0000
   11 H3     1s        -0.1014    0.0667   -0.1242    0.1790   -0.1695   -0.0000    0.0000   -0.0000   -0.0000    0.0000
   12 H3     2s        -0.3928    0.1849   -0.3991    0.4978   -0.4651   -0.0000   -0.0000    0.0000   -0.0000    0.0000
   13 H3     2px       -0.0000    0.0000   -0.0000    0.0000   -0.0000    0.2040    0.1237   -0.3536    0.0736    0.2860
   14 H3     2py        0.0000    0.0000   -0.0000    0.0000   -0.0000    0.1237   -0.2040   -0.0736   -0.3536    0.1059
   15 H3     2pz       -0.1640    0.1374   -0.2126   -0.2117    0.2223   -0.0000   -0.0000   -0.0000   -0.0000    0.0000
   16 H4     1s        -0.0799   -0.0884    0.0419   -0.1081    0.1144   -0.0000    0.0000    0.0000    0.0000   -0.0000
   17 H4     2s        -0.3041   -0.2601    0.1420   -0.2849    0.2953    0.0000   -0.0000   -0.0000    0.0000   -0.0000
   18 H4     2px       -0.0000    0.0000   -0.0000    0.0000   -0.0000    0.2539    0.1540   -0.3343    0.0695    0.0858
   19 H4     2py        0.0000    0.0000    0.0000    0.0000   -0.0000    0.1540   -0.2539   -0.0695   -0.3343    0.0318
   20 H4     2pz        0.1657   -0.2275    0.2957    0.0606   -0.0690    0.0000    0.0000   -0.0000    0.0000   -0.0000
   21 H5     1s         0.1877    0.0772    0.0937    0.0174   -0.0507   -0.0000   -0.0000    0.0000   -0.0000    0.0000
   22 H5     2s         0.6988    0.2350    0.2685    0.0287   -0.1169   -0.0000    0.0000   -0.0000   -0.0000    0.0000
   23 H5     2px       -0.0000   -0.0000   -0.0000    0.0000    0.0000    0.2893    0.1755   -0.2374    0.0494   -0.1592
   24 H5     2py        0.0000    0.0000    0.0000   -0.0000   -0.0000    0.1755   -0.2893   -0.0494   -0.2374   -0.0590
   25 H5     2pz       -0.0313    0.3210   -0.2625    0.0189   -0.0370   -0.0000   -0.0000    0.0000   -0.0000    0.0000
   26 H6     1s        -0.0993   -0.0319   -0.1896    0.0379    0.0126    0.0000    0.0000   -0.0000    0.0000   -0.0000
   27 H6     2s        -0.3579   -0.0933   -0.5804    0.1295    0.0229   -0.0000   -0.0000    0.0000    0.0000   -0.0000
   28 H6     2px       -0.0000   -0.0000   -0.0000   -0.0000    0.0000    0.3075    0.1865   -0.0861    0.0179   -0.3222
   29 H6     2py        0.0000    0.0000    0.0000   -0.0000   -0.0000    0.1865   -0.3075   -0.0179   -0.0861   -0.1193
   30 H6     2pz       -0.1087   -0.3815    0.1050   -0.0173    0.0834    0.0000   -0.0000   -0.0000   -0.0000   -0.0000
   31 H7     1s        -0.0993   -0.0319    0.1896   -0.0379    0.0126   -0.0000   -0.0000   -0.0000   -0.0000    0.0000
   32 H7     2s        -0.3579   -0.0933    0.5804   -0.1295    0.0229    0.0000   -0.0000    0.0000   -0.0000    0.0000
   33 H7     2px       -0.0000    0.0000   -0.0000   -0.0000   -0.0000    0.3075    0.1865    0.0861   -0.0179   -0.3222
   34 H7     2py        0.0000    0.0000   -0.0000   -0.0000   -0.0000    0.1865   -0.3075    0.0179    0.0861   -0.1193
   35 H7     2pz        0.1087    0.3815    0.1050   -0.0173   -0.0834    0.0000    0.0000    0.0000    0.0000   -0.0000
   36 H8     1s         0.1877    0.0772   -0.0937   -0.0174   -0.0507    0.0000   -0.0000    0.0000    0.0000   -0.0000
   37 H8     2s         0.6988    0.2350   -0.2685   -0.0287   -0.1170    0.0000    0.0000   -0.0000    0.0000   -0.0000
   38 H8     2px       -0.0000   -0.0000   -0.0000    0.0000    0.0000    0.2893    0.1755    0.2374   -0.0494   -0.1592
   39 H8     2py        0.0000    0.0000   -0.0000   -0.0000   -0.0000    0.1755   -0.2893    0.0494    0.2374   -0.0590
   40 H8     2pz        0.0313   -0.3210   -0.2625    0.0189    0.0370   -0.0000   -0.0000   -0.0000   -0.0000    0.0000
   41 H9     1s        -0.0799   -0.0884   -0.0419    0.1080    0.1144    0.0000    0.0000    0.0000   -0.0000    0.0000
   42 H9     2s        -0.3041   -0.2601   -0.1420    0.2847    0.2954   -0.0000   -0.0000   -0.0000   -0.0000    0.0000
   43 H9     2px       -0.0000   -0.0000   -0.0000    0.0000    0.0000    0.2539    0.1540    0.3343   -0.0695    0.0858
   44 H9     2py        0.0000   -0.0000   -0.0000    0.0000   -0.0000    0.1540   -0.2539    0.0695    0.3343    0.0318
   45 H9     2pz       -0.1657    0.2275    0.2957    0.0605    0.0690    0.0000    0.0000    0.0000    0.0000   -0.0000
   46 H10    1s        -0.1014    0.0667    0.1242   -0.1790   -0.1696    0.0000    0.0000   -0.0000    0.0000   -0.0000
   47 H10    2s        -0.3928    0.1849    0.3991   -0.4976   -0.4653    0.0000    0.0000    0.0000    0.0000   -0.0000
   48 H10    2px        0.0000   -0.0000   -0.0000    0.0000    0.0000    0.2040    0.1237    0.3536   -0.0736    0.2860
   49 H10    2py        0.0000   -0.0000   -0.0000    0.0000    0.0000    0.1237   -0.2040    0.0736    0.3536    0.1059
   50 H10    2pz        0.1640   -0.1374   -0.2126   -0.2116   -0.2224   -0.0000    0.0000    0.0000   -0.0000    0.0000
   51 H11    1s         0.1946   -0.0316   -0.1233    0.1920    0.1800   -0.0000    0.0000    0.0000   -0.0000    0.0000
   52 H11    2s         0.6408   -0.0821   -0.3609    0.4707    0.4372    0.0000   -0.0000   -0.0000   -0.0000   -0.0000
   53 H11    2px        0.0000   -0.0000   -0.0000    0.0000    0.0000    0.1417    0.0860    0.2909   -0.0605    0.3421
   54 H11    2py       -0.0000   -0.0000   -0.0000    0.0000    0.0000    0.0860   -0.1417    0.0605    0.2909    0.1267
   55 H11    2pz       -0.0459    0.0735    0.0884    0.3446    0.3466    0.0000   -0.0000   -0.0000   -0.0000   -0.0000
   56 H12    1s        -0.1737    0.0030    0.0780   -0.2008   -0.1921   -0.0000    0.0000    0.0000   -0.0000    0.0000
   57 H12    2s        -0.3021    0.0187    0.1388   -0.1807   -0.1678   -0.0000    0.0000    0.0000    0.0000    0.0000
   58 H12    2px        0.0000   -0.0000   -0.0000    0.0000    0.0000    0.0725    0.0439    0.1631   -0.0339    0.2268
   59 H12    2py       -0.0000    0.0000   -0.0000    0.0000   -0.0000    0.0439   -0.0725    0.0339    0.1631    0.0840
   60 H12    2pz       -0.0615   -0.0359   -0.0018   -0.3437   -0.3392   -0.0000    0.0000    0.0000    0.0000    0.0000
 
 
      Orbital               31        32        33        34        35        36        37        38        39        40
      Energy            0.8219    0.8501    0.8501    0.8849    0.8849    0.9249    0.9249    0.9693    0.9693    1.0140
      Occ. No.          0.0000    0.0000    0.0000    0.0000    0.0000    0.0000    0.0000    0.0000    0.0000    0.0000
 
    1 H1     1s        -0.0000    0.0000    0.0000    0.0000    0.0000   -0.0000    0.0000   -0.0000    0.0000   -0.0000
    2 H1     2s        -0.0000   -0.0000    0.0000   -0.0000   -0.0000    0.0000    0.0000    0.0000    0.0000   -0.0000
    3 H1     2px       -0.0840   -0.3034    0.0414    0.3437    0.0902   -0.3767    0.0711    0.3872   -0.0637   -0.3593
    4 H1     2py        0.2268   -0.0414   -0.3034    0.0902   -0.3437   -0.0711   -0.3767    0.0637    0.3872   -0.1266
    5 H1     2pz        0.0000   -0.0000   -0.0000   -0.0000    0.0000    0.0000    0.0000    0.0000    0.0000   -0.0000
    6 H2     1s         0.0000    0.0000   -0.0000    0.0000   -0.0000   -0.0000   -0.0000   -0.0000   -0.0000    0.0000
    7 H2     2s         0.0000    0.0000   -0.0000    0.0000    0.0000   -0.0000   -0.0000   -0.0000   -0.0000    0.0000
    8 H2     2px       -0.1267   -0.3480    0.0475    0.2478    0.0650   -0.0964    0.0182   -0.0902    0.0148    0.2511
    9 H2     2py        0.3421   -0.0475   -0.3480    0.0650   -0.2478   -0.0182   -0.0964   -0.0148   -0.0902    0.0885
   10 H2     2pz       -0.0000    0.0000    0.0000    0.0000   -0.0000   -0.0000   -0.0000   -0.0000   -0.0000    0.0000
   11 H3     1s         0.0000   -0.0000   -0.0000   -0.0000    0.0000    0.0000    0.0000    0.0000    0.0000   -0.0000
   12 H3     2s        -0.0000   -0.0000    0.0000   -0.0000   -0.0000    0.0000   -0.0000    0.0000    0.0000   -0.0000
   13 H3     2px       -0.1059   -0.0914    0.0125   -0.1697   -0.0445    0.3558   -0.0672   -0.3677    0.0605    0.1826
   14 H3     2py        0.2860   -0.0125   -0.0914   -0.0445    0.1697    0.0672    0.3558   -0.0605   -0.3677    0.0643
   15 H3     2pz       -0.0000   -0.0000    0.0000   -0.0000    0.0000    0.0000   -0.0000    0.0000    0.0000   -0.0000
   16 H4     1s         0.0000    0.0000   -0.0000    0.0000    0.0000   -0.0000   -0.0000   -0.0000    0.0000    0.0000
   17 H4     2s        -0.0000    0.0000   -0.0000    0.0000   -0.0000   -0.0000    0.0000   -0.0000   -0.0000    0.0000
   18 H4     2px       -0.0318    0.2426   -0.0331   -0.3655   -0.0959    0.1808   -0.0341    0.1811   -0.0298   -0.3800
   19 H4     2py        0.0858    0.0331    0.2426   -0.0959    0.3655    0.0341    0.1808    0.0298    0.1811   -0.1339
   20 H4     2pz        0.0000    0.0000   -0.0000    0.0000    0.0000   -0.0000    0.0000   -0.0000   -0.0000    0.0000
   21 H5     1s        -0.0000   -0.0000    0.0000   -0.0000    0.0000    0.0000   -0.0000    0.0000    0.0000   -0.0000
   22 H5     2s         0.0000    0.0000    0.0000   -0.0000    0.0000    0.0000   -0.0000    0.0000    0.0000   -0.0000
   23 H5     2px        0.0590    0.3674   -0.0501   -0.0880   -0.0231   -0.3142    0.0593    0.3246   -0.0534    0.0886
   24 H5     2py       -0.1592    0.0501    0.3674   -0.0231    0.0880   -0.0593   -0.3142    0.0534    0.3246    0.0312
   25 H5     2pz       -0.0000    0.0000    0.0000   -0.0000   -0.0000   -0.0000   -0.0000    0.0000   -0.0000    0.0000
   26 H6     1s        -0.0000    0.0000   -0.0000    0.0000   -0.0000   -0.0000    0.0000   -0.0000   -0.0000    0.0000
   27 H6     2s        -0.0000   -0.0000   -0.0000    0.0000   -0.0000   -0.0000    0.0000   -0.0000   -0.0000    0.0000
   28 H6     2px        0.1193    0.1731   -0.0236    0.3016    0.0791   -0.2548    0.0481   -0.2610    0.0429    0.3148
   29 H6     2py       -0.3222    0.0236    0.1731    0.0791   -0.3016   -0.0481   -0.2548   -0.0429   -0.2610    0.1109
   30 H6     2pz       -0.0000   -0.0000   -0.0000    0.0000   -0.0000    0.0000    0.0000   -0.0000    0.0000   -0.0000
   31 H7     1s         0.0000    0.0000    0.0000   -0.0000    0.0000   -0.0000   -0.0000    0.0000    0.0000    0.0000
   32 H7     2s        -0.0000   -0.0000    0.0000   -0.0000    0.0000    0.0000   -0.0000    0.0000    0.0000    0.0000
   33 H7     2px        0.1193   -0.1731    0.0236    0.3016    0.0791    0.2548   -0.0481   -0.2610    0.0429   -0.3148
   34 H7     2py       -0.3222   -0.0236   -0.1731    0.0791   -0.3016    0.0481    0.2548   -0.0429   -0.2610   -0.1109
   35 H7     2pz        0.0000    0.0000   -0.0000    0.0000    0.0000   -0.0000   -0.0000   -0.0000   -0.0000    0.0000
   36 H8     1s        -0.0000   -0.0000   -0.0000    0.0000   -0.0000    0.0000    0.0000   -0.0000   -0.0000   -0.0000
   37 H8     2s         0.0000    0.0000   -0.0000    0.0000   -0.0000    0.0000    0.0000   -0.0000   -0.0000   -0.0000
   38 H8     2px        0.0590   -0.3674    0.0501   -0.0880   -0.0231    0.3142   -0.0593    0.3246   -0.0534   -0.0886
   39 H8     2py       -0.1592   -0.0501   -0.3674   -0.0231    0.0880    0.0593    0.3142    0.0534    0.3246   -0.0312
   40 H8     2pz       -0.0000   -0.0000    0.0000   -0.0000   -0.0000    0.0000   -0.0000    0.0000   -0.0000   -0.0000
   41 H9     1s         0.0000    0.0000    0.0000   -0.0000    0.0000   -0.0000   -0.0000    0.0000    0.0000    0.0000
   42 H9     2s         0.0000    0.0000    0.0000   -0.0000    0.0000   -0.0000   -0.0000    0.0000    0.0000    0.0000
   43 H9     2px       -0.0318   -0.2426    0.0331   -0.3655   -0.0959   -0.1808    0.0341    0.1811   -0.0298    0.3800
   44 H9     2py        0.0858   -0.0331   -0.2426   -0.0959    0.3655   -0.0341   -0.1808    0.0298    0.1811    0.1339
   45 H9     2pz       -0.0000   -0.0000   -0.0000    0.0000    0.0000    0.0000    0.0000   -0.0000    0.0000   -0.0000
   46 H10    1s         0.0000   -0.0000   -0.0000    0.0000    0.0000    0.0000    0.0000   -0.0000    0.0000   -0.0000
   47 H10    2s        -0.0000   -0.0000   -0.0000    0.0000   -0.0000    0.0000    0.0000   -0.0000   -0.0000   -0.0000
   48 H10    2px       -0.1059    0.0914   -0.0125   -0.1697   -0.0445   -0.3558    0.0672   -0.3677    0.0605   -0.1826
   49 H10    2py        0.2860    0.0125    0.0914   -0.0445    0.1697   -0.0672   -0.3558   -0.0605   -0.3677   -0.0643
   50 H10    2pz        0.0000    0.0000    0.0000   -0.0000    0.0000   -0.0000   -0.0000    0.0000    0.0000    0.0000
   51 H11    1s         0.0000    0.0000   -0.0000   -0.0000    0.0000   -0.0000    0.0000    0.0000    0.0000    0.0000
   52 H11    2s        -0.0000    0.0000    0.0000    0.0000   -0.0000   -0.0000   -0.0000    0.0000   -0.0000    0.0000
   53 H11    2px       -0.1267    0.3480   -0.0475    0.2478    0.0650    0.0964   -0.0182   -0.0902    0.0148   -0.2511
   54 H11    2py        0.3421    0.0475    0.3480    0.0650   -0.2478    0.0182    0.0964   -0.0148   -0.0902   -0.0885
   55 H11    2pz       -0.0000   -0.0000   -0.0000    0.0000   -0.0000    0.0000    0.0000   -0.0000   -0.0000   -0.0000
   56 H12    1s         0.0000   -0.0000    0.0000   -0.0000    0.0000    0.0000   -0.0000    0.0000    0.0000   -0.0000
   57 H12    2s         0.0000   -0.0000   -0.0000   -0.0000    0.0000    0.0000    0.0000    0.0000    0.0000   -0.0000
   58 H12    2px       -0.0840    0.3034   -0.0414    0.3437    0.0902    0.3767   -0.0711    0.3872   -0.0637    0.3593
   59 H12    2py        0.2268    0.0414    0.3034    0.0902   -0.3437    0.0711    0.3767    0.0637    0.3872    0.1266
   60 H12    2pz        0.0000    0.0000   -0.0000   -0.0000    0.0000   -0.0000    0.0000    0.0000    0.0000    0.0000
 
 
      Orbital               41        42        43        44        45        46        47        48        49        50
      Energy            1.0140    1.0573    1.0573    1.0956    1.0956    1.1260    1.1260    1.1454    1.1454    1.1656
      Occ. No.          0.0000    0.0000    0.0000    0.0000    0.0000    0.0000    0.0000    0.0000    0.0000    0.0000
 
    1 H1     1s        -0.0000    0.0000   -0.0000   -0.0000    0.0000   -0.0000   -0.0000   -0.0000   -0.0000   -0.1481
    2 H1     2s        -0.0000    0.0000   -0.0000   -0.0000    0.0000   -0.0000   -0.0000   -0.0000   -0.0000   -0.2692
    3 H1     2px        0.1266    0.3112   -0.1449   -0.2822   -0.0058    0.2007   -0.0110   -0.0972    0.0390   -0.0000
    4 H1     2py       -0.3593    0.1449    0.3112    0.0058   -0.2822    0.0110    0.2007   -0.0390   -0.0972   -0.0000
    5 H1     2pz       -0.0000    0.0000   -0.0000   -0.0000    0.0000   -0.0000   -0.0000    0.0000   -0.0000   -0.2726
    6 H2     1s         0.0000   -0.0000    0.0000   -0.0000   -0.0000    0.0000   -0.0000    0.0000    0.0000    0.3415
    7 H2     2s         0.0000   -0.0000    0.0000   -0.0000   -0.0000    0.0000   -0.0000    0.0000    0.0000    0.5442
    8 H2     2px       -0.0885   -0.3500    0.1629    0.4189    0.0087   -0.3527    0.0194    0.1872   -0.0751    0.0000
    9 H2     2py        0.2511   -0.1629   -0.3500   -0.0087    0.4189   -0.0194   -0.3527    0.0751    0.1872    0.0000
   10 H2     2pz        0.0000   -0.0000    0.0000   -0.0000   -0.0000    0.0000   -0.0000    0.0000    0.0000    0.1347
   11 H3     1s        -0.0000   -0.0000   -0.0000    0.0000    0.0000    0.0000    0.0000   -0.0000   -0.0000   -0.2074
   12 H3     2s        -0.0000    0.0000   -0.0000    0.0000    0.0000   -0.0000    0.0000   -0.0000   -0.0000   -0.3101
   13 H3     2px       -0.0643    0.0857   -0.0399   -0.3444   -0.0071    0.4236   -0.0233   -0.2661    0.1067   -0.0000
   14 H3     2py        0.1826    0.0399    0.0857    0.0071   -0.3444    0.0233    0.4236   -0.1067   -0.2661   -0.0000
   15 H3     2pz        0.0000   -0.0000   -0.0000    0.0000    0.0000   -0.0000    0.0000   -0.0000   -0.0000    0.2735
   16 H4     1s         0.0000   -0.0000   -0.0000   -0.0000   -0.0000    0.0000   -0.0000    0.0000    0.0000   -0.2195
   17 H4     2s         0.0000    0.0000    0.0000   -0.0000   -0.0000    0.0000   -0.0000    0.0000    0.0000   -0.3684
   18 H4     2px        0.1339    0.2507   -0.1167    0.0987    0.0020   -0.3981    0.0219    0.3294   -0.1321    0.0000
   19 H4     2py       -0.3800    0.1167    0.2507   -0.0020    0.0987   -0.0219   -0.3981    0.1321    0.3294    0.0000
   20 H4     2pz       -0.0000    0.0000    0.0000   -0.0000    0.0000   -0.0000   -0.0000    0.0000   -0.0000   -0.4138
   21 H5     1s         0.0000   -0.0000   -0.0000    0.0000    0.0000    0.0000    0.0000   -0.0000   -0.0000    0.4853
   22 H5     2s         0.0000   -0.0000   -0.0000    0.0000    0.0000    0.0000    0.0000   -0.0000   -0.0000    0.7775
   23 H5     2px       -0.0312   -0.3725    0.1734    0.1977    0.0041    0.2816   -0.0155   -0.3737    0.1498   -0.0000
   24 H5     2py        0.0886   -0.1734   -0.3725   -0.0041    0.1977    0.0155    0.2816   -0.1498   -0.3737   -0.0000
   25 H5     2pz        0.0000   -0.0000    0.0000   -0.0000   -0.0000    0.0000   -0.0000    0.0000    0.0000    0.0501
   26 H6     1s        -0.0000    0.0000    0.0000   -0.0000    0.0000   -0.0000   -0.0000    0.0000   -0.0000   -0.2530
   27 H6     2s        -0.0000    0.0000    0.0000   -0.0000    0.0000   -0.0000   -0.0000    0.0000   -0.0000   -0.4013
   28 H6     2px       -0.1109    0.1746   -0.0813   -0.3942   -0.0082   -0.1019    0.0056    0.3964   -0.1590    0.0000
   29 H6     2py        0.3148    0.0813    0.1746    0.0082   -0.3942   -0.0056   -0.1019    0.1590    0.3964    0.0000
   30 H6     2pz       -0.0000    0.0000   -0.0000    0.0000    0.0000   -0.0000    0.0000   -0.0000   -0.0000    0.4071
   31 H7     1s         0.0000   -0.0000   -0.0000   -0.0000   -0.0000    0.0000    0.0000    0.0000    0.0000   -0.2530
   32 H7     2s         0.0000   -0.0000   -0.0000   -0.0000   -0.0000    0.0000    0.0000    0.0000    0.0000   -0.4013
   33 H7     2px        0.1109    0.1746   -0.0813    0.3942    0.0082   -0.1019    0.0056   -0.3964    0.1590   -0.0000
   34 H7     2py       -0.3148    0.0813    0.1746   -0.0082    0.3942   -0.0056   -0.1019   -0.1590   -0.3964   -0.0000
   35 H7     2pz        0.0000    0.0000    0.0000   -0.0000   -0.0000   -0.0000   -0.0000    0.0000    0.0000   -0.4071
   36 H8     1s        -0.0000    0.0000   -0.0000    0.0000    0.0000   -0.0000    0.0000   -0.0000   -0.0000    0.4853
   37 H8     2s        -0.0000    0.0000   -0.0000    0.0000    0.0000   -0.0000    0.0000   -0.0000   -0.0000    0.7776
   38 H8     2px        0.0312   -0.3725    0.1734   -0.1977   -0.0041    0.2816   -0.0155    0.3737   -0.1498    0.0000
   39 H8     2py       -0.0886   -0.1734   -0.3725    0.0041   -0.1977    0.0155    0.2816    0.1498    0.3737    0.0000
   40 H8     2pz        0.0000   -0.0000   -0.0000    0.0000   -0.0000    0.0000    0.0000    0.0000    0.0000   -0.0501
   41 H9     1s         0.0000    0.0000    0.0000   -0.0000   -0.0000   -0.0000   -0.0000    0.0000   -0.0000   -0.2195
   42 H9     2s         0.0000   -0.0000    0.0000   -0.0000   -0.0000    0.0000   -0.0000    0.0000   -0.0000   -0.3684
   43 H9     2px       -0.1339    0.2507   -0.1167   -0.0987   -0.0020   -0.3981    0.0219   -0.3294    0.1321   -0.0000
   44 H9     2py        0.3800    0.1167    0.2507    0.0020   -0.0987   -0.0219   -0.3981   -0.1321   -0.3294    0.0000
   45 H9     2pz       -0.0000    0.0000   -0.0000    0.0000    0.0000    0.0000    0.0000   -0.0000   -0.0000    0.4138
   46 H10    1s        -0.0000    0.0000   -0.0000    0.0000   -0.0000   -0.0000    0.0000   -0.0000    0.0000   -0.2074
   47 H10    2s        -0.0000    0.0000   -0.0000    0.0000    0.0000   -0.0000    0.0000   -0.0000    0.0000   -0.3101
   48 H10    2px        0.0643    0.0857   -0.0399    0.3444    0.0071    0.4236   -0.0233    0.2661   -0.1067    0.0000
   49 H10    2py       -0.1826    0.0399    0.0857   -0.0071    0.3444    0.0233    0.4236    0.1067    0.2661   -0.0000
   50 H10    2pz        0.0000   -0.0000   -0.0000   -0.0000   -0.0000   -0.0000   -0.0000    0.0000    0.0000   -0.2735
   51 H11    1s        -0.0000   -0.0000   -0.0000   -0.0000    0.0000    0.0000    0.0000   -0.0000   -0.0000    0.3415
   52 H11    2s         0.0000    0.0000    0.0000   -0.0000    0.0000    0.0000    0.0000   -0.0000   -0.0000    0.5442
   53 H11    2px        0.0885   -0.3500    0.1629   -0.4189   -0.0087   -0.3527    0.0194   -0.1872    0.0751   -0.0000
   54 H11    2py       -0.2511   -0.1629   -0.3500    0.0087   -0.4189   -0.0194   -0.3527   -0.0751   -0.1872    0.0000
   55 H11    2pz        0.0000   -0.0000    0.0000    0.0000   -0.0000   -0.0000   -0.0000    0.0000    0.0000   -0.1347
   56 H12    1s         0.0000   -0.0000   -0.0000    0.0000   -0.0000   -0.0000    0.0000   -0.0000    0.0000   -0.1481
   57 H12    2s        -0.0000   -0.0000   -0.0000    0.0000   -0.0000   -0.0000   -0.0000    0.0000    0.0000   -0.2692
   58 H12    2px       -0.1266    0.3112   -0.1449    0.2822    0.0058    0.2007   -0.0110    0.0972   -0.0390   -0.0000
   59 H12    2py        0.3593    0.1449    0.3112   -0.0058    0.2822    0.0110    0.2007    0.0390    0.0972   -0.0000
   60 H12    2pz       -0.0000   -0.0000   -0.0000    0.0000    0.0000    0.0000    0.0000   -0.0000   -0.0000    0.2726
 
 
      Orbital               51        52        53        54        55        56        57        58        59        60
      Energy            1.1707    1.2032    1.2109    1.2499    1.2679    1.3499    1.4404    1.5289    1.6042    1.6551
      Occ. No.          0.0000    0.0000    0.0000    0.0000    0.0000    0.0000    0.0000    0.0000    0.0000    0.0000
 
    1 H1     1s        -0.1348   -0.1966   -0.1662    0.1109    0.1827   -0.1601   -0.1437    0.1218   -0.0899    0.0480
    2 H1     2s        -0.2226   -0.3459   -0.2661    0.1731    0.2951   -0.2230   -0.1669    0.1191   -0.0767    0.0376
    3 H1     2px        0.0000    0.0000    0.0000   -0.0000   -0.0000    0.0000   -0.0000    0.0000   -0.0000    0.0000
    4 H1     2py        0.0000    0.0000    0.0000   -0.0000   -0.0000    0.0000   -0.0000    0.0000   -0.0000    0.0000
    5 H1     2pz       -0.1255   -0.4076   -0.1534    0.1107    0.4369   -0.4196   -0.3777    0.3108   -0.2217    0.1156
    6 H2     1s         0.3773    0.4232    0.4810   -0.3233   -0.3253    0.1911    0.0892   -0.0156   -0.0222    0.0229
    7 H2     2s         0.6492    0.6258    0.7989   -0.5183   -0.4246    0.2192    0.1076   -0.0477    0.0179   -0.0052
    8 H2     2px        0.0000   -0.0000    0.0000    0.0000    0.0000    0.0000    0.0000   -0.0000    0.0000   -0.0000
    9 H2     2py       -0.0000   -0.0000   -0.0000    0.0000    0.0000   -0.0000    0.0000   -0.0000    0.0000   -0.0000
   10 H2     2pz        0.2211    0.0661    0.2539   -0.1454    0.1429   -0.3526   -0.4852    0.5150   -0.4301    0.2446
   11 H3     1s        -0.5386   -0.1912   -0.7573    0.5360    0.0360    0.0953    0.0983   -0.0378   -0.0208    0.0326
   12 H3     2s        -0.9004   -0.2890   -1.2428    0.8674    0.1012    0.0372    0.0326    0.0022   -0.0222    0.0188
   13 H3     2px        0.0000    0.0000    0.0000   -0.0000   -0.0000    0.0000    0.0000    0.0000   -0.0000    0.0000
   14 H3     2py        0.0000    0.0000    0.0000   -0.0000   -0.0000    0.0000    0.0000    0.0000   -0.0000    0.0000
   15 H3     2pz       -0.0804    0.4463   -0.1184    0.0759   -0.4320    0.2136   -0.1314    0.4278   -0.5198    0.3503
   16 H4     1s         0.3617   -0.2204    0.7662   -0.6885    0.0901    0.0162    0.1157   -0.1074    0.0281    0.0195
   17 H4     2s         0.5831   -0.2955    1.2674   -1.1347    0.0493    0.0345    0.0825   -0.0608    0.0177    0.0036
   18 H4     2px        0.0000   -0.0000    0.0000   -0.0000   -0.0000    0.0000    0.0000    0.0000   -0.0000    0.0000
   19 H4     2py       -0.0000    0.0000   -0.0000    0.0000    0.0000    0.0000   -0.0000    0.0000   -0.0000    0.0000
   20 H4     2pz       -0.2520   -0.2655   -0.1213   -0.0448   -0.2058    0.4676    0.3121    0.1390   -0.4996    0.4412
   21 H5     1s         0.1394    0.2656   -0.5142    0.8165    0.1592   -0.1740   -0.0198   -0.0884    0.0518    0.0135
   22 H5     2s         0.2426    0.3961   -0.8739    1.3457    0.1946   -0.1531   -0.0159   -0.0401    0.0183    0.0070
   23 H5     2px       -0.0000    0.0000   -0.0000    0.0000   -0.0000   -0.0000   -0.0000   -0.0000    0.0000   -0.0000
   24 H5     2py        0.0000   -0.0000    0.0000   -0.0000   -0.0000    0.0000    0.0000   -0.0000   -0.0000    0.0000
   25 H5     2pz        0.4389   -0.2798    0.2120    0.0765    0.3539    0.1247    0.4947   -0.2327   -0.3545    0.5026
   26 H6     1s        -0.5867   -0.0309    0.1721   -0.9127   -0.1599   -0.0784   -0.1146   -0.0395    0.0696    0.0047
   27 H6     2s        -0.9696   -0.1146    0.2988   -1.4887   -0.1768   -0.0509   -0.0695   -0.0195    0.0290    0.0000
   28 H6     2px        0.0000    0.0000   -0.0000    0.0000    0.0000   -0.0000   -0.0000    0.0000    0.0000   -0.0000
   29 H6     2py       -0.0000   -0.0000   -0.0000    0.0000    0.0000   -0.0000   -0.0000    0.0000    0.0000   -0.0000
   30 H6     2pz       -0.2210    0.2507   -0.1553   -0.0484    0.3169   -0.3899    0.2324   -0.4789   -0.1290    0.5350
   31 H7     1s         0.5867    0.0309    0.1721    0.9127   -0.1599    0.0784   -0.1146    0.0395    0.0696   -0.0047
   32 H7     2s         0.9696    0.1146    0.2988    1.4887   -0.1768    0.0509   -0.0695    0.0195    0.0290   -0.0000
   33 H7     2px        0.0000    0.0000    0.0000    0.0000   -0.0000   -0.0000    0.0000    0.0000   -0.0000   -0.0000
   34 H7     2py        0.0000    0.0000    0.0000    0.0000    0.0000    0.0000   -0.0000    0.0000   -0.0000   -0.0000
   35 H7     2pz       -0.2210    0.2507    0.1553   -0.0484   -0.3169   -0.3899   -0.2324   -0.4789    0.1290    0.5350
   36 H8     1s        -0.1394   -0.2656   -0.5142   -0.8165    0.1592    0.1740   -0.0198    0.0884    0.0518   -0.0135
   37 H8     2s        -0.2426   -0.3961   -0.8739   -1.3457    0.1946    0.1531   -0.0159    0.0401    0.0183   -0.0070
   38 H8     2px       -0.0000   -0.0000   -0.0000   -0.0000    0.0000    0.0000    0.0000   -0.0000   -0.0000   -0.0000
   39 H8     2py       -0.0000   -0.0000    0.0000    0.0000   -0.0000   -0.0000    0.0000   -0.0000   -0.0000   -0.0000
   40 H8     2pz        0.4389   -0.2798   -0.2120    0.0765   -0.3539    0.1247   -0.4947   -0.2327    0.3545    0.5026
   41 H9     1s        -0.3617    0.2204    0.7662    0.6885    0.0901   -0.0162    0.1157    0.1074    0.0281   -0.0195
   42 H9     2s        -0.5831    0.2955    1.2674    1.1347    0.0493   -0.0345    0.0825    0.0608    0.0177   -0.0036
   43 H9     2px        0.0000   -0.0000   -0.0000   -0.0000    0.0000    0.0000   -0.0000    0.0000    0.0000    0.0000
   44 H9     2py        0.0000   -0.0000   -0.0000   -0.0000    0.0000    0.0000   -0.0000    0.0000    0.0000    0.0000
   45 H9     2pz       -0.2520   -0.2655    0.1213   -0.0449    0.2058    0.4676   -0.3121    0.1390    0.4996    0.4412
   46 H10    1s         0.5386    0.1912   -0.7573   -0.5360    0.0360   -0.0953    0.0983    0.0378   -0.0208   -0.0326
   47 H10    2s         0.9004    0.2890   -1.2428   -0.8674    0.1011   -0.0373    0.0326   -0.0022   -0.0222   -0.0188
   48 H10    2px        0.0000    0.0000   -0.0000   -0.0000    0.0000    0.0000    0.0000    0.0000    0.0000    0.0000
   49 H10    2py       -0.0000    0.0000   -0.0000    0.0000    0.0000    0.0000    0.0000    0.0000    0.0000    0.0000
   50 H10    2pz       -0.0804    0.4463    0.1184    0.0759    0.4320    0.2136    0.1314    0.4278    0.5198    0.3503
   51 H11    1s        -0.3773   -0.4232    0.4810    0.3233   -0.3253   -0.1911    0.0892    0.0156   -0.0222   -0.0229
   52 H11    2s        -0.6492   -0.6258    0.7989    0.5183   -0.4246   -0.2192    0.1076    0.0477    0.0179    0.0052
   53 H11    2px       -0.0000   -0.0000    0.0000    0.0000   -0.0000   -0.0000   -0.0000   -0.0000   -0.0000   -0.0000
   54 H11    2py        0.0000   -0.0000    0.0000    0.0000   -0.0000   -0.0000   -0.0000   -0.0000   -0.0000   -0.0000
   55 H11    2pz        0.2211    0.0661   -0.2539   -0.1454   -0.1429   -0.3526    0.4852    0.5150    0.4301    0.2446
   56 H12    1s         0.1348    0.1966   -0.1662   -0.1109    0.1827    0.1601   -0.1437   -0.1218   -0.0899   -0.0480
   57 H12    2s         0.2226    0.3459   -0.2661   -0.1731    0.2951    0.2230   -0.1669   -0.1191   -0.0767   -0.0376
   58 H12    2px        0.0000    0.0000   -0.0000   -0.0000    0.0000    0.0000   -0.0000    0.0000    0.0000    0.0000
   59 H12    2py       -0.0000    0.0000   -0.0000   -0.0000    0.0000    0.0000   -0.0000    0.0000   -0.0000   -0.0000
   60 H12    2pz       -0.1255   -0.4076    0.1534    0.1107   -0.4369   -0.4196    0.3777    0.3108    0.2217    0.1156
--
 
      Von Neumann Entropy (Root  1) =  5.12245
 

      Mulliken population analysis for root number:  1
      -----------------------------------------------
 
 
++    Molecular charges:
      ------------------
 
      Mulliken charges per centre and basis function type
      ---------------------------------------------------
 
                H1      H2      H3      H4      H5      H6      H7      H8      H9      H10     H11     H12   
      1s       0.9854  1.0020  1.0015  1.0006  1.0010  1.0008  1.0008  1.0010  1.0006  1.0015  1.0020  0.9854
      2s       0.0078  0.0020 -0.0038 -0.0024 -0.0030 -0.0027 -0.0027 -0.0030 -0.0024 -0.0038  0.0020  0.0078
      2px      0.0000  0.0000  0.0000  0.0000  0.0000  0.0000  0.0000  0.0000  0.0000  0.0000  0.0000  0.0000
      2pz      0.0008  0.0022  0.0019  0.0019  0.0019  0.0019  0.0019  0.0019  0.0019  0.0019  0.0022  0.0008
      2py      0.0000  0.0000  0.0000  0.0000  0.0000  0.0000  0.0000  0.0000  0.0000  0.0000  0.0000  0.0000
      Total    0.9940  1.0062  0.9996  1.0001  0.9999  1.0000  1.0000  0.9999  1.0001  0.9996  1.0062  0.9940
 
      N-E      0.0060 -0.0062  0.0004 -0.0001  0.0001 -0.0000 -0.0000  0.0001 -0.0001  0.0004 -0.0062  0.0060
 
      Total electronic charge=   12.000000
 
      Total            charge=   -0.000000
--
 
 

      Expectation values of various properties for root number:  1
      -----------------------------------------------------------
 
 
++    Molecular properties:
      ---------------------
 
      Charge (e):
                      =   -0.0000
      Dipole Moment (Debye):
      Origin of the operator (Ang)=    0.0000    0.0000    0.0000
                   X= -3.1834E-08               Y=  1.2229E-07               Z= -6.4924E-06           Total=  6.4936E-06
      Quadrupole Moment (Debye*Ang):
      Origin of the operator (Ang)=    0.0000    0.0000   11.9667
                  XX= -1.8455E+01              XY= -1.1509E-14              XZ= -1.2441E-07              YY= -1.8455E+01
                  YZ= -7.9130E-08              ZZ= -1.5336E+01
      In traceless form (Debye*Ang)
                  XX= -1.5593E+00              XY= -1.7264E-14              XZ= -1.8661E-07              YY= -1.5593E+00
                  YZ= -1.1870E-07              ZZ=  3.1186E+00
--
 

      LoProp population analysis for root number:  1
      -----------------------------------------------
 
 
++    LoProp analysis:
      ----------------
 
 
 
  Input file to MOLDEN was generated!
 
 
++    Static properties:
      ------------------
 
 
      LoProp Charges per center
 

                   H1       H2       H3       H4       H5       H6       H7       H8       H9       H10   
      Nuclear      1.0000   1.0000   1.0000   1.0000   1.0000   1.0000   1.0000   1.0000   1.0000   1.0000
      Electronic  -1.0000  -1.0001  -0.9998  -1.0001  -1.0000  -1.0000  -1.0000  -1.0000  -1.0001  -0.9998
 
      Total       -0.0000  -0.0001   0.0002  -0.0001   0.0000  -0.0000  -0.0000   0.0000  -0.0001   0.0002
 

                   H11      H12   
      Nuclear      1.0000   1.0000
      Electronic  -1.0001  -1.0000
 
      Total       -0.0001  -0.0000
--
 
 
      Natural Bond Order analysis for root number:  1
 
++    Natural Bond Order analysis
      ---------------------------
      Based on LoProp computed density
      -------------------------------------------------------------------------------------
      Atom A       Atom B       Bond Order
      -------------------------------------------------------------------------------------
      The remaining   12.000 electrons are to be considered as diffuse
--
 
--
 
 
  Input file to MOLDEN was generated!
 
      Average orbitals are written to the RASORB file
      Natural orbitals for root   1 are written to the RASORB.1 file
      Spin density orbitals for root   1 are written to the SPDORB.1 file
 
forrtl: warning (525): IEEE_DIVIDE_BY_ZERO is signaling
forrtl: warning (526): IEEE_INVALID is signaling
forrtl: warning (528): IEEE_UNDERFLOW is signaling
--- Stop Module: rasscf at Mon Oct 27 09:48:28 2025 /rc=_RC_ALL_IS_WELL_ ---
*** files: H12_2.18.LprOrb H12_2.18.rasscf.molden H12_2.18.LoProp.molden H12_2.18.RasOrb.1 H12_2.18.RasOrb H12_2.18.rasscf.h5 H12_2.18.SpdOrb.1 xmldump
    saved to directory /home/grierjones/DDCASPT2/hydrogen_comps/rerun/H12_chain/H12_2.18
--- Module rasscf spent 12 minutes 27 seconds ---

>>> COPY /tmp/H12_2.18/H12_2.18.rasscf.h5 /home/grierjones/DDCASPT2/hydrogen_comps/rerun/H12_chain/H12_2.18/

>>> COPY /tmp/H12_2.18/GMJ_Fock_MO.csv /home/grierjones/DDCASPT2/hydrogen_comps/rerun/H12_chain/H12_2.18/H12_2.18.GMJ_Fock_MO.csv

*** symbolic link created: INPORB -> H12_2.18.RasOrb
--- Start Module: motra at Mon Oct 27 09:48:28 2025 ---
 
()()()()()()()()()()()()()()()()()()()()()()()()()()()()()()()()()()()()()()()()()()()()()()()()()()

                                               &MOTRA

                                   only a single process is used
                       available to each process: 2.0 GB of memory, 1 thread?
()()()()()()()()()()()()()()()()()()()()()()()()()()()()()()()()()()()()()()()()()()()()()()()()()()
 
 
      *** WARNING: Default frozen orbitals is overwritten by user input.
      *** Default values:   0
 
      Header of the integral files:
      
       Integrals generated by seward 4.2.0  , Mon Oct 27 09:36:00 2025
 
 
      Header of MO coefficients source file:
      * RASSCF average (pseudo-natural) orbitals                                      
 
 
      Cartesian coordinates in Angstrom:
      -----------------------------------------------------
      No.  Label        X            Y            Z        
      -----------------------------------------------------
       1   H1         0.00000000   0.00000000   0.00000000
       2   H2         0.00000000   0.00000000   2.17575800
       3   H3         0.00000000   0.00000000   4.35151500
       4   H4         0.00000000   0.00000000   6.52727300
       5   H5         0.00000000   0.00000000   8.70303000
       6   H6         0.00000000   0.00000000  10.87878800
       7   H7         0.00000000   0.00000000  13.05454500
       8   H8         0.00000000   0.00000000  15.23030300
       9   H9         0.00000000   0.00000000  17.40606100
      10   H10        0.00000000   0.00000000  19.58181800
      11   H11        0.00000000   0.00000000  21.75757600
      12   H12        0.00000000   0.00000000  23.93333300
      -----------------------------------------------------
      Nuclear repulsion energy =    6.13839254
 
      Orbital specifications:
      -----------------------
 
      Symmetry species:              1
      Number of basis functions:    60
      Frozen orbitals:               0
      Deleted orbitals:              0
      Number of orbitals used:      60

       SYMMETRY  BASIS FUNCTIONS       ORBITALS      INTEGRALS   CPU(SEC)  I/O(SEC)
        1 1 1 1   60  60  60  60    60  60  60  60     1675365       0.00      0.00

       TOTAL CPU TIME(SEC)    1.04TOTAL I/O TIME(SEC)    2.47
 
--- Stop Module: motra at Mon Oct 27 09:48:31 2025 /rc=_RC_ALL_IS_WELL_ ---
*** files: xmldump
    saved to directory /home/grierjones/DDCASPT2/hydrogen_comps/rerun/H12_chain/H12_2.18
--- Module motra spent 2 seconds ---

>>> COPY /tmp/H12_2.18/GMJ_one_int_indx.csv /home/grierjones/DDCASPT2/hydrogen_comps/rerun/H12_chain/H12_2.18/H12_2.18.GMJ_one_int_indx.csv

>>> COPY /tmp/H12_2.18/GMJ_one_int.csv /home/grierjones/DDCASPT2/hydrogen_comps/rerun/H12_chain/H12_2.18/H12_2.18.GMJ_one_int.csv

>>> COPY /tmp/H12_2.18/GMJ_two_int_indx.csv /home/grierjones/DDCASPT2/hydrogen_comps/rerun/H12_chain/H12_2.18/H12_2.18.GMJ_two_int_indx.csv

>>> COPY /tmp/H12_2.18/GMJ_two_int.csv /home/grierjones/DDCASPT2/hydrogen_comps/rerun/H12_chain/H12_2.18/H12_2.18.GMJ_two_int.csv

*** symbolic link created: INPORB -> H12_2.18.RasOrb
--- Start Module: caspt2 at Mon Oct 27 09:48:31 2025 ---
 
()()()()()()()()()()()()()()()()()()()()()()()()()()()()()()()()()()()()()()()()()()()()()()()()()()

                                              &CASPT2

                                   only a single process is used
                       available to each process: 2.0 GB of memory, 1 thread?
()()()()()()()()()()()()()()()()()()()()()()()()()()()()()()()()()()()()()()()()()()()()()()()()()()
 
 Cholesky algorithm in CASPT2 =    1
 
 ###############################################################################
 ###############################################################################
 ###                                                                         ###
 ###                                                                         ###
 ###    User changed nr of frozen orbitals.                                  ###
 ###                                                                         ###
 ###                                                                         ###
 ###############################################################################
 ###############################################################################
 
++    Wave function specifications:
      -----------------------------
 
      Number of closed shell electrons           0
      Number of electrons in active shells      12
      Max number of holes in RAS1 space          0
      Max number of electrons in RAS3 space      0
      Number of inactive orbitals                0
      Number of active orbitals                 12
      Number of secondary orbitals              48
      Spin quantum number                      0.0
      State symmetry                             1
      Number of CSFs                        226512
      Number of root(s) available                1
      Root passed to geometry opt.               1
      A file JOBMIX will be created.
      This is a CASSCF or RASSCF reference function
--
 
++    Orbital specifications:
      -----------------------
 
      Symmetry species                           1
                                                 a
      Frozen orbitals                            0
      Inactive orbitals                          0
      Active orbitals                           12
      Secondary orbitals                        48
      Deleted orbitals                           0
      Number of basis functions                 60
--
 
      Type of Fock operator: STANDARD
      Type of 0-order Hamiltonian: STANDARD WITH DEFAULT IPEA
        "IP-EA" denominator shift =      0.25
      The input orbitals and the CI vector will be transformed.
 
--------------------------------------------------------------------------------
 Estimated memory requirements:
  POLY3 :                 54392696
  RHS:                     1916944
  SIGMA :                   616912
  PRPCTL:                        0
 Available workspace:    230179958
 
++ CASPT2 computation for group   1
 
********************************************************************************
 Multi-State initialization phase begins for group   1
--------------------------------------------------------------------------------
********************************************************************************
 Compute H0 matrices for state    1
--------------------------------------------------------------------------------
--------------------------------------------------------------------------------
 H0 matrices have been computed.
 
********************************************************************************
  CASPT2 EQUATION SOLUTION
--------------------------------------------------------------------------------
 
  Total nr of CASPT2 parameters:
   Before reduction:      249120
   After  reduction:      248544
 
 The contributions to the second order correlation energy in atomic units.
-----------------------------------------------------------------------------------------------------------------------------
  IT.      VJTU        VJTI        ATVX        AIVX        VJAI        BVAT        BJAT        BJAI        TOTAL       RNORM  
-----------------------------------------------------------------------------------------------------------------------------
   1     0.000000    0.000000   -0.004224    0.000000    0.000000   -0.009067    0.000000    0.000000   -0.013291    0.001664
   2     0.000000    0.000000   -0.004261    0.000000    0.000000   -0.009079    0.000000    0.000000   -0.013339    0.000333
   3     0.000000    0.000000   -0.004269    0.000000    0.000000   -0.009081    0.000000    0.000000   -0.013351    0.000098
   4     0.000000    0.000000   -0.004266    0.000000    0.000000   -0.009081    0.000000    0.000000   -0.013347    0.000020
   5     0.000000    0.000000   -0.004266    0.000000    0.000000   -0.009082    0.000000    0.000000   -0.013347    0.000005
-------------------------------------------------------------------------------------------------------------------
 
  FINAL CASPT2 RESULT:
 
  Correlation energy /Case, /Symm, and sums:
 VJTU      0.00000000  0.00000000
 VJTIP     0.00000000  0.00000000
 VJTIM     0.00000000  0.00000000
 ATVX     -0.00426563 -0.00426563
 AIVX      0.00000000  0.00000000
 VJAIP     0.00000000  0.00000000
 VJAIM     0.00000000  0.00000000
 BVATP    -0.00845833 -0.00845833
 BVATM    -0.00062321 -0.00062321
 BJATP     0.00000000  0.00000000
 BJATM     0.00000000  0.00000000
 BJAIP     0.00000000  0.00000000
 BJAIM     0.00000000  0.00000000
 Summed:  -0.01334717 -0.01334717
 
      Reference energy:          -6.0462587113
      E2 (Non-variational):      -0.0133471709
      E2 (Variational):          -0.0133471710
      Total energy:              -6.0596058823
      Residual norm:              0.0000007698
      Reference weight:           0.99146
 
      Contributions to the CASPT2 correlation energy
      Active & Virtual Only:         -0.0133471709
      One Inactive Excited:           0.0000000000
      Two Inactive Excited:           0.0000000000
 
 
++ Denominators, etc.
----------------------------------------------------------------------------------------------------
 Report on small energy denominators, large coefficients, and large energy contributions.
CASE  SYMM ACTIVE-MIX  NON-ACTIVE INDICES          DENOMINATOR     RHS VALUE       COEFFICIENT     CONTRIBUTION
ATVX     1  Mu1.0001  Se1.013                       0.21807910      0.00000006     -0.00000030     -0.00000000
ATVX     1  Mu1.0002  Se1.013                       0.24010335      0.00004516     -0.00035708     -0.00000002
ATVX     1  Mu1.0003  Se1.013                       0.26720721     -0.00000005      0.00000021     -0.00000000
ATVX     1  Mu1.0004  Se1.013                       0.29141954     -0.00004117      0.00057917     -0.00000002
ATVX     1  Mu1.0001  Se1.014                       0.22779201      0.00002592     -0.00026732     -0.00000001
ATVX     1  Mu1.0002  Se1.014                       0.24981625      0.00000002     -0.00000007     -0.00000000
ATVX     1  Mu1.0003  Se1.014                       0.27692011     -0.00006166      0.00075813     -0.00000005
ATVX     1  Mu1.0001  Se1.015                       0.24549533     -0.00000004      0.00000020     -0.00000000
ATVX     1  Mu1.0002  Se1.015                       0.26751957     -0.00000342      0.00047696     -0.00000000
ATVX     1  Mu1.0003  Se1.015                       0.29462344     -0.00000003      0.00000013     -0.00000000
ATVX     1  Mu1.0001  Se1.016                       0.27308666      0.00007620     -0.00001160     -0.00000000
ATVX     1  Mu1.0002  Se1.016                       0.29511090      0.00000011     -0.00000039     -0.00000000
--
 
   (Skipping property calculation,
    use PROP keyword to activate)
--
 
  Total CASPT2 energies:
::    CASPT2 Root  1     Total energy:     -6.05960588
 
  A NEW JOBIPH FILE NAMED 'JOBMIX' IS PREPARED.
********************************************************************************
forrtl: warning (528): IEEE_UNDERFLOW is signaling
--- Stop Module: caspt2 at Mon Oct 27 09:50:08 2025 /rc=_RC_ALL_IS_WELL_ ---
*** files: xmldump
    saved to directory /home/grierjones/DDCASPT2/hydrogen_comps/rerun/H12_chain/H12_2.18
--- Module caspt2 spent 1 minute 37 seconds ---

>>> EXPORT i = B

>>> EXPORT j = P

>>> IF (-FILE GMJ_e2_${i}_${j}_1_.csv)
(Skipped)

>>> END FOREACH

>>> EXPORT j = M

>>> IF (-FILE GMJ_e2_${i}_${j}_1_.csv)
(Skipped)

>>> END FOREACH

>>> END FOREACH

>>> EXPORT i = E

>>> EXPORT j = P

>>> IF (-FILE GMJ_e2_${i}_${j}_1_.csv)
(Skipped)

>>> END FOREACH

>>> EXPORT j = M

>>> IF (-FILE GMJ_e2_${i}_${j}_1_.csv)
(Skipped)

>>> END FOREACH

>>> END FOREACH

>>> EXPORT i = F

>>> EXPORT j = P

>>> IF (-FILE GMJ_e2_${i}_${j}_1_.csv)

>>> COPY /tmp/H12_2.18/GMJ_RHS_F_P_1_.csv /home/grierjones/DDCASPT2/hydrogen_comps/rerun/H12_chain/H12_2.18/GMJ_RHS_F_P_1_.csv

>>> COPY /tmp/H12_2.18/GMJ_IVECW_F_P_1_.csv /home/grierjones/DDCASPT2/hydrogen_comps/rerun/H12_chain/H12_2.18/GMJ_IVECW_F_P_1_.csv

>>> COPY /tmp/H12_2.18/GMJ_IVECX_F_P_1_.csv /home/grierjones/DDCASPT2/hydrogen_comps/rerun/H12_chain/H12_2.18/GMJ_IVECX_F_P_1_.csv

>>> COPY /tmp/H12_2.18/GMJ_IVECC2_F_P_1_.csv /home/grierjones/DDCASPT2/hydrogen_comps/rerun/H12_chain/H12_2.18/GMJ_IVECC2_F_P_1_.csv

>>> COPY /tmp/H12_2.18/GMJ_e2_F_P_1_.csv /home/grierjones/DDCASPT2/hydrogen_comps/rerun/H12_chain/H12_2.18/GMJ_e2_F_P_1_.csv

>>> END FOREACH

>>> EXPORT j = M

>>> IF (-FILE GMJ_e2_${i}_${j}_1_.csv)

>>> COPY /tmp/H12_2.18/GMJ_RHS_F_M_1_.csv /home/grierjones/DDCASPT2/hydrogen_comps/rerun/H12_chain/H12_2.18/GMJ_RHS_F_M_1_.csv

>>> COPY /tmp/H12_2.18/GMJ_IVECW_F_M_1_.csv /home/grierjones/DDCASPT2/hydrogen_comps/rerun/H12_chain/H12_2.18/GMJ_IVECW_F_M_1_.csv

>>> COPY /tmp/H12_2.18/GMJ_IVECX_F_M_1_.csv /home/grierjones/DDCASPT2/hydrogen_comps/rerun/H12_chain/H12_2.18/GMJ_IVECX_F_M_1_.csv

>>> COPY /tmp/H12_2.18/GMJ_IVECC2_F_M_1_.csv /home/grierjones/DDCASPT2/hydrogen_comps/rerun/H12_chain/H12_2.18/GMJ_IVECC2_F_M_1_.csv

>>> COPY /tmp/H12_2.18/GMJ_e2_F_M_1_.csv /home/grierjones/DDCASPT2/hydrogen_comps/rerun/H12_chain/H12_2.18/GMJ_e2_F_M_1_.csv

>>> END FOREACH

>>> END FOREACH

>>> EXPORT i = G

>>> EXPORT j = P

>>> IF (-FILE GMJ_e2_${i}_${j}_1_.csv)
(Skipped)

>>> END FOREACH

>>> EXPORT j = M

>>> IF (-FILE GMJ_e2_${i}_${j}_1_.csv)
(Skipped)

>>> END FOREACH

>>> END FOREACH

>>> EXPORT i = H

>>> EXPORT j = P

>>> IF (-FILE GMJ_e2_${i}_${j}_1_.csv)
(Skipped)

>>> END FOREACH

>>> EXPORT j = M

>>> IF (-FILE GMJ_e2_${i}_${j}_1_.csv)
(Skipped)

>>> END FOREACH

>>> END FOREACH

>>> EXPORT i = A

>>> IF (-FILE GMJ_e2_${i}_1_.csv)
(Skipped)

>>> END FOREACH

>>> EXPORT i = C

>>> IF (-FILE GMJ_e2_${i}_1_.csv)

>>> COPY /tmp/H12_2.18/GMJ_RHS_C_1_.csv /home/grierjones/DDCASPT2/hydrogen_comps/rerun/H12_chain/H12_2.18/GMJ_RHS_C_1_.csv

>>> COPY /tmp/H12_2.18/GMJ_IVECW_C_1_.csv /home/grierjones/DDCASPT2/hydrogen_comps/rerun/H12_chain/H12_2.18/GMJ_IVECW_C_1_.csv

>>> COPY /tmp/H12_2.18/GMJ_IVECX_C_1_.csv /home/grierjones/DDCASPT2/hydrogen_comps/rerun/H12_chain/H12_2.18/GMJ_IVECX_C_1_.csv

>>> COPY /tmp/H12_2.18/GMJ_IVECC2_C_1_.csv /home/grierjones/DDCASPT2/hydrogen_comps/rerun/H12_chain/H12_2.18/GMJ_IVECC2_C_1_.csv

>>> COPY /tmp/H12_2.18/GMJ_e2_C_1_.csv /home/grierjones/DDCASPT2/hydrogen_comps/rerun/H12_chain/H12_2.18/GMJ_e2_C_1_.csv

>>> END FOREACH

>>> EXPORT i = D

>>> IF (-FILE GMJ_e2_${i}_1_.csv)
(Skipped)

>>> END FOREACH

.########################.
.# Non-zero return code #.
.########################.

    Timing: Wall=848.37 User=843.18 System=5.01
****************************************
*** WorkDir at /tmp/H12_2.18 cleaned ***
****************************************
