   This run of MOLCAS is using the pymolcas driver

                             OPE
                             OPE          NMOL  CASOP  ENMOLC A   SO
                 OPE        NMOLC        AS  OP EN  MO LC     AS  OP
                OPENM       OL CA        SO  PE NM  OL CA     SOP EN
                OP EN      MO   LC       AS  OP ENMOL  CASO   PENMOL
                OP  EN     MO   LC       AS  OP EN     MO     LC ASO
               OP   E  NMOL  C  AS       OP  EN MO     LC     AS  OP
               OP  E   NMO   LC AS        OPEN  MO     LCASOP EN   M
               O  PEN   MO  LCA  SO
            OPE   NMO   L   CAS    OP
        OPENMOL  CASOP     ENMOL   CASOPE
     OPENMOLCA   SOPENMOLCASOPEN   MOLCASOPE
    OPENMOLCAS   OP           EN   MOL    CAS
    OPENMOLCAS       OP  ENM        O     LCA
    OPENMOLCAS    OPEN  MOLCASO     P  E  NMO
    OPENMOLCAS     OP               E  N  MOL
    OPENMOLCA   SO           PENM   O  L  CAS    OPEN    MO    LCAS
    OPENMOLCA   SOP           ENM   O  L  CAS   OP  EN  MOLC  AS   O
    OPENMOLCA   SOPE           NM      O  LCA   S      OP  EN MO
    OPENMOLC                AS         O  PEN   M      OL  CA  SOPE
    OPENMO        LCASOPE  NMOL        C  ASO   P      ENMOLC     AS
    OPE     NMO      LCA  SO     P     E   NM   OL  CA SO  PE N   MO
          OPENMOLCA            SOPE   NMO        LCAS  O    P  ENMO
     OPENMOLCASOPENMOLCASOPENMOLCASOPENMOLCA
        OPENMOLCASOPENMOLCASOPENMOLCASOPE
            OPENMOLCASOPENMOLCASOPENM
               OPENMOLCASOPENMOLCA        version: f37762c57
                   OPENMOLCASO
                       OPE                tag:

 OpenMolcas is free software; you can redistribute it and/or modify it
 under the terms of the GNU Lesser General Public License version 2.1.
 OpenMolcas is distributed in the hope that it will be useful, but it
 is provided "as is" and without any express or implied warranties.
 For more details see the full text of the license in the file
 LICENSE or in <http://www.gnu.org/licenses/>.

                 Copyright (C) The OpenMolcas Authors
           For the author list and the recommended citation,
                   consult the file CONTRIBUTORS.md

           *************************************************
           * pymolcas version py2.28                       *
           *   build c4a6d18ded8cb6cad61d2372a9abd97c      *
           *   (after the EMIL interpreter by V. Veryazov) *
           *************************************************

configuration info
------------------
C Compiler ID: Intel
C flags: -std=gnu99 -gcc-sys
Fortran Compiler ID: IntelLLVM
Fortran flags: -standard-semantics -fltconsistency -fpp -i8 -heap-arrays
Definitions: _MOLCAS_;_I8_;_LINUX_
Parallel: OFF (GA=OFF)


   ----------------------------------------------------------------------------------------
  |
  |              Project: H12_1.93
  |       Submitted from: ${LOCALHOME}/DDCASPT2/hydrogen_comps/rerun/H12_chain/H12_1.93
  |         Scratch area: /tmp/H12_1.93
  |      Save outputs to: ${LOCALHOME}/DDCASPT2/hydrogen_comps/rerun/H12_chain/H12_1.93
  |               Molcas: ${LOCALHOME}/Test/build
  |
  | Scratch area is empty
  |
  |       MOLCAS_DRIVER = /usr/local/pymolcas
  | MOLCAS_KEEP_WORKDIR = NO
  |  MOLCAS_NEW_WORKDIR = YES
  |       MOLCAS_NPROCS = 1
  |        MOLCAS_PRINT = NORMAL
  |       MOLCAS_SOURCE = ${LOCALHOME}/Test
  |    MOLCAS_STRUCTURE = 0
  |
   ----------------------------------------------------------------------------------------

++ ---------   Input file   ---------

&GATEWAY
coord=H12_1.93.xyz
Basis = ANO-RCC-VDZP
Group = nosymm
End of Input

&SEWARD
End of Input

&SCF

>>> COPY $WorkDir/H12_1.93.scf.h5 $CurrDir/

&RASSCF
Title= RASSCF
FileOrb
${LOCALHOME}/DDCASPT2/hydrogen_comps/rerun/H12_chain/H12_0.60/H12_0.60.RasOrb
NACTEL
12 0 0
Inactive
0
RAS2
12
Symmetry
1
Spin
1
orblisting
all

>>> COPY $WorkDir/H12_1.93.rasscf.h5 $CurrDir/

>>> COPY $WorkDir/DDCASPT2_Fock_MO.csv $CurrDir/H12_1.93.DDCASPT2_Fock_MO.csv

&MOTRA
Frozen=0
LUMORB

>>> COPY $WorkDir/DDCASPT2_one_int_indx.csv $CurrDir/H12_1.93.DDCASPT2_one_int_indx.csv

>>> COPY $WorkDir/DDCASPT2_one_int.csv $CurrDir/H12_1.93.DDCASPT2_one_int.csv

>>> COPY $WorkDir/DDCASPT2_two_int_indx.csv $CurrDir/H12_1.93.DDCASPT2_two_int_indx.csv

>>> COPY $WorkDir/DDCASPT2_two_int.csv $CurrDir/H12_1.93.DDCASPT2_two_int.csv

&CASPT2
Frozen
0

MAXITER
50

>>> FOREACH i IN (B,E,F,G,H)

  >>> FOREACH j IN (P,M)

    >>> IF (-FILE DDCASPT2_e2_${i}_${j}_1_.csv)

      >>> COPY $WorkDir/DDCASPT2_RHS_${i}_${j}_1_.csv $CurrDir/DDCASPT2_RHS_${i}_${j}_1_.csv

      >>> COPY $WorkDir/DDCASPT2_IVECW_${i}_${j}_1_.csv $CurrDir/DDCASPT2_IVECW_${i}_${j}_1_.csv

      >>> COPY $WorkDir/DDCASPT2_IVECX_${i}_${j}_1_.csv $CurrDir/DDCASPT2_IVECX_${i}_${j}_1_.csv

      >>> COPY $WorkDir/DDCASPT2_IVECC2_${i}_${j}_1_.csv $CurrDir/DDCASPT2_IVECC2_${i}_${j}_1_.csv

      >>> COPY $WorkDir/DDCASPT2_e2_${i}_${j}_1_.csv $CurrDir/DDCASPT2_e2_${i}_${j}_1_.csv

    >>> END IF

  >>> END FOREACH

>>> END FOREACH

>>> FOREACH i IN (A,C,D)

  >>> IF (-FILE DDCASPT2_e2_${i}_1_.csv)

    >>> COPY $WorkDir/DDCASPT2_RHS_${i}_1_.csv $CurrDir/DDCASPT2_RHS_${i}_1_.csv

    >>> COPY $WorkDir/DDCASPT2_IVECW_${i}_1_.csv $CurrDir/DDCASPT2_IVECW_${i}_1_.csv

    >>> COPY $WorkDir/DDCASPT2_IVECX_${i}_1_.csv $CurrDir/DDCASPT2_IVECX_${i}_1_.csv

    >>> COPY $WorkDir/DDCASPT2_IVECC2_${i}_1_.csv $CurrDir/DDCASPT2_IVECC2_${i}_1_.csv

    >>> COPY $WorkDir/DDCASPT2_e2_${i}_1_.csv $CurrDir/DDCASPT2_e2_${i}_1_.csv

  >>> END IF

>>> END FOREACH

-- ----------------------------------

--- Start Module: gateway at Mon Oct 27 06:13:27 2025 ---
 
()()()()()()()()()()()()()()()()()()()()()()()()()()()()()()()()()()()()()()()()()()()()()()()()()()

                                              &GATEWAY

                                   only a single process is used
                       available to each process: 2.0 GB of memory, 1 thread?
()()()()()()()()()()()()()()()()()()()()()()()()()()()()()()()()()()()()()()()()()()()()()()()()()()
 
 
++    Symmetry information:
      ---------------------
 
                    Character Table for C1 
 
                             E  
                    a        1  x, y, xy, Rz, z, xz, Ry, yz, Rx, I
--
 
 
++    Basis set information:
      ----------------------
 
 
      Basis set label: H.ANO-RCC...2S1P.
 
      Electronic valence basis set:
      ------------------
      Associated Effective Charge   1.000000 au
      Associated Actual Charge      1.000000 au
      Nuclear Model: Point charge
 
      Shell  nPrim  nBasis  Cartesian Spherical Contaminant
         s       8       2        X                  
         p       4       1        X                  
--
 
 
++    Molecular structure info:
      -------------------------
 
                    ************************************************ 
                    **** Cartesian Coordinates / Bohr, Angstrom **** 
                    ************************************************ 
 
     Center  Label                x              y              z                     x              y              z
        1      H1               0.000000       0.000000       0.000000              0.000000       0.000000       0.000000
        2      H2               0.000000       0.000000       3.653470              0.000000       0.000000       1.933333
        3      H3               0.000000       0.000000       7.306942              0.000000       0.000000       3.866667
        4      H4               0.000000       0.000000      10.960412              0.000000       0.000000       5.800000
        5      H5               0.000000       0.000000      14.613881              0.000000       0.000000       7.733333
        6      H6               0.000000       0.000000      18.267353              0.000000       0.000000       9.666667
        7      H7               0.000000       0.000000      21.920823              0.000000       0.000000      11.600000
        8      H8               0.000000       0.000000      25.574293              0.000000       0.000000      13.533333
        9      H9               0.000000       0.000000      29.227765              0.000000       0.000000      15.466667
       10      H10              0.000000       0.000000      32.881235              0.000000       0.000000      17.400000
       11      H11              0.000000       0.000000      36.534704              0.000000       0.000000      19.333333
       12      H12              0.000000       0.000000      40.188176              0.000000       0.000000      21.266667
 
                    *************************************** 
                    *    InterNuclear Distances / Bohr    * 
                    *************************************** 
 
               1 H1            2 H2            3 H3            4 H4            5 H5            6 H6    
    1 H1       0.000000
    2 H2       3.653470        0.000000
    3 H3       7.306942        3.653472        0.000000
    4 H4      10.960412        7.306942        3.653470        0.000000
    5 H5      14.613881       10.960412        7.306940        3.653470        0.000000
    6 H6      18.267353       14.613883       10.960412        7.306942        3.653472        0.000000
    7 H7      21.920823       18.267353       14.613881       10.960412        7.306942        3.653470
    8 H8      25.574293       21.920823       18.267351       14.613881       10.960412        7.306940
    9 H9      29.227765       25.574295       21.920823       18.267353       14.613883       10.960412
   10 H10     32.881235       29.227765       25.574293       21.920823       18.267353       14.613881
   11 H11     36.534704       32.881235       29.227763       25.574293       21.920823       18.267351
   12 H12     40.188176       36.534706       32.881235       29.227765       25.574295       21.920823
 
               7 H7            8 H8            9 H9           10 H10          11 H11          12 H12   
    7 H7       0.000000
    8 H8       3.653470        0.000000
    9 H9       7.306942        3.653472        0.000000
   10 H10     10.960412        7.306942        3.653470        0.000000
   11 H11     14.613881       10.960412        7.306940        3.653470        0.000000
   12 H12     18.267353       14.613883       10.960412        7.306942        3.653472        0.000000
 
                    ******************************************* 
                    *    InterNuclear Distances / Angstrom    * 
                    ******************************************* 
 
               1 H1            2 H2            3 H3            4 H4            5 H5            6 H6    
    1 H1       0.000000
    2 H2       1.933333        0.000000
    3 H3       3.866667        1.933334        0.000000
    4 H4       5.800000        3.866667        1.933333        0.000000
    5 H5       7.733333        5.800000        3.866666        1.933333        0.000000
    6 H6       9.666667        7.733334        5.800000        3.866667        1.933334        0.000000
    7 H7      11.600000        9.666667        7.733333        5.800000        3.866667        1.933333
    8 H8      13.533333       11.600000        9.666666        7.733333        5.800000        3.866666
    9 H9      15.466667       13.533334       11.600000        9.666667        7.733334        5.800000
   10 H10     17.400000       15.466667       13.533333       11.600000        9.666667        7.733333
   11 H11     19.333333       17.400000       15.466666       13.533333       11.600000        9.666666
   12 H12     21.266667       19.333334       17.400000       15.466667       13.533334       11.600000
 
               7 H7            8 H8            9 H9           10 H10          11 H11          12 H12   
    7 H7       0.000000
    8 H8       1.933333        0.000000
    9 H9       3.866667        1.933334        0.000000
   10 H10      5.800000        3.866667        1.933333        0.000000
   11 H11      7.733333        5.800000        3.866666        1.933333        0.000000
   12 H12      9.666667        7.733334        5.800000        3.866667        1.933334        0.000000
--
 
 
            Nuclear Potential Energy              6.90809679 au
 
--- Stop Module: gateway at Mon Oct 27 06:13:27 2025 /rc=_RC_ALL_IS_WELL_ ---
*** files: xmldump
    saved to directory ${LOCALHOME}/DDCASPT2/hydrogen_comps/rerun/H12_chain/H12_1.93

--- Start Module: seward at Mon Oct 27 06:13:27 2025 ---
 
()()()()()()()()()()()()()()()()()()()()()()()()()()()()()()()()()()()()()()()()()()()()()()()()()()

                                              &SEWARD

                                   only a single process is used
                       available to each process: 2.0 GB of memory, 1 thread?
()()()()()()()()()()()()()()()()()()()()()()()()()()()()()()()()()()()()()()()()()()()()()()()()()()
 
               SEWARD will generate:
                  Multipole Moment integrals up to order  2
                  Kinetic Energy integrals
                  Nuclear Attraction integrals (point charge)
                  One-Electron Hamiltonian integrals
                  Velocity integrals
                  Relativistic Douglas-Kroll-Hess integrals:
                    - Parametrization         : EXP
                    - DKH order of Hamiltonian: 2
                    - DKH order of Properties : 0
                         - multipole moment operators
                         - electric potential operators
                         - contact operators
                  Atomic mean-field integrals
                  Two-Electron Repulsion integrals
 
                   Integrals are discarded if absolute value <: 0.10E-13
                   Integral cutoff threshold is set to       <: 0.10E-15
 
            Nuclear Potential Energy              6.90809679 au
 
 
      Basis set specifications :
      Symmetry species         a  
      Basis functions           60
 
 
  Input file to MOLDEN was generated!
 
forrtl: warning (525): IEEE_DIVIDE_BY_ZERO is signaling
forrtl: warning (526): IEEE_INVALID is signaling
forrtl: warning (528): IEEE_UNDERFLOW is signaling
--- Stop Module: seward at Mon Oct 27 06:13:29 2025 /rc=_RC_ALL_IS_WELL_ ---
*** files: H12_1.93.GssOrb H12_1.93.guessorb.h5 H12_1.93.guessorb.molden xmldump
    saved to directory ${LOCALHOME}/DDCASPT2/hydrogen_comps/rerun/H12_chain/H12_1.93
--- Module seward spent 1 second ---

*** symbolic link created: INPORB -> H12_1.93.GssOrb
--- Start Module: scf at Mon Oct 27 06:13:29 2025 ---
 
()()()()()()()()()()()()()()()()()()()()()()()()()()()()()()()()()()()()()()()()()()()()()()()()()()

                                                &SCF

                                   only a single process is used
                       available to each process: 2.0 GB of memory, 1 thread?
()()()()()()()()()()()()()()()()()()()()()()()()()()()()()()()()()()()()()()()()()()()()()()()()()()
 
++    Input section:
      --------------
 
      Header of the integral files:
      
       Integrals generated by seward 4.2.0  , Mon Oct 27 06:13:28 2025
 
 
      Cartesian coordinates in Angstrom:
      -----------------------------------------------------
      No.  Label        X            Y            Z        
      -----------------------------------------------------
       1   H1         0.00000000   0.00000000   0.00000000
       2   H2         0.00000000   0.00000000   1.93333300
       3   H3         0.00000000   0.00000000   3.86666700
       4   H4         0.00000000   0.00000000   5.80000000
       5   H5         0.00000000   0.00000000   7.73333300
       6   H6         0.00000000   0.00000000   9.66666700
       7   H7         0.00000000   0.00000000  11.60000000
       8   H8         0.00000000   0.00000000  13.53333300
       9   H9         0.00000000   0.00000000  15.46666700
      10   H10        0.00000000   0.00000000  17.40000000
      11   H11        0.00000000   0.00000000  19.33333300
      12   H12        0.00000000   0.00000000  21.26666700
      -----------------------------------------------------
      Nuclear repulsion energy =    6.90809679
--
 
++    Orbital specifications:
      -----------------------
 
      Symmetry species               1
                                     a
      Frozen orbitals                0
      Occupied orbitals              6
      Secondary orbitals            54
      Deleted orbitals               0
      Total number of orbitals      60
      Number of basis functions     60
--
 
      Molecular charge                           0.000
 
++    Optimization specifications:
      ----------------------------
 
      SCF Algorithm: Conventional
      Minimized density differences are used
      Number of density matrices in core                5
      Maximum number of NDDO SCF iterations           400
      Maximum number of HF SCF iterations             400
      Threshold for SCF energy change            0.10E-08
      Threshold for density matrix               0.10E-03
      Threshold for Fock matrix                  0.15E-03
      Threshold for linear dependence            0.10E-08
      Threshold at which DIIS is turned on       0.15E+00
      Threshold at which QNR/C2DIIS is turned on 0.75E-01
      Threshold for Norm(delta) (QNR/C2DIIS)     0.20E-04
      DIIS extrapolation of the SCF procedure
      All orbitals punched on: SCFORB
--
 
      Input vectors read from INPORB
      Orbital file label: *Guess orbitals
 
 
++ Convergence information
                                   SCF        iterations: Energy and convergence statistics
 
Iter     Tot. SCF        One-elec.       Two-elec.     Energy      Max Dij or  Max Fij      DNorm      TNorm      AccCon     Time
         Energy          Energy          Energy        Change      Delta Norm                                                in Sec.
   1    -5.354180105   -20.251017585     7.988740691   0.00E+00    0.31E+00*   0.99E-01*    0.49E+01   0.13E+02   None         0.
   2    -5.585299051   -20.191052717     7.697656876  -0.23E+00*   0.13E+00*   0.17E-01*    0.15E+01   0.13E+02   EDIIS        0.
   3    -5.598373575   -20.110664910     7.604194546  -0.13E-01*   0.72E-01*   0.85E-02*    0.36E+00   0.12E+02   EDIIS        0.
   4    -5.601523327   -20.105758394     7.596138277  -0.31E-02*   0.21E-01*   0.97E-02*    0.13E+00   0.12E+02   c2DIIS       0.
   5    -5.603401903   -20.094847594     7.583348901  -0.19E-02*   0.72E-02*   0.11E-02*    0.56E-01   0.12E+02   QNRc2DIIS    0.
   6    -5.603452585   -20.097460742     7.585911367  -0.51E-04*   0.91E-02*   0.56E-03*    0.94E-02   0.12E+02   QNRc2DIIS    0.
   7    -5.603476348   -20.097436573     7.585863435  -0.24E-04*   0.11E-02*   0.19E-03*    0.77E-02   0.12E+02   QNRc2DIIS    0.
   8    -5.603477125   -20.096732306     7.585158391  -0.78E-06*   0.23E-03*   0.46E-04     0.13E-02   0.12E+02   QNRc2DIIS    0.
   9    -5.603477174   -20.096585212     7.585011249  -0.48E-07*   0.23E-04*   0.38E-05     0.25E-03   0.12E+02   QNRc2DIIS    0.
  10    -5.603477174   -20.096588221     7.585014258  -0.51E-09    0.15E-04    0.18E-05     0.31E-04   0.12E+02   QNRc2DIIS    0.
 
       Convergence after 10 Macro Iterations
--
 
 *****************************************************************************************************************************
 *                                                                                                                           *
 *                                             SCF/KS-DFT Program, Final results                                             *
 *                                                                                                                           *
 *                                                                                                                           *
 *                                                                                                                           *
 *                                                       Final Results                                                       *
 *                                                                                                                           *
 *****************************************************************************************************************************
 
::    Total SCF energy                                 -5.6034771741
      One-electron energy                             -20.0965882214
      Two-electron energy                               7.5850142576
      Nuclear repulsion energy                          6.9080967897
      Kinetic energy (interpolated)                     4.1375077242
      Virial theorem                                    1.3543121965
      Total spin, S(S+1)                                0.0000000000
      Total spin, S                                     0.0000000000
      Max non-diagonal density matrix element           0.0000153613
      Max non-diagonal Fock matrix element              0.0000012182
 
 
      All orbitals with orbital energies smaller than  E(LUMO)+0.5 are printed
 
++    Molecular orbitals:
      -------------------
 
      Title: SCF orbitals

      Molecular orbitals for symmetry species 1: a  
 
          Orbital            1         2         3         4         5         6         7         8         9        10    
          Energy           -0.4636   -0.4514   -0.4318   -0.4049   -0.3721   -0.3394   -0.1410   -0.0979   -0.0489    0.0001
          Occ. No.          2.0000    2.0000    2.0000    2.0000    2.0000    2.0000    0.0000    0.0000    0.0000    0.0000
 
        1 H1     1s         0.0846   -0.1688    0.2453   -0.3029    0.3192   -0.2385    0.2939   -0.4399    0.4728   -0.4259
        2 H1     2s         0.0088   -0.0186    0.0297   -0.0422    0.0523   -0.0451    0.0968   -0.1613    0.1926   -0.1896
        3 H1     2px       -0.0000    0.0000   -0.0000    0.0000   -0.0000    0.0000   -0.0000   -0.0000    0.0000   -0.0000
        4 H1     2py       -0.0000    0.0000   -0.0000    0.0000   -0.0000    0.0000   -0.0000   -0.0000    0.0000   -0.0000
        5 H1     2pz        0.0051   -0.0095    0.0123   -0.0128    0.0109   -0.0065   -0.0009    0.0059   -0.0133    0.0204
        6 H2     1s         0.1290   -0.2425    0.3182   -0.3362    0.2852   -0.1653   -0.1061    0.2944   -0.4868    0.5858
        7 H2     2s         0.0104   -0.0263    0.0486   -0.0714    0.0807   -0.0584   -0.0276    0.1053   -0.1964    0.2476
        8 H2     2px       -0.0000    0.0000   -0.0000   -0.0000    0.0000   -0.0000   -0.0000    0.0000   -0.0000    0.0000
        9 H2     2py        0.0000   -0.0000    0.0000   -0.0000   -0.0000    0.0000    0.0000    0.0000   -0.0000    0.0000
       10 H2     2pz        0.0009    0.0002   -0.0041    0.0099   -0.0147    0.0129   -0.0165    0.0210   -0.0147    0.0015
       11 H3     1s         0.2115   -0.3081    0.2227    0.0191   -0.2810    0.3316   -0.3858    0.3357    0.0347   -0.4495
       12 H3     2s         0.0248   -0.0356    0.0214    0.0204   -0.0740    0.0867   -0.1329    0.1208    0.0190   -0.1881
       13 H3     2px        0.0000   -0.0000   -0.0000    0.0000   -0.0000    0.0000    0.0000   -0.0000    0.0000   -0.0000
       14 H3     2py        0.0000    0.0000   -0.0000   -0.0000    0.0000   -0.0000   -0.0000   -0.0000   -0.0000    0.0000
       15 H3     2pz        0.0053   -0.0047   -0.0024    0.0107   -0.0136    0.0088    0.0096   -0.0204    0.0234   -0.0122
       16 H4     1s         0.2431   -0.3007    0.1202    0.1703   -0.3446    0.2635    0.2433   -0.4576    0.3394    0.1444
       17 H4     2s         0.0223   -0.0389    0.0301    0.0181   -0.0768    0.0787    0.0773   -0.1725    0.1402    0.0584
       18 H4     2px       -0.0000   -0.0000    0.0000    0.0000   -0.0000    0.0000   -0.0000   -0.0000    0.0000    0.0000
       19 H4     2py       -0.0000   -0.0000   -0.0000   -0.0000    0.0000   -0.0000    0.0000   -0.0000   -0.0000    0.0000
       20 H4     2pz       -0.0009    0.0057   -0.0101    0.0057    0.0075   -0.0145    0.0191   -0.0105   -0.0138    0.0263
       21 H5     1s         0.2931   -0.1826   -0.1892    0.3052    0.0483   -0.3571    0.4001    0.0006   -0.5039    0.3002
       22 H5     2s         0.0318   -0.0139   -0.0379    0.0501    0.0258   -0.0969    0.1355    0.0074   -0.2038    0.1233
       23 H5     2px       -0.0000   -0.0000   -0.0000   -0.0000    0.0000    0.0000    0.0000   -0.0000   -0.0000   -0.0000
       24 H5     2py        0.0000   -0.0000    0.0000    0.0000   -0.0000   -0.0000   -0.0000    0.0000   -0.0000   -0.0000
       25 H5     2pz        0.0047    0.0028   -0.0102    0.0022    0.0120   -0.0127   -0.0153    0.0201    0.0005   -0.0249
       26 H6     1s         0.3048   -0.1039   -0.2751    0.2110    0.2107   -0.3332   -0.3487    0.3373    0.2711   -0.5374
       27 H6     2s         0.0307   -0.0214   -0.0339    0.0501    0.0362   -0.0942   -0.1155    0.1322    0.1055   -0.2238
       28 H6     2px        0.0000    0.0000   -0.0000    0.0000    0.0000   -0.0000    0.0000    0.0000    0.0000   -0.0000
       29 H6     2py       -0.0000   -0.0000    0.0000    0.0000   -0.0000   -0.0000   -0.0000   -0.0000   -0.0000    0.0000
       30 H6     2pz       -0.0031    0.0075   -0.0001   -0.0122    0.0032    0.0146   -0.0187   -0.0070    0.0237    0.0052
       31 H7     1s         0.3048    0.1039   -0.2751   -0.2110    0.2107    0.3332   -0.3487   -0.3373    0.2711    0.5374
       32 H7     2s         0.0307    0.0214   -0.0339   -0.0501    0.0362    0.0942   -0.1155   -0.1322    0.1055    0.2238
       33 H7     2px       -0.0000    0.0000    0.0000    0.0000   -0.0000   -0.0000   -0.0000   -0.0000   -0.0000   -0.0000
       34 H7     2py       -0.0000   -0.0000   -0.0000   -0.0000    0.0000    0.0000    0.0000    0.0000    0.0000    0.0000
       35 H7     2pz        0.0031    0.0075    0.0001   -0.0122   -0.0032    0.0146    0.0187   -0.0070   -0.0237    0.0052
       36 H8     1s         0.2931    0.1826   -0.1892   -0.3052    0.0483    0.3571    0.4001   -0.0006   -0.5039   -0.3002
       37 H8     2s         0.0318    0.0139   -0.0379   -0.0501    0.0258    0.0969    0.1355   -0.0074   -0.2038   -0.1233
       38 H8     2px        0.0000    0.0000   -0.0000    0.0000    0.0000   -0.0000    0.0000   -0.0000   -0.0000    0.0000
       39 H8     2py       -0.0000    0.0000    0.0000    0.0000    0.0000    0.0000   -0.0000    0.0000   -0.0000    0.0000
       40 H8     2pz       -0.0047    0.0028    0.0102    0.0022   -0.0120   -0.0127    0.0153    0.0201   -0.0005   -0.0249
       41 H9     1s         0.2431    0.3007    0.1202   -0.1703   -0.3446   -0.2635    0.2433    0.4576    0.3394   -0.1444
       42 H9     2s         0.0223    0.0389    0.0301   -0.0181   -0.0768   -0.0787    0.0773    0.1725    0.1402   -0.0584
       43 H9     2px       -0.0000    0.0000    0.0000   -0.0000   -0.0000   -0.0000    0.0000   -0.0000    0.0000    0.0000
       44 H9     2py        0.0000   -0.0000    0.0000   -0.0000    0.0000    0.0000   -0.0000    0.0000    0.0000   -0.0000
       45 H9     2pz        0.0009    0.0057    0.0101    0.0057   -0.0075   -0.0145   -0.0191   -0.0105    0.0138    0.0263
       46 H10    1s         0.2115    0.3081    0.2227   -0.0191   -0.2810   -0.3316   -0.3858   -0.3357    0.0347    0.4495
       47 H10    2s         0.0248    0.0356    0.0214   -0.0204   -0.0740   -0.0867   -0.1329   -0.1208    0.0190    0.1881
       48 H10    2px       -0.0000    0.0000    0.0000    0.0000    0.0000   -0.0000   -0.0000   -0.0000   -0.0000    0.0000
       49 H10    2py        0.0000   -0.0000    0.0000   -0.0000   -0.0000   -0.0000    0.0000    0.0000   -0.0000   -0.0000
       50 H10    2pz       -0.0053   -0.0047    0.0024    0.0107    0.0136    0.0088   -0.0096   -0.0204   -0.0234   -0.0122
       51 H11    1s         0.1290    0.2425    0.3182    0.3362    0.2852    0.1653   -0.1061   -0.2944   -0.4868   -0.5858
       52 H11    2s         0.0104    0.0263    0.0486    0.0714    0.0807    0.0584   -0.0276   -0.1053   -0.1964   -0.2476
       53 H11    2px       -0.0000   -0.0000   -0.0000   -0.0000   -0.0000    0.0000    0.0000   -0.0000   -0.0000    0.0000
       54 H11    2py       -0.0000   -0.0000   -0.0000    0.0000    0.0000   -0.0000    0.0000   -0.0000   -0.0000    0.0000
       55 H11    2pz       -0.0009    0.0002    0.0041    0.0099    0.0147    0.0129    0.0165    0.0210    0.0147    0.0015
       56 H12    1s         0.0846    0.1688    0.2453    0.3029    0.3192    0.2385    0.2939    0.4399    0.4728    0.4259
       57 H12    2s         0.0088    0.0186    0.0297    0.0422    0.0523    0.0451    0.0968    0.1613    0.1926    0.1896
       58 H12    2px        0.0000   -0.0000   -0.0000   -0.0000    0.0000    0.0000    0.0000    0.0000   -0.0000    0.0000
       59 H12    2py       -0.0000    0.0000    0.0000   -0.0000    0.0000   -0.0000    0.0000    0.0000    0.0000    0.0000
       60 H12    2pz       -0.0051   -0.0095   -0.0123   -0.0128   -0.0109   -0.0065    0.0009    0.0059    0.0133    0.0204
 
          Orbital           11        12        13        14        15    
          Energy            0.0446    0.0771    0.3065    0.3190    0.3422
          Occ. No.          0.0000    0.0000    0.0000    0.0000    0.0000
 
        1 H1     1s         0.3205   -0.1727   -0.0869    0.1389   -0.1381
        2 H1     2s         0.1527   -0.0862    0.1705   -0.3089    0.4053
        3 H1     2px        0.0000   -0.0000   -0.0000   -0.0000    0.0000
        4 H1     2py        0.0000   -0.0000   -0.0000    0.0000   -0.0000
        5 H1     2pz       -0.0227    0.0158   -0.0226    0.0368   -0.0402
        6 H2     1s        -0.5321    0.3190   -0.1148    0.1626   -0.1296
        7 H2     2s        -0.2260    0.1333    0.1382   -0.2158    0.1999
        8 H2     2px        0.0000   -0.0000   -0.0000    0.0000   -0.0000
        9 H2     2py        0.0000   -0.0000   -0.0000   -0.0000    0.0000
       10 H2     2pz        0.0108   -0.0122    0.0033   -0.0128    0.0297
       11 H3     1s         0.6357   -0.4560   -0.1414    0.1763   -0.0888
       12 H3     2s         0.2653   -0.1885    0.1808   -0.2364    0.1233
       13 H3     2px        0.0000   -0.0000   -0.0000    0.0000    0.0000
       14 H3     2py        0.0000   -0.0000   -0.0000    0.0000    0.0000
       15 H3     2pz       -0.0070    0.0145   -0.0089    0.0027    0.0139
       16 H4     1s        -0.5983    0.5565   -0.1536    0.1276    0.0349
       17 H4     2s        -0.2499    0.2289    0.1998   -0.1956   -0.0321
       18 H4     2px       -0.0000   -0.0000   -0.0000    0.0000    0.0000
       19 H4     2py       -0.0000    0.0000   -0.0000    0.0000    0.0000
       20 H4     2pz       -0.0127   -0.0049   -0.0001   -0.0123    0.0258
       21 H5     1s         0.4104   -0.6353   -0.1664    0.0996    0.0953
       22 H5     2s         0.1707   -0.2616    0.2160   -0.1287   -0.1771
       23 H5     2px        0.0000    0.0000    0.0000   -0.0000   -0.0000
       24 H5     2py       -0.0000   -0.0000   -0.0000   -0.0000   -0.0000
       25 H5     2pz        0.0154    0.0094   -0.0047   -0.0110    0.0171
       26 H6     1s        -0.1625    0.6712   -0.1723    0.0234    0.1580
       27 H6     2s        -0.0681    0.2762    0.2231   -0.0461   -0.2614
       28 H6     2px        0.0000    0.0000    0.0000    0.0000    0.0000
       29 H6     2py       -0.0000   -0.0000   -0.0000   -0.0000   -0.0000
       30 H6     2pz       -0.0244    0.0025    0.0018   -0.0154    0.0066
       31 H7     1s        -0.1625   -0.6712   -0.1723   -0.0234    0.1580
       32 H7     2s        -0.0681   -0.2762    0.2231    0.0461   -0.2614
       33 H7     2px       -0.0000    0.0000   -0.0000    0.0000   -0.0000
       34 H7     2py       -0.0000    0.0000    0.0000    0.0000   -0.0000
       35 H7     2pz        0.0244    0.0025   -0.0018   -0.0154   -0.0066
       36 H8     1s         0.4104    0.6353   -0.1664   -0.0996    0.0953
       37 H8     2s         0.1707    0.2616    0.2160    0.1287   -0.1771
       38 H8     2px        0.0000   -0.0000   -0.0000   -0.0000    0.0000
       39 H8     2py        0.0000   -0.0000    0.0000    0.0000   -0.0000
       40 H8     2pz       -0.0154    0.0094    0.0047   -0.0110   -0.0171
       41 H9     1s        -0.5983   -0.5565   -0.1536   -0.1276    0.0349
       42 H9     2s        -0.2499   -0.2289    0.1998    0.1956   -0.0321
       43 H9     2px       -0.0000   -0.0000   -0.0000   -0.0000   -0.0000
       44 H9     2py       -0.0000    0.0000   -0.0000   -0.0000    0.0000
       45 H9     2pz        0.0127   -0.0049    0.0001   -0.0123   -0.0258
       46 H10    1s         0.6357    0.4560   -0.1414   -0.1763   -0.0888
       47 H10    2s         0.2653    0.1885    0.1808    0.2364    0.1233
       48 H10    2px       -0.0000   -0.0000    0.0000   -0.0000    0.0000
       49 H10    2py        0.0000    0.0000   -0.0000    0.0000   -0.0000
       50 H10    2pz        0.0070    0.0145    0.0089    0.0027   -0.0139
       51 H11    1s        -0.5321   -0.3190   -0.1148   -0.1626   -0.1296
       52 H11    2s        -0.2260   -0.1333    0.1382    0.2158    0.1999
       53 H11    2px        0.0000   -0.0000    0.0000   -0.0000   -0.0000
       54 H11    2py       -0.0000    0.0000    0.0000   -0.0000    0.0000
       55 H11    2pz       -0.0108   -0.0122   -0.0033   -0.0128   -0.0297
       56 H12    1s         0.3205    0.1727   -0.0869   -0.1389   -0.1381
       57 H12    2s         0.1527    0.0862    0.1705    0.3089    0.4053
       58 H12    2px       -0.0000   -0.0000   -0.0000   -0.0000   -0.0000
       59 H12    2py       -0.0000   -0.0000    0.0000    0.0000    0.0000
       60 H12    2pz        0.0227    0.0158    0.0226    0.0368    0.0402
--
 
 
++    Molecular charges:
      ------------------
 
      Mulliken charges per centre and basis function type
      ---------------------------------------------------
 
                H1      H2      H3      H4      H5      H6      H7      H8      H9      H10     H11     H12   
      1s       0.8831  0.9787  0.9382  0.9501  0.9421  0.9456  0.9456  0.9421  0.9501  0.9382  0.9787  0.8831
      2s       0.0515  0.0612  0.0423  0.0469  0.0454  0.0461  0.0461  0.0454  0.0469  0.0423  0.0612  0.0515
      2px      0.0000  0.0000  0.0000  0.0000  0.0000  0.0000  0.0000  0.0000  0.0000  0.0000  0.0000  0.0000
      2pz      0.0095  0.0122  0.0117  0.0117  0.0119  0.0118  0.0118  0.0119  0.0117  0.0117  0.0122  0.0095
      2py      0.0000  0.0000  0.0000  0.0000  0.0000  0.0000  0.0000  0.0000  0.0000  0.0000  0.0000  0.0000
      Total    0.9440  1.0521  0.9923  1.0087  0.9994  1.0034  1.0034  0.9994  1.0087  0.9923  1.0521  0.9440
 
      N-E      0.0560 -0.0521  0.0077 -0.0087  0.0006 -0.0034 -0.0034  0.0006 -0.0087  0.0077 -0.0521  0.0560
 
      Total electronic charge=   12.000000
 
      Total            charge=   -0.000000
--
 
 
  Input file to MOLDEN was generated!
 
 
++    Static properties:
      ------------------
 
 
      LoProp Charges per center
 

                   H1       H2       H3       H4       H5       H6       H7       H8       H9       H10   
      Nuclear      1.0000   1.0000   1.0000   1.0000   1.0000   1.0000   1.0000   1.0000   1.0000   1.0000
      Electronic  -0.9716  -1.0220  -0.9951  -1.0083  -0.9997  -1.0033  -1.0033  -0.9997  -1.0083  -0.9951
 
      Total        0.0284  -0.0220   0.0049  -0.0083   0.0003  -0.0033  -0.0033   0.0003  -0.0083   0.0049
 

                   H11      H12   
      Nuclear      1.0000   1.0000
      Electronic  -1.0220  -0.9716
 
      Total       -0.0220   0.0284
--
 
 
++    Natural Bond Order analysis
      ---------------------------
      Based on LoProp computed density
      -------------------------------------------------------------------------------------
      Atom A       Atom B       Bond Order
      -------------------------------------------------------------------------------------
      NBO located      0.947 non-bonded electrons on atom H1        
      NBO located      1.006 non-bonded electrons on atom H3        
      NBO located      1.019 non-bonded electrons on atom H4        
      NBO located      1.010 non-bonded electrons on atom H5        
      NBO located      1.014 non-bonded electrons on atom H6        
      NBO located      1.014 non-bonded electrons on atom H7        
      NBO located      1.010 non-bonded electrons on atom H8        
      NBO located      1.019 non-bonded electrons on atom H9        
      NBO located      1.006 non-bonded electrons on atom H10       
      NBO located      0.947 non-bonded electrons on atom H12       
      The remaining    2.006 electrons are to be considered as diffuse
--
 
 
++    Molecular properties:
      ---------------------
 
      Charge (e):
                      =   -0.0000
      Dipole Moment (Debye):
      Origin of the operator (Ang)=    0.0000    0.0000    0.0000
                   X=  2.0367E-13               Y=  1.3119E-13               Z= -1.0035E-08           Total=  1.0035E-08
      Quadrupole Moment (Debye*Ang):
      Origin of the operator (Ang)=    0.0000    0.0000   10.6333
                  XX= -2.4183E+01              XY= -1.4252E-27              XZ= -2.0734E-12              YY= -2.4183E+01
                  YZ= -1.2669E-12              ZZ=  4.9167E+00
      In traceless form (Debye*Ang)
                  XX= -1.4550E+01              XY= -2.1379E-27              XZ= -3.1102E-12              YY= -1.4550E+01
                  YZ= -1.9003E-12              ZZ=  2.9100E+01
--
 
 
  Input file to MOLDEN was generated!
 
 ###############################################################################
 ###############################################################################
 ###                                                                         ###
 ###                                                                         ###
 ###    RunFile label nBas                                                   ###
 ###    was used       78 times                                              ###
 ###                                                                         ###
 ###                                                                         ###
 ###############################################################################
 ###############################################################################
forrtl: warning (528): IEEE_UNDERFLOW is signaling
--- Stop Module: scf at Mon Oct 27 06:13:29 2025 /rc=_RC_ALL_IS_WELL_ ---
*** files: H12_1.93.LprOrb H12_1.93.LoProp.molden H12_1.93.scf.molden H12_1.93.ScfOrb H12_1.93.scf.h5 xmldump
    saved to directory ${LOCALHOME}/DDCASPT2/hydrogen_comps/rerun/H12_chain/H12_1.93

>>> COPY /tmp/H12_1.93/H12_1.93.scf.h5 ${LOCALHOME}/DDCASPT2/hydrogen_comps/rerun/H12_chain/H12_1.93/

*** symbolic link created: INPORB -> H12_1.93.ScfOrb
--- Start Module: rasscf at Mon Oct 27 06:13:29 2025 ---
 
()()()()()()()()()()()()()()()()()()()()()()()()()()()()()()()()()()()()()()()()()()()()()()()()()()

                                              &RASSCF

                                   only a single process is used
                       available to each process: 2.0 GB of memory, 1 thread?
()()()()()()()()()()()()()()()()()()()()()()()()()()()()()()()()()()()()()()()()()()()()()()()()()()
 
 
      Header of the ONEINT file:
      --------------------------
      
      Integrals generated by seward 4.2.0  , Mon Oct 27 06:13:28 2025
 
 
      OrdInt status: non-squared
 
 
      Cartesian coordinates in Angstrom:
      -----------------------------------------------------
      No.  Label        X            Y            Z        
      -----------------------------------------------------
       1   H1         0.00000000   0.00000000   0.00000000
       2   H2         0.00000000   0.00000000   1.93333300
       3   H3         0.00000000   0.00000000   3.86666700
       4   H4         0.00000000   0.00000000   5.80000000
       5   H5         0.00000000   0.00000000   7.73333300
       6   H6         0.00000000   0.00000000   9.66666700
       7   H7         0.00000000   0.00000000  11.60000000
       8   H8         0.00000000   0.00000000  13.53333300
       9   H9         0.00000000   0.00000000  15.46666700
      10   H10        0.00000000   0.00000000  17.40000000
      11   H11        0.00000000   0.00000000  19.33333300
      12   H12        0.00000000   0.00000000  21.26666700
      -----------------------------------------------------
      Nuclear repulsion energy =    6.90809679
 
++    Wave function specifications:
      -----------------------------
 
      Number of closed shell electrons           0
      Number of electrons in active shells      12
      Max number of holes in RAS1 space          0
      Max nr of electrons in RAS3 space          0
      Number of inactive orbitals                0
      Number of active orbitals                 12
      Number of secondary orbitals              48
      Spin quantum number                      0.0
      State symmetry                             1
--
 
++    Orbital specifications:
      -----------------------
 
      Symmetry species                           1
                                                 a
      Frozen orbitals                            0
      Inactive orbitals                          0
      Active orbitals                           12
      RAS1 orbitals                              0
      RAS2 orbitals                             12
      RAS3 orbitals                              0
      Secondary orbitals                        48
      Deleted orbitals                           0
      Number of basis functions                 60
--
 
++    CI expansion specifications:
      ----------------------------
 
      Number of CSFs                        226512
      Number of determinants                427350
      Number of root(s) required                 1
      Root chosen for geometry opt.              1
      CI root used                               1
         
      highest root included in the CI            1
      max. size of the explicit Hamiltonian    200
--
 
++    Optimization specifications:
      ----------------------------
 
      RASSCF algorithm: Conventional
      Maximum number of macro iterations       200
      Maximum number of SX iterations          100
      Threshold for RASSCF energy            0.100E-07
      Threshold for max MO rotation          0.100E+00
      Threshold for max BLB element          0.100E-03
      Level shift parameter                  0.500E+00
      Make Quasi-Newton update
--
 
      The MO-coefficients are taken from the file:
      ${LOCALHOME}/DDCASPT2/hydrogen_comps/rerun/H12_chain/H12_0.60/H12_0.60.RasOrb                                               
      Title: RASSCF average (pseudo-natural) orbitals                                      
 
      Total molecular charge    0.00
 
      ************************************************************************************************************************
      *                                                                                                                      *
      *                                            Wave function control section                                             *
      *                                                                                                                      *
      ************************************************************************************************************************
 
 
                                         RASSCF iterations: Energy and convergence statistics
                                         ----------------------------------------------------
 
      Iter CI   SX   CI       RASSCF       Energy    max ROT     max BLB   max BLB  Level Ln srch  Step   QN   Walltime
          iter iter root      energy       change     param      element    value   shift minimum  type update hh:mm:ss
        No convergence in the CI section: MAXJT will be increased to 
 24
 Nr of preliminary CI iterations:  12
        1  11  100    1    -4.10430360    0.00E+00  -0.20E+00*   4  21 1  0.32E+00*  0.40   0.00    SX    NO    0:00:46
        No convergence in the CI section: MAXJT will be increased to 
 36
        2  24  100    1    -5.15881835   -0.11E+01* -0.19E+00*   4  21 1  0.27E+00*  0.30   0.00    SX    NO    0:00:42
 ###############################################################################
 ###############################################################################
 ###                                                                         ###
 ###                                                                         ###
 ###    Large orbital rotation.                                              ###
 ###                                                                         ###
 ###                                                                         ###
 ###############################################################################
 ###############################################################################
      Molecular orbital  11 of symmetry 1 MO space 2  weight is    0.497768
 ###############################################################################
 ###############################################################################
 ###                                                                         ###
 ###                                                                         ###
 ###    Large orbital rotation.                                              ###
 ###                                                                         ###
 ###                                                                         ###
 ###############################################################################
 ###############################################################################
      Molecular orbital  20 of symmetry 1 MO space 3  weight is    0.383251
        3  13  100    1    -5.65843016   -0.50E+00* -0.56E+00*   2  14 1 -0.17E+00*  0.18   0.00    SX    NO    0:00:25
        4  12  100    1    -5.83368473   -0.18E+00*  0.13E+00*   3  20 1  0.15E+00*  0.15   0.00    SX    NO    0:00:24
        No convergence in the CI section: MAXJT will be increased to 
 72
        5  60   36    1    -5.93957293   -0.11E+00*  0.16E+00*   2  14 1 -0.36E-01*  0.14   1.08    QN   YES    0:01:38
        6  11  100    1    -5.96209023   -0.23E-01*  0.46E+00*  11  14 1 -0.24E-01*  0.10   1.08    QN   YES    0:00:22
        7  14  100    1    -6.02705364   -0.65E-01*  0.49E+00*  11  14 1 -0.22E-01*  0.00   1.08    QN   YES    0:00:27
        8  11  100    1    -6.08451314   -0.57E-01* -0.10E+00*  12  14 1  0.37E-01*  0.00   0.00    SX    NO    0:00:22
        9   6   15    1    -6.10695767   -0.22E-01*  0.13E-01    2  54 1 -0.53E-02*  0.00   1.07    QN   YES    0:00:15
       10   9   14    1    -6.10793276   -0.98E-03*  0.39E-02   12  14 1 -0.24E-02*  0.00   0.96    QN   YES    0:00:19
       11   9   13    1    -6.10805546   -0.12E-03*  0.22E-02   12  14 1 -0.62E-03*  0.00   1.05    QN   YES    0:00:19
       12  15   11    1    -6.10807118   -0.16E-04* -0.58E-03   12  14 1  0.34E-03*  0.00   0.92    QN   YES    0:00:28
       13  11   10    1    -6.10807285   -0.17E-05*  0.20E-03    9  31 1 -0.92E-04   0.00   1.05    QN   YES    0:00:22
       14  22    9    1    -6.10807327   -0.42E-06*  0.58E-04   12  14 1 -0.36E-04   0.00   1.03    QN   YES    0:00:38
       15   9    7    1    -6.10807330   -0.32E-07*  0.19E-04   12  14 1 -0.99E-05   0.00   1.04    QN   YES    0:00:15
       16   1    5    1    -6.10807331   -0.87E-09   0.26E-05    6  37 1 -0.14E-05   0.00   0.96    QN   YES    0:00:06
      Convergence after 16 iterations
 
  Dmat in MO in SXCTL bf call to SXHAM                                                                                    
  mat. size =    12x   12
 
        1.6583696858896466
        0.0019363013954907      1.6516173427392447
       -0.0627700499617669      0.0024306283055556      1.5439935698858747
       -0.0014877104697088      0.0302816236399342     -0.0018480194786939      1.4828071284629063
       -0.0020137973689036      0.0000433546106981     -0.0594302949268927      0.0000163114054090      1.4555972836745446
        0.0016400228366560      0.0539817763709914      0.0021212175665322     -0.0252035432741318      0.0000587969751964
        1.3356671354232221
        0.0115509209304206      0.0009641448889552      0.1974124455863632     -0.0002239106712084      0.0006780234425036
        0.0009486731491848      0.4144639976196471
        0.0003769800865943     -0.0494376773611478      0.0004709502310241     -0.1975615620202558      0.0000218633388647
       -0.0147207684490110      0.0001302397665799      0.3782791983164873
       -0.0463728240665563     -0.0010833042463057     -0.1098353327152388     -0.0002232070559845     -0.1096521448834707
       -0.0010102236677143      0.0096611820642138     -0.0001256707906855      0.7008570900338511
        0.0030100213827346     -0.0196217389726828      0.0039582824739062      0.2081275309963498      0.0000864216956728
       -0.1023767629271937      0.0016943522407653      0.0459001855864991     -0.0017666096651010      0.5190139357895009
       -0.1178809184073048      0.0465154487500046     -0.1410131868307942     -0.0186742533958930      0.0106206239510750
        0.0402352036968952      0.0012445946745089      0.0044169777155512     -0.0082468902998006      0.0721861910667684
        0.4269673452471662
        0.1321278817024198      0.0240464554000866      0.1504103555910756     -0.0038709955975733     -0.0225329413509401
        0.0198688446361257     -0.0255345452821868      0.0012523889747912      0.0468792536908168      0.0367639044613561
       -0.0279498943544820      0.4323662869176809
       17   1    5    1    -6.10807331   -0.30E-10   0.26E-05    6  37 1  0.66E-06   0.00   0.96    QN   YES    0:00:08
 
      ************************************************************************************************************************
                                                      Wave function printout:
                       occupation of active orbitals, and spin coupling of open shells (u,d: Spin up or down)
      ************************************************************************************************************************
 
      Note: transformation to natural orbitals
      has been made, which may change the order of the CSFs.
 
      printout of CI-coefficients larger than  0.05 for root  1
      energy=      -6.108073
      conf/sym  111111111111     Coeff  Weight
             1  222222000000  -0.44068 0.19420
            43  222220002000   0.18930 0.03584
            47  222220000200   0.05050 0.00255
            67  2222ud00ud00   0.18676 0.03488
            83  222u2du0d000  -0.13859 0.01921
            89  222u2d000200   0.05725 0.00328
           107  22u22du00d00  -0.05888 0.00347
           113  22u22d00u0d0   0.11480 0.01318
           139  2u222d00u00d  -0.10324 0.01066
           147  u2222d0ud000   0.12083 0.01460
           161  u2222d000u0d   0.05585 0.00312
           167  222202u0d000  -0.05654 0.00320
           169  222202002000   0.05349 0.00286
           173  222202000200   0.10688 0.01142
           191  222ud2u00d00  -0.12269 0.01505
           197  222ud200u0d0   0.05824 0.00339
           219  22u2d2000ud0   0.10064 0.01013
           231  2u22d20ud000  -0.05664 0.00321
           237  2u22d2u000d0   0.05417 0.00293
           245  2u22d2000u0d  -0.09814 0.00963
           255  u222d20u0d00   0.07965 0.00634
           265  u222d200u00d   0.05137 0.00264
           269  222022200000   0.07399 0.00547
           300  22ud22u000d0  -0.09698 0.00941
           308  22ud22000u0d   0.05471 0.00299
           326  2u2d22u0000d   0.07646 0.00585
           333  u22d22ud0000  -0.07000 0.00490
           367  220222000020   0.05681 0.00323
           393  2ud2220000ud  -0.07127 0.00508
           406  u2d2220u00d0   0.06578 0.00433
           453  ud22220u000d  -0.06549 0.00429
           484  2222uu00dd00  -0.05240 0.00275
           495  222u2ud0d000  -0.05012 0.00251
           541  u2222u0dd000   0.05229 0.00273
          5623  222200002200  -0.08364 0.00700
          5721  222ud0u02d00  -0.07939 0.00630
          5847  22u2d0002ud0  -0.06375 0.00406
          5982  2u22d0002u0d   0.05782 0.00334
          6037  u222d00u2d00   0.05170 0.00267
          6132  222020202000  -0.05015 0.00251
          6260  22ud20u020d0  -0.05249 0.00275
          7196  222u0du0d200  -0.06175 0.00381
          7739  22ududu0udd0  -0.05364 0.00288
 
      Natural orbitals and occupation numbers for root  1
      sym 1:   1.696809   1.672196   1.627981   1.558808   1.458519   1.327650   0.443258   0.291142   0.687257   0.550893
               0.367292   0.318195
 
      ************************************************************************************************************************
      *                                                                                                                      *
      *                                                    Final results                                                     *
      *                                                                                                                      *
      ************************************************************************************************************************
 
 
++    Wave function specifications:
      -----------------------------
 
      Number of closed shell electrons           0
      Number of electrons in active shells      12
      Max number of holes in RAS1 space          0
      Max nr of electrons in RAS3 space          0
      Number of inactive orbitals                0
      Number of active orbitals                 12
      Number of secondary orbitals              48
      Spin quantum number                      0.0
      State symmetry                             1
--
 
++    Orbital specifications:
      -----------------------
 
      Symmetry species                           1
                                                 a
      Frozen orbitals                            0
      Inactive orbitals                          0
      Active orbitals                           12
      RAS1 orbitals                              0
      RAS2 orbitals                             12
      RAS3 orbitals                              0
      Secondary orbitals                        48
      Deleted orbitals                           0
      Number of basis functions                 60
--
 
++    CI expansion specifications:
      ----------------------------
 
      Number of CSFs                        226512
      Number of determinants                427350
      Number of root(s) required                 1
      CI root used                               1
      highest root included in the CI            1
      Root passed to geometry opt.               1
--
 
++    Final optimization conditions:
      ------------------------------
 
      Average CI energy                              -6.10807331
      RASSCF energy for state  1                     -6.10807331
      Super-CI energy                                -0.00000000
      RASSCF energy change                            0.00000000
      Max change in MO coefficients              -0.354E-05
      Max non-diagonal density matrix element     0.263E-05
      Maximum BLB matrix element                  0.659E-06
      (orbital pair   6,  37 in symmetry   1)
      Norm of electronic gradient            0.215E-05
--
 
 
      Final state energy(ies):
      ------------------------
 
::    RASSCF root number  1 Total energy:     -6.10807331
 
++    Molecular orbitals:
      -------------------
 
      Pseudonatural active orbitals and approximate occupation numbers
 
 
 
 
      Molecular orbitals for symmetry species 1: a  
 
 
      Orbital                1         2         3         4         5         6         7         8         9        10
      Energy            0.0000    0.0000    0.0000    0.0000    0.0000    0.0000    0.0000    0.0000    0.0000    0.0000
      Occ. No.          1.6968    1.6722    1.6280    1.5588    1.4585    1.3277    0.4433    0.2911    0.6873    0.5509
 
    1 H1     1s         0.1002    0.1955    0.2764   -0.3264    0.3216   -0.2312    0.4373   -0.1606   -0.2667   -0.4000
    2 H1     2s         0.0053    0.0111    0.0174   -0.0233    0.0262   -0.0210    0.0478   -0.0204   -0.0276   -0.0421
    3 H1     2px        0.0000   -0.0000    0.0000    0.0000   -0.0000    0.0000    0.0000    0.0000   -0.0000    0.0000
    4 H1     2py        0.0000   -0.0000    0.0000   -0.0000    0.0000    0.0000    0.0000    0.0000   -0.0000   -0.0000
    5 H1     2pz        0.0024    0.0043    0.0052   -0.0049    0.0037   -0.0020    0.0033   -0.0020   -0.0014   -0.0024
    6 H2     1s         0.1485    0.2696    0.3370   -0.3327    0.2565   -0.1335   -0.4319    0.2735    0.0921    0.2622
    7 H2     2s         0.0061    0.0152    0.0280   -0.0406    0.0451   -0.0331   -0.0608    0.0539   -0.0033    0.0232
    8 H2     2px        0.0000    0.0000    0.0000   -0.0000    0.0000   -0.0000   -0.0000    0.0000    0.0000    0.0000
    9 H2     2py        0.0000    0.0000    0.0000   -0.0000   -0.0000   -0.0000   -0.0000   -0.0000    0.0000    0.0000
   10 H2     2pz        0.0017    0.0016   -0.0007    0.0044   -0.0071    0.0062   -0.0011   -0.0007    0.0043    0.0036
   11 H3     1s         0.2205    0.3128    0.2103    0.0451   -0.2984    0.3432   -0.0121   -0.3893    0.3831    0.3416
   12 H3     2s         0.0122    0.0169    0.0077    0.0164   -0.0441    0.0493    0.0091   -0.0749    0.0549    0.0452
   13 H3     2px        0.0000   -0.0000   -0.0000   -0.0000   -0.0000    0.0000    0.0000   -0.0000    0.0000    0.0000
   14 H3     2py       -0.0000   -0.0000   -0.0000   -0.0000   -0.0000    0.0000    0.0000   -0.0000    0.0000    0.0000
   15 H3     2pz        0.0014    0.0002   -0.0034    0.0064   -0.0060    0.0029    0.0023   -0.0020   -0.0016   -0.0023
   16 H4     1s         0.2563    0.2987    0.0859    0.2128   -0.3555    0.2454    0.3345    0.4656   -0.2342   -0.4440
   17 H4     2s         0.0116    0.0194    0.0134    0.0126   -0.0428    0.0440    0.0643    0.0929   -0.0229   -0.0682
   18 H4     2px        0.0000   -0.0000    0.0000    0.0000   -0.0000   -0.0000   -0.0000    0.0000    0.0000    0.0000
   19 H4     2py        0.0000   -0.0000    0.0000    0.0000   -0.0000   -0.0000   -0.0000    0.0000    0.0000    0.0000
   20 H4     2pz        0.0012   -0.0015   -0.0052    0.0038    0.0030   -0.0068   -0.0021   -0.0018   -0.0040   -0.0005
   21 H5     1s         0.2961    0.1846   -0.1914    0.3052    0.0460   -0.3770   -0.4557   -0.5268   -0.4082   -0.0101
   22 H5     2s         0.0153    0.0066   -0.0194    0.0245    0.0164   -0.0563   -0.0816   -0.1033   -0.0550    0.0103
   23 H5     2px        0.0000   -0.0000   -0.0000    0.0000   -0.0000    0.0000    0.0000   -0.0000   -0.0000   -0.0000
   24 H5     2py        0.0000   -0.0000   -0.0000    0.0000   -0.0000   -0.0000    0.0000   -0.0000   -0.0000   -0.0000
   25 H5     2pz        0.0006   -0.0029   -0.0046   -0.0009    0.0066   -0.0051   -0.0015   -0.0021    0.0027    0.0029
   26 H6     1s         0.3091    0.0921   -0.2876    0.1907    0.2379   -0.3390    0.2428    0.5538    0.3515    0.3338
   27 H6     2s         0.0151    0.0099   -0.0177    0.0248    0.0202   -0.0542    0.0339    0.1096    0.0432    0.0606
   28 H6     2px       -0.0000   -0.0000   -0.0000    0.0000   -0.0000   -0.0000    0.0000   -0.0000   -0.0000   -0.0000
   29 H6     2py       -0.0000   -0.0000   -0.0000    0.0000   -0.0000    0.0000    0.0000   -0.0000   -0.0000   -0.0000
   30 H6     2pz        0.0003   -0.0037   -0.0017   -0.0057    0.0028    0.0066    0.0010   -0.0021    0.0037   -0.0019
   31 H7     1s         0.3091   -0.0921   -0.2876   -0.1907    0.2379    0.3390    0.2428   -0.5538    0.3515   -0.3338
   32 H7     2s         0.0151   -0.0099   -0.0177   -0.0248    0.0202    0.0542    0.0339   -0.1096    0.0432   -0.0606
   33 H7     2px       -0.0000   -0.0000   -0.0000    0.0000    0.0000   -0.0000    0.0000   -0.0000   -0.0000   -0.0000
   34 H7     2py       -0.0000   -0.0000   -0.0000    0.0000    0.0000   -0.0000    0.0000   -0.0000   -0.0000   -0.0000
   35 H7     2pz       -0.0003   -0.0037    0.0017   -0.0057   -0.0028    0.0066   -0.0010   -0.0021   -0.0037   -0.0019
   36 H8     1s         0.2962   -0.1846   -0.1915   -0.3052    0.0460    0.3770   -0.4557    0.5269   -0.4082    0.0101
   37 H8     2s         0.0153   -0.0066   -0.0194   -0.0245    0.0164    0.0563   -0.0816    0.1034   -0.0550   -0.0103
   38 H8     2px        0.0000   -0.0000    0.0000    0.0000   -0.0000    0.0000    0.0000   -0.0000   -0.0000   -0.0000
   39 H8     2py        0.0000   -0.0000    0.0000    0.0000   -0.0000    0.0000    0.0000   -0.0000   -0.0000   -0.0000
   40 H8     2pz       -0.0006   -0.0029    0.0046   -0.0009   -0.0066   -0.0051    0.0015   -0.0021   -0.0027    0.0029
   41 H9     1s         0.2563   -0.2987    0.0859   -0.2128   -0.3555   -0.2454    0.3345   -0.4656   -0.2342    0.4441
   42 H9     2s         0.0116   -0.0194    0.0134   -0.0126   -0.0428   -0.0440    0.0643   -0.0929   -0.0229    0.0682
   43 H9     2px       -0.0000   -0.0000    0.0000    0.0000   -0.0000    0.0000   -0.0000    0.0000    0.0000    0.0000
   44 H9     2py       -0.0000   -0.0000    0.0000    0.0000   -0.0000    0.0000   -0.0000    0.0000    0.0000    0.0000
   45 H9     2pz       -0.0012   -0.0015    0.0052    0.0038   -0.0030   -0.0068    0.0021   -0.0018    0.0040   -0.0005
   46 H10    1s         0.2205   -0.3128    0.2103   -0.0451   -0.2984   -0.3432   -0.0121    0.3893    0.3831   -0.3416
   47 H10    2s         0.0122   -0.0169    0.0077   -0.0164   -0.0441   -0.0493    0.0091    0.0749    0.0549   -0.0452
   48 H10    2px       -0.0000   -0.0000    0.0000   -0.0000    0.0000   -0.0000   -0.0000    0.0000    0.0000    0.0000
   49 H10    2py       -0.0000   -0.0000   -0.0000   -0.0000    0.0000   -0.0000   -0.0000    0.0000    0.0000    0.0000
   50 H10    2pz       -0.0014    0.0002    0.0034    0.0064    0.0060    0.0029   -0.0023   -0.0020    0.0016   -0.0023
   51 H11    1s         0.1486   -0.2697    0.3370    0.3327    0.2565    0.1335   -0.4319   -0.2736    0.0921   -0.2622
   52 H11    2s         0.0061   -0.0152    0.0280    0.0406    0.0451    0.0331   -0.0608   -0.0539   -0.0033   -0.0232
   53 H11    2px        0.0000    0.0000    0.0000    0.0000    0.0000   -0.0000    0.0000   -0.0000   -0.0000   -0.0000
   54 H11    2py        0.0000    0.0000   -0.0000    0.0000   -0.0000   -0.0000    0.0000   -0.0000   -0.0000   -0.0000
   55 H11    2pz       -0.0017    0.0016    0.0007    0.0044    0.0071    0.0062    0.0011   -0.0007   -0.0043    0.0036
   56 H12    1s         0.1002   -0.1956    0.2763    0.3264    0.3216    0.2312    0.4373    0.1606   -0.2667    0.4000
   57 H12    2s         0.0053   -0.0111    0.0174    0.0233    0.0262    0.0210    0.0478    0.0204   -0.0276    0.0421
   58 H12    2px        0.0000    0.0000    0.0000   -0.0000   -0.0000   -0.0000   -0.0000   -0.0000    0.0000   -0.0000
   59 H12    2py        0.0000    0.0000    0.0000   -0.0000   -0.0000   -0.0000   -0.0000    0.0000    0.0000    0.0000
   60 H12    2pz       -0.0024    0.0043   -0.0052   -0.0049   -0.0037   -0.0020   -0.0033   -0.0020    0.0014   -0.0024
 
 
      Orbital               11        12        13        14        15        16        17        18        19        20
      Energy            0.0000    0.0000    0.3152    0.3278    0.3506    0.3865    0.4391    0.5105    0.5982    0.6995
      Occ. No.          0.3673    0.3182    0.0000    0.0000    0.0000    0.0000    0.0000    0.0000    0.0000    0.0000
 
    1 H1     1s        -0.3968   -0.2988   -0.0602    0.0879    0.0670    0.0024    0.0880    0.1827    0.2519   -0.2787
    2 H1     2s        -0.0458   -0.0364    0.1746   -0.3249   -0.4344   -0.5032    0.5404    0.5499    0.5139   -0.4331
    3 H1     2px       -0.0000   -0.0000   -0.0000    0.0000    0.0000    0.0000   -0.0000   -0.0000   -0.0000    0.0000
    4 H1     2py       -0.0000   -0.0000   -0.0000    0.0000    0.0000    0.0000   -0.0000   -0.0000   -0.0000    0.0000
    5 H1     2pz       -0.0037   -0.0034   -0.0209    0.0353    0.0401    0.0375   -0.0332   -0.0350   -0.0494    0.0809
    6 H2     1s         0.5145    0.4616   -0.1172    0.1793    0.1675    0.1103   -0.0632   -0.0747   -0.1533    0.2639
    7 H2     2s         0.0871    0.0863    0.1310   -0.2012   -0.1750   -0.0501   -0.1546   -0.4095   -0.6484    0.8154
    8 H2     2px        0.0000    0.0000   -0.0000    0.0000    0.0000    0.0000   -0.0000   -0.0000   -0.0000    0.0000
    9 H2     2py       -0.0000    0.0000   -0.0000    0.0000    0.0000    0.0000   -0.0000   -0.0000   -0.0000    0.0000
   10 H2     2pz       -0.0008   -0.0012    0.0010   -0.0101   -0.0275   -0.0455    0.0538    0.0460    0.0250   -0.0004
   11 H3     1s        -0.3647   -0.5386   -0.1218    0.1373    0.0423   -0.0676    0.0922    0.0263   -0.0272   -0.0458
   12 H3     2s        -0.0724   -0.1030    0.1832   -0.2455   -0.1372    0.0956   -0.3341   -0.4313   -0.2663   -0.1682
   13 H3     2px       -0.0000   -0.0000   -0.0000    0.0000    0.0000    0.0000   -0.0000   -0.0000   -0.0000    0.0000
   14 H3     2py       -0.0000   -0.0000   -0.0000    0.0000    0.0000    0.0000   -0.0000   -0.0000   -0.0000    0.0000
   15 H3     2pz       -0.0024   -0.0026   -0.0067    0.0003   -0.0156   -0.0233    0.0094   -0.0163   -0.0198   -0.0403
   16 H4     1s         0.1036    0.5017   -0.1400    0.1287   -0.0064   -0.1024    0.0694    0.0105    0.0660   -0.1680
   17 H4     2s         0.0115    0.0937    0.2015   -0.1922    0.0417    0.2975   -0.3100    0.0303    0.5079   -0.6878
   18 H4     2px        0.0000    0.0000   -0.0000    0.0000    0.0000    0.0000   -0.0000   -0.0000   -0.0000    0.0000
   19 H4     2py        0.0000    0.0000   -0.0000    0.0000    0.0000    0.0000   -0.0000   -0.0000   -0.0000    0.0000
   20 H4     2pz        0.0005   -0.0018   -0.0023   -0.0100   -0.0230   -0.0114   -0.0201   -0.0326   -0.0083    0.0195
   21 H5     1s         0.2801   -0.3346   -0.1516    0.0760   -0.0974   -0.1052   -0.0163   -0.0186    0.0531    0.0911
   22 H5     2s         0.0453   -0.0679    0.2180   -0.1342    0.1703    0.2958    0.0124    0.4534    0.3727    0.3907
   23 H5     2px       -0.0000    0.0000   -0.0000    0.0000    0.0000    0.0000   -0.0000   -0.0000   -0.0000    0.0000
   24 H5     2py       -0.0000   -0.0000   -0.0000    0.0000    0.0000    0.0000   -0.0000   -0.0000   -0.0000    0.0000
   25 H5     2pz        0.0002   -0.0014   -0.0029   -0.0118   -0.0176    0.0103   -0.0351   -0.0111    0.0139    0.0195
   26 H6     1s        -0.4733    0.1364   -0.1566    0.0348   -0.1317   -0.0551   -0.0630   -0.0193   -0.0612    0.1330
   27 H6     2s        -0.0892    0.0217    0.2262   -0.0419    0.2612    0.1152    0.3404    0.2658   -0.4491    0.5552
   28 H6     2px       -0.0000   -0.0000   -0.0000    0.0000    0.0000    0.0000   -0.0000   -0.0000   -0.0000    0.0000
   29 H6     2py       -0.0000   -0.0000   -0.0000    0.0000    0.0000    0.0000   -0.0000   -0.0000   -0.0000    0.0000
   30 H6     2pz        0.0018   -0.0003    0.0001   -0.0147   -0.0054    0.0279   -0.0155    0.0282    0.0117   -0.0167
   31 H7     1s         0.4733    0.1363   -0.1566   -0.0348   -0.1317    0.0551   -0.0630    0.0193   -0.0612   -0.1330
   32 H7     2s         0.0892    0.0216    0.2262    0.0419    0.2612   -0.1152    0.3404   -0.2658   -0.4491   -0.5552
   33 H7     2px       -0.0000   -0.0000   -0.0000    0.0000    0.0000    0.0000   -0.0000   -0.0000   -0.0000    0.0000
   34 H7     2py       -0.0000   -0.0000   -0.0000    0.0000    0.0000    0.0000   -0.0000   -0.0000   -0.0000    0.0000
   35 H7     2pz        0.0018    0.0003   -0.0001   -0.0147    0.0054    0.0279    0.0155    0.0282   -0.0117   -0.0167
   36 H8     1s        -0.2801   -0.3345   -0.1516   -0.0760   -0.0974    0.1052   -0.0163    0.0186    0.0531   -0.0911
   37 H8     2s        -0.0454   -0.0679    0.2180    0.1342    0.1703   -0.2958    0.0124   -0.4534    0.3727   -0.3907
   38 H8     2px       -0.0000   -0.0000   -0.0000    0.0000    0.0000    0.0000   -0.0000   -0.0000   -0.0000    0.0000
   39 H8     2py       -0.0000   -0.0000   -0.0000    0.0000    0.0000    0.0000   -0.0000   -0.0000   -0.0000    0.0000
   40 H8     2pz        0.0002    0.0014    0.0029   -0.0118    0.0176    0.0103    0.0351   -0.0111   -0.0139    0.0195
   41 H9     1s        -0.1036    0.5017   -0.1400   -0.1287   -0.0064    0.1024    0.0694   -0.0105    0.0660    0.1680
   42 H9     2s        -0.0115    0.0937    0.2015    0.1922    0.0417   -0.2975   -0.3100   -0.0303    0.5079    0.6878
   43 H9     2px        0.0000    0.0000   -0.0000    0.0000    0.0000    0.0000   -0.0000   -0.0000   -0.0000    0.0000
   44 H9     2py        0.0000    0.0000   -0.0000    0.0000    0.0000    0.0000   -0.0000   -0.0000   -0.0000    0.0000
   45 H9     2pz        0.0005    0.0018    0.0023   -0.0100    0.0230   -0.0114    0.0201   -0.0326    0.0083    0.0195
   46 H10    1s         0.3646   -0.5386   -0.1218   -0.1373    0.0423    0.0676    0.0922   -0.0263   -0.0272    0.0458
   47 H10    2s         0.0724   -0.1030    0.1832    0.2455   -0.1372   -0.0956   -0.3341    0.4313   -0.2663    0.1683
   48 H10    2px        0.0000    0.0000    0.0000    0.0000    0.0000    0.0000   -0.0000   -0.0000   -0.0000    0.0000
   49 H10    2py        0.0000    0.0000    0.0000    0.0000    0.0000    0.0000   -0.0000   -0.0000   -0.0000    0.0000
   50 H10    2pz       -0.0024    0.0026    0.0067    0.0003    0.0156   -0.0233   -0.0094   -0.0163    0.0198   -0.0403
   51 H11    1s        -0.5145    0.4616   -0.1172   -0.1793    0.1675   -0.1103   -0.0632    0.0747   -0.1533   -0.2639
   52 H11    2s        -0.0871    0.0863    0.1310    0.2012   -0.1750    0.0501   -0.1546    0.4095   -0.6484   -0.8154
   53 H11    2px       -0.0000   -0.0000   -0.0000    0.0000    0.0000    0.0000   -0.0000   -0.0000   -0.0000    0.0000
   54 H11    2py       -0.0000   -0.0000    0.0000    0.0000    0.0000    0.0000   -0.0000   -0.0000   -0.0000    0.0000
   55 H11    2pz       -0.0008    0.0012   -0.0010   -0.0101    0.0275   -0.0455   -0.0538    0.0460   -0.0250   -0.0004
   56 H12    1s         0.3968   -0.2988   -0.0602   -0.0879    0.0670   -0.0024    0.0880   -0.1827    0.2519    0.2787
   57 H12    2s         0.0458   -0.0364    0.1746    0.3249   -0.4344    0.5031    0.5404   -0.5499    0.5139    0.4331
   58 H12    2px       -0.0000    0.0000   -0.0000    0.0000   -0.0000    0.0000    0.0000   -0.0000   -0.0000    0.0000
   59 H12    2py        0.0000    0.0000   -0.0000    0.0000    0.0000    0.0000   -0.0000   -0.0000   -0.0000    0.0000
   60 H12    2pz       -0.0037    0.0034    0.0209    0.0353   -0.0401    0.0375    0.0332   -0.0350    0.0494    0.0809
 
 
      Orbital               21        22        23        24        25        26        27        28        29        30
      Energy            0.7179    0.7357    0.7357    0.7446    0.7525    0.7525    0.7690    0.7799    0.7799    0.7856
      Occ. No.          0.0000    0.0000    0.0000    0.0000    0.0000    0.0000    0.0000    0.0000    0.0000    0.0000
 
    1 H1     1s        -0.0048   -0.0000    0.0000   -0.0466   -0.0000   -0.0000    0.1455    0.0000   -0.0000   -0.2521
    2 H1     2s         0.0664    0.0000    0.0000    0.0634    0.0000    0.0000    0.2477   -0.0000    0.0000   -0.1544
    3 H1     2px       -0.0000    0.0604    0.0555    0.0000   -0.1389    0.0841    0.0000    0.1760    0.1593    0.0000
    4 H1     2py       -0.0000    0.0555   -0.0604    0.0000   -0.0841   -0.1389    0.0000    0.1593   -0.1760    0.0000
    5 H1     2pz        0.0897   -0.0000    0.0000    0.1759    0.0000    0.0000    0.0089   -0.0000    0.0000    0.3339
    6 H2     1s        -0.0326    0.0000   -0.0000   -0.0062    0.0000    0.0000   -0.1958   -0.0000    0.0000    0.2565
    7 H2     2s        -0.1280   -0.0000   -0.0000   -0.0780   -0.0000    0.0000   -0.5468   -0.0000   -0.0000    0.5852
    8 H2     2px       -0.0000    0.1173    0.1078    0.0000   -0.2458    0.1488    0.0000    0.2631    0.2381    0.0000
    9 H2     2py       -0.0000    0.1078   -0.1173    0.0000   -0.1488   -0.2458    0.0000    0.2381   -0.2631    0.0000
   10 H2     2pz       -0.1491    0.0000   -0.0000   -0.2503   -0.0000   -0.0000   -0.1080    0.0000   -0.0000   -0.2979
   11 H3     1s         0.0423   -0.0000   -0.0000    0.0153   -0.0000   -0.0000    0.0931    0.0000   -0.0000   -0.2313
   12 H3     2s         0.1424   -0.0000    0.0000    0.0680   -0.0000   -0.0000    0.3018    0.0000   -0.0000   -0.6503
   13 H3     2px       -0.0000    0.1692    0.1554    0.0000   -0.2990    0.1810    0.0000    0.2199    0.1990    0.0000
   14 H3     2py       -0.0000    0.1554   -0.1692    0.0000   -0.1810   -0.2990    0.0000    0.1990   -0.2199    0.0000
   15 H3     2pz        0.2121   -0.0000    0.0000    0.2971    0.0000    0.0000    0.1721   -0.0000    0.0000    0.1495
   16 H4     1s        -0.0317    0.0000    0.0000    0.0108    0.0000    0.0000    0.1328   -0.0000    0.0000    0.0897
   17 H4     2s        -0.0965    0.0000    0.0000    0.0248    0.0000    0.0000    0.4181   -0.0000    0.0000    0.2418
   18 H4     2px       -0.0000    0.2109    0.1938    0.0000   -0.2829    0.1713    0.0000    0.0661    0.0599    0.0000
   19 H4     2py       -0.0000    0.1938   -0.2109    0.0000   -0.1713   -0.2829    0.0000    0.0599   -0.0661    0.0000
   20 H4     2pz       -0.2651    0.0000   -0.0000   -0.2896   -0.0000   -0.0000   -0.1110    0.0000   -0.0000    0.0147
   21 H5     1s         0.0123    0.0000   -0.0000   -0.0747   -0.0000   -0.0000   -0.2665    0.0000   -0.0000    0.0438
   22 H5     2s         0.0367    0.0000   -0.0000   -0.2170   -0.0000   -0.0000   -0.8271    0.0000   -0.0000    0.1435
   23 H5     2px       -0.0000    0.2408    0.2212    0.0000   -0.2011    0.1217   -0.0000   -0.1222   -0.1106   -0.0000
   24 H5     2py       -0.0000    0.2212   -0.2408    0.0000   -0.1217   -0.2011   -0.0000   -0.1106    0.1222   -0.0000
   25 H5     2pz        0.3013   -0.0000    0.0000    0.2153    0.0000    0.0000   -0.0686    0.0000   -0.0000   -0.1021
   26 H6     1s        -0.0027   -0.0000    0.0000    0.1277    0.0000   -0.0000    0.1386    0.0000    0.0000   -0.0408
   27 H6     2s        -0.0039   -0.0000    0.0000    0.3962    0.0000   -0.0000    0.4171    0.0000    0.0000   -0.1264
   28 H6     2px       -0.0000    0.2561    0.2352    0.0000   -0.0730    0.0442   -0.0000   -0.2475   -0.2239   -0.0000
   29 H6     2py       -0.0000    0.2352   -0.2561    0.0000   -0.0442   -0.0730   -0.0000   -0.2239    0.2475   -0.0000
   30 H6     2pz       -0.3184   -0.0000    0.0000   -0.0800   -0.0000   -0.0000    0.2315   -0.0000    0.0000    0.1202
   31 H7     1s        -0.0027    0.0000   -0.0000   -0.1277    0.0000   -0.0000    0.1386   -0.0000    0.0000   -0.0409
   32 H7     2s        -0.0039    0.0000   -0.0000   -0.3963   -0.0000   -0.0000    0.4171   -0.0000    0.0000   -0.1264
   33 H7     2px       -0.0000    0.2561    0.2352    0.0000    0.0730   -0.0442   -0.0000   -0.2475   -0.2239   -0.0000
   34 H7     2py       -0.0000    0.2352   -0.2561    0.0000    0.0442    0.0730   -0.0000   -0.2239    0.2475   -0.0000
   35 H7     2pz        0.3184    0.0000   -0.0000   -0.0800   -0.0000    0.0000   -0.2315    0.0000   -0.0000   -0.1202
   36 H8     1s         0.0123    0.0000    0.0000    0.0747   -0.0000    0.0000   -0.2665    0.0000   -0.0000    0.0438
   37 H8     2s         0.0368    0.0000   -0.0000    0.2170    0.0000    0.0000   -0.8271    0.0000   -0.0000    0.1435
   38 H8     2px       -0.0000    0.2408    0.2212    0.0000    0.2011   -0.1217   -0.0000   -0.1222   -0.1106   -0.0000
   39 H8     2py       -0.0000    0.2212   -0.2408    0.0000    0.1217    0.2011   -0.0000   -0.1106    0.1222   -0.0000
   40 H8     2pz       -0.3013   -0.0000    0.0000    0.2153    0.0000   -0.0000    0.0686   -0.0000    0.0000    0.1021
   41 H9     1s        -0.0317   -0.0000   -0.0000   -0.0108    0.0000    0.0000    0.1328   -0.0000    0.0000    0.0897
   42 H9     2s        -0.0965   -0.0000    0.0000   -0.0248   -0.0000   -0.0000    0.4181   -0.0000    0.0000    0.2418
   43 H9     2px       -0.0000    0.2109    0.1938    0.0000    0.2829   -0.1713    0.0000    0.0661    0.0599    0.0000
   44 H9     2py       -0.0000    0.1938   -0.2109    0.0000    0.1713    0.2829    0.0000    0.0599   -0.0661    0.0000
   45 H9     2pz        0.2651    0.0000   -0.0000   -0.2896   -0.0000   -0.0000    0.1110   -0.0000    0.0000   -0.0147
   46 H10    1s         0.0423   -0.0000    0.0000   -0.0153   -0.0000   -0.0000    0.0931    0.0000   -0.0000   -0.2313
   47 H10    2s         0.1424   -0.0000    0.0000   -0.0680   -0.0000   -0.0000    0.3018    0.0000   -0.0000   -0.6503
   48 H10    2px       -0.0000    0.1692    0.1554    0.0000    0.2990   -0.1810    0.0000    0.2199    0.1990    0.0000
   49 H10    2py       -0.0000    0.1554   -0.1692    0.0000    0.1810    0.2990    0.0000    0.1990   -0.2199    0.0000
   50 H10    2pz       -0.2121   -0.0000    0.0000    0.2971    0.0000    0.0000   -0.1721    0.0000   -0.0000   -0.1495
   51 H11    1s        -0.0326    0.0000   -0.0000    0.0062   -0.0000    0.0000   -0.1958   -0.0000    0.0000    0.2565
   52 H11    2s        -0.1280    0.0000   -0.0000    0.0780    0.0000    0.0000   -0.5468   -0.0000   -0.0000    0.5852
   53 H11    2px       -0.0000    0.1173    0.1078    0.0000    0.2458   -0.1488    0.0000    0.2631    0.2381    0.0000
   54 H11    2py       -0.0000    0.1078   -0.1173    0.0000    0.1488    0.2458    0.0000    0.2381   -0.2631    0.0000
   55 H11    2pz        0.1491    0.0000   -0.0000   -0.2503   -0.0000   -0.0000    0.1080   -0.0000    0.0000    0.2979
   56 H12    1s        -0.0048   -0.0000    0.0000    0.0466    0.0000   -0.0000    0.1455    0.0000   -0.0000   -0.2521
   57 H12    2s         0.0664   -0.0000    0.0000   -0.0634   -0.0000   -0.0000    0.2477   -0.0000    0.0000   -0.1544
   58 H12    2px       -0.0000    0.0604    0.0555    0.0000    0.1389   -0.0841    0.0000    0.1760    0.1593    0.0000
   59 H12    2py       -0.0000    0.0555   -0.0604    0.0000    0.0841    0.1389    0.0000    0.1593   -0.1760    0.0000
   60 H12    2pz       -0.0897   -0.0000    0.0000    0.1759    0.0000   -0.0000   -0.0089    0.0000   -0.0000   -0.3339
 
 
      Orbital               31        32        33        34        35        36        37        38        39        40
      Energy            0.8004    0.8175    0.8175    0.8645    0.8645    0.9193    0.9193    0.9814    0.9814    1.0455
      Occ. No.          0.0000    0.0000    0.0000    0.0000    0.0000    0.0000    0.0000    0.0000    0.0000    0.0000
 
    1 H1     1s        -0.2060    0.0000    0.0000   -0.0000    0.0000   -0.0000   -0.0000   -0.0000   -0.0000    0.0000
    2 H1     2s        -0.1124   -0.0000   -0.0000    0.0000   -0.0000    0.0000    0.0000    0.0000    0.0000   -0.0000
    3 H1     2px        0.0000   -0.2951    0.0671    0.2629    0.2363   -0.3780    0.0651   -0.2913    0.2665   -0.3228
    4 H1     2py        0.0000   -0.0671   -0.2951    0.2363   -0.2629   -0.0651   -0.3780   -0.2665   -0.2913   -0.2107
    5 H1     2pz        0.2916    0.0000    0.0000   -0.0000    0.0000   -0.0000   -0.0000   -0.0000    0.0000    0.0000
    6 H2     1s         0.2237    0.0000    0.0000    0.0000   -0.0000    0.0000    0.0000    0.0000    0.0000   -0.0000
    7 H2     2s         0.5018    0.0000    0.0000   -0.0000    0.0000   -0.0000   -0.0000   -0.0000   -0.0000   -0.0000
    8 H2     2px        0.0000   -0.3346    0.0761    0.1863    0.1674   -0.0923    0.0159    0.0714   -0.0654    0.2302
    9 H2     2py        0.0000   -0.0761   -0.3346    0.1674   -0.1863   -0.0159   -0.0923    0.0654    0.0714    0.1502
   10 H2     2pz       -0.2450   -0.0000   -0.0000    0.0000    0.0000    0.0000    0.0000    0.0000   -0.0000   -0.0000
   11 H3     1s        -0.2449   -0.0000   -0.0000   -0.0000   -0.0000   -0.0000   -0.0000   -0.0000    0.0000    0.0000
   12 H3     2s        -0.6759   -0.0000   -0.0000    0.0000   -0.0000   -0.0000   -0.0000   -0.0000    0.0000    0.0000
   13 H3     2px        0.0000   -0.0870    0.0198   -0.1304   -0.1172    0.3570   -0.0615    0.2763   -0.2527    0.1626
   14 H3     2py        0.0000   -0.0198   -0.0870   -0.1172    0.1304    0.0615    0.3570    0.2527    0.2763    0.1061
   15 H3     2pz        0.0725    0.0000    0.0000    0.0000   -0.0000    0.0000    0.0000    0.0000    0.0000   -0.0000
   16 H4     1s         0.1445   -0.0000   -0.0000    0.0000    0.0000    0.0000    0.0000    0.0000   -0.0000   -0.0000
   17 H4     2s         0.4047    0.0000    0.0000    0.0000   -0.0000    0.0000    0.0000    0.0000   -0.0000   -0.0000
   18 H4     2px       -0.0000    0.2341   -0.0532   -0.2772   -0.2491    0.1789   -0.0308   -0.1381    0.1263   -0.3441
   19 H4     2py       -0.0000    0.0532    0.2341   -0.2491    0.2772    0.0308    0.1789   -0.1263   -0.1381   -0.2246
   20 H4     2pz        0.1156    0.0000    0.0000   -0.0000    0.0000   -0.0000   -0.0000   -0.0000   -0.0000    0.0000
   21 H5     1s         0.0391    0.0000    0.0000   -0.0000   -0.0000   -0.0000   -0.0000   -0.0000    0.0000   -0.0000
   22 H5     2s         0.1070    0.0000    0.0000   -0.0000    0.0000   -0.0000   -0.0000   -0.0000    0.0000   -0.0000
   23 H5     2px       -0.0000    0.3538   -0.0805   -0.0661   -0.0594   -0.3149    0.0543   -0.2441    0.2233    0.0814
   24 H5     2py       -0.0000    0.0805    0.3538   -0.0594    0.0661   -0.0543   -0.3149   -0.2233   -0.2441    0.0531
   25 H5     2pz       -0.1796   -0.0000   -0.0000    0.0000   -0.0000    0.0000    0.0000    0.0000   -0.0000   -0.0000
   26 H6     1s        -0.1711   -0.0000   -0.0000    0.0000    0.0000   -0.0000   -0.0000    0.0000   -0.0000    0.0000
   27 H6     2s        -0.5006   -0.0000   -0.0000    0.0000    0.0000    0.0000    0.0000    0.0000   -0.0000    0.0000
   28 H6     2px       -0.0000    0.1667   -0.0379    0.2290    0.2058   -0.2544    0.0438    0.1970   -0.1803    0.2847
   29 H6     2py       -0.0000    0.0379    0.1667    0.2058   -0.2290   -0.0438   -0.2544    0.1803    0.1970    0.1858
   30 H6     2pz        0.0833    0.0000    0.0000   -0.0000   -0.0000   -0.0000   -0.0000   -0.0000    0.0000    0.0000
   31 H7     1s         0.1711    0.0000    0.0000   -0.0000   -0.0000    0.0000    0.0000    0.0000    0.0000   -0.0000
   32 H7     2s         0.5006    0.0000    0.0000    0.0000   -0.0000    0.0000    0.0000    0.0000    0.0000   -0.0000
   33 H7     2px       -0.0000   -0.1667    0.0379    0.2290    0.2058    0.2544   -0.0438    0.1970   -0.1803   -0.2847
   34 H7     2py       -0.0000   -0.0379   -0.1667    0.2058   -0.2290    0.0438    0.2544    0.1803    0.1970   -0.1858
   35 H7     2pz        0.0833   -0.0000   -0.0000   -0.0000    0.0000    0.0000    0.0000   -0.0000   -0.0000    0.0000
   36 H8     1s        -0.0391    0.0000    0.0000   -0.0000    0.0000   -0.0000   -0.0000    0.0000   -0.0000    0.0000
   37 H8     2s        -0.1070   -0.0000   -0.0000   -0.0000    0.0000   -0.0000   -0.0000   -0.0000   -0.0000    0.0000
   38 H8     2px       -0.0000   -0.3538    0.0805   -0.0661   -0.0594    0.3149   -0.0543   -0.2441    0.2233   -0.0814
   39 H8     2py       -0.0000   -0.0805   -0.3538   -0.0594    0.0661    0.0543    0.3149   -0.2233   -0.2441   -0.0531
   40 H8     2pz       -0.1796   -0.0000   -0.0000    0.0000   -0.0000    0.0000    0.0000    0.0000    0.0000   -0.0000
   41 H9     1s        -0.1445   -0.0000   -0.0000   -0.0000   -0.0000    0.0000    0.0000   -0.0000    0.0000   -0.0000
   42 H9     2s        -0.4047   -0.0000   -0.0000    0.0000   -0.0000    0.0000    0.0000   -0.0000    0.0000   -0.0000
   43 H9     2px       -0.0000   -0.2341    0.0532   -0.2772   -0.2491   -0.1789    0.0308   -0.1381    0.1263    0.3441
   44 H9     2py       -0.0000   -0.0532   -0.2341   -0.2491    0.2772   -0.0308   -0.1789   -0.1263   -0.1381    0.2246
   45 H9     2pz        0.1156    0.0000    0.0000   -0.0000    0.0000   -0.0000   -0.0000   -0.0000   -0.0000    0.0000
   46 H10    1s         0.2449    0.0000    0.0000    0.0000    0.0000   -0.0000   -0.0000    0.0000    0.0000    0.0000
   47 H10    2s         0.6759    0.0000    0.0000   -0.0000   -0.0000   -0.0000   -0.0000    0.0000   -0.0000    0.0000
   48 H10    2px        0.0000    0.0870   -0.0198   -0.1304   -0.1172   -0.3570    0.0615    0.2763   -0.2527   -0.1626
   49 H10    2py        0.0000    0.0198    0.0870   -0.1172    0.1304   -0.0615   -0.3570    0.2527    0.2763   -0.1061
   50 H10    2pz        0.0725   -0.0000   -0.0000   -0.0000   -0.0000    0.0000    0.0000   -0.0000    0.0000    0.0000
   51 H11    1s        -0.2237   -0.0000   -0.0000   -0.0000   -0.0000    0.0000    0.0000   -0.0000   -0.0000   -0.0000
   52 H11    2s        -0.5018   -0.0000   -0.0000    0.0000    0.0000    0.0000    0.0000   -0.0000    0.0000   -0.0000
   53 H11    2px        0.0000    0.3346   -0.0761    0.1863    0.1674    0.0923   -0.0159    0.0714   -0.0654   -0.2302
   54 H11    2py        0.0000    0.0761    0.3346    0.1674   -0.1863    0.0159    0.0923    0.0654    0.0714   -0.1502
   55 H11    2pz       -0.2450   -0.0000   -0.0000    0.0000    0.0000   -0.0000   -0.0000    0.0000   -0.0000    0.0000
   56 H12    1s         0.2060    0.0000    0.0000    0.0000   -0.0000   -0.0000   -0.0000    0.0000    0.0000    0.0000
   57 H12    2s         0.1124    0.0000    0.0000   -0.0000    0.0000   -0.0000   -0.0000   -0.0000   -0.0000    0.0000
   58 H12    2px        0.0000    0.2951   -0.0671    0.2629    0.2363    0.3780   -0.0651   -0.2913    0.2665    0.3228
   59 H12    2py        0.0000    0.0671    0.2951    0.2363   -0.2629    0.0651    0.3780   -0.2665   -0.2913    0.2107
   60 H12    2pz        0.2916    0.0000    0.0000   -0.0000   -0.0000    0.0000    0.0000   -0.0000    0.0000   -0.0000
 
 
      Orbital               41        42        43        44        45        46        47        48        49        50
      Energy            1.0455    1.1087    1.1087    1.1659    1.1659    1.2119    1.2119    1.2416    1.2416    1.2532
      Occ. No.          0.0000    0.0000    0.0000    0.0000    0.0000    0.0000    0.0000    0.0000    0.0000    0.0000
 
    1 H1     1s         0.0000   -0.0000   -0.0000   -0.0000   -0.0000    0.0000    0.0000    0.0000    0.0000    0.2347
    2 H1     2s        -0.0000    0.0000   -0.0000   -0.0000   -0.0000    0.0000    0.0000    0.0000   -0.0000    0.3680
    3 H1     2px        0.2107    0.2495    0.2449   -0.2839    0.0549    0.1849   -0.0934   -0.0811    0.0718   -0.0000
    4 H1     2py       -0.3228    0.2449   -0.2495   -0.0549   -0.2839    0.0934    0.1849   -0.0718   -0.0811   -0.0000
    5 H1     2pz        0.0000   -0.0000   -0.0000   -0.0000   -0.0000    0.0000    0.0000    0.0000   -0.0000    0.3111
    6 H2     1s        -0.0000    0.0000    0.0000    0.0000    0.0000   -0.0000   -0.0000   -0.0000    0.0000   -0.5497
    7 H2     2s        -0.0000    0.0000    0.0000    0.0000    0.0000   -0.0000   -0.0000   -0.0000    0.0000   -0.7453
    8 H2     2px       -0.1502   -0.2847   -0.2794    0.4267   -0.0826   -0.3287    0.1660    0.1581   -0.1400    0.0000
    9 H2     2py        0.2302   -0.2794    0.2847    0.0826    0.4267   -0.1660   -0.3287    0.1400    0.1581    0.0000
   10 H2     2pz       -0.0000    0.0000    0.0000    0.0000    0.0000   -0.0000   -0.0000   -0.0000    0.0000   -0.1475
   11 H3     1s         0.0000   -0.0000   -0.0000    0.0000    0.0000    0.0000    0.0000   -0.0000    0.0000    0.3619
   12 H3     2s         0.0000   -0.0000   -0.0000   -0.0000   -0.0000    0.0000    0.0000    0.0000    0.0000    0.4632
   13 H3     2px       -0.1061    0.0715    0.0701   -0.3523    0.0682    0.3956   -0.1998   -0.2250    0.1993   -0.0000
   14 H3     2py        0.1626    0.0701   -0.0715   -0.0682   -0.3523    0.1998    0.3956   -0.1993   -0.2250   -0.0000
   15 H3     2pz       -0.0000    0.0000   -0.0000    0.0000    0.0000   -0.0000   -0.0000   -0.0000    0.0000   -0.2866
   16 H4     1s        -0.0000    0.0000    0.0000    0.0000    0.0000   -0.0000   -0.0000    0.0000   -0.0000    0.2703
   17 H4     2s        -0.0000    0.0000    0.0000   -0.0000   -0.0000   -0.0000   -0.0000    0.0000   -0.0000    0.3881
   18 H4     2px        0.2246    0.2022    0.1985    0.1019   -0.0197   -0.3723    0.1880    0.2787   -0.2468    0.0000
   19 H4     2py       -0.3441    0.1985   -0.2022    0.0197    0.1019   -0.1880   -0.3723    0.2468    0.2787    0.0000
   20 H4     2pz        0.0000   -0.0000   -0.0000   -0.0000   -0.0000    0.0000    0.0000    0.0000   -0.0000    0.4324
   21 H5     1s         0.0000   -0.0000   -0.0000    0.0000    0.0000    0.0000   -0.0000   -0.0000    0.0000   -0.6743
   22 H5     2s         0.0000   -0.0000   -0.0000    0.0000    0.0000    0.0000    0.0000   -0.0000    0.0000   -0.9136
   23 H5     2px       -0.0531   -0.3020   -0.2965    0.2010   -0.0389    0.2634   -0.1330   -0.3161    0.2800   -0.0000
   24 H5     2py        0.0814   -0.2965    0.3020    0.0389    0.2010    0.1330    0.2634   -0.2800   -0.3161   -0.0000
   25 H5     2pz       -0.0000    0.0000    0.0000    0.0000    0.0000   -0.0000   -0.0000   -0.0000    0.0000   -0.0588
   26 H6     1s        -0.0000    0.0000    0.0000   -0.0000   -0.0000    0.0000    0.0000    0.0000   -0.0000    0.3567
   27 H6     2s        -0.0000   -0.0000    0.0000   -0.0000   -0.0000    0.0000    0.0000    0.0000   -0.0000    0.4781
   28 H6     2px       -0.1858    0.1417    0.1391   -0.4021    0.0778   -0.0952    0.0481    0.3353   -0.2970    0.0000
   29 H6     2py        0.2847    0.1391   -0.1417   -0.0778   -0.4021   -0.0481   -0.0952    0.2970    0.3353    0.0000
   30 H6     2pz       -0.0000   -0.0000   -0.0000    0.0000    0.0000    0.0000    0.0000   -0.0000   -0.0000   -0.4092
   31 H7     1s         0.0000    0.0000   -0.0000    0.0000    0.0000   -0.0000   -0.0000   -0.0000    0.0000    0.3567
   32 H7     2s        -0.0000    0.0000   -0.0000    0.0000    0.0000   -0.0000   -0.0000   -0.0000    0.0000    0.4781
   33 H7     2px        0.1858    0.1417    0.1391    0.4021   -0.0778   -0.0953    0.0481   -0.3353    0.2970    0.0000
   34 H7     2py       -0.2847    0.1391   -0.1417    0.0778    0.4021   -0.0481   -0.0953   -0.2970   -0.3353    0.0000
   35 H7     2pz       -0.0000   -0.0000    0.0000   -0.0000   -0.0000    0.0000    0.0000    0.0000   -0.0000    0.4092
   36 H8     1s        -0.0000    0.0000    0.0000   -0.0000   -0.0000   -0.0000   -0.0000   -0.0000   -0.0000   -0.6743
   37 H8     2s         0.0000    0.0000    0.0000   -0.0000   -0.0000   -0.0000   -0.0000   -0.0000   -0.0000   -0.9136
   38 H8     2px        0.0531   -0.3020   -0.2965   -0.2010    0.0389    0.2634   -0.1330    0.3161   -0.2800   -0.0000
   39 H8     2py       -0.0814   -0.2965    0.3020   -0.0389   -0.2010    0.1330    0.2634    0.2800    0.3161   -0.0000
   40 H8     2pz        0.0000    0.0000    0.0000    0.0000    0.0000   -0.0000   -0.0000   -0.0000    0.0000    0.0588
   41 H9     1s        -0.0000   -0.0000   -0.0000    0.0000    0.0000    0.0000    0.0000    0.0000   -0.0000    0.2703
   42 H9     2s        -0.0000   -0.0000   -0.0000    0.0000    0.0000    0.0000    0.0000    0.0000   -0.0000    0.3881
   43 H9     2px       -0.2246    0.2022    0.1985   -0.1019    0.0197   -0.3723    0.1880   -0.2787    0.2468    0.0000
   44 H9     2py        0.3441    0.1985   -0.2022   -0.0197   -0.1019   -0.1880   -0.3723   -0.2468   -0.2787    0.0000
   45 H9     2pz       -0.0000   -0.0000   -0.0000    0.0000    0.0000    0.0000    0.0000   -0.0000   -0.0000   -0.4324
   46 H10    1s         0.0000    0.0000    0.0000   -0.0000   -0.0000   -0.0000   -0.0000    0.0000    0.0000    0.3618
   47 H10    2s         0.0000    0.0000    0.0000   -0.0000   -0.0000   -0.0000   -0.0000    0.0000    0.0000    0.4632
   48 H10    2px        0.1061    0.0715    0.0701    0.3523   -0.0682    0.3956   -0.1998    0.2250   -0.1993   -0.0000
   49 H10    2py       -0.1626    0.0701   -0.0715    0.0682    0.3523    0.1998    0.3956    0.1993    0.2250   -0.0000
   50 H10    2pz        0.0000   -0.0000   -0.0000   -0.0000   -0.0000    0.0000    0.0000    0.0000   -0.0000    0.2866
   51 H11    1s        -0.0000   -0.0000   -0.0000    0.0000    0.0000    0.0000    0.0000   -0.0000   -0.0000   -0.5497
   52 H11    2s        -0.0000   -0.0000   -0.0000    0.0000    0.0000    0.0000    0.0000   -0.0000   -0.0000   -0.7453
   53 H11    2px        0.1502   -0.2847   -0.2794   -0.4267    0.0826   -0.3287    0.1660   -0.1581    0.1400    0.0000
   54 H11    2py       -0.2302   -0.2794    0.2847   -0.0826   -0.4267   -0.1660   -0.3287   -0.1400   -0.1581    0.0000
   55 H11    2pz        0.0000    0.0000    0.0000   -0.0000   -0.0000   -0.0000   -0.0000    0.0000    0.0000    0.1475
   56 H12    1s         0.0000    0.0000   -0.0000   -0.0000   -0.0000   -0.0000   -0.0000    0.0000    0.0000    0.2347
   57 H12    2s         0.0000    0.0000    0.0000   -0.0000   -0.0000   -0.0000   -0.0000    0.0000    0.0000    0.3680
   58 H12    2px       -0.2107    0.2495    0.2449    0.2839   -0.0549    0.1849   -0.0934    0.0811   -0.0718   -0.0000
   59 H12    2py        0.3228    0.2449   -0.2495    0.0549    0.2839    0.0934    0.1849    0.0718    0.0811   -0.0000
   60 H12    2pz       -0.0000   -0.0000   -0.0000    0.0000    0.0000   -0.0000   -0.0000   -0.0000   -0.0000   -0.3111
 
 
      Orbital               51        52        53        54        55        56        57        58        59        60
      Energy            1.2704    1.2995    1.3336    1.3860    1.3896    1.4990    1.6264    1.7546    1.8671    1.9451
      Occ. No.          0.0000    0.0000    0.0000    0.0000    0.0000    0.0000    0.0000    0.0000    0.0000    0.0000
 
    1 H1     1s        -0.1676   -0.3081    0.2131    0.2632    0.1397   -0.2263   -0.2053    0.1763   -0.1314    0.0707
    2 H1     2s        -0.2414   -0.4616    0.2985    0.3504    0.1896   -0.2467   -0.1789    0.1257   -0.0803    0.0393
    3 H1     2px        0.0000    0.0000   -0.0000    0.0000   -0.0000   -0.0000   -0.0000    0.0000   -0.0000    0.0000
    4 H1     2py        0.0000    0.0000   -0.0000    0.0000   -0.0000   -0.0000   -0.0000    0.0000   -0.0000    0.0000
    5 H1     2pz       -0.0823   -0.4588    0.1259    0.4690    0.0947   -0.4419   -0.3963    0.3271   -0.2345    0.1228
    6 H2     1s         0.4939    0.6823   -0.6454   -0.4699   -0.4260    0.2578    0.1130   -0.0101   -0.0411    0.0382
    7 H2     2s         0.7579    0.8551   -0.9386   -0.5004   -0.5951    0.2330    0.1141   -0.0554    0.0257   -0.0100
    8 H2     2px       -0.0000   -0.0000    0.0000   -0.0000    0.0000    0.0000    0.0000   -0.0000    0.0000   -0.0000
    9 H2     2py       -0.0000   -0.0000    0.0000   -0.0000    0.0000    0.0000    0.0000   -0.0000    0.0000   -0.0000
   10 H2     2pz        0.2205    0.0760   -0.2513    0.1719   -0.1406   -0.3976   -0.5356    0.5657   -0.4732    0.2700
   11 H3     1s        -0.7650   -0.3694    1.0638    0.0571    0.7378    0.1543    0.1525   -0.0581   -0.0317    0.0499
   12 H3     2s        -1.1089   -0.4924    1.5104    0.1597    1.0373    0.0300    0.0236    0.0096   -0.0250    0.0188
   13 H3     2px        0.0000    0.0000   -0.0000    0.0000   -0.0000   -0.0000   -0.0000    0.0000   -0.0000    0.0000
   14 H3     2py        0.0000    0.0000   -0.0000    0.0000   -0.0000   -0.0000   -0.0000    0.0000   -0.0000    0.0000
   15 H3     2pz       -0.1297    0.4598    0.1421   -0.4425    0.0888    0.2051   -0.1653    0.4840   -0.5825    0.3926
   16 H4     1s         0.5606   -0.2349   -1.1127    0.1011   -0.9744    0.0311    0.1757   -0.1613    0.0402    0.0317
   17 H4     2s         0.7618   -0.2216   -1.5896   -0.0116   -1.3949    0.0507    0.0856   -0.0587    0.0168    0.0027
   18 H4     2px       -0.0000   -0.0000    0.0000   -0.0000    0.0000    0.0000    0.0000   -0.0000    0.0000   -0.0000
   19 H4     2py       -0.0000   -0.0000    0.0000   -0.0000    0.0000    0.0000    0.0000   -0.0000    0.0000   -0.0000
   20 H4     2pz       -0.2285   -0.2836    0.1093   -0.2344   -0.0522    0.5063    0.3299    0.1653   -0.5639    0.4977
   21 H5     1s         0.1684    0.3525    0.7625    0.2621    1.1586   -0.2598   -0.0259   -0.1368    0.0803    0.0204
   22 H5     2s         0.2662    0.4371    1.1288    0.2652    1.6605   -0.1677   -0.0158   -0.0364    0.0159    0.0061
   23 H5     2px        0.0000    0.0000   -0.0000    0.0000   -0.0000   -0.0000   -0.0000    0.0000   -0.0000    0.0000
   24 H5     2py        0.0000    0.0000   -0.0000    0.0000   -0.0000   -0.0000   -0.0000    0.0000   -0.0000    0.0000
   25 H5     2pz        0.4739   -0.2596   -0.2180    0.3655    0.0680    0.1444    0.5411   -0.2513   -0.4022    0.5688
   26 H6     1s        -0.8546   -0.0709   -0.2575   -0.2428   -1.2845   -0.1169   -0.1728   -0.0611    0.1073    0.0080
   27 H6     2s        -1.2025   -0.2058   -0.3937   -0.2113   -1.8220   -0.0449   -0.0673   -0.0191    0.0259    0.0002
   28 H6     2px       -0.0000   -0.0000    0.0000   -0.0000    0.0000    0.0000    0.0000   -0.0000    0.0000   -0.0000
   29 H6     2py       -0.0000   -0.0000    0.0000   -0.0000    0.0000    0.0000    0.0000   -0.0000    0.0000   -0.0000
   30 H6     2pz       -0.2495    0.2404    0.1603    0.3451   -0.0409   -0.4183    0.2566   -0.5305   -0.1464    0.6062
   31 H7     1s         0.8546    0.0709   -0.2575   -0.2427    1.2845    0.1169   -0.1728    0.0611    0.1073   -0.0080
   32 H7     2s         1.2025    0.2058   -0.3937   -0.2111    1.8220    0.0449   -0.0673    0.0191    0.0259   -0.0002
   33 H7     2px       -0.0000   -0.0000    0.0000   -0.0000    0.0000    0.0000    0.0000   -0.0000    0.0000   -0.0000
   34 H7     2py       -0.0000   -0.0000    0.0000   -0.0000    0.0000    0.0000    0.0000   -0.0000    0.0000   -0.0000
   35 H7     2pz       -0.2495    0.2404   -0.1603   -0.3451   -0.0409   -0.4183   -0.2566   -0.5305    0.1464    0.6062
   36 H8     1s        -0.1684   -0.3525    0.7625    0.2620   -1.1587    0.2598   -0.0259    0.1368    0.0803   -0.0204
   37 H8     2s        -0.2662   -0.4371    1.1288    0.2651   -1.6605    0.1677   -0.0158    0.0364    0.0159   -0.0061
   38 H8     2px        0.0000    0.0000   -0.0000    0.0000   -0.0000   -0.0000   -0.0000    0.0000   -0.0000    0.0000
   39 H8     2py        0.0000    0.0000   -0.0000    0.0000   -0.0000   -0.0000   -0.0000    0.0000   -0.0000    0.0000
   40 H8     2pz        0.4739   -0.2596    0.2180   -0.3655    0.0680    0.1444   -0.5411   -0.2513    0.4022    0.5688
   41 H9     1s        -0.5606    0.2349   -1.1127    0.1011    0.9743   -0.0311    0.1757    0.1613    0.0402   -0.0317
   42 H9     2s        -0.7618    0.2216   -1.5896   -0.0115    1.3949   -0.0507    0.0856    0.0587    0.0168   -0.0027
   43 H9     2px       -0.0000   -0.0000    0.0000   -0.0000    0.0000    0.0000    0.0000   -0.0000    0.0000   -0.0000
   44 H9     2py       -0.0000   -0.0000    0.0000   -0.0000    0.0000    0.0000    0.0000   -0.0000    0.0000   -0.0000
   45 H9     2pz       -0.2285   -0.2836   -0.1093    0.2344   -0.0522    0.5063   -0.3299    0.1653    0.5639    0.4977
   46 H10    1s         0.7650    0.3694    1.0638    0.0571   -0.7378   -0.1543    0.1525    0.0581   -0.0317   -0.0499
   47 H10    2s         1.1089    0.4924    1.5104    0.1596   -1.0373   -0.0300    0.0236   -0.0096   -0.0250   -0.0188
   48 H10    2px        0.0000    0.0000   -0.0000    0.0000   -0.0000   -0.0000   -0.0000    0.0000   -0.0000    0.0000
   49 H10    2py        0.0000    0.0000   -0.0000    0.0000   -0.0000   -0.0000   -0.0000    0.0000   -0.0000    0.0000
   50 H10    2pz       -0.1297    0.4598   -0.1421    0.4425    0.0888    0.2051    0.1653    0.4840    0.5825    0.3926
   51 H11    1s        -0.4939   -0.6823   -0.6454   -0.4698    0.4260   -0.2578    0.1130    0.0101   -0.0411   -0.0382
   52 H11    2s        -0.7579   -0.8551   -0.9386   -0.5004    0.5951   -0.2330    0.1141    0.0554    0.0257    0.0100
   53 H11    2px       -0.0000   -0.0000    0.0000   -0.0000    0.0000    0.0000    0.0000   -0.0000    0.0000   -0.0000
   54 H11    2py       -0.0000   -0.0000    0.0000   -0.0000    0.0000    0.0000    0.0000   -0.0000    0.0000   -0.0000
   55 H11    2pz        0.2205    0.0760    0.2513   -0.1719   -0.1406   -0.3976    0.5356    0.5657    0.4732    0.2700
   56 H12    1s         0.1676    0.3081    0.2131    0.2632   -0.1398    0.2263   -0.2053   -0.1763   -0.1314   -0.0707
   57 H12    2s         0.2414    0.4616    0.2985    0.3504   -0.1897    0.2467   -0.1789   -0.1257   -0.0803   -0.0393
   58 H12    2px        0.0000    0.0000   -0.0000    0.0000   -0.0000   -0.0000   -0.0000    0.0000   -0.0000   -0.0000
   59 H12    2py        0.0000    0.0000   -0.0000    0.0000   -0.0000   -0.0000   -0.0000    0.0000   -0.0000    0.0000
   60 H12    2pz       -0.0823   -0.4588   -0.1259   -0.4690    0.0947   -0.4419    0.3963    0.3271    0.2345    0.1228
--
 
      Von Neumann Entropy (Root  1) =  4.46302
 

      Mulliken population analysis for root number:  1
      -----------------------------------------------
 
 
++    Molecular charges:
      ------------------
 
      Mulliken charges per centre and basis function type
      ---------------------------------------------------
 
                H1      H2      H3      H4      H5      H6      H7      H8      H9      H10     H11     H12   
      1s       0.9780  1.0038  1.0008  0.9996  1.0001  0.9998  0.9998  1.0001  0.9996  1.0008  1.0038  0.9780
      2s       0.0084  0.0031 -0.0061 -0.0037 -0.0048 -0.0043 -0.0043 -0.0048 -0.0037 -0.0061  0.0031  0.0084
      2px      0.0000  0.0000  0.0000 -0.0000  0.0000  0.0000  0.0000  0.0000 -0.0000  0.0000  0.0000  0.0000
      2pz      0.0021  0.0051  0.0046  0.0046  0.0046  0.0046  0.0046  0.0046  0.0046  0.0046  0.0051  0.0021
      2py      0.0000  0.0000  0.0000  0.0000  0.0000  0.0000  0.0000  0.0000 -0.0000  0.0000  0.0000  0.0000
      Total    0.9885  1.0119  0.9992  1.0004  0.9999  1.0001  1.0001  0.9999  1.0004  0.9992  1.0119  0.9885
 
      N-E      0.0115 -0.0119  0.0008 -0.0004  0.0001 -0.0001 -0.0001  0.0001 -0.0004  0.0008 -0.0119  0.0115
 
      Total electronic charge=   12.000000
 
      Total            charge=   -0.000000
--
 
 

      Expectation values of various properties for root number:  1
      -----------------------------------------------------------
 
 
++    Molecular properties:
      ---------------------
 
      Charge (e):
                      =   -0.0000
      Dipole Moment (Debye):
      Origin of the operator (Ang)=    0.0000    0.0000    0.0000
                   X=  4.2573E-08               Y=  2.6561E-08               Z= -3.4677E-05           Total=  3.4677E-05
      Quadrupole Moment (Debye*Ang):
      Origin of the operator (Ang)=    0.0000    0.0000   10.6333
                  XX= -1.8400E+01              XY= -4.0212E-13              XZ=  1.9594E-09              YY= -1.8400E+01
                  YZ=  3.2971E-09              ZZ= -1.3202E+01
      In traceless form (Debye*Ang)
                  XX= -2.5988E+00              XY= -6.0317E-13              XZ=  2.9392E-09              YY= -2.5988E+00
                  YZ=  4.9456E-09              ZZ=  5.1976E+00
--
 

      LoProp population analysis for root number:  1
      -----------------------------------------------
 
 
++    LoProp analysis:
      ----------------
 
 
 
  Input file to MOLDEN was generated!
 
 
++    Static properties:
      ------------------
 
 
      LoProp Charges per center
 

                   H1       H2       H3       H4       H5       H6       H7       H8       H9       H10   
      Nuclear      1.0000   1.0000   1.0000   1.0000   1.0000   1.0000   1.0000   1.0000   1.0000   1.0000
      Electronic  -0.9997  -1.0004  -0.9997  -1.0003  -0.9999  -1.0001  -1.0001  -0.9999  -1.0003  -0.9997
 
      Total        0.0003  -0.0004   0.0003  -0.0003   0.0001  -0.0001  -0.0001   0.0001  -0.0003   0.0003
 

                   H11      H12   
      Nuclear      1.0000   1.0000
      Electronic  -1.0004  -0.9997
 
      Total       -0.0004   0.0003
--
 
 
      Natural Bond Order analysis for root number:  1
 
++    Natural Bond Order analysis
      ---------------------------
      Based on LoProp computed density
      -------------------------------------------------------------------------------------
      Atom A       Atom B       Bond Order
      -------------------------------------------------------------------------------------
      NBO located      0.993 non-bonded electrons on atom H1        
      NBO located      1.018 non-bonded electrons on atom H3        
      NBO located      1.018 non-bonded electrons on atom H4        
      NBO located      1.018 non-bonded electrons on atom H5        
      NBO located      1.018 non-bonded electrons on atom H6        
      NBO located      1.018 non-bonded electrons on atom H7        
      NBO located      1.018 non-bonded electrons on atom H8        
      NBO located      1.018 non-bonded electrons on atom H9        
      NBO located      1.018 non-bonded electrons on atom H10       
      NBO located      0.993 non-bonded electrons on atom H12       
      The remaining    1.872 electrons are to be considered as diffuse
--
 
--
 
 
  Input file to MOLDEN was generated!
 
      Average orbitals are written to the RASORB file
      Natural orbitals for root   1 are written to the RASORB.1 file
      Spin density orbitals for root   1 are written to the SPDORB.1 file
 
forrtl: warning (525): IEEE_DIVIDE_BY_ZERO is signaling
forrtl: warning (526): IEEE_INVALID is signaling
forrtl: warning (528): IEEE_UNDERFLOW is signaling
--- Stop Module: rasscf at Mon Oct 27 06:21:40 2025 /rc=_RC_ALL_IS_WELL_ ---
*** files: H12_1.93.LprOrb H12_1.93.rasscf.molden H12_1.93.LoProp.molden H12_1.93.RasOrb.1 H12_1.93.RasOrb H12_1.93.rasscf.h5 H12_1.93.SpdOrb.1 xmldump
    saved to directory ${LOCALHOME}/DDCASPT2/hydrogen_comps/rerun/H12_chain/H12_1.93
--- Module rasscf spent 8 minutes 11 seconds ---

>>> COPY /tmp/H12_1.93/H12_1.93.rasscf.h5 ${LOCALHOME}/DDCASPT2/hydrogen_comps/rerun/H12_chain/H12_1.93/

>>> COPY /tmp/H12_1.93/DDCASPT2_Fock_MO.csv ${LOCALHOME}/DDCASPT2/hydrogen_comps/rerun/H12_chain/H12_1.93/H12_1.93.DDCASPT2_Fock_MO.csv

*** symbolic link created: INPORB -> H12_1.93.RasOrb
--- Start Module: motra at Mon Oct 27 06:21:40 2025 ---
 
()()()()()()()()()()()()()()()()()()()()()()()()()()()()()()()()()()()()()()()()()()()()()()()()()()

                                               &MOTRA

                                   only a single process is used
                       available to each process: 2.0 GB of memory, 1 thread?
()()()()()()()()()()()()()()()()()()()()()()()()()()()()()()()()()()()()()()()()()()()()()()()()()()
 
 
      *** WARNING: Default frozen orbitals is overwritten by user input.
      *** Default values:   0
 
      Header of the integral files:
      
       Integrals generated by seward 4.2.0  , Mon Oct 27 06:13:28 2025
 
 
      Header of MO coefficients source file:
      * RASSCF average (pseudo-natural) orbitals                                      
 
 
      Cartesian coordinates in Angstrom:
      -----------------------------------------------------
      No.  Label        X            Y            Z        
      -----------------------------------------------------
       1   H1         0.00000000   0.00000000   0.00000000
       2   H2         0.00000000   0.00000000   1.93333300
       3   H3         0.00000000   0.00000000   3.86666700
       4   H4         0.00000000   0.00000000   5.80000000
       5   H5         0.00000000   0.00000000   7.73333300
       6   H6         0.00000000   0.00000000   9.66666700
       7   H7         0.00000000   0.00000000  11.60000000
       8   H8         0.00000000   0.00000000  13.53333300
       9   H9         0.00000000   0.00000000  15.46666700
      10   H10        0.00000000   0.00000000  17.40000000
      11   H11        0.00000000   0.00000000  19.33333300
      12   H12        0.00000000   0.00000000  21.26666700
      -----------------------------------------------------
      Nuclear repulsion energy =    6.90809679
 
      Orbital specifications:
      -----------------------
 
      Symmetry species:              1
      Number of basis functions:    60
      Frozen orbitals:               0
      Deleted orbitals:              0
      Number of orbitals used:      60

       SYMMETRY  BASIS FUNCTIONS       ORBITALS      INTEGRALS   CPU(SEC)  I/O(SEC)
        1 1 1 1   60  60  60  60    60  60  60  60     1675365       0.00      0.00

       TOTAL CPU TIME(SEC)    1.07TOTAL I/O TIME(SEC)    2.47
 
--- Stop Module: motra at Mon Oct 27 06:21:42 2025 /rc=_RC_ALL_IS_WELL_ ---
*** files: xmldump
    saved to directory ${LOCALHOME}/DDCASPT2/hydrogen_comps/rerun/H12_chain/H12_1.93
--- Module motra spent 2 seconds ---

>>> COPY /tmp/H12_1.93/DDCASPT2_one_int_indx.csv ${LOCALHOME}/DDCASPT2/hydrogen_comps/rerun/H12_chain/H12_1.93/H12_1.93.DDCASPT2_one_int_indx.csv

>>> COPY /tmp/H12_1.93/DDCASPT2_one_int.csv ${LOCALHOME}/DDCASPT2/hydrogen_comps/rerun/H12_chain/H12_1.93/H12_1.93.DDCASPT2_one_int.csv

>>> COPY /tmp/H12_1.93/DDCASPT2_two_int_indx.csv ${LOCALHOME}/DDCASPT2/hydrogen_comps/rerun/H12_chain/H12_1.93/H12_1.93.DDCASPT2_two_int_indx.csv

>>> COPY /tmp/H12_1.93/DDCASPT2_two_int.csv ${LOCALHOME}/DDCASPT2/hydrogen_comps/rerun/H12_chain/H12_1.93/H12_1.93.DDCASPT2_two_int.csv

*** symbolic link created: INPORB -> H12_1.93.RasOrb
--- Start Module: caspt2 at Mon Oct 27 06:21:42 2025 ---
 
()()()()()()()()()()()()()()()()()()()()()()()()()()()()()()()()()()()()()()()()()()()()()()()()()()

                                              &CASPT2

                                   only a single process is used
                       available to each process: 2.0 GB of memory, 1 thread?
()()()()()()()()()()()()()()()()()()()()()()()()()()()()()()()()()()()()()()()()()()()()()()()()()()
 
 Cholesky algorithm in CASPT2 =    1
 
 ###############################################################################
 ###############################################################################
 ###                                                                         ###
 ###                                                                         ###
 ###    User changed nr of frozen orbitals.                                  ###
 ###                                                                         ###
 ###                                                                         ###
 ###############################################################################
 ###############################################################################
 
++    Wave function specifications:
      -----------------------------
 
      Number of closed shell electrons           0
      Number of electrons in active shells      12
      Max number of holes in RAS1 space          0
      Max number of electrons in RAS3 space      0
      Number of inactive orbitals                0
      Number of active orbitals                 12
      Number of secondary orbitals              48
      Spin quantum number                      0.0
      State symmetry                             1
      Number of CSFs                        226512
      Number of root(s) available                1
      Root passed to geometry opt.               1
      A file JOBMIX will be created.
      This is a CASSCF or RASSCF reference function
--
 
++    Orbital specifications:
      -----------------------
 
      Symmetry species                           1
                                                 a
      Frozen orbitals                            0
      Inactive orbitals                          0
      Active orbitals                           12
      Secondary orbitals                        48
      Deleted orbitals                           0
      Number of basis functions                 60
--
 
      Type of Fock operator: STANDARD
      Type of 0-order Hamiltonian: STANDARD WITH DEFAULT IPEA
        "IP-EA" denominator shift =      0.25
      The input orbitals and the CI vector will be transformed.
 
--------------------------------------------------------------------------------
 Estimated memory requirements:
  POLY3 :                 54392696
  RHS:                     1916944
  SIGMA :                   616912
  PRPCTL:                        0
 Available workspace:    230179958
 
++ CASPT2 computation for group   1
 
********************************************************************************
 Multi-State initialization phase begins for group   1
--------------------------------------------------------------------------------
********************************************************************************
 Compute H0 matrices for state    1
--------------------------------------------------------------------------------
--------------------------------------------------------------------------------
 H0 matrices have been computed.
 
********************************************************************************
  CASPT2 EQUATION SOLUTION
--------------------------------------------------------------------------------
 
  Total nr of CASPT2 parameters:
   Before reduction:      249120
   After  reduction:      248544
 
 The contributions to the second order correlation energy in atomic units.
-----------------------------------------------------------------------------------------------------------------------------
  IT.      VJTU        VJTI        ATVX        AIVX        VJAI        BVAT        BJAT        BJAI        TOTAL       RNORM  
-----------------------------------------------------------------------------------------------------------------------------
   1     0.000000    0.000000   -0.008019    0.000000    0.000000   -0.016507    0.000000    0.000000   -0.024526    0.001957
   2     0.000000    0.000000   -0.008090    0.000000    0.000000   -0.016530    0.000000    0.000000   -0.024619    0.000331
   3     0.000000    0.000000   -0.008100    0.000000    0.000000   -0.016532    0.000000    0.000000   -0.024632    0.000092
   4     0.000000    0.000000   -0.008095    0.000000    0.000000   -0.016532    0.000000    0.000000   -0.024628    0.000015
   5     0.000000    0.000000   -0.008095    0.000000    0.000000   -0.016532    0.000000    0.000000   -0.024628    0.000003
-------------------------------------------------------------------------------------------------------------------
 
  FINAL CASPT2 RESULT:
 
  Correlation energy /Case, /Symm, and sums:
 VJTU      0.00000000  0.00000000
 VJTIP     0.00000000  0.00000000
 VJTIM     0.00000000  0.00000000
 ATVX     -0.00809539 -0.00809539
 AIVX      0.00000000  0.00000000
 VJAIP     0.00000000  0.00000000
 VJAIM     0.00000000  0.00000000
 BVATP    -0.01560134 -0.01560134
 BVATM    -0.00093110 -0.00093110
 BJATP     0.00000000  0.00000000
 BJATM     0.00000000  0.00000000
 BJAIP     0.00000000  0.00000000
 BJAIM     0.00000000  0.00000000
 Summed:  -0.02462782 -0.02462782
 
      Reference energy:          -6.1080733057
      E2 (Non-variational):      -0.0246278244
      E2 (Variational):          -0.0246278261
      Total energy:              -6.1327011318
      Residual norm:              0.0000004530
      Reference weight:           0.98524
 
      Contributions to the CASPT2 correlation energy
      Active & Virtual Only:         -0.0246278244
      One Inactive Excited:           0.0000000000
      Two Inactive Excited:           0.0000000000
 
 
++ Denominators, etc.
----------------------------------------------------------------------------------------------------
 Report on small energy denominators, large coefficients, and large energy contributions.
CASE  SYMM ACTIVE-MIX  NON-ACTIVE INDICES          DENOMINATOR     RHS VALUE       COEFFICIENT     CONTRIBUTION
ATVX     1  Mu1.0001  Se1.013                       0.14772371     -0.00000006      0.00000048     -0.00000000
ATVX     1  Mu1.0002  Se1.013                       0.18795308      0.00002548     -0.00041580     -0.00000001
ATVX     1  Mu1.0003  Se1.013                       0.22923754     -0.00000011      0.00000055     -0.00000000
ATVX     1  Mu1.0004  Se1.013                       0.26331483      0.00005987     -0.00080060     -0.00000005
ATVX     1  Mu1.0005  Se1.013                       0.28822441      0.00000002     -0.00000013     -0.00000000
ATVX     1  Mu1.0001  Se1.014                       0.16037602     -0.00003286     -0.00007479      0.00000000
ATVX     1  Mu1.0002  Se1.014                       0.20060539      0.00000013     -0.00000075     -0.00000000
ATVX     1  Mu1.0003  Se1.014                       0.24188985      0.00007276     -0.00109894     -0.00000008
ATVX     1  Mu1.0004  Se1.014                       0.27596714     -0.00000015      0.00000063     -0.00000000
ATVX     1  Mu1.0001  Se1.015                       0.18315071      0.00000005     -0.00000027     -0.00000000
ATVX     1  Mu1.0002  Se1.015                       0.22338008      0.00006646      0.00048292      0.00000003
ATVX     1  Mu1.0003  Se1.015                       0.26466454      0.00000013     -0.00000056     -0.00000000
ATVX     1  Mu1.0004  Se1.015                       0.29874183      0.00035707      0.00169411      0.00000060
ATVX     1  Mu1.0001  Se1.016                       0.21910369     -0.00020400      0.00043870     -0.00000009
ATVX     1  Mu1.0002  Se1.016                       0.25933306      0.00000003     -0.00000015     -0.00000000
ATVX     1  Mu1.0001  Se1.017                       0.27162687     -0.00000006      0.00000024     -0.00000000
--
 
   (Skipping property calculation,
    use PROP keyword to activate)
--
 
  Total CASPT2 energies:
::    CASPT2 Root  1     Total energy:     -6.13270113
 
  A NEW JOBIPH FILE NAMED 'JOBMIX' IS PREPARED.
********************************************************************************
forrtl: warning (528): IEEE_UNDERFLOW is signaling
--- Stop Module: caspt2 at Mon Oct 27 06:23:20 2025 /rc=_RC_ALL_IS_WELL_ ---
*** files: xmldump
    saved to directory ${LOCALHOME}/DDCASPT2/hydrogen_comps/rerun/H12_chain/H12_1.93
--- Module caspt2 spent 1 minute 37 seconds ---

>>> EXPORT i = B

>>> EXPORT j = P

>>> IF (-FILE DDCASPT2_e2_${i}_${j}_1_.csv)
(Skipped)

>>> END FOREACH

>>> EXPORT j = M

>>> IF (-FILE DDCASPT2_e2_${i}_${j}_1_.csv)
(Skipped)

>>> END FOREACH

>>> END FOREACH

>>> EXPORT i = E

>>> EXPORT j = P

>>> IF (-FILE DDCASPT2_e2_${i}_${j}_1_.csv)
(Skipped)

>>> END FOREACH

>>> EXPORT j = M

>>> IF (-FILE DDCASPT2_e2_${i}_${j}_1_.csv)
(Skipped)

>>> END FOREACH

>>> END FOREACH

>>> EXPORT i = F

>>> EXPORT j = P

>>> IF (-FILE DDCASPT2_e2_${i}_${j}_1_.csv)

>>> COPY /tmp/H12_1.93/DDCASPT2_RHS_F_P_1_.csv ${LOCALHOME}/DDCASPT2/hydrogen_comps/rerun/H12_chain/H12_1.93/DDCASPT2_RHS_F_P_1_.csv

>>> COPY /tmp/H12_1.93/DDCASPT2_IVECW_F_P_1_.csv ${LOCALHOME}/DDCASPT2/hydrogen_comps/rerun/H12_chain/H12_1.93/DDCASPT2_IVECW_F_P_1_.csv

>>> COPY /tmp/H12_1.93/DDCASPT2_IVECX_F_P_1_.csv ${LOCALHOME}/DDCASPT2/hydrogen_comps/rerun/H12_chain/H12_1.93/DDCASPT2_IVECX_F_P_1_.csv

>>> COPY /tmp/H12_1.93/DDCASPT2_IVECC2_F_P_1_.csv ${LOCALHOME}/DDCASPT2/hydrogen_comps/rerun/H12_chain/H12_1.93/DDCASPT2_IVECC2_F_P_1_.csv

>>> COPY /tmp/H12_1.93/DDCASPT2_e2_F_P_1_.csv ${LOCALHOME}/DDCASPT2/hydrogen_comps/rerun/H12_chain/H12_1.93/DDCASPT2_e2_F_P_1_.csv

>>> END FOREACH

>>> EXPORT j = M

>>> IF (-FILE DDCASPT2_e2_${i}_${j}_1_.csv)

>>> COPY /tmp/H12_1.93/DDCASPT2_RHS_F_M_1_.csv ${LOCALHOME}/DDCASPT2/hydrogen_comps/rerun/H12_chain/H12_1.93/DDCASPT2_RHS_F_M_1_.csv

>>> COPY /tmp/H12_1.93/DDCASPT2_IVECW_F_M_1_.csv ${LOCALHOME}/DDCASPT2/hydrogen_comps/rerun/H12_chain/H12_1.93/DDCASPT2_IVECW_F_M_1_.csv

>>> COPY /tmp/H12_1.93/DDCASPT2_IVECX_F_M_1_.csv ${LOCALHOME}/DDCASPT2/hydrogen_comps/rerun/H12_chain/H12_1.93/DDCASPT2_IVECX_F_M_1_.csv

>>> COPY /tmp/H12_1.93/DDCASPT2_IVECC2_F_M_1_.csv ${LOCALHOME}/DDCASPT2/hydrogen_comps/rerun/H12_chain/H12_1.93/DDCASPT2_IVECC2_F_M_1_.csv

>>> COPY /tmp/H12_1.93/DDCASPT2_e2_F_M_1_.csv ${LOCALHOME}/DDCASPT2/hydrogen_comps/rerun/H12_chain/H12_1.93/DDCASPT2_e2_F_M_1_.csv

>>> END FOREACH

>>> END FOREACH

>>> EXPORT i = G

>>> EXPORT j = P

>>> IF (-FILE DDCASPT2_e2_${i}_${j}_1_.csv)
(Skipped)

>>> END FOREACH

>>> EXPORT j = M

>>> IF (-FILE DDCASPT2_e2_${i}_${j}_1_.csv)
(Skipped)

>>> END FOREACH

>>> END FOREACH

>>> EXPORT i = H

>>> EXPORT j = P

>>> IF (-FILE DDCASPT2_e2_${i}_${j}_1_.csv)
(Skipped)

>>> END FOREACH

>>> EXPORT j = M

>>> IF (-FILE DDCASPT2_e2_${i}_${j}_1_.csv)
(Skipped)

>>> END FOREACH

>>> END FOREACH

>>> EXPORT i = A

>>> IF (-FILE DDCASPT2_e2_${i}_1_.csv)
(Skipped)

>>> END FOREACH

>>> EXPORT i = C

>>> IF (-FILE DDCASPT2_e2_${i}_1_.csv)

>>> COPY /tmp/H12_1.93/DDCASPT2_RHS_C_1_.csv ${LOCALHOME}/DDCASPT2/hydrogen_comps/rerun/H12_chain/H12_1.93/DDCASPT2_RHS_C_1_.csv

>>> COPY /tmp/H12_1.93/DDCASPT2_IVECW_C_1_.csv ${LOCALHOME}/DDCASPT2/hydrogen_comps/rerun/H12_chain/H12_1.93/DDCASPT2_IVECW_C_1_.csv

>>> COPY /tmp/H12_1.93/DDCASPT2_IVECX_C_1_.csv ${LOCALHOME}/DDCASPT2/hydrogen_comps/rerun/H12_chain/H12_1.93/DDCASPT2_IVECX_C_1_.csv

>>> COPY /tmp/H12_1.93/DDCASPT2_IVECC2_C_1_.csv ${LOCALHOME}/DDCASPT2/hydrogen_comps/rerun/H12_chain/H12_1.93/DDCASPT2_IVECC2_C_1_.csv

>>> COPY /tmp/H12_1.93/DDCASPT2_e2_C_1_.csv ${LOCALHOME}/DDCASPT2/hydrogen_comps/rerun/H12_chain/H12_1.93/DDCASPT2_e2_C_1_.csv

>>> END FOREACH

>>> EXPORT i = D

>>> IF (-FILE DDCASPT2_e2_${i}_1_.csv)
(Skipped)

>>> END FOREACH

.########################.
.# Non-zero return code #.
.########################.

    Timing: Wall=592.25 User=587.98 System=4.15
****************************************
*** WorkDir at /tmp/H12_1.93 cleaned ***
****************************************
