   This run of MOLCAS is using the pymolcas driver

                             OPE
                             OPE          NMOL  CASOP  ENMOLC A   SO
                 OPE        NMOLC        AS  OP EN  MO LC     AS  OP
                OPENM       OL CA        SO  PE NM  OL CA     SOP EN
                OP EN      MO   LC       AS  OP ENMOL  CASO   PENMOL
                OP  EN     MO   LC       AS  OP EN     MO     LC ASO
               OP   E  NMOL  C  AS       OP  EN MO     LC     AS  OP
               OP  E   NMO   LC AS        OPEN  MO     LCASOP EN   M
               O  PEN   MO  LCA  SO
            OPE   NMO   L   CAS    OP
        OPENMOL  CASOP     ENMOL   CASOPE
     OPENMOLCA   SOPENMOLCASOPEN   MOLCASOPE
    OPENMOLCAS   OP           EN   MOL    CAS
    OPENMOLCAS       OP  ENM        O     LCA
    OPENMOLCAS    OPEN  MOLCASO     P  E  NMO
    OPENMOLCAS     OP               E  N  MOL
    OPENMOLCA   SO           PENM   O  L  CAS    OPEN    MO    LCAS
    OPENMOLCA   SOP           ENM   O  L  CAS   OP  EN  MOLC  AS   O
    OPENMOLCA   SOPE           NM      O  LCA   S      OP  EN MO
    OPENMOLC                AS         O  PEN   M      OL  CA  SOPE
    OPENMO        LCASOPE  NMOL        C  ASO   P      ENMOLC     AS
    OPE     NMO      LCA  SO     P     E   NM   OL  CA SO  PE N   MO
          OPENMOLCA            SOPE   NMO        LCAS  O    P  ENMO
     OPENMOLCASOPENMOLCASOPENMOLCASOPENMOLCA
        OPENMOLCASOPENMOLCASOPENMOLCASOPE
            OPENMOLCASOPENMOLCASOPENM
               OPENMOLCASOPENMOLCA        version: f37762c57
                   OPENMOLCASO
                       OPE                tag:

 OpenMolcas is free software; you can redistribute it and/or modify it
 under the terms of the GNU Lesser General Public License version 2.1.
 OpenMolcas is distributed in the hope that it will be useful, but it
 is provided "as is" and without any express or implied warranties.
 For more details see the full text of the license in the file
 LICENSE or in <http://www.gnu.org/licenses/>.

                 Copyright (C) The OpenMolcas Authors
           For the author list and the recommended citation,
                   consult the file CONTRIBUTORS.md

           *************************************************
           * pymolcas version py2.28                       *
           *   build c4a6d18ded8cb6cad61d2372a9abd97c      *
           *   (after the EMIL interpreter by V. Veryazov) *
           *************************************************

configuration info
------------------
C Compiler ID: Intel
C flags: -std=gnu99 -gcc-sys
Fortran Compiler ID: IntelLLVM
Fortran flags: -standard-semantics -fltconsistency -fpp -i8 -heap-arrays
Definitions: _MOLCAS_;_I8_;_LINUX_
Parallel: OFF (GA=OFF)


   ----------------------------------------------------------------------------------------
  |
  |              Project: H10_2.01
  |       Submitted from: /home/grierjones/DDCASPT2/hydrogen_comps/rerun/H10_chain/H10_2.01
  |         Scratch area: /tmp/H10_2.01
  |      Save outputs to: /home/grierjones/DDCASPT2/hydrogen_comps/rerun/H10_chain/H10_2.01
  |               Molcas: /home/grierjones/Test/build
  |
  | Scratch area is empty
  |
  |       MOLCAS_DRIVER = /usr/local/pymolcas
  | MOLCAS_KEEP_WORKDIR = NO
  |  MOLCAS_NEW_WORKDIR = YES
  |       MOLCAS_NPROCS = 1
  |        MOLCAS_PRINT = NORMAL
  |       MOLCAS_SOURCE = /home/grierjones/Test
  |    MOLCAS_STRUCTURE = 0
  |
   ----------------------------------------------------------------------------------------

++ ---------   Input file   ---------

&GATEWAY
coord=H10_2.01.xyz
Basis = ANO-RCC-VDZP
Group = nosymm
End of Input

&SEWARD
End of Input

&SCF

>>> COPY $WorkDir/H10_2.01.scf.h5 $CurrDir/

&RASSCF
Title= RASSCF
FileOrb
/home/grierjones/DDCASPT2/hydrogen_comps/rerun/H10_chain/H10_0.60/H10_0.60.RasOrb
NACTEL
10 0 0
Inactive
0
RAS2
10
Symmetry
1
Spin
1
orblisting
all

>>> COPY $WorkDir/H10_2.01.rasscf.h5 $CurrDir/

>>> COPY $WorkDir/GMJ_Fock_MO.csv $CurrDir/H10_2.01.GMJ_Fock_MO.csv

&MOTRA
Frozen=0
LUMORB

>>> COPY $WorkDir/GMJ_one_int_indx.csv $CurrDir/H10_2.01.GMJ_one_int_indx.csv

>>> COPY $WorkDir/GMJ_one_int.csv $CurrDir/H10_2.01.GMJ_one_int.csv

>>> COPY $WorkDir/GMJ_two_int_indx.csv $CurrDir/H10_2.01.GMJ_two_int_indx.csv

>>> COPY $WorkDir/GMJ_two_int.csv $CurrDir/H10_2.01.GMJ_two_int.csv

&CASPT2
Frozen
0

MAXITER
50

>>> FOREACH i IN (B,E,F,G,H)

  >>> FOREACH j IN (P,M)

    >>> IF (-FILE GMJ_e2_${i}_${j}_1_.csv)

      >>> COPY $WorkDir/GMJ_RHS_${i}_${j}_1_.csv $CurrDir/GMJ_RHS_${i}_${j}_1_.csv

      >>> COPY $WorkDir/GMJ_IVECW_${i}_${j}_1_.csv $CurrDir/GMJ_IVECW_${i}_${j}_1_.csv

      >>> COPY $WorkDir/GMJ_IVECX_${i}_${j}_1_.csv $CurrDir/GMJ_IVECX_${i}_${j}_1_.csv

      >>> COPY $WorkDir/GMJ_IVECC2_${i}_${j}_1_.csv $CurrDir/GMJ_IVECC2_${i}_${j}_1_.csv

      >>> COPY $WorkDir/GMJ_e2_${i}_${j}_1_.csv $CurrDir/GMJ_e2_${i}_${j}_1_.csv

    >>> END IF

  >>> END FOREACH

>>> END FOREACH

>>> FOREACH i IN (A,C,D)

  >>> IF (-FILE GMJ_e2_${i}_1_.csv)

    >>> COPY $WorkDir/GMJ_RHS_${i}_1_.csv $CurrDir/GMJ_RHS_${i}_1_.csv

    >>> COPY $WorkDir/GMJ_IVECW_${i}_1_.csv $CurrDir/GMJ_IVECW_${i}_1_.csv

    >>> COPY $WorkDir/GMJ_IVECX_${i}_1_.csv $CurrDir/GMJ_IVECX_${i}_1_.csv

    >>> COPY $WorkDir/GMJ_IVECC2_${i}_1_.csv $CurrDir/GMJ_IVECC2_${i}_1_.csv

    >>> COPY $WorkDir/GMJ_e2_${i}_1_.csv $CurrDir/GMJ_e2_${i}_1_.csv

  >>> END IF

>>> END FOREACH

-- ----------------------------------

--- Start Module: gateway at Sun Oct 26 16:21:52 2025 ---
 
()()()()()()()()()()()()()()()()()()()()()()()()()()()()()()()()()()()()()()()()()()()()()()()()()()

                                              &GATEWAY

                                   only a single process is used
                       available to each process: 2.0 GB of memory, 1 thread?
()()()()()()()()()()()()()()()()()()()()()()()()()()()()()()()()()()()()()()()()()()()()()()()()()()
 
 
++    Symmetry information:
      ---------------------
 
                    Character Table for C1 
 
                             E  
                    a        1  x, y, xy, Rz, z, xz, Ry, yz, Rx, I
--
 
 
++    Basis set information:
      ----------------------
 
 
      Basis set label: H.ANO-RCC...2S1P.
 
      Electronic valence basis set:
      ------------------
      Associated Effective Charge   1.000000 au
      Associated Actual Charge      1.000000 au
      Nuclear Model: Point charge
 
      Shell  nPrim  nBasis  Cartesian Spherical Contaminant
         s       8       2        X                  
         p       4       1        X                  
--
 
 
++    Molecular structure info:
      -------------------------
 
                    ************************************************ 
                    **** Cartesian Coordinates / Bohr, Angstrom **** 
                    ************************************************ 
 
     Center  Label                x              y              z                     x              y              z
        1      H1               0.000000       0.000000       0.000000              0.000000       0.000000       0.000000
        2      H2               0.000000       0.000000       3.790906              0.000000       0.000000       2.006061
        3      H3               0.000000       0.000000       7.581810              0.000000       0.000000       4.012121
        4      H4               0.000000       0.000000      11.372716              0.000000       0.000000       6.018182
        5      H5               0.000000       0.000000      15.163620              0.000000       0.000000       8.024242
        6      H6               0.000000       0.000000      18.954526              0.000000       0.000000      10.030303
        7      H7               0.000000       0.000000      22.745432              0.000000       0.000000      12.036364
        8      H8               0.000000       0.000000      26.536335              0.000000       0.000000      14.042424
        9      H9               0.000000       0.000000      30.327241              0.000000       0.000000      16.048485
       10      H10              0.000000       0.000000      34.118145              0.000000       0.000000      18.054545
 
                    *************************************** 
                    *    InterNuclear Distances / Bohr    * 
                    *************************************** 
 
               1 H1            2 H2            3 H3            4 H4            5 H5            6 H6    
    1 H1       0.000000
    2 H2       3.790906        0.000000
    3 H3       7.581810        3.790904        0.000000
    4 H4      11.372716        7.581810        3.790906        0.000000
    5 H5      15.163620       11.372714        7.581810        3.790904        0.000000
    6 H6      18.954526       15.163620       11.372716        7.581810        3.790906        0.000000
    7 H7      22.745432       18.954526       15.163622       11.372716        7.581812        3.790906
    8 H8      26.536335       22.745430       18.954526       15.163620       11.372716        7.581810
    9 H9      30.327241       26.536335       22.745432       18.954526       15.163622       11.372716
   10 H10     34.118145       30.327239       26.536335       22.745430       18.954526       15.163620
 
               7 H7            8 H8            9 H9           10 H10   
    7 H7       0.000000
    8 H8       3.790904        0.000000
    9 H9       7.581810        3.790906        0.000000
   10 H10     11.372714        7.581810        3.790904        0.000000
 
                    ******************************************* 
                    *    InterNuclear Distances / Angstrom    * 
                    ******************************************* 
 
               1 H1            2 H2            3 H3            4 H4            5 H5            6 H6    
    1 H1       0.000000
    2 H2       2.006061        0.000000
    3 H3       4.012121        2.006060        0.000000
    4 H4       6.018182        4.012121        2.006061        0.000000
    5 H5       8.024242        6.018181        4.012121        2.006060        0.000000
    6 H6      10.030303        8.024242        6.018182        4.012121        2.006061        0.000000
    7 H7      12.036364       10.030303        8.024243        6.018182        4.012122        2.006061
    8 H8      14.042424       12.036363       10.030303        8.024242        6.018182        4.012121
    9 H9      16.048485       14.042424       12.036364       10.030303        8.024243        6.018182
   10 H10     18.054545       16.048484       14.042424       12.036363       10.030303        8.024242
 
               7 H7            8 H8            9 H9           10 H10   
    7 H7       0.000000
    8 H8       2.006060        0.000000
    9 H9       4.012121        2.006061        0.000000
   10 H10      6.018181        4.012121        2.006060        0.000000
--
 
 
            Nuclear Potential Energy              5.08841088 au
 
--- Stop Module: gateway at Sun Oct 26 16:21:52 2025 /rc=_RC_ALL_IS_WELL_ ---
*** files: xmldump
    saved to directory /home/grierjones/DDCASPT2/hydrogen_comps/rerun/H10_chain/H10_2.01

--- Start Module: seward at Sun Oct 26 16:21:52 2025 ---
 
()()()()()()()()()()()()()()()()()()()()()()()()()()()()()()()()()()()()()()()()()()()()()()()()()()

                                              &SEWARD

                                   only a single process is used
                       available to each process: 2.0 GB of memory, 1 thread?
()()()()()()()()()()()()()()()()()()()()()()()()()()()()()()()()()()()()()()()()()()()()()()()()()()
 
               SEWARD will generate:
                  Multipole Moment integrals up to order  2
                  Kinetic Energy integrals
                  Nuclear Attraction integrals (point charge)
                  One-Electron Hamiltonian integrals
                  Velocity integrals
                  Relativistic Douglas-Kroll-Hess integrals:
                    - Parametrization         : EXP
                    - DKH order of Hamiltonian: 2
                    - DKH order of Properties : 0
                         - multipole moment operators
                         - electric potential operators
                         - contact operators
                  Atomic mean-field integrals
                  Two-Electron Repulsion integrals
 
                   Integrals are discarded if absolute value <: 0.10E-13
                   Integral cutoff threshold is set to       <: 0.10E-15
 
            Nuclear Potential Energy              5.08841088 au
 
 
      Basis set specifications :
      Symmetry species         a  
      Basis functions           50
 
 
  Input file to MOLDEN was generated!
 
forrtl: warning (525): IEEE_DIVIDE_BY_ZERO is signaling
forrtl: warning (526): IEEE_INVALID is signaling
forrtl: warning (528): IEEE_UNDERFLOW is signaling
--- Stop Module: seward at Sun Oct 26 16:21:53 2025 /rc=_RC_ALL_IS_WELL_ ---
*** files: H10_2.01.GssOrb H10_2.01.guessorb.h5 H10_2.01.guessorb.molden xmldump
    saved to directory /home/grierjones/DDCASPT2/hydrogen_comps/rerun/H10_chain/H10_2.01

*** symbolic link created: INPORB -> H10_2.01.GssOrb
--- Start Module: scf at Sun Oct 26 16:21:53 2025 ---
 
()()()()()()()()()()()()()()()()()()()()()()()()()()()()()()()()()()()()()()()()()()()()()()()()()()

                                                &SCF

                                   only a single process is used
                       available to each process: 2.0 GB of memory, 1 thread?
()()()()()()()()()()()()()()()()()()()()()()()()()()()()()()()()()()()()()()()()()()()()()()()()()()
 
++    Input section:
      --------------
 
      Header of the integral files:
      
       Integrals generated by seward 4.2.0  , Sun Oct 26 16:21:52 2025
 
 
      Cartesian coordinates in Angstrom:
      -----------------------------------------------------
      No.  Label        X            Y            Z        
      -----------------------------------------------------
       1   H1         0.00000000   0.00000000   0.00000000
       2   H2         0.00000000   0.00000000   2.00606100
       3   H3         0.00000000   0.00000000   4.01212100
       4   H4         0.00000000   0.00000000   6.01818200
       5   H5         0.00000000   0.00000000   8.02424200
       6   H6         0.00000000   0.00000000  10.03030300
       7   H7         0.00000000   0.00000000  12.03636400
       8   H8         0.00000000   0.00000000  14.04242400
       9   H9         0.00000000   0.00000000  16.04848500
      10   H10        0.00000000   0.00000000  18.05454500
      -----------------------------------------------------
      Nuclear repulsion energy =    5.08841088
--
 
++    Orbital specifications:
      -----------------------
 
      Symmetry species               1
                                     a
      Frozen orbitals                0
      Occupied orbitals              5
      Secondary orbitals            45
      Deleted orbitals               0
      Total number of orbitals      50
      Number of basis functions     50
--
 
      Molecular charge                           0.000
 
++    Optimization specifications:
      ----------------------------
 
      SCF Algorithm: Conventional
      Minimized density differences are used
      Number of density matrices in core                5
      Maximum number of NDDO SCF iterations           400
      Maximum number of HF SCF iterations             400
      Threshold for SCF energy change            0.10E-08
      Threshold for density matrix               0.10E-03
      Threshold for Fock matrix                  0.15E-03
      Threshold for linear dependence            0.10E-08
      Threshold at which DIIS is turned on       0.15E+00
      Threshold at which QNR/C2DIIS is turned on 0.75E-01
      Threshold for Norm(delta) (QNR/C2DIIS)     0.20E-04
      DIIS extrapolation of the SCF procedure
      All orbitals punched on: SCFORB
--
 
      Input vectors read from INPORB
      Orbital file label: *Guess orbitals
 
 
++ Convergence information
                                   SCF        iterations: Energy and convergence statistics
 
Iter     Tot. SCF        One-elec.       Two-elec.     Energy      Max Dij or  Max Fij      DNorm      TNorm      AccCon     Time
         Energy          Energy          Energy        Change      Delta Norm                                                in Sec.
   1    -4.396369086   -15.511898656     6.027118692   0.00E+00    0.32E+00*   0.10E+00*    0.46E+01   0.11E+02   None         0.
   2    -4.603476556   -15.466220074     5.774332639  -0.21E+00*   0.13E+00*   0.19E-01*    0.14E+01   0.10E+02   EDIIS        0.
   3    -4.614886475   -15.395932029     5.692634675  -0.11E-01*   0.69E-01*   0.85E-02*    0.32E+00   0.10E+02   EDIIS        0.
   4    -4.617322698   -15.393660513     5.687926936  -0.24E-02*   0.30E-01*   0.72E-02*    0.12E+00   0.10E+02   c2DIIS       0.
   5    -4.618514759   -15.385585180     5.678659542  -0.12E-02*   0.11E-01*   0.16E-02*    0.34E-01   0.10E+02   QNRc2DIIS    0.
   6    -4.618617339   -15.387423799     5.680395581  -0.10E-03*   0.15E-01*   0.82E-03*    0.58E-02   0.10E+02   QNRc2DIIS    0.
   7    -4.618669716   -15.386197346     5.679116751  -0.52E-04*   0.92E-03*   0.14E-03     0.55E-02   0.10E+02   QNRc2DIIS    0.
   8    -4.618670232   -15.386177397     5.679096286  -0.52E-06*   0.16E-03*   0.34E-04     0.95E-03   0.10E+02   QNRc2DIIS    0.
   9    -4.618670257   -15.386166415     5.679085279  -0.25E-07*   0.34E-04*   0.55E-05     0.12E-03   0.10E+02   QNRc2DIIS    0.
  10    -4.618670258   -15.386147668     5.679066532  -0.88E-09    0.96E-05    0.13E-05     0.42E-04   0.10E+02   QNRc2DIIS    0.
 
       Convergence after 10 Macro Iterations
--
 
 *****************************************************************************************************************************
 *                                                                                                                           *
 *                                             SCF/KS-DFT Program, Final results                                             *
 *                                                                                                                           *
 *                                                                                                                           *
 *                                                                                                                           *
 *                                                       Final Results                                                       *
 *                                                                                                                           *
 *****************************************************************************************************************************
 
::    Total SCF energy                                 -4.6186702577
      One-electron energy                             -15.3861476680
      Two-electron energy                               5.6790665317
      Nuclear repulsion energy                          5.0884108786
      Kinetic energy (interpolated)                     3.4110201413
      Virial theorem                                    1.3540436780
      Total spin, S(S+1)                                0.0000000000
      Total spin, S                                     0.0000000000
      Max non-diagonal density matrix element           0.0000118374
      Max non-diagonal Fock matrix element              0.0000006243
 
 
      All orbitals with orbital energies smaller than  E(LUMO)+0.5 are printed
 
++    Molecular orbitals:
      -------------------
 
      Title: SCF orbitals

      Molecular orbitals for symmetry species 1: a  
 
          Orbital            1         2         3         4         5         6         7         8         9        10    
          Energy           -0.4509   -0.4352   -0.4101   -0.3767   -0.3412   -0.1385   -0.0906   -0.0376    0.0127    0.0510
          Occ. No.          2.0000    2.0000    2.0000    2.0000    2.0000    0.0000    0.0000    0.0000    0.0000    0.0000
 
        1 H1     1s         0.1117   -0.2186    0.3067   -0.3481    0.2745   -0.3401    0.4862   -0.4870    0.3860   -0.2133
        2 H1     2s         0.0130   -0.0273    0.0430   -0.0571    0.0523   -0.1124    0.1798   -0.1996    0.1707   -0.0989
        3 H1     2px        0.0000   -0.0000    0.0000    0.0000   -0.0000    0.0000   -0.0000    0.0000    0.0000   -0.0000
        4 H1     2py        0.0000    0.0000   -0.0000   -0.0000   -0.0000    0.0000   -0.0000    0.0000   -0.0000   -0.0000
        5 H1     2pz        0.0063   -0.0113    0.0135   -0.0123    0.0076    0.0015   -0.0082    0.0171   -0.0225    0.0173
        6 H2     1s         0.1667   -0.3003    0.3641   -0.3310    0.1977    0.1396   -0.3759    0.5747   -0.5947    0.3812
        7 H2     2s         0.0159   -0.0396    0.0689   -0.0872    0.0675    0.0387   -0.1381    0.2329   -0.2466    0.1559
        8 H2     2px       -0.0000   -0.0000    0.0000   -0.0000   -0.0000    0.0000   -0.0000    0.0000    0.0000   -0.0000
        9 H2     2py        0.0000   -0.0000    0.0000    0.0000   -0.0000    0.0000    0.0000    0.0000   -0.0000    0.0000
       10 H2     2pz        0.0007    0.0017   -0.0077    0.0143   -0.0141    0.0186   -0.0211    0.0100    0.0062   -0.0121
       11 H3     1s         0.2651   -0.3256    0.1122    0.2344   -0.3700    0.4301   -0.2664   -0.2465    0.6330   -0.5351
       12 H3     2s         0.0338   -0.0400    0.0030    0.0651   -0.0965    0.1477   -0.0944   -0.1026    0.2582   -0.2158
       13 H3     2px        0.0000   -0.0000   -0.0000    0.0000   -0.0000    0.0000   -0.0000   -0.0000    0.0000   -0.0000
       14 H3     2py        0.0000    0.0000    0.0000   -0.0000   -0.0000    0.0000    0.0000   -0.0000   -0.0000    0.0000
       15 H3     2pz        0.0061   -0.0031   -0.0072    0.0141   -0.0104   -0.0119    0.0234   -0.0203   -0.0004    0.0148
       16 H4     1s         0.2977   -0.2828   -0.0387    0.3410   -0.3106   -0.3044    0.4920   -0.1478   -0.4937    0.6317
       17 H4     2s         0.0318   -0.0459    0.0087    0.0684   -0.0898   -0.0987    0.1885   -0.0629   -0.2009    0.2542
       18 H4     2px       -0.0000   -0.0000    0.0000    0.0000   -0.0000   -0.0000   -0.0000    0.0000    0.0000    0.0000
       19 H4     2py        0.0000   -0.0000    0.0000   -0.0000   -0.0000   -0.0000    0.0000   -0.0000   -0.0000    0.0000
       20 H4     2pz       -0.0019    0.0083   -0.0093   -0.0039    0.0152   -0.0205    0.0041    0.0230   -0.0203   -0.0026
       21 H5     1s         0.3364   -0.0553   -0.3410    0.0909    0.3744   -0.4113   -0.1965    0.5407    0.1610   -0.6897
       22 H5     2s         0.0395    0.0040   -0.0620    0.0042    0.1021   -0.1382   -0.0810    0.2158    0.0661   -0.2774
       23 H5     2px       -0.0000    0.0000   -0.0000   -0.0000   -0.0000   -0.0000    0.0000   -0.0000   -0.0000    0.0000
       24 H5     2py       -0.0000    0.0000   -0.0000   -0.0000   -0.0000    0.0000    0.0000    0.0000   -0.0000   -0.0000
       25 H5     2pz        0.0047    0.0066   -0.0083   -0.0086    0.0142    0.0180   -0.0167   -0.0147    0.0232    0.0070
       26 H6     1s         0.3364    0.0553   -0.3410   -0.0909    0.3744    0.4113   -0.1965   -0.5407    0.1610    0.6897
       27 H6     2s         0.0395   -0.0040   -0.0620   -0.0042    0.1021    0.1382   -0.0810   -0.2158    0.0661    0.2774
       28 H6     2px        0.0000    0.0000   -0.0000   -0.0000    0.0000    0.0000    0.0000    0.0000    0.0000    0.0000
       29 H6     2py       -0.0000    0.0000   -0.0000   -0.0000   -0.0000    0.0000    0.0000   -0.0000   -0.0000   -0.0000
       30 H6     2pz       -0.0047    0.0066    0.0083   -0.0086   -0.0142    0.0180    0.0167   -0.0147   -0.0232    0.0070
       31 H7     1s         0.2977    0.2828   -0.0387   -0.3410   -0.3106    0.3044    0.4920    0.1478   -0.4937   -0.6317
       32 H7     2s         0.0318    0.0459    0.0087   -0.0684   -0.0898    0.0987    0.1885    0.0629   -0.2009   -0.2542
       33 H7     2px       -0.0000    0.0000   -0.0000    0.0000    0.0000    0.0000    0.0000    0.0000    0.0000    0.0000
       34 H7     2py        0.0000    0.0000   -0.0000   -0.0000   -0.0000   -0.0000   -0.0000   -0.0000    0.0000   -0.0000
       35 H7     2pz        0.0019    0.0083    0.0093   -0.0039   -0.0152   -0.0205   -0.0041    0.0230    0.0203   -0.0026
       36 H8     1s         0.2651    0.3256    0.1122   -0.2344   -0.3700   -0.4301   -0.2664    0.2465    0.6330    0.5351
       37 H8     2s         0.0338    0.0400    0.0030   -0.0651   -0.0965   -0.1477   -0.0944    0.1026    0.2582    0.2158
       38 H8     2px        0.0000   -0.0000    0.0000   -0.0000    0.0000   -0.0000    0.0000    0.0000   -0.0000   -0.0000
       39 H8     2py        0.0000   -0.0000   -0.0000   -0.0000   -0.0000   -0.0000    0.0000    0.0000    0.0000   -0.0000
       40 H8     2pz       -0.0061   -0.0031    0.0072    0.0141    0.0104   -0.0119   -0.0234   -0.0203    0.0004    0.0148
       41 H9     1s         0.1667    0.3003    0.3641    0.3310    0.1977   -0.1396   -0.3759   -0.5747   -0.5947   -0.3812
       42 H9     2s         0.0159    0.0396    0.0689    0.0872    0.0675   -0.0387   -0.1381   -0.2329   -0.2466   -0.1559
       43 H9     2px       -0.0000    0.0000    0.0000   -0.0000    0.0000    0.0000   -0.0000   -0.0000    0.0000    0.0000
       44 H9     2py        0.0000   -0.0000    0.0000    0.0000    0.0000   -0.0000   -0.0000   -0.0000   -0.0000   -0.0000
       45 H9     2pz       -0.0007    0.0017    0.0077    0.0143    0.0141    0.0186    0.0211    0.0100   -0.0062   -0.0121
       46 H10    1s         0.1117    0.2186    0.3067    0.3481    0.2745    0.3401    0.4862    0.4870    0.3860    0.2133
       47 H10    2s         0.0130    0.0273    0.0430    0.0571    0.0523    0.1124    0.1798    0.1996    0.1707    0.0989
       48 H10    2px        0.0000   -0.0000   -0.0000   -0.0000    0.0000   -0.0000   -0.0000   -0.0000   -0.0000    0.0000
       49 H10    2py       -0.0000    0.0000   -0.0000    0.0000    0.0000    0.0000    0.0000   -0.0000    0.0000    0.0000
       50 H10    2pz       -0.0063   -0.0113   -0.0135   -0.0123   -0.0076    0.0015    0.0082    0.0171    0.0225    0.0173
 
          Orbital           11        12        13    
          Energy            0.3121    0.3272    0.3568
          Occ. No.          0.0000    0.0000    0.0000
 
        1 H1     1s        -0.1013    0.1524   -0.1330
        2 H1     2s         0.2064   -0.3640    0.4639
        3 H1     2px        0.0000   -0.0000    0.0000
        4 H1     2py       -0.0000    0.0000   -0.0000
        5 H1     2pz       -0.0254    0.0393   -0.0401
        6 H2     1s        -0.1410    0.1837   -0.1194
        7 H2     2s         0.1643   -0.2372    0.1768
        8 H2     2px       -0.0000    0.0000   -0.0000
        9 H2     2py       -0.0000    0.0000   -0.0000
       10 H2     2pz        0.0044   -0.0162    0.0354
       11 H3     1s        -0.1637    0.1719   -0.0312
       12 H3     2s         0.2132   -0.2405    0.0394
       13 H3     2px        0.0000   -0.0000    0.0000
       14 H3     2py       -0.0000    0.0000   -0.0000
       15 H3     2pz       -0.0088   -0.0014    0.0185
       16 H4     1s        -0.1771    0.1015    0.1035
       17 H4     2s         0.2294   -0.1605   -0.1677
       18 H4     2px        0.0000    0.0000    0.0000
       19 H4     2py       -0.0000    0.0000   -0.0000
       20 H4     2pz        0.0012   -0.0158    0.0231
       21 H5     1s        -0.1857    0.0485    0.1594
       22 H5     2s         0.2410   -0.0572   -0.2957
       23 H5     2px        0.0000   -0.0000   -0.0000
       24 H5     2py       -0.0000    0.0000   -0.0000
       25 H5     2pz       -0.0039   -0.0150    0.0078
       26 H6     1s        -0.1857   -0.0485    0.1594
       27 H6     2s         0.2410    0.0572   -0.2957
       28 H6     2px       -0.0000   -0.0000    0.0000
       29 H6     2py        0.0000    0.0000   -0.0000
       30 H6     2pz        0.0039   -0.0150   -0.0078
       31 H7     1s        -0.1771   -0.1015    0.1035
       32 H7     2s         0.2294    0.1605   -0.1677
       33 H7     2px       -0.0000   -0.0000    0.0000
       34 H7     2py        0.0000   -0.0000   -0.0000
       35 H7     2pz       -0.0012   -0.0158   -0.0231
       36 H8     1s        -0.1637   -0.1719   -0.0312
       37 H8     2s         0.2132    0.2405    0.0394
       38 H8     2px       -0.0000   -0.0000   -0.0000
       39 H8     2py       -0.0000   -0.0000    0.0000
       40 H8     2pz        0.0088   -0.0014   -0.0185
       41 H9     1s        -0.1410   -0.1837   -0.1194
       42 H9     2s         0.1643    0.2372    0.1768
       43 H9     2px        0.0000   -0.0000   -0.0000
       44 H9     2py        0.0000    0.0000    0.0000
       45 H9     2pz       -0.0044   -0.0162   -0.0354
       46 H10    1s        -0.1013   -0.1524   -0.1330
       47 H10    2s         0.2064    0.3640    0.4639
       48 H10    2px        0.0000    0.0000   -0.0000
       49 H10    2py       -0.0000    0.0000   -0.0000
       50 H10    2pz        0.0254    0.0393    0.0401
--
 
 
++    Molecular charges:
      ------------------
 
      Mulliken charges per centre and basis function type
      ---------------------------------------------------
 
                H1      H2      H3      H4      H5      H6      H7      H8      H9      H10   
      1s       0.8822  0.9711  0.9339  0.9437  0.9386  0.9386  0.9437  0.9339  0.9711  0.8822
      2s       0.0568  0.0668  0.0495  0.0535  0.0524  0.0524  0.0535  0.0495  0.0668  0.0568
      2px      0.0000  0.0000  0.0000  0.0000  0.0000  0.0000  0.0000  0.0000  0.0000  0.0000
      2pz      0.0087  0.0110  0.0106  0.0105  0.0106  0.0106  0.0105  0.0106  0.0110  0.0087
      2py      0.0000  0.0000  0.0000  0.0000  0.0000  0.0000  0.0000  0.0000  0.0000  0.0000
      Total    0.9477  1.0489  0.9940  1.0077  1.0017  1.0017  1.0077  0.9940  1.0489  0.9477
 
      N-E      0.0523 -0.0489  0.0060 -0.0077 -0.0017 -0.0017 -0.0077  0.0060 -0.0489  0.0523
 
      Total electronic charge=   10.000000
 
      Total            charge=   -0.000000
--
 
 
  Input file to MOLDEN was generated!
 
 
++    Static properties:
      ------------------
 
 
      LoProp Charges per center
 

                   H1       H2       H3       H4       H5       H6       H7       H8       H9       H10   
      Nuclear      1.0000   1.0000   1.0000   1.0000   1.0000   1.0000   1.0000   1.0000   1.0000   1.0000
      Electronic  -0.9729  -1.0214  -0.9964  -1.0074  -1.0018  -1.0018  -1.0074  -0.9964  -1.0214  -0.9729
 
      Total        0.0271  -0.0214   0.0036  -0.0074  -0.0018  -0.0018  -0.0074   0.0036  -0.0214   0.0271
--
 
 
++    Natural Bond Order analysis
      ---------------------------
      Based on LoProp computed density
      -------------------------------------------------------------------------------------
      Atom A       Atom B       Bond Order
      -------------------------------------------------------------------------------------
      NBO located      0.950 non-bonded electrons on atom H1        
      NBO located      1.007 non-bonded electrons on atom H3        
      NBO located      1.018 non-bonded electrons on atom H4        
      NBO located      1.012 non-bonded electrons on atom H5        
      NBO located      1.012 non-bonded electrons on atom H6        
      NBO located      1.018 non-bonded electrons on atom H7        
      NBO located      1.007 non-bonded electrons on atom H8        
      NBO located      0.950 non-bonded electrons on atom H10       
      The remaining    2.026 electrons are to be considered as diffuse
--
 
 
++    Molecular properties:
      ---------------------
 
      Charge (e):
                      =   -0.0000
      Dipole Moment (Debye):
      Origin of the operator (Ang)=    0.0000    0.0000    0.0000
                   X= -6.2635E-14               Y= -1.0428E-14               Z= -7.9452E-07           Total=  7.9452E-07
      Quadrupole Moment (Debye*Ang):
      Origin of the operator (Ang)=    0.0000    0.0000    9.0273
                  XX= -2.0752E+01              XY= -2.8856E-29              XZ=  4.5945E-13              YY= -2.0752E+01
                  YZ= -1.3102E-14              ZZ=  2.5811E+00
      In traceless form (Debye*Ang)
                  XX= -1.1667E+01              XY= -4.3285E-29              XZ=  6.8918E-13              YY= -1.1667E+01
                  YZ= -1.9653E-14              ZZ=  2.3333E+01
--
 
 
  Input file to MOLDEN was generated!
 
 ###############################################################################
 ###############################################################################
 ###                                                                         ###
 ###                                                                         ###
 ###    RunFile label nBas                                                   ###
 ###    was used       78 times                                              ###
 ###                                                                         ###
 ###                                                                         ###
 ###############################################################################
 ###############################################################################
forrtl: warning (528): IEEE_UNDERFLOW is signaling
--- Stop Module: scf at Sun Oct 26 16:21:53 2025 /rc=_RC_ALL_IS_WELL_ ---
*** files: H10_2.01.LprOrb H10_2.01.LoProp.molden H10_2.01.scf.molden H10_2.01.ScfOrb H10_2.01.scf.h5 xmldump
    saved to directory /home/grierjones/DDCASPT2/hydrogen_comps/rerun/H10_chain/H10_2.01

>>> COPY /tmp/H10_2.01/H10_2.01.scf.h5 /home/grierjones/DDCASPT2/hydrogen_comps/rerun/H10_chain/H10_2.01/

*** symbolic link created: INPORB -> H10_2.01.ScfOrb
--- Start Module: rasscf at Sun Oct 26 16:21:53 2025 ---
 
()()()()()()()()()()()()()()()()()()()()()()()()()()()()()()()()()()()()()()()()()()()()()()()()()()

                                              &RASSCF

                                   only a single process is used
                       available to each process: 2.0 GB of memory, 1 thread?
()()()()()()()()()()()()()()()()()()()()()()()()()()()()()()()()()()()()()()()()()()()()()()()()()()
 
 
      Header of the ONEINT file:
      --------------------------
      
      Integrals generated by seward 4.2.0  , Sun Oct 26 16:21:52 2025
 
 
      OrdInt status: non-squared
 
 
      Cartesian coordinates in Angstrom:
      -----------------------------------------------------
      No.  Label        X            Y            Z        
      -----------------------------------------------------
       1   H1         0.00000000   0.00000000   0.00000000
       2   H2         0.00000000   0.00000000   2.00606100
       3   H3         0.00000000   0.00000000   4.01212100
       4   H4         0.00000000   0.00000000   6.01818200
       5   H5         0.00000000   0.00000000   8.02424200
       6   H6         0.00000000   0.00000000  10.03030300
       7   H7         0.00000000   0.00000000  12.03636400
       8   H8         0.00000000   0.00000000  14.04242400
       9   H9         0.00000000   0.00000000  16.04848500
      10   H10        0.00000000   0.00000000  18.05454500
      -----------------------------------------------------
      Nuclear repulsion energy =    5.08841088
 
++    Wave function specifications:
      -----------------------------
 
      Number of closed shell electrons           0
      Number of electrons in active shells      10
      Max number of holes in RAS1 space          0
      Max nr of electrons in RAS3 space          0
      Number of inactive orbitals                0
      Number of active orbitals                 10
      Number of secondary orbitals              40
      Spin quantum number                      0.0
      State symmetry                             1
--
 
++    Orbital specifications:
      -----------------------
 
      Symmetry species                           1
                                                 a
      Frozen orbitals                            0
      Inactive orbitals                          0
      Active orbitals                           10
      RAS1 orbitals                              0
      RAS2 orbitals                             10
      RAS3 orbitals                              0
      Secondary orbitals                        40
      Deleted orbitals                           0
      Number of basis functions                 50
--
 
++    CI expansion specifications:
      ----------------------------
 
      Number of CSFs                         19404
      Number of determinants                 31878
      Number of root(s) required                 1
      Root chosen for geometry opt.              1
      CI root used                               1
         
      highest root included in the CI            1
      max. size of the explicit Hamiltonian    200
--
 
++    Optimization specifications:
      ----------------------------
 
      RASSCF algorithm: Conventional
      Maximum number of macro iterations       200
      Maximum number of SX iterations          100
      Threshold for RASSCF energy            0.100E-07
      Threshold for max MO rotation          0.100E+00
      Threshold for max BLB element          0.100E-03
      Level shift parameter                  0.500E+00
      Make Quasi-Newton update
--
 
      The MO-coefficients are taken from the file:
      /home/grierjones/DDCASPT2/hydrogen_comps/rerun/H10_chain/H10_0.60/H10_0.60.RasOrb                                               
      Title: RASSCF average (pseudo-natural) orbitals                                      
 
      Total molecular charge    0.00
 
      ************************************************************************************************************************
      *                                                                                                                      *
      *                                            Wave function control section                                             *
      *                                                                                                                      *
      ************************************************************************************************************************
 
 
                                         RASSCF iterations: Energy and convergence statistics
                                         ----------------------------------------------------
 
      Iter CI   SX   CI       RASSCF       Energy    max ROT     max BLB   max BLB  Level Ln srch  Step   QN   Walltime
          iter iter root      energy       change     param      element    value   shift minimum  type update hh:mm:ss
        No convergence in the CI section: MAXJT will be increased to 
 24
 Nr of preliminary CI iterations:  12
        No convergence in the CI section: MAXJT will be increased to 
 24
        1  12   12    1    -3.50140184    0.00E+00  -0.22E+00*   1  26 1 -0.26E+00*  0.27   0.00    SX    NO    0:00:01
        No convergence in the CI section: MAXJT will be increased to 
 36
        2  24  100    1    -4.35224468   -0.85E+00* -0.24E+00*   3  16 1  0.27E+00*  0.16   0.00    SX    NO    0:00:01
        3  10  100    1    -4.76936724   -0.42E+00* -0.14E+00*   3  16 1  0.16E+00*  0.10   0.00    SX    NO    0:00:00
        4   6  100    1    -4.87080823   -0.10E+00*  0.85E-01    3  16 1  0.46E-01*  0.05   0.00    SX    NO    0:00:00
 ###############################################################################
 ###############################################################################
 ###                                                                         ###
 ###                                                                         ###
 ###    Large orbital rotation.                                              ###
 ###                                                                         ###
 ###                                                                         ###
 ###############################################################################
 ###############################################################################
      Molecular orbital   8 of symmetry 1 MO space 2  weight is    0.282850
        5   5   93    1    -4.88332006   -0.13E-01*  0.60E+00*   3  26 1 -0.13E-01*  0.00   0.00    SX    NO    0:00:00
        6   9  100    1    -4.90036358   -0.17E-01* -0.18E+00*   8  11 1  0.13E-01*  0.00   0.00    SX    NO    0:00:00
        7   8  100    1    -4.91422322   -0.14E-01* -0.23E+00*   8  17 1  0.20E-01*  0.00   1.38    QN   YES    0:00:00
        8   5  100    1    -4.90824266    0.60E-02*  0.89E-01    8  11 1 -0.32E-01*  0.00   0.35    SX   YES    0:00:00
        9  10  100    1    -4.93897945   -0.31E-01*  0.79E-01    8  11 1 -0.49E-01*  0.00   2.50    LS   YES    0:00:00
       10   6   55    1    -4.96513485   -0.26E-01*  0.77E-01    8  11 1 -0.32E-01*  0.00   1.54    QN   YES    0:00:00
       11   5   24    1    -4.97643313   -0.11E-01*  0.75E-01    8  11 1  0.14E-01*  0.00   0.88    QN   YES    0:00:00
       12   7   23    1    -4.97738354   -0.95E-03*  0.20E+00*   8  41 1  0.50E-02*  0.00   1.33    QN   YES    0:00:00
 ###############################################################################
 ###############################################################################
 ###                                                                         ###
 ###                                                                         ###
 ###    Large orbital rotation.                                              ###
 ###                                                                         ###
 ###                                                                         ###
 ###############################################################################
 ###############################################################################
      Molecular orbital  10 of symmetry 1 MO space 2  weight is    0.014450
       13  10   42    1    -4.97940166   -0.20E-02*  0.55E+00*   8  37 1 -0.37E-02*  0.00   1.33    QN   YES    0:00:00
 ###############################################################################
 ###############################################################################
 ###                                                                         ###
 ###                                                                         ###
 ###    Large orbital rotation.                                              ###
 ###                                                                         ###
 ###                                                                         ###
 ###############################################################################
 ###############################################################################
      Molecular orbital  10 of symmetry 1 MO space 2  weight is    0.254648
       14   6   85    1    -4.98590629   -0.65E-02* -0.50E+00*  10  12 1  0.13E-01*  0.00   1.33    QN   YES    0:00:00
       15  10  100    1    -5.02513351   -0.39E-01*  0.21E+00*  10  12 1 -0.47E-01*  0.00   0.00    SX    NO    0:00:00
       16  10   26    1    -5.06787582   -0.43E-01*  0.30E-01    3  17 1 -0.11E-01*  0.00   1.03    QN   YES    0:00:00
       17   4   15    1    -5.07030083   -0.24E-02* -0.15E-01   10  12 1  0.13E-01*  0.00   0.82    QN   YES    0:00:00
       18   8   13    1    -5.07107873   -0.78E-03*  0.61E-02   10  12 1  0.33E-02*  0.00   1.21    QN   YES    0:00:00
       19   8   11    1    -5.07119229   -0.11E-03*  0.35E-03   10  12 1 -0.25E-03*  0.00   0.97    QN   YES    0:00:00
       20   9   11    1    -5.07119562   -0.33E-05*  0.26E-03    9  29 1  0.13E-03*  0.00   1.00    QN   YES    0:00:00
       21  16   10    1    -5.07119645   -0.83E-06* -0.12E-03    4  29 1 -0.95E-04   0.00   1.01    QN   YES    0:00:01
       22  10    9    1    -5.07119665   -0.20E-06*  0.83E-04   10  22 1 -0.42E-04   0.00   1.17    QN   YES    0:00:00
       23   4    6    1    -5.07119668   -0.28E-07*  0.45E-05    5  33 1  0.27E-05   0.00   0.96    QN   YES    0:00:00
       24   1    5    1    -5.07119668   -0.18E-09   0.16E-05    5  33 1 -0.11E-05   0.00   0.91    QN   YES    0:00:00
      Convergence after 24 iterations
 
  Dmat in MO in SXCTL bf call to SXHAM                                                                                    
  mat. size =    10x   10
 
        1.6087093823247760
       -0.0032833164903114      1.5941956995070101
       -0.0614073725841428     -0.0025947232782608      1.4822795689843242
       -0.0003556852084066      0.0576741080330886     -0.0002410817944696      1.3861168904857120
       -0.0432746313170829     -0.0014056658699983     -0.0445149915513552      0.0000384096499652      1.3364493252375391
       -0.1300674196214830     -0.0102008429936385     -0.2474635300999458     -0.0011495659688257      0.0588570079582914
        0.4934252048569894
       -0.0043404236569231     -0.1090706327458829     -0.0034694608773711      0.2207821185608580     -0.0020071390489107
       -0.0135105361180765      0.4234905814641941
        0.1355844365165479      0.0195651191698453      0.0010424987322540      0.0016895398625352      0.0226176609969715
        0.0323526304766323      0.0266286451733806      0.5276833384500562
       -0.0084079886375274     -0.0856563363331685     -0.0065637850652954      0.1231823552629835     -0.0036235346588173
       -0.0259454554116981      0.0188568107211478      0.0503216031424449      0.6938897054903719
        0.0128582067260682     -0.0277644857019338      0.0065881254721194     -0.0046303894616547     -0.0380937288422368
        0.0492347102249440     -0.0308581370873794      0.0295264289847714     -0.0654661971366076      0.4537603031990918
       25   1    5    1    -5.07119668   -0.12E-10   0.16E-05    3  26 1 -0.21E-06   0.00   0.91    QN   YES    0:00:00
 
      ************************************************************************************************************************
                                                      Wave function printout:
                       occupation of active orbitals, and spin coupling of open shells (u,d: Spin up or down)
      ************************************************************************************************************************
 
      Note: transformation to natural orbitals
      has been made, which may change the order of the CSFs.
 
      printout of CI-coefficients larger than  0.05 for root  1
      energy=      -5.071197
      conf/sym  1111111111     Coeff  Weight
             1  2222200000  -0.47329 0.22401
            32  2222000200   0.05556 0.00309
            36  2222000020   0.21252 0.04516
            50  222ud00ud0   0.21040 0.04427
            62  22u2d00200   0.06403 0.00410
            70  22u2d000ud  -0.15873 0.02519
            76  2u22d0ud00   0.05949 0.00354
            78  2u22du00d0   0.13551 0.01836
            84  2u22d00u0d   0.06711 0.00450
            90  u222du0d00  -0.07189 0.00517
            94  u222d0u0d0  -0.15268 0.02331
           107  2220200200   0.12152 0.01477
           111  2220200020   0.05898 0.00348
           115  22202000ud  -0.06342 0.00402
           123  22ud2u00d0  -0.06677 0.00446
           129  22ud200u0d  -0.14113 0.01992
           135  2u2d2u0d00   0.12954 0.01678
           139  2u2d20u0d0   0.07259 0.00527
           146  2u2d200002  -0.05425 0.00294
           151  u22d20ud00  -0.10312 0.01063
           153  u22d2u00d0  -0.06296 0.00396
           165  22022u0d00  -0.05457 0.00298
           176  2202200002   0.09103 0.00829
           187  2ud22u000d  -0.10435 0.01089
           189  2ud2200u0d   0.05058 0.00256
           203  u2d220u00d   0.09310 0.00867
           207  2022220000   0.06989 0.00488
           223  ud222ud000  -0.09083 0.00825
           239  0222202000   0.06854 0.00470
           257  222uu00dd0   0.05996 0.00360
           271  22u2u000dd   0.05754 0.00331
           275  2u22ud00d0   0.05509 0.00304
           286  u222u0d0d0  -0.06329 0.00401
          1971  2220000220  -0.09763 0.00953
          2041  22ud000u2d  -0.09440 0.00891
          2069  2u2d0u0d20  -0.08151 0.00664
          2120  u22d00ud20   0.06954 0.00484
          2201  2202000022  -0.06171 0.00381
          2239  2ud20u002d  -0.06511 0.00424
          2290  u2d200u02d   0.05499 0.00302
          2367  ud220ud020   0.05196 0.00270
          2485  22u0d002ud  -0.07390 0.00546
          2514  2u20du02d0  -0.05654 0.00320
          2565  u220d0u2d0   0.05624 0.00316
          2650  220ud00ud2  -0.05859 0.00343
          2687  2ududu0udd  -0.06228 0.00388
          2738  u2dud0uudd   0.05545 0.00308
          2811  ud2ududud0   0.05463 0.00298
          2933  2uuddu0dud   0.05598 0.00313
          3013  uu2dduudd0  -0.06482 0.00420
 
      Natural orbitals and occupation numbers for root  1
      sym 1:   1.652287   1.616850   1.552694   1.453129   1.317472   0.375580   0.336574   0.553668   0.695490   0.446255

 
      ************************************************************************************************************************
      *                                                                                                                      *
      *                                                    Final results                                                     *
      *                                                                                                                      *
      ************************************************************************************************************************
 
 
++    Wave function specifications:
      -----------------------------
 
      Number of closed shell electrons           0
      Number of electrons in active shells      10
      Max number of holes in RAS1 space          0
      Max nr of electrons in RAS3 space          0
      Number of inactive orbitals                0
      Number of active orbitals                 10
      Number of secondary orbitals              40
      Spin quantum number                      0.0
      State symmetry                             1
--
 
++    Orbital specifications:
      -----------------------
 
      Symmetry species                           1
                                                 a
      Frozen orbitals                            0
      Inactive orbitals                          0
      Active orbitals                           10
      RAS1 orbitals                              0
      RAS2 orbitals                             10
      RAS3 orbitals                              0
      Secondary orbitals                        40
      Deleted orbitals                           0
      Number of basis functions                 50
--
 
++    CI expansion specifications:
      ----------------------------
 
      Number of CSFs                         19404
      Number of determinants                 31878
      Number of root(s) required                 1
      CI root used                               1
      highest root included in the CI            1
      Root passed to geometry opt.               1
--
 
++    Final optimization conditions:
      ------------------------------
 
      Average CI energy                              -5.07119668
      RASSCF energy for state  1                     -5.07119668
      Super-CI energy                                -0.00000000
      RASSCF energy change                            0.00000000
      Max change in MO coefficients              -0.188E-05
      Max non-diagonal density matrix element     0.163E-05
      Maximum BLB matrix element                 -0.214E-06
      (orbital pair   3,  26 in symmetry   1)
      Norm of electronic gradient            0.103E-05
--
 
 
      Final state energy(ies):
      ------------------------
 
::    RASSCF root number  1 Total energy:     -5.07119668
 
++    Molecular orbitals:
      -------------------
 
      Pseudonatural active orbitals and approximate occupation numbers
 
 
 
 
      Molecular orbitals for symmetry species 1: a  
 
 
      Orbital                1         2         3         4         5         6         7         8         9        10
      Energy            0.0000    0.0000    0.0000    0.0000    0.0000    0.0000    0.0000    0.0000    0.0000    0.0000
      Occ. No.          1.6523    1.6168    1.5527    1.4531    1.3175    0.3756    0.3366    0.5537    0.6955    0.4463
 
    1 H1     1s         0.1309    0.2495    0.3358   -0.3577    0.2726    0.3616    0.1996   -0.4480   -0.3147    0.4544
    2 H1     2s         0.0076    0.0156    0.0235   -0.0284    0.0242    0.0441    0.0256   -0.0486   -0.0329    0.0521
    3 H1     2px        0.0000   -0.0000    0.0000   -0.0000    0.0000    0.0000   -0.0000   -0.0000   -0.0000    0.0000
    4 H1     2py        0.0000   -0.0000    0.0000   -0.0000    0.0000    0.0000   -0.0000   -0.0000   -0.0000    0.0000
    5 H1     2pz        0.0027    0.0045    0.0049   -0.0039    0.0021    0.0035    0.0023   -0.0026   -0.0015    0.0035
    6 H2     1s         0.1899    0.3281    0.3732   -0.3099    0.1665   -0.5237   -0.3309    0.3422    0.1270   -0.5148
    7 H2     2s         0.0090    0.0220    0.0377   -0.0471    0.0373   -0.0939   -0.0638    0.0375    0.0006   -0.0796
    8 H2     2px       -0.0000   -0.0000    0.0000    0.0000   -0.0000    0.0000    0.0000   -0.0000    0.0000    0.0000
    9 H2     2py       -0.0000   -0.0000   -0.0000    0.0000   -0.0000    0.0000    0.0000   -0.0000    0.0000    0.0000
   10 H2     2pz        0.0017    0.0010   -0.0025    0.0062   -0.0063    0.0012    0.0008    0.0024    0.0039    0.0001
   11 H3     1s         0.2732    0.3264    0.0961    0.2505   -0.3881    0.5383    0.4593    0.2781    0.4325    0.1869
   12 H3     2s         0.0163    0.0181   -0.0029    0.0382   -0.0535    0.1017    0.0869    0.0338    0.0602    0.0418
   13 H3     2px        0.0000    0.0000    0.0000    0.0000    0.0000    0.0000    0.0000    0.0000    0.0000    0.0000
   14 H3     2py        0.0000   -0.0000    0.0000    0.0000    0.0000    0.0000    0.0000    0.0000    0.0000    0.0000
   15 H3     2pz        0.0013   -0.0009   -0.0049    0.0061   -0.0032    0.0024    0.0021   -0.0020   -0.0016    0.0019
   16 H4     1s         0.3094    0.2716   -0.0782    0.3642   -0.3017   -0.4193   -0.5334   -0.4796   -0.3013    0.1525
   17 H4     2s         0.0159    0.0219    0.0022    0.0367   -0.0492   -0.0736   -0.1041   -0.0781   -0.0326    0.0351
   18 H4     2px       -0.0000    0.0000   -0.0000   -0.0000   -0.0000    0.0000   -0.0000   -0.0000    0.0000   -0.0000
   19 H4     2py       -0.0000    0.0000   -0.0000   -0.0000   -0.0000    0.0000   -0.0000   -0.0000    0.0000   -0.0000
   20 H4     2pz        0.0010   -0.0028   -0.0050   -0.0006    0.0064    0.0013    0.0019    0.0008   -0.0033   -0.0014
   21 H5     1s         0.3397    0.0637   -0.3409    0.1083    0.3911    0.1304    0.5785    0.1858   -0.4192   -0.4919
   22 H5     2s         0.0188   -0.0018   -0.0304    0.0009    0.0571    0.0299    0.1117    0.0405   -0.0537   -0.0832
   23 H5     2px        0.0000   -0.0000    0.0000    0.0000    0.0000    0.0000   -0.0000   -0.0000    0.0000   -0.0000
   24 H5     2py        0.0000   -0.0000    0.0000    0.0000    0.0000    0.0000   -0.0000   -0.0000    0.0000   -0.0000
   25 H5     2pz        0.0002   -0.0040   -0.0023   -0.0050    0.0055    0.0006    0.0021    0.0022    0.0026   -0.0010
   26 H6     1s         0.3397   -0.0636   -0.3409   -0.1081    0.3911    0.1302   -0.5785    0.1857    0.4192    0.4919
   27 H6     2s         0.0188    0.0019   -0.0304   -0.0009    0.0571    0.0299   -0.1117    0.0405    0.0537    0.0832
   28 H6     2px       -0.0000    0.0000   -0.0000   -0.0000    0.0000    0.0000   -0.0000   -0.0000    0.0000   -0.0000
   29 H6     2py       -0.0000    0.0000   -0.0000   -0.0000    0.0000    0.0000   -0.0000   -0.0000    0.0000   -0.0000
   30 H6     2pz       -0.0002   -0.0040    0.0023   -0.0050   -0.0055   -0.0006    0.0021   -0.0022    0.0026   -0.0010
   31 H7     1s         0.3094   -0.2716   -0.0783   -0.3643   -0.3016   -0.4192    0.5335   -0.4796    0.3012   -0.1527
   32 H7     2s         0.0159   -0.0219    0.0022   -0.0367   -0.0492   -0.0736    0.1041   -0.0781    0.0326   -0.0351
   33 H7     2px        0.0000   -0.0000    0.0000    0.0000    0.0000    0.0000   -0.0000   -0.0000    0.0000   -0.0000
   34 H7     2py        0.0000   -0.0000    0.0000    0.0000    0.0000    0.0000   -0.0000   -0.0000    0.0000   -0.0000
   35 H7     2pz       -0.0010   -0.0028    0.0050   -0.0006   -0.0064   -0.0013    0.0019   -0.0008   -0.0033   -0.0014
   36 H8     1s         0.2732   -0.3264    0.0959   -0.2506   -0.3880    0.5383   -0.4594    0.2782   -0.4325   -0.1867
   37 H8     2s         0.0163   -0.0181   -0.0029   -0.0382   -0.0535    0.1017   -0.0869    0.0338   -0.0602   -0.0418
   38 H8     2px       -0.0000    0.0000   -0.0000    0.0000    0.0000   -0.0000    0.0000   -0.0000    0.0000    0.0000
   39 H8     2py       -0.0000    0.0000   -0.0000    0.0000    0.0000   -0.0000    0.0000   -0.0000    0.0000    0.0000
   40 H8     2pz       -0.0013   -0.0009    0.0049    0.0061    0.0032   -0.0024    0.0021    0.0020   -0.0016    0.0019
   41 H9     1s         0.1899   -0.3282    0.3732    0.3099    0.1664   -0.5238    0.3309    0.3421   -0.1269    0.5148
   42 H9     2s         0.0090   -0.0220    0.0377    0.0471    0.0373   -0.0939    0.0638    0.0375   -0.0006    0.0796
   43 H9     2px        0.0000   -0.0000    0.0000    0.0000   -0.0000   -0.0000    0.0000   -0.0000    0.0000   -0.0000
   44 H9     2py        0.0000   -0.0000    0.0000    0.0000   -0.0000   -0.0000    0.0000   -0.0000    0.0000   -0.0000
   45 H9     2pz       -0.0017    0.0010    0.0025    0.0062    0.0063   -0.0012    0.0008   -0.0024    0.0039    0.0001
   46 H10    1s         0.1310   -0.2496    0.3358    0.3577    0.2725    0.3617   -0.1997   -0.4479    0.3146   -0.4544
   47 H10    2s         0.0076   -0.0156    0.0235    0.0284    0.0242    0.0441   -0.0256   -0.0486    0.0329   -0.0521
   48 H10    2px        0.0000    0.0000    0.0000    0.0000    0.0000   -0.0000    0.0000   -0.0000   -0.0000   -0.0000
   49 H10    2py        0.0000   -0.0000    0.0000    0.0000    0.0000   -0.0000    0.0000   -0.0000   -0.0000   -0.0000
   50 H10    2pz       -0.0027    0.0045   -0.0049   -0.0039   -0.0021   -0.0035    0.0023    0.0026   -0.0015    0.0035
 
 
      Orbital               11        12        13        14        15        16        17        18        19        20
      Energy            0.3212    0.3365    0.3654    0.4125    0.4821    0.5733    0.6814    0.7138    0.7373    0.7544
      Occ. No.          0.0000    0.0000    0.0000    0.0000    0.0000    0.0000    0.0000    0.0000    0.0000    0.0000
 
    1 H1     1s        -0.0715    0.0964   -0.0567    0.0343    0.1462    0.2372   -0.2695   -0.0372   -0.0627   -0.0000
    2 H1     2s         0.2090   -0.3787    0.4916    0.5546    0.5782    0.5466   -0.4495    0.0135   -0.1784   -0.0000
    3 H1     2px       -0.0000   -0.0000   -0.0000    0.0000   -0.0000    0.0000    0.0000   -0.0000   -0.0000   -0.1055
    4 H1     2py       -0.0000   -0.0000   -0.0000    0.0000   -0.0000    0.0000    0.0000   -0.0000   -0.0000   -0.0154
    5 H1     2pz       -0.0230    0.0371   -0.0396   -0.0354   -0.0347   -0.0481    0.0757    0.1122   -0.0991    0.0000
    6 H2     1s        -0.1382    0.1947   -0.1548   -0.0792   -0.0555   -0.1281    0.2543   -0.0080    0.1218    0.0000
    7 H2     2s         0.1588   -0.2252    0.1543   -0.0468   -0.3403   -0.6412    0.8418   -0.0453    0.3864    0.0000
    8 H2     2px        0.0000   -0.0000   -0.0000    0.0000   -0.0000    0.0000    0.0000   -0.0000   -0.0000   -0.2030
    9 H2     2py        0.0000   -0.0000   -0.0000    0.0000   -0.0000    0.0000    0.0000   -0.0000   -0.0000   -0.0297
   10 H2     2pz        0.0015   -0.0129    0.0323    0.0463    0.0410    0.0155    0.0238   -0.1713    0.2103   -0.0000
   11 H3     1s        -0.1415    0.1310    0.0060    0.1033    0.0588   -0.0233   -0.0506    0.0516   -0.0771   -0.0000
   12 H3     2s         0.2161   -0.2496    0.0522   -0.2593   -0.4599   -0.3223   -0.2046    0.1610   -0.2750   -0.0000
   13 H3     2px       -0.0000   -0.0000   -0.0000    0.0000   -0.0000    0.0000    0.0000   -0.0000   -0.0000   -0.2865
   14 H3     2py       -0.0000   -0.0000   -0.0000    0.0000   -0.0000    0.0000    0.0000   -0.0000   -0.0000   -0.0419
   15 H3     2pz       -0.0062   -0.0037    0.0200    0.0175   -0.0065   -0.0084   -0.0852    0.2417   -0.2958    0.0000
   16 H4     1s        -0.1595    0.1053    0.0678    0.1091    0.0209    0.0483   -0.1613   -0.0704   -0.0682    0.0000
   17 H4     2s         0.2328   -0.1576   -0.1740   -0.3723   -0.0921    0.5007   -0.7008   -0.2314   -0.2063    0.0000
   18 H4     2px       -0.0000   -0.0000   -0.0000    0.0000   -0.0000    0.0000    0.0000   -0.0000   -0.0000   -0.3460
   19 H4     2py       -0.0000   -0.0000   -0.0000    0.0000   -0.0000    0.0000    0.0000   -0.0000   -0.0000   -0.0506
   20 H4     2pz       -0.0014   -0.0137    0.0200   -0.0063   -0.0284   -0.0058    0.0516   -0.3152    0.2727   -0.0000
   21 H5     1s        -0.1672    0.0278    0.1406    0.0389   -0.0456    0.0437    0.1110    0.0322    0.2110   -0.0000
   22 H5     2s         0.2447   -0.0624   -0.2912   -0.1764    0.3890    0.4244    0.4960    0.1159    0.6502    0.0000
   23 H5     2px       -0.0000   -0.0000   -0.0000    0.0000   -0.0000    0.0000    0.0000   -0.0000   -0.0000   -0.3775
   24 H5     2py       -0.0000   -0.0000   -0.0000    0.0000   -0.0000    0.0000    0.0000   -0.0000   -0.0000   -0.0553
   25 H5     2pz       -0.0017   -0.0151    0.0089   -0.0262   -0.0175    0.0068    0.0190    0.3662   -0.1123    0.0000
   26 H6     1s        -0.1672   -0.0278    0.1406   -0.0389   -0.0456   -0.0437    0.1110    0.0322   -0.2110    0.0000
   27 H6     2s         0.2447    0.0624   -0.2912    0.1764    0.3890   -0.4244    0.4961    0.1159   -0.6502    0.0000
   28 H6     2px       -0.0000   -0.0000   -0.0000    0.0000   -0.0000    0.0000    0.0000   -0.0000   -0.0000   -0.3775
   29 H6     2py       -0.0000   -0.0000   -0.0000    0.0000   -0.0000    0.0000    0.0000   -0.0000   -0.0000   -0.0553
   30 H6     2pz        0.0017   -0.0151   -0.0089   -0.0262    0.0175    0.0068   -0.0190   -0.3662   -0.1123    0.0000
   31 H7     1s        -0.1595   -0.1053    0.0678   -0.1091    0.0209   -0.0483   -0.1613   -0.0704    0.0682   -0.0000
   32 H7     2s         0.2328    0.1576   -0.1740    0.3723   -0.0921   -0.5007   -0.7008   -0.2314    0.2063   -0.0000
   33 H7     2px       -0.0000   -0.0000   -0.0000    0.0000   -0.0000    0.0000    0.0000   -0.0000   -0.0000   -0.3460
   34 H7     2py       -0.0000   -0.0000   -0.0000    0.0000   -0.0000    0.0000    0.0000   -0.0000   -0.0000   -0.0506
   35 H7     2pz        0.0014   -0.0137   -0.0200   -0.0063    0.0284   -0.0058   -0.0516    0.3152    0.2726   -0.0000
   36 H8     1s        -0.1415   -0.1310    0.0060   -0.1033    0.0588    0.0233   -0.0506    0.0516    0.0771    0.0000
   37 H8     2s         0.2161    0.2496    0.0522    0.2593   -0.4599    0.3223   -0.2046    0.1610    0.2750    0.0000
   38 H8     2px       -0.0000   -0.0000   -0.0000    0.0000   -0.0000    0.0000    0.0000   -0.0000   -0.0000   -0.2865
   39 H8     2py       -0.0000   -0.0000   -0.0000    0.0000   -0.0000    0.0000    0.0000   -0.0000   -0.0000   -0.0419
   40 H8     2pz        0.0062   -0.0037   -0.0200    0.0175    0.0065   -0.0084    0.0852   -0.2417   -0.2958    0.0000
   41 H9     1s        -0.1382   -0.1947   -0.1548    0.0792   -0.0555    0.1281    0.2543   -0.0080   -0.1218   -0.0000
   42 H9     2s         0.1588    0.2252    0.1543    0.0468   -0.3403    0.6412    0.8418   -0.0454   -0.3864    0.0000
   43 H9     2px       -0.0000   -0.0000   -0.0000    0.0000   -0.0000    0.0000    0.0000   -0.0000   -0.0000   -0.2031
   44 H9     2py       -0.0000   -0.0000   -0.0000    0.0000   -0.0000    0.0000    0.0000   -0.0000   -0.0000   -0.0297
   45 H9     2pz       -0.0015   -0.0129   -0.0323    0.0463   -0.0410    0.0155   -0.0238    0.1713    0.2103   -0.0000
   46 H10    1s        -0.0715   -0.0964   -0.0567   -0.0343    0.1462   -0.2372   -0.2695   -0.0372    0.0627    0.0000
   47 H10    2s         0.2090    0.3787    0.4916   -0.5546    0.5782   -0.5466   -0.4495    0.0135    0.1784   -0.0000
   48 H10    2px       -0.0000   -0.0000   -0.0000    0.0000   -0.0000    0.0000    0.0000   -0.0000   -0.0000   -0.1055
   49 H10    2py       -0.0000   -0.0000   -0.0000    0.0000   -0.0000    0.0000    0.0000   -0.0000   -0.0000   -0.0154
   50 H10    2pz        0.0230    0.0371    0.0396   -0.0354    0.0347   -0.0481   -0.0757   -0.1122   -0.0991    0.0000
 
 
      Orbital               21        22        23        24        25        26        27        28        29        30
      Energy            0.7544    0.7687    0.7760    0.7760    0.7761    0.8110    0.8110    0.8583    0.8583    0.9159
      Occ. No.          0.0000    0.0000    0.0000    0.0000    0.0000    0.0000    0.0000    0.0000    0.0000    0.0000
 
    1 H1     1s        -0.0000   -0.2663    0.0000   -0.0000   -0.1959    0.0000   -0.0000   -0.0000    0.0000    0.0000
    2 H1     2s        -0.0000   -0.2152    0.0000   -0.0000   -0.1034    0.0000   -0.0000   -0.0000    0.0000    0.0000
    3 H1     2px       -0.0154    0.0000   -0.1500    0.1454   -0.0000    0.2890   -0.0800   -0.3068    0.2099    0.4012
    4 H1     2py        0.1055    0.0000   -0.1454   -0.1500   -0.0000    0.0800    0.2890   -0.2099   -0.3068    0.1057
    5 H1     2pz        0.0000    0.3315   -0.0000    0.0000    0.3218   -0.0000    0.0000    0.0000   -0.0000    0.0000
    6 H2     1s         0.0000    0.2771   -0.0000    0.0000    0.1917   -0.0000    0.0000    0.0000   -0.0000   -0.0000
    7 H2     2s         0.0000    0.6708   -0.0000    0.0000    0.4268   -0.0000    0.0000    0.0000   -0.0000   -0.0000
    8 H2     2px       -0.0297    0.0000   -0.2526    0.2449   -0.0000    0.3789   -0.1049   -0.2557    0.1750    0.1170
    9 H2     2py        0.2030    0.0000   -0.2449   -0.2526   -0.0000    0.1049    0.3789   -0.1750   -0.2557    0.0308
   10 H2     2pz       -0.0000   -0.2819    0.0000   -0.0000   -0.3104    0.0000   -0.0000    0.0000   -0.0000   -0.0000
   11 H3     1s        -0.0000   -0.2358    0.0000   -0.0000   -0.2102    0.0000   -0.0000   -0.0000    0.0000    0.0000
   12 H3     2s        -0.0000   -0.6805    0.0000   -0.0000   -0.5769    0.0000   -0.0000   -0.0000    0.0000    0.0000
   13 H3     2px       -0.0419    0.0000   -0.2769    0.2684   -0.0000    0.2086   -0.0578    0.0944   -0.0646   -0.3695
   14 H3     2py        0.2865    0.0000   -0.2684   -0.2769   -0.0000    0.0578    0.2086    0.0646    0.0944   -0.0973
   15 H3     2pz        0.0000    0.1178   -0.0000    0.0000    0.1577    0.0000   -0.0000   -0.0000    0.0000    0.0000
   16 H4     1s         0.0000    0.0616   -0.0000    0.0000    0.1606    0.0000   -0.0000    0.0000   -0.0000   -0.0000
   17 H4     2s         0.0000    0.1555   -0.0000    0.0000    0.4476   -0.0000    0.0000    0.0000   -0.0000    0.0000
   18 H4     2px       -0.0506    0.0000   -0.2123    0.2058   -0.0000   -0.1049    0.0291    0.3319   -0.2272   -0.2217
   19 H4     2py        0.3460    0.0000   -0.2058   -0.2123   -0.0000   -0.0291   -0.1049    0.2272    0.3319   -0.0584
   20 H4     2pz       -0.0000    0.0201   -0.0000    0.0000    0.0486   -0.0000    0.0000    0.0000   -0.0000    0.0000
   21 H5     1s        -0.0000    0.1129    0.0000   -0.0000   -0.0567   -0.0000    0.0000   -0.0000    0.0000    0.0000
   22 H5     2s         0.0000    0.3623    0.0000   -0.0000   -0.1638   -0.0000    0.0000    0.0000   -0.0000    0.0000
   23 H5     2px       -0.0553    0.0000   -0.0790    0.0765   -0.0000   -0.3474    0.0962    0.1808   -0.1237    0.3080
   24 H5     2py        0.3775    0.0000   -0.0765   -0.0790   -0.0000   -0.0962   -0.3474    0.1237    0.1808    0.0811
   25 H5     2pz        0.0000   -0.0302    0.0000   -0.0000   -0.1867    0.0000   -0.0000    0.0000   -0.0000   -0.0000
   26 H6     1s         0.0000   -0.1129    0.0000   -0.0000   -0.0567    0.0000   -0.0000    0.0000   -0.0000   -0.0000
   27 H6     2s         0.0000   -0.3623    0.0000   -0.0000   -0.1638    0.0000   -0.0000   -0.0000    0.0000   -0.0000
   28 H6     2px       -0.0553    0.0000    0.0789   -0.0765    0.0000   -0.3474    0.0962   -0.1808    0.1237    0.3080
   29 H6     2py        0.3775    0.0000    0.0765    0.0789    0.0000   -0.0962   -0.3474   -0.1237   -0.1808    0.0811
   30 H6     2pz        0.0000   -0.0302   -0.0000    0.0000    0.1867    0.0000   -0.0000   -0.0000    0.0000   -0.0000
   31 H7     1s        -0.0000   -0.0616   -0.0000    0.0000    0.1606   -0.0000    0.0000   -0.0000    0.0000    0.0000
   32 H7     2s        -0.0000   -0.1556   -0.0000    0.0000    0.4476   -0.0000    0.0000    0.0000   -0.0000    0.0000
   33 H7     2px       -0.0506    0.0000    0.2123   -0.2058    0.0000   -0.1049    0.0291   -0.3319    0.2272   -0.2217
   34 H7     2py        0.3460    0.0000    0.2058    0.2123    0.0000   -0.0291   -0.1049   -0.2272   -0.3319   -0.0584
   35 H7     2pz       -0.0000    0.0201    0.0000   -0.0000   -0.0486   -0.0000    0.0000    0.0000   -0.0000    0.0000
   36 H8     1s         0.0000    0.2358    0.0000   -0.0000   -0.2101   -0.0000    0.0000   -0.0000    0.0000   -0.0000
   37 H8     2s         0.0000    0.6806    0.0000   -0.0000   -0.5768   -0.0000    0.0000    0.0000   -0.0000   -0.0000
   38 H8     2px       -0.0419    0.0000    0.2769   -0.2684    0.0000    0.2086   -0.0578   -0.0944    0.0646   -0.3695
   39 H8     2py        0.2865    0.0000    0.2684    0.2769    0.0000    0.0578    0.2086   -0.0646   -0.0944   -0.0973
   40 H8     2pz        0.0000    0.1178    0.0000   -0.0000   -0.1577    0.0000   -0.0000   -0.0000    0.0000   -0.0000
   41 H9     1s        -0.0000   -0.2771   -0.0000    0.0000    0.1916   -0.0000    0.0000    0.0000   -0.0000    0.0000
   42 H9     2s         0.0000   -0.6708   -0.0000    0.0000    0.4268    0.0000   -0.0000   -0.0000    0.0000   -0.0000
   43 H9     2px       -0.0297    0.0000    0.2526   -0.2449    0.0000    0.3789   -0.1049    0.2557   -0.1750    0.1170
   44 H9     2py        0.2031    0.0000    0.2449    0.2526    0.0000    0.1049    0.3789    0.1750    0.2557    0.0308
   45 H9     2pz       -0.0000   -0.2819   -0.0000    0.0000    0.3104    0.0000   -0.0000   -0.0000    0.0000   -0.0000
   46 H10    1s         0.0000    0.2663    0.0000   -0.0000   -0.1959    0.0000   -0.0000   -0.0000    0.0000   -0.0000
   47 H10    2s        -0.0000    0.2153    0.0000   -0.0000   -0.1034   -0.0000    0.0000    0.0000   -0.0000    0.0000
   48 H10    2px       -0.0154    0.0000    0.1500   -0.1454    0.0000    0.2890   -0.0800    0.3068   -0.2099    0.4012
   49 H10    2py        0.1055    0.0000    0.1454    0.1500    0.0000    0.0800    0.2890    0.2099    0.3068    0.1057
   50 H10    2pz        0.0000    0.3316    0.0000   -0.0000   -0.3218   -0.0000    0.0000    0.0000   -0.0000    0.0000
 
 
      Orbital               31        32        33        34        35        36        37        38        39        40
      Energy            0.9159    0.9823    0.9823    1.0504    1.0504    1.1151    1.1151    1.1690    1.1690    1.2048
      Occ. No.          0.0000    0.0000    0.0000    0.0000    0.0000    0.0000    0.0000    0.0000    0.0000    0.0000
 
    1 H1     1s        -0.0000    0.0000   -0.0000   -0.0000   -0.0000    0.0000    0.0000    0.0000    0.0000   -0.0000
    2 H1     2s        -0.0000    0.0000   -0.0000   -0.0000   -0.0000    0.0000    0.0000    0.0000    0.0000   -0.0000
    3 H1     2px       -0.1057   -0.3921    0.1729    0.1858    0.3645   -0.0642   -0.3449    0.0776    0.2455    0.0081
    4 H1     2py        0.4012   -0.1729   -0.3921    0.3645   -0.1858   -0.3449    0.0642    0.2455   -0.0776   -0.1364
    5 H1     2pz       -0.0000   -0.0000    0.0000   -0.0000   -0.0000    0.0000    0.0000    0.0000    0.0000   -0.0000
    6 H2     1s         0.0000   -0.0000    0.0000    0.0000    0.0000   -0.0000   -0.0000   -0.0000   -0.0000    0.0000
    7 H2     2s         0.0000   -0.0000    0.0000    0.0000    0.0000   -0.0000   -0.0000   -0.0000   -0.0000    0.0000
    8 H2     2px       -0.0308    0.1118   -0.0493   -0.1543   -0.3027    0.0841    0.4515   -0.1306   -0.4131   -0.0156
    9 H2     2py        0.1170    0.0493    0.1118   -0.3027    0.1543    0.4515   -0.0841   -0.4131    0.1306    0.2616
   10 H2     2pz        0.0000   -0.0000    0.0000    0.0000    0.0000   -0.0000   -0.0000   -0.0000   -0.0000    0.0000
   11 H3     1s        -0.0000    0.0000   -0.0000   -0.0000   -0.0000   -0.0000   -0.0000    0.0000    0.0000   -0.0000
   12 H3     2s        -0.0000    0.0000   -0.0000   -0.0000   -0.0000   -0.0000   -0.0000    0.0000    0.0000   -0.0000
   13 H3     2px        0.0973    0.3630   -0.1601   -0.0590   -0.1157   -0.0455   -0.2443    0.1416    0.4481    0.0218
   14 H3     2py       -0.3695    0.1601    0.3630   -0.1157    0.0590   -0.2443    0.0455    0.4481   -0.1416   -0.3647
   15 H3     2pz       -0.0000    0.0000   -0.0000   -0.0000   -0.0000   -0.0000   -0.0000    0.0000    0.0000    0.0000
   16 H4     1s         0.0000   -0.0000    0.0000    0.0000    0.0000    0.0000    0.0000   -0.0000   -0.0000   -0.0000
   17 H4     2s        -0.0000   -0.0000    0.0000    0.0000    0.0000    0.0000    0.0000   -0.0000   -0.0000   -0.0000
   18 H4     2px        0.0584   -0.2160    0.0952    0.2025    0.3972   -0.0241   -0.1294   -0.1081   -0.3420   -0.0262
   19 H4     2py       -0.2217   -0.0952   -0.2160    0.3972   -0.2025   -0.1294    0.0241   -0.3420    0.1081    0.4381
   20 H4     2pz       -0.0000   -0.0000    0.0000   -0.0000   -0.0000    0.0000    0.0000    0.0000    0.0000   -0.0000
   21 H5     1s        -0.0000    0.0000   -0.0000   -0.0000   -0.0000   -0.0000   -0.0000    0.0000    0.0000    0.0000
   22 H5     2s        -0.0000    0.0000   -0.0000   -0.0000   -0.0000   -0.0000   -0.0000    0.0000    0.0000    0.0000
   23 H5     2px       -0.0811   -0.3024    0.1334   -0.1099   -0.2156    0.0774    0.4156    0.0401    0.1270    0.0285
   24 H5     2py        0.3080   -0.1334   -0.3024   -0.2156    0.1099    0.4156   -0.0774    0.1270   -0.0401   -0.4762
   25 H5     2pz        0.0000    0.0000   -0.0000    0.0000    0.0000   -0.0000   -0.0000   -0.0000   -0.0000    0.0000
   26 H6     1s         0.0000   -0.0000    0.0000    0.0000    0.0000    0.0000    0.0000   -0.0000   -0.0000   -0.0000
   27 H6     2s         0.0000   -0.0000    0.0000    0.0000    0.0000    0.0000    0.0000   -0.0000   -0.0000   -0.0000
   28 H6     2px       -0.0811    0.3024   -0.1334   -0.1099   -0.2156   -0.0774   -0.4156    0.0401    0.1270   -0.0285
   29 H6     2py        0.3080    0.1334    0.3024   -0.2156    0.1099   -0.4156    0.0774    0.1270   -0.0401    0.4762
   30 H6     2pz        0.0000    0.0000   -0.0000    0.0000    0.0000   -0.0000   -0.0000   -0.0000   -0.0000    0.0000
   31 H7     1s        -0.0000    0.0000   -0.0000    0.0000    0.0000   -0.0000   -0.0000   -0.0000   -0.0000    0.0000
   32 H7     2s        -0.0000    0.0000   -0.0000   -0.0000   -0.0000   -0.0000   -0.0000    0.0000    0.0000    0.0000
   33 H7     2px        0.0584    0.2160   -0.0952    0.2025    0.3972    0.0241    0.1294   -0.1081   -0.3420    0.0262
   34 H7     2py       -0.2217    0.0952    0.2160    0.3972   -0.2025    0.1294   -0.0241   -0.3420    0.1081   -0.4381
   35 H7     2pz       -0.0000   -0.0000    0.0000   -0.0000   -0.0000    0.0000    0.0000    0.0000    0.0000   -0.0000
   36 H8     1s         0.0000    0.0000   -0.0000    0.0000    0.0000   -0.0000   -0.0000   -0.0000   -0.0000    0.0000
   37 H8     2s         0.0000   -0.0000    0.0000    0.0000    0.0000   -0.0000   -0.0000   -0.0000   -0.0000    0.0000
   38 H8     2px        0.0973   -0.3630    0.1601   -0.0590   -0.1157    0.0455    0.2444    0.1416    0.4481   -0.0218
   39 H8     2py       -0.3695   -0.1601   -0.3630   -0.1157    0.0590    0.2444   -0.0455    0.4481   -0.1416    0.3647
   40 H8     2pz        0.0000    0.0000   -0.0000    0.0000    0.0000   -0.0000   -0.0000   -0.0000   -0.0000    0.0000
   41 H9     1s        -0.0000   -0.0000    0.0000   -0.0000   -0.0000    0.0000    0.0000    0.0000    0.0000   -0.0000
   42 H9     2s         0.0000    0.0000   -0.0000    0.0000    0.0000    0.0000    0.0000    0.0000    0.0000   -0.0000
   43 H9     2px       -0.0308   -0.1118    0.0493   -0.1543   -0.3027   -0.0841   -0.4515   -0.1306   -0.4131    0.0156
   44 H9     2py        0.1170   -0.0493   -0.1118   -0.3027    0.1543   -0.4515    0.0841   -0.4131    0.1306   -0.2616
   45 H9     2pz        0.0000    0.0000   -0.0000    0.0000    0.0000   -0.0000   -0.0000   -0.0000   -0.0000    0.0000
   46 H10    1s         0.0000    0.0000   -0.0000    0.0000    0.0000   -0.0000   -0.0000   -0.0000   -0.0000    0.0000
   47 H10    2s        -0.0000   -0.0000    0.0000   -0.0000   -0.0000   -0.0000   -0.0000    0.0000    0.0000    0.0000
   48 H10    2px       -0.1057    0.3921   -0.1729    0.1858    0.3645    0.0642    0.3449    0.0776    0.2455   -0.0081
   49 H10    2py        0.4012    0.1729    0.3921    0.3645   -0.1858    0.3449   -0.0642    0.2455   -0.0776    0.1364
   50 H10    2pz       -0.0000   -0.0000    0.0000   -0.0000   -0.0000    0.0000    0.0000    0.0000    0.0000   -0.0000
 
 
      Orbital               41        42        43        44        45        46        47        48        49        50
      Energy            1.2048    1.2264    1.2513    1.2767    1.3343    1.3534    1.4764    1.6140    1.7425    1.8358
      Occ. No.          0.0000    0.0000    0.0000    0.0000    0.0000    0.0000    0.0000    0.0000    0.0000    0.0000
 
    1 H1     1s        -0.0000   -0.2492   -0.0798    0.3315    0.0803    0.2718    0.2161    0.1898   -0.1462    0.0806
    2 H1     2s        -0.0000   -0.3996   -0.1439    0.5025    0.1128    0.3803    0.2414    0.1655   -0.1040    0.0503
    3 H1     2px       -0.1364    0.0000   -0.0000    0.0000   -0.0000   -0.0000   -0.0000   -0.0000    0.0000    0.0000
    4 H1     2py       -0.0081    0.0000   -0.0000    0.0000   -0.0000   -0.0000   -0.0000   -0.0000    0.0000    0.0000
    5 H1     2pz       -0.0000   -0.3062   -0.2649    0.3894   -0.0416    0.4954    0.4631    0.3957   -0.2910    0.1548
    6 H2     1s         0.0000    0.6160    0.0828   -0.8457   -0.3407   -0.5146   -0.2168   -0.0658   -0.0246    0.0394
    7 H2     2s         0.0000    0.9092    0.0211   -1.2100   -0.5493   -0.6071   -0.2078   -0.0895    0.0350   -0.0116
    8 H2     2px        0.2616   -0.0000    0.0000   -0.0000    0.0000    0.0000    0.0000   -0.0000   -0.0000   -0.0000
    9 H2     2py        0.0156   -0.0000    0.0000   -0.0000    0.0000    0.0000    0.0000   -0.0000    0.0000   -0.0000
   10 H2     2pz        0.0000    0.2197   -0.1011   -0.2419   -0.2345    0.1523    0.4629    0.5940   -0.5511    0.3319
   11 H3     1s        -0.0000   -0.5556    0.3652    0.9385    0.8187    0.1997   -0.1612   -0.1106   -0.0038    0.0507
   12 H3     2s        -0.0000   -0.7954    0.5917    1.3845    1.1842    0.3709   -0.0450   -0.0107   -0.0224    0.0233
   13 H3     2px       -0.3647    0.0000   -0.0000    0.0000   -0.0000    0.0000   -0.0000    0.0000    0.0000    0.0000
   14 H3     2py       -0.0218    0.0000   -0.0000    0.0000   -0.0000    0.0000   -0.0000    0.0000    0.0000    0.0000
   15 H3     2pz        0.0000    0.2058    0.4624   -0.1836    0.2712   -0.4179   -0.1332    0.3347   -0.6065    0.4700
   16 H4     1s        -0.0000   -0.0402   -0.7397   -0.5780   -1.1061   -0.1375   -0.0676   -0.1846    0.0846    0.0252
   17 H4     2s        -0.0000   -0.0761   -1.0289   -0.9293   -1.6035   -0.3407   -0.0595   -0.0881    0.0339    0.0013
   18 H4     2px        0.4381   -0.0000    0.0000   -0.0000    0.0000    0.0000    0.0000    0.0000    0.0000   -0.0000
   19 H4     2py        0.0262   -0.0000    0.0000   -0.0000    0.0000    0.0000    0.0000    0.0000    0.0000   -0.0000
   20 H4     2pz       -0.0000   -0.4825   -0.1305    0.2762    0.0282   -0.2860   -0.5345   -0.1425   -0.4759    0.5761
   21 H5     1s         0.0000    0.6456    0.3953    0.1650    1.1064    0.5360    0.1927   -0.0642    0.1167    0.0097
   22 H5     2s         0.0000    0.9414    0.5313    0.2973    1.6904    0.6845    0.1156   -0.0186    0.0325    0.0053
   23 H5     2px       -0.4762    0.0000    0.0000    0.0000   -0.0000    0.0000   -0.0000    0.0000    0.0000    0.0000
   24 H5     2py       -0.0285    0.0000    0.0000    0.0000   -0.0000    0.0000   -0.0000    0.0000    0.0000    0.0000
   25 H5     2pz        0.0000    0.2533   -0.5022   -0.0703   -0.1022    0.3687   -0.3079   -0.5296   -0.1765    0.6289
   26 H6     1s        -0.0000   -0.6456    0.3953    0.1650   -1.1064   -0.5360    0.1927    0.0642    0.1167   -0.0097
   27 H6     2s        -0.0000   -0.9414    0.5313    0.2974   -1.6904   -0.6845    0.1156    0.0186    0.0325   -0.0053
   28 H6     2px        0.4762   -0.0000    0.0000    0.0000   -0.0000    0.0000   -0.0000    0.0000    0.0000    0.0000
   29 H6     2py        0.0285   -0.0000    0.0000    0.0000   -0.0000    0.0000   -0.0000    0.0000    0.0000    0.0000
   30 H6     2pz        0.0000    0.2533    0.5022    0.0703   -0.1022    0.3687    0.3079   -0.5296    0.1765    0.6289
   31 H7     1s         0.0000    0.0402   -0.7397   -0.5780    1.1060    0.1375   -0.0676    0.1846    0.0846   -0.0252
   32 H7     2s         0.0000    0.0761   -1.0289   -0.9293    1.6035    0.3407   -0.0595    0.0881    0.0339   -0.0013
   33 H7     2px       -0.4381    0.0000   -0.0000    0.0000    0.0000   -0.0000    0.0000    0.0000    0.0000   -0.0000
   34 H7     2py       -0.0262    0.0000   -0.0000    0.0000    0.0000   -0.0000    0.0000    0.0000    0.0000   -0.0000
   35 H7     2pz       -0.0000   -0.4825    0.1305   -0.2762    0.0281   -0.2860    0.5345   -0.1425    0.4759    0.5761
   36 H8     1s         0.0000    0.5556    0.3653    0.9385   -0.8187   -0.1997   -0.1612    0.1106   -0.0038   -0.0507
   37 H8     2s         0.0000    0.7954    0.5917    1.3845   -1.1842   -0.3709   -0.0450    0.0107   -0.0224   -0.0233
   38 H8     2px        0.3647   -0.0000    0.0000   -0.0000   -0.0000    0.0000   -0.0000   -0.0000   -0.0000   -0.0000
   39 H8     2py        0.0218   -0.0000    0.0000   -0.0000   -0.0000    0.0000   -0.0000   -0.0000   -0.0000   -0.0000
   40 H8     2pz        0.0000    0.2058   -0.4624    0.1836    0.2712   -0.4179    0.1332    0.3347    0.6066    0.4700
   41 H9     1s        -0.0000   -0.6160    0.0828   -0.8457    0.3407    0.5146   -0.2168    0.0658   -0.0246   -0.0394
   42 H9     2s        -0.0000   -0.9092    0.0211   -1.2100    0.5493    0.6071   -0.2078    0.0895    0.0350    0.0116
   43 H9     2px       -0.2616    0.0000   -0.0000    0.0000    0.0000   -0.0000    0.0000    0.0000    0.0000    0.0000
   44 H9     2py       -0.0156    0.0000   -0.0000    0.0000    0.0000   -0.0000    0.0000    0.0000    0.0000    0.0000
   45 H9     2pz        0.0000    0.2197    0.1011    0.2419   -0.2345    0.1523   -0.4629    0.5940    0.5511    0.3319
   46 H10    1s         0.0000    0.2492   -0.0798    0.3315   -0.0803   -0.2718    0.2161   -0.1898   -0.1462   -0.0806
   47 H10    2s         0.0000    0.3996   -0.1439    0.5025   -0.1128   -0.3803    0.2414   -0.1655   -0.1040   -0.0503
   48 H10    2px        0.1364   -0.0000    0.0000   -0.0000    0.0000    0.0000   -0.0000   -0.0000   -0.0000   -0.0000
   49 H10    2py        0.0081   -0.0000    0.0000   -0.0000    0.0000    0.0000   -0.0000   -0.0000   -0.0000   -0.0000
   50 H10    2pz       -0.0000   -0.3062    0.2649   -0.3894   -0.0416    0.4954   -0.4631    0.3957    0.2910    0.1548
--
 
      Von Neumann Entropy (Root  1) =  3.90225
 

      Mulliken population analysis for root number:  1
      -----------------------------------------------
 
 
++    Molecular charges:
      ------------------
 
      Mulliken charges per centre and basis function type
      ---------------------------------------------------
 
                H1      H2      H3      H4      H5      H6      H7      H8      H9      H10   
      1s       0.9804  1.0030  1.0008  0.9998  1.0002  1.0002  0.9998  1.0008  1.0030  0.9804
      2s       0.0084  0.0029 -0.0050 -0.0031 -0.0038 -0.0038 -0.0031 -0.0050  0.0029  0.0084
      2px      0.0000  0.0000  0.0000  0.0000  0.0000  0.0000  0.0000  0.0000  0.0000  0.0000
      2pz      0.0016  0.0040  0.0036  0.0036  0.0036  0.0036  0.0036  0.0036  0.0040  0.0016
      2py      0.0000  0.0000  0.0000  0.0000  0.0000  0.0000  0.0000  0.0000  0.0000  0.0000
      Total    0.9904  1.0099  0.9994  1.0003  1.0000  1.0000  1.0003  0.9994  1.0099  0.9905
 
      N-E      0.0096 -0.0099  0.0006 -0.0003  0.0000  0.0000 -0.0003  0.0006 -0.0099  0.0095
 
      Total electronic charge=   10.000000
 
      Total            charge=   -0.000000
--
 
 

      Expectation values of various properties for root number:  1
      -----------------------------------------------------------
 
 
++    Molecular properties:
      ---------------------
 
      Charge (e):
                      =   -0.0000
      Dipole Moment (Debye):
      Origin of the operator (Ang)=    0.0000    0.0000    0.0000
                   X= -6.8130E-08               Y= -6.9191E-09               Z=  3.3336E-05           Total=  3.3336E-05
      Quadrupole Moment (Debye*Ang):
      Origin of the operator (Ang)=    0.0000    0.0000    9.0273
                  XX= -1.5384E+01              XY= -9.6610E-15              XZ= -2.6950E-07              YY= -1.5384E+01
                  YZ= -2.7074E-08              ZZ= -1.1588E+01
      In traceless form (Debye*Ang)
                  XX= -1.8977E+00              XY= -1.4492E-14              XZ= -4.0426E-07              YY= -1.8977E+00
                  YZ= -4.0610E-08              ZZ=  3.7954E+00
--
 

      LoProp population analysis for root number:  1
      -----------------------------------------------
 
 
++    LoProp analysis:
      ----------------
 
 
 
  Input file to MOLDEN was generated!
 
 
++    Static properties:
      ------------------
 
 
      LoProp Charges per center
 

                   H1       H2       H3       H4       H5       H6       H7       H8       H9       H10   
      Nuclear      1.0000   1.0000   1.0000   1.0000   1.0000   1.0000   1.0000   1.0000   1.0000   1.0000
      Electronic  -0.9998  -1.0002  -0.9997  -1.0002  -1.0000  -1.0000  -1.0002  -0.9997  -1.0002  -0.9998
 
      Total        0.0002  -0.0002   0.0003  -0.0002   0.0000   0.0000  -0.0002   0.0003  -0.0002   0.0002
--
 
 
      Natural Bond Order analysis for root number:  1
 
++    Natural Bond Order analysis
      ---------------------------
      Based on LoProp computed density
      -------------------------------------------------------------------------------------
      Atom A       Atom B       Bond Order
      -------------------------------------------------------------------------------------
      NBO located      0.995 non-bonded electrons on atom H1        
      NBO located      1.018 non-bonded electrons on atom H3        
      NBO located      1.017 non-bonded electrons on atom H4        
      NBO located      1.017 non-bonded electrons on atom H5        
      NBO located      1.017 non-bonded electrons on atom H6        
      NBO located      1.017 non-bonded electrons on atom H7        
      NBO located      1.018 non-bonded electrons on atom H8        
      NBO located      0.995 non-bonded electrons on atom H10       
      The remaining    1.904 electrons are to be considered as diffuse
--
 
--
 
 
  Input file to MOLDEN was generated!
 
      Average orbitals are written to the RASORB file
      Natural orbitals for root   1 are written to the RASORB.1 file
      Spin density orbitals for root   1 are written to the SPDORB.1 file
 
forrtl: warning (525): IEEE_DIVIDE_BY_ZERO is signaling
forrtl: warning (526): IEEE_INVALID is signaling
forrtl: warning (528): IEEE_UNDERFLOW is signaling
--- Stop Module: rasscf at Sun Oct 26 16:22:12 2025 /rc=_RC_ALL_IS_WELL_ ---
*** files: H10_2.01.LprOrb H10_2.01.rasscf.molden H10_2.01.LoProp.molden H10_2.01.RasOrb.1 H10_2.01.RasOrb H10_2.01.rasscf.h5 H10_2.01.SpdOrb.1 xmldump
    saved to directory /home/grierjones/DDCASPT2/hydrogen_comps/rerun/H10_chain/H10_2.01
--- Module rasscf spent 18 seconds ---

>>> COPY /tmp/H10_2.01/H10_2.01.rasscf.h5 /home/grierjones/DDCASPT2/hydrogen_comps/rerun/H10_chain/H10_2.01/

>>> COPY /tmp/H10_2.01/GMJ_Fock_MO.csv /home/grierjones/DDCASPT2/hydrogen_comps/rerun/H10_chain/H10_2.01/H10_2.01.GMJ_Fock_MO.csv

*** symbolic link created: INPORB -> H10_2.01.RasOrb
--- Start Module: motra at Sun Oct 26 16:22:12 2025 ---
 
()()()()()()()()()()()()()()()()()()()()()()()()()()()()()()()()()()()()()()()()()()()()()()()()()()

                                               &MOTRA

                                   only a single process is used
                       available to each process: 2.0 GB of memory, 1 thread?
()()()()()()()()()()()()()()()()()()()()()()()()()()()()()()()()()()()()()()()()()()()()()()()()()()
 
 
      *** WARNING: Default frozen orbitals is overwritten by user input.
      *** Default values:   0
 
      Header of the integral files:
      
       Integrals generated by seward 4.2.0  , Sun Oct 26 16:21:52 2025
 
 
      Header of MO coefficients source file:
      * RASSCF average (pseudo-natural) orbitals                                      
 
 
      Cartesian coordinates in Angstrom:
      -----------------------------------------------------
      No.  Label        X            Y            Z        
      -----------------------------------------------------
       1   H1         0.00000000   0.00000000   0.00000000
       2   H2         0.00000000   0.00000000   2.00606100
       3   H3         0.00000000   0.00000000   4.01212100
       4   H4         0.00000000   0.00000000   6.01818200
       5   H5         0.00000000   0.00000000   8.02424200
       6   H6         0.00000000   0.00000000  10.03030300
       7   H7         0.00000000   0.00000000  12.03636400
       8   H8         0.00000000   0.00000000  14.04242400
       9   H9         0.00000000   0.00000000  16.04848500
      10   H10        0.00000000   0.00000000  18.05454500
      -----------------------------------------------------
      Nuclear repulsion energy =    5.08841088
 
      Orbital specifications:
      -----------------------
 
      Symmetry species:              1
      Number of basis functions:    50
      Frozen orbitals:               0
      Deleted orbitals:              0
      Number of orbitals used:      50

       SYMMETRY  BASIS FUNCTIONS       ORBITALS      INTEGRALS   CPU(SEC)  I/O(SEC)
        1 1 1 1   50  50  50  50    50  50  50  50      813450       0.00      0.00

       TOTAL CPU TIME(SEC)    0.50TOTAL I/O TIME(SEC)    1.18
 
--- Stop Module: motra at Sun Oct 26 16:22:13 2025 /rc=_RC_ALL_IS_WELL_ ---
*** files: xmldump
    saved to directory /home/grierjones/DDCASPT2/hydrogen_comps/rerun/H10_chain/H10_2.01
--- Module motra spent 1 second ---

>>> COPY /tmp/H10_2.01/GMJ_one_int_indx.csv /home/grierjones/DDCASPT2/hydrogen_comps/rerun/H10_chain/H10_2.01/H10_2.01.GMJ_one_int_indx.csv

>>> COPY /tmp/H10_2.01/GMJ_one_int.csv /home/grierjones/DDCASPT2/hydrogen_comps/rerun/H10_chain/H10_2.01/H10_2.01.GMJ_one_int.csv

>>> COPY /tmp/H10_2.01/GMJ_two_int_indx.csv /home/grierjones/DDCASPT2/hydrogen_comps/rerun/H10_chain/H10_2.01/H10_2.01.GMJ_two_int_indx.csv

>>> COPY /tmp/H10_2.01/GMJ_two_int.csv /home/grierjones/DDCASPT2/hydrogen_comps/rerun/H10_chain/H10_2.01/H10_2.01.GMJ_two_int.csv

*** symbolic link created: INPORB -> H10_2.01.RasOrb
--- Start Module: caspt2 at Sun Oct 26 16:22:13 2025 ---
 
()()()()()()()()()()()()()()()()()()()()()()()()()()()()()()()()()()()()()()()()()()()()()()()()()()

                                              &CASPT2

                                   only a single process is used
                       available to each process: 2.0 GB of memory, 1 thread?
()()()()()()()()()()()()()()()()()()()()()()()()()()()()()()()()()()()()()()()()()()()()()()()()()()
 
 Cholesky algorithm in CASPT2 =    1
 
 ###############################################################################
 ###############################################################################
 ###                                                                         ###
 ###                                                                         ###
 ###    User changed nr of frozen orbitals.                                  ###
 ###                                                                         ###
 ###                                                                         ###
 ###############################################################################
 ###############################################################################
 
++    Wave function specifications:
      -----------------------------
 
      Number of closed shell electrons           0
      Number of electrons in active shells      10
      Max number of holes in RAS1 space          0
      Max number of electrons in RAS3 space      0
      Number of inactive orbitals                0
      Number of active orbitals                 10
      Number of secondary orbitals              40
      Spin quantum number                      0.0
      State symmetry                             1
      Number of CSFs                         19404
      Number of root(s) available                1
      Root passed to geometry opt.               1
      A file JOBMIX will be created.
      This is a CASSCF or RASSCF reference function
--
 
++    Orbital specifications:
      -----------------------
 
      Symmetry species                           1
                                                 a
      Frozen orbitals                            0
      Inactive orbitals                          0
      Active orbitals                           10
      Secondary orbitals                        40
      Deleted orbitals                           0
      Number of basis functions                 50
--
 
      Type of Fock operator: STANDARD
      Type of 0-order Hamiltonian: STANDARD WITH DEFAULT IPEA
        "IP-EA" denominator shift =      0.25
      The input orbitals and the CI vector will be transformed.
 
--------------------------------------------------------------------------------
 Estimated memory requirements:
  POLY3 :                  3551880
  RHS:                      835500
  SIGMA :                   430400
  PRPCTL:                        0
 Available workspace:    230354915
 
++ CASPT2 computation for group   1
 
********************************************************************************
 Multi-State initialization phase begins for group   1
--------------------------------------------------------------------------------
********************************************************************************
 Compute H0 matrices for state    1
--------------------------------------------------------------------------------
--------------------------------------------------------------------------------
 H0 matrices have been computed.
 
********************************************************************************
  CASPT2 EQUATION SOLUTION
--------------------------------------------------------------------------------
 
  Total nr of CASPT2 parameters:
   Before reduction:      120200
   After  reduction:      119800
 
 The contributions to the second order correlation energy in atomic units.
-----------------------------------------------------------------------------------------------------------------------------
  IT.      VJTU        VJTI        ATVX        AIVX        VJAI        BVAT        BJAT        BJAI        TOTAL       RNORM  
-----------------------------------------------------------------------------------------------------------------------------
   1     0.000000    0.000000   -0.005300    0.000000    0.000000   -0.011487    0.000000    0.000000   -0.016788    0.001511
   2     0.000000    0.000000   -0.005349    0.000000    0.000000   -0.011503    0.000000    0.000000   -0.016852    0.000236
   3     0.000000    0.000000   -0.005354    0.000000    0.000000   -0.011505    0.000000    0.000000   -0.016859    0.000060
   4     0.000000    0.000000   -0.005352    0.000000    0.000000   -0.011505    0.000000    0.000000   -0.016857    0.000009
   5     0.000000    0.000000   -0.005352    0.000000    0.000000   -0.011505    0.000000    0.000000   -0.016857    0.000002
-------------------------------------------------------------------------------------------------------------------
 
  FINAL CASPT2 RESULT:
 
  Correlation energy /Case, /Symm, and sums:
 VJTU      0.00000000  0.00000000
 VJTIP     0.00000000  0.00000000
 VJTIM     0.00000000  0.00000000
 ATVX     -0.00535170 -0.00535170
 AIVX      0.00000000  0.00000000
 VJAIP     0.00000000  0.00000000
 VJAIM     0.00000000  0.00000000
 BVATP    -0.01084025 -0.01084025
 BVATM    -0.00066474 -0.00066474
 BJATP     0.00000000  0.00000000
 BJATM     0.00000000  0.00000000
 BJAIP     0.00000000  0.00000000
 BJAIM     0.00000000  0.00000000
 Summed:  -0.01685669 -0.01685669
 
      Reference energy:          -5.0711966778
      E2 (Non-variational):      -0.0168566939
      E2 (Variational):          -0.0168566938
      Total energy:              -5.0880533716
      Residual norm:              0.0000002083
      Reference weight:           0.98973
 
      Contributions to the CASPT2 correlation energy
      Active & Virtual Only:         -0.0168566939
      One Inactive Excited:           0.0000000000
      Two Inactive Excited:           0.0000000000
 
 
++ Denominators, etc.
----------------------------------------------------------------------------------------------------
 Report on small energy denominators, large coefficients, and large energy contributions.
CASE  SYMM ACTIVE-MIX  NON-ACTIVE INDICES          DENOMINATOR     RHS VALUE       COEFFICIENT     CONTRIBUTION
ATVX     1  Mu1.0001  Se1.011                       0.21336798      0.00000771     -0.00017382     -0.00000000
ATVX     1  Mu1.0002  Se1.011                       0.25605537      0.00000006     -0.00000028     -0.00000000
ATVX     1  Mu1.0003  Se1.011                       0.29724573      0.00007797     -0.00074682     -0.00000006
ATVX     1  Mu1.0001  Se1.012                       0.22873541     -0.00000016      0.00000077     -0.00000000
ATVX     1  Mu1.0002  Se1.012                       0.27142280     -0.00004742      0.00075706     -0.00000004
ATVX     1  Mu1.0001  Se1.013                       0.25759662     -0.00010850      0.00001284     -0.00000000
--
 
   (Skipping property calculation,
    use PROP keyword to activate)
--
 
  Total CASPT2 energies:
::    CASPT2 Root  1     Total energy:     -5.08805337
 
  A NEW JOBIPH FILE NAMED 'JOBMIX' IS PREPARED.
********************************************************************************
forrtl: warning (528): IEEE_UNDERFLOW is signaling
--- Stop Module: caspt2 at Sun Oct 26 16:22:19 2025 /rc=_RC_ALL_IS_WELL_ ---
*** files: xmldump
    saved to directory /home/grierjones/DDCASPT2/hydrogen_comps/rerun/H10_chain/H10_2.01
--- Module caspt2 spent 6 seconds ---

>>> EXPORT i = B

>>> EXPORT j = P

>>> IF (-FILE GMJ_e2_${i}_${j}_1_.csv)
(Skipped)

>>> END FOREACH

>>> EXPORT j = M

>>> IF (-FILE GMJ_e2_${i}_${j}_1_.csv)
(Skipped)

>>> END FOREACH

>>> END FOREACH

>>> EXPORT i = E

>>> EXPORT j = P

>>> IF (-FILE GMJ_e2_${i}_${j}_1_.csv)
(Skipped)

>>> END FOREACH

>>> EXPORT j = M

>>> IF (-FILE GMJ_e2_${i}_${j}_1_.csv)
(Skipped)

>>> END FOREACH

>>> END FOREACH

>>> EXPORT i = F

>>> EXPORT j = P

>>> IF (-FILE GMJ_e2_${i}_${j}_1_.csv)

>>> COPY /tmp/H10_2.01/GMJ_RHS_F_P_1_.csv /home/grierjones/DDCASPT2/hydrogen_comps/rerun/H10_chain/H10_2.01/GMJ_RHS_F_P_1_.csv

>>> COPY /tmp/H10_2.01/GMJ_IVECW_F_P_1_.csv /home/grierjones/DDCASPT2/hydrogen_comps/rerun/H10_chain/H10_2.01/GMJ_IVECW_F_P_1_.csv

>>> COPY /tmp/H10_2.01/GMJ_IVECX_F_P_1_.csv /home/grierjones/DDCASPT2/hydrogen_comps/rerun/H10_chain/H10_2.01/GMJ_IVECX_F_P_1_.csv

>>> COPY /tmp/H10_2.01/GMJ_IVECC2_F_P_1_.csv /home/grierjones/DDCASPT2/hydrogen_comps/rerun/H10_chain/H10_2.01/GMJ_IVECC2_F_P_1_.csv

>>> COPY /tmp/H10_2.01/GMJ_e2_F_P_1_.csv /home/grierjones/DDCASPT2/hydrogen_comps/rerun/H10_chain/H10_2.01/GMJ_e2_F_P_1_.csv

>>> END FOREACH

>>> EXPORT j = M

>>> IF (-FILE GMJ_e2_${i}_${j}_1_.csv)

>>> COPY /tmp/H10_2.01/GMJ_RHS_F_M_1_.csv /home/grierjones/DDCASPT2/hydrogen_comps/rerun/H10_chain/H10_2.01/GMJ_RHS_F_M_1_.csv

>>> COPY /tmp/H10_2.01/GMJ_IVECW_F_M_1_.csv /home/grierjones/DDCASPT2/hydrogen_comps/rerun/H10_chain/H10_2.01/GMJ_IVECW_F_M_1_.csv

>>> COPY /tmp/H10_2.01/GMJ_IVECX_F_M_1_.csv /home/grierjones/DDCASPT2/hydrogen_comps/rerun/H10_chain/H10_2.01/GMJ_IVECX_F_M_1_.csv

>>> COPY /tmp/H10_2.01/GMJ_IVECC2_F_M_1_.csv /home/grierjones/DDCASPT2/hydrogen_comps/rerun/H10_chain/H10_2.01/GMJ_IVECC2_F_M_1_.csv

>>> COPY /tmp/H10_2.01/GMJ_e2_F_M_1_.csv /home/grierjones/DDCASPT2/hydrogen_comps/rerun/H10_chain/H10_2.01/GMJ_e2_F_M_1_.csv

>>> END FOREACH

>>> END FOREACH

>>> EXPORT i = G

>>> EXPORT j = P

>>> IF (-FILE GMJ_e2_${i}_${j}_1_.csv)
(Skipped)

>>> END FOREACH

>>> EXPORT j = M

>>> IF (-FILE GMJ_e2_${i}_${j}_1_.csv)
(Skipped)

>>> END FOREACH

>>> END FOREACH

>>> EXPORT i = H

>>> EXPORT j = P

>>> IF (-FILE GMJ_e2_${i}_${j}_1_.csv)
(Skipped)

>>> END FOREACH

>>> EXPORT j = M

>>> IF (-FILE GMJ_e2_${i}_${j}_1_.csv)
(Skipped)

>>> END FOREACH

>>> END FOREACH

>>> EXPORT i = A

>>> IF (-FILE GMJ_e2_${i}_1_.csv)
(Skipped)

>>> END FOREACH

>>> EXPORT i = C

>>> IF (-FILE GMJ_e2_${i}_1_.csv)

>>> COPY /tmp/H10_2.01/GMJ_RHS_C_1_.csv /home/grierjones/DDCASPT2/hydrogen_comps/rerun/H10_chain/H10_2.01/GMJ_RHS_C_1_.csv

>>> COPY /tmp/H10_2.01/GMJ_IVECW_C_1_.csv /home/grierjones/DDCASPT2/hydrogen_comps/rerun/H10_chain/H10_2.01/GMJ_IVECW_C_1_.csv

>>> COPY /tmp/H10_2.01/GMJ_IVECX_C_1_.csv /home/grierjones/DDCASPT2/hydrogen_comps/rerun/H10_chain/H10_2.01/GMJ_IVECX_C_1_.csv

>>> COPY /tmp/H10_2.01/GMJ_IVECC2_C_1_.csv /home/grierjones/DDCASPT2/hydrogen_comps/rerun/H10_chain/H10_2.01/GMJ_IVECC2_C_1_.csv

>>> COPY /tmp/H10_2.01/GMJ_e2_C_1_.csv /home/grierjones/DDCASPT2/hydrogen_comps/rerun/H10_chain/H10_2.01/GMJ_e2_C_1_.csv

>>> END FOREACH

>>> EXPORT i = D

>>> IF (-FILE GMJ_e2_${i}_1_.csv)
(Skipped)

>>> END FOREACH

.########################.
.# Non-zero return code #.
.########################.

    Timing: Wall=27.74 User=26.08 System=1.64
****************************************
*** WorkDir at /tmp/H10_2.01 cleaned ***
****************************************
