   This run of MOLCAS is using the pymolcas driver

                             OPE
                             OPE          NMOL  CASOP  ENMOLC A   SO
                 OPE        NMOLC        AS  OP EN  MO LC     AS  OP
                OPENM       OL CA        SO  PE NM  OL CA     SOP EN
                OP EN      MO   LC       AS  OP ENMOL  CASO   PENMOL
                OP  EN     MO   LC       AS  OP EN     MO     LC ASO
               OP   E  NMOL  C  AS       OP  EN MO     LC     AS  OP
               OP  E   NMO   LC AS        OPEN  MO     LCASOP EN   M
               O  PEN   MO  LCA  SO
            OPE   NMO   L   CAS    OP
        OPENMOL  CASOP     ENMOL   CASOPE
     OPENMOLCA   SOPENMOLCASOPEN   MOLCASOPE
    OPENMOLCAS   OP           EN   MOL    CAS
    OPENMOLCAS       OP  ENM        O     LCA
    OPENMOLCAS    OPEN  MOLCASO     P  E  NMO
    OPENMOLCAS     OP               E  N  MOL
    OPENMOLCA   SO           PENM   O  L  CAS    OPEN    MO    LCAS
    OPENMOLCA   SOP           ENM   O  L  CAS   OP  EN  MOLC  AS   O
    OPENMOLCA   SOPE           NM      O  LCA   S      OP  EN MO
    OPENMOLC                AS         O  PEN   M      OL  CA  SOPE
    OPENMO        LCASOPE  NMOL        C  ASO   P      ENMOLC     AS
    OPE     NMO      LCA  SO     P     E   NM   OL  CA SO  PE N   MO
          OPENMOLCA            SOPE   NMO        LCAS  O    P  ENMO
     OPENMOLCASOPENMOLCASOPENMOLCASOPENMOLCA
        OPENMOLCASOPENMOLCASOPENMOLCASOPE
            OPENMOLCASOPENMOLCASOPENM
               OPENMOLCASOPENMOLCA        version: f37762c57
                   OPENMOLCASO
                       OPE                tag:

 OpenMolcas is free software; you can redistribute it and/or modify it
 under the terms of the GNU Lesser General Public License version 2.1.
 OpenMolcas is distributed in the hope that it will be useful, but it
 is provided "as is" and without any express or implied warranties.
 For more details see the full text of the license in the file
 LICENSE or in <http://www.gnu.org/licenses/>.

                 Copyright (C) The OpenMolcas Authors
           For the author list and the recommended citation,
                   consult the file CONTRIBUTORS.md

           *************************************************
           * pymolcas version py2.28                       *
           *   build c4a6d18ded8cb6cad61d2372a9abd97c      *
           *   (after the EMIL interpreter by V. Veryazov) *
           *************************************************

configuration info
------------------
C Compiler ID: Intel
C flags: -std=gnu99 -gcc-sys
Fortran Compiler ID: IntelLLVM
Fortran flags: -standard-semantics -fltconsistency -fpp -i8 -heap-arrays
Definitions: _MOLCAS_;_I8_;_LINUX_
Parallel: OFF (GA=OFF)


   ----------------------------------------------------------------------------------------
  |
  |              Project: H12_2.85
  |       Submitted from: ${LOCALHOME}/DDCASPT2/hydrogen_comps/rerun/H12_chain/H12_2.85
  |         Scratch area: /tmp/H12_2.85
  |      Save outputs to: ${LOCALHOME}/DDCASPT2/hydrogen_comps/rerun/H12_chain/H12_2.85
  |               Molcas: ${LOCALHOME}/Test/build
  |
  | Scratch area is empty
  |
  |       MOLCAS_DRIVER = /usr/local/pymolcas
  | MOLCAS_KEEP_WORKDIR = NO
  |  MOLCAS_NEW_WORKDIR = YES
  |       MOLCAS_NPROCS = 1
  |        MOLCAS_PRINT = NORMAL
  |       MOLCAS_SOURCE = ${LOCALHOME}/Test
  |    MOLCAS_STRUCTURE = 0
  |
   ----------------------------------------------------------------------------------------

++ ---------   Input file   ---------

&GATEWAY
coord=H12_2.85.xyz
Basis = ANO-RCC-VDZP
Group = nosymm
EXPErt
End of Input

&SEWARD
End of Input

&SCF

>>> COPY $WorkDir/H12_2.85.scf.h5 $CurrDir/

&RASSCF
Title= RASSCF
FileOrb
${LOCALHOME}/DDCASPT2/hydrogen_comps/rerun/H12_chain/H12_2.49/H12_2.49.RasOrb
NACTEL
12 0 0
Inactive
0
RAS2
12
Symmetry
1
Spin
1
orblisting
all

>>> COPY $WorkDir/H12_2.85.rasscf.h5 $CurrDir/

>>> COPY $WorkDir/DDCASPT2_Fock_MO.csv $CurrDir/H12_2.85.DDCASPT2_Fock_MO.csv

&MOTRA
Frozen=0
LUMORB

>>> COPY $WorkDir/DDCASPT2_one_int_indx.csv $CurrDir/H12_2.85.DDCASPT2_one_int_indx.csv

>>> COPY $WorkDir/DDCASPT2_one_int.csv $CurrDir/H12_2.85.DDCASPT2_one_int.csv

>>> COPY $WorkDir/DDCASPT2_two_int_indx.csv $CurrDir/H12_2.85.DDCASPT2_two_int_indx.csv

>>> COPY $WorkDir/DDCASPT2_two_int.csv $CurrDir/H12_2.85.DDCASPT2_two_int.csv

&CASPT2
Frozen
0

MAXITER
50

>>> FOREACH i IN (B,E,F,G,H)

  >>> FOREACH j IN (P,M)

    >>> IF (-FILE DDCASPT2_e2_${i}_${j}_1_.csv)

      >>> COPY $WorkDir/DDCASPT2_RHS_${i}_${j}_1_.csv $CurrDir/DDCASPT2_RHS_${i}_${j}_1_.csv

      >>> COPY $WorkDir/DDCASPT2_IVECW_${i}_${j}_1_.csv $CurrDir/DDCASPT2_IVECW_${i}_${j}_1_.csv

      >>> COPY $WorkDir/DDCASPT2_IVECX_${i}_${j}_1_.csv $CurrDir/DDCASPT2_IVECX_${i}_${j}_1_.csv

      >>> COPY $WorkDir/DDCASPT2_IVECC2_${i}_${j}_1_.csv $CurrDir/DDCASPT2_IVECC2_${i}_${j}_1_.csv

      >>> COPY $WorkDir/DDCASPT2_e2_${i}_${j}_1_.csv $CurrDir/DDCASPT2_e2_${i}_${j}_1_.csv

    >>> END IF

  >>> END FOREACH

>>> END FOREACH

>>> FOREACH i IN (A,C,D)

  >>> IF (-FILE DDCASPT2_e2_${i}_1_.csv)

    >>> COPY $WorkDir/DDCASPT2_RHS_${i}_1_.csv $CurrDir/DDCASPT2_RHS_${i}_1_.csv

    >>> COPY $WorkDir/DDCASPT2_IVECW_${i}_1_.csv $CurrDir/DDCASPT2_IVECW_${i}_1_.csv

    >>> COPY $WorkDir/DDCASPT2_IVECX_${i}_1_.csv $CurrDir/DDCASPT2_IVECX_${i}_1_.csv

    >>> COPY $WorkDir/DDCASPT2_IVECC2_${i}_1_.csv $CurrDir/DDCASPT2_IVECC2_${i}_1_.csv

    >>> COPY $WorkDir/DDCASPT2_e2_${i}_1_.csv $CurrDir/DDCASPT2_e2_${i}_1_.csv

  >>> END IF

>>> END FOREACH

-- ----------------------------------

--- Start Module: gateway at Wed Oct 29 06:59:47 2025 ---
 
()()()()()()()()()()()()()()()()()()()()()()()()()()()()()()()()()()()()()()()()()()()()()()()()()()

                                              &GATEWAY

                                   only a single process is used
                       available to each process: 2.0 GB of memory, 1 thread?
()()()()()()()()()()()()()()()()()()()()()()()()()()()()()()()()()()()()()()()()()()()()()()()()()()
 
 ###############################################################################
 ###############################################################################
 ###                                                                         ###
 ###                                                                         ###
 ###                                                                         ###
 ###    WARNING: EXPERT option is ON!                                        ###
 ###                                                                         ###
 ###                                                                         ###
 ###############################################################################
 ###############################################################################
 
++    Symmetry information:
      ---------------------
 
                    Character Table for C1 
 
                             E  
                    a        1  x, y, xy, Rz, z, xz, Ry, yz, Rx, I
--
 
 
++    Basis set information:
      ----------------------
 
 
      Basis set label: H.ANO-RCC...2S1P.
 
      Electronic valence basis set:
      ------------------
      Associated Effective Charge   1.000000 au
      Associated Actual Charge      1.000000 au
      Nuclear Model: Point charge
 
      Shell  nPrim  nBasis  Cartesian Spherical Contaminant
         s       8       2        X                  
         p       4       1        X                  
--
 
 
++    Molecular structure info:
      -------------------------
 
                    ************************************************ 
                    **** Cartesian Coordinates / Bohr, Angstrom **** 
                    ************************************************ 
 
     Center  Label                x              y              z                     x              y              z
        1      H1               0.000000       0.000000       0.000000              0.000000       0.000000       0.000000
        2      H2               0.000000       0.000000       5.394308              0.000000       0.000000       2.854545
        3      H3               0.000000       0.000000      10.788618              0.000000       0.000000       5.709091
        4      H4               0.000000       0.000000      16.182927              0.000000       0.000000       8.563636
        5      H5               0.000000       0.000000      21.577237              0.000000       0.000000      11.418182
        6      H6               0.000000       0.000000      26.971545              0.000000       0.000000      14.272727
        7      H7               0.000000       0.000000      32.365855              0.000000       0.000000      17.127273
        8      H8               0.000000       0.000000      37.760164              0.000000       0.000000      19.981818
        9      H9               0.000000       0.000000      43.154474              0.000000       0.000000      22.836364
       10      H10              0.000000       0.000000      48.548782              0.000000       0.000000      25.690909
       11      H11              0.000000       0.000000      53.943092              0.000000       0.000000      28.545455
       12      H12              0.000000       0.000000      59.337400              0.000000       0.000000      31.400000
 
                    *************************************** 
                    *    InterNuclear Distances / Bohr    * 
                    *************************************** 
 
               1 H1            2 H2            3 H3            4 H4            5 H5            6 H6    
    1 H1       0.000000
    2 H2       5.394308        0.000000
    3 H3      10.788618        5.394310        0.000000
    4 H4      16.182927       10.788618        5.394308        0.000000
    5 H5      21.577237       16.182929       10.788618        5.394310        0.000000
    6 H6      26.971545       21.577237       16.182927       10.788618        5.394308        0.000000
    7 H7      32.365855       26.971547       21.577237       16.182929       10.788618        5.394310
    8 H8      37.760164       32.365855       26.971545       21.577237       16.182927       10.788618
    9 H9      43.154474       37.760165       32.365855       26.971547       21.577237       16.182929
   10 H10     48.548782       43.154474       37.760164       32.365855       26.971545       21.577237
   11 H11     53.943092       48.548784       43.154474       37.760165       32.365855       26.971547
   12 H12     59.337400       53.943092       48.548782       43.154474       37.760164       32.365855
 
               7 H7            8 H8            9 H9           10 H10          11 H11          12 H12   
    7 H7       0.000000
    8 H8       5.394308        0.000000
    9 H9      10.788618        5.394310        0.000000
   10 H10     16.182927       10.788618        5.394308        0.000000
   11 H11     21.577237       16.182929       10.788618        5.394310        0.000000
   12 H12     26.971545       21.577237       16.182927       10.788618        5.394308        0.000000
 
                    ******************************************* 
                    *    InterNuclear Distances / Angstrom    * 
                    ******************************************* 
 
               1 H1            2 H2            3 H3            4 H4            5 H5            6 H6    
    1 H1       0.000000
    2 H2       2.854545        0.000000
    3 H3       5.709091        2.854546        0.000000
    4 H4       8.563636        5.709091        2.854545        0.000000
    5 H5      11.418182        8.563637        5.709091        2.854546        0.000000
    6 H6      14.272727       11.418182        8.563636        5.709091        2.854545        0.000000
    7 H7      17.127273       14.272728       11.418182        8.563637        5.709091        2.854546
    8 H8      19.981818       17.127273       14.272727       11.418182        8.563636        5.709091
    9 H9      22.836364       19.981819       17.127273       14.272728       11.418182        8.563637
   10 H10     25.690909       22.836364       19.981818       17.127273       14.272727       11.418182
   11 H11     28.545455       25.690910       22.836364       19.981819       17.127273       14.272728
   12 H12     31.400000       28.545455       25.690909       22.836364       19.981818       17.127273
 
               7 H7            8 H8            9 H9           10 H10          11 H11          12 H12   
    7 H7       0.000000
    8 H8       2.854545        0.000000
    9 H9       5.709091        2.854546        0.000000
   10 H10      8.563636        5.709091        2.854545        0.000000
   11 H11     11.418182        8.563637        5.709091        2.854546        0.000000
   12 H12     14.272727       11.418182        8.563636        5.709091        2.854545        0.000000
--
 
 
            Nuclear Potential Energy              4.67873223 au
 
 ###############################################################################
 ###############################################################################
 ###                                                                         ###
 ###                                                                         ###
 ###    There were warnings during the execution                             ###
 ###    Please, check the output with care!                                  ###
 ###                                                                         ###
 ###                                                                         ###
 ###############################################################################
 ###############################################################################
--- Stop Module: gateway at Wed Oct 29 06:59:47 2025 /rc=_RC_ALL_IS_WELL_ ---
*** files: xmldump
    saved to directory ${LOCALHOME}/DDCASPT2/hydrogen_comps/rerun/H12_chain/H12_2.85

--- Start Module: seward at Wed Oct 29 06:59:47 2025 ---
 
()()()()()()()()()()()()()()()()()()()()()()()()()()()()()()()()()()()()()()()()()()()()()()()()()()

                                              &SEWARD

                                   only a single process is used
                       available to each process: 2.0 GB of memory, 1 thread?
()()()()()()()()()()()()()()()()()()()()()()()()()()()()()()()()()()()()()()()()()()()()()()()()()()
 
 ###############################################################################
 ###############################################################################
 ###                                                                         ###
 ###                                                                         ###
 ###                                                                         ###
 ###    WARNING: EXPERT option is ON!                                        ###
 ###                                                                         ###
 ###                                                                         ###
 ###############################################################################
 ###############################################################################
               SEWARD will generate:
                  Multipole Moment integrals up to order  2
                  Kinetic Energy integrals
                  Nuclear Attraction integrals (point charge)
                  One-Electron Hamiltonian integrals
                  Velocity integrals
                  Relativistic Douglas-Kroll-Hess integrals:
                    - Parametrization         : EXP
                    - DKH order of Hamiltonian: 2
                    - DKH order of Properties : 0
                         - multipole moment operators
                         - electric potential operators
                         - contact operators
                  Atomic mean-field integrals
                  Two-Electron Repulsion integrals
 
                   Integrals are discarded if absolute value <: 0.10E-13
                   Integral cutoff threshold is set to       <: 0.10E-15
 
            Nuclear Potential Energy              4.67873223 au
 
 
      Basis set specifications :
      Symmetry species         a  
      Basis functions           60
 
 
  Input file to MOLDEN was generated!
 
 ###############################################################################
 ###############################################################################
 ###                                                                         ###
 ###                                                                         ###
 ###    There were warnings during the execution                             ###
 ###    Please, check the output with care!                                  ###
 ###                                                                         ###
 ###                                                                         ###
 ###############################################################################
 ###############################################################################
forrtl: warning (525): IEEE_DIVIDE_BY_ZERO is signaling
forrtl: warning (526): IEEE_INVALID is signaling
forrtl: warning (528): IEEE_UNDERFLOW is signaling
--- Stop Module: seward at Wed Oct 29 06:59:48 2025 /rc=_RC_ALL_IS_WELL_ ---
*** files: H12_2.85.GssOrb H12_2.85.guessorb.h5 H12_2.85.guessorb.molden xmldump
    saved to directory ${LOCALHOME}/DDCASPT2/hydrogen_comps/rerun/H12_chain/H12_2.85

*** symbolic link created: INPORB -> H12_2.85.GssOrb
--- Start Module: scf at Wed Oct 29 06:59:48 2025 ---
 
()()()()()()()()()()()()()()()()()()()()()()()()()()()()()()()()()()()()()()()()()()()()()()()()()()

                                                &SCF

                                   only a single process is used
                       available to each process: 2.0 GB of memory, 1 thread?
()()()()()()()()()()()()()()()()()()()()()()()()()()()()()()()()()()()()()()()()()()()()()()()()()()
 
++    Input section:
      --------------
 
      Header of the integral files:
      
       Integrals generated by seward 4.2.0  , Wed Oct 29 06:59:47 2025
 
 
      Cartesian coordinates in Angstrom:
      -----------------------------------------------------
      No.  Label        X            Y            Z        
      -----------------------------------------------------
       1   H1         0.00000000   0.00000000   0.00000000
       2   H2         0.00000000   0.00000000   2.85454500
       3   H3         0.00000000   0.00000000   5.70909100
       4   H4         0.00000000   0.00000000   8.56363600
       5   H5         0.00000000   0.00000000  11.41818200
       6   H6         0.00000000   0.00000000  14.27272700
       7   H7         0.00000000   0.00000000  17.12727300
       8   H8         0.00000000   0.00000000  19.98181800
       9   H9         0.00000000   0.00000000  22.83636400
      10   H10        0.00000000   0.00000000  25.69090900
      11   H11        0.00000000   0.00000000  28.54545500
      12   H12        0.00000000   0.00000000  31.40000000
      -----------------------------------------------------
      Nuclear repulsion energy =    4.67873223
--
 
++    Orbital specifications:
      -----------------------
 
      Symmetry species               1
                                     a
      Frozen orbitals                0
      Occupied orbitals              6
      Secondary orbitals            54
      Deleted orbitals               0
      Total number of orbitals      60
      Number of basis functions     60
--
 
      Molecular charge                           0.000
 
++    Optimization specifications:
      ----------------------------
 
      SCF Algorithm: Conventional
      Minimized density differences are used
      Number of density matrices in core                5
      Maximum number of NDDO SCF iterations           400
      Maximum number of HF SCF iterations             400
      Threshold for SCF energy change            0.10E-08
      Threshold for density matrix               0.10E-03
      Threshold for Fock matrix                  0.15E-03
      Threshold for linear dependence            0.10E-08
      Threshold at which DIIS is turned on       0.15E+00
      Threshold at which QNR/C2DIIS is turned on 0.75E-01
      Threshold for Norm(delta) (QNR/C2DIIS)     0.20E-04
      DIIS extrapolation of the SCF procedure
      All orbitals punched on: SCFORB
--
 
      Input vectors read from INPORB
      Orbital file label: *Guess orbitals
 
 
++ Convergence information
                                   SCF        iterations: Energy and convergence statistics
 
Iter     Tot. SCF        One-elec.       Two-elec.     Energy      Max Dij or  Max Fij      DNorm      TNorm      AccCon     Time
         Energy          Energy          Energy        Change      Delta Norm                                                in Sec.
   1    -4.631576100   -15.454464973     6.144156643   0.00E+00    0.42E+00*   0.13E+00*    0.56E+01   0.98E+01   None         0.
   2    -5.014511211   -15.398728753     5.705485313  -0.38E+00*   0.17E+00*   0.25E-01*    0.17E+01   0.94E+01   EDIIS        0.
   3    -5.034545661   -15.312055096     5.598777206  -0.20E-01*   0.12E+00*   0.94E-02*    0.45E+00   0.93E+01   EDIIS        0.
   4    -5.040313676   -15.317445058     5.598399153  -0.58E-02*   0.12E+00*   0.19E-01*    0.23E+00   0.93E+01   c2DIIS       0.
   5    -5.042335661   -15.275081690     5.554013800  -0.20E-02*   0.28E-01*   0.48E-02*    0.25E+00   0.93E+01   c2DIIS       0.
   6    -5.045039382   -15.299022016     5.575250404  -0.27E-02*   0.14E-01*   0.14E-02*    0.62E-01   0.93E+01   QNRc2DIIS    0.
   7    -5.045116748   -15.304414869     5.580565892  -0.77E-04*   0.86E-02*   0.96E-03*    0.20E-01   0.93E+01   QNRc2DIIS    0.
   8    -5.045153880   -15.303355909     5.579469799  -0.37E-04*   0.77E-02*   0.40E-03*    0.84E-02   0.93E+01   QNRc2DIIS    0.
   9    -5.045161579   -15.302231337     5.578337528  -0.77E-05*   0.14E-02*   0.17E-03*    0.77E-02   0.93E+01   QNRc2DIIS    0.
  10    -5.045163030   -15.302306827     5.578411567  -0.15E-05*   0.27E-03*   0.31E-04     0.13E-02   0.93E+01   QNRc2DIIS    0.
  11    -5.045163047   -15.302229753     5.578334477  -0.16E-07*   0.12E-03*   0.25E-04     0.16E-03   0.93E+01   QNRc2DIIS    0.
  12    -5.045163059   -15.302247367     5.578352078  -0.13E-07*   0.14E-04    0.10E-05     0.42E-04   0.93E+01   QNRc2DIIS    0.
  13    -5.045163060   -15.302250947     5.578355658  -0.12E-09    0.10E-04    0.55E-06     0.13E-04   0.93E+01   QNRc2DIIS    0.
 
       Convergence after 13 Macro Iterations
--
 
 *****************************************************************************************************************************
 *                                                                                                                           *
 *                                             SCF/KS-DFT Program, Final results                                             *
 *                                                                                                                           *
 *                                                                                                                           *
 *                                                                                                                           *
 *                                                       Final Results                                                       *
 *                                                                                                                           *
 *****************************************************************************************************************************
 
::    Total SCF energy                                 -5.0451630595
      One-electron energy                             -15.3022509471
      Two-electron energy                               5.5783556577
      Nuclear repulsion energy                          4.6787322298
      Kinetic energy (interpolated)                     3.9454828458
      Virial theorem                                    1.2787187923
      Total spin, S(S+1)                                0.0000000000
      Total spin, S                                     0.0000000000
      Max non-diagonal density matrix element           0.0000084822
      Max non-diagonal Fock matrix element              0.0000004334
 
 
      All orbitals with orbital energies smaller than  E(LUMO)+0.5 are printed
 
++    Molecular orbitals:
      -------------------
 
      Title: SCF orbitals

      Molecular orbitals for symmetry species 1: a  
 
          Orbital            1         2         3         4         5         6         7         8         9        10    
          Energy           -0.3679   -0.3620   -0.3531   -0.3417   -0.3292   -0.3190   -0.1626   -0.1484   -0.1313   -0.1147
          Occ. No.          2.0000    2.0000    2.0000    2.0000    2.0000    2.0000    0.0000    0.0000    0.0000    0.0000
 
        1 H1     1s         0.1009   -0.2024    0.2888   -0.3375    0.3221   -0.2081    0.2195   -0.3611    0.4078   -0.3743
        2 H1     2s         0.0208   -0.0421    0.0609   -0.0727    0.0711   -0.0469    0.0651   -0.1098    0.1273   -0.1191
        3 H1     2px       -0.0000    0.0000   -0.0000    0.0000   -0.0000    0.0000   -0.0000    0.0000   -0.0000    0.0000
        4 H1     2py        0.0000   -0.0000    0.0000   -0.0000    0.0000   -0.0000   -0.0000    0.0000    0.0000   -0.0000
        5 H1     2pz        0.0029   -0.0055    0.0072   -0.0075    0.0063   -0.0037   -0.0015    0.0037   -0.0062    0.0078
        6 H2     1s         0.1319   -0.2512    0.3297   -0.3434    0.2862   -0.1641   -0.1180    0.2583   -0.3838    0.4384
        7 H2     2s         0.0226   -0.0476    0.0709   -0.0846    0.0801   -0.0503   -0.0308    0.0761   -0.1225    0.1457
        8 H2     2px       -0.0000    0.0000   -0.0000    0.0000    0.0000   -0.0000    0.0000    0.0000   -0.0000    0.0000
        9 H2     2py        0.0000   -0.0000    0.0000   -0.0000    0.0000   -0.0000   -0.0000    0.0000   -0.0000    0.0000
       10 H2     2pz       -0.0006    0.0019   -0.0041    0.0066   -0.0079    0.0058   -0.0075    0.0107   -0.0089    0.0043
       11 H3     1s         0.2336   -0.3327    0.2198    0.0570   -0.3099    0.3050   -0.3291    0.3438   -0.0631   -0.2844
       12 H3     2s         0.0480   -0.0669    0.0396    0.0243   -0.0830    0.0792   -0.0997    0.1046   -0.0157   -0.0966
       13 H3     2px        0.0000    0.0000    0.0000    0.0000    0.0000    0.0000   -0.0000    0.0000   -0.0000   -0.0000
       14 H3     2py        0.0000   -0.0000    0.0000   -0.0000    0.0000   -0.0000   -0.0000    0.0000   -0.0000    0.0000
       15 H3     2pz        0.0039   -0.0044    0.0006    0.0048   -0.0078    0.0057    0.0060   -0.0103    0.0097   -0.0034
       16 H4     1s         0.2575   -0.3256    0.1457    0.1542   -0.3423    0.2721    0.2522   -0.3930    0.2622    0.1092
       17 H4     2s         0.0474   -0.0681    0.0406    0.0268   -0.0850    0.0766    0.0721   -0.1231    0.0890    0.0330
       18 H4     2px       -0.0000    0.0000    0.0000   -0.0000   -0.0000    0.0000   -0.0000    0.0000    0.0000    0.0000
       19 H4     2py        0.0000    0.0000   -0.0000   -0.0000   -0.0000    0.0000   -0.0000    0.0000    0.0000   -0.0000
       20 H4     2pz       -0.0023    0.0048   -0.0052    0.0010    0.0059   -0.0075    0.0100   -0.0074   -0.0032    0.0093
       21 H5     1s         0.3221   -0.1848   -0.2189    0.3039    0.0925   -0.3462    0.3752   -0.0737   -0.3844    0.2730
       22 H5     2s         0.0640   -0.0313   -0.0550    0.0665    0.0324   -0.0924    0.1120   -0.0177   -0.1267    0.0878
       23 H5     2px        0.0000    0.0000    0.0000    0.0000   -0.0000    0.0000   -0.0000   -0.0000   -0.0000   -0.0000
       24 H5     2py       -0.0000    0.0000   -0.0000   -0.0000    0.0000   -0.0000   -0.0000    0.0000    0.0000    0.0000
       25 H5     2pz        0.0044   -0.0003   -0.0058    0.0032    0.0054   -0.0076   -0.0091    0.0091    0.0019   -0.0096
       26 H6     1s         0.3312   -0.1266   -0.2780    0.2432    0.1814   -0.3350   -0.3470    0.2521    0.2506   -0.3981
       27 H6     2s         0.0636   -0.0329   -0.0552    0.0645    0.0382   -0.0916   -0.1019    0.0831    0.0777   -0.1334
       28 H6     2px       -0.0000   -0.0000   -0.0000    0.0000    0.0000    0.0000   -0.0000   -0.0000    0.0000    0.0000
       29 H6     2py       -0.0000   -0.0000   -0.0000   -0.0000    0.0000    0.0000    0.0000    0.0000    0.0000   -0.0000
       30 H6     2pz       -0.0038    0.0040    0.0021   -0.0068   -0.0003    0.0082   -0.0106   -0.0013    0.0106   -0.0006
       31 H7     1s         0.3312    0.1266   -0.2780   -0.2432    0.1814    0.3350   -0.3470   -0.2521    0.2506    0.3981
       32 H7     2s         0.0636    0.0329   -0.0552   -0.0645    0.0382    0.0916   -0.1019   -0.0831    0.0777    0.1334
       33 H7     2px        0.0000    0.0000    0.0000    0.0000   -0.0000    0.0000   -0.0000   -0.0000    0.0000   -0.0000
       34 H7     2py       -0.0000   -0.0000    0.0000    0.0000    0.0000   -0.0000    0.0000    0.0000   -0.0000    0.0000
       35 H7     2pz        0.0038    0.0040   -0.0021   -0.0068    0.0003    0.0082    0.0106   -0.0013   -0.0106   -0.0006
       36 H8     1s         0.3221    0.1848   -0.2189   -0.3039    0.0925    0.3462    0.3752    0.0737   -0.3844   -0.2730
       37 H8     2s         0.0640    0.0313   -0.0550   -0.0665    0.0324    0.0924    0.1120    0.0177   -0.1267   -0.0878
       38 H8     2px       -0.0000    0.0000    0.0000    0.0000   -0.0000   -0.0000   -0.0000   -0.0000    0.0000   -0.0000
       39 H8     2py       -0.0000    0.0000    0.0000    0.0000    0.0000   -0.0000    0.0000   -0.0000   -0.0000   -0.0000
       40 H8     2pz       -0.0044   -0.0003    0.0058    0.0032   -0.0054   -0.0076    0.0091    0.0091   -0.0019   -0.0096
       41 H9     1s         0.2575    0.3256    0.1457   -0.1542   -0.3423   -0.2721    0.2522    0.3930    0.2622   -0.1092
       42 H9     2s         0.0474    0.0681    0.0406   -0.0268   -0.0850   -0.0766    0.0721    0.1231    0.0890   -0.0330
       43 H9     2px        0.0000   -0.0000    0.0000   -0.0000    0.0000   -0.0000    0.0000    0.0000    0.0000    0.0000
       44 H9     2py        0.0000    0.0000    0.0000    0.0000   -0.0000   -0.0000   -0.0000   -0.0000    0.0000   -0.0000
       45 H9     2pz        0.0023    0.0048    0.0052    0.0010   -0.0059   -0.0075   -0.0100   -0.0074    0.0032    0.0093
       46 H10    1s         0.2336    0.3327    0.2198   -0.0570   -0.3099   -0.3050   -0.3291   -0.3438   -0.0631    0.2844
       47 H10    2s         0.0480    0.0669    0.0396   -0.0243   -0.0830   -0.0792   -0.0997   -0.1046   -0.0157    0.0966
       48 H10    2px       -0.0000    0.0000    0.0000   -0.0000    0.0000    0.0000   -0.0000   -0.0000   -0.0000   -0.0000
       49 H10    2py        0.0000   -0.0000   -0.0000   -0.0000   -0.0000   -0.0000    0.0000   -0.0000   -0.0000   -0.0000
       50 H10    2pz       -0.0039   -0.0044   -0.0006    0.0048    0.0078    0.0057   -0.0060   -0.0103   -0.0097   -0.0034
       51 H11    1s         0.1319    0.2512    0.3297    0.3434    0.2862    0.1641   -0.1180   -0.2583   -0.3838   -0.4384
       52 H11    2s         0.0226    0.0476    0.0709    0.0846    0.0801    0.0503   -0.0308   -0.0761   -0.1225   -0.1457
       53 H11    2px        0.0000   -0.0000    0.0000    0.0000   -0.0000    0.0000   -0.0000   -0.0000   -0.0000   -0.0000
       54 H11    2py        0.0000   -0.0000   -0.0000    0.0000    0.0000    0.0000   -0.0000   -0.0000    0.0000   -0.0000
       55 H11    2pz        0.0006    0.0019    0.0041    0.0066    0.0079    0.0058    0.0075    0.0107    0.0089    0.0043
       56 H12    1s         0.1009    0.2024    0.2888    0.3375    0.3221    0.2081    0.2195    0.3611    0.4078    0.3743
       57 H12    2s         0.0208    0.0421    0.0609    0.0727    0.0711    0.0469    0.0651    0.1098    0.1273    0.1191
       58 H12    2px       -0.0000    0.0000    0.0000    0.0000    0.0000   -0.0000   -0.0000   -0.0000   -0.0000    0.0000
       59 H12    2py        0.0000    0.0000   -0.0000   -0.0000   -0.0000    0.0000   -0.0000   -0.0000    0.0000    0.0000
       60 H12    2pz       -0.0029   -0.0055   -0.0072   -0.0075   -0.0063   -0.0037    0.0015    0.0037    0.0062    0.0078
 
          Orbital           11        12        13        14        15    
          Energy           -0.1009   -0.0922    0.3121    0.3178    0.3272
          Occ. No.          0.0000    0.0000    0.0000    0.0000    0.0000
 
        1 H1     1s         0.2844   -0.1549   -0.0632    0.1146   -0.1407
        2 H1     2s         0.0913   -0.0498    0.1137   -0.2208    0.3042
        3 H1     2px       -0.0000    0.0000   -0.0000    0.0000   -0.0000
        4 H1     2py        0.0000   -0.0000    0.0000   -0.0000    0.0000
        5 H1     2pz       -0.0074    0.0046   -0.0008    0.0011   -0.0010
        6 H2     1s        -0.3884    0.2308   -0.1097    0.1794   -0.1826
        7 H2     2s        -0.1308    0.0778    0.1422   -0.2451    0.2719
        8 H2     2px       -0.0000   -0.0000   -0.0000    0.0000   -0.0000
        9 H2     2py       -0.0000    0.0000   -0.0000    0.0000   -0.0000
       10 H2     2pz        0.0000   -0.0014    0.0021   -0.0024   -0.0006
       11 H3     1s         0.4570   -0.3378   -0.1339    0.1819   -0.1172
       12 H3     2s         0.1521   -0.1115    0.1866   -0.2683    0.1898
       13 H3     2px       -0.0000    0.0000   -0.0000   -0.0000   -0.0000
       14 H3     2py       -0.0000    0.0000    0.0000   -0.0000    0.0000
       15 H3     2pz       -0.0038    0.0052   -0.0007    0.0020   -0.0051
       16 H4     1s        -0.4276    0.3864   -0.1623    0.1616   -0.0089
       17 H4     2s        -0.1418    0.1289    0.2229   -0.2356    0.0157
       18 H4     2px       -0.0000   -0.0000   -0.0000   -0.0000   -0.0000
       19 H4     2py       -0.0000    0.0000   -0.0000   -0.0000    0.0000
       20 H4     2pz       -0.0062    0.0011    0.0028   -0.0005   -0.0058
       21 H5     1s         0.2640   -0.4415   -0.1791    0.1131    0.0940
       22 H5     2s         0.0894   -0.1463    0.2489   -0.1655   -0.1534
       23 H5     2px       -0.0000    0.0000   -0.0000   -0.0000    0.0000
       24 H5     2py        0.0000   -0.0000    0.0000   -0.0000   -0.0000
       25 H5     2pz        0.0031    0.0045   -0.0019    0.0038   -0.0038
       26 H6     1s        -0.1316    0.4580   -0.1898    0.0374    0.1664
       27 H6     2s        -0.0420    0.1522    0.2629   -0.0558   -0.2680
       28 H6     2px        0.0000   -0.0000   -0.0000    0.0000   -0.0000
       29 H6     2py       -0.0000   -0.0000   -0.0000   -0.0000   -0.0000
       30 H6     2pz       -0.0075    0.0031    0.0027    0.0026   -0.0037
       31 H7     1s        -0.1316   -0.4580   -0.1898   -0.0374    0.1664
       32 H7     2s        -0.0420   -0.1522    0.2629    0.0558   -0.2680
       33 H7     2px        0.0000   -0.0000    0.0000   -0.0000   -0.0000
       34 H7     2py       -0.0000   -0.0000   -0.0000    0.0000   -0.0000
       35 H7     2pz        0.0075    0.0031   -0.0027    0.0026    0.0037
       36 H8     1s         0.2640    0.4415   -0.1791   -0.1131    0.0940
       37 H8     2s         0.0894    0.1463    0.2489    0.1655   -0.1534
       38 H8     2px       -0.0000   -0.0000    0.0000    0.0000    0.0000
       39 H8     2py       -0.0000    0.0000    0.0000   -0.0000    0.0000
       40 H8     2pz       -0.0031    0.0045    0.0019    0.0038    0.0038
       41 H9     1s        -0.4276   -0.3864   -0.1623   -0.1616   -0.0089
       42 H9     2s        -0.1418   -0.1289    0.2229    0.2356    0.0157
       43 H9     2px        0.0000   -0.0000   -0.0000   -0.0000    0.0000
       44 H9     2py       -0.0000    0.0000   -0.0000   -0.0000   -0.0000
       45 H9     2pz        0.0062    0.0011   -0.0028   -0.0005    0.0058
       46 H10    1s         0.4570    0.3378   -0.1339   -0.1819   -0.1172
       47 H10    2s         0.1521    0.1115    0.1866    0.2683    0.1898
       48 H10    2px       -0.0000   -0.0000    0.0000    0.0000   -0.0000
       49 H10    2py        0.0000    0.0000   -0.0000    0.0000    0.0000
       50 H10    2pz        0.0038    0.0052    0.0007    0.0020    0.0051
       51 H11    1s        -0.3884   -0.2308   -0.1097   -0.1794   -0.1826
       52 H11    2s        -0.1308   -0.0778    0.1422    0.2451    0.2719
       53 H11    2px        0.0000   -0.0000   -0.0000    0.0000   -0.0000
       54 H11    2py       -0.0000    0.0000   -0.0000    0.0000   -0.0000
       55 H11    2pz       -0.0000   -0.0014   -0.0021   -0.0024    0.0006
       56 H12    1s         0.2844    0.1549   -0.0632   -0.1146   -0.1407
       57 H12    2s         0.0913    0.0498    0.1137    0.2208    0.3042
       58 H12    2px        0.0000   -0.0000    0.0000   -0.0000   -0.0000
       59 H12    2py        0.0000    0.0000   -0.0000    0.0000    0.0000
       60 H12    2pz        0.0074    0.0046    0.0008    0.0011    0.0010
--
 
 
++    Molecular charges:
      ------------------
 
      Mulliken charges per centre and basis function type
      ---------------------------------------------------
 
                H1      H2      H3      H4      H5      H6      H7      H8      H9      H10     H11     H12   
      1s       0.8830  0.9204  0.9019  0.9079  0.9039  0.9054  0.9054  0.9039  0.9079  0.9019  0.9204  0.8830
      2s       0.0915  0.0982  0.0920  0.0936  0.0929  0.0931  0.0931  0.0929  0.0936  0.0920  0.0982  0.0915
      2px      0.0000  0.0000  0.0000  0.0000  0.0000  0.0000  0.0000  0.0000  0.0000  0.0000  0.0000  0.0000
      2pz      0.0025  0.0028  0.0028  0.0027  0.0028  0.0027  0.0027  0.0028  0.0027  0.0028  0.0028  0.0025
      2py      0.0000  0.0000  0.0000  0.0000  0.0000  0.0000  0.0000  0.0000  0.0000  0.0000  0.0000  0.0000
      Total    0.9770  1.0214  0.9967  1.0042  0.9995  1.0012  1.0012  0.9995  1.0042  0.9967  1.0214  0.9770
 
      N-E      0.0230 -0.0214  0.0033 -0.0042  0.0005 -0.0012 -0.0012  0.0005 -0.0042  0.0033 -0.0214  0.0230
 
      Total electronic charge=   12.000000
 
      Total            charge=   -0.000000
--
 
 
  Input file to MOLDEN was generated!
 
 
++    Static properties:
      ------------------
 
 
      LoProp Charges per center
 

                   H1       H2       H3       H4       H5       H6       H7       H8       H9       H10   
      Nuclear      1.0000   1.0000   1.0000   1.0000   1.0000   1.0000   1.0000   1.0000   1.0000   1.0000
      Electronic  -0.9843  -1.0134  -0.9974  -1.0040  -0.9996  -1.0012  -1.0012  -0.9996  -1.0040  -0.9974
 
      Total        0.0157  -0.0134   0.0026  -0.0040   0.0004  -0.0012  -0.0012   0.0004  -0.0040   0.0026
 

                   H11      H12   
      Nuclear      1.0000   1.0000
      Electronic  -1.0134  -0.9843
 
      Total       -0.0134   0.0157
--
 
 
++    Natural Bond Order analysis
      ---------------------------
      Based on LoProp computed density
      -------------------------------------------------------------------------------------
      Atom A       Atom B       Bond Order
      -------------------------------------------------------------------------------------
      NBO located      0.977 non-bonded electrons on atom H1        
      NBO located      1.002 non-bonded electrons on atom H3        
      NBO located      1.010 non-bonded electrons on atom H4        
      NBO located      1.005 non-bonded electrons on atom H5        
      NBO located      1.007 non-bonded electrons on atom H6        
      NBO located      1.007 non-bonded electrons on atom H7        
      NBO located      1.005 non-bonded electrons on atom H8        
      NBO located      1.010 non-bonded electrons on atom H9        
      NBO located      1.002 non-bonded electrons on atom H10       
      NBO located      0.977 non-bonded electrons on atom H12       
      The remaining    1.998 electrons are to be considered as diffuse
--
 
 
++    Molecular properties:
      ---------------------
 
      Charge (e):
                      =   -0.0000
      Dipole Moment (Debye):
      Origin of the operator (Ang)=    0.0000    0.0000    0.0000
                   X=  7.7930E-14               Y= -8.3471E-14               Z= -2.9474E-11           Total=  2.9474E-11
      Quadrupole Moment (Debye*Ang):
      Origin of the operator (Ang)=    0.0000    0.0000   15.7000
                  XX= -2.9632E+01              XY=  2.6955E-28              XZ= -1.2065E-12              YY= -2.9632E+01
                  YZ=  1.2832E-12              ZZ=  3.7288E+00
      In traceless form (Debye*Ang)
                  XX= -1.6680E+01              XY=  4.0432E-28              XZ= -1.8098E-12              YY= -1.6680E+01
                  YZ=  1.9248E-12              ZZ=  3.3361E+01
--
 
 
  Input file to MOLDEN was generated!
 
 ###############################################################################
 ###############################################################################
 ###                                                                         ###
 ###                                                                         ###
 ###    RunFile label nBas                                                   ###
 ###    was used       78 times                                              ###
 ###                                                                         ###
 ###                                                                         ###
 ###############################################################################
 ###############################################################################
forrtl: warning (528): IEEE_UNDERFLOW is signaling
--- Stop Module: scf at Wed Oct 29 06:59:48 2025 /rc=_RC_ALL_IS_WELL_ ---
*** files: H12_2.85.LprOrb H12_2.85.LoProp.molden H12_2.85.scf.molden H12_2.85.ScfOrb H12_2.85.scf.h5 xmldump
    saved to directory ${LOCALHOME}/DDCASPT2/hydrogen_comps/rerun/H12_chain/H12_2.85

>>> COPY /tmp/H12_2.85/H12_2.85.scf.h5 ${LOCALHOME}/DDCASPT2/hydrogen_comps/rerun/H12_chain/H12_2.85/

*** symbolic link created: INPORB -> H12_2.85.ScfOrb
--- Start Module: rasscf at Wed Oct 29 06:59:48 2025 ---
 
()()()()()()()()()()()()()()()()()()()()()()()()()()()()()()()()()()()()()()()()()()()()()()()()()()

                                              &RASSCF

                                   only a single process is used
                       available to each process: 2.0 GB of memory, 1 thread?
()()()()()()()()()()()()()()()()()()()()()()()()()()()()()()()()()()()()()()()()()()()()()()()()()()
 
 
      Header of the ONEINT file:
      --------------------------
      
      Integrals generated by seward 4.2.0  , Wed Oct 29 06:59:47 2025
 
 
      OrdInt status: non-squared
 
 
      Cartesian coordinates in Angstrom:
      -----------------------------------------------------
      No.  Label        X            Y            Z        
      -----------------------------------------------------
       1   H1         0.00000000   0.00000000   0.00000000
       2   H2         0.00000000   0.00000000   2.85454500
       3   H3         0.00000000   0.00000000   5.70909100
       4   H4         0.00000000   0.00000000   8.56363600
       5   H5         0.00000000   0.00000000  11.41818200
       6   H6         0.00000000   0.00000000  14.27272700
       7   H7         0.00000000   0.00000000  17.12727300
       8   H8         0.00000000   0.00000000  19.98181800
       9   H9         0.00000000   0.00000000  22.83636400
      10   H10        0.00000000   0.00000000  25.69090900
      11   H11        0.00000000   0.00000000  28.54545500
      12   H12        0.00000000   0.00000000  31.40000000
      -----------------------------------------------------
      Nuclear repulsion energy =    4.67873223
 
++    Wave function specifications:
      -----------------------------
 
      Number of closed shell electrons           0
      Number of electrons in active shells      12
      Max number of holes in RAS1 space          0
      Max nr of electrons in RAS3 space          0
      Number of inactive orbitals                0
      Number of active orbitals                 12
      Number of secondary orbitals              48
      Spin quantum number                      0.0
      State symmetry                             1
--
 
++    Orbital specifications:
      -----------------------
 
      Symmetry species                           1
                                                 a
      Frozen orbitals                            0
      Inactive orbitals                          0
      Active orbitals                           12
      RAS1 orbitals                              0
      RAS2 orbitals                             12
      RAS3 orbitals                              0
      Secondary orbitals                        48
      Deleted orbitals                           0
      Number of basis functions                 60
--
 
++    CI expansion specifications:
      ----------------------------
 
      Number of CSFs                        226512
      Number of determinants                427350
      Number of root(s) required                 1
      Root chosen for geometry opt.              1
      CI root used                               1
         
      highest root included in the CI            1
      max. size of the explicit Hamiltonian    200
--
 
++    Optimization specifications:
      ----------------------------
 
      RASSCF algorithm: Conventional
      Maximum number of macro iterations       200
      Maximum number of SX iterations          100
      Threshold for RASSCF energy            0.100E-07
      Threshold for max MO rotation          0.100E+00
      Threshold for max BLB element          0.100E-03
      Level shift parameter                  0.500E+00
      Make Quasi-Newton update
--
 
      The MO-coefficients are taken from the file:
      ${LOCALHOME}/DDCASPT2/hydrogen_comps/rerun/H12_chain/H12_2.49/H12_2.49.RasOrb                                               
      Title: RASSCF average (pseudo-natural) orbitals                                      
 
      Total molecular charge    0.00
 
      ************************************************************************************************************************
      *                                                                                                                      *
      *                                            Wave function control section                                             *
      *                                                                                                                      *
      ************************************************************************************************************************
 
 
                                         RASSCF iterations: Energy and convergence statistics
                                         ----------------------------------------------------
 
      Iter CI   SX   CI       RASSCF       Energy    max ROT     max BLB   max BLB  Level Ln srch  Step   QN   Walltime
          iter iter root      energy       change     param      element    value   shift minimum  type update hh:mm:ss
 Nr of preliminary CI iterations:  10
        1   1    5    1    -5.98650609    0.00E+00  -0.98E-02    6  20 1 -0.69E-02*  0.00   0.00    SX    NO    0:00:22
        2   1    5    1    -5.98702398   -0.52E-03* -0.45E-02    1  13 1  0.28E-02*  0.00   0.00    SX    NO    0:00:06
        3   2    4    1    -5.98706365   -0.40E-04* -0.14E-02    1  13 1 -0.89E-03*  0.01   0.00    SX    NO    0:00:07
        No convergence in the CI section: MAXJT will be increased to 
 60
        4  48    4    1    -5.98723409   -0.17E-03* -0.64E-03    7  19 1 -0.39E-03*  0.01   0.00    SX    NO    0:00:58
        No convergence in the CI section: MAXJT will be increased to 
 72
        5  60    4    1    -5.98730422   -0.70E-04*  0.17E-03    1  13 1 -0.16E-03*  0.01   1.00    QN   YES    0:01:13
        6  11    4    1    -5.98731698   -0.13E-04* -0.98E-04    7  19 1  0.43E-04   0.01   1.00    QN   YES    0:00:17
        No convergence in the CI section: MAXJT will be increased to 
 96
        7  84    4    1    -5.98732220   -0.52E-05* -0.24E-03    6  20 1  0.43E-04   0.01   1.00    QN   YES    0:01:40
        No convergence in the CI section: MAXJT will be increased to 
 108
        8  96    4    1    -5.98732418   -0.20E-05* -0.15E-03    7  19 1 -0.76E-04   0.01   0.98    QN   YES    0:01:52
        No convergence in the CI section: MAXJT will be increased to 
 120
        9 108    4    1    -5.98732517   -0.99E-06* -0.76E-04    6  20 1  0.74E-04   0.01   0.97    QN   YES    0:02:07
        No convergence in the CI section: MAXJT will be increased to 
 132
       10 120    4    1    -5.98732574   -0.57E-06* -0.25E-03    6  20 1  0.57E-04   0.01   1.02    QN   YES    0:02:19
        No convergence in the CI section: MAXJT will be increased to 
 144
       11 132    4    1    -5.98732603   -0.29E-06*  0.14E-03    7  19 1 -0.79E-04   0.01   0.87    QN   YES    0:02:34
       12   5    3    1    -5.98732609   -0.62E-07* -0.31E-04    7  19 1  0.21E-04   0.01   0.80    QN   YES    0:00:10
       13  10    3    1    -5.98732613   -0.39E-07* -0.80E-05    7  19 1  0.44E-05   0.01   1.01    QN   YES    0:00:16
       14   1    3    1    -5.98732613   -0.16E-09   0.23E-05    6  20 1 -0.19E-05   0.01   0.71    QN   YES    0:00:06
      Convergence after 14 iterations
 
  Dmat in MO in SXCTL bf call to SXHAM                                                                                    
  mat. size =    12x   12
 
        1.2339879828593905
       -0.0000000002775246      1.2185655794898593
        0.0001866771313117      0.0000000001725225      1.1934259502866398
        0.0000000003701989      0.0004012249748728      0.0000000005473875      1.1596473215153893
        0.0001939265828792     -0.0000000022949830      0.0004464465559488     -0.0000000031053593      1.1193441773507622
        0.0000000010764199      0.0002099769562005     -0.0000000022973115      0.0003046312735679      0.0000000002864096
        1.0761971589268804
        0.0000967523357903     -0.0000000023792377      0.0001521547286833      0.0000000007936152     -0.0015931461627042
       -0.0000000000784000      0.9257362576060627
       -0.0000000017097764      0.0002269085638481      0.0000000005413769     -0.0014372636058194     -0.0000000006131165
        0.0019969278582814     -0.0000000005656487      0.8820841380229729
        0.0001549658941985      0.0000000002320248     -0.0010359245244448      0.0000000003158572      0.0023028234801836
       -0.0000000009327520     -0.0001858199723259      0.0000000028035565      0.8409174357277704
        0.0000000004813958     -0.0007022530675977     -0.0000000001838526      0.0020562482813431     -0.0000000012054949
        0.0003315692291709      0.0000000025990966     -0.0002987831813791      0.0000000003014893      0.8060944002158139
       -0.0004628187135996     -0.0000000001599413      0.0014534056949334      0.0000000002093111      0.0004326358513104
        0.0000000021354924     -0.0000393272205921      0.0000000012351283     -0.0002922665146160     -0.0000000002008391
        0.7799994764899982
       -0.0000000000606111      0.0007512793967914     -0.0000000006752132      0.0002806368758830      0.0000000013357702
        0.0001199607820820     -0.0000000005465142     -0.0000840808299143      0.0000000002645966     -0.0001323943097406
        0.0000000000648117      0.7640001215085581
       15   1    3    1    -5.98732613   -0.33E-10   0.23E-05    1  23 1 -0.73E-07   0.01   0.71    QN   YES    0:00:07
 
      ************************************************************************************************************************
                                                      Wave function printout:
                       occupation of active orbitals, and spin coupling of open shells (u,d: Spin up or down)
      ************************************************************************************************************************
 
      Note: transformation to natural orbitals
      has been made, which may change the order of the CSFs.
 
      printout of CI-coefficients larger than  0.05 for root  1
      energy=      -5.987326
      conf/sym  111111111111     Coeff  Weight
             1  222222000000   0.15759 0.02484
            38  222220200000  -0.08203 0.00673
            60  2222udud0000   0.09084 0.00825
            83  222u2du0d000  -0.07391 0.00546
           107  22u22du00d00   0.06474 0.00419
           132  2u222du000d0  -0.06011 0.00361
           158  u2222du0000d   0.07450 0.00555
           166  222202020000  -0.05807 0.00337
           189  222ud20ud000   0.07225 0.00522
           213  22u2d20u0d00  -0.06272 0.00393
           238  2u22d20u00d0   0.06527 0.00426
           264  u222d20u000d  -0.05671 0.00322
           298  22ud2200ud00   0.06774 0.00459
           323  2u2d2200u0d0  -0.05737 0.00329
           349  u22d2200u00d   0.05474 0.00300
           387  2ud222000ud0   0.05739 0.00329
           413  u2d222000u0d  -0.05508 0.00303
           456  ud22220000ud   0.05783 0.00334
          5604  222200220000   0.05248 0.00275
          5710  222ud02ud000  -0.05504 0.00303
          7713  22udududud00   0.05367 0.00288
 
      Natural orbitals and occupation numbers for root  1
      sym 1:   1.233990   1.218571   1.193436   1.159665   1.119374   1.076217   0.925723   0.882057   0.840896   0.806080
               0.779992   0.763998
 
      ************************************************************************************************************************
      *                                                                                                                      *
      *                                                    Final results                                                     *
      *                                                                                                                      *
      ************************************************************************************************************************
 
 
++    Wave function specifications:
      -----------------------------
 
      Number of closed shell electrons           0
      Number of electrons in active shells      12
      Max number of holes in RAS1 space          0
      Max nr of electrons in RAS3 space          0
      Number of inactive orbitals                0
      Number of active orbitals                 12
      Number of secondary orbitals              48
      Spin quantum number                      0.0
      State symmetry                             1
--
 
++    Orbital specifications:
      -----------------------
 
      Symmetry species                           1
                                                 a
      Frozen orbitals                            0
      Inactive orbitals                          0
      Active orbitals                           12
      RAS1 orbitals                              0
      RAS2 orbitals                             12
      RAS3 orbitals                              0
      Secondary orbitals                        48
      Deleted orbitals                           0
      Number of basis functions                 60
--
 
++    CI expansion specifications:
      ----------------------------
 
      Number of CSFs                        226512
      Number of determinants                427350
      Number of root(s) required                 1
      CI root used                               1
      highest root included in the CI            1
      Root passed to geometry opt.               1
--
 
++    Final optimization conditions:
      ------------------------------
 
      Average CI energy                              -5.98732613
      RASSCF energy for state  1                     -5.98732613
      Super-CI energy                                -0.00000000
      RASSCF energy change                            0.00000000
      Max change in MO coefficients               0.161E-05
      Max non-diagonal density matrix element     0.234E-05
      Maximum BLB matrix element                 -0.727E-07
      (orbital pair   1,  23 in symmetry   1)
      Norm of electronic gradient            0.200E-06
--
 
 
      Final state energy(ies):
      ------------------------
 
::    RASSCF root number  1 Total energy:     -5.98732613
 
++    Molecular orbitals:
      -------------------
 
      Pseudonatural active orbitals and approximate occupation numbers
 
 
 
 
      Molecular orbitals for symmetry species 1: a  
 
 
      Orbital                1         2         3         4         5         6         7         8         9        10
      Energy            0.0000    0.0000    0.0000    0.0000    0.0000    0.0000    0.0000    0.0000    0.0000    0.0000
      Occ. No.          1.2340    1.2186    1.1934    1.1597    1.1194    1.0762    0.9257    0.8821    0.8409    0.8061
 
    1 H1     1s         0.1268   -0.2375    0.3169   -0.3507    0.3246   -0.2239    0.2357   -0.3516    0.3901   -0.3609
    2 H1     2s         0.0095   -0.0180    0.0243   -0.0274    0.0261   -0.0186    0.0232   -0.0370    0.0440   -0.0435
    3 H1     2px        0.0000   -0.0000   -0.0000   -0.0000   -0.0000   -0.0000    0.0000   -0.0000   -0.0000    0.0000
    4 H1     2py        0.0000    0.0000   -0.0000   -0.0000    0.0000    0.0000   -0.0000    0.0000    0.0000    0.0000
    5 H1     2pz        0.0002   -0.0003    0.0003   -0.0002    0.0001   -0.0000    0.0003   -0.0007    0.0012   -0.0016
    6 H2     1s         0.1776   -0.3111    0.3686   -0.3395    0.2392   -0.1096   -0.0951    0.2392   -0.3720    0.4315
    7 H2     2s         0.0115   -0.0218    0.0294   -0.0319    0.0274   -0.0161   -0.0046    0.0223   -0.0446    0.0601
    8 H2     2px       -0.0000    0.0000    0.0000   -0.0000   -0.0000    0.0000   -0.0000    0.0000   -0.0000    0.0000
    9 H2     2py       -0.0000    0.0000   -0.0000    0.0000   -0.0000    0.0000    0.0000   -0.0000   -0.0000   -0.0000
   10 H2     2pz        0.0003   -0.0003    0.0002    0.0001   -0.0002    0.0001    0.0004   -0.0008    0.0008   -0.0004
   11 H3     1s         0.2512   -0.3437    0.2135    0.0657   -0.3150    0.3445   -0.3590    0.3319   -0.0564   -0.2664
   12 H3     2s         0.0180   -0.0239    0.0126    0.0107   -0.0319    0.0340   -0.0397    0.0377   -0.0033   -0.0417
   13 H3     2px        0.0000   -0.0000   -0.0000   -0.0000   -0.0000    0.0000   -0.0000    0.0000   -0.0000    0.0000
   14 H3     2py       -0.0000    0.0000    0.0000    0.0000    0.0000    0.0000   -0.0000    0.0000    0.0000   -0.0000
   15 H3     2pz       -0.0001    0.0003   -0.0004    0.0003    0.0000   -0.0002   -0.0002    0.0008   -0.0011    0.0004
   16 H4     1s         0.2884   -0.3234    0.0730    0.2478   -0.3720    0.2316    0.2277   -0.4032    0.2936    0.0744
   17 H4     2s         0.0194   -0.0243    0.0091    0.0172   -0.0338    0.0262    0.0214   -0.0484    0.0422    0.0078
   18 H4     2px       -0.0000   -0.0000   -0.0000   -0.0000   -0.0000    0.0000   -0.0000    0.0000    0.0000   -0.0000
   19 H4     2py        0.0000    0.0000   -0.0000    0.0000   -0.0000    0.0000   -0.0000   -0.0000    0.0000    0.0000
   20 H4     2pz        0.0003   -0.0001   -0.0003    0.0004   -0.0001    0.0000   -0.0007    0.0006    0.0004   -0.0012
   21 H5     1s         0.3275   -0.1971   -0.2159    0.3282    0.0452   -0.3805    0.3924   -0.0332   -0.3817    0.2477
   22 H5     2s         0.0228   -0.0120   -0.0190    0.0253    0.0085   -0.0383    0.0422    0.0001   -0.0530    0.0339
   23 H5     2px        0.0000    0.0000   -0.0000   -0.0000   -0.0000    0.0000    0.0000    0.0000   -0.0000   -0.0000
   24 H5     2py        0.0000   -0.0000    0.0000    0.0000    0.0000    0.0000   -0.0000    0.0000    0.0000   -0.0000
   25 H5     2pz       -0.0002    0.0004   -0.0002   -0.0003    0.0002    0.0001    0.0005   -0.0009   -0.0000    0.0012
   26 H6     1s         0.3411   -0.0967   -0.3185    0.1978    0.2607   -0.3355   -0.3406    0.2954    0.2149   -0.3846
   27 H6     2s         0.0234   -0.0091   -0.0227    0.0194    0.0203   -0.0352   -0.0352    0.0389    0.0260   -0.0575
   28 H6     2px       -0.0000    0.0000   -0.0000    0.0000    0.0000    0.0000   -0.0000   -0.0000    0.0000   -0.0000
   29 H6     2py       -0.0000   -0.0000    0.0000   -0.0000   -0.0000   -0.0000    0.0000   -0.0000   -0.0000    0.0000
   30 H6     2pz        0.0002    0.0002   -0.0003   -0.0002    0.0003   -0.0001    0.0007    0.0003   -0.0012   -0.0000
   31 H7     1s         0.3411    0.0967   -0.3185   -0.1978    0.2607    0.3355   -0.3406   -0.2954    0.2149    0.3846
   32 H7     2s         0.0234    0.0091   -0.0227   -0.0194    0.0203    0.0352   -0.0352   -0.0389    0.0260    0.0575
   33 H7     2px       -0.0000    0.0000    0.0000    0.0000   -0.0000   -0.0000   -0.0000   -0.0000    0.0000   -0.0000
   34 H7     2py       -0.0000   -0.0000   -0.0000    0.0000    0.0000   -0.0000   -0.0000    0.0000    0.0000   -0.0000
   35 H7     2pz       -0.0002    0.0002    0.0003   -0.0002   -0.0003   -0.0001   -0.0007    0.0003    0.0012   -0.0000
   36 H8     1s         0.3275    0.1971   -0.2159   -0.3282    0.0452    0.3805    0.3924    0.0332   -0.3817   -0.2477
   37 H8     2s         0.0228    0.0120   -0.0190   -0.0253    0.0085    0.0383    0.0422   -0.0001   -0.0530   -0.0339
   38 H8     2px        0.0000    0.0000   -0.0000    0.0000    0.0000   -0.0000    0.0000   -0.0000   -0.0000    0.0000
   39 H8     2py       -0.0000   -0.0000    0.0000   -0.0000   -0.0000   -0.0000    0.0000    0.0000   -0.0000    0.0000
   40 H8     2pz        0.0002    0.0004    0.0002   -0.0003   -0.0002    0.0001   -0.0005   -0.0009    0.0000    0.0012
   41 H9     1s         0.2884    0.3234    0.0730   -0.2478   -0.3720   -0.2316    0.2277    0.4032    0.2936   -0.0744
   42 H9     2s         0.0194    0.0243    0.0091   -0.0172   -0.0338   -0.0262    0.0214    0.0484    0.0422   -0.0078
   43 H9     2px        0.0000   -0.0000    0.0000    0.0000   -0.0000   -0.0000    0.0000   -0.0000   -0.0000    0.0000
   44 H9     2py       -0.0000   -0.0000   -0.0000    0.0000    0.0000   -0.0000   -0.0000    0.0000    0.0000    0.0000
   45 H9     2pz       -0.0003   -0.0001    0.0003    0.0004    0.0001    0.0000    0.0007    0.0006   -0.0004   -0.0012
   46 H10    1s         0.2512    0.3437    0.2135   -0.0657   -0.3150   -0.3445   -0.3590   -0.3319   -0.0564    0.2664
   47 H10    2s         0.0180    0.0239    0.0126   -0.0107   -0.0319   -0.0340   -0.0397   -0.0377   -0.0033    0.0417
   48 H10    2px       -0.0000   -0.0000    0.0000   -0.0000    0.0000   -0.0000   -0.0000    0.0000    0.0000    0.0000
   49 H10    2py       -0.0000    0.0000   -0.0000   -0.0000   -0.0000   -0.0000    0.0000    0.0000    0.0000    0.0000
   50 H10    2pz        0.0001    0.0003    0.0004    0.0003   -0.0000   -0.0002    0.0002    0.0008    0.0011    0.0004
   51 H11    1s         0.1776    0.3111    0.3686    0.3395    0.2392    0.1096   -0.0951   -0.2392   -0.3720   -0.4315
   52 H11    2s         0.0115    0.0218    0.0294    0.0319    0.0274    0.0161   -0.0046   -0.0223   -0.0446   -0.0601
   53 H11    2px       -0.0000    0.0000   -0.0000   -0.0000   -0.0000   -0.0000   -0.0000    0.0000   -0.0000    0.0000
   54 H11    2py       -0.0000   -0.0000    0.0000   -0.0000    0.0000   -0.0000   -0.0000    0.0000    0.0000    0.0000
   55 H11    2pz       -0.0003   -0.0003   -0.0002    0.0001    0.0002    0.0001   -0.0004   -0.0008   -0.0008   -0.0004
   56 H12    1s         0.1268    0.2375    0.3169    0.3507    0.3246    0.2239    0.2357    0.3516    0.3901    0.3609
   57 H12    2s         0.0095    0.0180    0.0243    0.0274    0.0261    0.0186    0.0232    0.0370    0.0440    0.0435
   58 H12    2px        0.0000   -0.0000   -0.0000   -0.0000    0.0000   -0.0000    0.0000    0.0000    0.0000    0.0000
   59 H12    2py        0.0000    0.0000   -0.0000   -0.0000   -0.0000   -0.0000    0.0000   -0.0000    0.0000    0.0000
   60 H12    2pz       -0.0002   -0.0003   -0.0003   -0.0002   -0.0001   -0.0000   -0.0003   -0.0007   -0.0012   -0.0016
 
 
      Orbital               11        12        13        14        15        16        17        18        19        20
      Energy            0.0000    0.0000    0.3222    0.3274    0.3368    0.3512    0.3713    0.3986    0.4336    0.4808
      Occ. No.          0.7800    0.7640    0.0000    0.0000    0.0000    0.0000    0.0000    0.0000    0.0000    0.0000
 
    1 H1     1s         0.2760   -0.1495   -0.0480    0.0808   -0.0906    0.0780   -0.0480    0.0075    0.0352   -0.0744
    2 H1     2s         0.0351   -0.0197    0.1239   -0.2290    0.3073   -0.3608    0.3948   -0.4147    0.4141   -0.3980
    3 H1     2px       -0.0000    0.0000   -0.0000    0.0000   -0.0000    0.0000   -0.0000    0.0000   -0.0000    0.0000
    4 H1     2py       -0.0000   -0.0000    0.0000   -0.0000    0.0000   -0.0000    0.0000    0.0000    0.0000    0.0000
    5 H1     2pz        0.0015   -0.0010    0.0004   -0.0008    0.0010   -0.0004   -0.0019    0.0075   -0.0176    0.0351
    6 H2     1s        -0.3820    0.2248   -0.0855    0.1341   -0.1312    0.0893   -0.0357   -0.0004   -0.0000    0.0399
    7 H2     2s        -0.0586    0.0364    0.1550   -0.2575    0.2794   -0.2194    0.0920    0.0814   -0.2663    0.4388
    8 H2     2px       -0.0000    0.0000   -0.0000    0.0000   -0.0000    0.0000    0.0000    0.0000    0.0000   -0.0000
    9 H2     2py        0.0000   -0.0000   -0.0000    0.0000   -0.0000   -0.0000   -0.0000    0.0000    0.0000   -0.0000
   10 H2     2pz       -0.0001    0.0002    0.0008   -0.0004   -0.0024    0.0088   -0.0193    0.0324   -0.0427    0.0430
   11 H3     1s         0.4233   -0.3112   -0.1048    0.1352   -0.0782   -0.0130    0.0689   -0.0584    0.0106    0.0115
   12 H3     2s         0.0662   -0.0497    0.1965   -0.2735    0.1845    0.0268   -0.2591    0.3990   -0.3569    0.1179
   13 H3     2px       -0.0000   -0.0000    0.0000   -0.0000    0.0000    0.0000    0.0000    0.0000    0.0000   -0.0000
   14 H3     2py       -0.0000   -0.0000    0.0000   -0.0000    0.0000    0.0000   -0.0000    0.0000   -0.0000    0.0000
   15 H3     2pz        0.0005   -0.0008    0.0009    0.0002   -0.0044    0.0100   -0.0113   -0.0004    0.0303   -0.0745
   16 H4     1s        -0.3925    0.3624   -0.1215    0.1192   -0.0058   -0.0922    0.0855   -0.0162   -0.0079   -0.0395
   17 H4     2s        -0.0601    0.0591    0.2282   -0.2379    0.0086    0.2629   -0.3290    0.0911    0.2908   -0.5130
   18 H4     2px       -0.0000    0.0000   -0.0000    0.0000    0.0000   -0.0000    0.0000   -0.0000   -0.0000    0.0000
   19 H4     2py        0.0000   -0.0000   -0.0000   -0.0000    0.0000   -0.0000    0.0000   -0.0000    0.0000   -0.0000
   20 H4     2pz        0.0008   -0.0001    0.0007    0.0015   -0.0059    0.0063    0.0060   -0.0287    0.0366    0.0046
   21 H5     1s         0.2493   -0.4081   -0.1333    0.0797    0.0748   -0.1094    0.0065    0.0528   -0.0101    0.0119
   22 H5     2s         0.0407   -0.0659    0.2497   -0.1623   -0.1671    0.3092   -0.0360   -0.3539    0.3348    0.1782
   23 H5     2px        0.0000   -0.0000   -0.0000    0.0000    0.0000   -0.0000    0.0000   -0.0000   -0.0000   -0.0000
   24 H5     2py       -0.0000    0.0000    0.0000   -0.0000   -0.0000   -0.0000   -0.0000   -0.0000    0.0000   -0.0000
   25 H5     2pz       -0.0005   -0.0006    0.0003    0.0025   -0.0047   -0.0030    0.0179   -0.0126   -0.0321    0.0714
   26 H6     1s        -0.1105    0.4264   -0.1391    0.0295    0.1217   -0.0497   -0.0761    0.0378    0.0092    0.0306
   27 H6     2s        -0.0153    0.0692    0.2608   -0.0566   -0.2791    0.1334    0.3021   -0.2452   -0.3133    0.4138
   28 H6     2px        0.0000   -0.0000   -0.0000    0.0000    0.0000    0.0000   -0.0000   -0.0000    0.0000   -0.0000
   29 H6     2py        0.0000   -0.0000   -0.0000   -0.0000   -0.0000    0.0000    0.0000   -0.0000   -0.0000    0.0000
   30 H6     2pz        0.0010   -0.0004    0.0002    0.0030   -0.0020   -0.0094    0.0098    0.0228   -0.0344   -0.0455
   31 H7     1s        -0.1105   -0.4264   -0.1391   -0.0295    0.1217    0.0497   -0.0761   -0.0378    0.0092   -0.0306
   32 H7     2s        -0.0153   -0.0692    0.2608    0.0566   -0.2791   -0.1334    0.3021    0.2452   -0.3133   -0.4138
   33 H7     2px       -0.0000   -0.0000   -0.0000   -0.0000   -0.0000    0.0000    0.0000   -0.0000    0.0000    0.0000
   34 H7     2py       -0.0000    0.0000   -0.0000    0.0000    0.0000    0.0000   -0.0000    0.0000   -0.0000    0.0000
   35 H7     2pz       -0.0010   -0.0004   -0.0002    0.0030    0.0020   -0.0094   -0.0098    0.0228    0.0344   -0.0455
   36 H8     1s         0.2493    0.4081   -0.1333   -0.0797    0.0748    0.1094    0.0065   -0.0528   -0.0101   -0.0119
   37 H8     2s         0.0407    0.0659    0.2497    0.1623   -0.1671   -0.3092   -0.0360    0.3539    0.3348   -0.1782
   38 H8     2px       -0.0000    0.0000    0.0000    0.0000    0.0000   -0.0000   -0.0000   -0.0000   -0.0000   -0.0000
   39 H8     2py       -0.0000    0.0000    0.0000   -0.0000   -0.0000   -0.0000    0.0000   -0.0000    0.0000   -0.0000
   40 H8     2pz        0.0005   -0.0006   -0.0003    0.0025    0.0047   -0.0030   -0.0179   -0.0126    0.0321    0.0714
   41 H9     1s        -0.3925   -0.3624   -0.1215   -0.1192   -0.0058    0.0922    0.0855    0.0162   -0.0079    0.0395
   42 H9     2s        -0.0601   -0.0591    0.2282    0.2379    0.0086   -0.2629   -0.3290   -0.0911    0.2908    0.5130
   43 H9     2px        0.0000    0.0000   -0.0000   -0.0000   -0.0000    0.0000    0.0000    0.0000   -0.0000   -0.0000
   44 H9     2py        0.0000    0.0000    0.0000    0.0000    0.0000   -0.0000   -0.0000    0.0000    0.0000    0.0000
   45 H9     2pz       -0.0008   -0.0001   -0.0007    0.0015    0.0059    0.0063   -0.0060   -0.0287   -0.0366    0.0046
   46 H10    1s         0.4233    0.3112   -0.1048   -0.1352   -0.0782    0.0130    0.0689    0.0584    0.0106   -0.0115
   47 H10    2s         0.0662    0.0497    0.1965    0.2735    0.1845   -0.0268   -0.2591   -0.3990   -0.3569   -0.1179
   48 H10    2px       -0.0000    0.0000   -0.0000    0.0000   -0.0000    0.0000   -0.0000    0.0000    0.0000   -0.0000
   49 H10    2py       -0.0000   -0.0000    0.0000    0.0000    0.0000   -0.0000    0.0000    0.0000   -0.0000   -0.0000
   50 H10    2pz       -0.0005   -0.0008   -0.0009    0.0002    0.0044    0.0100    0.0113   -0.0004   -0.0303   -0.0745
   51 H11    1s        -0.3820   -0.2248   -0.0855   -0.1341   -0.1312   -0.0893   -0.0357    0.0004   -0.0000   -0.0399
   52 H11    2s        -0.0586   -0.0364    0.1550    0.2575    0.2794    0.2194    0.0920   -0.0814   -0.2663   -0.4388
   53 H11    2px       -0.0000   -0.0000    0.0000   -0.0000    0.0000   -0.0000    0.0000    0.0000    0.0000   -0.0000
   54 H11    2py        0.0000   -0.0000   -0.0000    0.0000   -0.0000    0.0000   -0.0000    0.0000    0.0000    0.0000
   55 H11    2pz        0.0001    0.0002   -0.0008   -0.0004    0.0024    0.0088    0.0193    0.0324    0.0427    0.0430
   56 H12    1s         0.2760    0.1495   -0.0480   -0.0808   -0.0906   -0.0780   -0.0480   -0.0075    0.0352    0.0744
   57 H12    2s         0.0351    0.0197    0.1239    0.2290    0.3073    0.3608    0.3948    0.4147    0.4141    0.3980
   58 H12    2px        0.0000   -0.0000    0.0000   -0.0000    0.0000    0.0000   -0.0000    0.0000   -0.0000    0.0000
   59 H12    2py        0.0000    0.0000    0.0000   -0.0000    0.0000    0.0000   -0.0000   -0.0000   -0.0000    0.0000
   60 H12    2pz       -0.0015   -0.0010   -0.0004   -0.0008   -0.0010   -0.0004    0.0019    0.0075    0.0176    0.0351
 
 
      Orbital               21        22        23        24        25        26        27        28        29        30
      Energy            0.5397    0.6105    0.6883    0.7631    0.7825    0.8865    0.8865    0.8917    0.8917    0.9001
      Occ. No.          0.0000    0.0000    0.0000    0.0000    0.0000    0.0000    0.0000    0.0000    0.0000    0.0000
 
    1 H1     1s         0.1025   -0.1125    0.1011    0.0858    0.0590    0.0000    0.0000   -0.0000    0.0000    0.0000
    2 H1     2s         0.3709   -0.3212    0.2478    0.1899    0.1271   -0.0000    0.0000   -0.0000    0.0000    0.0000
    3 H1     2px       -0.0000    0.0000   -0.0000   -0.0000   -0.0000    0.0732   -0.0517   -0.1643    0.0581    0.2302
    4 H1     2py       -0.0000    0.0000   -0.0000   -0.0000   -0.0000    0.0517    0.0732   -0.0581   -0.1643    0.0967
    5 H1     2pz       -0.0629    0.1041   -0.1612   -0.2857   -0.2573   -0.0000   -0.0000    0.0000    0.0000   -0.0000
    6 H2     1s        -0.1010    0.1494   -0.1496   -0.1063   -0.0593    0.0000    0.0000   -0.0000    0.0000   -0.0000
    7 H2     2s        -0.5589    0.5809   -0.4765   -0.3091   -0.1735    0.0000   -0.0000   -0.0000    0.0000    0.0000
    8 H2     2px        0.0000   -0.0000    0.0000   -0.0000    0.0000    0.1443   -0.1020   -0.2957    0.1047    0.3512
    9 H2     2py        0.0000   -0.0000    0.0000   -0.0000   -0.0000    0.1020    0.1443   -0.1047   -0.2957    0.1475
   10 H2     2pz       -0.0229   -0.0300    0.1236    0.3116    0.2979    0.0000   -0.0000   -0.0000    0.0000    0.0000
   11 H3     1s         0.0380   -0.1323    0.1791    0.1213    0.0522   -0.0000    0.0000    0.0000   -0.0000    0.0000
   12 H3     2s         0.2295   -0.5228    0.5691    0.3454    0.1487   -0.0000    0.0000    0.0000   -0.0000   -0.0000
   13 H3     2px        0.0000    0.0000    0.0000   -0.0000    0.0000    0.2065   -0.1460   -0.3580    0.1267    0.2927
   14 H3     2py        0.0000    0.0000    0.0000   -0.0000   -0.0000    0.1460    0.2065   -0.1267   -0.3580    0.1229
   15 H3     2pz        0.1083   -0.0906   -0.0152   -0.2574   -0.2779   -0.0000    0.0000   -0.0000   -0.0000   -0.0000
   16 H4     1s         0.0559    0.0456   -0.1668   -0.1267   -0.0385   -0.0000   -0.0000    0.0000    0.0000    0.0000
   17 H4     2s         0.3252    0.1764   -0.5263   -0.3542   -0.1054    0.0000   -0.0000   -0.0000    0.0000    0.0000
   18 H4     2px       -0.0000    0.0000    0.0000    0.0000    0.0000    0.2562   -0.1811   -0.3376    0.1195    0.0865
   19 H4     2py       -0.0000    0.0000    0.0000   -0.0000   -0.0000    0.1811    0.2562   -0.1195   -0.3376    0.0364
   20 H4     2pz       -0.0968    0.1703   -0.1064    0.1854    0.2528    0.0000    0.0000   -0.0000   -0.0000    0.0000
   21 H5     1s        -0.0998    0.0684    0.1168    0.1280    0.0225   -0.0000    0.0000   -0.0000   -0.0000   -0.0000
   22 H5     2s        -0.5717    0.2644    0.3690    0.3570    0.0617   -0.0000    0.0000    0.0000   -0.0000   -0.0000
   23 H5     2px        0.0000    0.0000   -0.0000    0.0000   -0.0000    0.2910   -0.2057   -0.2393    0.0847   -0.1643
   24 H5     2py       -0.0000    0.0000    0.0000    0.0000    0.0000    0.2057    0.2910   -0.0847   -0.2393   -0.0690
   25 H5     2pz       -0.0055   -0.1603    0.2061   -0.1114   -0.2356    0.0000   -0.0000    0.0000    0.0000   -0.0000
   26 H6     1s         0.0496   -0.1446   -0.0421   -0.1286   -0.0076    0.0000   -0.0000    0.0000    0.0000    0.0000
   27 H6     2s         0.2773   -0.5664   -0.1321   -0.3583   -0.0203    0.0000   -0.0000   -0.0000    0.0000    0.0000
   28 H6     2px       -0.0000    0.0000   -0.0000    0.0000   -0.0000    0.3089   -0.2183   -0.0866    0.0306   -0.3314
   29 H6     2py        0.0000   -0.0000    0.0000   -0.0000   -0.0000    0.2183    0.3089   -0.0306   -0.0866   -0.1392
   30 H6     2pz        0.1025    0.0649   -0.2620    0.0371    0.2272   -0.0000    0.0000   -0.0000   -0.0000    0.0000
   31 H7     1s         0.0496    0.1446   -0.0421    0.1286   -0.0076   -0.0000    0.0000    0.0000   -0.0000   -0.0000
   32 H7     2s         0.2773    0.5664   -0.1321    0.3583   -0.0203   -0.0000    0.0000    0.0000   -0.0000   -0.0000
   33 H7     2px       -0.0000    0.0000    0.0000    0.0000    0.0000    0.3089   -0.2183    0.0866   -0.0306   -0.3314
   34 H7     2py       -0.0000   -0.0000    0.0000   -0.0000   -0.0000    0.2183    0.3089    0.0306    0.0866   -0.1392
   35 H7     2pz       -0.1025    0.0649    0.2620    0.0371   -0.2272   -0.0000   -0.0000    0.0000    0.0000   -0.0000
   36 H8     1s        -0.0998   -0.0684    0.1168   -0.1280    0.0225    0.0000   -0.0000   -0.0000    0.0000    0.0000
   37 H8     2s        -0.5717   -0.2644    0.3690   -0.3570    0.0617    0.0000   -0.0000   -0.0000    0.0000    0.0000
   38 H8     2px        0.0000   -0.0000   -0.0000    0.0000   -0.0000    0.2910   -0.2057    0.2393   -0.0847   -0.1643
   39 H8     2py        0.0000   -0.0000   -0.0000   -0.0000   -0.0000    0.2057    0.2910    0.0847    0.2393   -0.0690
   40 H8     2pz        0.0055   -0.1603   -0.2061   -0.1114    0.2356    0.0000    0.0000   -0.0000   -0.0000   -0.0000
   41 H9     1s         0.0559   -0.0456   -0.1668    0.1267   -0.0385   -0.0000    0.0000    0.0000   -0.0000   -0.0000
   42 H9     2s         0.3252   -0.1764   -0.5263    0.3542   -0.1054   -0.0000    0.0000    0.0000   -0.0000   -0.0000
   43 H9     2px        0.0000   -0.0000   -0.0000    0.0000   -0.0000    0.2562   -0.1811    0.3376   -0.1195    0.0865
   44 H9     2py       -0.0000   -0.0000   -0.0000    0.0000   -0.0000    0.1811    0.2562    0.1195    0.3376    0.0364
   45 H9     2pz        0.0968    0.1703    0.1064    0.1854   -0.2528    0.0000    0.0000    0.0000    0.0000    0.0000
   46 H10    1s         0.0380    0.1323    0.1791   -0.1213    0.0522    0.0000   -0.0000   -0.0000    0.0000    0.0000
   47 H10    2s         0.2295    0.5228    0.5691   -0.3454    0.1487    0.0000   -0.0000   -0.0000    0.0000    0.0000
   48 H10    2px       -0.0000   -0.0000    0.0000    0.0000   -0.0000    0.2065   -0.1460    0.3580   -0.1267    0.2927
   49 H10    2py        0.0000   -0.0000    0.0000   -0.0000    0.0000    0.1460    0.2065    0.1267    0.3580    0.1229
   50 H10    2pz       -0.1083   -0.0906    0.0152   -0.2574    0.2779    0.0000    0.0000    0.0000   -0.0000   -0.0000
   51 H11    1s        -0.1010   -0.1494   -0.1496    0.1063   -0.0593    0.0000    0.0000    0.0000    0.0000    0.0000
   52 H11    2s        -0.5589   -0.5809   -0.4765    0.3091   -0.1735   -0.0000    0.0000    0.0000   -0.0000    0.0000
   53 H11    2px        0.0000   -0.0000    0.0000   -0.0000    0.0000    0.1443   -0.1020    0.2957   -0.1047    0.3512
   54 H11    2py       -0.0000    0.0000   -0.0000    0.0000    0.0000    0.1020    0.1443    0.1047    0.2957    0.1475
   55 H11    2pz        0.0229   -0.0300   -0.1236    0.3116   -0.2979    0.0000   -0.0000   -0.0000    0.0000    0.0000
   56 H12    1s         0.1025    0.1125    0.1011   -0.0858    0.0590    0.0000   -0.0000   -0.0000    0.0000    0.0000
   57 H12    2s         0.3709    0.3212    0.2478   -0.1899    0.1271    0.0000    0.0000   -0.0000    0.0000   -0.0000
   58 H12    2px       -0.0000    0.0000   -0.0000   -0.0000    0.0000    0.0732   -0.0517    0.1643   -0.0581    0.2302
   59 H12    2py       -0.0000    0.0000    0.0000   -0.0000    0.0000    0.0517    0.0732    0.0581    0.1643    0.0967
   60 H12    2pz        0.0629    0.1041    0.1612   -0.2857    0.2573   -0.0000    0.0000    0.0000   -0.0000   -0.0000
 
 
      Orbital               31        32        33        34        35        36        37        38        39        40
      Energy            0.9001    0.9114    0.9114    0.9249    0.9249    0.9400    0.9400    0.9561    0.9561    0.9566
      Occ. No.          0.0000    0.0000    0.0000    0.0000    0.0000    0.0000    0.0000    0.0000    0.0000    0.0000
 
    1 H1     1s        -0.0000   -0.0000    0.0000   -0.0000    0.0000    0.0000   -0.0000    0.0000   -0.0000   -0.0306
    2 H1     2s        -0.0000    0.0000   -0.0000    0.0000    0.0000   -0.0000   -0.0000    0.0000    0.0000   -0.0675
    3 H1     2px       -0.0967   -0.2324   -0.2090    0.2389    0.2681   -0.2116   -0.3212    0.1890    0.3417    0.0000
    4 H1     2py        0.2302   -0.2090    0.2324    0.2681   -0.2389   -0.3212    0.2116    0.3417   -0.1890    0.0000
    5 H1     2pz       -0.0000    0.0000   -0.0000   -0.0000    0.0000    0.0000   -0.0000    0.0000   -0.0000   -0.1453
    6 H2     1s         0.0000    0.0000    0.0000   -0.0000   -0.0000    0.0000    0.0000   -0.0000    0.0000    0.1039
    7 H2     2s        -0.0000   -0.0000   -0.0000   -0.0000   -0.0000    0.0000    0.0000   -0.0000    0.0000    0.2486
    8 H2     2px       -0.1475   -0.2702   -0.2430    0.1754    0.1969   -0.0565   -0.0858   -0.0414   -0.0749    0.0000
    9 H2     2py        0.3512   -0.2430    0.2702    0.1969   -0.1754   -0.0858    0.0565   -0.0749    0.0414   -0.0000
   10 H2     2pz       -0.0000   -0.0000   -0.0000    0.0000    0.0000    0.0000   -0.0000   -0.0000    0.0000    0.1998
   11 H3     1s         0.0000    0.0000    0.0000    0.0000    0.0000   -0.0000   -0.0000    0.0000   -0.0000   -0.1937
   12 H3     2s         0.0000    0.0000    0.0000    0.0000   -0.0000   -0.0000   -0.0000    0.0000   -0.0000   -0.4747
   13 H3     2px       -0.1229   -0.0712   -0.0640   -0.1176   -0.1320    0.1998    0.3033   -0.1793   -0.3241   -0.0000
   14 H3     2py        0.2927   -0.0640    0.0712   -0.1320    0.1176    0.3033   -0.1998   -0.3241    0.1793   -0.0000
   15 H3     2pz        0.0000    0.0000    0.0000   -0.0000   -0.0000   -0.0000    0.0000    0.0000   -0.0000   -0.1920
   16 H4     1s        -0.0000   -0.0000    0.0000    0.0000    0.0000    0.0000   -0.0000   -0.0000    0.0000    0.2759
   17 H4     2s        -0.0000   -0.0000   -0.0000    0.0000    0.0000    0.0000   -0.0000   -0.0000    0.0000    0.6822
   18 H4     2px       -0.0364    0.1887    0.1697   -0.2570   -0.2884    0.1027    0.1559    0.0868    0.1570    0.0000
   19 H4     2py        0.0865    0.1697   -0.1887   -0.2884    0.2570    0.1559   -0.1027    0.1570   -0.0868    0.0000
   20 H4     2pz       -0.0000   -0.0000    0.0000    0.0000    0.0000    0.0000   -0.0000   -0.0000    0.0000    0.1531
   21 H5     1s         0.0000    0.0000    0.0000   -0.0000   -0.0000   -0.0000    0.0000    0.0000   -0.0000   -0.3375
   22 H5     2s         0.0000    0.0000    0.0000   -0.0000   -0.0000   -0.0000    0.0000    0.0000   -0.0000   -0.8348
   23 H5     2px        0.0690    0.2853    0.2566   -0.0626   -0.0702   -0.1766   -0.2681    0.1579    0.2855    0.0000
   24 H5     2py       -0.1643    0.2566   -0.2853   -0.0702    0.0626   -0.2681    0.1766    0.2855   -0.1579    0.0000
   25 H5     2pz        0.0000    0.0000    0.0000   -0.0000   -0.0000    0.0000    0.0000    0.0000   -0.0000   -0.0972
   26 H6     1s        -0.0000   -0.0000   -0.0000    0.0000    0.0000    0.0000   -0.0000   -0.0000    0.0000    0.3697
   27 H6     2s        -0.0000   -0.0000   -0.0000    0.0000    0.0000    0.0000   -0.0000   -0.0000    0.0000    0.9149
   28 H6     2px        0.1392    0.1342    0.1207    0.2121    0.2380   -0.1435   -0.2179   -0.1264   -0.2286   -0.0000
   29 H6     2py       -0.3314    0.1207   -0.1342    0.2380   -0.2121   -0.2179    0.1435   -0.2286    0.1264   -0.0000
   30 H6     2pz        0.0000   -0.0000   -0.0000    0.0000   -0.0000    0.0000   -0.0000   -0.0000    0.0000    0.0337
   31 H7     1s         0.0000    0.0000    0.0000   -0.0000   -0.0000   -0.0000    0.0000    0.0000   -0.0000   -0.3697
   32 H7     2s         0.0000    0.0000    0.0000   -0.0000   -0.0000   -0.0000    0.0000    0.0000   -0.0000   -0.9149
   33 H7     2px        0.1392   -0.1342   -0.1207    0.2121    0.2380    0.1435    0.2179   -0.1264   -0.2286   -0.0000
   34 H7     2py       -0.3314   -0.1207    0.1342    0.2380   -0.2121    0.2179   -0.1435   -0.2286    0.1264   -0.0000
   35 H7     2pz       -0.0000    0.0000    0.0000   -0.0000    0.0000    0.0000    0.0000   -0.0000   -0.0000    0.0337
   36 H8     1s        -0.0000   -0.0000   -0.0000    0.0000    0.0000    0.0000   -0.0000   -0.0000    0.0000    0.3375
   37 H8     2s        -0.0000   -0.0000   -0.0000    0.0000    0.0000    0.0000   -0.0000   -0.0000    0.0000    0.8348
   38 H8     2px        0.0690   -0.2853   -0.2566   -0.0626   -0.0702    0.1766    0.2681    0.1579    0.2855    0.0000
   39 H8     2py       -0.1643   -0.2566    0.2853   -0.0702    0.0626    0.2681   -0.1766    0.2855   -0.1579    0.0000
   40 H8     2pz        0.0000    0.0000   -0.0000   -0.0000   -0.0000    0.0000    0.0000    0.0000   -0.0000   -0.0972
   41 H9     1s         0.0000    0.0000    0.0000   -0.0000    0.0000   -0.0000    0.0000    0.0000   -0.0000   -0.2759
   42 H9     2s         0.0000    0.0000    0.0000   -0.0000   -0.0000   -0.0000    0.0000    0.0000   -0.0000   -0.6822
   43 H9     2px       -0.0364   -0.1887   -0.1697   -0.2570   -0.2884   -0.1027   -0.1559    0.0868    0.1570    0.0000
   44 H9     2py        0.0865   -0.1697    0.1887   -0.2884    0.2570   -0.1559    0.1027    0.1570   -0.0868    0.0000
   45 H9     2pz       -0.0000   -0.0000   -0.0000    0.0000    0.0000    0.0000   -0.0000   -0.0000    0.0000    0.1531
   46 H10    1s        -0.0000   -0.0000   -0.0000    0.0000    0.0000   -0.0000   -0.0000   -0.0000    0.0000    0.1937
   47 H10    2s        -0.0000   -0.0000   -0.0000    0.0000    0.0000   -0.0000   -0.0000   -0.0000    0.0000    0.4747
   48 H10    2px       -0.1229    0.0712    0.0640   -0.1176   -0.1320   -0.1998   -0.3033   -0.1793   -0.3241   -0.0000
   49 H10    2py        0.2927    0.0640   -0.0712   -0.1320    0.1176   -0.3033    0.1998   -0.3241    0.1793   -0.0000
   50 H10    2pz        0.0000    0.0000    0.0000   -0.0000   -0.0000   -0.0000    0.0000    0.0000   -0.0000   -0.1920
   51 H11    1s         0.0000    0.0000    0.0000    0.0000   -0.0000    0.0000    0.0000    0.0000   -0.0000   -0.1039
   52 H11    2s         0.0000    0.0000    0.0000    0.0000   -0.0000    0.0000    0.0000    0.0000   -0.0000   -0.2486
   53 H11    2px       -0.1475    0.2702    0.2430    0.1754    0.1969    0.0565    0.0858   -0.0414   -0.0749   -0.0000
   54 H11    2py        0.3512    0.2430   -0.2702    0.1969   -0.1754    0.0858   -0.0565   -0.0749    0.0414   -0.0000
   55 H11    2pz       -0.0000   -0.0000   -0.0000    0.0000    0.0000    0.0000   -0.0000   -0.0000    0.0000    0.1998
   56 H12    1s        -0.0000   -0.0000    0.0000   -0.0000    0.0000   -0.0000   -0.0000   -0.0000    0.0000    0.0306
   57 H12    2s        -0.0000   -0.0000   -0.0000   -0.0000    0.0000   -0.0000   -0.0000   -0.0000    0.0000    0.0675
   58 H12    2px       -0.0967    0.2324    0.2090    0.2389    0.2681    0.2116    0.3212    0.1890    0.3417    0.0000
   59 H12    2py        0.2302    0.2090   -0.2324    0.2681   -0.2389    0.3212   -0.2116    0.3417   -0.1890    0.0000
   60 H12    2pz        0.0000    0.0000    0.0000   -0.0000   -0.0000    0.0000    0.0000    0.0000   -0.0000   -0.1453
 
 
      Orbital               41        42        43        44        45        46        47        48        49        50
      Energy            0.9718    0.9718    0.9816    0.9865    0.9865    0.9991    0.9991    1.0064    1.0089    1.0089
      Occ. No.          0.0000    0.0000    0.0000    0.0000    0.0000    0.0000    0.0000    0.0000    0.0000    0.0000
 
    1 H1     1s        -0.0000    0.0000    0.0502   -0.0000    0.0000   -0.0000    0.0000    0.0598    0.0000   -0.0000
    2 H1     2s        -0.0000    0.0000    0.1135    0.0000    0.0000   -0.0000    0.0000    0.1409    0.0000   -0.0000
    3 H1     2px       -0.1809    0.3284   -0.0000    0.1866   -0.2776   -0.1664    0.2153    0.0000    0.0877    0.1705
    4 H1     2py       -0.3284   -0.1809   -0.0000    0.2776    0.1866   -0.2153   -0.1664   -0.0000    0.1705   -0.0877
    5 H1     2pz       -0.0000    0.0000    0.2219   -0.0000    0.0000   -0.0000   -0.0000    0.2738    0.0000   -0.0000
    6 H2     1s         0.0000   -0.0000   -0.1539    0.0000   -0.0000    0.0000    0.0000   -0.1623   -0.0000    0.0000
    7 H2     2s         0.0000   -0.0000   -0.3740    0.0000   -0.0000    0.0000    0.0000   -0.4018   -0.0000    0.0000
    8 H2     2px        0.1237   -0.2246   -0.0000   -0.2066    0.3072    0.2437   -0.3152   -0.0000   -0.1521   -0.2959
    9 H2     2py        0.2246    0.1237    0.0000   -0.3072   -0.2066    0.3152    0.2437    0.0000   -0.2959    0.1521
   10 H2     2pz        0.0000   -0.0000   -0.2686    0.0000   -0.0000   -0.0000    0.0000   -0.2481    0.0000    0.0000
   11 H3     1s        -0.0000    0.0000    0.2473   -0.0000    0.0000   -0.0000   -0.0000    0.1993    0.0000   -0.0000
   12 H3     2s        -0.0000    0.0000    0.6148   -0.0000    0.0000   -0.0000   -0.0000    0.5037    0.0000   -0.0000
   13 H3     2px        0.0921   -0.1673    0.0000    0.0500   -0.0743   -0.2003    0.2591    0.0000    0.1827    0.3555
   14 H3     2py        0.1673    0.0921   -0.0000    0.0743    0.0500   -0.2591   -0.2003   -0.0000    0.3555   -0.1827
   15 H3     2pz       -0.0000   -0.0000    0.1582   -0.0000    0.0000   -0.0000   -0.0000   -0.0318   -0.0000    0.0000
   16 H4     1s         0.0000   -0.0000   -0.2740    0.0000   -0.0000    0.0000    0.0000   -0.1155   -0.0000    0.0000
   17 H4     2s         0.0000   -0.0000   -0.6863    0.0000   -0.0000    0.0000    0.0000   -0.2926    0.0000    0.0000
   18 H4     2px       -0.1893    0.3438   -0.0000    0.1487   -0.2211    0.0575   -0.0743   -0.0000   -0.1719   -0.3344
   19 H4     2py       -0.3438   -0.1893   -0.0000    0.2211    0.1487    0.0743    0.0575    0.0000   -0.3344    0.1719
   20 H4     2pz       -0.0000    0.0000    0.0302    0.0000   -0.0000    0.0000    0.0000    0.3183    0.0000   -0.0000
   21 H5     1s        -0.0000   -0.0000    0.2125   -0.0000    0.0000   -0.0000   -0.0000   -0.0448   -0.0000    0.0000
   22 H5     2s        -0.0000   -0.0000    0.5341   -0.0000    0.0000   -0.0000   -0.0000   -0.1147   -0.0000    0.0000
   23 H5     2px        0.0439   -0.0797   -0.0000   -0.2204    0.3278    0.1147   -0.1483    0.0000    0.1217    0.2368
   24 H5     2py        0.0797    0.0439    0.0000   -0.3278   -0.2204    0.1483    0.1147   -0.0000    0.2368   -0.1217
   25 H5     2pz        0.0000   -0.0000   -0.2163    0.0000   -0.0000   -0.0000    0.0000   -0.3824    0.0000    0.0000
   26 H6     1s         0.0000    0.0000   -0.0803   -0.0000   -0.0000    0.0000    0.0000    0.1691    0.0000   -0.0000
   27 H6     2s         0.0000    0.0000   -0.2008    0.0000   -0.0000    0.0000    0.0000    0.4338    0.0000   -0.0000
   28 H6     2px        0.1572   -0.2854    0.0000    0.1031   -0.1534   -0.2289    0.2962   -0.0000   -0.0440   -0.0856
   29 H6     2py        0.2854    0.1572   -0.0000    0.1534    0.1031   -0.2962   -0.2289    0.0000   -0.0856    0.0440
   30 H6     2pz       -0.0000    0.0000    0.3285   -0.0000    0.0000   -0.0000   -0.0000    0.1690   -0.0000   -0.0000
   31 H7     1s         0.0000   -0.0000   -0.0803   -0.0000    0.0000   -0.0000   -0.0000   -0.1691    0.0000    0.0000
   32 H7     2s         0.0000   -0.0000   -0.2008    0.0000    0.0000    0.0000   -0.0000   -0.4338    0.0000    0.0000
   33 H7     2px       -0.1572    0.2854   -0.0000    0.1031   -0.1534    0.2289   -0.2962   -0.0000   -0.0440   -0.0856
   34 H7     2py       -0.2854   -0.1572    0.0000    0.1534    0.1031    0.2962    0.2289    0.0000   -0.0856    0.0440
   35 H7     2pz        0.0000   -0.0000   -0.3285    0.0000   -0.0000    0.0000    0.0000    0.1690    0.0000   -0.0000
   36 H8     1s        -0.0000    0.0000    0.2125   -0.0000    0.0000   -0.0000   -0.0000    0.0448   -0.0000   -0.0000
   37 H8     2s        -0.0000    0.0000    0.5341   -0.0000    0.0000   -0.0000   -0.0000    0.1147   -0.0000   -0.0000
   38 H8     2px       -0.0439    0.0797   -0.0000   -0.2204    0.3278   -0.1147    0.1483    0.0000    0.1217    0.2368
   39 H8     2py       -0.0797   -0.0439    0.0000   -0.3278   -0.2204   -0.1483   -0.1147   -0.0000    0.2368   -0.1217
   40 H8     2pz       -0.0000    0.0000    0.2163   -0.0000    0.0000   -0.0000   -0.0000   -0.3824   -0.0000    0.0000
   41 H9     1s         0.0000   -0.0000   -0.2740    0.0000   -0.0000    0.0000    0.0000    0.1155    0.0000   -0.0000
   42 H9     2s         0.0000   -0.0000   -0.6863    0.0000   -0.0000    0.0000    0.0000    0.2926    0.0000   -0.0000
   43 H9     2px        0.1893   -0.3438    0.0000    0.1487   -0.2211   -0.0575    0.0743   -0.0000   -0.1719   -0.3344
   44 H9     2py        0.3438    0.1893   -0.0000    0.2211    0.1487   -0.0743   -0.0575    0.0000   -0.3344    0.1719
   45 H9     2pz       -0.0000    0.0000   -0.0302    0.0000   -0.0000    0.0000   -0.0000    0.3183    0.0000   -0.0000
   46 H10    1s        -0.0000    0.0000    0.2473   -0.0000    0.0000   -0.0000    0.0000   -0.1993   -0.0000    0.0000
   47 H10    2s        -0.0000    0.0000    0.6148   -0.0000    0.0000   -0.0000   -0.0000   -0.5037   -0.0000    0.0000
   48 H10    2px       -0.0921    0.1673   -0.0000    0.0500   -0.0743    0.2003   -0.2591    0.0000    0.1827    0.3555
   49 H10    2py       -0.1673   -0.0921    0.0000    0.0743    0.0500    0.2591    0.2003   -0.0000    0.3555   -0.1827
   50 H10    2pz        0.0000   -0.0000   -0.1582   -0.0000   -0.0000    0.0000    0.0000   -0.0318    0.0000    0.0000
   51 H11    1s         0.0000   -0.0000   -0.1539    0.0000   -0.0000    0.0000    0.0000    0.1623    0.0000   -0.0000
   52 H11    2s         0.0000   -0.0000   -0.3740    0.0000   -0.0000    0.0000    0.0000    0.4018    0.0000   -0.0000
   53 H11    2px       -0.1237    0.2246   -0.0000   -0.2066    0.3072   -0.2437    0.3152   -0.0000   -0.1521   -0.2959
   54 H11    2py       -0.2246   -0.1237   -0.0000   -0.3072   -0.2066   -0.3152   -0.2437    0.0000   -0.2959    0.1521
   55 H11    2pz       -0.0000    0.0000    0.2686   -0.0000    0.0000   -0.0000   -0.0000   -0.2481   -0.0000    0.0000
   56 H12    1s        -0.0000    0.0000    0.0502   -0.0000    0.0000   -0.0000    0.0000   -0.0598   -0.0000    0.0000
   57 H12    2s        -0.0000    0.0000    0.1135   -0.0000    0.0000   -0.0000    0.0000   -0.1409   -0.0000    0.0000
   58 H12    2px        0.1809   -0.3284    0.0000    0.1866   -0.2776    0.1664   -0.2153    0.0000    0.0877    0.1705
   59 H12    2py        0.3284    0.1809    0.0000    0.2776    0.1866    0.2153    0.1664   -0.0000    0.1705   -0.0877
   60 H12    2pz        0.0000   -0.0000   -0.2219    0.0000   -0.0000    0.0000   -0.0000    0.2738    0.0000   -0.0000
 
 
      Orbital               51        52        53        54        55        56        57        58        59        60
      Energy            1.0150    1.0150    1.0326    1.0618    1.0947    1.1290    1.1630    1.1938    1.2184    1.2344
      Occ. No.          0.0000    0.0000    0.0000    0.0000    0.0000    0.0000    0.0000    0.0000    0.0000    0.0000
 
    1 H1     1s         0.0000    0.0000   -0.0635    0.0632   -0.0606    0.0563   -0.0498    0.0409   -0.0293    0.0154
    2 H1     2s         0.0000   -0.0000   -0.1561    0.1597   -0.1529    0.1377   -0.1154    0.0890   -0.0603    0.0303
    3 H1     2px        0.0845   -0.0514    0.0000   -0.0000    0.0000   -0.0000    0.0000   -0.0000    0.0000    0.0000
    4 H1     2py       -0.0514   -0.0845   -0.0000    0.0000   -0.0000    0.0000    0.0000   -0.0000    0.0000   -0.0000
    5 H1     2pz        0.0000   -0.0000   -0.3193    0.3530   -0.3691    0.3621   -0.3284    0.2704   -0.1923    0.0998
    6 H2     1s        -0.0000    0.0000    0.1485   -0.1224    0.0907   -0.0583    0.0288   -0.0068   -0.0046    0.0056
    7 H2     2s        -0.0000    0.0000    0.3697   -0.2992    0.2118   -0.1285    0.0616   -0.0182   -0.0025    0.0059
    8 H2     2px       -0.1610    0.0979   -0.0000    0.0000   -0.0000    0.0000   -0.0000    0.0000   -0.0000   -0.0000
    9 H2     2py        0.0979    0.1610    0.0000    0.0000   -0.0000    0.0000   -0.0000    0.0000   -0.0000    0.0000
   10 H2     2pz       -0.0000   -0.0000    0.1610   -0.0186   -0.1547    0.3163   -0.4236    0.4443   -0.3676    0.2076
   11 H3     1s         0.0000    0.0000   -0.1160    0.0376    0.0161   -0.0377    0.0319   -0.0118   -0.0056    0.0090
   12 H3     2s         0.0000   -0.0000   -0.2924    0.0894    0.0410   -0.0824    0.0611   -0.0184   -0.0117    0.0155
   13 H3     2px        0.2292   -0.1393    0.0000   -0.0000    0.0000   -0.0000    0.0000    0.0000    0.0000    0.0000
   14 H3     2py       -0.1393   -0.2292   -0.0000   -0.0000    0.0000    0.0000    0.0000   -0.0000    0.0000   -0.0000
   15 H3     2pz       -0.0000   -0.0000    0.2636   -0.4159    0.3975   -0.1953   -0.1069    0.3614   -0.4376    0.2933
   16 H4     1s        -0.0000    0.0000   -0.0253    0.0782   -0.0543    0.0014    0.0335   -0.0311    0.0081    0.0054
   17 H4     2s        -0.0000    0.0000   -0.0686    0.1990   -0.1301    0.0039    0.0655   -0.0559    0.0145    0.0073
   18 H4     2px       -0.2842    0.1728   -0.0000   -0.0000   -0.0000    0.0000   -0.0000   -0.0000   -0.0000   -0.0000
   19 H4     2py        0.1728    0.2842    0.0000    0.0000   -0.0000    0.0000    0.0000    0.0000    0.0000   -0.0000
   20 H4     2pz        0.0000    0.0000   -0.4036    0.1744    0.2079   -0.4238    0.2803    0.1118   -0.4173    0.3672
   21 H5     1s        -0.0000   -0.0000    0.1244   -0.0469   -0.0415    0.0519   -0.0056   -0.0258    0.0147    0.0036
   22 H5     2s        -0.0000   -0.0000    0.3214   -0.1190   -0.0978    0.1122   -0.0104   -0.0460    0.0233    0.0066
   23 H5     2px        0.3229   -0.1963   -0.0000    0.0000    0.0000   -0.0000   -0.0000   -0.0000    0.0000    0.0000
   24 H5     2py       -0.1963   -0.3229   -0.0000   -0.0000    0.0000    0.0000    0.0000   -0.0000   -0.0000    0.0000
   25 H5     2pz       -0.0000    0.0000    0.0704    0.3520   -0.3416   -0.1089    0.4325   -0.2025   -0.2953    0.4173
   26 H6     1s         0.0000    0.0000   -0.0698   -0.0696    0.0508    0.0292   -0.0353   -0.0113    0.0196    0.0014
   27 H6     2s         0.0000   -0.0000   -0.1797   -0.1746    0.1204    0.0631   -0.0696   -0.0194    0.0323    0.0012
   28 H6     2px       -0.3428    0.2085    0.0000   -0.0000   -0.0000    0.0000   -0.0000   -0.0000   -0.0000    0.0000
   29 H6     2py        0.2085    0.3428    0.0000    0.0000   -0.0000    0.0000    0.0000    0.0000   -0.0000   -0.0000
   30 H6     2pz        0.0000   -0.0000    0.3421   -0.2731   -0.2845    0.3516    0.2031   -0.4104   -0.1072    0.4436
   31 H7     1s         0.0000    0.0000   -0.0698    0.0696    0.0508   -0.0292   -0.0353    0.0113    0.0196   -0.0014
   32 H7     2s        -0.0000    0.0000   -0.1797    0.1746    0.1204   -0.0631   -0.0696    0.0194    0.0323   -0.0012
   33 H7     2px        0.3428   -0.2085   -0.0000    0.0000   -0.0000   -0.0000   -0.0000    0.0000   -0.0000   -0.0000
   34 H7     2py       -0.2085   -0.3428   -0.0000   -0.0000    0.0000    0.0000   -0.0000   -0.0000   -0.0000   -0.0000
   35 H7     2pz        0.0000    0.0000   -0.3421   -0.2731    0.2845    0.3516   -0.2031   -0.4104    0.1072    0.4436
   36 H8     1s        -0.0000   -0.0000    0.1244    0.0469   -0.0415   -0.0519   -0.0056    0.0258    0.0147   -0.0036
   37 H8     2s         0.0000   -0.0000    0.3214    0.1190   -0.0978   -0.1122   -0.0104    0.0460    0.0233   -0.0066
   38 H8     2px       -0.3229    0.1963    0.0000   -0.0000    0.0000    0.0000    0.0000    0.0000    0.0000   -0.0000
   39 H8     2py        0.1963    0.3229    0.0000   -0.0000    0.0000   -0.0000   -0.0000   -0.0000    0.0000   -0.0000
   40 H8     2pz        0.0000    0.0000   -0.0704    0.3520    0.3416   -0.1089   -0.4325   -0.2025    0.2953    0.4173
   41 H9     1s        -0.0000   -0.0000   -0.0253   -0.0782   -0.0543   -0.0014    0.0335    0.0311    0.0081   -0.0054
   42 H9     2s        -0.0000   -0.0000   -0.0686   -0.1990   -0.1301   -0.0039    0.0655    0.0559    0.0145   -0.0073
   43 H9     2px        0.2842   -0.1728   -0.0000    0.0000    0.0000    0.0000   -0.0000    0.0000    0.0000    0.0000
   44 H9     2py       -0.1728   -0.2842   -0.0000    0.0000   -0.0000    0.0000    0.0000   -0.0000   -0.0000   -0.0000
   45 H9     2pz       -0.0000   -0.0000    0.4036    0.1744   -0.2079   -0.4238   -0.2803    0.1118    0.4173    0.3672
   46 H10    1s         0.0000    0.0000   -0.1160   -0.0376    0.0161    0.0377    0.0319    0.0118   -0.0056   -0.0090
   47 H10    2s         0.0000    0.0000   -0.2924   -0.0894    0.0410    0.0824    0.0611    0.0184   -0.0117   -0.0155
   48 H10    2px       -0.2292    0.1393   -0.0000   -0.0000    0.0000   -0.0000    0.0000    0.0000   -0.0000    0.0000
   49 H10    2py        0.1393    0.2292    0.0000   -0.0000    0.0000   -0.0000   -0.0000    0.0000    0.0000    0.0000
   50 H10    2pz        0.0000    0.0000   -0.2636   -0.4159   -0.3975   -0.1953    0.1069    0.3614    0.4376    0.2933
   51 H11    1s        -0.0000   -0.0000    0.1485    0.1224    0.0907    0.0583    0.0288    0.0068   -0.0046   -0.0056
   52 H11    2s        -0.0000   -0.0000    0.3697    0.2992    0.2118    0.1285    0.0616    0.0182   -0.0025   -0.0059
   53 H11    2px        0.1610   -0.0979    0.0000    0.0000   -0.0000    0.0000    0.0000   -0.0000   -0.0000   -0.0000
   54 H11    2py       -0.0979   -0.1610   -0.0000    0.0000    0.0000    0.0000    0.0000    0.0000   -0.0000   -0.0000
   55 H11    2pz        0.0000    0.0000   -0.1610   -0.0186    0.1547    0.3163    0.4236    0.4443    0.3676    0.2076
   56 H12    1s         0.0000    0.0000   -0.0635   -0.0632   -0.0606   -0.0563   -0.0498   -0.0409   -0.0293   -0.0154
   57 H12    2s         0.0000    0.0000   -0.1561   -0.1597   -0.1529   -0.1377   -0.1154   -0.0890   -0.0603   -0.0303
   58 H12    2px       -0.0845    0.0514   -0.0000   -0.0000    0.0000    0.0000   -0.0000   -0.0000    0.0000    0.0000
   59 H12    2py        0.0514    0.0845    0.0000   -0.0000   -0.0000   -0.0000    0.0000   -0.0000    0.0000   -0.0000
   60 H12    2pz       -0.0000   -0.0000    0.3193    0.3530    0.3691    0.3621    0.3284    0.2704    0.1923    0.0998
--
 
      Von Neumann Entropy (Root  1) =  5.86486
 

      Mulliken population analysis for root number:  1
      -----------------------------------------------
 
 
++    Molecular charges:
      ------------------
 
      Mulliken charges per centre and basis function type
      ---------------------------------------------------
 
                H1      H2      H3      H4      H5      H6      H7      H8      H9      H10     H11     H12   
      1s       0.9941  1.0004  1.0011  1.0008  1.0010  1.0009  1.0009  1.0010  1.0008  1.0011  1.0004  0.9941
      2s       0.0053  0.0004 -0.0010 -0.0007 -0.0009 -0.0008 -0.0008 -0.0009 -0.0007 -0.0010  0.0004  0.0053
      2px      0.0000  0.0000  0.0000  0.0000  0.0000  0.0000  0.0000  0.0000  0.0000  0.0000  0.0000  0.0000
      2pz     -0.0001 -0.0001 -0.0001 -0.0001 -0.0001 -0.0001 -0.0001 -0.0001 -0.0001 -0.0001 -0.0001 -0.0001
      2py      0.0000  0.0000  0.0000  0.0000  0.0000  0.0000  0.0000  0.0000  0.0000  0.0000  0.0000  0.0000
      Total    0.9992  1.0008  1.0000  1.0000  1.0000  1.0000  1.0000  1.0000  1.0000  1.0000  1.0008  0.9992
 
      N-E      0.0008 -0.0008  0.0000  0.0000 -0.0000  0.0000  0.0000 -0.0000  0.0000  0.0000 -0.0008  0.0008
 
      Total electronic charge=   12.000000
 
      Total            charge=    0.000000
--
 
 

      Expectation values of various properties for root number:  1
      -----------------------------------------------------------
 
 
++    Molecular properties:
      ---------------------
 
      Charge (e):
                      =    0.0000
      Dipole Moment (Debye):
      Origin of the operator (Ang)=    0.0000    0.0000    0.0000
                   X= -5.1703E-13               Y=  3.3572E-13               Z=  5.7793E-12           Total=  5.8120E-12
      Quadrupole Moment (Debye*Ang):
      Origin of the operator (Ang)=    0.0000    0.0000   15.7000
                  XX= -1.8088E+01              XY=  7.3469E-27              XZ= -2.1290E-12              YY= -1.8088E+01
                  YZ= -6.0275E-14              ZZ= -1.8591E+01
      In traceless form (Debye*Ang)
                  XX=  2.5133E-01              XY=  1.1020E-26              XZ= -3.1935E-12              YY=  2.5133E-01
                  YZ= -9.0413E-14              ZZ= -5.0267E-01
--
 

      LoProp population analysis for root number:  1
      -----------------------------------------------
 
 
++    LoProp analysis:
      ----------------
 
 
 
  Input file to MOLDEN was generated!
 
 
++    Static properties:
      ------------------
 
 
      LoProp Charges per center
 

                   H1       H2       H3       H4       H5       H6       H7       H8       H9       H10   
      Nuclear      1.0000   1.0000   1.0000   1.0000   1.0000   1.0000   1.0000   1.0000   1.0000   1.0000
      Electronic  -1.0001  -0.9999  -1.0000  -1.0000  -1.0000  -1.0000  -1.0000  -1.0000  -1.0000  -1.0000
 
      Total       -0.0001   0.0001   0.0000  -0.0000   0.0000  -0.0000  -0.0000   0.0000  -0.0000   0.0000
 

                   H11      H12   
      Nuclear      1.0000   1.0000
      Electronic  -0.9999  -1.0001
 
      Total        0.0001  -0.0001
--
 
 
      Natural Bond Order analysis for root number:  1
 
++    Natural Bond Order analysis
      ---------------------------
      Based on LoProp computed density
      -------------------------------------------------------------------------------------
      Atom A       Atom B       Bond Order
      -------------------------------------------------------------------------------------
      The remaining   12.000 electrons are to be considered as diffuse
--
 
--
 
 
  Input file to MOLDEN was generated!
 
      Average orbitals are written to the RASORB file
      Natural orbitals for root   1 are written to the RASORB.1 file
      Spin density orbitals for root   1 are written to the SPDORB.1 file
 
forrtl: warning (525): IEEE_DIVIDE_BY_ZERO is signaling
forrtl: warning (526): IEEE_INVALID is signaling
forrtl: warning (528): IEEE_UNDERFLOW is signaling
--- Stop Module: rasscf at Wed Oct 29 07:14:15 2025 /rc=_RC_ALL_IS_WELL_ ---
*** files: H12_2.85.LprOrb H12_2.85.rasscf.molden H12_2.85.LoProp.molden H12_2.85.RasOrb.1 H12_2.85.RasOrb H12_2.85.rasscf.h5 H12_2.85.SpdOrb.1 xmldump
    saved to directory ${LOCALHOME}/DDCASPT2/hydrogen_comps/rerun/H12_chain/H12_2.85
--- Module rasscf spent 14 minutes 26 seconds ---

>>> COPY /tmp/H12_2.85/H12_2.85.rasscf.h5 ${LOCALHOME}/DDCASPT2/hydrogen_comps/rerun/H12_chain/H12_2.85/

>>> COPY /tmp/H12_2.85/DDCASPT2_Fock_MO.csv ${LOCALHOME}/DDCASPT2/hydrogen_comps/rerun/H12_chain/H12_2.85/H12_2.85.DDCASPT2_Fock_MO.csv

*** symbolic link created: INPORB -> H12_2.85.RasOrb
--- Start Module: motra at Wed Oct 29 07:14:15 2025 ---
 
()()()()()()()()()()()()()()()()()()()()()()()()()()()()()()()()()()()()()()()()()()()()()()()()()()

                                               &MOTRA

                                   only a single process is used
                       available to each process: 2.0 GB of memory, 1 thread?
()()()()()()()()()()()()()()()()()()()()()()()()()()()()()()()()()()()()()()()()()()()()()()()()()()
 
 
      *** WARNING: Default frozen orbitals is overwritten by user input.
      *** Default values:   0
 
      Header of the integral files:
      
       Integrals generated by seward 4.2.0  , Wed Oct 29 06:59:47 2025
 
 
      Header of MO coefficients source file:
      * RASSCF average (pseudo-natural) orbitals                                      
 
 
      Cartesian coordinates in Angstrom:
      -----------------------------------------------------
      No.  Label        X            Y            Z        
      -----------------------------------------------------
       1   H1         0.00000000   0.00000000   0.00000000
       2   H2         0.00000000   0.00000000   2.85454500
       3   H3         0.00000000   0.00000000   5.70909100
       4   H4         0.00000000   0.00000000   8.56363600
       5   H5         0.00000000   0.00000000  11.41818200
       6   H6         0.00000000   0.00000000  14.27272700
       7   H7         0.00000000   0.00000000  17.12727300
       8   H8         0.00000000   0.00000000  19.98181800
       9   H9         0.00000000   0.00000000  22.83636400
      10   H10        0.00000000   0.00000000  25.69090900
      11   H11        0.00000000   0.00000000  28.54545500
      12   H12        0.00000000   0.00000000  31.40000000
      -----------------------------------------------------
      Nuclear repulsion energy =    4.67873223
 
      Orbital specifications:
      -----------------------
 
      Symmetry species:              1
      Number of basis functions:    60
      Frozen orbitals:               0
      Deleted orbitals:              0
      Number of orbitals used:      60

       SYMMETRY  BASIS FUNCTIONS       ORBITALS      INTEGRALS   CPU(SEC)  I/O(SEC)
        1 1 1 1   60  60  60  60    60  60  60  60     1675365       0.00      0.00

       TOTAL CPU TIME(SEC)    1.07TOTAL I/O TIME(SEC)    2.42
 
--- Stop Module: motra at Wed Oct 29 07:14:17 2025 /rc=_RC_ALL_IS_WELL_ ---
*** files: xmldump
    saved to directory ${LOCALHOME}/DDCASPT2/hydrogen_comps/rerun/H12_chain/H12_2.85
--- Module motra spent 2 seconds ---

>>> COPY /tmp/H12_2.85/DDCASPT2_one_int_indx.csv ${LOCALHOME}/DDCASPT2/hydrogen_comps/rerun/H12_chain/H12_2.85/H12_2.85.DDCASPT2_one_int_indx.csv

>>> COPY /tmp/H12_2.85/DDCASPT2_one_int.csv ${LOCALHOME}/DDCASPT2/hydrogen_comps/rerun/H12_chain/H12_2.85/H12_2.85.DDCASPT2_one_int.csv

>>> COPY /tmp/H12_2.85/DDCASPT2_two_int_indx.csv ${LOCALHOME}/DDCASPT2/hydrogen_comps/rerun/H12_chain/H12_2.85/H12_2.85.DDCASPT2_two_int_indx.csv

>>> COPY /tmp/H12_2.85/DDCASPT2_two_int.csv ${LOCALHOME}/DDCASPT2/hydrogen_comps/rerun/H12_chain/H12_2.85/H12_2.85.DDCASPT2_two_int.csv

*** symbolic link created: INPORB -> H12_2.85.RasOrb
--- Start Module: caspt2 at Wed Oct 29 07:14:17 2025 ---
 
()()()()()()()()()()()()()()()()()()()()()()()()()()()()()()()()()()()()()()()()()()()()()()()()()()

                                              &CASPT2

                                   only a single process is used
                       available to each process: 2.0 GB of memory, 1 thread?
()()()()()()()()()()()()()()()()()()()()()()()()()()()()()()()()()()()()()()()()()()()()()()()()()()
 
 Cholesky algorithm in CASPT2 =    1
 
 ###############################################################################
 ###############################################################################
 ###                                                                         ###
 ###                                                                         ###
 ###    User changed nr of frozen orbitals.                                  ###
 ###                                                                         ###
 ###                                                                         ###
 ###############################################################################
 ###############################################################################
 
++    Wave function specifications:
      -----------------------------
 
      Number of closed shell electrons           0
      Number of electrons in active shells      12
      Max number of holes in RAS1 space          0
      Max number of electrons in RAS3 space      0
      Number of inactive orbitals                0
      Number of active orbitals                 12
      Number of secondary orbitals              48
      Spin quantum number                      0.0
      State symmetry                             1
      Number of CSFs                        226512
      Number of root(s) available                1
      Root passed to geometry opt.               1
      A file JOBMIX will be created.
      This is a CASSCF or RASSCF reference function
--
 
++    Orbital specifications:
      -----------------------
 
      Symmetry species                           1
                                                 a
      Frozen orbitals                            0
      Inactive orbitals                          0
      Active orbitals                           12
      Secondary orbitals                        48
      Deleted orbitals                           0
      Number of basis functions                 60
--
 
      Type of Fock operator: STANDARD
      Type of 0-order Hamiltonian: STANDARD WITH DEFAULT IPEA
        "IP-EA" denominator shift =      0.25
      The input orbitals and the CI vector will be transformed.
 
--------------------------------------------------------------------------------
 Estimated memory requirements:
  POLY3 :                 54392696
  RHS:                     1916944
  SIGMA :                   616912
  PRPCTL:                        0
 Available workspace:    230179958
 
++ CASPT2 computation for group   1
 
********************************************************************************
 Multi-State initialization phase begins for group   1
--------------------------------------------------------------------------------
********************************************************************************
 Compute H0 matrices for state    1
--------------------------------------------------------------------------------
--------------------------------------------------------------------------------
 H0 matrices have been computed.
 
********************************************************************************
  CASPT2 EQUATION SOLUTION
--------------------------------------------------------------------------------
 
  Total nr of CASPT2 parameters:
   Before reduction:      249120
   After  reduction:      247728
 
 The contributions to the second order correlation energy in atomic units.
-----------------------------------------------------------------------------------------------------------------------------
  IT.      VJTU        VJTI        ATVX        AIVX        VJAI        BVAT        BJAT        BJAI        TOTAL       RNORM  
-----------------------------------------------------------------------------------------------------------------------------
   1     0.000000    0.000000   -0.000495    0.000000    0.000000   -0.001401    0.000000    0.000000   -0.001897    0.000594
   2     0.000000    0.000000   -0.000500    0.000000    0.000000   -0.001403    0.000000    0.000000   -0.001903    0.000128
   3     0.000000    0.000000   -0.000502    0.000000    0.000000   -0.001403    0.000000    0.000000   -0.001905    0.000045
   4     0.000000    0.000000   -0.000501    0.000000    0.000000   -0.001403    0.000000    0.000000   -0.001904    0.000010
   5     0.000000    0.000000   -0.000501    0.000000    0.000000   -0.001403    0.000000    0.000000   -0.001904    0.000003
-------------------------------------------------------------------------------------------------------------------
 
  FINAL CASPT2 RESULT:
 
  Correlation energy /Case, /Symm, and sums:
 VJTU      0.00000000  0.00000000
 VJTIP     0.00000000  0.00000000
 VJTIM     0.00000000  0.00000000
 ATVX     -0.00050110 -0.00050110
 AIVX      0.00000000  0.00000000
 VJAIP     0.00000000  0.00000000
 VJAIM     0.00000000  0.00000000
 BVATP    -0.00120872 -0.00120872
 BVATM    -0.00019441 -0.00019441
 BJATP     0.00000000  0.00000000
 BJATM     0.00000000  0.00000000
 BJAIP     0.00000000  0.00000000
 BJAIM     0.00000000  0.00000000
 Summed:  -0.00190424 -0.00190424
 
      Reference energy:          -5.9873261304
      E2 (Non-variational):      -0.0019042387
      E2 (Variational):          -0.0019042382
      Total energy:              -5.9892303686
      Residual norm:              0.0000005185
      Reference weight:           0.99876
 
      Contributions to the CASPT2 correlation energy
      Active & Virtual Only:         -0.0019042387
      One Inactive Excited:           0.0000000000
      Two Inactive Excited:           0.0000000000
 
 
++ Denominators, etc.
----------------------------------------------------------------------------------------------------
 Report on small energy denominators, large coefficients, and large energy contributions.
CASE  SYMM ACTIVE-MIX  NON-ACTIVE INDICES          DENOMINATOR     RHS VALUE       COEFFICIENT     CONTRIBUTION
--
 
   (Skipping property calculation,
    use PROP keyword to activate)
--
 
  Total CASPT2 energies:
::    CASPT2 Root  1     Total energy:     -5.98923037
 
  A NEW JOBIPH FILE NAMED 'JOBMIX' IS PREPARED.
********************************************************************************
forrtl: warning (528): IEEE_UNDERFLOW is signaling
--- Stop Module: caspt2 at Wed Oct 29 07:15:45 2025 /rc=_RC_ALL_IS_WELL_ ---
*** files: xmldump
    saved to directory ${LOCALHOME}/DDCASPT2/hydrogen_comps/rerun/H12_chain/H12_2.85
--- Module caspt2 spent 1 minute 28 seconds ---

>>> EXPORT i = B

>>> EXPORT j = P

>>> IF (-FILE DDCASPT2_e2_${i}_${j}_1_.csv)
(Skipped)

>>> END FOREACH

>>> EXPORT j = M

>>> IF (-FILE DDCASPT2_e2_${i}_${j}_1_.csv)
(Skipped)

>>> END FOREACH

>>> END FOREACH

>>> EXPORT i = E

>>> EXPORT j = P

>>> IF (-FILE DDCASPT2_e2_${i}_${j}_1_.csv)
(Skipped)

>>> END FOREACH

>>> EXPORT j = M

>>> IF (-FILE DDCASPT2_e2_${i}_${j}_1_.csv)
(Skipped)

>>> END FOREACH

>>> END FOREACH

>>> EXPORT i = F

>>> EXPORT j = P

>>> IF (-FILE DDCASPT2_e2_${i}_${j}_1_.csv)

>>> COPY /tmp/H12_2.85/DDCASPT2_RHS_F_P_1_.csv ${LOCALHOME}/DDCASPT2/hydrogen_comps/rerun/H12_chain/H12_2.85/DDCASPT2_RHS_F_P_1_.csv

>>> COPY /tmp/H12_2.85/DDCASPT2_IVECW_F_P_1_.csv ${LOCALHOME}/DDCASPT2/hydrogen_comps/rerun/H12_chain/H12_2.85/DDCASPT2_IVECW_F_P_1_.csv

>>> COPY /tmp/H12_2.85/DDCASPT2_IVECX_F_P_1_.csv ${LOCALHOME}/DDCASPT2/hydrogen_comps/rerun/H12_chain/H12_2.85/DDCASPT2_IVECX_F_P_1_.csv

>>> COPY /tmp/H12_2.85/DDCASPT2_IVECC2_F_P_1_.csv ${LOCALHOME}/DDCASPT2/hydrogen_comps/rerun/H12_chain/H12_2.85/DDCASPT2_IVECC2_F_P_1_.csv

>>> COPY /tmp/H12_2.85/DDCASPT2_e2_F_P_1_.csv ${LOCALHOME}/DDCASPT2/hydrogen_comps/rerun/H12_chain/H12_2.85/DDCASPT2_e2_F_P_1_.csv

>>> END FOREACH

>>> EXPORT j = M

>>> IF (-FILE DDCASPT2_e2_${i}_${j}_1_.csv)

>>> COPY /tmp/H12_2.85/DDCASPT2_RHS_F_M_1_.csv ${LOCALHOME}/DDCASPT2/hydrogen_comps/rerun/H12_chain/H12_2.85/DDCASPT2_RHS_F_M_1_.csv

>>> COPY /tmp/H12_2.85/DDCASPT2_IVECW_F_M_1_.csv ${LOCALHOME}/DDCASPT2/hydrogen_comps/rerun/H12_chain/H12_2.85/DDCASPT2_IVECW_F_M_1_.csv

>>> COPY /tmp/H12_2.85/DDCASPT2_IVECX_F_M_1_.csv ${LOCALHOME}/DDCASPT2/hydrogen_comps/rerun/H12_chain/H12_2.85/DDCASPT2_IVECX_F_M_1_.csv

>>> COPY /tmp/H12_2.85/DDCASPT2_IVECC2_F_M_1_.csv ${LOCALHOME}/DDCASPT2/hydrogen_comps/rerun/H12_chain/H12_2.85/DDCASPT2_IVECC2_F_M_1_.csv

>>> COPY /tmp/H12_2.85/DDCASPT2_e2_F_M_1_.csv ${LOCALHOME}/DDCASPT2/hydrogen_comps/rerun/H12_chain/H12_2.85/DDCASPT2_e2_F_M_1_.csv

>>> END FOREACH

>>> END FOREACH

>>> EXPORT i = G

>>> EXPORT j = P

>>> IF (-FILE DDCASPT2_e2_${i}_${j}_1_.csv)
(Skipped)

>>> END FOREACH

>>> EXPORT j = M

>>> IF (-FILE DDCASPT2_e2_${i}_${j}_1_.csv)
(Skipped)

>>> END FOREACH

>>> END FOREACH

>>> EXPORT i = H

>>> EXPORT j = P

>>> IF (-FILE DDCASPT2_e2_${i}_${j}_1_.csv)
(Skipped)

>>> END FOREACH

>>> EXPORT j = M

>>> IF (-FILE DDCASPT2_e2_${i}_${j}_1_.csv)
(Skipped)

>>> END FOREACH

>>> END FOREACH

>>> EXPORT i = A

>>> IF (-FILE DDCASPT2_e2_${i}_1_.csv)
(Skipped)

>>> END FOREACH

>>> EXPORT i = C

>>> IF (-FILE DDCASPT2_e2_${i}_1_.csv)

>>> COPY /tmp/H12_2.85/DDCASPT2_RHS_C_1_.csv ${LOCALHOME}/DDCASPT2/hydrogen_comps/rerun/H12_chain/H12_2.85/DDCASPT2_RHS_C_1_.csv

>>> COPY /tmp/H12_2.85/DDCASPT2_IVECW_C_1_.csv ${LOCALHOME}/DDCASPT2/hydrogen_comps/rerun/H12_chain/H12_2.85/DDCASPT2_IVECW_C_1_.csv

>>> COPY /tmp/H12_2.85/DDCASPT2_IVECX_C_1_.csv ${LOCALHOME}/DDCASPT2/hydrogen_comps/rerun/H12_chain/H12_2.85/DDCASPT2_IVECX_C_1_.csv

>>> COPY /tmp/H12_2.85/DDCASPT2_IVECC2_C_1_.csv ${LOCALHOME}/DDCASPT2/hydrogen_comps/rerun/H12_chain/H12_2.85/DDCASPT2_IVECC2_C_1_.csv

>>> COPY /tmp/H12_2.85/DDCASPT2_e2_C_1_.csv ${LOCALHOME}/DDCASPT2/hydrogen_comps/rerun/H12_chain/H12_2.85/DDCASPT2_e2_C_1_.csv

>>> END FOREACH

>>> EXPORT i = D

>>> IF (-FILE DDCASPT2_e2_${i}_1_.csv)
(Skipped)

>>> END FOREACH

.########################.
.# Non-zero return code #.
.########################.

    Timing: Wall=958.71 User=953.17 System=5.30
****************************************
*** WorkDir at /tmp/H12_2.85 cleaned ***
****************************************
