   This run of MOLCAS is using the pymolcas driver

                             OPE
                             OPE          NMOL  CASOP  ENMOLC A   SO
                 OPE        NMOLC        AS  OP EN  MO LC     AS  OP
                OPENM       OL CA        SO  PE NM  OL CA     SOP EN
                OP EN      MO   LC       AS  OP ENMOL  CASO   PENMOL
                OP  EN     MO   LC       AS  OP EN     MO     LC ASO
               OP   E  NMOL  C  AS       OP  EN MO     LC     AS  OP
               OP  E   NMO   LC AS        OPEN  MO     LCASOP EN   M
               O  PEN   MO  LCA  SO
            OPE   NMO   L   CAS    OP
        OPENMOL  CASOP     ENMOL   CASOPE
     OPENMOLCA   SOPENMOLCASOPEN   MOLCASOPE
    OPENMOLCAS   OP           EN   MOL    CAS
    OPENMOLCAS       OP  ENM        O     LCA
    OPENMOLCAS    OPEN  MOLCASO     P  E  NMO
    OPENMOLCAS     OP               E  N  MOL
    OPENMOLCA   SO           PENM   O  L  CAS    OPEN    MO    LCAS
    OPENMOLCA   SOP           ENM   O  L  CAS   OP  EN  MOLC  AS   O
    OPENMOLCA   SOPE           NM      O  LCA   S      OP  EN MO
    OPENMOLC                AS         O  PEN   M      OL  CA  SOPE
    OPENMO        LCASOPE  NMOL        C  ASO   P      ENMOLC     AS
    OPE     NMO      LCA  SO     P     E   NM   OL  CA SO  PE N   MO
          OPENMOLCA            SOPE   NMO        LCAS  O    P  ENMO
     OPENMOLCASOPENMOLCASOPENMOLCASOPENMOLCA
        OPENMOLCASOPENMOLCASOPENMOLCASOPE
            OPENMOLCASOPENMOLCASOPENM
               OPENMOLCASOPENMOLCA        version: f37762c57
                   OPENMOLCASO
                       OPE                tag:

 OpenMolcas is free software; you can redistribute it and/or modify it
 under the terms of the GNU Lesser General Public License version 2.1.
 OpenMolcas is distributed in the hope that it will be useful, but it
 is provided "as is" and without any express or implied warranties.
 For more details see the full text of the license in the file
 LICENSE or in <http://www.gnu.org/licenses/>.

                 Copyright (C) The OpenMolcas Authors
           For the author list and the recommended citation,
                   consult the file CONTRIBUTORS.md

           *************************************************
           * pymolcas version py2.28                       *
           *   build c4a6d18ded8cb6cad61d2372a9abd97c      *
           *   (after the EMIL interpreter by V. Veryazov) *
           *************************************************

configuration info
------------------
C Compiler ID: Intel
C flags: -std=gnu99 -gcc-sys
Fortran Compiler ID: IntelLLVM
Fortran flags: -standard-semantics -fltconsistency -fpp -i8 -heap-arrays
Definitions: _MOLCAS_;_I8_;_LINUX_
Parallel: OFF (GA=OFF)


   ----------------------------------------------------------------------------------------
  |
  |              Project: H10_2.49
  |       Submitted from: /home/grierjones/DDCASPT2/hydrogen_comps/rerun/H10_chain/H10_2.49
  |         Scratch area: /tmp/H10_2.49
  |      Save outputs to: /home/grierjones/DDCASPT2/hydrogen_comps/rerun/H10_chain/H10_2.49
  |               Molcas: /home/grierjones/Test/build
  |
  | Scratch area is empty
  |
  |       MOLCAS_DRIVER = /usr/local/pymolcas
  | MOLCAS_KEEP_WORKDIR = NO
  |  MOLCAS_NEW_WORKDIR = YES
  |       MOLCAS_NPROCS = 1
  |        MOLCAS_PRINT = NORMAL
  |       MOLCAS_SOURCE = /home/grierjones/Test
  |    MOLCAS_STRUCTURE = 0
  |
   ----------------------------------------------------------------------------------------

++ ---------   Input file   ---------

&GATEWAY
coord=H10_2.49.xyz
Basis = ANO-RCC-VDZP
Group = nosymm
End of Input

&SEWARD
End of Input

&SCF

>>> COPY $WorkDir/H10_2.49.scf.h5 $CurrDir/

&RASSCF
Title= RASSCF
FileOrb
/home/grierjones/DDCASPT2/hydrogen_comps/rerun/H10_chain/H10_0.60/H10_0.60.RasOrb
NACTEL
10 0 0
Inactive
0
RAS2
10
Symmetry
1
Spin
1
orblisting
all

>>> COPY $WorkDir/H10_2.49.rasscf.h5 $CurrDir/

>>> COPY $WorkDir/GMJ_Fock_MO.csv $CurrDir/H10_2.49.GMJ_Fock_MO.csv

&MOTRA
Frozen=0
LUMORB

>>> COPY $WorkDir/GMJ_one_int_indx.csv $CurrDir/H10_2.49.GMJ_one_int_indx.csv

>>> COPY $WorkDir/GMJ_one_int.csv $CurrDir/H10_2.49.GMJ_one_int.csv

>>> COPY $WorkDir/GMJ_two_int_indx.csv $CurrDir/H10_2.49.GMJ_two_int_indx.csv

>>> COPY $WorkDir/GMJ_two_int.csv $CurrDir/H10_2.49.GMJ_two_int.csv

&CASPT2
Frozen
0

MAXITER
50

>>> FOREACH i IN (B,E,F,G,H)

  >>> FOREACH j IN (P,M)

    >>> IF (-FILE GMJ_e2_${i}_${j}_1_.csv)

      >>> COPY $WorkDir/GMJ_RHS_${i}_${j}_1_.csv $CurrDir/GMJ_RHS_${i}_${j}_1_.csv

      >>> COPY $WorkDir/GMJ_IVECW_${i}_${j}_1_.csv $CurrDir/GMJ_IVECW_${i}_${j}_1_.csv

      >>> COPY $WorkDir/GMJ_IVECX_${i}_${j}_1_.csv $CurrDir/GMJ_IVECX_${i}_${j}_1_.csv

      >>> COPY $WorkDir/GMJ_IVECC2_${i}_${j}_1_.csv $CurrDir/GMJ_IVECC2_${i}_${j}_1_.csv

      >>> COPY $WorkDir/GMJ_e2_${i}_${j}_1_.csv $CurrDir/GMJ_e2_${i}_${j}_1_.csv

    >>> END IF

  >>> END FOREACH

>>> END FOREACH

>>> FOREACH i IN (A,C,D)

  >>> IF (-FILE GMJ_e2_${i}_1_.csv)

    >>> COPY $WorkDir/GMJ_RHS_${i}_1_.csv $CurrDir/GMJ_RHS_${i}_1_.csv

    >>> COPY $WorkDir/GMJ_IVECW_${i}_1_.csv $CurrDir/GMJ_IVECW_${i}_1_.csv

    >>> COPY $WorkDir/GMJ_IVECX_${i}_1_.csv $CurrDir/GMJ_IVECX_${i}_1_.csv

    >>> COPY $WorkDir/GMJ_IVECC2_${i}_1_.csv $CurrDir/GMJ_IVECC2_${i}_1_.csv

    >>> COPY $WorkDir/GMJ_e2_${i}_1_.csv $CurrDir/GMJ_e2_${i}_1_.csv

  >>> END IF

>>> END FOREACH

-- ----------------------------------

--- Start Module: gateway at Sun Oct 26 17:32:04 2025 ---
 
()()()()()()()()()()()()()()()()()()()()()()()()()()()()()()()()()()()()()()()()()()()()()()()()()()

                                              &GATEWAY

                                   only a single process is used
                       available to each process: 2.0 GB of memory, 1 thread?
()()()()()()()()()()()()()()()()()()()()()()()()()()()()()()()()()()()()()()()()()()()()()()()()()()
 
 
++    Symmetry information:
      ---------------------
 
                    Character Table for C1 
 
                             E  
                    a        1  x, y, xy, Rz, z, xz, Ry, yz, Rx, I
--
 
 
++    Basis set information:
      ----------------------
 
 
      Basis set label: H.ANO-RCC...2S1P.
 
      Electronic valence basis set:
      ------------------
      Associated Effective Charge   1.000000 au
      Associated Actual Charge      1.000000 au
      Nuclear Model: Point charge
 
      Shell  nPrim  nBasis  Cartesian Spherical Contaminant
         s       8       2        X                  
         p       4       1        X                  
--
 
 
++    Molecular structure info:
      -------------------------
 
                    ************************************************ 
                    **** Cartesian Coordinates / Bohr, Angstrom **** 
                    ************************************************ 
 
     Center  Label                x              y              z                     x              y              z
        1      H1               0.000000       0.000000       0.000000              0.000000       0.000000       0.000000
        2      H2               0.000000       0.000000       4.707136              0.000000       0.000000       2.490909
        3      H3               0.000000       0.000000       9.414272              0.000000       0.000000       4.981818
        4      H4               0.000000       0.000000      14.121407              0.000000       0.000000       7.472727
        5      H5               0.000000       0.000000      18.828543              0.000000       0.000000       9.963636
        6      H6               0.000000       0.000000      23.535679              0.000000       0.000000      12.454545
        7      H7               0.000000       0.000000      28.242817              0.000000       0.000000      14.945455
        8      H8               0.000000       0.000000      32.949953              0.000000       0.000000      17.436364
        9      H9               0.000000       0.000000      37.657088              0.000000       0.000000      19.927273
       10      H10              0.000000       0.000000      42.364224              0.000000       0.000000      22.418182
 
                    *************************************** 
                    *    InterNuclear Distances / Bohr    * 
                    *************************************** 
 
               1 H1            2 H2            3 H3            4 H4            5 H5            6 H6    
    1 H1       0.000000
    2 H2       4.707136        0.000000
    3 H3       9.414272        4.707136        0.000000
    4 H4      14.121407        9.414272        4.707136        0.000000
    5 H5      18.828543       14.121407        9.414272        4.707136        0.000000
    6 H6      23.535679       18.828543       14.121407        9.414272        4.707136        0.000000
    7 H7      28.242817       23.535681       18.828545       14.121409        9.414274        4.707138
    8 H8      32.949953       28.242817       23.535681       18.828545       14.121409        9.414274
    9 H9      37.657088       32.949953       28.242817       23.535681       18.828545       14.121409
   10 H10     42.364224       37.657088       32.949953       28.242817       23.535681       18.828545
 
               7 H7            8 H8            9 H9           10 H10   
    7 H7       0.000000
    8 H8       4.707136        0.000000
    9 H9       9.414272        4.707136        0.000000
   10 H10     14.121407        9.414272        4.707136        0.000000
 
                    ******************************************* 
                    *    InterNuclear Distances / Angstrom    * 
                    ******************************************* 
 
               1 H1            2 H2            3 H3            4 H4            5 H5            6 H6    
    1 H1       0.000000
    2 H2       2.490909        0.000000
    3 H3       4.981818        2.490909        0.000000
    4 H4       7.472727        4.981818        2.490909        0.000000
    5 H5       9.963636        7.472727        4.981818        2.490909        0.000000
    6 H6      12.454545        9.963636        7.472727        4.981818        2.490909        0.000000
    7 H7      14.945455       12.454546        9.963637        7.472728        4.981819        2.490910
    8 H8      17.436364       14.945455       12.454546        9.963637        7.472728        4.981819
    9 H9      19.927273       17.436364       14.945455       12.454546        9.963637        7.472728
   10 H10     22.418182       19.927273       17.436364       14.945455       12.454546        9.963637
 
               7 H7            8 H8            9 H9           10 H10   
    7 H7       0.000000
    8 H8       2.490909        0.000000
    9 H9       4.981818        2.490909        0.000000
   10 H10      7.472727        4.981818        2.490909        0.000000
--
 
 
            Nuclear Potential Energy              4.09796579 au
 
--- Stop Module: gateway at Sun Oct 26 17:32:04 2025 /rc=_RC_ALL_IS_WELL_ ---
*** files: xmldump
    saved to directory /home/grierjones/DDCASPT2/hydrogen_comps/rerun/H10_chain/H10_2.49

--- Start Module: seward at Sun Oct 26 17:32:04 2025 ---
 
()()()()()()()()()()()()()()()()()()()()()()()()()()()()()()()()()()()()()()()()()()()()()()()()()()

                                              &SEWARD

                                   only a single process is used
                       available to each process: 2.0 GB of memory, 1 thread?
()()()()()()()()()()()()()()()()()()()()()()()()()()()()()()()()()()()()()()()()()()()()()()()()()()
 
               SEWARD will generate:
                  Multipole Moment integrals up to order  2
                  Kinetic Energy integrals
                  Nuclear Attraction integrals (point charge)
                  One-Electron Hamiltonian integrals
                  Velocity integrals
                  Relativistic Douglas-Kroll-Hess integrals:
                    - Parametrization         : EXP
                    - DKH order of Hamiltonian: 2
                    - DKH order of Properties : 0
                         - multipole moment operators
                         - electric potential operators
                         - contact operators
                  Atomic mean-field integrals
                  Two-Electron Repulsion integrals
 
                   Integrals are discarded if absolute value <: 0.10E-13
                   Integral cutoff threshold is set to       <: 0.10E-15
 
            Nuclear Potential Energy              4.09796579 au
 
 
      Basis set specifications :
      Symmetry species         a  
      Basis functions           50
 
 
  Input file to MOLDEN was generated!
 
forrtl: warning (525): IEEE_DIVIDE_BY_ZERO is signaling
forrtl: warning (526): IEEE_INVALID is signaling
forrtl: warning (528): IEEE_UNDERFLOW is signaling
--- Stop Module: seward at Sun Oct 26 17:32:05 2025 /rc=_RC_ALL_IS_WELL_ ---
*** files: H10_2.49.GssOrb H10_2.49.guessorb.h5 H10_2.49.guessorb.molden xmldump
    saved to directory /home/grierjones/DDCASPT2/hydrogen_comps/rerun/H10_chain/H10_2.49

*** symbolic link created: INPORB -> H10_2.49.GssOrb
--- Start Module: scf at Sun Oct 26 17:32:05 2025 ---
 
()()()()()()()()()()()()()()()()()()()()()()()()()()()()()()()()()()()()()()()()()()()()()()()()()()

                                                &SCF

                                   only a single process is used
                       available to each process: 2.0 GB of memory, 1 thread?
()()()()()()()()()()()()()()()()()()()()()()()()()()()()()()()()()()()()()()()()()()()()()()()()()()
 
++    Input section:
      --------------
 
      Header of the integral files:
      
       Integrals generated by seward 4.2.0  , Sun Oct 26 17:32:04 2025
 
 
      Cartesian coordinates in Angstrom:
      -----------------------------------------------------
      No.  Label        X            Y            Z        
      -----------------------------------------------------
       1   H1         0.00000000   0.00000000   0.00000000
       2   H2         0.00000000   0.00000000   2.49090900
       3   H3         0.00000000   0.00000000   4.98181800
       4   H4         0.00000000   0.00000000   7.47272700
       5   H5         0.00000000   0.00000000   9.96363600
       6   H6         0.00000000   0.00000000  12.45454500
       7   H7         0.00000000   0.00000000  14.94545500
       8   H8         0.00000000   0.00000000  17.43636400
       9   H9         0.00000000   0.00000000  19.92727300
      10   H10        0.00000000   0.00000000  22.41818200
      -----------------------------------------------------
      Nuclear repulsion energy =    4.09796579
--
 
++    Orbital specifications:
      -----------------------
 
      Symmetry species               1
                                     a
      Frozen orbitals                0
      Occupied orbitals              5
      Secondary orbitals            45
      Deleted orbitals               0
      Total number of orbitals      50
      Number of basis functions     50
--
 
      Molecular charge                           0.000
 
++    Optimization specifications:
      ----------------------------
 
      SCF Algorithm: Conventional
      Minimized density differences are used
      Number of density matrices in core                5
      Maximum number of NDDO SCF iterations           400
      Maximum number of HF SCF iterations             400
      Threshold for SCF energy change            0.10E-08
      Threshold for density matrix               0.10E-03
      Threshold for Fock matrix                  0.15E-03
      Threshold for linear dependence            0.10E-08
      Threshold at which DIIS is turned on       0.15E+00
      Threshold at which QNR/C2DIIS is turned on 0.75E-01
      Threshold for Norm(delta) (QNR/C2DIIS)     0.20E-04
      DIIS extrapolation of the SCF procedure
      All orbitals punched on: SCFORB
--
 
      Input vectors read from INPORB
      Orbital file label: *Guess orbitals
 
 
++ Convergence information
                                   SCF        iterations: Energy and convergence statistics
 
Iter     Tot. SCF        One-elec.       Two-elec.     Energy      Max Dij or  Max Fij      DNorm      TNorm      AccCon     Time
         Energy          Energy          Energy        Change      Delta Norm                                                in Sec.
   1    -4.043781625   -13.365123382     5.223375963   0.00E+00    0.39E+00*   0.13E+00*    0.49E+01   0.92E+01   None         0.
   2    -4.326939488   -13.319619411     4.894714129  -0.28E+00*   0.15E+00*   0.24E-01*    0.15E+01   0.89E+01   EDIIS        0.
   3    -4.341987078   -13.245139884     4.805187011  -0.15E-01*   0.93E-01*   0.91E-02*    0.36E+00   0.88E+01   EDIIS        0.
   4    -4.345558244   -13.247235875     4.803711837  -0.36E-02*   0.53E-01*   0.73E-02*    0.17E+00   0.88E+01   c2DIIS       0.
   5    -4.347297100   -13.234427581     4.789164687  -0.17E-02*   0.26E-01*   0.36E-02*    0.57E-01   0.88E+01   QNRc2DIIS    0.
   6    -4.347687516   -13.240402280     4.794748970  -0.39E-03*   0.31E-01*   0.22E-02*    0.26E-01   0.88E+01   QNRc2DIIS    0.
   7    -4.347918976   -13.238271516     4.792386746  -0.23E-03*   0.57E-02*   0.49E-03*    0.95E-02   0.88E+01   QNRc2DIIS    0.
   8    -4.347926432   -13.236149215     4.790256989  -0.75E-05*   0.12E-02*   0.21E-03*    0.37E-02   0.88E+01   QNRc2DIIS    0.
   9    -4.347927506   -13.236483792     4.790590493  -0.11E-05*   0.19E-03*   0.18E-04     0.94E-03   0.88E+01   QNRc2DIIS    0.
  10    -4.347927521   -13.236481060     4.790587744  -0.16E-07*   0.68E-04*   0.50E-05     0.37E-03   0.88E+01   QNRc2DIIS    0.
  11    -4.347927523   -13.236481734     4.790588417  -0.15E-08*   0.17E-04    0.14E-05     0.50E-04   0.88E+01   QNRc2DIIS    0.
  12    -4.347927523   -13.236483282     4.790589964  -0.95E-10    0.44E-06    0.72E-07     0.14E-04   0.88E+01   QNRc2DIIS    0.
 
       Convergence after 12 Macro Iterations
--
 
 *****************************************************************************************************************************
 *                                                                                                                           *
 *                                             SCF/KS-DFT Program, Final results                                             *
 *                                                                                                                           *
 *                                                                                                                           *
 *                                                                                                                           *
 *                                                       Final Results                                                       *
 *                                                                                                                           *
 *****************************************************************************************************************************
 
::    Total SCF energy                                 -4.3479275231
      One-electron energy                             -13.2364832818
      Two-electron energy                               4.7905899645
      Nuclear repulsion energy                          4.0979657943
      Kinetic energy (interpolated)                     3.2904202446
      Virial theorem                                    1.3213897314
      Total spin, S(S+1)                                0.0000000000
      Total spin, S                                     0.0000000000
      Max non-diagonal density matrix element           0.0000004022
      Max non-diagonal Fock matrix element              0.0000000071
 
 
      All orbitals with orbital energies smaller than  E(LUMO)+0.5 are printed
 
++    Molecular orbitals:
      -------------------
 
      Title: SCF orbitals

      Molecular orbitals for symmetry species 1: a  
 
          Orbital            1         2         3         4         5         6         7         8         9        10    
          Energy           -0.3959   -0.3854   -0.3691   -0.3485   -0.3288   -0.1540   -0.1268   -0.0963   -0.0689   -0.0499
          Occ. No.          2.0000    2.0000    2.0000    2.0000    2.0000    0.0000    0.0000    0.0000    0.0000    0.0000
 
        1 H1     1s         0.1236   -0.2414    0.3317   -0.3576    0.2575   -0.2949    0.4408   -0.4475    0.3540   -0.1947
        2 H1     2s         0.0219   -0.0440    0.0631   -0.0722    0.0550   -0.0912    0.1438   -0.1530    0.1242   -0.0689
        3 H1     2px        0.0000   -0.0000    0.0000   -0.0000    0.0000    0.0000   -0.0000    0.0000   -0.0000    0.0000
        4 H1     2py       -0.0000    0.0000   -0.0000    0.0000    0.0000   -0.0000    0.0000   -0.0000    0.0000   -0.0000
        5 H1     2pz        0.0048   -0.0086    0.0104   -0.0095    0.0058    0.0019   -0.0061    0.0109   -0.0128    0.0089
        6 H2     1s         0.1700   -0.3068    0.3696   -0.3316    0.1959    0.1449   -0.3391    0.4904   -0.4931    0.3104
        7 H2     2s         0.0253   -0.0542    0.0808   -0.0894    0.0623    0.0390   -0.1103    0.1733   -0.1780    0.1114
        8 H2     2px        0.0000   -0.0000    0.0000   -0.0000    0.0000   -0.0000    0.0000   -0.0000   -0.0000    0.0000
        9 H2     2py       -0.0000    0.0000    0.0000   -0.0000    0.0000   -0.0000    0.0000    0.0000   -0.0000    0.0000
       10 H2     2pz       -0.0004    0.0026   -0.0069    0.0109   -0.0096    0.0130   -0.0158    0.0091    0.0005   -0.0042
       11 H3     1s         0.2801   -0.3359    0.0989    0.2564   -0.3571    0.3995   -0.2834   -0.1687    0.5156   -0.4410
       12 H3     2s         0.0504   -0.0581    0.0072    0.0713   -0.0931    0.1273   -0.0909   -0.0639    0.1845   -0.1555
       13 H3     2px       -0.0000   -0.0000    0.0000    0.0000    0.0000   -0.0000    0.0000    0.0000   -0.0000    0.0000
       14 H3     2py        0.0000   -0.0000    0.0000    0.0000   -0.0000    0.0000   -0.0000   -0.0000    0.0000    0.0000
       15 H3     2pz        0.0054   -0.0037   -0.0042    0.0105   -0.0086   -0.0095    0.0164   -0.0124   -0.0014    0.0085
       16 H4     1s         0.3085   -0.2975   -0.0270    0.3369   -0.3150   -0.3055    0.4386   -0.1194   -0.4104    0.5060
       17 H4     2s         0.0498   -0.0610    0.0073    0.0753   -0.0892   -0.0925    0.1509   -0.0465   -0.1453    0.1794
       18 H4     2px        0.0000    0.0000   -0.0000    0.0000    0.0000   -0.0000   -0.0000   -0.0000   -0.0000   -0.0000
       19 H4     2py       -0.0000    0.0000    0.0000   -0.0000   -0.0000    0.0000    0.0000    0.0000    0.0000   -0.0000
       20 H4     2pz       -0.0029    0.0069   -0.0058   -0.0045    0.0114   -0.0154    0.0048    0.0134   -0.0126    0.0008
       21 H5     1s         0.3529   -0.0476   -0.3529    0.0696    0.3731   -0.4011   -0.1432    0.4761    0.1147   -0.5525
       22 H5     2s         0.0603    0.0013   -0.0762    0.0040    0.1010   -0.1253   -0.0549    0.1673    0.0429   -0.1953
       23 H5     2px        0.0000   -0.0000    0.0000    0.0000   -0.0000   -0.0000    0.0000    0.0000   -0.0000    0.0000
       24 H5     2py       -0.0000   -0.0000   -0.0000   -0.0000    0.0000    0.0000    0.0000   -0.0000    0.0000    0.0000
       25 H5     2pz        0.0049    0.0040   -0.0073   -0.0051    0.0111    0.0141   -0.0107   -0.0105    0.0122    0.0053
       26 H6     1s         0.3529    0.0476   -0.3529   -0.0696    0.3731    0.4011   -0.1432   -0.4761    0.1147    0.5525
       27 H6     2s         0.0603   -0.0013   -0.0762   -0.0040    0.1010    0.1253   -0.0549   -0.1673    0.0429    0.1953
       28 H6     2px        0.0000   -0.0000    0.0000   -0.0000   -0.0000    0.0000   -0.0000    0.0000   -0.0000   -0.0000
       29 H6     2py       -0.0000   -0.0000    0.0000    0.0000   -0.0000   -0.0000   -0.0000    0.0000   -0.0000    0.0000
       30 H6     2pz       -0.0049    0.0040    0.0073   -0.0051   -0.0111    0.0141    0.0107   -0.0105   -0.0122    0.0053
       31 H7     1s         0.3085    0.2975   -0.0270   -0.3369   -0.3150    0.3055    0.4386    0.1194   -0.4104   -0.5060
       32 H7     2s         0.0498    0.0610    0.0073   -0.0753   -0.0892    0.0925    0.1509    0.0465   -0.1453   -0.1794
       33 H7     2px       -0.0000   -0.0000   -0.0000    0.0000    0.0000   -0.0000    0.0000    0.0000    0.0000   -0.0000
       34 H7     2py        0.0000    0.0000    0.0000    0.0000    0.0000   -0.0000    0.0000   -0.0000   -0.0000    0.0000
       35 H7     2pz        0.0029    0.0069    0.0058   -0.0045   -0.0114   -0.0154   -0.0048    0.0134    0.0126    0.0008
       36 H8     1s         0.2801    0.3359    0.0989   -0.2564   -0.3571   -0.3995   -0.2834    0.1687    0.5156    0.4410
       37 H8     2s         0.0504    0.0581    0.0072   -0.0713   -0.0931   -0.1273   -0.0909    0.0639    0.1845    0.1555
       38 H8     2px        0.0000   -0.0000   -0.0000   -0.0000    0.0000    0.0000   -0.0000   -0.0000   -0.0000   -0.0000
       39 H8     2py       -0.0000   -0.0000   -0.0000   -0.0000    0.0000    0.0000    0.0000   -0.0000    0.0000    0.0000
       40 H8     2pz       -0.0054   -0.0037    0.0042    0.0105    0.0086   -0.0095   -0.0164   -0.0124    0.0014    0.0085
       41 H9     1s         0.1700    0.3068    0.3696    0.3316    0.1959   -0.1449   -0.3391   -0.4904   -0.4931   -0.3104
       42 H9     2s         0.0253    0.0542    0.0808    0.0894    0.0623   -0.0390   -0.1103   -0.1733   -0.1780   -0.1114
       43 H9     2px       -0.0000    0.0000    0.0000   -0.0000    0.0000    0.0000   -0.0000   -0.0000   -0.0000   -0.0000
       44 H9     2py       -0.0000    0.0000   -0.0000   -0.0000   -0.0000   -0.0000   -0.0000    0.0000   -0.0000   -0.0000
       45 H9     2pz        0.0004    0.0026    0.0069    0.0109    0.0096    0.0130    0.0158    0.0091   -0.0005   -0.0042
       46 H10    1s         0.1236    0.2414    0.3317    0.3576    0.2575    0.2949    0.4408    0.4475    0.3540    0.1947
       47 H10    2s         0.0219    0.0440    0.0631    0.0722    0.0550    0.0912    0.1438    0.1530    0.1242    0.0689
       48 H10    2px        0.0000    0.0000    0.0000    0.0000   -0.0000    0.0000   -0.0000    0.0000    0.0000    0.0000
       49 H10    2py        0.0000   -0.0000    0.0000   -0.0000    0.0000   -0.0000   -0.0000   -0.0000    0.0000   -0.0000
       50 H10    2pz       -0.0048   -0.0086   -0.0104   -0.0095   -0.0058    0.0019    0.0061    0.0109    0.0128    0.0089
 
          Orbital           11        12    
          Energy            0.3200    0.3297
          Occ. No.          0.0000    0.0000
 
        1 H1     1s        -0.0913    0.1474
        2 H1     2s         0.1780   -0.3203
        3 H1     2px        0.0000   -0.0000
        4 H1     2py        0.0000   -0.0000
        5 H1     2pz       -0.0099    0.0156
        6 H2     1s        -0.1484    0.2098
        7 H2     2s         0.1748   -0.2640
        8 H2     2px        0.0000   -0.0000
        9 H2     2py       -0.0000    0.0000
       10 H2     2pz        0.0020   -0.0042
       11 H3     1s        -0.1655    0.1790
       12 H3     2s         0.2224   -0.2609
       13 H3     2px        0.0000   -0.0000
       14 H3     2py        0.0000   -0.0000
       15 H3     2pz       -0.0037    0.0011
       16 H4     1s        -0.1899    0.1239
       17 H4     2s         0.2473   -0.1770
       18 H4     2px        0.0000    0.0000
       19 H4     2py        0.0000    0.0000
       20 H4     2pz        0.0023   -0.0041
       21 H5     1s        -0.1986    0.0484
       22 H5     2s         0.2619   -0.0667
       23 H5     2px       -0.0000    0.0000
       24 H5     2py       -0.0000   -0.0000
       25 H5     2pz       -0.0033   -0.0025
       26 H6     1s        -0.1986   -0.0484
       27 H6     2s         0.2619    0.0667
       28 H6     2px       -0.0000    0.0000
       29 H6     2py       -0.0000   -0.0000
       30 H6     2pz        0.0033   -0.0025
       31 H7     1s        -0.1899   -0.1239
       32 H7     2s         0.2473    0.1770
       33 H7     2px       -0.0000   -0.0000
       34 H7     2py       -0.0000   -0.0000
       35 H7     2pz       -0.0023   -0.0041
       36 H8     1s        -0.1655   -0.1790
       37 H8     2s         0.2224    0.2609
       38 H8     2px       -0.0000    0.0000
       39 H8     2py        0.0000   -0.0000
       40 H8     2pz        0.0037    0.0011
       41 H9     1s        -0.1484   -0.2098
       42 H9     2s         0.1748    0.2640
       43 H9     2px        0.0000    0.0000
       44 H9     2py       -0.0000    0.0000
       45 H9     2pz       -0.0020   -0.0042
       46 H10    1s        -0.0913   -0.1474
       47 H10    2s         0.1780    0.3203
       48 H10    2px        0.0000    0.0000
       49 H10    2py        0.0000    0.0000
       50 H10    2pz        0.0099    0.0156
--
 
 
++    Molecular charges:
      ------------------
 
      Mulliken charges per centre and basis function type
      ---------------------------------------------------
 
                H1      H2      H3      H4      H5      H6      H7      H8      H9      H10   
      1s       0.8794  0.9346  0.9092  0.9166  0.9127  0.9127  0.9166  0.9092  0.9346  0.8794
      2s       0.0825  0.0914  0.0816  0.0839  0.0832  0.0832  0.0839  0.0816  0.0914  0.0825
      2px      0.0000  0.0000  0.0000  0.0000  0.0000  0.0000  0.0000  0.0000  0.0000  0.0000
      2pz      0.0044  0.0052  0.0051  0.0050  0.0051  0.0051  0.0050  0.0051  0.0052  0.0044
      2py      0.0000  0.0000  0.0000  0.0000  0.0000  0.0000  0.0000  0.0000  0.0000  0.0000
      Total    0.9664  1.0312  0.9958  1.0056  1.0010  1.0010  1.0056  0.9958  1.0312  0.9664
 
      N-E      0.0336 -0.0312  0.0042 -0.0056 -0.0010 -0.0010 -0.0056  0.0042 -0.0312  0.0336
 
      Total electronic charge=   10.000000
 
      Total            charge=   -0.000000
--
 
 
  Input file to MOLDEN was generated!
 
 
++    Static properties:
      ------------------
 
 
      LoProp Charges per center
 

                   H1       H2       H3       H4       H5       H6       H7       H8       H9       H10   
      Nuclear      1.0000   1.0000   1.0000   1.0000   1.0000   1.0000   1.0000   1.0000   1.0000   1.0000
      Electronic  -0.9791  -1.0173  -0.9971  -1.0054  -1.0010  -1.0010  -1.0054  -0.9971  -1.0173  -0.9791
 
      Total        0.0209  -0.0173   0.0029  -0.0054  -0.0010  -0.0010  -0.0054   0.0029  -0.0173   0.0209
--
 
 
++    Natural Bond Order analysis
      ---------------------------
      Based on LoProp computed density
      -------------------------------------------------------------------------------------
      Atom A       Atom B       Bond Order
      -------------------------------------------------------------------------------------
      NBO located      0.967 non-bonded electrons on atom H1        
      NBO located      1.004 non-bonded electrons on atom H3        
      NBO located      1.013 non-bonded electrons on atom H4        
      NBO located      1.008 non-bonded electrons on atom H5        
      NBO located      1.008 non-bonded electrons on atom H6        
      NBO located      1.013 non-bonded electrons on atom H7        
      NBO located      1.004 non-bonded electrons on atom H8        
      NBO located      0.967 non-bonded electrons on atom H10       
      The remaining    2.016 electrons are to be considered as diffuse
--
 
 
++    Molecular properties:
      ---------------------
 
      Charge (e):
                      =   -0.0000
      Dipole Moment (Debye):
      Origin of the operator (Ang)=    0.0000    0.0000    0.0000
                   X= -3.7922E-13               Y=  1.1124E-14               Z= -9.9545E-08           Total=  9.9545E-08
      Quadrupole Moment (Debye*Ang):
      Origin of the operator (Ang)=    0.0000    0.0000   11.2091
                  XX= -2.3557E+01              XY=  5.6311E-28              XZ=  4.1145E-12              YY= -2.3557E+01
                  YZ= -9.9387E-14              ZZ=  3.2310E+00
      In traceless form (Debye*Ang)
                  XX= -1.3394E+01              XY=  8.4466E-28              XZ=  6.1718E-12              YY= -1.3394E+01
                  YZ= -1.4908E-13              ZZ=  2.6788E+01
--
 
 
  Input file to MOLDEN was generated!
 
 ###############################################################################
 ###############################################################################
 ###                                                                         ###
 ###                                                                         ###
 ###    RunFile label nBas                                                   ###
 ###    was used       78 times                                              ###
 ###                                                                         ###
 ###                                                                         ###
 ###############################################################################
 ###############################################################################
forrtl: warning (528): IEEE_UNDERFLOW is signaling
--- Stop Module: scf at Sun Oct 26 17:32:05 2025 /rc=_RC_ALL_IS_WELL_ ---
*** files: H10_2.49.LprOrb H10_2.49.LoProp.molden H10_2.49.scf.molden H10_2.49.ScfOrb H10_2.49.scf.h5 xmldump
    saved to directory /home/grierjones/DDCASPT2/hydrogen_comps/rerun/H10_chain/H10_2.49

>>> COPY /tmp/H10_2.49/H10_2.49.scf.h5 /home/grierjones/DDCASPT2/hydrogen_comps/rerun/H10_chain/H10_2.49/

*** symbolic link created: INPORB -> H10_2.49.ScfOrb
--- Start Module: rasscf at Sun Oct 26 17:32:05 2025 ---
 
()()()()()()()()()()()()()()()()()()()()()()()()()()()()()()()()()()()()()()()()()()()()()()()()()()

                                              &RASSCF

                                   only a single process is used
                       available to each process: 2.0 GB of memory, 1 thread?
()()()()()()()()()()()()()()()()()()()()()()()()()()()()()()()()()()()()()()()()()()()()()()()()()()
 
 
      Header of the ONEINT file:
      --------------------------
      
      Integrals generated by seward 4.2.0  , Sun Oct 26 17:32:04 2025
 
 
      OrdInt status: non-squared
 
 
      Cartesian coordinates in Angstrom:
      -----------------------------------------------------
      No.  Label        X            Y            Z        
      -----------------------------------------------------
       1   H1         0.00000000   0.00000000   0.00000000
       2   H2         0.00000000   0.00000000   2.49090900
       3   H3         0.00000000   0.00000000   4.98181800
       4   H4         0.00000000   0.00000000   7.47272700
       5   H5         0.00000000   0.00000000   9.96363600
       6   H6         0.00000000   0.00000000  12.45454500
       7   H7         0.00000000   0.00000000  14.94545500
       8   H8         0.00000000   0.00000000  17.43636400
       9   H9         0.00000000   0.00000000  19.92727300
      10   H10        0.00000000   0.00000000  22.41818200
      -----------------------------------------------------
      Nuclear repulsion energy =    4.09796579
 
++    Wave function specifications:
      -----------------------------
 
      Number of closed shell electrons           0
      Number of electrons in active shells      10
      Max number of holes in RAS1 space          0
      Max nr of electrons in RAS3 space          0
      Number of inactive orbitals                0
      Number of active orbitals                 10
      Number of secondary orbitals              40
      Spin quantum number                      0.0
      State symmetry                             1
--
 
++    Orbital specifications:
      -----------------------
 
      Symmetry species                           1
                                                 a
      Frozen orbitals                            0
      Inactive orbitals                          0
      Active orbitals                           10
      RAS1 orbitals                              0
      RAS2 orbitals                             10
      RAS3 orbitals                              0
      Secondary orbitals                        40
      Deleted orbitals                           0
      Number of basis functions                 50
--
 
++    CI expansion specifications:
      ----------------------------
 
      Number of CSFs                         19404
      Number of determinants                 31878
      Number of root(s) required                 1
      Root chosen for geometry opt.              1
      CI root used                               1
         
      highest root included in the CI            1
      max. size of the explicit Hamiltonian    200
--
 
++    Optimization specifications:
      ----------------------------
 
      RASSCF algorithm: Conventional
      Maximum number of macro iterations       200
      Maximum number of SX iterations          100
      Threshold for RASSCF energy            0.100E-07
      Threshold for max MO rotation          0.100E+00
      Threshold for max BLB element          0.100E-03
      Level shift parameter                  0.500E+00
      Make Quasi-Newton update
--
 
      The MO-coefficients are taken from the file:
      /home/grierjones/DDCASPT2/hydrogen_comps/rerun/H10_chain/H10_0.60/H10_0.60.RasOrb                                               
      Title: RASSCF average (pseudo-natural) orbitals                                      
 
      Total molecular charge    0.00
 
      ************************************************************************************************************************
      *                                                                                                                      *
      *                                            Wave function control section                                             *
      *                                                                                                                      *
      ************************************************************************************************************************
 
 
                                         RASSCF iterations: Energy and convergence statistics
                                         ----------------------------------------------------
 
      Iter CI   SX   CI       RASSCF       Energy    max ROT     max BLB   max BLB  Level Ln srch  Step   QN   Walltime
          iter iter root      energy       change     param      element    value   shift minimum  type update hh:mm:ss
        No convergence in the CI section: MAXJT will be increased to 
 24
 Nr of preliminary CI iterations:  12
        1  11  100    1    -3.34220196    0.00E+00  -0.18E+00*   9  29 1  0.27E+00*  0.42   0.00    SX    NO    0:00:01
        2  11  100    1    -4.10588391   -0.76E+00* -0.22E+00*   3  16 1  0.19E+00*  0.30   0.00    SX    NO    0:00:00
 ###############################################################################
 ###############################################################################
 ###                                                                         ###
 ###                                                                         ###
 ###    Large orbital rotation.                                              ###
 ###                                                                         ###
 ###                                                                         ###
 ###############################################################################
 ###############################################################################
      Molecular orbital  10 of symmetry 1 MO space 2  weight is    0.038810
 ###############################################################################
 ###############################################################################
 ###                                                                         ###
 ###                                                                         ###
 ###    Large orbital rotation.                                              ###
 ###                                                                         ###
 ###                                                                         ###
 ###############################################################################
 ###############################################################################
      Molecular orbital  12 of symmetry 1 MO space 3  weight is    0.488593
        3   6  100    1    -4.49526339   -0.39E+00*  0.70E+00*   3  16 1  0.16E+00*  0.22   0.00    SX    NO    0:00:00
        4   7  100    1    -4.66686458   -0.17E+00* -0.25E+00*   2  22 1 -0.10E+00*  0.15   0.00    SX    NO    0:00:00
        5  55   42    1    -4.73609441   -0.69E-01* -0.17E+00*   1  26 1 -0.26E-01*  0.13   1.15    QN   YES    0:00:02
        6  18  100    1    -4.77343039   -0.37E-01* -0.13E+00*  10  12 1 -0.44E-01*  0.09   2.50    LS   YES    0:00:01
        7  13  100    1    -4.82024122   -0.47E-01*  0.90E-01   10  12 1 -0.62E-01*  0.07   1.72    SX   YES    0:00:00
        8   6   37    1    -4.85947911   -0.39E-01*  0.46E-01   10  17 1 -0.36E-01*  0.06   1.62    LS   YES    0:00:00
        9   5   58    1    -4.86796044   -0.85E-02* -0.18E+00*  10  17 1 -0.14E-01*  0.06   1.36    QN   YES    0:00:00
       10  19   92    1    -4.77653210    0.91E-01*  0.86E-01    2  22 1  0.84E-01*  0.06  -0.04    LS   YES    0:00:01
       11   5  100    1    -4.83713780   -0.61E-01*  0.72E-01   10  22 1 -0.50E-01*  0.06   2.18    LS   YES    0:00:00
       12   5   53    1    -4.86479951   -0.28E-01* -0.64E-01    2  17 1  0.18E-01*  0.06   1.44    QN   YES    0:00:00
       13   6   79    1    -4.85174806    0.13E-01*  0.27E-01   10  22 1 -0.66E-01*  0.06   0.27    LS   YES    0:00:00
       14  11   25    1    -4.86456011   -0.13E-01*  0.68E-01   10  22 1 -0.42E-01*  0.06   1.59    QN   YES    0:00:00
       15   6   39    1    -4.86974346   -0.52E-02* -0.15E-01   10  22 1  0.15E-01*  0.06   0.74    QN   YES    0:00:00
       16  11   38    1    -4.87123602   -0.15E-02* -0.62E-02   10  22 1  0.15E-02*  0.06   0.97    QN   YES    0:00:00
       17  10   39    1    -4.87131468   -0.79E-04*  0.47E-02    3  11 1  0.97E-03*  0.06   0.86    QN   YES    0:00:00
       18  35   36    1    -4.87135526   -0.41E-04*  0.59E-02   10  22 1 -0.55E-03*  0.06   1.03    QN   YES    0:00:01
       19  28   37    1    -4.87136782   -0.13E-04*  0.13E-01    4  11 1 -0.26E-03*  0.06   1.16    QN   YES    0:00:01
       20  41   38    1    -4.87138922   -0.21E-04* -0.13E+00*  10  22 1  0.60E-03*  0.06   2.29    QN   YES    0:00:02
       21  85   37    1    -4.87192259   -0.53E-03* -0.90E-01   10  22 1  0.43E-02*  0.05   2.50    LS   YES    0:00:04
       22  11   32    1    -4.87280696   -0.88E-03*  0.58E-01   10  22 1  0.68E-02*  0.05   2.29    SX   YES    0:00:00
       23   6   97    1    -4.87571583   -0.29E-02*  0.60E-01    6  11 1 -0.38E-02*  0.04   2.50    LS   YES    0:00:00
       24  11  100    1    -4.87865820   -0.29E-02*  0.61E-01    6  11 1 -0.75E-02*  0.03   2.50    LS   YES    0:00:00
       25  18   85    1    -4.88207331   -0.34E-02*  0.18E+00*   6  17 1 -0.15E-01*  0.02   2.50    QN   YES    0:00:01
       26  25   55    1    -4.86879978    0.13E-01* -0.15E+00*   3  16 1  0.16E-01*  0.06  -0.50    QN   YES    0:00:01
       27   5   30    1    -4.87585947   -0.71E-02* -0.18E+00*   6  49 1 -0.55E-02*  0.04   1.39    QN   YES    0:00:00
       28  13  100    1    -4.89141516   -0.16E-01*  0.12E+00*   6  17 1 -0.18E-01*  0.00   2.50    LS   YES    0:00:01
       29  12  100    1    -4.90389809   -0.12E-01*  0.16E+00*   8  11 1  0.24E-01*  0.00   1.34    QN   YES    0:00:00
       30  17  100    1    -4.89255459    0.11E-01*  0.69E-01    2  11 1  0.42E-01*  0.00   0.35    SX   YES    0:00:01
       31   8  100    1    -4.94823276   -0.56E-01* -0.17E+00*   8  17 1  0.32E-01*  0.00   2.50    QN   YES    0:00:00
       32   6   81    1    -4.98708973   -0.39E-01*  0.11E+00*   8  49 1  0.37E-01*  0.00   0.73    QN   YES    0:00:00
       33   5  100    1    -4.97367220    0.13E-01* -0.46E-01    8  49 1  0.62E-01*  0.00   0.24    SX   YES    0:00:00
       34  11   86    1    -4.99830836   -0.25E-01* -0.23E-01    8  49 1  0.30E-01*  0.00   1.57    LS   YES    0:00:00
       35   4   14    1    -5.00286345   -0.46E-02* -0.31E-01    8  11 1  0.98E-02*  0.00   1.30    QN   YES    0:00:00
       36  17   41    1    -5.00223632    0.63E-03*  0.17E-01    5  11 1 -0.18E-01*  0.00   0.41    SX   YES    0:00:01
       37  24   12    1    -5.00467699   -0.24E-02* -0.32E-02    8  49 1  0.33E-02*  0.00   1.17    QN   YES    0:00:01
       38   1   11    1    -5.00474710   -0.70E-04*  0.19E-02    8  12 1  0.15E-02*  0.00   0.78    QN   YES    0:00:00
       39  47   12    1    -5.00471152    0.36E-04*  0.27E-02    4  11 1 -0.27E-02*  0.00  -0.50    SX   YES    0:00:02
       40  36   10    1    -5.00481024   -0.99E-04* -0.60E-03    6  33 1 -0.50E-03*  0.00   1.17    QN   YES    0:00:01
       41   4   10    1    -5.00481350   -0.33E-05* -0.34E-03    1  17 1 -0.33E-03*  0.00   0.77    QN   YES    0:00:00
       42  59   10    1    -5.00481307    0.43E-06*  0.35E-03    6  33 1 -0.39E-03*  0.00   0.58    QN   YES    0:00:02
       43  35   10    1    -5.00481555   -0.25E-05* -0.51E-03    1  17 1 -0.28E-03*  0.00   1.55    QN   YES    0:00:01
       44  23   10    1    -5.00481700   -0.14E-05*  0.79E-04    1  17 1 -0.19E-03*  0.00   1.12    QN   YES    0:00:01
       45  11   10    1    -5.00481743   -0.43E-06*  0.15E-03    5  16 1 -0.13E-03*  0.00   1.67    QN   YES    0:00:00
       46   5    8    1    -5.00481783   -0.40E-06*  0.39E-04    8  11 1 -0.55E-04   0.00   1.07    QN   YES    0:00:00
       47   4    8    1    -5.00481785   -0.16E-07*  0.13E-04    8  17 1 -0.67E-04   0.00   0.95    QN   YES    0:00:00
       48   2    8    1    -5.00481784    0.39E-08  -0.18E-04    8  17 1 -0.68E-04   0.00  -0.50    QN   YES    0:00:00
      Convergence after 48 iterations
 
  Dmat in MO in SXCTL bf call to SXHAM                                                                                    
  mat. size =    10x   10
 
        1.3611811012115336
       -0.0122807812447803      1.2949125946000690
       -0.0449735544496759     -0.0117131212310111      1.2453789529729498
       -0.0009939088451741      0.0528637287187643     -0.0012175527512396      1.1622439961148900
       -0.0214623593819462      0.0005145077963124     -0.0180570024259327      0.0012671150555488      1.1523419293647521
       -0.0511958475569423     -0.0266679237169350     -0.1262010035552011      0.0037400546951013      0.0005060121493186
        0.7934249426803748
       -0.0015894117957531     -0.0972086195151057     -0.0014297077103739      0.1685017224041879     -0.0009432735507917
       -0.0079918009007188      0.7081817327238786
       -0.0302218983105091      0.0399657906783354     -0.0929872172087156     -0.0082612299203855      0.0610215726616098
        0.0095788379974382      0.0140246349318227      0.6890085811012995
       -0.0031201571456686     -0.0748987396388502     -0.0027320798599295      0.0621254225455806     -0.0015765256661689
       -0.0156560006846076      0.0313081040525559      0.0268260895026639      0.8573408677533659
       -0.0589684160448071     -0.1226964476585958     -0.0560194594960578     -0.0126502174643868      0.0304240568152853
       -0.0128425539561142     -0.0128408210843873     -0.0145061876110117     -0.0286855261130839      0.7359853014769002
       49   1    8    1    -5.00481785   -0.75E-08  -0.18E-04    8  17 1 -0.64E-04   0.00  -0.50    QN   YES    0:00:00
 
      ************************************************************************************************************************
                                                      Wave function printout:
                       occupation of active orbitals, and spin coupling of open shells (u,d: Spin up or down)
      ************************************************************************************************************************
 
      Note: transformation to natural orbitals
      has been made, which may change the order of the CSFs.
 
      printout of CI-coefficients larger than  0.05 for root  1
      energy=      -5.004818
      conf/sym  1111111111     Coeff  Weight
             1  2222200000   0.29029 0.08427
            36  2222000020  -0.14799 0.02190
            48  222udu00d0  -0.15862 0.02516
            57  22u2d20000  -0.05085 0.00259
            70  22u2d000ud   0.12635 0.01596
            73  2u22dud000  -0.05162 0.00266
            80  2u22d00ud0  -0.11069 0.01225
            82  2u22du000d  -0.05508 0.00303
            90  u222du0d00   0.06314 0.00399
            94  u222d0u0d0   0.13036 0.01699
           102  2220220000  -0.09870 0.00974
           115  22202000ud   0.05068 0.00257
           125  22ud200ud0   0.05495 0.00302
           127  22ud2u000d   0.12042 0.01450
           135  2u2d2u0d00  -0.11656 0.01359
           139  2u2d20u0d0  -0.06333 0.00401
           148  u22d2ud000   0.09714 0.00944
           155  u22d200ud0   0.05258 0.00277
           176  2202200002  -0.08374 0.00701
           189  2ud2200u0d   0.10146 0.01029
           203  u2d220u00d  -0.09329 0.00870
           212  2022200200  -0.07061 0.00499
           226  ud2220ud00   0.09509 0.00904
           239  0222202000  -0.07369 0.00543
           286  u222u0d0d0   0.05457 0.00298
          1966  2220020020   0.08802 0.00775
          2039  22ud0u002d   0.09048 0.00819
          2069  2u2d0u0d20   0.08256 0.00682
          2117  u22d0ud020  -0.07316 0.00535
          2201  2202000022   0.06304 0.00397
          2241  2ud2000u2d   0.07079 0.00501
          2290  u2d200u02d  -0.06167 0.00380
          2321  2022000220   0.05156 0.00266
          2370  ud2200ud20  -0.06045 0.00365
          2418  0222002020   0.05384 0.00290
          2480  22u0d200ud   0.07541 0.00569
          2510  2u20d20ud0  -0.06025 0.00363
          2558  u220d2u0d0   0.06346 0.00403
          2648  220udu00d2   0.06489 0.00421
          2687  2ududu0udd  -0.07201 0.00518
          2736  u2duduu0dd   0.06559 0.00430
          2764  202udu02d0  -0.05323 0.00283
          2813  ud2uduudd0   0.06498 0.00422
          2859  022udu20d0  -0.05354 0.00287
          2933  2uuddu0dud  -0.06243 0.00390
          2981  u2uddud0ud   0.05551 0.00308
          3011  uu2ddudud0  -0.06314 0.00399
          3013  uu2dduudd0   0.05053 0.00255
          3149  u202d0u0d2   0.05909 0.00349
          3234  udu2d0udud   0.06230 0.00388
          3338  uud2d0uudd  -0.05837 0.00341
          3492  2200220002   0.05184 0.00269
          3524  2ud0220u0d  -0.05405 0.00292
          3795  2u0d2u0d02  -0.06182 0.00382
          3927  udud2uud0d  -0.05282 0.00279
          4025  uudd2udu0d  -0.05307 0.00282
         12246  2200020022  -0.05523 0.00305
         12276  2ud0020u2d  -0.05788 0.00335
         12324  u2d002u02d   0.05338 0.00285
         12549  2u0d0u0d22   0.05337 0.00285
         19404  0000022222  -0.05080 0.00258
 
      Natural orbitals and occupation numbers for root  1
      sym 1:   1.380737   1.350231   1.299547   1.230690   1.150597   0.772249   0.614402   0.646805   0.854292   0.700450

 
      ************************************************************************************************************************
      *                                                                                                                      *
      *                                                    Final results                                                     *
      *                                                                                                                      *
      ************************************************************************************************************************
 
 
++    Wave function specifications:
      -----------------------------
 
      Number of closed shell electrons           0
      Number of electrons in active shells      10
      Max number of holes in RAS1 space          0
      Max nr of electrons in RAS3 space          0
      Number of inactive orbitals                0
      Number of active orbitals                 10
      Number of secondary orbitals              40
      Spin quantum number                      0.0
      State symmetry                             1
--
 
++    Orbital specifications:
      -----------------------
 
      Symmetry species                           1
                                                 a
      Frozen orbitals                            0
      Inactive orbitals                          0
      Active orbitals                           10
      RAS1 orbitals                              0
      RAS2 orbitals                             10
      RAS3 orbitals                              0
      Secondary orbitals                        40
      Deleted orbitals                           0
      Number of basis functions                 50
--
 
++    CI expansion specifications:
      ----------------------------
 
      Number of CSFs                         19404
      Number of determinants                 31878
      Number of root(s) required                 1
      CI root used                               1
      highest root included in the CI            1
      Root passed to geometry opt.               1
--
 
++    Final optimization conditions:
      ------------------------------
 
      Average CI energy                              -5.00481785
      RASSCF energy for state  1                     -5.00481785
      Super-CI energy                                -0.00000006
      RASSCF energy change                            0.00000000
      Max change in MO coefficients               0.259E-04
      Max non-diagonal density matrix element    -0.184E-04
      Maximum BLB matrix element                 -0.643E-04
      (orbital pair   8,  17 in symmetry   1)
      Norm of electronic gradient            0.181E-03
--
 
 
      Final state energy(ies):
      ------------------------
 
::    RASSCF root number  1 Total energy:     -5.00481785
 
++    Molecular orbitals:
      -------------------
 
      Pseudonatural active orbitals and approximate occupation numbers
 
 
 
 
      Molecular orbitals for symmetry species 1: a  
 
 
      Orbital                1         2         3         4         5         6         7         8         9        10
      Energy            0.0000    0.0000    0.0000    0.0000    0.0000    0.0000    0.0000    0.0000    0.0000    0.0000
      Occ. No.          1.3807    1.3502    1.2995    1.2307    1.1506    0.7722    0.6144    0.6468    0.8543    0.7005
 
    1 H1     1s         0.1505    0.2779    0.3580   -0.3641    0.2664   -0.4159    0.1913    0.3441   -0.2902    0.4271
    2 H1     2s         0.0111    0.0208    0.0276   -0.0293    0.0224   -0.0461    0.0256    0.0440   -0.0299    0.0511
    3 H1     2px       -0.0000    0.0000    0.0000    0.0000    0.0000   -0.0000   -0.0000    0.0000    0.0000   -0.0000
    4 H1     2py        0.0000   -0.0000    0.0000    0.0000   -0.0000    0.0000    0.0000   -0.0000   -0.0000    0.0000
    5 H1     2pz        0.0010    0.0015    0.0016   -0.0012    0.0006   -0.0013    0.0014    0.0021   -0.0006    0.0020
    6 H2     1s         0.2090    0.3523    0.3859   -0.3045    0.1516    0.3203   -0.2932   -0.4671    0.1284   -0.4659
    7 H2     2s         0.0130    0.0258    0.0358   -0.0372    0.0252    0.0342   -0.0512   -0.0758    0.0057   -0.0654
    8 H2     2px       -0.0000   -0.0000   -0.0000    0.0000   -0.0000   -0.0000   -0.0000    0.0000    0.0000   -0.0000
    9 H2     2py        0.0000   -0.0000    0.0000    0.0000   -0.0000   -0.0000    0.0000   -0.0000    0.0000   -0.0000
   10 H2     2pz        0.0007    0.0005   -0.0008    0.0019   -0.0018   -0.0000    0.0001    0.0004    0.0006    0.0006
   11 H3     1s         0.2930    0.3405    0.0880    0.2654   -0.3895    0.2829    0.3999    0.4618    0.4161    0.1390
   12 H3     2s         0.0206    0.0224   -0.0002    0.0320   -0.0428    0.0333    0.0688    0.0785    0.0505    0.0272
   13 H3     2px        0.0000   -0.0000   -0.0000   -0.0000   -0.0000    0.0000    0.0000   -0.0000   -0.0000    0.0000
   14 H3     2py        0.0000   -0.0000   -0.0000   -0.0000   -0.0000   -0.0000   -0.0000   -0.0000   -0.0000   -0.0000
   15 H3     2pz        0.0002   -0.0006   -0.0018    0.0018   -0.0007    0.0002    0.0012    0.0008   -0.0002   -0.0002
   16 H4     1s         0.3286    0.2818   -0.0921    0.3804   -0.2969   -0.4476   -0.4570   -0.3633   -0.2967    0.1391
   17 H4     2s         0.0215    0.0235   -0.0015    0.0342   -0.0373   -0.0630   -0.0806   -0.0579   -0.0305    0.0267
   18 H4     2px        0.0000    0.0000    0.0000    0.0000   -0.0000    0.0000   -0.0000   -0.0000    0.0000   -0.0000
   19 H4     2py        0.0000    0.0000    0.0000    0.0000   -0.0000   -0.0000   -0.0000   -0.0000    0.0000   -0.0000
   20 H4     2pz        0.0005   -0.0008   -0.0017   -0.0000    0.0018    0.0004    0.0007    0.0012   -0.0003    0.0004
   21 H5     1s         0.3583    0.0645   -0.3590    0.1127    0.3941    0.1582    0.4942    0.1035   -0.4112   -0.4460
   22 H5     2s         0.0243    0.0004   -0.0308    0.0037    0.0452    0.0283    0.0864    0.0210   -0.0472   -0.0674
   23 H5     2px        0.0000   -0.0000    0.0000   -0.0000    0.0000   -0.0000    0.0000    0.0000    0.0000    0.0000
   24 H5     2py        0.0000   -0.0000    0.0000   -0.0000    0.0000   -0.0000    0.0000    0.0000    0.0000    0.0000
   25 H5     2pz       -0.0002   -0.0014   -0.0006   -0.0017    0.0014   -0.0000    0.0010   -0.0006    0.0002   -0.0009
   26 H6     1s         0.3584   -0.0648   -0.3589   -0.1141    0.3936    0.1597   -0.4942    0.1041    0.4108    0.4458
   27 H6     2s         0.0243   -0.0005   -0.0308   -0.0039    0.0452    0.0285   -0.0864    0.0211    0.0471    0.0674
   28 H6     2px        0.0000   -0.0000    0.0000   -0.0000    0.0000    0.0000    0.0000    0.0000    0.0000    0.0000
   29 H6     2py        0.0000   -0.0000    0.0000   -0.0000    0.0000    0.0000    0.0000    0.0000   -0.0000    0.0000
   30 H6     2pz        0.0002   -0.0014    0.0006   -0.0017   -0.0014    0.0000    0.0010    0.0006    0.0002   -0.0009
   31 H7     1s         0.3285   -0.2818   -0.0916   -0.3798   -0.2979   -0.4472    0.4568   -0.3635    0.2977   -0.1385
   32 H7     2s         0.0214   -0.0235   -0.0015   -0.0341   -0.0374   -0.0630    0.0806   -0.0580    0.0307   -0.0266
   33 H7     2px       -0.0000    0.0000   -0.0000    0.0000   -0.0000    0.0000   -0.0000   -0.0000    0.0000   -0.0000
   34 H7     2py       -0.0000    0.0000   -0.0000   -0.0000   -0.0000    0.0000   -0.0000    0.0000    0.0000   -0.0000
   35 H7     2pz       -0.0005   -0.0008    0.0017   -0.0000   -0.0018   -0.0004    0.0007   -0.0012   -0.0003    0.0004
   36 H8     1s         0.2929   -0.3405    0.0887   -0.2641   -0.3902    0.2816   -0.3997    0.4620   -0.4167   -0.1398
   37 H8     2s         0.0206   -0.0224   -0.0001   -0.0319   -0.0429    0.0332   -0.0688    0.0785   -0.0505   -0.0274
   38 H8     2px       -0.0000   -0.0000   -0.0000   -0.0000   -0.0000    0.0000    0.0000   -0.0000   -0.0000    0.0000
   39 H8     2py        0.0000    0.0000   -0.0000   -0.0000   -0.0000    0.0000    0.0000    0.0000   -0.0000    0.0000
   40 H8     2pz       -0.0002   -0.0006    0.0017    0.0018    0.0007   -0.0002    0.0012   -0.0008   -0.0002   -0.0002
   41 H9     1s         0.2090   -0.3522    0.3857    0.3045    0.1523    0.3205    0.2931   -0.4670   -0.1291    0.4659
   42 H9     2s         0.0130   -0.0258    0.0358    0.0371    0.0253    0.0342    0.0511   -0.0757   -0.0059    0.0655
   43 H9     2px       -0.0000    0.0000   -0.0000   -0.0000   -0.0000    0.0000   -0.0000    0.0000    0.0000   -0.0000
   44 H9     2py       -0.0000    0.0000   -0.0000   -0.0000   -0.0000    0.0000   -0.0000    0.0000   -0.0000    0.0000
   45 H9     2pz       -0.0007    0.0005    0.0007    0.0019    0.0018    0.0000    0.0001   -0.0004    0.0006    0.0006
   46 H10    1s         0.1504   -0.2776    0.3577    0.3639    0.2674   -0.4157   -0.1911    0.3438    0.2913   -0.4269
   47 H10    2s         0.0110   -0.0208    0.0276    0.0292    0.0225   -0.0461   -0.0256    0.0440    0.0300   -0.0512
   48 H10    2px       -0.0000    0.0000    0.0000   -0.0000   -0.0000   -0.0000   -0.0000   -0.0000   -0.0000    0.0000
   49 H10    2py        0.0000    0.0000    0.0000   -0.0000    0.0000    0.0000    0.0000    0.0000   -0.0000    0.0000
   50 H10    2pz       -0.0009    0.0015   -0.0016   -0.0012   -0.0006    0.0013    0.0014   -0.0021   -0.0006    0.0020
 
 
      Orbital               11        12        13        14        15        16        17        18        19        20
      Energy            0.3310    0.3404    0.3581    0.3860    0.4259    0.4780    0.5468    0.6205    0.6856    0.7441
      Occ. No.          0.0000    0.0000    0.0000    0.0000    0.0000    0.0000    0.0000    0.0000    0.0000    0.0000
 
    1 H1     1s        -0.0678    0.1027    0.0919   -0.0432    0.0261    0.0934    0.1434   -0.1572   -0.1219   -0.1331
    2 H1     2s         0.1804   -0.3227   -0.4147    0.4658    0.4873    0.4713    0.4232   -0.3446   -0.2200   -0.1918
    3 H1     2px        0.0000    0.0000    0.0000    0.0000   -0.0000    0.0000   -0.0000   -0.0000    0.0000   -0.0000
    4 H1     2py       -0.0000   -0.0000   -0.0000   -0.0000    0.0000   -0.0000    0.0000    0.0000   -0.0000    0.0000
    5 H1     2pz       -0.0075    0.0121    0.0133   -0.0135   -0.0170   -0.0281   -0.0534    0.0940    0.1283    0.3270
    6 H2     1s        -0.1220    0.1730    0.1380   -0.0614   -0.0083   -0.0223   -0.1015    0.1793    0.1673    0.1339
    7 H2     2s         0.1807   -0.2719   -0.2340    0.0794   -0.1547   -0.4016   -0.6044    0.6606    0.4848    0.3521
    8 H2     2px        0.0000   -0.0000   -0.0000    0.0000    0.0000    0.0000   -0.0000   -0.0000    0.0000    0.0000
    9 H2     2py       -0.0000   -0.0000    0.0000    0.0000    0.0000    0.0000   -0.0000    0.0000   -0.0000    0.0000
   10 H2     2pz       -0.0003   -0.0012   -0.0023   -0.0024   -0.0169   -0.0354   -0.0420    0.0101   -0.0628   -0.3509
   11 H3     1s        -0.1366    0.1405    0.0224    0.0832    0.0760    0.0015   -0.0027   -0.1159   -0.1894   -0.1338
   12 H3     2s         0.2263   -0.2647   -0.0714   -0.2313   -0.4393   -0.3689    0.0145   -0.4655   -0.5643   -0.3555
   13 H3     2px       -0.0000   -0.0000   -0.0000   -0.0000    0.0000   -0.0000    0.0000    0.0000   -0.0000    0.0000
   14 H3     2py       -0.0000   -0.0000   -0.0000    0.0000    0.0000    0.0000   -0.0000   -0.0000   -0.0000   -0.0000
   15 H3     2pz       -0.0010   -0.0010   -0.0027   -0.0000    0.0027    0.0328    0.1009   -0.1527   -0.0910    0.2615
   16 H4     1s        -0.1530    0.1034   -0.0665    0.1186    0.0282    0.0004    0.0843   -0.0332    0.1480    0.1167
   17 H4     2s         0.2514   -0.1812    0.1574   -0.3670   -0.1296    0.3846    0.6078   -0.1322    0.4347    0.2944
   18 H4     2px       -0.0000    0.0000    0.0000    0.0000    0.0000    0.0000    0.0000   -0.0000   -0.0000    0.0000
   19 H4     2py       -0.0000    0.0000    0.0000    0.0000    0.0000    0.0000   -0.0000   -0.0000   -0.0000    0.0000
   20 H4     2pz       -0.0003   -0.0023   -0.0015   -0.0009    0.0125    0.0279   -0.0323    0.1957    0.2507   -0.1487
   21 H5     1s        -0.1613    0.0334   -0.1381    0.0515   -0.0620   -0.0008   -0.0502    0.1653   -0.0545   -0.1015
   22 H5     2s         0.2642   -0.0670    0.3003   -0.1787    0.3489    0.3736   -0.3829    0.6327   -0.1629   -0.2487
   23 H5     2px       -0.0000    0.0000    0.0000   -0.0000   -0.0000   -0.0000   -0.0000    0.0000    0.0000    0.0000
   24 H5     2py       -0.0000    0.0000    0.0000   -0.0000   -0.0000   -0.0000   -0.0000    0.0000    0.0000    0.0000
   25 H5     2pz       -0.0005   -0.0026   -0.0014    0.0022    0.0075   -0.0292   -0.0773   -0.0885   -0.3481    0.0472
   26 H6     1s        -0.1613   -0.0334   -0.1381   -0.0515   -0.0620    0.0008   -0.0502   -0.1653   -0.0545    0.1015
   27 H6     2s         0.2642    0.0670    0.3002    0.1787    0.3489   -0.3737   -0.3828   -0.6326   -0.1630    0.2486
   28 H6     2px       -0.0000    0.0000    0.0000   -0.0000   -0.0000   -0.0000    0.0000    0.0000    0.0000    0.0000
   29 H6     2py       -0.0000    0.0000    0.0000   -0.0000   -0.0000   -0.0000    0.0000    0.0000    0.0000    0.0000
   30 H6     2pz        0.0005   -0.0026    0.0014    0.0022   -0.0075   -0.0291    0.0773   -0.0885    0.3481    0.0471
   31 H7     1s        -0.1530   -0.1034   -0.0665   -0.1186    0.0281   -0.0003    0.0843    0.0332    0.1480   -0.1167
   32 H7     2s         0.2514    0.1812    0.1574    0.3671   -0.1296   -0.3845    0.6078    0.1322    0.4347   -0.2943
   33 H7     2px        0.0000    0.0000   -0.0000    0.0000    0.0000    0.0000   -0.0000    0.0000    0.0000    0.0000
   34 H7     2py        0.0000    0.0000   -0.0000   -0.0000    0.0000    0.0000    0.0000   -0.0000    0.0000    0.0000
   35 H7     2pz        0.0003   -0.0023    0.0015   -0.0009   -0.0125    0.0279    0.0323    0.1957   -0.2507   -0.1486
   36 H8     1s        -0.1366   -0.1406    0.0225   -0.0832    0.0761   -0.0015   -0.0027    0.1160   -0.1894    0.1337
   37 H8     2s         0.2263    0.2647   -0.0714    0.2313   -0.4393    0.3690    0.0144    0.4655   -0.5642    0.3553
   38 H8     2px        0.0000   -0.0000   -0.0000   -0.0000    0.0000   -0.0000    0.0000    0.0000    0.0000    0.0000
   39 H8     2py        0.0000    0.0000   -0.0000   -0.0000    0.0000   -0.0000    0.0000    0.0000    0.0000   -0.0000
   40 H8     2pz        0.0010   -0.0010    0.0027   -0.0000   -0.0027    0.0328   -0.1009   -0.1527    0.0910    0.2613
   41 H9     1s        -0.1219   -0.1729    0.1379    0.0613   -0.0083    0.0222   -0.1015   -0.1793    0.1673   -0.1338
   42 H9     2s         0.1807    0.2719   -0.2341   -0.0795   -0.1547    0.4015   -0.6044   -0.6606    0.4848   -0.3519
   43 H9     2px        0.0000    0.0000   -0.0000   -0.0000    0.0000    0.0000   -0.0000   -0.0000    0.0000    0.0000
   44 H9     2py        0.0000    0.0000   -0.0000   -0.0000    0.0000   -0.0000    0.0000   -0.0000    0.0000   -0.0000
   45 H9     2pz        0.0003   -0.0011    0.0023   -0.0024    0.0169   -0.0354    0.0420    0.0101    0.0628   -0.3507
   46 H10    1s        -0.0678   -0.1027    0.0919    0.0433    0.0261   -0.0933    0.1434    0.1572   -0.1219    0.1330
   47 H10    2s         0.1804    0.3226   -0.4147   -0.4658    0.4872   -0.4713    0.4233    0.3446   -0.2200    0.1917
   48 H10    2px        0.0000    0.0000   -0.0000   -0.0000    0.0000   -0.0000   -0.0000    0.0000   -0.0000   -0.0000
   49 H10    2py       -0.0000    0.0000    0.0000   -0.0000   -0.0000   -0.0000    0.0000    0.0000    0.0000   -0.0000
   50 H10    2pz        0.0075    0.0121   -0.0133   -0.0135    0.0170   -0.0281    0.0535    0.0940   -0.1283    0.3268
 
 
      Orbital               21        22        23        24        25        26        27        28        29        30
      Energy            0.7466    0.8442    0.8442    0.8561    0.8561    0.8753    0.8753    0.9006    0.9006    0.9306
      Occ. No.          0.0000    0.0000    0.0000    0.0000    0.0000    0.0000    0.0000    0.0000    0.0000    0.0000
 
    1 H1     1s        -0.1197    0.0000    0.0000    0.0000   -0.0000    0.0000    0.0000   -0.0000   -0.0000    0.0000
    2 H1     2s        -0.1695   -0.0000   -0.0000    0.0000   -0.0000   -0.0000   -0.0000    0.0000    0.0000   -0.0000
    3 H1     2px        0.0000   -0.1117   -0.0117   -0.2039    0.0749    0.3064   -0.0270   -0.3753    0.0305   -0.4136
    4 H1     2py       -0.0000   -0.0117    0.1117   -0.0749   -0.2039    0.0270    0.3064   -0.0305   -0.3753   -0.0430
    5 H1     2pz        0.3112    0.0000   -0.0000   -0.0000   -0.0000    0.0000    0.0000    0.0000    0.0000    0.0000
    6 H2     1s         0.1123   -0.0000   -0.0000    0.0000   -0.0000   -0.0000   -0.0000   -0.0000   -0.0000   -0.0000
    7 H2     2s         0.2974    0.0000    0.0000   -0.0000    0.0000   -0.0000    0.0000    0.0000   -0.0000   -0.0000
    8 H2     2px        0.0000   -0.2168   -0.0226   -0.3473    0.1277    0.4074   -0.0359   -0.3189    0.0259   -0.1263
    9 H2     2py       -0.0000   -0.0226    0.2168   -0.1277   -0.3473    0.0359    0.4074   -0.0259   -0.3189   -0.0131
   10 H2     2pz       -0.3428   -0.0000    0.0000    0.0000    0.0000   -0.0000    0.0000   -0.0000   -0.0000   -0.0000
   11 H3     1s        -0.0992    0.0000   -0.0000   -0.0000   -0.0000    0.0000   -0.0000    0.0000    0.0000    0.0000
   12 H3     2s        -0.2692    0.0000    0.0000    0.0000   -0.0000    0.0000    0.0000   -0.0000   -0.0000    0.0000
   13 H3     2px       -0.0000   -0.3046   -0.0318   -0.3798    0.1396    0.2243   -0.0198    0.1146   -0.0093    0.3813
   14 H3     2py       -0.0000   -0.0318    0.3046   -0.1396   -0.3798    0.0198    0.2243    0.0093    0.1146    0.0397
   15 H3     2pz        0.2771    0.0000   -0.0000   -0.0000   -0.0000    0.0000   -0.0000   -0.0000    0.0000    0.0000
   16 H4     1s         0.0647   -0.0000    0.0000    0.0000    0.0000   -0.0000    0.0000   -0.0000   -0.0000   -0.0000
   17 H4     2s         0.1672   -0.0000   -0.0000   -0.0000    0.0000   -0.0000   -0.0000    0.0000    0.0000   -0.0000
   18 H4     2px       -0.0000   -0.3670   -0.0383   -0.2909    0.1069   -0.1133    0.0100    0.4111   -0.0334    0.2313
   19 H4     2py       -0.0000   -0.0383    0.3670   -0.1069   -0.2909   -0.0100   -0.1133    0.0334    0.4111    0.0241
   20 H4     2pz       -0.2035    0.0000   -0.0000   -0.0000   -0.0000    0.0000   -0.0000    0.0000    0.0000    0.0000
   21 H5     1s        -0.0214    0.0000   -0.0000    0.0000   -0.0000    0.0000   -0.0000   -0.0000    0.0000    0.0000
   22 H5     2s        -0.0548    0.0000    0.0000    0.0000    0.0000    0.0000    0.0000   -0.0000    0.0000    0.0000
   23 H5     2px        0.0000   -0.3997   -0.0417   -0.1081    0.0397   -0.3737    0.0329    0.2245   -0.0183   -0.3186
   24 H5     2py        0.0000   -0.0417    0.3997   -0.0397   -0.1081   -0.0329   -0.3737    0.0183    0.2245   -0.0332
   25 H5     2pz        0.1624   -0.0000    0.0000    0.0000    0.0000   -0.0000    0.0000   -0.0000   -0.0000   -0.0000
   26 H6     1s        -0.0214   -0.0000   -0.0000   -0.0000   -0.0000   -0.0000   -0.0000    0.0000    0.0000   -0.0000
   27 H6     2s        -0.0549   -0.0000   -0.0000   -0.0000    0.0000   -0.0000   -0.0000    0.0000   -0.0000   -0.0000
   28 H6     2px        0.0000   -0.3997   -0.0417    0.1082   -0.0398   -0.3737    0.0329   -0.2245    0.0183   -0.3187
   29 H6     2py        0.0000   -0.0417    0.3997    0.0398    0.1082   -0.0329   -0.3737   -0.0183   -0.2245   -0.0332
   30 H6     2pz       -0.1624    0.0000   -0.0000   -0.0000   -0.0000    0.0000   -0.0000    0.0000   -0.0000    0.0000
   31 H7     1s         0.0648    0.0000    0.0000    0.0000    0.0000    0.0000    0.0000   -0.0000    0.0000    0.0000
   32 H7     2s         0.1673    0.0000    0.0000    0.0000   -0.0000    0.0000    0.0000   -0.0000    0.0000    0.0000
   33 H7     2px        0.0000   -0.3670   -0.0383    0.2909   -0.1069   -0.1132    0.0100   -0.4111    0.0334    0.2312
   34 H7     2py        0.0000   -0.0383    0.3670    0.1069    0.2909   -0.0100   -0.1132   -0.0334   -0.4111    0.0241
   35 H7     2pz        0.2036   -0.0000    0.0000    0.0000    0.0000   -0.0000   -0.0000   -0.0000    0.0000   -0.0000
   36 H8     1s        -0.0993   -0.0000   -0.0000   -0.0000   -0.0000   -0.0000   -0.0000    0.0000    0.0000    0.0000
   37 H8     2s        -0.2694   -0.0000    0.0000   -0.0000    0.0000   -0.0000   -0.0000    0.0000   -0.0000   -0.0000
   38 H8     2px        0.0000   -0.3046   -0.0318    0.3798   -0.1396    0.2243   -0.0198   -0.1146    0.0093    0.3813
   39 H8     2py        0.0000   -0.0318    0.3046    0.1396    0.3798    0.0198    0.2243   -0.0093   -0.1146    0.0397
   40 H8     2pz       -0.2772    0.0000    0.0000    0.0000    0.0000    0.0000    0.0000   -0.0000   -0.0000    0.0000
   41 H9     1s         0.1123    0.0000    0.0000    0.0000    0.0000    0.0000   -0.0000   -0.0000    0.0000    0.0000
   42 H9     2s         0.2976   -0.0000   -0.0000    0.0000    0.0000   -0.0000    0.0000   -0.0000   -0.0000    0.0000
   43 H9     2px        0.0000   -0.2168   -0.0226    0.3473   -0.1277    0.4074   -0.0359    0.3189   -0.0259   -0.1261
   44 H9     2py        0.0000   -0.0226    0.2168    0.1277    0.3473    0.0359    0.4074    0.0259    0.3189   -0.0131
   45 H9     2pz        0.3430   -0.0000   -0.0000   -0.0000   -0.0000   -0.0000   -0.0000    0.0000   -0.0000   -0.0000
   46 H10    1s        -0.1197   -0.0000    0.0000    0.0000    0.0000   -0.0000    0.0000    0.0000   -0.0000   -0.0000
   47 H10    2s        -0.1696    0.0000   -0.0000   -0.0000   -0.0000    0.0000   -0.0000    0.0000    0.0000    0.0000
   48 H10    2px        0.0000   -0.1117   -0.0117    0.2038   -0.0749    0.3065   -0.0270    0.3755   -0.0305   -0.4137
   49 H10    2py        0.0000   -0.0117    0.1117    0.0749    0.2038    0.0270    0.3065    0.0305    0.3755   -0.0430
   50 H10    2pz       -0.3114    0.0000    0.0000    0.0000    0.0000    0.0000    0.0000   -0.0000    0.0000    0.0000
 
 
      Orbital               31        32        33        34        35        36        37        38        39        40
      Energy            0.9306    0.9636    0.9636    0.9962    0.9962    1.0260    1.0260    1.0500    1.0500    1.0656
      Occ. No.          0.0000    0.0000    0.0000    0.0000    0.0000    0.0000    0.0000    0.0000    0.0000    0.0000
 
    1 H1     1s        -0.0000    0.0000   -0.0000    0.0000   -0.0000   -0.0000   -0.0000   -0.0000   -0.0000    0.0000
    2 H1     2s         0.0000   -0.0000    0.0000    0.0000   -0.0000    0.0000   -0.0000   -0.0000    0.0000   -0.0000
    3 H1     2px       -0.0430   -0.4242    0.0248    0.3993   -0.0349   -0.3376    0.0359    0.2447   -0.0275   -0.1289
    4 H1     2py        0.4136   -0.0248   -0.4242    0.0349    0.3993   -0.0359   -0.3376    0.0275    0.2447   -0.0112
    5 H1     2pz        0.0000   -0.0000   -0.0000    0.0000   -0.0000    0.0000   -0.0000   -0.0000    0.0000   -0.0000
    6 H2     1s        -0.0000    0.0000   -0.0000   -0.0000   -0.0000    0.0000    0.0000    0.0000   -0.0000    0.0000
    7 H2     2s        -0.0000    0.0000    0.0000   -0.0000    0.0000   -0.0000    0.0000    0.0000   -0.0000    0.0000
    8 H2     2px       -0.0131    0.1144   -0.0067   -0.3242    0.0284    0.4343   -0.0461   -0.4053    0.0455    0.2437
    9 H2     2py        0.1263    0.0067    0.1144   -0.0284   -0.3242    0.0461    0.4343   -0.0455   -0.4053    0.0211
   10 H2     2pz       -0.0000    0.0000    0.0000   -0.0000    0.0000   -0.0000    0.0000    0.0000   -0.0000    0.0000
   11 H3     1s         0.0000   -0.0000   -0.0000    0.0000   -0.0000    0.0000   -0.0000   -0.0000    0.0000   -0.0000
   12 H3     2s         0.0000    0.0000   -0.0000    0.0000   -0.0000    0.0000   -0.0000   -0.0000    0.0000   -0.0000
   13 H3     2px        0.0397    0.3928   -0.0230   -0.1286    0.0113   -0.2335    0.0248    0.4388   -0.0492   -0.3395
   14 H3     2py       -0.3813    0.0230    0.3928   -0.0113   -0.1286   -0.0248   -0.2335    0.0492    0.4388   -0.0294
   15 H3     2pz        0.0000    0.0000    0.0000    0.0000    0.0000    0.0000    0.0000   -0.0000    0.0000   -0.0000
   16 H4     1s        -0.0000    0.0000    0.0000   -0.0000    0.0000   -0.0000    0.0000    0.0000   -0.0000    0.0000
   17 H4     2s        -0.0000   -0.0000   -0.0000   -0.0000   -0.0000    0.0000    0.0000    0.0000   -0.0000    0.0000
   18 H4     2px        0.0241   -0.2305    0.0135    0.4302   -0.0376   -0.1256    0.0133   -0.3346    0.0375    0.4079
   19 H4     2py       -0.2313   -0.0135   -0.2305    0.0376    0.4302   -0.0133   -0.1256   -0.0375   -0.3346    0.0353
   20 H4     2pz        0.0000   -0.0000   -0.0000    0.0000   -0.0000    0.0000   -0.0000   -0.0000    0.0000   -0.0000
   21 H5     1s         0.0000    0.0000    0.0000    0.0000    0.0000   -0.0000    0.0000   -0.0000    0.0000    0.0000
   22 H5     2s        -0.0000    0.0000    0.0000    0.0000    0.0000   -0.0000    0.0000   -0.0000    0.0000    0.0000
   23 H5     2px       -0.0332   -0.3261    0.0191   -0.2330    0.0204    0.4002   -0.0425    0.1243   -0.0139   -0.4436
   24 H5     2py        0.3186   -0.0191   -0.3261   -0.0204   -0.2330    0.0425    0.4002    0.0139    0.1243   -0.0384
   25 H5     2pz       -0.0000    0.0000    0.0000   -0.0000    0.0000   -0.0000    0.0000    0.0000   -0.0000    0.0000
   26 H6     1s         0.0000   -0.0000   -0.0000   -0.0000   -0.0000    0.0000   -0.0000    0.0000    0.0000   -0.0000
   27 H6     2s         0.0000   -0.0000   -0.0000   -0.0000   -0.0000    0.0000   -0.0000    0.0000   -0.0000   -0.0000
   28 H6     2px       -0.0332    0.3260   -0.0191   -0.2330    0.0204   -0.4002    0.0425    0.1242   -0.0139    0.4436
   29 H6     2py        0.3187    0.0191    0.3260   -0.0204   -0.2330   -0.0425   -0.4002    0.0139    0.1242    0.0384
   30 H6     2pz        0.0000   -0.0000   -0.0000    0.0000   -0.0000    0.0000   -0.0000   -0.0000    0.0000   -0.0000
   31 H7     1s        -0.0000    0.0000    0.0000    0.0000    0.0000   -0.0000    0.0000   -0.0000   -0.0000    0.0000
   32 H7     2s        -0.0000    0.0000    0.0000    0.0000    0.0000   -0.0000    0.0000   -0.0000   -0.0000    0.0000
   33 H7     2px        0.0241    0.2306   -0.0135    0.4302   -0.0376    0.1256   -0.0133   -0.3346    0.0375   -0.4079
   34 H7     2py       -0.2312    0.0135    0.2306    0.0376    0.4302    0.0133    0.1256   -0.0375   -0.3346   -0.0353
   35 H7     2pz       -0.0000   -0.0000    0.0000   -0.0000   -0.0000   -0.0000    0.0000   -0.0000   -0.0000    0.0000
   36 H8     1s         0.0000   -0.0000   -0.0000    0.0000   -0.0000    0.0000   -0.0000    0.0000    0.0000   -0.0000
   37 H8     2s         0.0000   -0.0000   -0.0000   -0.0000   -0.0000    0.0000   -0.0000    0.0000    0.0000   -0.0000
   38 H8     2px        0.0397   -0.3927    0.0230   -0.1286    0.0112    0.2335   -0.0248    0.4388   -0.0492    0.3395
   39 H8     2py       -0.3813   -0.0230   -0.3927   -0.0112   -0.1286    0.0248    0.2335    0.0492    0.4388    0.0294
   40 H8     2pz       -0.0000    0.0000    0.0000   -0.0000    0.0000   -0.0000    0.0000    0.0000    0.0000    0.0000
   41 H9     1s        -0.0000   -0.0000    0.0000    0.0000    0.0000   -0.0000    0.0000   -0.0000   -0.0000    0.0000
   42 H9     2s        -0.0000    0.0000    0.0000    0.0000    0.0000   -0.0000    0.0000   -0.0000   -0.0000    0.0000
   43 H9     2px       -0.0131   -0.1146    0.0067   -0.3242    0.0284   -0.4344    0.0461   -0.4053    0.0455   -0.2438
   44 H9     2py        0.1261   -0.0067   -0.1146   -0.0284   -0.3242   -0.0461   -0.4344   -0.0455   -0.4053   -0.0211
   45 H9     2pz        0.0000   -0.0000   -0.0000   -0.0000   -0.0000    0.0000   -0.0000    0.0000    0.0000   -0.0000
   46 H10    1s        -0.0000    0.0000   -0.0000   -0.0000    0.0000   -0.0000   -0.0000    0.0000   -0.0000    0.0000
   47 H10    2s         0.0000   -0.0000    0.0000    0.0000   -0.0000    0.0000   -0.0000    0.0000    0.0000   -0.0000
   48 H10    2px       -0.0430    0.4241   -0.0248    0.3992   -0.0349    0.3375   -0.0359    0.2447   -0.0275    0.1289
   49 H10    2py        0.4137    0.0248    0.4241    0.0349    0.3992    0.0359    0.3375    0.0275    0.2447    0.0112
   50 H10    2pz       -0.0000    0.0000    0.0000    0.0000    0.0000   -0.0000    0.0000   -0.0000   -0.0000    0.0000
 
 
      Orbital               41        42        43        44        45        46        47        48        49        50
      Energy            1.0656    1.0760    1.0813    1.0937    1.1180    1.1731    1.2389    1.3064    1.3654    1.4058
      Occ. No.          0.0000    0.0000    0.0000    0.0000    0.0000    0.0000    0.0000    0.0000    0.0000    0.0000
 
    1 H1     1s         0.0000    0.1042   -0.0862   -0.1140    0.1313   -0.1174    0.1053   -0.0903   -0.0678    0.0367
    2 H1     2s         0.0000    0.1978   -0.1850   -0.2164    0.2738   -0.2335    0.1864   -0.1379   -0.0904    0.0447
    3 H1     2px        0.0112   -0.0000   -0.0000   -0.0000    0.0000    0.0000   -0.0000    0.0000    0.0000    0.0000
    4 H1     2py       -0.1289    0.0000   -0.0000   -0.0000   -0.0000   -0.0000   -0.0000    0.0000   -0.0000   -0.0000
    5 H1     2pz        0.0000    0.1738   -0.2489   -0.2054    0.4087   -0.4341    0.4169   -0.3573   -0.2612    0.1379
    6 H2     1s        -0.0000   -0.2975    0.1980    0.3208   -0.2819    0.1908   -0.1065    0.0375   -0.0050    0.0141
    7 H2     2s        -0.0000   -0.5968    0.3958    0.6289   -0.5259    0.3182   -0.1616    0.0649    0.0160   -0.0001
    8 H2     2px       -0.0211    0.0000    0.0000    0.0000    0.0000   -0.0000    0.0000   -0.0000    0.0000    0.0000
    9 H2     2py        0.2437   -0.0000    0.0000    0.0000   -0.0000    0.0000   -0.0000   -0.0000    0.0000    0.0000
   10 H2     2pz       -0.0000   -0.2651    0.1396    0.2566   -0.0826   -0.1733    0.3977   -0.5127   -0.4729    0.2826
   11 H3     1s         0.0000    0.4597   -0.1141   -0.4923    0.1482    0.0117   -0.0709    0.0471   -0.0019    0.0214
   12 H3     2s         0.0000    0.9256   -0.2255   -0.9673    0.2778    0.0021   -0.0714    0.0327   -0.0116    0.0213
   13 H3     2px        0.0294   -0.0000   -0.0000   -0.0000   -0.0000   -0.0000   -0.0000    0.0000   -0.0000    0.0000
   14 H3     2py       -0.3395    0.0000   -0.0000   -0.0000    0.0000    0.0000   -0.0000    0.0000   -0.0000    0.0000
   15 H3     2pz        0.0000    0.1415    0.2478   -0.0970   -0.4397    0.4419   -0.1404   -0.2727   -0.5078    0.3922
   16 H4     1s        -0.0000   -0.4341   -0.1859    0.5392    0.0966   -0.0792   -0.0262    0.0796    0.0368    0.0095
   17 H4     2s        -0.0000   -0.8739   -0.3744    1.0644    0.1670   -0.1106   -0.0371    0.0836    0.0348    0.0039
   18 H4     2px       -0.0353   -0.0000    0.0000    0.0000   -0.0000    0.0000    0.0000   -0.0000    0.0000   -0.0000
   19 H4     2py        0.4079   -0.0000    0.0000    0.0000   -0.0000    0.0000    0.0000   -0.0000    0.0000   -0.0000
   20 H4     2pz        0.0000    0.1459   -0.4667   -0.0704    0.2645    0.2539   -0.4778    0.1336   -0.3948    0.4769
   21 H5     1s         0.0000    0.1783    0.4663   -0.5142   -0.0952   -0.1028    0.0856    0.0269    0.0485    0.0044
   22 H5     2s         0.0000    0.3606    0.9306   -1.0193   -0.1686   -0.1623    0.1053    0.0243    0.0386    0.0055
   23 H5     2px        0.0384   -0.0000   -0.0000   -0.0000    0.0000   -0.0000   -0.0000    0.0000    0.0000   -0.0000
   24 H5     2py       -0.4436    0.0000    0.0000   -0.0000    0.0000   -0.0000   -0.0000    0.0000    0.0000   -0.0000
   25 H5     2pz       -0.0000   -0.3900    0.2342    0.0611    0.3173   -0.3546   -0.2689    0.4587   -0.1454    0.5189
   26 H6     1s         0.0000    0.1784   -0.4663    0.5143   -0.0951    0.1028    0.0856   -0.0269    0.0485   -0.0044
   27 H6     2s         0.0000    0.3608   -0.9305    1.0194   -0.1684    0.1623    0.1053   -0.0243    0.0387   -0.0055
   28 H6     2px       -0.0384    0.0000   -0.0000   -0.0000    0.0000   -0.0000    0.0000    0.0000    0.0000   -0.0000
   29 H6     2py        0.4436    0.0000   -0.0000   -0.0000    0.0000   -0.0000    0.0000    0.0000    0.0000   -0.0000
   30 H6     2pz        0.0000    0.3899    0.2343    0.0612   -0.3173   -0.3546    0.2689    0.4587    0.1454    0.5189
   31 H7     1s        -0.0000   -0.4341    0.1857   -0.5393    0.0965    0.0791   -0.0262   -0.0796    0.0368   -0.0095
   32 H7     2s        -0.0000   -0.8738    0.3740   -1.0646    0.1669    0.1106   -0.0371   -0.0836    0.0348   -0.0039
   33 H7     2px        0.0353   -0.0000    0.0000    0.0000   -0.0000    0.0000   -0.0000   -0.0000   -0.0000   -0.0000
   34 H7     2py       -0.4079    0.0000    0.0000    0.0000    0.0000    0.0000    0.0000   -0.0000   -0.0000   -0.0000
   35 H7     2pz       -0.0000   -0.1457   -0.4668   -0.0704   -0.2645    0.2539    0.4778    0.1336    0.3948    0.4769
   36 H8     1s         0.0000    0.4595    0.1143    0.4924    0.1483   -0.0118   -0.0709   -0.0471   -0.0019   -0.0214
   37 H8     2s         0.0000    0.9253    0.2259    0.9675    0.2779   -0.0021   -0.0714   -0.0327   -0.0116   -0.0212
   38 H8     2px       -0.0294    0.0000   -0.0000   -0.0000    0.0000   -0.0000   -0.0000    0.0000   -0.0000    0.0000
   39 H8     2py        0.3395   -0.0000   -0.0000   -0.0000   -0.0000   -0.0000    0.0000    0.0000   -0.0000   -0.0000
   40 H8     2pz       -0.0000   -0.1416    0.2478   -0.0971    0.4397    0.4418    0.1403   -0.2727    0.5078    0.3923
   41 H9     1s        -0.0000   -0.2973   -0.1982   -0.3209   -0.2819   -0.1908   -0.1065   -0.0375   -0.0050   -0.0141
   42 H9     2s        -0.0000   -0.5965   -0.3961   -0.6290   -0.5260   -0.3181   -0.1615   -0.0649    0.0160    0.0001
   43 H9     2px        0.0211   -0.0000    0.0000    0.0000    0.0000    0.0000    0.0000    0.0000   -0.0000   -0.0000
   44 H9     2py       -0.2438    0.0000    0.0000    0.0000    0.0000    0.0000    0.0000    0.0000   -0.0000   -0.0000
   45 H9     2pz        0.0000    0.2650    0.1396    0.2567    0.0825   -0.1733   -0.3977   -0.5127    0.4730    0.2827
   46 H10    1s         0.0000    0.1041    0.0862    0.1140    0.1313    0.1174    0.1053    0.0903   -0.0678   -0.0367
   47 H10    2s         0.0000    0.1977    0.1851    0.2165    0.2739    0.2335    0.1864    0.1379   -0.0904   -0.0447
   48 H10    2px       -0.0112    0.0000   -0.0000   -0.0000   -0.0000   -0.0000   -0.0000   -0.0000    0.0000    0.0000
   49 H10    2py        0.1289   -0.0000   -0.0000   -0.0000   -0.0000   -0.0000   -0.0000   -0.0000    0.0000    0.0000
   50 H10    2pz       -0.0000   -0.1737   -0.2490   -0.2054   -0.4088   -0.4340   -0.4169   -0.3573    0.2612    0.1379
--
 
      Von Neumann Entropy (Root  1) =  4.67997
 

      Mulliken population analysis for root number:  1
      -----------------------------------------------
 
 
++    Molecular charges:
      ------------------
 
      Mulliken charges per centre and basis function type
      ---------------------------------------------------
 
                H1      H2      H3      H4      H5      H6      H7      H8      H9      H10   
      1s       0.9913  1.0015  1.0021  1.0016  1.0018  1.0018  1.0016  1.0020  1.0016  0.9913
      2s       0.0063  0.0003 -0.0026 -0.0020 -0.0022 -0.0022 -0.0020 -0.0026  0.0003  0.0063
      2px      0.0000  0.0000  0.0000  0.0000  0.0000  0.0000  0.0000  0.0000  0.0000  0.0000
      2pz      0.0001  0.0005  0.0004  0.0004  0.0004  0.0004  0.0004  0.0004  0.0005  0.0001
      2py      0.0000  0.0000  0.0000  0.0000  0.0000  0.0000  0.0000  0.0000  0.0000  0.0000
      Total    0.9977  1.0024  0.9999  1.0000  1.0000  1.0000  1.0000  0.9999  1.0025  0.9976
 
      N-E      0.0023 -0.0024  0.0001 -0.0000  0.0000  0.0000 -0.0000  0.0001 -0.0025  0.0024
 
      Total electronic charge=   10.000000
 
      Total            charge=   -0.000000
--
 
 

      Expectation values of various properties for root number:  1
      -----------------------------------------------------------
 
 
++    Molecular properties:
      ---------------------
 
      Charge (e):
                      =   -0.0000
      Dipole Moment (Debye):
      Origin of the operator (Ang)=    0.0000    0.0000    0.0000
                   X= -1.9796E-07               Y=  9.4108E-08               Z=  1.0248E-04           Total=  1.0248E-04
      Quadrupole Moment (Debye*Ang):
      Origin of the operator (Ang)=    0.0000    0.0000   11.2091
                  XX= -1.5235E+01              XY= -1.6883E-12              XZ=  2.3156E-06              YY= -1.5235E+01
                  YZ=  1.7478E-06              ZZ= -1.4445E+01
      In traceless form (Debye*Ang)
                  XX= -3.9496E-01              XY= -2.5324E-12              XZ=  3.4735E-06              YY= -3.9496E-01
                  YZ=  2.6217E-06              ZZ=  7.8992E-01
--
 

      LoProp population analysis for root number:  1
      -----------------------------------------------
 
 
++    LoProp analysis:
      ----------------
 
 
 
  Input file to MOLDEN was generated!
 
 
++    Static properties:
      ------------------
 
 
      LoProp Charges per center
 

                   H1       H2       H3       H4       H5       H6       H7       H8       H9       H10   
      Nuclear      1.0000   1.0000   1.0000   1.0000   1.0000   1.0000   1.0000   1.0000   1.0000   1.0000
      Electronic  -1.0001  -0.9999  -0.9999  -1.0000  -1.0000  -1.0000  -1.0000  -0.9999  -1.0000  -1.0001
 
      Total       -0.0001   0.0001   0.0001  -0.0000   0.0000   0.0000  -0.0000   0.0001   0.0000  -0.0001
--
 
 
      Natural Bond Order analysis for root number:  1
 
++    Natural Bond Order analysis
      ---------------------------
      Based on LoProp computed density
      -------------------------------------------------------------------------------------
      Atom A       Atom B       Bond Order
      -------------------------------------------------------------------------------------
      The remaining   10.000 electrons are to be considered as diffuse
--
 
--
 
 
  Input file to MOLDEN was generated!
 
      Average orbitals are written to the RASORB file
      Natural orbitals for root   1 are written to the RASORB.1 file
      Spin density orbitals for root   1 are written to the SPDORB.1 file
 
 ###############################################################################
 ###############################################################################
 ###                                                                         ###
 ###                                                                         ###
 ###    RunFile label BirthCertificate                                       ###
 ###    was used       54 times                                              ###
 ###                                                                         ###
 ###                                                                         ###
 ###############################################################################
 ###############################################################################
forrtl: warning (525): IEEE_DIVIDE_BY_ZERO is signaling
forrtl: warning (526): IEEE_INVALID is signaling
forrtl: warning (528): IEEE_UNDERFLOW is signaling
--- Stop Module: rasscf at Sun Oct 26 17:32:58 2025 /rc=_RC_ALL_IS_WELL_ ---
*** files: H10_2.49.LprOrb H10_2.49.rasscf.molden H10_2.49.LoProp.molden H10_2.49.RasOrb.1 H10_2.49.RasOrb H10_2.49.rasscf.h5 H10_2.49.SpdOrb.1 xmldump
    saved to directory /home/grierjones/DDCASPT2/hydrogen_comps/rerun/H10_chain/H10_2.49
--- Module rasscf spent 53 seconds ---

>>> COPY /tmp/H10_2.49/H10_2.49.rasscf.h5 /home/grierjones/DDCASPT2/hydrogen_comps/rerun/H10_chain/H10_2.49/

>>> COPY /tmp/H10_2.49/GMJ_Fock_MO.csv /home/grierjones/DDCASPT2/hydrogen_comps/rerun/H10_chain/H10_2.49/H10_2.49.GMJ_Fock_MO.csv

*** symbolic link created: INPORB -> H10_2.49.RasOrb
--- Start Module: motra at Sun Oct 26 17:32:58 2025 ---
 
()()()()()()()()()()()()()()()()()()()()()()()()()()()()()()()()()()()()()()()()()()()()()()()()()()

                                               &MOTRA

                                   only a single process is used
                       available to each process: 2.0 GB of memory, 1 thread?
()()()()()()()()()()()()()()()()()()()()()()()()()()()()()()()()()()()()()()()()()()()()()()()()()()
 
 
      *** WARNING: Default frozen orbitals is overwritten by user input.
      *** Default values:   0
 
      Header of the integral files:
      
       Integrals generated by seward 4.2.0  , Sun Oct 26 17:32:04 2025
 
 
      Header of MO coefficients source file:
      * RASSCF average (pseudo-natural) orbitals                                      
 
 
      Cartesian coordinates in Angstrom:
      -----------------------------------------------------
      No.  Label        X            Y            Z        
      -----------------------------------------------------
       1   H1         0.00000000   0.00000000   0.00000000
       2   H2         0.00000000   0.00000000   2.49090900
       3   H3         0.00000000   0.00000000   4.98181800
       4   H4         0.00000000   0.00000000   7.47272700
       5   H5         0.00000000   0.00000000   9.96363600
       6   H6         0.00000000   0.00000000  12.45454500
       7   H7         0.00000000   0.00000000  14.94545500
       8   H8         0.00000000   0.00000000  17.43636400
       9   H9         0.00000000   0.00000000  19.92727300
      10   H10        0.00000000   0.00000000  22.41818200
      -----------------------------------------------------
      Nuclear repulsion energy =    4.09796579
 
      Orbital specifications:
      -----------------------
 
      Symmetry species:              1
      Number of basis functions:    50
      Frozen orbitals:               0
      Deleted orbitals:              0
      Number of orbitals used:      50

       SYMMETRY  BASIS FUNCTIONS       ORBITALS      INTEGRALS   CPU(SEC)  I/O(SEC)
        1 1 1 1   50  50  50  50    50  50  50  50      813450       0.00      0.00

       TOTAL CPU TIME(SEC)    0.49TOTAL I/O TIME(SEC)    1.19
 
--- Stop Module: motra at Sun Oct 26 17:33:00 2025 /rc=_RC_ALL_IS_WELL_ ---
*** files: xmldump
    saved to directory /home/grierjones/DDCASPT2/hydrogen_comps/rerun/H10_chain/H10_2.49
--- Module motra spent 1 second ---

>>> COPY /tmp/H10_2.49/GMJ_one_int_indx.csv /home/grierjones/DDCASPT2/hydrogen_comps/rerun/H10_chain/H10_2.49/H10_2.49.GMJ_one_int_indx.csv

>>> COPY /tmp/H10_2.49/GMJ_one_int.csv /home/grierjones/DDCASPT2/hydrogen_comps/rerun/H10_chain/H10_2.49/H10_2.49.GMJ_one_int.csv

>>> COPY /tmp/H10_2.49/GMJ_two_int_indx.csv /home/grierjones/DDCASPT2/hydrogen_comps/rerun/H10_chain/H10_2.49/H10_2.49.GMJ_two_int_indx.csv

>>> COPY /tmp/H10_2.49/GMJ_two_int.csv /home/grierjones/DDCASPT2/hydrogen_comps/rerun/H10_chain/H10_2.49/H10_2.49.GMJ_two_int.csv

*** symbolic link created: INPORB -> H10_2.49.RasOrb
--- Start Module: caspt2 at Sun Oct 26 17:33:00 2025 ---
 
()()()()()()()()()()()()()()()()()()()()()()()()()()()()()()()()()()()()()()()()()()()()()()()()()()

                                              &CASPT2

                                   only a single process is used
                       available to each process: 2.0 GB of memory, 1 thread?
()()()()()()()()()()()()()()()()()()()()()()()()()()()()()()()()()()()()()()()()()()()()()()()()()()
 
 Cholesky algorithm in CASPT2 =    1
 
 ###############################################################################
 ###############################################################################
 ###                                                                         ###
 ###                                                                         ###
 ###    User changed nr of frozen orbitals.                                  ###
 ###                                                                         ###
 ###                                                                         ###
 ###############################################################################
 ###############################################################################
 
++    Wave function specifications:
      -----------------------------
 
      Number of closed shell electrons           0
      Number of electrons in active shells      10
      Max number of holes in RAS1 space          0
      Max number of electrons in RAS3 space      0
      Number of inactive orbitals                0
      Number of active orbitals                 10
      Number of secondary orbitals              40
      Spin quantum number                      0.0
      State symmetry                             1
      Number of CSFs                         19404
      Number of root(s) available                1
      Root passed to geometry opt.               1
      A file JOBMIX will be created.
      This is a CASSCF or RASSCF reference function
--
 
++    Orbital specifications:
      -----------------------
 
      Symmetry species                           1
                                                 a
      Frozen orbitals                            0
      Inactive orbitals                          0
      Active orbitals                           10
      Secondary orbitals                        40
      Deleted orbitals                           0
      Number of basis functions                 50
--
 
      Type of Fock operator: STANDARD
      Type of 0-order Hamiltonian: STANDARD WITH DEFAULT IPEA
        "IP-EA" denominator shift =      0.25
      The input orbitals and the CI vector will be transformed.
 
--------------------------------------------------------------------------------
 Estimated memory requirements:
  POLY3 :                  3551880
  RHS:                      835500
  SIGMA :                   430400
  PRPCTL:                        0
 Available workspace:    230354915
 
++ CASPT2 computation for group   1
 
********************************************************************************
 Multi-State initialization phase begins for group   1
--------------------------------------------------------------------------------
********************************************************************************
 Compute H0 matrices for state    1
--------------------------------------------------------------------------------
--------------------------------------------------------------------------------
 H0 matrices have been computed.
 
********************************************************************************
  CASPT2 EQUATION SOLUTION
--------------------------------------------------------------------------------
 
  Total nr of CASPT2 parameters:
   Before reduction:      120200
   After  reduction:      119480
 
 The contributions to the second order correlation energy in atomic units.
-----------------------------------------------------------------------------------------------------------------------------
  IT.      VJTU        VJTI        ATVX        AIVX        VJAI        BVAT        BJAT        BJAI        TOTAL       RNORM  
-----------------------------------------------------------------------------------------------------------------------------
   1     0.000000    0.000000   -0.001280    0.000000    0.000000   -0.003161    0.000000    0.000000   -0.004442    0.000885
   2     0.000000    0.000000   -0.001293    0.000000    0.000000   -0.003165    0.000000    0.000000   -0.004458    0.000170
   3     0.000000    0.000000   -0.001295    0.000000    0.000000   -0.003166    0.000000    0.000000   -0.004461    0.000048
   4     0.000000    0.000000   -0.001294    0.000000    0.000000   -0.003166    0.000000    0.000000   -0.004460    0.000009
   5     0.000000    0.000000   -0.001294    0.000000    0.000000   -0.003166    0.000000    0.000000   -0.004460    0.000002
-------------------------------------------------------------------------------------------------------------------
 
  FINAL CASPT2 RESULT:
 
  Correlation energy /Case, /Symm, and sums:
 VJTU      0.00000000  0.00000000
 VJTIP     0.00000000  0.00000000
 VJTIM     0.00000000  0.00000000
 ATVX     -0.00129439 -0.00129439
 AIVX      0.00000000  0.00000000
 VJAIP     0.00000000  0.00000000
 VJAIM     0.00000000  0.00000000
 BVATP    -0.00287077 -0.00287077
 BVATM    -0.00029516 -0.00029516
 BJATP     0.00000000  0.00000000
 BJATM     0.00000000  0.00000000
 BJAIP     0.00000000  0.00000000
 BJAIM     0.00000000  0.00000000
 Summed:  -0.00446032 -0.00446032
 
      Reference energy:          -5.0048178524
      E2 (Non-variational):      -0.0044603155
      E2 (Variational):          -0.0044603151
      Total energy:              -5.0092781675
      Residual norm:              0.0000003371
      Reference weight:           0.99708
 
      Contributions to the CASPT2 correlation energy
      Active & Virtual Only:         -0.0044603155
      One Inactive Excited:           0.0000000000
      Two Inactive Excited:           0.0000000000
 
 
++ Denominators, etc.
----------------------------------------------------------------------------------------------------
 Report on small energy denominators, large coefficients, and large energy contributions.
CASE  SYMM ACTIVE-MIX  NON-ACTIVE INDICES          DENOMINATOR     RHS VALUE       COEFFICIENT     CONTRIBUTION
--
 
   (Skipping property calculation,
    use PROP keyword to activate)
--
 
  Total CASPT2 energies:
::    CASPT2 Root  1     Total energy:     -5.00927817
 
  A NEW JOBIPH FILE NAMED 'JOBMIX' IS PREPARED.
********************************************************************************
forrtl: warning (528): IEEE_UNDERFLOW is signaling
--- Stop Module: caspt2 at Sun Oct 26 17:33:06 2025 /rc=_RC_ALL_IS_WELL_ ---
*** files: xmldump
    saved to directory /home/grierjones/DDCASPT2/hydrogen_comps/rerun/H10_chain/H10_2.49
--- Module caspt2 spent 6 seconds ---

>>> EXPORT i = B

>>> EXPORT j = P

>>> IF (-FILE GMJ_e2_${i}_${j}_1_.csv)
(Skipped)

>>> END FOREACH

>>> EXPORT j = M

>>> IF (-FILE GMJ_e2_${i}_${j}_1_.csv)
(Skipped)

>>> END FOREACH

>>> END FOREACH

>>> EXPORT i = E

>>> EXPORT j = P

>>> IF (-FILE GMJ_e2_${i}_${j}_1_.csv)
(Skipped)

>>> END FOREACH

>>> EXPORT j = M

>>> IF (-FILE GMJ_e2_${i}_${j}_1_.csv)
(Skipped)

>>> END FOREACH

>>> END FOREACH

>>> EXPORT i = F

>>> EXPORT j = P

>>> IF (-FILE GMJ_e2_${i}_${j}_1_.csv)

>>> COPY /tmp/H10_2.49/GMJ_RHS_F_P_1_.csv /home/grierjones/DDCASPT2/hydrogen_comps/rerun/H10_chain/H10_2.49/GMJ_RHS_F_P_1_.csv

>>> COPY /tmp/H10_2.49/GMJ_IVECW_F_P_1_.csv /home/grierjones/DDCASPT2/hydrogen_comps/rerun/H10_chain/H10_2.49/GMJ_IVECW_F_P_1_.csv

>>> COPY /tmp/H10_2.49/GMJ_IVECX_F_P_1_.csv /home/grierjones/DDCASPT2/hydrogen_comps/rerun/H10_chain/H10_2.49/GMJ_IVECX_F_P_1_.csv

>>> COPY /tmp/H10_2.49/GMJ_IVECC2_F_P_1_.csv /home/grierjones/DDCASPT2/hydrogen_comps/rerun/H10_chain/H10_2.49/GMJ_IVECC2_F_P_1_.csv

>>> COPY /tmp/H10_2.49/GMJ_e2_F_P_1_.csv /home/grierjones/DDCASPT2/hydrogen_comps/rerun/H10_chain/H10_2.49/GMJ_e2_F_P_1_.csv

>>> END FOREACH

>>> EXPORT j = M

>>> IF (-FILE GMJ_e2_${i}_${j}_1_.csv)

>>> COPY /tmp/H10_2.49/GMJ_RHS_F_M_1_.csv /home/grierjones/DDCASPT2/hydrogen_comps/rerun/H10_chain/H10_2.49/GMJ_RHS_F_M_1_.csv

>>> COPY /tmp/H10_2.49/GMJ_IVECW_F_M_1_.csv /home/grierjones/DDCASPT2/hydrogen_comps/rerun/H10_chain/H10_2.49/GMJ_IVECW_F_M_1_.csv

>>> COPY /tmp/H10_2.49/GMJ_IVECX_F_M_1_.csv /home/grierjones/DDCASPT2/hydrogen_comps/rerun/H10_chain/H10_2.49/GMJ_IVECX_F_M_1_.csv

>>> COPY /tmp/H10_2.49/GMJ_IVECC2_F_M_1_.csv /home/grierjones/DDCASPT2/hydrogen_comps/rerun/H10_chain/H10_2.49/GMJ_IVECC2_F_M_1_.csv

>>> COPY /tmp/H10_2.49/GMJ_e2_F_M_1_.csv /home/grierjones/DDCASPT2/hydrogen_comps/rerun/H10_chain/H10_2.49/GMJ_e2_F_M_1_.csv

>>> END FOREACH

>>> END FOREACH

>>> EXPORT i = G

>>> EXPORT j = P

>>> IF (-FILE GMJ_e2_${i}_${j}_1_.csv)
(Skipped)

>>> END FOREACH

>>> EXPORT j = M

>>> IF (-FILE GMJ_e2_${i}_${j}_1_.csv)
(Skipped)

>>> END FOREACH

>>> END FOREACH

>>> EXPORT i = H

>>> EXPORT j = P

>>> IF (-FILE GMJ_e2_${i}_${j}_1_.csv)
(Skipped)

>>> END FOREACH

>>> EXPORT j = M

>>> IF (-FILE GMJ_e2_${i}_${j}_1_.csv)
(Skipped)

>>> END FOREACH

>>> END FOREACH

>>> EXPORT i = A

>>> IF (-FILE GMJ_e2_${i}_1_.csv)
(Skipped)

>>> END FOREACH

>>> EXPORT i = C

>>> IF (-FILE GMJ_e2_${i}_1_.csv)

>>> COPY /tmp/H10_2.49/GMJ_RHS_C_1_.csv /home/grierjones/DDCASPT2/hydrogen_comps/rerun/H10_chain/H10_2.49/GMJ_RHS_C_1_.csv

>>> COPY /tmp/H10_2.49/GMJ_IVECW_C_1_.csv /home/grierjones/DDCASPT2/hydrogen_comps/rerun/H10_chain/H10_2.49/GMJ_IVECW_C_1_.csv

>>> COPY /tmp/H10_2.49/GMJ_IVECX_C_1_.csv /home/grierjones/DDCASPT2/hydrogen_comps/rerun/H10_chain/H10_2.49/GMJ_IVECX_C_1_.csv

>>> COPY /tmp/H10_2.49/GMJ_IVECC2_C_1_.csv /home/grierjones/DDCASPT2/hydrogen_comps/rerun/H10_chain/H10_2.49/GMJ_IVECC2_C_1_.csv

>>> COPY /tmp/H10_2.49/GMJ_e2_C_1_.csv /home/grierjones/DDCASPT2/hydrogen_comps/rerun/H10_chain/H10_2.49/GMJ_e2_C_1_.csv

>>> END FOREACH

>>> EXPORT i = D

>>> IF (-FILE GMJ_e2_${i}_1_.csv)
(Skipped)

>>> END FOREACH

.########################.
.# Non-zero return code #.
.########################.

    Timing: Wall=62.00 User=60.21 System=1.76
****************************************
*** WorkDir at /tmp/H10_2.49 cleaned ***
****************************************
