   This run of MOLCAS is using the pymolcas driver

                             OPE
                             OPE          NMOL  CASOP  ENMOLC A   SO
                 OPE        NMOLC        AS  OP EN  MO LC     AS  OP
                OPENM       OL CA        SO  PE NM  OL CA     SOP EN
                OP EN      MO   LC       AS  OP ENMOL  CASO   PENMOL
                OP  EN     MO   LC       AS  OP EN     MO     LC ASO
               OP   E  NMOL  C  AS       OP  EN MO     LC     AS  OP
               OP  E   NMO   LC AS        OPEN  MO     LCASOP EN   M
               O  PEN   MO  LCA  SO
            OPE   NMO   L   CAS    OP
        OPENMOL  CASOP     ENMOL   CASOPE
     OPENMOLCA   SOPENMOLCASOPEN   MOLCASOPE
    OPENMOLCAS   OP           EN   MOL    CAS
    OPENMOLCAS       OP  ENM        O     LCA
    OPENMOLCAS    OPEN  MOLCASO     P  E  NMO
    OPENMOLCAS     OP               E  N  MOL
    OPENMOLCA   SO           PENM   O  L  CAS    OPEN    MO    LCAS
    OPENMOLCA   SOP           ENM   O  L  CAS   OP  EN  MOLC  AS   O
    OPENMOLCA   SOPE           NM      O  LCA   S      OP  EN MO
    OPENMOLC                AS         O  PEN   M      OL  CA  SOPE
    OPENMO        LCASOPE  NMOL        C  ASO   P      ENMOLC     AS
    OPE     NMO      LCA  SO     P     E   NM   OL  CA SO  PE N   MO
          OPENMOLCA            SOPE   NMO        LCAS  O    P  ENMO
     OPENMOLCASOPENMOLCASOPENMOLCASOPENMOLCA
        OPENMOLCASOPENMOLCASOPENMOLCASOPE
            OPENMOLCASOPENMOLCASOPENM
               OPENMOLCASOPENMOLCA        version: f37762c57
                   OPENMOLCASO
                       OPE                tag:

 OpenMolcas is free software; you can redistribute it and/or modify it
 under the terms of the GNU Lesser General Public License version 2.1.
 OpenMolcas is distributed in the hope that it will be useful, but it
 is provided "as is" and without any express or implied warranties.
 For more details see the full text of the license in the file
 LICENSE or in <http://www.gnu.org/licenses/>.

                 Copyright (C) The OpenMolcas Authors
           For the author list and the recommended citation,
                   consult the file CONTRIBUTORS.md

           *************************************************
           * pymolcas version py2.28                       *
           *   build c4a6d18ded8cb6cad61d2372a9abd97c      *
           *   (after the EMIL interpreter by V. Veryazov) *
           *************************************************

configuration info
------------------
C Compiler ID: Intel
C flags: -std=gnu99 -gcc-sys
Fortran Compiler ID: IntelLLVM
Fortran flags: -standard-semantics -fltconsistency -fpp -i8 -heap-arrays
Definitions: _MOLCAS_;_I8_;_LINUX_
Parallel: OFF (GA=OFF)


   ----------------------------------------------------------------------------------------
  |
  |              Project: H10_2.68
  |       Submitted from: ${LOCALHOME}/DDCASPT2/hydrogen_comps/rerun/H10_chain/H10_2.68
  |         Scratch area: /tmp/H10_2.68
  |      Save outputs to: ${LOCALHOME}/DDCASPT2/hydrogen_comps/rerun/H10_chain/H10_2.68
  |               Molcas: ${LOCALHOME}/Test/build
  |
  | Scratch area is empty
  |
  |       MOLCAS_DRIVER = /usr/local/pymolcas
  | MOLCAS_KEEP_WORKDIR = NO
  |  MOLCAS_NEW_WORKDIR = YES
  |       MOLCAS_NPROCS = 1
  |        MOLCAS_PRINT = NORMAL
  |       MOLCAS_SOURCE = ${LOCALHOME}/Test
  |    MOLCAS_STRUCTURE = 0
  |
   ----------------------------------------------------------------------------------------

++ ---------   Input file   ---------

&GATEWAY
coord=H10_2.68.xyz
Basis = ANO-RCC-VDZP
Group = nosymm
End of Input

&SEWARD
End of Input

&SCF

>>> COPY $WorkDir/H10_2.68.scf.h5 $CurrDir/

&RASSCF
Title= RASSCF
FileOrb
${LOCALHOME}/DDCASPT2/hydrogen_comps/rerun/H10_chain/H10_0.60/H10_0.60.RasOrb
NACTEL
10 0 0
Inactive
0
RAS2
10
Symmetry
1
Spin
1
orblisting
all

>>> COPY $WorkDir/H10_2.68.rasscf.h5 $CurrDir/

>>> COPY $WorkDir/DDCASPT2_Fock_MO.csv $CurrDir/H10_2.68.DDCASPT2_Fock_MO.csv

&MOTRA
Frozen=0
LUMORB

>>> COPY $WorkDir/DDCASPT2_one_int_indx.csv $CurrDir/H10_2.68.DDCASPT2_one_int_indx.csv

>>> COPY $WorkDir/DDCASPT2_one_int.csv $CurrDir/H10_2.68.DDCASPT2_one_int.csv

>>> COPY $WorkDir/DDCASPT2_two_int_indx.csv $CurrDir/H10_2.68.DDCASPT2_two_int_indx.csv

>>> COPY $WorkDir/DDCASPT2_two_int.csv $CurrDir/H10_2.68.DDCASPT2_two_int.csv

&CASPT2
Frozen
0

MAXITER
50

>>> FOREACH i IN (B,E,F,G,H)

  >>> FOREACH j IN (P,M)

    >>> IF (-FILE DDCASPT2_e2_${i}_${j}_1_.csv)

      >>> COPY $WorkDir/DDCASPT2_RHS_${i}_${j}_1_.csv $CurrDir/DDCASPT2_RHS_${i}_${j}_1_.csv

      >>> COPY $WorkDir/DDCASPT2_IVECW_${i}_${j}_1_.csv $CurrDir/DDCASPT2_IVECW_${i}_${j}_1_.csv

      >>> COPY $WorkDir/DDCASPT2_IVECX_${i}_${j}_1_.csv $CurrDir/DDCASPT2_IVECX_${i}_${j}_1_.csv

      >>> COPY $WorkDir/DDCASPT2_IVECC2_${i}_${j}_1_.csv $CurrDir/DDCASPT2_IVECC2_${i}_${j}_1_.csv

      >>> COPY $WorkDir/DDCASPT2_e2_${i}_${j}_1_.csv $CurrDir/DDCASPT2_e2_${i}_${j}_1_.csv

    >>> END IF

  >>> END FOREACH

>>> END FOREACH

>>> FOREACH i IN (A,C,D)

  >>> IF (-FILE DDCASPT2_e2_${i}_1_.csv)

    >>> COPY $WorkDir/DDCASPT2_RHS_${i}_1_.csv $CurrDir/DDCASPT2_RHS_${i}_1_.csv

    >>> COPY $WorkDir/DDCASPT2_IVECW_${i}_1_.csv $CurrDir/DDCASPT2_IVECW_${i}_1_.csv

    >>> COPY $WorkDir/DDCASPT2_IVECX_${i}_1_.csv $CurrDir/DDCASPT2_IVECX_${i}_1_.csv

    >>> COPY $WorkDir/DDCASPT2_IVECC2_${i}_1_.csv $CurrDir/DDCASPT2_IVECC2_${i}_1_.csv

    >>> COPY $WorkDir/DDCASPT2_e2_${i}_1_.csv $CurrDir/DDCASPT2_e2_${i}_1_.csv

  >>> END IF

>>> END FOREACH

-- ----------------------------------

--- Start Module: gateway at Sun Oct 26 18:02:55 2025 ---
 
()()()()()()()()()()()()()()()()()()()()()()()()()()()()()()()()()()()()()()()()()()()()()()()()()()

                                              &GATEWAY

                                   only a single process is used
                       available to each process: 2.0 GB of memory, 1 thread?
()()()()()()()()()()()()()()()()()()()()()()()()()()()()()()()()()()()()()()()()()()()()()()()()()()
 
 
++    Symmetry information:
      ---------------------
 
                    Character Table for C1 
 
                             E  
                    a        1  x, y, xy, Rz, z, xz, Ry, yz, Rx, I
--
 
 
++    Basis set information:
      ----------------------
 
 
      Basis set label: H.ANO-RCC...2S1P.
 
      Electronic valence basis set:
      ------------------
      Associated Effective Charge   1.000000 au
      Associated Actual Charge      1.000000 au
      Nuclear Model: Point charge
 
      Shell  nPrim  nBasis  Cartesian Spherical Contaminant
         s       8       2        X                  
         p       4       1        X                  
--
 
 
++    Molecular structure info:
      -------------------------
 
                    ************************************************ 
                    **** Cartesian Coordinates / Bohr, Angstrom **** 
                    ************************************************ 
 
     Center  Label                x              y              z                     x              y              z
        1      H1               0.000000       0.000000       0.000000              0.000000       0.000000       0.000000
        2      H2               0.000000       0.000000       5.073627              0.000000       0.000000       2.684848
        3      H3               0.000000       0.000000      10.147257              0.000000       0.000000       5.369697
        4      H4               0.000000       0.000000      15.220884              0.000000       0.000000       8.054545
        5      H5               0.000000       0.000000      20.294513              0.000000       0.000000      10.739394
        6      H6               0.000000       0.000000      25.368141              0.000000       0.000000      13.424242
        7      H7               0.000000       0.000000      30.441770              0.000000       0.000000      16.109091
        8      H8               0.000000       0.000000      35.515398              0.000000       0.000000      18.793939
        9      H9               0.000000       0.000000      40.589027              0.000000       0.000000      21.478788
       10      H10              0.000000       0.000000      45.662654              0.000000       0.000000      24.163636
 
                    *************************************** 
                    *    InterNuclear Distances / Bohr    * 
                    *************************************** 
 
               1 H1            2 H2            3 H3            4 H4            5 H5            6 H6    
    1 H1       0.000000
    2 H2       5.073627        0.000000
    3 H3      10.147257        5.073629        0.000000
    4 H4      15.220884       10.147257        5.073627        0.000000
    5 H5      20.294513       15.220886       10.147257        5.073629        0.000000
    6 H6      25.368141       20.294513       15.220884       10.147257        5.073627        0.000000
    7 H7      30.441770       25.368143       20.294513       15.220886       10.147257        5.073629
    8 H8      35.515398       30.441770       25.368141       20.294513       15.220884       10.147257
    9 H9      40.589027       35.515399       30.441770       25.368143       20.294513       15.220886
   10 H10     45.662654       40.589027       35.515398       30.441770       25.368141       20.294513
 
               7 H7            8 H8            9 H9           10 H10   
    7 H7       0.000000
    8 H8       5.073627        0.000000
    9 H9      10.147257        5.073629        0.000000
   10 H10     15.220884       10.147257        5.073627        0.000000
 
                    ******************************************* 
                    *    InterNuclear Distances / Angstrom    * 
                    ******************************************* 
 
               1 H1            2 H2            3 H3            4 H4            5 H5            6 H6    
    1 H1       0.000000
    2 H2       2.684848        0.000000
    3 H3       5.369697        2.684849        0.000000
    4 H4       8.054545        5.369697        2.684848        0.000000
    5 H5      10.739394        8.054546        5.369697        2.684849        0.000000
    6 H6      13.424242       10.739394        8.054545        5.369697        2.684848        0.000000
    7 H7      16.109091       13.424243       10.739394        8.054546        5.369697        2.684849
    8 H8      18.793939       16.109091       13.424242       10.739394        8.054545        5.369697
    9 H9      21.478788       18.793940       16.109091       13.424243       10.739394        8.054546
   10 H10     24.163636       21.478788       18.793939       16.109091       13.424242       10.739394
 
               7 H7            8 H8            9 H9           10 H10   
    7 H7       0.000000
    8 H8       2.684848        0.000000
    9 H9       5.369697        2.684849        0.000000
   10 H10      8.054545        5.369697        2.684848        0.000000
--
 
 
            Nuclear Potential Energy              3.80195028 au
 
--- Stop Module: gateway at Sun Oct 26 18:02:55 2025 /rc=_RC_ALL_IS_WELL_ ---
*** files: xmldump
    saved to directory ${LOCALHOME}/DDCASPT2/hydrogen_comps/rerun/H10_chain/H10_2.68

--- Start Module: seward at Sun Oct 26 18:02:55 2025 ---
 
()()()()()()()()()()()()()()()()()()()()()()()()()()()()()()()()()()()()()()()()()()()()()()()()()()

                                              &SEWARD

                                   only a single process is used
                       available to each process: 2.0 GB of memory, 1 thread?
()()()()()()()()()()()()()()()()()()()()()()()()()()()()()()()()()()()()()()()()()()()()()()()()()()
 
               SEWARD will generate:
                  Multipole Moment integrals up to order  2
                  Kinetic Energy integrals
                  Nuclear Attraction integrals (point charge)
                  One-Electron Hamiltonian integrals
                  Velocity integrals
                  Relativistic Douglas-Kroll-Hess integrals:
                    - Parametrization         : EXP
                    - DKH order of Hamiltonian: 2
                    - DKH order of Properties : 0
                         - multipole moment operators
                         - electric potential operators
                         - contact operators
                  Atomic mean-field integrals
                  Two-Electron Repulsion integrals
 
                   Integrals are discarded if absolute value <: 0.10E-13
                   Integral cutoff threshold is set to       <: 0.10E-15
 
            Nuclear Potential Energy              3.80195028 au
 
 
      Basis set specifications :
      Symmetry species         a  
      Basis functions           50
 
 
  Input file to MOLDEN was generated!
 
forrtl: warning (525): IEEE_DIVIDE_BY_ZERO is signaling
forrtl: warning (526): IEEE_INVALID is signaling
forrtl: warning (528): IEEE_UNDERFLOW is signaling
--- Stop Module: seward at Sun Oct 26 18:02:56 2025 /rc=_RC_ALL_IS_WELL_ ---
*** files: H10_2.68.GssOrb H10_2.68.guessorb.h5 H10_2.68.guessorb.molden xmldump
    saved to directory ${LOCALHOME}/DDCASPT2/hydrogen_comps/rerun/H10_chain/H10_2.68

*** symbolic link created: INPORB -> H10_2.68.GssOrb
--- Start Module: scf at Sun Oct 26 18:02:56 2025 ---
 
()()()()()()()()()()()()()()()()()()()()()()()()()()()()()()()()()()()()()()()()()()()()()()()()()()

                                                &SCF

                                   only a single process is used
                       available to each process: 2.0 GB of memory, 1 thread?
()()()()()()()()()()()()()()()()()()()()()()()()()()()()()()()()()()()()()()()()()()()()()()()()()()
 
++    Input section:
      --------------
 
      Header of the integral files:
      
       Integrals generated by seward 4.2.0  , Sun Oct 26 18:02:55 2025
 
 
      Cartesian coordinates in Angstrom:
      -----------------------------------------------------
      No.  Label        X            Y            Z        
      -----------------------------------------------------
       1   H1         0.00000000   0.00000000   0.00000000
       2   H2         0.00000000   0.00000000   2.68484800
       3   H3         0.00000000   0.00000000   5.36969700
       4   H4         0.00000000   0.00000000   8.05454500
       5   H5         0.00000000   0.00000000  10.73939400
       6   H6         0.00000000   0.00000000  13.42424200
       7   H7         0.00000000   0.00000000  16.10909100
       8   H8         0.00000000   0.00000000  18.79393900
       9   H9         0.00000000   0.00000000  21.47878800
      10   H10        0.00000000   0.00000000  24.16363600
      -----------------------------------------------------
      Nuclear repulsion energy =    3.80195028
--
 
++    Orbital specifications:
      -----------------------
 
      Symmetry species               1
                                     a
      Frozen orbitals                0
      Occupied orbitals              5
      Secondary orbitals            45
      Deleted orbitals               0
      Total number of orbitals      50
      Number of basis functions     50
--
 
      Molecular charge                           0.000
 
++    Optimization specifications:
      ----------------------------
 
      SCF Algorithm: Conventional
      Minimized density differences are used
      Number of density matrices in core                5
      Maximum number of NDDO SCF iterations           400
      Maximum number of HF SCF iterations             400
      Threshold for SCF energy change            0.10E-08
      Threshold for density matrix               0.10E-03
      Threshold for Fock matrix                  0.15E-03
      Threshold for linear dependence            0.10E-08
      Threshold at which DIIS is turned on       0.15E+00
      Threshold at which QNR/C2DIIS is turned on 0.75E-01
      Threshold for Norm(delta) (QNR/C2DIIS)     0.20E-04
      DIIS extrapolation of the SCF procedure
      All orbitals punched on: SCFORB
--
 
      Input vectors read from INPORB
      Orbital file label: *Guess orbitals
 
 
++ Convergence information
                                   SCF        iterations: Energy and convergence statistics
 
Iter     Tot. SCF        One-elec.       Two-elec.     Energy      Max Dij or  Max Fij      DNorm      TNorm      AccCon     Time
         Energy          Energy          Energy        Change      Delta Norm                                                in Sec.
   1    -3.938244582   -12.721296255     4.981101389   0.00E+00    0.41E+00*   0.13E+00*    0.50E+01   0.88E+01   None         0.
   2    -4.243080423   -12.677543298     4.632512590  -0.30E+00*   0.16E+00*   0.25E-01*    0.15E+01   0.85E+01   EDIIS        0.
   3    -4.258973885   -12.602919934     4.541995765  -0.16E-01*   0.10E+00*   0.94E-02*    0.38E+00   0.84E+01   EDIIS        0.
   4    -4.262942722   -12.607653587     4.542760581  -0.40E-02*   0.63E-01*   0.71E-02*    0.20E+00   0.84E+01   c2DIIS       0.
   5    -4.264763974   -12.593108505     4.526394247  -0.18E-02*   0.34E-01*   0.45E-02*    0.63E-01   0.84E+01   QNRc2DIIS    0.
   6    -4.265362619   -12.600837136     4.533524234  -0.60E-03*   0.40E-01*   0.30E-02*    0.34E-01   0.84E+01   QNRc2DIIS    0.
   7    -4.265756823   -12.597727876     4.530020769  -0.39E-03*   0.98E-02*   0.78E-03*    0.13E-01   0.84E+01   QNRc2DIIS    0.
   8    -4.265774128   -12.594871743     4.527147331  -0.17E-04*   0.22E-02*   0.37E-03*    0.57E-02   0.84E+01   QNRc2DIIS    0.
   9    -4.265777464   -12.595493228     4.527765480  -0.33E-05*   0.32E-03*   0.29E-04     0.20E-02   0.84E+01   QNRc2DIIS    0.
  10    -4.265777506   -12.595511401     4.527783611  -0.42E-07*   0.11E-03*   0.77E-05     0.60E-03   0.84E+01   QNRc2DIIS    0.
  11    -4.265777510   -12.595510055     4.527782260  -0.42E-08*   0.42E-04*   0.24E-05     0.11E-03   0.84E+01   QNRc2DIIS    0.
  12    -4.265777511   -12.595510171     4.527782376  -0.45E-09    0.15E-05    0.20E-06     0.18E-04   0.84E+01   QNRc2DIIS    0.
 
       Convergence after 12 Macro Iterations
--
 
 *****************************************************************************************************************************
 *                                                                                                                           *
 *                                             SCF/KS-DFT Program, Final results                                             *
 *                                                                                                                           *
 *                                                                                                                           *
 *                                                                                                                           *
 *                                                       Final Results                                                       *
 *                                                                                                                           *
 *****************************************************************************************************************************
 
::    Total SCF energy                                 -4.2657775107
      One-electron energy                             -12.5955101706
      Two-electron energy                               4.5277823756
      Nuclear repulsion energy                          3.8019502842
      Kinetic energy (interpolated)                     3.2836870424
      Virial theorem                                    1.2990816285
      Total spin, S(S+1)                                0.0000000000
      Total spin, S                                     0.0000000000
      Max non-diagonal density matrix element           0.0000014868
      Max non-diagonal Fock matrix element              0.0000000407
 
 
      All orbitals with orbital energies smaller than  E(LUMO)+0.5 are printed
 
++    Molecular orbitals:
      -------------------
 
      Title: SCF orbitals

      Molecular orbitals for symmetry species 1: a  
 
          Orbital            1         2         3         4         5         6         7         8         9        10    
          Energy           -0.3794   -0.3703   -0.3566   -0.3396   -0.3240   -0.1578   -0.1361   -0.1118   -0.0900   -0.0753
          Occ. No.          2.0000    2.0000    2.0000    2.0000    2.0000    0.0000    0.0000    0.0000    0.0000    0.0000
 
        1 H1     1s         0.1282   -0.2498    0.3401   -0.3599    0.2520   -0.2806    0.4275   -0.4384    0.3487   -0.1925
        2 H1     2s         0.0249   -0.0494    0.0693   -0.0763    0.0555   -0.0850    0.1346   -0.1429    0.1159   -0.0643
        3 H1     2px       -0.0000    0.0000   -0.0000    0.0000   -0.0000    0.0000    0.0000   -0.0000    0.0000    0.0000
        4 H1     2py       -0.0000    0.0000   -0.0000    0.0000   -0.0000   -0.0000    0.0000   -0.0000    0.0000   -0.0000
        5 H1     2pz        0.0042   -0.0076    0.0092   -0.0083    0.0051    0.0019   -0.0055    0.0091   -0.0102    0.0069
        6 H2     1s         0.1707   -0.3086    0.3717   -0.3330    0.1967    0.1484   -0.3322    0.4706   -0.4690    0.2944
        7 H2     2s         0.0279   -0.0584    0.0841   -0.0899    0.0610    0.0397   -0.1040    0.1591   -0.1625    0.1019
        8 H2     2px        0.0000   -0.0000    0.0000    0.0000    0.0000    0.0000   -0.0000    0.0000   -0.0000    0.0000
        9 H2     2py       -0.0000    0.0000   -0.0000   -0.0000    0.0000   -0.0000    0.0000    0.0000    0.0000    0.0000
       10 H2     2pz       -0.0007    0.0028   -0.0064    0.0095   -0.0081    0.0108   -0.0134    0.0082   -0.0006   -0.0026
       11 H3     1s         0.2858   -0.3392    0.0932    0.2645   -0.3537    0.3909   -0.2905   -0.1454    0.4864   -0.4204
       12 H3     2s         0.0556   -0.0635    0.0080    0.0733   -0.0921    0.1213   -0.0901   -0.0536    0.1674   -0.1428
       13 H3     2px        0.0000   -0.0000    0.0000    0.0000   -0.0000    0.0000    0.0000    0.0000    0.0000    0.0000
       14 H3     2py       -0.0000    0.0000    0.0000    0.0000   -0.0000    0.0000    0.0000   -0.0000    0.0000   -0.0000
       15 H3     2pz        0.0051   -0.0037   -0.0033    0.0091   -0.0076   -0.0084    0.0138   -0.0097   -0.0017    0.0070
       16 H4     1s         0.3122   -0.3033   -0.0215    0.3353   -0.3174   -0.3081    0.4246   -0.1097   -0.3916    0.4769
       17 H4     2s         0.0552   -0.0657    0.0073    0.0769   -0.0890   -0.0911    0.1407   -0.0416   -0.1329    0.1633
       18 H4     2px       -0.0000    0.0000    0.0000    0.0000   -0.0000    0.0000   -0.0000    0.0000    0.0000    0.0000
       19 H4     2py       -0.0000    0.0000    0.0000   -0.0000    0.0000   -0.0000   -0.0000    0.0000   -0.0000   -0.0000
       20 H4     2pz       -0.0030    0.0063   -0.0047   -0.0044    0.0098   -0.0132    0.0047    0.0103   -0.0103    0.0014
       21 H5     1s         0.3588   -0.0440   -0.3573    0.0616    0.3733   -0.3998   -0.1260    0.4607    0.1013   -0.5212
       22 H5     2s         0.0668    0.0009   -0.0803    0.0035    0.1007   -0.1216   -0.0471    0.1552    0.0370   -0.1777
       23 H5     2px       -0.0000   -0.0000   -0.0000   -0.0000    0.0000    0.0000    0.0000    0.0000    0.0000   -0.0000
       24 H5     2py       -0.0000   -0.0000   -0.0000   -0.0000    0.0000    0.0000    0.0000    0.0000    0.0000   -0.0000
       25 H5     2pz        0.0048    0.0032   -0.0067   -0.0040    0.0097    0.0123   -0.0085   -0.0090    0.0091    0.0048
       26 H6     1s         0.3588    0.0440   -0.3573   -0.0616    0.3733    0.3998   -0.1260   -0.4607    0.1013    0.5212
       27 H6     2s         0.0668   -0.0009   -0.0803   -0.0035    0.1007    0.1216   -0.0471   -0.1552    0.0370    0.1777
       28 H6     2px       -0.0000    0.0000    0.0000   -0.0000    0.0000   -0.0000    0.0000   -0.0000    0.0000   -0.0000
       29 H6     2py        0.0000   -0.0000   -0.0000    0.0000   -0.0000   -0.0000    0.0000    0.0000   -0.0000    0.0000
       30 H6     2pz       -0.0048    0.0032    0.0067   -0.0040   -0.0097    0.0123    0.0085   -0.0090   -0.0091    0.0048
       31 H7     1s         0.3122    0.3033   -0.0215   -0.3353   -0.3174    0.3081    0.4246    0.1097   -0.3916   -0.4769
       32 H7     2s         0.0552    0.0657    0.0073   -0.0769   -0.0890    0.0911    0.1407    0.0416   -0.1329   -0.1633
       33 H7     2px       -0.0000    0.0000    0.0000    0.0000    0.0000    0.0000    0.0000   -0.0000   -0.0000    0.0000
       34 H7     2py       -0.0000   -0.0000    0.0000    0.0000    0.0000    0.0000    0.0000   -0.0000    0.0000   -0.0000
       35 H7     2pz        0.0030    0.0063    0.0047   -0.0044   -0.0098   -0.0132   -0.0047    0.0103    0.0103    0.0014
       36 H8     1s         0.2858    0.3392    0.0932   -0.2645   -0.3537   -0.3909   -0.2905    0.1454    0.4864    0.4204
       37 H8     2s         0.0556    0.0635    0.0080   -0.0733   -0.0921   -0.1213   -0.0901    0.0536    0.1674    0.1428
       38 H8     2px       -0.0000    0.0000    0.0000   -0.0000   -0.0000    0.0000    0.0000    0.0000   -0.0000   -0.0000
       39 H8     2py       -0.0000   -0.0000    0.0000   -0.0000   -0.0000    0.0000   -0.0000   -0.0000   -0.0000    0.0000
       40 H8     2pz       -0.0051   -0.0037    0.0033    0.0091    0.0076   -0.0084   -0.0138   -0.0097    0.0017    0.0070
       41 H9     1s         0.1707    0.3086    0.3717    0.3330    0.1967   -0.1484   -0.3322   -0.4706   -0.4690   -0.2944
       42 H9     2s         0.0279    0.0584    0.0841    0.0899    0.0610   -0.0397   -0.1040   -0.1591   -0.1625   -0.1019
       43 H9     2px       -0.0000   -0.0000    0.0000   -0.0000   -0.0000    0.0000    0.0000    0.0000    0.0000   -0.0000
       44 H9     2py       -0.0000   -0.0000    0.0000   -0.0000    0.0000   -0.0000   -0.0000    0.0000    0.0000    0.0000
       45 H9     2pz        0.0007    0.0028    0.0064    0.0095    0.0081    0.0108    0.0134    0.0082    0.0006   -0.0026
       46 H10    1s         0.1282    0.2498    0.3401    0.3599    0.2520    0.2806    0.4275    0.4384    0.3487    0.1925
       47 H10    2s         0.0249    0.0494    0.0693    0.0763    0.0555    0.0850    0.1346    0.1429    0.1159    0.0643
       48 H10    2px        0.0000   -0.0000   -0.0000   -0.0000   -0.0000    0.0000    0.0000    0.0000    0.0000   -0.0000
       49 H10    2py        0.0000    0.0000    0.0000   -0.0000    0.0000   -0.0000   -0.0000   -0.0000    0.0000    0.0000
       50 H10    2pz       -0.0042   -0.0076   -0.0092   -0.0083   -0.0051    0.0019    0.0055    0.0091    0.0102    0.0069
 
          Orbital           11        12        13    
          Energy            0.3170    0.3254    0.3403
          Occ. No.          0.0000    0.0000    0.0000
 
        1 H1     1s        -0.0852    0.1422   -0.1546
        2 H1     2s         0.1594   -0.2933    0.3829
        3 H1     2px       -0.0000   -0.0000    0.0000
        4 H1     2py       -0.0000    0.0000   -0.0000
        5 H1     2pz       -0.0045    0.0070   -0.0072
        6 H2     1s        -0.1423    0.2072   -0.1701
        7 H2     2s         0.1768   -0.2756    0.2529
        8 H2     2px        0.0000   -0.0000    0.0000
        9 H2     2py        0.0000   -0.0000   -0.0000
       10 H2     2pz        0.0020   -0.0023   -0.0012
       11 H3     1s        -0.1642    0.1830   -0.0523
       12 H3     2s         0.2248   -0.2707    0.0896
       13 H3     2px       -0.0000   -0.0000   -0.0000
       14 H3     2py        0.0000   -0.0000   -0.0000
       15 H3     2pz       -0.0021    0.0022   -0.0033
       16 H4     1s        -0.1904    0.1287    0.0878
       17 H4     2s         0.2553   -0.1878   -0.1445
       18 H4     2px        0.0000    0.0000   -0.0000
       19 H4     2py       -0.0000   -0.0000    0.0000
       20 H4     2pz        0.0027   -0.0008   -0.0044
       21 H5     1s        -0.2008    0.0499    0.1736
       22 H5     2s         0.2720   -0.0715   -0.2935
       23 H5     2px       -0.0000   -0.0000   -0.0000
       24 H5     2py        0.0000   -0.0000   -0.0000
       25 H5     2pz       -0.0028    0.0015    0.0006
       26 H6     1s        -0.2008   -0.0499    0.1736
       27 H6     2s         0.2720    0.0715   -0.2935
       28 H6     2px        0.0000   -0.0000   -0.0000
       29 H6     2py       -0.0000    0.0000    0.0000
       30 H6     2pz        0.0028    0.0015   -0.0006
       31 H7     1s        -0.1904   -0.1287    0.0878
       32 H7     2s         0.2553    0.1878   -0.1445
       33 H7     2px        0.0000    0.0000    0.0000
       34 H7     2py        0.0000   -0.0000    0.0000
       35 H7     2pz       -0.0027   -0.0008    0.0044
       36 H8     1s        -0.1642   -0.1830   -0.0523
       37 H8     2s         0.2248    0.2707    0.0896
       38 H8     2px        0.0000    0.0000   -0.0000
       39 H8     2py       -0.0000   -0.0000    0.0000
       40 H8     2pz        0.0021    0.0022    0.0033
       41 H9     1s        -0.1423   -0.2072   -0.1701
       42 H9     2s         0.1768    0.2756    0.2529
       43 H9     2px       -0.0000    0.0000    0.0000
       44 H9     2py        0.0000    0.0000    0.0000
       45 H9     2pz       -0.0020   -0.0023    0.0012
       46 H10    1s        -0.0852   -0.1422   -0.1546
       47 H10    2s         0.1594    0.2933    0.3829
       48 H10    2px        0.0000    0.0000    0.0000
       49 H10    2py       -0.0000    0.0000    0.0000
       50 H10    2pz        0.0045    0.0070    0.0072
--
 
 
++    Molecular charges:
      ------------------
 
      Mulliken charges per centre and basis function type
      ---------------------------------------------------
 
                H1      H2      H3      H4      H5      H6      H7      H8      H9      H10   
      1s       0.8810  0.9257  0.9045  0.9108  0.9075  0.9075  0.9108  0.9045  0.9257  0.8810
      2s       0.0883  0.0960  0.0883  0.0902  0.0896  0.0896  0.0902  0.0883  0.0960  0.0883
      2px      0.0000  0.0000  0.0000  0.0000  0.0000  0.0000  0.0000  0.0000  0.0000  0.0000
      2pz      0.0033  0.0037  0.0037  0.0037  0.0037  0.0037  0.0037  0.0037  0.0037  0.0033
      2py      0.0000  0.0000  0.0000  0.0000  0.0000  0.0000  0.0000  0.0000  0.0000  0.0000
      Total    0.9726  1.0255  0.9965  1.0046  1.0007  1.0007  1.0046  0.9965  1.0255  0.9726
 
      N-E      0.0274 -0.0255  0.0035 -0.0046 -0.0007 -0.0007 -0.0046  0.0035 -0.0255  0.0274
 
      Total electronic charge=   10.000000
 
      Total            charge=   -0.000000
--
 
 
  Input file to MOLDEN was generated!
 
 
++    Static properties:
      ------------------
 
 
      LoProp Charges per center
 

                   H1       H2       H3       H4       H5       H6       H7       H8       H9       H10   
      Nuclear      1.0000   1.0000   1.0000   1.0000   1.0000   1.0000   1.0000   1.0000   1.0000   1.0000
      Electronic  -0.9821  -1.0152  -0.9975  -1.0045  -1.0008  -1.0008  -1.0045  -0.9975  -1.0152  -0.9821
 
      Total        0.0179  -0.0152   0.0025  -0.0045  -0.0008  -0.0008  -0.0045   0.0025  -0.0152   0.0179
--
 
 
++    Natural Bond Order analysis
      ---------------------------
      Based on LoProp computed density
      -------------------------------------------------------------------------------------
      Atom A       Atom B       Bond Order
      -------------------------------------------------------------------------------------
      NBO located      0.973 non-bonded electrons on atom H1        
      NBO located      1.003 non-bonded electrons on atom H3        
      NBO located      1.011 non-bonded electrons on atom H4        
      NBO located      1.007 non-bonded electrons on atom H5        
      NBO located      1.007 non-bonded electrons on atom H6        
      NBO located      1.011 non-bonded electrons on atom H7        
      NBO located      1.003 non-bonded electrons on atom H8        
      NBO located      0.973 non-bonded electrons on atom H10       
      The remaining    2.012 electrons are to be considered as diffuse
--
 
 
++    Molecular properties:
      ---------------------
 
      Charge (e):
                      =   -0.0000
      Dipole Moment (Debye):
      Origin of the operator (Ang)=    0.0000    0.0000    0.0000
                   X=  1.4916E-13               Y=  1.4169E-13               Z= -1.1125E-11           Total=  1.1127E-11
      Quadrupole Moment (Debye*Ang):
      Origin of the operator (Ang)=    0.0000    0.0000   12.0818
                  XX= -2.4254E+01              XY= -1.5101E-27              XZ= -1.8141E-12              YY= -2.4254E+01
                  YZ= -1.6284E-12              ZZ=  2.4763E+00
      In traceless form (Debye*Ang)
                  XX= -1.3365E+01              XY= -2.2652E-27              XZ= -2.7212E-12              YY= -1.3365E+01
                  YZ= -2.4426E-12              ZZ=  2.6730E+01
--
 
 
  Input file to MOLDEN was generated!
 
 ###############################################################################
 ###############################################################################
 ###                                                                         ###
 ###                                                                         ###
 ###    RunFile label nBas                                                   ###
 ###    was used       78 times                                              ###
 ###                                                                         ###
 ###                                                                         ###
 ###############################################################################
 ###############################################################################
forrtl: warning (528): IEEE_UNDERFLOW is signaling
--- Stop Module: scf at Sun Oct 26 18:02:56 2025 /rc=_RC_ALL_IS_WELL_ ---
*** files: H10_2.68.LprOrb H10_2.68.LoProp.molden H10_2.68.scf.molden H10_2.68.ScfOrb H10_2.68.scf.h5 xmldump
    saved to directory ${LOCALHOME}/DDCASPT2/hydrogen_comps/rerun/H10_chain/H10_2.68

>>> COPY /tmp/H10_2.68/H10_2.68.scf.h5 ${LOCALHOME}/DDCASPT2/hydrogen_comps/rerun/H10_chain/H10_2.68/

*** symbolic link created: INPORB -> H10_2.68.ScfOrb
--- Start Module: rasscf at Sun Oct 26 18:02:56 2025 ---
 
()()()()()()()()()()()()()()()()()()()()()()()()()()()()()()()()()()()()()()()()()()()()()()()()()()

                                              &RASSCF

                                   only a single process is used
                       available to each process: 2.0 GB of memory, 1 thread?
()()()()()()()()()()()()()()()()()()()()()()()()()()()()()()()()()()()()()()()()()()()()()()()()()()
 
 
      Header of the ONEINT file:
      --------------------------
      
      Integrals generated by seward 4.2.0  , Sun Oct 26 18:02:55 2025
 
 
      OrdInt status: non-squared
 
 
      Cartesian coordinates in Angstrom:
      -----------------------------------------------------
      No.  Label        X            Y            Z        
      -----------------------------------------------------
       1   H1         0.00000000   0.00000000   0.00000000
       2   H2         0.00000000   0.00000000   2.68484800
       3   H3         0.00000000   0.00000000   5.36969700
       4   H4         0.00000000   0.00000000   8.05454500
       5   H5         0.00000000   0.00000000  10.73939400
       6   H6         0.00000000   0.00000000  13.42424200
       7   H7         0.00000000   0.00000000  16.10909100
       8   H8         0.00000000   0.00000000  18.79393900
       9   H9         0.00000000   0.00000000  21.47878800
      10   H10        0.00000000   0.00000000  24.16363600
      -----------------------------------------------------
      Nuclear repulsion energy =    3.80195028
 
++    Wave function specifications:
      -----------------------------
 
      Number of closed shell electrons           0
      Number of electrons in active shells      10
      Max number of holes in RAS1 space          0
      Max nr of electrons in RAS3 space          0
      Number of inactive orbitals                0
      Number of active orbitals                 10
      Number of secondary orbitals              40
      Spin quantum number                      0.0
      State symmetry                             1
--
 
++    Orbital specifications:
      -----------------------
 
      Symmetry species                           1
                                                 a
      Frozen orbitals                            0
      Inactive orbitals                          0
      Active orbitals                           10
      RAS1 orbitals                              0
      RAS2 orbitals                             10
      RAS3 orbitals                              0
      Secondary orbitals                        40
      Deleted orbitals                           0
      Number of basis functions                 50
--
 
++    CI expansion specifications:
      ----------------------------
 
      Number of CSFs                         19404
      Number of determinants                 31878
      Number of root(s) required                 1
      Root chosen for geometry opt.              1
      CI root used                               1
         
      highest root included in the CI            1
      max. size of the explicit Hamiltonian    200
--
 
++    Optimization specifications:
      ----------------------------
 
      RASSCF algorithm: Conventional
      Maximum number of macro iterations       200
      Maximum number of SX iterations          100
      Threshold for RASSCF energy            0.100E-07
      Threshold for max MO rotation          0.100E+00
      Threshold for max BLB element          0.100E-03
      Level shift parameter                  0.500E+00
      Make Quasi-Newton update
--
 
      The MO-coefficients are taken from the file:
      ${LOCALHOME}/DDCASPT2/hydrogen_comps/rerun/H10_chain/H10_0.60/H10_0.60.RasOrb                                               
      Title: RASSCF average (pseudo-natural) orbitals                                      
 
      Total molecular charge    0.00
 
      ************************************************************************************************************************
      *                                                                                                                      *
      *                                            Wave function control section                                             *
      *                                                                                                                      *
      ************************************************************************************************************************
 
 
                                         RASSCF iterations: Energy and convergence statistics
                                         ----------------------------------------------------
 
      Iter CI   SX   CI       RASSCF       Energy    max ROT     max BLB   max BLB  Level Ln srch  Step   QN   Walltime
          iter iter root      energy       change     param      element    value   shift minimum  type update hh:mm:ss
        No convergence in the CI section: MAXJT will be increased to 
 24
 Nr of preliminary CI iterations:  12
        No convergence in the CI section: MAXJT will be increased to 
 24
        1  12  100    1    -3.31026387    0.00E+00  -0.18E+00*   9  29 1  0.26E+00*  0.44   0.00    SX    NO    0:00:01
        2  11  100    1    -4.06039544   -0.75E+00* -0.21E+00*   3  16 1  0.17E+00*  0.32   0.00    SX    NO    0:00:00
 ###############################################################################
 ###############################################################################
 ###                                                                         ###
 ###                                                                         ###
 ###    Large orbital rotation.                                              ###
 ###                                                                         ###
 ###                                                                         ###
 ###############################################################################
 ###############################################################################
      Molecular orbital  10 of symmetry 1 MO space 2  weight is    0.013465
 ###############################################################################
 ###############################################################################
 ###                                                                         ###
 ###                                                                         ###
 ###    Large orbital rotation.                                              ###
 ###                                                                         ###
 ###                                                                         ###
 ###############################################################################
 ###############################################################################
      Molecular orbital  12 of symmetry 1 MO space 3  weight is    0.383290
        3   6  100    1    -4.44126642   -0.38E+00* -0.78E+00*   3  16 1  0.16E+00*  0.23   0.00    SX    NO    0:00:00
        4   7  100    1    -4.59873994   -0.16E+00*  0.32E+00*   2  12 1 -0.20E+00*  0.14   0.00    SX    NO    0:00:00
        5   7   29    1    -4.80975899   -0.21E+00*  0.12E+00*  10  17 1  0.40E-01*  0.12   1.13    QN   YES    0:00:00
        6   4   56    1    -4.82972184   -0.20E-01* -0.24E-01   10  22 1  0.34E-01*  0.12   0.82    QN   YES    0:00:00
        No convergence in the CI section: MAXJT will be increased to 
 96
        7  84   21    1    -4.84214680   -0.12E-01* -0.32E-01   10  22 1  0.20E-01*  0.12   1.05    QN   YES    0:00:04
        8  53   30    1    -4.84654527   -0.44E-02*  0.14E-01   10  11 1 -0.55E-02*  0.12   0.95    QN   YES    0:00:02
        9  17   27    1    -4.84710470   -0.56E-03* -0.54E-02   10  22 1 -0.15E-02*  0.12   1.01    QN   YES    0:00:01
       10  41   27    1    -4.84724803   -0.14E-03*  0.27E-02   10  22 1  0.52E-03*  0.12   0.99    QN   YES    0:00:02
       11  29   25    1    -4.84726805   -0.20E-04*  0.60E-02    6  11 1 -0.17E-03*  0.12   1.06    QN   YES    0:00:01
       12  71   26    1    -4.84728192   -0.14E-04*  0.38E-01    4  22 1 -0.32E-03*  0.12   1.23    QN   YES    0:00:03
       13  44   29    1    -4.84734952   -0.68E-04*  0.44E-01    4  22 1 -0.17E-02*  0.11   2.50    LS   YES    0:00:02
       14   7   29    1    -4.84749667   -0.15E-03*  0.50E-01    4  22 1 -0.33E-02*  0.11   2.50    LS   YES    0:00:00
       15   7   37    1    -4.84789742   -0.40E-03* -0.65E-01    4  22 1 -0.52E-02*  0.10   2.50    QN   YES    0:00:00
       16   7   30    1    -4.84747686    0.42E-03*  0.51E-01    4  22 1 -0.24E-02*  0.11  -0.50    LS   YES    0:00:00
       17   6   37    1    -4.84776731   -0.29E-03*  0.56E-01    4  22 1 -0.46E-02*  0.10   2.50    LS   YES    0:00:00
       18   7   37    1    -4.84850307   -0.74E-03* -0.71E-01    4  22 1 -0.71E-02*  0.09   2.50    QN   YES    0:00:00
       19   6   36    1    -4.84770534    0.80E-03*  0.55E-01    4  22 1 -0.35E-02*  0.11  -0.50    LS   YES    0:00:00
       20   6   37    1    -4.84824078   -0.54E-03*  0.59E-01    4  22 1 -0.62E-02*  0.09   2.50    LS   YES    0:00:00
       21   6   37    1    -4.84949749   -0.13E-02* -0.77E-01    4  22 1 -0.92E-02*  0.08   2.50    QN   YES    0:00:00
       22   6   29    1    -4.84809458    0.14E-02*  0.59E-01    4  22 1 -0.50E-02*  0.10  -0.50    LS   YES    0:00:00
       23   5   47    1    -4.84902388   -0.93E-03*  0.62E-01    4  22 1 -0.82E-02*  0.08   2.50    LS   YES    0:00:00
       24   6  100    1    -4.85106857   -0.20E-02* -0.79E-01    4  22 1 -0.12E-01*  0.06   2.50    QN   YES    0:00:00
       25   6   37    1    -4.84886024    0.22E-02*  0.60E-01    4  22 1 -0.66E-02*  0.09  -0.50    LS   YES    0:00:00
       26   5   42    1    -4.85035602   -0.15E-02*  0.64E-01    4  22 1 -0.10E-01*  0.07   2.50    LS   YES    0:00:00
       27   6  100    1    -4.85349693   -0.31E-02*  0.70E-01    4  22 1 -0.14E-01*  0.04   2.50    QN   YES    0:00:00
       28   6   48    1    -4.85100394    0.25E-02* -0.56E-01    4  22 1 -0.88E-02*  0.08  -0.50    LS   YES    0:00:00
       29   6  100    1    -4.85287846   -0.19E-02* -0.12E+00*   4  22 1 -0.13E-01*  0.05   2.50    SX   YES    0:00:00
       30   8  100    1    -4.87244419   -0.20E-01* -0.10E+00*   8  11 1  0.25E-01*  0.00   2.50    LS   YES    0:00:00
       31   7  100    1    -4.90262625   -0.30E-01* -0.93E-01    8  11 1  0.48E-01*  0.00   2.50    LS   YES    0:00:00
       32   6  100    1    -4.93384928   -0.31E-01* -0.19E+00*   8  11 1  0.54E-01*  0.00   1.79    QN   YES    0:00:00
       33   6  100    1    -4.90074559    0.33E-01*  0.44E-01    1  11 1 -0.83E-01*  0.00   0.32    SX   YES    0:00:00
       34   5  100    1    -4.96671741   -0.66E-01*  0.34E-01    1  11 1 -0.40E-01*  0.00   2.02    LS   YES    0:00:00
       35   4   14    1    -4.99009697   -0.23E-01* -0.31E-01    8  31 1  0.14E-01*  0.00   1.37    QN   YES    0:00:00
       36   4   13    1    -4.99253124   -0.24E-02* -0.58E-01    8  16 1  0.14E-01*  0.00   0.72    QN   YES    0:00:00
       37  19  100    1    -4.97353741    0.19E-01*  0.37E-01    8  11 1 -0.37E-01*  0.00  -0.16    LS   YES    0:00:01
       38   4   27    1    -4.98896642   -0.15E-01*  0.25E-01    8  11 1 -0.23E-01*  0.00   1.77    LS   YES    0:00:00
       39   4   13    1    -4.99299438   -0.40E-02*  0.11E-01    8  16 1  0.12E-01*  0.00   1.20    QN   YES    0:00:00
       40   4   11    1    -4.99436012   -0.14E-02*  0.55E-02    1  11 1  0.47E-02*  0.00   1.11    QN   YES    0:00:00
       41  23   11    1    -4.99451678   -0.16E-03* -0.55E-02    6  11 1 -0.36E-02*  0.00   0.85    QN   YES    0:00:01
       42  79   12    1    -4.99436689    0.15E-03*  0.56E-02    8  11 1 -0.51E-02*  0.00  -0.50    LS   YES    0:00:04
       43   5   11    1    -4.99456343   -0.20E-03*  0.24E-02    6  11 1 -0.36E-02*  0.00   1.39    QN   YES    0:00:00
       44   4   11    1    -4.99463860   -0.75E-04*  0.31E-02    6  11 1 -0.18E-02*  0.00   1.59    SX   YES    0:00:00
       45  24   10    1    -4.99467068   -0.32E-04*  0.44E-03    2  17 1 -0.40E-03*  0.00   0.86    QN   YES    0:00:01
       46  17    8    1    -4.99467499   -0.43E-05* -0.87E-04    8  16 1 -0.60E-04   0.00   0.99    QN   YES    0:00:01
       47  60    8    1    -4.99467660   -0.16E-05* -0.31E-03    6  16 1  0.61E-04   0.00   1.01    QN   YES    0:00:03
       48  79    9    1    -4.99467648    0.11E-06*  0.18E-03    8  16 1  0.15E-03*  0.00   0.53    SX   YES    0:00:04
       49   4    8    1    -4.99467694   -0.46E-06*  0.33E-04    8  33 1 -0.26E-04   0.00   1.16    QN   YES    0:00:00
       50   1    6    1    -4.99467696   -0.16E-07*  0.61E-05    5  16 1 -0.53E-05   0.00   0.92    QN   YES    0:00:00
       51   1    5    1    -4.99467696   -0.43E-09   0.16E-05    4  22 1 -0.14E-05   0.00   0.83    QN   YES    0:00:00
      Convergence after 51 iterations
 
  Dmat in MO in SXCTL bf call to SXHAM                                                                                    
  mat. size =    10x   10
 
        1.2694454705499381
       -0.0132173307532477      1.2192959588332493
       -0.0472189007737159     -0.0112159134607430      1.1728610906379582
        0.0009363315098581      0.0498303555810180      0.0003749165788729      1.1116071908484593
       -0.0125532995803756      0.0015656986183278     -0.0092929492179916     -0.0006041826118612      1.1128679508142993
       -0.0330186172686000     -0.0193326237091003     -0.0847471411500851      0.0000114537954202     -0.0035129175355938
        0.8396779756046950
       -0.0011896709248245     -0.0841338386696493     -0.0006165022917642      0.1396605650923257     -0.0004392528992703
       -0.0087896075744033      0.7866056266772369
       -0.0532909816115896      0.0261819421549358     -0.1063737620790893     -0.0002364180475225      0.0422780220513223
        0.0171078126909314      0.0123080459692735      0.7795512930173908
       -0.0023164836081890     -0.0636014037836495     -0.0014292735407515      0.0455409387605727     -0.0011022810499546
       -0.0149486154915418      0.0280528236022326      0.0217975023630743      0.8938295894159353
        0.0669604261479747      0.0961060429192322      0.0571598370251133      0.0022542956292342     -0.0218554895901633
        0.0047432298433477      0.0038278276600546     -0.0003904018038956      0.0213429041002402      0.8142578536008396
       52   1    5    1    -4.99467696   -0.38E-10   0.16E-05    1  16 1 -0.22E-06   0.00   0.83    QN   YES    0:00:00
 
      ************************************************************************************************************************
                                                      Wave function printout:
                       occupation of active orbitals, and spin coupling of open shells (u,d: Spin up or down)
      ************************************************************************************************************************
 
      Note: transformation to natural orbitals
      has been made, which may change the order of the CSFs.
 
      printout of CI-coefficients larger than  0.05 for root  1
      energy=      -4.994677
      conf/sym  1111111111     Coeff  Weight
             1  2222200000  -0.24753 0.06127
            36  2222000020   0.12963 0.01680
            48  222udu00d0   0.14200 0.02016
            70  22u2d000ud   0.11488 0.01320
            80  2u22d00ud0   0.10142 0.01029
            82  2u22du000d  -0.05052 0.00255
            90  u222du0d00  -0.05885 0.00346
            94  u222d0u0d0  -0.12060 0.01455
           102  2220220000   0.08990 0.00808
           125  22ud200ud0  -0.05044 0.00254
           127  22ud2u000d   0.11116 0.01236
           135  2u2d2u0d00   0.10912 0.01191
           139  2u2d20u0d0   0.05895 0.00348
           148  u22d2ud000  -0.09215 0.00849
           176  2202200002   0.07886 0.00622
           189  2ud2200u0d   0.09692 0.00939
           203  u2d220u00d  -0.09016 0.00813
           212  2022200200   0.06836 0.00467
           226  ud2220ud00  -0.09303 0.00866
           239  0222202000   0.07258 0.00527
           286  u222u0d0d0  -0.05066 0.00257
          1966  2220020020  -0.08207 0.00674
          2039  22ud0u002d   0.08566 0.00734
          2069  2u2d0u0d20  -0.07934 0.00630
          2117  u22d0ud020   0.07108 0.00505
          2201  2202000022  -0.06077 0.00369
          2241  2ud2000u2d   0.06930 0.00480
          2290  u2d200u02d  -0.06106 0.00373
          2321  2022000220  -0.05111 0.00261
          2370  ud2200ud20   0.06049 0.00366
          2418  0222002020  -0.05412 0.00293
          2480  22u0d200ud   0.07278 0.00530
          2510  2u20d20ud0   0.05882 0.00346
          2558  u220d2u0d0  -0.06283 0.00395
          2648  220udu00d2  -0.06388 0.00408
          2687  2ududu0udd  -0.07166 0.00514
          2736  u2duduu0dd   0.06590 0.00434
          2764  202udu02d0   0.05379 0.00289
          2813  ud2uduudd0  -0.06624 0.00439
          2859  022udu20d0   0.05519 0.00305
          2933  2uuddu0dud  -0.06177 0.00382
          2981  u2uddud0ud   0.05585 0.00312
          3011  uu2ddudud0   0.06406 0.00410
          3013  uu2dduudd0  -0.05132 0.00263
          3149  u202d0u0d2  -0.06016 0.00362
          3234  udu2d0udud   0.06461 0.00418
          3338  uud2d0uudd  -0.06037 0.00364
          3365  u022d0u2d0   0.05056 0.00256
          3492  2200220002  -0.05156 0.00266
          3524  2ud0220u0d  -0.05500 0.00302
          3795  2u0d2u0d02   0.06350 0.00403
          3927  udud2uud0d  -0.05572 0.00311
          3973  02ud2u200d   0.05001 0.00250
          4025  uudd2udu0d  -0.05622 0.00316
          4104  0u2d2u2d00   0.05036 0.00254
         12246  2200020022   0.05627 0.00317
         12276  2ud0020u2d  -0.05993 0.00359
         12324  u2d002u02d   0.05593 0.00313
         12549  2u0d0u0d22  -0.05600 0.00314
         12630  20ud0u022d   0.05037 0.00254
         12679  udud0uud2d  -0.05262 0.00277
         12777  uudd0udu2d  -0.05258 0.00276
         12858  0u2d0u2d20  -0.05105 0.00261
         13366  udu0d2udud   0.05466 0.00299
         13471  uud0d2uudd  -0.05042 0.00254
         13693  ud0uduudd2   0.05039 0.00254
         18953  ud0002ud22   0.05636 0.00318
         19044  0u0d0u2d22  -0.05042 0.00254
         19085  u000d2u2d2   0.05257 0.00276
         19404  0000022222   0.06658 0.00443
 
      Natural orbitals and occupation numbers for root  1
      sym 1:   1.294225   1.269016   1.227762   1.173115   1.111306   0.828748   0.702680   0.729147   0.891719   0.772283

 
      ************************************************************************************************************************
      *                                                                                                                      *
      *                                                    Final results                                                     *
      *                                                                                                                      *
      ************************************************************************************************************************
 
 
++    Wave function specifications:
      -----------------------------
 
      Number of closed shell electrons           0
      Number of electrons in active shells      10
      Max number of holes in RAS1 space          0
      Max nr of electrons in RAS3 space          0
      Number of inactive orbitals                0
      Number of active orbitals                 10
      Number of secondary orbitals              40
      Spin quantum number                      0.0
      State symmetry                             1
--
 
++    Orbital specifications:
      -----------------------
 
      Symmetry species                           1
                                                 a
      Frozen orbitals                            0
      Inactive orbitals                          0
      Active orbitals                           10
      RAS1 orbitals                              0
      RAS2 orbitals                             10
      RAS3 orbitals                              0
      Secondary orbitals                        40
      Deleted orbitals                           0
      Number of basis functions                 50
--
 
++    CI expansion specifications:
      ----------------------------
 
      Number of CSFs                         19404
      Number of determinants                 31878
      Number of root(s) required                 1
      CI root used                               1
      highest root included in the CI            1
      Root passed to geometry opt.               1
--
 
++    Final optimization conditions:
      ------------------------------
 
      Average CI energy                              -4.99467696
      RASSCF energy for state  1                     -4.99467696
      Super-CI energy                                -0.00000000
      RASSCF energy change                            0.00000000
      Max change in MO coefficients              -0.199E-05
      Max non-diagonal density matrix element     0.156E-05
      Maximum BLB matrix element                 -0.224E-06
      (orbital pair   1,  16 in symmetry   1)
      Norm of electronic gradient            0.116E-05
--
 
 
      Final state energy(ies):
      ------------------------
 
::    RASSCF root number  1 Total energy:     -4.99467696
 
++    Molecular orbitals:
      -------------------
 
      Pseudonatural active orbitals and approximate occupation numbers
 
 
 
 
      Molecular orbitals for symmetry species 1: a  
 
 
      Orbital                1         2         3         4         5         6         7         8         9        10
      Energy            0.0000    0.0000    0.0000    0.0000    0.0000    0.0000    0.0000    0.0000    0.0000    0.0000
      Occ. No.          1.2942    1.2690    1.2278    1.1731    1.1113    0.8287    0.7027    0.7291    0.8917    0.7723
 
    1 H1     1s         0.1554    0.2843    0.3633   -0.3665    0.2678   -0.4081    0.1886    0.3380   -0.2868   -0.4191
    2 H1     2s         0.0116    0.0215    0.0281   -0.0293    0.0223   -0.0446    0.0250    0.0428   -0.0290   -0.0496
    3 H1     2px       -0.0000    0.0000    0.0000   -0.0000    0.0000   -0.0000   -0.0000    0.0000    0.0000    0.0000
    4 H1     2py        0.0000    0.0000    0.0000   -0.0000    0.0000   -0.0000    0.0000    0.0000   -0.0000   -0.0000
    5 H1     2pz        0.0005    0.0008    0.0008   -0.0005    0.0002   -0.0011    0.0013    0.0019   -0.0005   -0.0017
    6 H2     1s         0.2152    0.3596    0.3900   -0.3032    0.1483    0.3158   -0.2837   -0.4526    0.1298    0.4544
    7 H2     2s         0.0138    0.0263    0.0347   -0.0343    0.0223    0.0331   -0.0475   -0.0703    0.0070    0.0614
    8 H2     2px        0.0000    0.0000    0.0000   -0.0000   -0.0000    0.0000    0.0000   -0.0000   -0.0000   -0.0000
    9 H2     2py        0.0000    0.0000    0.0000    0.0000    0.0000    0.0000   -0.0000   -0.0000    0.0000    0.0000
   10 H2     2pz        0.0005    0.0004   -0.0003    0.0009   -0.0008   -0.0006   -0.0001    0.0002   -0.0001   -0.0006
   11 H3     1s         0.2993    0.3461    0.0894    0.2667   -0.3911    0.2810    0.3856    0.4438    0.4124   -0.1302
   12 H3     2s         0.0214    0.0233    0.0010    0.0298   -0.0404    0.0322    0.0636    0.0719    0.0476   -0.0240
   13 H3     2px        0.0000    0.0000   -0.0000    0.0000    0.0000   -0.0000   -0.0000   -0.0000   -0.0000   -0.0000
   14 H3     2py        0.0000    0.0000    0.0000    0.0000   -0.0000    0.0000   -0.0000   -0.0000    0.0000    0.0000
   15 H3     2pz        0.0000   -0.0005   -0.0010    0.0008   -0.0002    0.0007    0.0010    0.0005    0.0001    0.0006
   16 H4     1s         0.3353    0.2851   -0.0963    0.3851   -0.2961   -0.4393   -0.4388   -0.3504   -0.2960   -0.1347
   17 H4     2s         0.0224    0.0234   -0.0026    0.0333   -0.0343   -0.0586   -0.0741   -0.0535   -0.0297   -0.0242
   18 H4     2px        0.0000    0.0000    0.0000   -0.0000   -0.0000    0.0000   -0.0000   -0.0000    0.0000    0.0000
   19 H4     2py        0.0000   -0.0000   -0.0000   -0.0000   -0.0000   -0.0000    0.0000   -0.0000   -0.0000   -0.0000
   20 H4     2pz        0.0004   -0.0004   -0.0010    0.0002    0.0007    0.0004    0.0004    0.0011    0.0004   -0.0008
   21 H5     1s         0.3648    0.0663   -0.3648    0.1167    0.3941    0.1534    0.4743    0.0980   -0.4080    0.4348
   22 H5     2s         0.0252    0.0012   -0.0305    0.0048    0.0422    0.0254    0.0795    0.0188   -0.0449    0.0626
   23 H5     2px       -0.0000   -0.0000   -0.0000    0.0000   -0.0000   -0.0000    0.0000    0.0000   -0.0000   -0.0000
   24 H5     2py       -0.0000   -0.0000   -0.0000    0.0000   -0.0000   -0.0000    0.0000    0.0000   -0.0000   -0.0000
   25 H5     2pz       -0.0002   -0.0008   -0.0002   -0.0009    0.0005   -0.0005    0.0007   -0.0008   -0.0003    0.0008
   26 H6     1s         0.3647   -0.0659   -0.3649   -0.1168    0.3942    0.1535   -0.4741    0.0975    0.4081   -0.4349
   27 H6     2s         0.0252   -0.0012   -0.0305   -0.0048    0.0423    0.0255   -0.0794    0.0187    0.0449   -0.0627
   28 H6     2px       -0.0000   -0.0000   -0.0000    0.0000   -0.0000   -0.0000    0.0000    0.0000   -0.0000   -0.0000
   29 H6     2py       -0.0000   -0.0000   -0.0000    0.0000   -0.0000   -0.0000    0.0000    0.0000   -0.0000   -0.0000
   30 H6     2pz        0.0002   -0.0008    0.0002   -0.0009   -0.0005    0.0005    0.0007    0.0008   -0.0003    0.0008
   31 H7     1s         0.3350   -0.2851   -0.0967   -0.3854   -0.2960   -0.4396    0.4385   -0.3503    0.2959    0.1351
   32 H7     2s         0.0224   -0.0234   -0.0027   -0.0333   -0.0343   -0.0586    0.0740   -0.0535    0.0297    0.0243
   33 H7     2px        0.0000    0.0000    0.0000   -0.0000   -0.0000    0.0000   -0.0000   -0.0000    0.0000    0.0000
   34 H7     2py       -0.0000   -0.0000   -0.0000   -0.0000   -0.0000   -0.0000    0.0000    0.0000   -0.0000   -0.0000
   35 H7     2pz       -0.0004   -0.0004    0.0010    0.0002   -0.0007   -0.0004    0.0004   -0.0011    0.0004   -0.0008
   36 H8     1s         0.2991   -0.3463    0.0889   -0.2669   -0.3909    0.2813   -0.3854    0.4441   -0.4123    0.1296
   37 H8     2s         0.0213   -0.0233    0.0009   -0.0299   -0.0404    0.0322   -0.0636    0.0719   -0.0476    0.0239
   38 H8     2px        0.0000    0.0000    0.0000    0.0000   -0.0000    0.0000   -0.0000   -0.0000    0.0000    0.0000
   39 H8     2py        0.0000    0.0000    0.0000    0.0000    0.0000    0.0000   -0.0000   -0.0000    0.0000    0.0000
   40 H8     2pz       -0.0000   -0.0005    0.0010    0.0008    0.0002   -0.0007    0.0010   -0.0005    0.0001    0.0006
   41 H9     1s         0.2152   -0.3602    0.3895    0.3031    0.1482    0.3157    0.2838   -0.4532   -0.1297   -0.4539
   42 H9     2s         0.0138   -0.0264    0.0347    0.0343    0.0223    0.0331    0.0475   -0.0703   -0.0070   -0.0613
   43 H9     2px        0.0000    0.0000    0.0000   -0.0000   -0.0000    0.0000   -0.0000    0.0000    0.0000    0.0000
   44 H9     2py        0.0000    0.0000    0.0000   -0.0000    0.0000    0.0000   -0.0000   -0.0000    0.0000    0.0000
   45 H9     2pz       -0.0005    0.0004    0.0003    0.0009    0.0008    0.0006   -0.0001   -0.0002   -0.0001   -0.0006
   46 H10    1s         0.1554   -0.2849    0.3629    0.3665    0.2676   -0.4081   -0.1886    0.3385    0.2866    0.4187
   47 H10    2s         0.0116   -0.0216    0.0281    0.0293    0.0223   -0.0446   -0.0250    0.0429    0.0290    0.0496
   48 H10    2px       -0.0000   -0.0000   -0.0000    0.0000   -0.0000    0.0000   -0.0000   -0.0000    0.0000   -0.0000
   49 H10    2py       -0.0000   -0.0000   -0.0000    0.0000   -0.0000    0.0000   -0.0000   -0.0000   -0.0000   -0.0000
   50 H10    2pz       -0.0005    0.0008   -0.0008   -0.0005   -0.0002    0.0011    0.0013   -0.0019   -0.0005   -0.0017
 
 
      Orbital               11        12        13        14        15        16        17        18        19        20
      Energy            0.3274    0.3355    0.3504    0.3737    0.4074    0.4524    0.5146    0.5902    0.6732    0.7515
      Occ. No.          0.0000    0.0000    0.0000    0.0000    0.0000    0.0000    0.0000    0.0000    0.0000    0.0000
 
    1 H1     1s        -0.0631    0.0986   -0.0950   -0.0577    0.0001    0.0610   -0.1123   -0.1381   -0.1265    0.1107
    2 H1     2s         0.1650   -0.2972    0.3858    0.4381    0.4641    0.4586   -0.4272   -0.3718   -0.2760    0.2050
    3 H1     2px        0.0000    0.0000   -0.0000    0.0000   -0.0000    0.0000   -0.0000   -0.0000   -0.0000   -0.0000
    4 H1     2py       -0.0000    0.0000   -0.0000   -0.0000   -0.0000   -0.0000    0.0000    0.0000    0.0000    0.0000
    5 H1     2pz       -0.0026    0.0042   -0.0047   -0.0060   -0.0110   -0.0231    0.0484    0.0922    0.1551   -0.3138
    6 H2     1s        -0.1120    0.1606   -0.1305   -0.0592   -0.0042   -0.0077    0.0747    0.1573    0.1776   -0.1267
    7 H2     2s         0.1857   -0.2859    0.2616    0.1224   -0.0976   -0.3396    0.5531    0.6527    0.5535   -0.3501
    8 H2     2px       -0.0000    0.0000    0.0000   -0.0000    0.0000   -0.0000   -0.0000    0.0000   -0.0000   -0.0000
    9 H2     2py       -0.0000    0.0000   -0.0000    0.0000    0.0000    0.0000   -0.0000   -0.0000   -0.0000    0.0000
   10 H2     2pz        0.0001    0.0002   -0.0030   -0.0118   -0.0275   -0.0431    0.0440    0.0058   -0.0926    0.3358
   11 H3     1s        -0.1305    0.1387   -0.0312    0.0715    0.0735    0.0068    0.0066   -0.0989   -0.1979    0.1390
   12 H3     2s         0.2305   -0.2744    0.0863   -0.2149   -0.4298   -0.3793    0.0243   -0.4345   -0.6229    0.3786
   13 H3     2px       -0.0000    0.0000    0.0000    0.0000    0.0000   -0.0000   -0.0000    0.0000   -0.0000    0.0000
   14 H3     2py       -0.0000    0.0000   -0.0000    0.0000    0.0000    0.0000   -0.0000   -0.0000    0.0000   -0.0000
   15 H3     2pz        0.0002    0.0003   -0.0034   -0.0074   -0.0000    0.0349   -0.0974   -0.1345   -0.0546   -0.2561
   16 H4     1s        -0.1468    0.1010    0.0610    0.1141    0.0293   -0.0053   -0.0674   -0.0311    0.1530   -0.1381
   17 H4     2s         0.2589   -0.1916   -0.1501   -0.3684   -0.1467    0.3514   -0.5792   -0.1377    0.4760   -0.3659
   18 H4     2px       -0.0000    0.0000   -0.0000   -0.0000    0.0000   -0.0000   -0.0000    0.0000   -0.0000   -0.0000
   19 H4     2py       -0.0000   -0.0000    0.0000   -0.0000    0.0000   -0.0000    0.0000    0.0000    0.0000   -0.0000
   20 H4     2pz        0.0002    0.0009   -0.0039   -0.0000    0.0220    0.0357    0.0277    0.1708    0.2025    0.1529
   21 H5     1s        -0.1553    0.0339    0.1312    0.0520   -0.0598   -0.0065    0.0390    0.1426   -0.0564    0.1345
   22 H5     2s         0.2731   -0.0704   -0.3038   -0.1814    0.3397    0.3636    0.3535    0.6045   -0.1778    0.3536
   23 H5     2px        0.0000   -0.0000    0.0000   -0.0000   -0.0000   -0.0000    0.0000    0.0000    0.0000   -0.0000
   24 H5     2py        0.0000   -0.0000    0.0000   -0.0000   -0.0000   -0.0000    0.0000    0.0000    0.0000   -0.0000
   25 H5     2pz       -0.0001    0.0012   -0.0011    0.0096    0.0138   -0.0346    0.0779   -0.0767   -0.2914   -0.0504
   26 H6     1s        -0.1553   -0.0339    0.1312   -0.0520   -0.0598    0.0065    0.0390   -0.1426   -0.0564   -0.1345
   27 H6     2s         0.2731    0.0704   -0.3038    0.1814    0.3397   -0.3636    0.3535   -0.6045   -0.1778   -0.3536
   28 H6     2px        0.0000   -0.0000    0.0000    0.0000   -0.0000   -0.0000    0.0000    0.0000    0.0000   -0.0000
   29 H6     2py        0.0000   -0.0000    0.0000   -0.0000   -0.0000   -0.0000    0.0000    0.0000    0.0000   -0.0000
   30 H6     2pz        0.0001    0.0012    0.0011    0.0096   -0.0138   -0.0346   -0.0779   -0.0767    0.2914   -0.0504
   31 H7     1s        -0.1467   -0.1010    0.0609   -0.1141    0.0293    0.0053   -0.0674    0.0311    0.1530    0.1381
   32 H7     2s         0.2589    0.1916   -0.1501    0.3684   -0.1467   -0.3514   -0.5792    0.1377    0.4760    0.3659
   33 H7     2px       -0.0000    0.0000   -0.0000   -0.0000    0.0000   -0.0000   -0.0000    0.0000   -0.0000   -0.0000
   34 H7     2py        0.0000   -0.0000    0.0000   -0.0000   -0.0000   -0.0000    0.0000    0.0000    0.0000   -0.0000
   35 H7     2pz       -0.0002    0.0009    0.0039   -0.0000   -0.0220    0.0357   -0.0277    0.1708   -0.2025    0.1529
   36 H8     1s        -0.1305   -0.1387   -0.0312   -0.0715    0.0735   -0.0068    0.0066    0.0989   -0.1979   -0.1390
   37 H8     2s         0.2305    0.2744    0.0863    0.2149   -0.4298    0.3793    0.0243    0.4345   -0.6229   -0.3786
   38 H8     2px       -0.0000    0.0000    0.0000    0.0000    0.0000    0.0000   -0.0000   -0.0000   -0.0000   -0.0000
   39 H8     2py       -0.0000    0.0000   -0.0000    0.0000    0.0000    0.0000   -0.0000   -0.0000   -0.0000    0.0000
   40 H8     2pz       -0.0002    0.0003    0.0034   -0.0074    0.0000    0.0349    0.0974   -0.1345    0.0546   -0.2561
   41 H9     1s        -0.1120   -0.1606   -0.1305    0.0592   -0.0042    0.0077    0.0747   -0.1573    0.1776    0.1267
   42 H9     2s         0.1857    0.2858    0.2616   -0.1224   -0.0976    0.3396    0.5531   -0.6527    0.5535    0.3501
   43 H9     2px        0.0000    0.0000    0.0000    0.0000    0.0000    0.0000    0.0000   -0.0000   -0.0000    0.0000
   44 H9     2py       -0.0000    0.0000   -0.0000    0.0000    0.0000    0.0000   -0.0000   -0.0000   -0.0000    0.0000
   45 H9     2pz       -0.0001    0.0002    0.0030   -0.0118    0.0275   -0.0431   -0.0440    0.0058    0.0926    0.3358
   46 H10    1s        -0.0631   -0.0986   -0.0950    0.0577    0.0001   -0.0610   -0.1123    0.1381   -0.1265   -0.1107
   47 H10    2s         0.1650    0.2972    0.3858   -0.4381    0.4641   -0.4586   -0.4272    0.3718   -0.2760   -0.2050
   48 H10    2px        0.0000    0.0000    0.0000    0.0000    0.0000    0.0000   -0.0000   -0.0000   -0.0000    0.0000
   49 H10    2py        0.0000    0.0000    0.0000    0.0000    0.0000    0.0000   -0.0000   -0.0000   -0.0000    0.0000
   50 H10    2pz        0.0026    0.0042    0.0047   -0.0060    0.0110   -0.0231   -0.0484    0.0922   -0.1551   -0.3138
 
 
      Orbital               21        22        23        24        25        26        27        28        29        30
      Energy            0.7648    0.8695    0.8695    0.8786    0.8786    0.8934    0.8934    0.9127    0.9127    0.9353
      Occ. No.          0.0000    0.0000    0.0000    0.0000    0.0000    0.0000    0.0000    0.0000    0.0000    0.0000
 
    1 H1     1s        -0.0818    0.0000    0.0000    0.0000    0.0000   -0.0000    0.0000    0.0000   -0.0000   -0.0000
    2 H1     2s        -0.1458    0.0000    0.0000   -0.0000   -0.0000   -0.0000   -0.0000   -0.0000    0.0000   -0.0000
    3 H1     2px       -0.0000    0.1045    0.0450   -0.1212   -0.1828    0.3039    0.0597    0.1965   -0.3228   -0.2011
    4 H1     2py       -0.0000   -0.0450    0.1045   -0.1828    0.1212   -0.0597    0.3039   -0.3228   -0.1965    0.3647
    5 H1     2pz        0.2855   -0.0000   -0.0000    0.0000    0.0000    0.0000    0.0000    0.0000   -0.0000    0.0000
    6 H2     1s         0.0774    0.0000    0.0000   -0.0000    0.0000   -0.0000   -0.0000   -0.0000   -0.0000   -0.0000
    7 H2     2s         0.2156   -0.0000   -0.0000    0.0000    0.0000    0.0000    0.0000    0.0000   -0.0000   -0.0000
    8 H2     2px       -0.0000    0.2033    0.0875   -0.2070   -0.3123    0.4051    0.0796    0.1675   -0.2753   -0.0618
    9 H2     2py       -0.0000   -0.0875    0.2033   -0.3123    0.2070   -0.0796    0.4051   -0.2753   -0.1675    0.1121
   10 H2     2pz       -0.3258    0.0000    0.0000   -0.0000    0.0000   -0.0000   -0.0000   -0.0000    0.0000   -0.0000
   11 H3     1s        -0.0653    0.0000    0.0000   -0.0000   -0.0000   -0.0000   -0.0000    0.0000   -0.0000   -0.0000
   12 H3     2s        -0.1802   -0.0000   -0.0000    0.0000   -0.0000    0.0000    0.0000    0.0000   -0.0000    0.0000
   13 H3     2px        0.0000    0.2853    0.1227   -0.2262   -0.3413    0.2230    0.0438   -0.0599    0.0985    0.1854
   14 H3     2py       -0.0000   -0.1227    0.2853   -0.3413    0.2262   -0.0438    0.2230    0.0985    0.0599   -0.3361
   15 H3     2pz        0.2908   -0.0000   -0.0000   -0.0000   -0.0000    0.0000    0.0000   -0.0000    0.0000    0.0000
   16 H4     1s         0.0416   -0.0000   -0.0000    0.0000    0.0000   -0.0000   -0.0000    0.0000   -0.0000   -0.0000
   17 H4     2s         0.1094    0.0000    0.0000   -0.0000    0.0000   -0.0000   -0.0000   -0.0000    0.0000   -0.0000
   18 H4     2px        0.0000    0.3434    0.1477   -0.1732   -0.2612   -0.1129   -0.0222   -0.2159    0.3547    0.1126
   19 H4     2py        0.0000   -0.1477    0.3434   -0.2612    0.1732    0.0222   -0.1129    0.3547    0.2159   -0.2042
   20 H4     2pz       -0.2515   -0.0000   -0.0000    0.0000    0.0000    0.0000    0.0000    0.0000   -0.0000    0.0000
   21 H5     1s        -0.0136   -0.0000   -0.0000    0.0000    0.0000    0.0000    0.0000   -0.0000   -0.0000    0.0000
   22 H5     2s        -0.0359   -0.0000   -0.0000    0.0000   -0.0000    0.0000    0.0000    0.0000   -0.0000    0.0000
   23 H5     2px        0.0000    0.3738    0.1608   -0.0644   -0.0971   -0.3718   -0.0731   -0.1179    0.1938   -0.1550
   24 H5     2py        0.0000   -0.1608    0.3738   -0.0971    0.0644    0.0731   -0.3718    0.1938    0.1179    0.2810
   25 H5     2pz        0.2303    0.0000    0.0000   -0.0000    0.0000   -0.0000   -0.0000   -0.0000   -0.0000   -0.0000
   26 H6     1s        -0.0136   -0.0000   -0.0000    0.0000    0.0000    0.0000    0.0000    0.0000   -0.0000    0.0000
   27 H6     2s        -0.0359    0.0000    0.0000   -0.0000    0.0000   -0.0000   -0.0000   -0.0000   -0.0000   -0.0000
   28 H6     2px        0.0000    0.3738    0.1608    0.0644    0.0971   -0.3718   -0.0731    0.1179   -0.1938   -0.1550
   29 H6     2py        0.0000   -0.1608    0.3738    0.0971   -0.0644    0.0731   -0.3718   -0.1938   -0.1179    0.2810
   30 H6     2pz       -0.2303   -0.0000   -0.0000   -0.0000   -0.0000    0.0000    0.0000   -0.0000   -0.0000    0.0000
   31 H7     1s         0.0416   -0.0000   -0.0000    0.0000    0.0000    0.0000    0.0000    0.0000   -0.0000    0.0000
   32 H7     2s         0.1094   -0.0000   -0.0000   -0.0000   -0.0000    0.0000    0.0000   -0.0000    0.0000    0.0000
   33 H7     2px        0.0000    0.3434    0.1477    0.1732    0.2612   -0.1129   -0.0222    0.2159   -0.3547    0.1126
   34 H7     2py        0.0000   -0.1477    0.3434    0.2612   -0.1732    0.0222   -0.1129   -0.3547   -0.2159   -0.2042
   35 H7     2pz        0.2515   -0.0000   -0.0000    0.0000    0.0000    0.0000   -0.0000   -0.0000    0.0000   -0.0000
   36 H8     1s        -0.0653   -0.0000   -0.0000    0.0000    0.0000    0.0000    0.0000    0.0000   -0.0000    0.0000
   37 H8     2s        -0.1802    0.0000    0.0000    0.0000   -0.0000   -0.0000   -0.0000    0.0000   -0.0000   -0.0000
   38 H8     2px       -0.0000    0.2853    0.1227    0.2262    0.3413    0.2230    0.0438    0.0599   -0.0985    0.1854
   39 H8     2py       -0.0000   -0.1227    0.2853    0.3413   -0.2262   -0.0438    0.2230   -0.0985   -0.0599   -0.3361
   40 H8     2pz       -0.2908    0.0000    0.0000   -0.0000   -0.0000   -0.0000   -0.0000    0.0000   -0.0000    0.0000
   41 H9     1s         0.0774   -0.0000   -0.0000    0.0000    0.0000    0.0000    0.0000   -0.0000    0.0000    0.0000
   42 H9     2s         0.2156    0.0000    0.0000   -0.0000   -0.0000   -0.0000   -0.0000    0.0000   -0.0000    0.0000
   43 H9     2px        0.0000    0.2033    0.0875    0.2071    0.3123    0.4051    0.0796   -0.1675    0.2753   -0.0618
   44 H9     2py       -0.0000   -0.0875    0.2033    0.3123   -0.2071   -0.0796    0.4051    0.2753    0.1675    0.1121
   45 H9     2pz        0.3258    0.0000    0.0000   -0.0000   -0.0000   -0.0000   -0.0000    0.0000   -0.0000   -0.0000
   46 H10    1s        -0.0818    0.0000    0.0000   -0.0000   -0.0000   -0.0000   -0.0000    0.0000   -0.0000   -0.0000
   47 H10    2s        -0.1458   -0.0000   -0.0000    0.0000    0.0000    0.0000    0.0000   -0.0000    0.0000    0.0000
   48 H10    2px       -0.0000    0.1045    0.0450    0.1212    0.1828    0.3039    0.0597   -0.1965    0.3228   -0.2011
   49 H10    2py       -0.0000   -0.0450    0.1045    0.1828   -0.1212   -0.0597    0.3039    0.3228    0.1965    0.3647
   50 H10    2pz       -0.2855   -0.0000   -0.0000    0.0000    0.0000    0.0000    0.0000   -0.0000    0.0000    0.0000
 
 
      Orbital               31        32        33        34        35        36        37        38        39        40
      Energy            0.9353    0.9600    0.9600    0.9840    0.9840    1.0058    1.0058    1.0157    1.0232    1.0232
      Occ. No.          0.0000    0.0000    0.0000    0.0000    0.0000    0.0000    0.0000    0.0000    0.0000    0.0000
 
    1 H1     1s         0.0000   -0.0000    0.0000    0.0000   -0.0000   -0.0000   -0.0000    0.0520   -0.0000   -0.0000
    2 H1     2s         0.0000   -0.0000   -0.0000    0.0000    0.0000   -0.0000   -0.0000    0.1036   -0.0000   -0.0000
    3 H1     2px        0.3647    0.2679   -0.3291    0.3133    0.2471   -0.3018   -0.1497   -0.0000    0.2228    0.0985
    4 H1     2py        0.2011   -0.3291   -0.2679   -0.2471    0.3133    0.1497   -0.3018   -0.0000   -0.0985    0.2228
    5 H1     2pz       -0.0000   -0.0000    0.0000    0.0000    0.0000   -0.0000   -0.0000    0.1206   -0.0000   -0.0000
    6 H2     1s         0.0000    0.0000    0.0000   -0.0000   -0.0000    0.0000    0.0000   -0.1627    0.0000    0.0000
    7 H2     2s         0.0000    0.0000   -0.0000   -0.0000   -0.0000    0.0000    0.0000   -0.3530    0.0000    0.0000
    8 H2     2px        0.1121   -0.0715    0.0878   -0.2532   -0.1998    0.3870    0.1920    0.0000   -0.3679   -0.1627
    9 H2     2py        0.0618    0.0878    0.0715    0.1998   -0.2532   -0.1920    0.3870    0.0000    0.1627   -0.3679
   10 H2     2pz        0.0000    0.0000   -0.0000   -0.0000   -0.0000    0.0000    0.0000   -0.1988    0.0000    0.0000
   11 H3     1s         0.0000   -0.0000    0.0000    0.0000    0.0000   -0.0000   -0.0000    0.3051   -0.0000   -0.0000
   12 H3     2s        -0.0000   -0.0000    0.0000    0.0000    0.0000   -0.0000   -0.0000    0.6744   -0.0000   -0.0000
   13 H3     2px       -0.3361   -0.2479    0.3045   -0.1009   -0.0796   -0.2081   -0.1032   -0.0000    0.3984    0.1761
   14 H3     2py       -0.1854    0.3045    0.2479    0.0796   -0.1009    0.1032   -0.2081   -0.0000   -0.1761    0.3984
   15 H3     2pz       -0.0000   -0.0000    0.0000    0.0000    0.0000   -0.0000   -0.0000    0.2082   -0.0000   -0.0000
   16 H4     1s         0.0000    0.0000    0.0000   -0.0000   -0.0000    0.0000    0.0000   -0.4324    0.0000    0.0000
   17 H4     2s         0.0000    0.0000   -0.0000   -0.0000   -0.0000    0.0000    0.0000   -0.9643    0.0000    0.0000
   18 H4     2px       -0.2042    0.1451   -0.1783    0.3367    0.2656   -0.1119   -0.0555    0.0000   -0.3038   -0.1343
   19 H4     2py       -0.1126   -0.1783   -0.1451   -0.2656    0.3367    0.0555   -0.1119    0.0000    0.1343   -0.3038
   20 H4     2pz       -0.0000    0.0000   -0.0000    0.0000    0.0000    0.0000    0.0000   -0.1550   -0.0000   -0.0000
   21 H5     1s        -0.0000   -0.0000    0.0000    0.0000    0.0000   -0.0000   -0.0000    0.5076   -0.0000    0.0000
   22 H5     2s        -0.0000   -0.0000    0.0000    0.0000    0.0000   -0.0000   -0.0000    1.1338   -0.0000    0.0000
   23 H5     2px        0.2810    0.2056   -0.2526   -0.1823   -0.1438    0.3565    0.1769    0.0000    0.1128    0.0499
   24 H5     2py        0.1550   -0.2526   -0.2056    0.1438   -0.1823   -0.1769    0.3565   -0.0000   -0.0499    0.1128
   25 H5     2pz        0.0000   -0.0000    0.0000   -0.0000   -0.0000   -0.0000   -0.0000    0.0562    0.0000    0.0000
   26 H6     1s        -0.0000    0.0000   -0.0000   -0.0000   -0.0000    0.0000    0.0000   -0.5076   -0.0000   -0.0000
   27 H6     2s         0.0000    0.0000   -0.0000   -0.0000   -0.0000    0.0000    0.0000   -1.1338   -0.0000   -0.0000
   28 H6     2px        0.2810   -0.2056    0.2526   -0.1823   -0.1438   -0.3565   -0.1769   -0.0000    0.1129    0.0499
   29 H6     2py        0.1550    0.2526    0.2056    0.1438   -0.1823    0.1769   -0.3565   -0.0000   -0.0499    0.1129
   30 H6     2pz       -0.0000   -0.0000    0.0000    0.0000    0.0000   -0.0000    0.0000    0.0562   -0.0000   -0.0000
   31 H7     1s        -0.0000   -0.0000    0.0000    0.0000    0.0000   -0.0000   -0.0000    0.4324    0.0000    0.0000
   32 H7     2s        -0.0000   -0.0000    0.0000    0.0000    0.0000   -0.0000   -0.0000    0.9644    0.0000    0.0000
   33 H7     2px       -0.2042   -0.1451    0.1783    0.3367    0.2656    0.1119    0.0555    0.0000   -0.3038   -0.1343
   34 H7     2py       -0.1126    0.1783    0.1451   -0.2656    0.3367   -0.0555    0.1119    0.0000    0.1343   -0.3038
   35 H7     2pz        0.0000    0.0000   -0.0000   -0.0000   -0.0000    0.0000    0.0000   -0.1550    0.0000    0.0000
   36 H8     1s        -0.0000   -0.0000    0.0000    0.0000    0.0000    0.0000    0.0000   -0.3051   -0.0000   -0.0000
   37 H8     2s         0.0000    0.0000   -0.0000   -0.0000   -0.0000    0.0000    0.0000   -0.6744   -0.0000   -0.0000
   38 H8     2px       -0.3361    0.2479   -0.3045   -0.1009   -0.0796    0.2081    0.1032   -0.0000    0.3984    0.1761
   39 H8     2py       -0.1854   -0.3045   -0.2479    0.0796   -0.1009   -0.1032    0.2081   -0.0000   -0.1761    0.3984
   40 H8     2pz       -0.0000   -0.0000    0.0000    0.0000    0.0000   -0.0000   -0.0000    0.2082    0.0000    0.0000
   41 H9     1s        -0.0000    0.0000   -0.0000    0.0000    0.0000   -0.0000   -0.0000    0.1627    0.0000    0.0000
   42 H9     2s        -0.0000   -0.0000    0.0000    0.0000    0.0000   -0.0000   -0.0000    0.3530    0.0000    0.0000
   43 H9     2px        0.1121    0.0715   -0.0878   -0.2532   -0.1998   -0.3870   -0.1920    0.0000   -0.3679   -0.1627
   44 H9     2py        0.0618   -0.0878   -0.0715    0.1998   -0.2532    0.1920   -0.3870    0.0000    0.1627   -0.3679
   45 H9     2pz        0.0000    0.0000   -0.0000   -0.0000   -0.0000    0.0000    0.0000   -0.1988   -0.0000   -0.0000
   46 H10    1s         0.0000   -0.0000    0.0000   -0.0000   -0.0000    0.0000    0.0000   -0.0520   -0.0000   -0.0000
   47 H10    2s        -0.0000    0.0000   -0.0000    0.0000    0.0000    0.0000    0.0000   -0.1036   -0.0000   -0.0000
   48 H10    2px        0.3647   -0.2679    0.3291    0.3133    0.2471    0.3018    0.1497   -0.0000    0.2228    0.0985
   49 H10    2py        0.2011    0.3291    0.2679   -0.2471    0.3133   -0.1497    0.3018   -0.0000   -0.0985    0.2228
   50 H10    2pz       -0.0000    0.0000   -0.0000    0.0000    0.0000   -0.0000   -0.0000    0.1206    0.0000    0.0000
 
 
      Orbital               41        42        43        44        45        46        47        48        49        50
      Energy            1.0254    1.0345    1.0345    1.0475    1.0827    1.1287    1.1798    1.2304    1.2735    1.3027
      Occ. No.          0.0000    0.0000    0.0000    0.0000    0.0000    0.0000    0.0000    0.0000    0.0000    0.0000
 
    1 H1     1s         0.0825    0.0000    0.0000    0.0938    0.0920   -0.0860    0.0780    0.0663   -0.0492    0.0264
    2 H1     2s         0.1750   -0.0000   -0.0000    0.2108    0.2128   -0.1940    0.1629    0.1246   -0.0835    0.0418
    3 H1     2px        0.0000   -0.0670   -0.1086   -0.0000    0.0000    0.0000    0.0000    0.0000   -0.0000    0.0000
    4 H1     2py        0.0000   -0.1086    0.0670    0.0000    0.0000   -0.0000    0.0000    0.0000   -0.0000    0.0000
    5 H1     2pz        0.2346   -0.0000   -0.0000    0.3298    0.3908   -0.4156    0.4003    0.3434   -0.2509    0.1324
    6 H2     1s        -0.2343    0.0000    0.0000   -0.2333   -0.1890    0.1322   -0.0751   -0.0268   -0.0029    0.0094
    7 H2     2s        -0.5217    0.0000    0.0000   -0.5207   -0.4057    0.2618   -0.1375   -0.0526    0.0087    0.0038
    8 H2     2px       -0.0000    0.1264    0.2048   -0.0000   -0.0000   -0.0000   -0.0000   -0.0000    0.0000   -0.0000
    9 H2     2py       -0.0000    0.2048   -0.1264   -0.0000   -0.0000    0.0000   -0.0000    0.0000   -0.0000    0.0000
   10 H2     2pz       -0.2834    0.0000    0.0000   -0.2311   -0.0559   -0.1783    0.3878    0.4952   -0.4547    0.2710
   11 H3     1s         0.3437   -0.0000   -0.0000    0.2279    0.0795    0.0197   -0.0536   -0.0340   -0.0011    0.0148
   12 H3     2s         0.7767   -0.0000   -0.0000    0.5115    0.1686    0.0355   -0.0823   -0.0406   -0.0071    0.0197
   13 H3     2px        0.0000   -0.1762   -0.2855    0.0000    0.0000   -0.0000   -0.0000   -0.0000   -0.0000    0.0000
   14 H3     2py        0.0000   -0.2855    0.1762    0.0000    0.0000   -0.0000   -0.0000   -0.0000    0.0000   -0.0000
   15 H3     2pz        0.1055   -0.0000    0.0000   -0.1927   -0.4440    0.4318   -0.1355    0.2625   -0.4869    0.3751
   16 H4     1s        -0.3105    0.0000    0.0000   -0.0437    0.0979   -0.0674   -0.0173   -0.0556    0.0256    0.0066
   17 H4     2s        -0.7056    0.0000    0.0000   -0.0932    0.2127   -0.1287   -0.0293   -0.0793    0.0335    0.0052
   18 H4     2px       -0.0000    0.2118    0.3432   -0.0000   -0.0000    0.0000   -0.0000    0.0000    0.0000   -0.0000
   19 H4     2py       -0.0000    0.3432   -0.2118   -0.0000   -0.0000   -0.0000    0.0000    0.0000    0.0000   -0.0000
   20 H4     2pz        0.1754   -0.0000   -0.0000    0.4468    0.2453    0.2541   -0.4664   -0.1301   -0.3779    0.4555
   21 H5     1s         0.1244   -0.0000    0.0000   -0.1467   -0.0806   -0.0684    0.0612   -0.0194    0.0338    0.0030
   22 H5     2s         0.2848   -0.0000   -0.0000   -0.3384   -0.1742   -0.1316    0.1002   -0.0267    0.0401    0.0049
   23 H5     2px        0.0000   -0.2304   -0.3733    0.0000    0.0000   -0.0000    0.0000   -0.0000   -0.0000    0.0000
   24 H5     2py        0.0000   -0.3733    0.2304    0.0000    0.0000   -0.0000    0.0000   -0.0000   -0.0000    0.0000
   25 H5     2pz       -0.3819    0.0000    0.0000   -0.2311    0.3402   -0.3495   -0.2609   -0.4428   -0.1393    0.4955
   26 H6     1s         0.1244    0.0000    0.0000    0.1467   -0.0806    0.0684    0.0612    0.0194    0.0338   -0.0030
   27 H6     2s         0.2848    0.0000    0.0000    0.3384   -0.1742    0.1316    0.1002    0.0267    0.0401   -0.0049
   28 H6     2px        0.0000    0.2304    0.3733    0.0000    0.0000   -0.0000   -0.0000   -0.0000   -0.0000    0.0000
   29 H6     2py        0.0000    0.3733   -0.2304    0.0000    0.0000   -0.0000   -0.0000   -0.0000   -0.0000    0.0000
   30 H6     2pz        0.3819   -0.0000    0.0000   -0.2311   -0.3402   -0.3495    0.2609   -0.4428    0.1393    0.4955
   31 H7     1s        -0.3105    0.0000    0.0000    0.0437    0.0979    0.0674   -0.0173    0.0556    0.0256   -0.0066
   32 H7     2s        -0.7056    0.0000   -0.0000    0.0932    0.2127    0.1287   -0.0293    0.0793    0.0335   -0.0052
   33 H7     2px       -0.0000   -0.2118   -0.3432   -0.0000   -0.0000   -0.0000    0.0000   -0.0000    0.0000   -0.0000
   34 H7     2py       -0.0000   -0.3432    0.2118   -0.0000    0.0000   -0.0000   -0.0000   -0.0000   -0.0000   -0.0000
   35 H7     2pz       -0.1754    0.0000   -0.0000    0.4468   -0.2453    0.2541    0.4664   -0.1301    0.3779    0.4555
   36 H8     1s         0.3437    0.0000    0.0000   -0.2279    0.0795   -0.0197   -0.0536    0.0340   -0.0011   -0.0148
   37 H8     2s         0.7767   -0.0000    0.0000   -0.5115    0.1686   -0.0355   -0.0823    0.0406   -0.0071   -0.0197
   38 H8     2px        0.0000    0.1762    0.2855    0.0000    0.0000    0.0000   -0.0000    0.0000   -0.0000    0.0000
   39 H8     2py        0.0000    0.2855   -0.1762    0.0000   -0.0000    0.0000    0.0000    0.0000   -0.0000   -0.0000
   40 H8     2pz       -0.1055    0.0000    0.0000   -0.1927    0.4440    0.4318    0.1355    0.2625    0.4869    0.3751
   41 H9     1s        -0.2343   -0.0000   -0.0000    0.2333   -0.1890   -0.1322   -0.0751    0.0268   -0.0029   -0.0094
   42 H9     2s        -0.5217    0.0000   -0.0000    0.5207   -0.4057   -0.2618   -0.1375    0.0526    0.0087   -0.0038
   43 H9     2px       -0.0000   -0.1264   -0.2048   -0.0000   -0.0000    0.0000    0.0000   -0.0000    0.0000   -0.0000
   44 H9     2py       -0.0000   -0.2048    0.1264   -0.0000   -0.0000    0.0000    0.0000    0.0000    0.0000   -0.0000
   45 H9     2pz        0.2834   -0.0000    0.0000   -0.2311    0.0559   -0.1783   -0.3878    0.4952    0.4547    0.2710
   46 H10    1s         0.0825    0.0000    0.0000   -0.0938    0.0919    0.0860    0.0780   -0.0663   -0.0492   -0.0264
   47 H10    2s         0.1750   -0.0000    0.0000   -0.2108    0.2128    0.1940    0.1629   -0.1246   -0.0835   -0.0418
   48 H10    2px        0.0000    0.0670    0.1086    0.0000   -0.0000   -0.0000   -0.0000    0.0000    0.0000    0.0000
   49 H10    2py        0.0000    0.1086   -0.0670    0.0000   -0.0000   -0.0000   -0.0000   -0.0000   -0.0000    0.0000
   50 H10    2pz       -0.2346    0.0000   -0.0000    0.3298   -0.3908   -0.4156   -0.4003    0.3434    0.2509    0.1324
--
 
      Von Neumann Entropy (Root  1) =  4.81465
 

      Mulliken population analysis for root number:  1
      -----------------------------------------------
 
 
++    Molecular charges:
      ------------------
 
      Mulliken charges per centre and basis function type
      ---------------------------------------------------
 
                H1      H2      H3      H4      H5      H6      H7      H8      H9      H10   
      1s       0.9932  1.0010  1.0017  1.0014  1.0015  1.0015  1.0014  1.0017  1.0010  0.9932
      2s       0.0056  0.0002 -0.0018 -0.0015 -0.0016 -0.0016 -0.0015 -0.0018  0.0002  0.0056
      2px      0.0000  0.0000  0.0000  0.0000  0.0000  0.0000  0.0000  0.0000  0.0000  0.0000
      2pz     -0.0001  0.0001  0.0001  0.0001  0.0001  0.0001  0.0001  0.0001  0.0001 -0.0001
      2py      0.0000  0.0000  0.0000  0.0000  0.0000  0.0000  0.0000  0.0000  0.0000  0.0000
      Total    0.9987  1.0013  1.0000  1.0000  1.0000  1.0000  1.0000  1.0000  1.0013  0.9987
 
      N-E      0.0013 -0.0013  0.0000  0.0000  0.0000  0.0000  0.0000  0.0000 -0.0013  0.0013
 
      Total electronic charge=   10.000000
 
      Total            charge=   -0.000000
--
 
 

      Expectation values of various properties for root number:  1
      -----------------------------------------------------------
 
 
++    Molecular properties:
      ---------------------
 
      Charge (e):
                      =   -0.0000
      Dipole Moment (Debye):
      Origin of the operator (Ang)=    0.0000    0.0000    0.0000
                   X= -3.4911E-08               Y= -1.9794E-08               Z= -2.6534E-05           Total=  2.6534E-05
      Quadrupole Moment (Debye*Ang):
      Origin of the operator (Ang)=    0.0000    0.0000   12.0818
                  XX= -1.5141E+01              XY= -2.0876E-15              XZ=  1.5081E-07              YY= -1.5141E+01
                  YZ=  2.3239E-07              ZZ= -1.5093E+01
      In traceless form (Debye*Ang)
                  XX= -2.3585E-02              XY= -3.1314E-15              XZ=  2.2622E-07              YY= -2.3585E-02
                  YZ=  3.4859E-07              ZZ=  4.7171E-02
--
 

      LoProp population analysis for root number:  1
      -----------------------------------------------
 
 
++    LoProp analysis:
      ----------------
 
 
 
  Input file to MOLDEN was generated!
 
 
++    Static properties:
      ------------------
 
 
      LoProp Charges per center
 

                   H1       H2       H3       H4       H5       H6       H7       H8       H9       H10   
      Nuclear      1.0000   1.0000   1.0000   1.0000   1.0000   1.0000   1.0000   1.0000   1.0000   1.0000
      Electronic  -1.0001  -0.9999  -1.0000  -1.0000  -1.0000  -1.0000  -1.0000  -1.0000  -0.9999  -1.0001
 
      Total       -0.0001   0.0001   0.0000  -0.0000   0.0000   0.0000  -0.0000   0.0000   0.0001  -0.0001
--
 
 
      Natural Bond Order analysis for root number:  1
 
++    Natural Bond Order analysis
      ---------------------------
      Based on LoProp computed density
      -------------------------------------------------------------------------------------
      Atom A       Atom B       Bond Order
      -------------------------------------------------------------------------------------
      The remaining   10.000 electrons are to be considered as diffuse
--
 
--
 
 
  Input file to MOLDEN was generated!
 
      Average orbitals are written to the RASORB file
      Natural orbitals for root   1 are written to the RASORB.1 file
      Spin density orbitals for root   1 are written to the SPDORB.1 file
 
 ###############################################################################
 ###############################################################################
 ###                                                                         ###
 ###                                                                         ###
 ###    RunFile label BirthCertificate                                       ###
 ###    was used       57 times                                              ###
 ###                                                                         ###
 ###                                                                         ###
 ###############################################################################
 ###############################################################################
forrtl: warning (525): IEEE_DIVIDE_BY_ZERO is signaling
forrtl: warning (526): IEEE_INVALID is signaling
forrtl: warning (528): IEEE_UNDERFLOW is signaling
--- Stop Module: rasscf at Sun Oct 26 18:03:55 2025 /rc=_RC_ALL_IS_WELL_ ---
*** files: H10_2.68.LprOrb H10_2.68.rasscf.molden H10_2.68.LoProp.molden H10_2.68.RasOrb.1 H10_2.68.RasOrb H10_2.68.rasscf.h5 H10_2.68.SpdOrb.1 xmldump
    saved to directory ${LOCALHOME}/DDCASPT2/hydrogen_comps/rerun/H10_chain/H10_2.68
--- Module rasscf spent 59 seconds ---

>>> COPY /tmp/H10_2.68/H10_2.68.rasscf.h5 ${LOCALHOME}/DDCASPT2/hydrogen_comps/rerun/H10_chain/H10_2.68/

>>> COPY /tmp/H10_2.68/DDCASPT2_Fock_MO.csv ${LOCALHOME}/DDCASPT2/hydrogen_comps/rerun/H10_chain/H10_2.68/H10_2.68.DDCASPT2_Fock_MO.csv

*** symbolic link created: INPORB -> H10_2.68.RasOrb
--- Start Module: motra at Sun Oct 26 18:03:55 2025 ---
 
()()()()()()()()()()()()()()()()()()()()()()()()()()()()()()()()()()()()()()()()()()()()()()()()()()

                                               &MOTRA

                                   only a single process is used
                       available to each process: 2.0 GB of memory, 1 thread?
()()()()()()()()()()()()()()()()()()()()()()()()()()()()()()()()()()()()()()()()()()()()()()()()()()
 
 
      *** WARNING: Default frozen orbitals is overwritten by user input.
      *** Default values:   0
 
      Header of the integral files:
      
       Integrals generated by seward 4.2.0  , Sun Oct 26 18:02:55 2025
 
 
      Header of MO coefficients source file:
      * RASSCF average (pseudo-natural) orbitals                                      
 
 
      Cartesian coordinates in Angstrom:
      -----------------------------------------------------
      No.  Label        X            Y            Z        
      -----------------------------------------------------
       1   H1         0.00000000   0.00000000   0.00000000
       2   H2         0.00000000   0.00000000   2.68484800
       3   H3         0.00000000   0.00000000   5.36969700
       4   H4         0.00000000   0.00000000   8.05454500
       5   H5         0.00000000   0.00000000  10.73939400
       6   H6         0.00000000   0.00000000  13.42424200
       7   H7         0.00000000   0.00000000  16.10909100
       8   H8         0.00000000   0.00000000  18.79393900
       9   H9         0.00000000   0.00000000  21.47878800
      10   H10        0.00000000   0.00000000  24.16363600
      -----------------------------------------------------
      Nuclear repulsion energy =    3.80195028
 
      Orbital specifications:
      -----------------------
 
      Symmetry species:              1
      Number of basis functions:    50
      Frozen orbitals:               0
      Deleted orbitals:              0
      Number of orbitals used:      50

       SYMMETRY  BASIS FUNCTIONS       ORBITALS      INTEGRALS   CPU(SEC)  I/O(SEC)
        1 1 1 1   50  50  50  50    50  50  50  50      813450       0.00      0.00

       TOTAL CPU TIME(SEC)    0.44TOTAL I/O TIME(SEC)    1.18
 
--- Stop Module: motra at Sun Oct 26 18:03:57 2025 /rc=_RC_ALL_IS_WELL_ ---
*** files: xmldump
    saved to directory ${LOCALHOME}/DDCASPT2/hydrogen_comps/rerun/H10_chain/H10_2.68
--- Module motra spent 1 second ---

>>> COPY /tmp/H10_2.68/DDCASPT2_one_int_indx.csv ${LOCALHOME}/DDCASPT2/hydrogen_comps/rerun/H10_chain/H10_2.68/H10_2.68.DDCASPT2_one_int_indx.csv

>>> COPY /tmp/H10_2.68/DDCASPT2_one_int.csv ${LOCALHOME}/DDCASPT2/hydrogen_comps/rerun/H10_chain/H10_2.68/H10_2.68.DDCASPT2_one_int.csv

>>> COPY /tmp/H10_2.68/DDCASPT2_two_int_indx.csv ${LOCALHOME}/DDCASPT2/hydrogen_comps/rerun/H10_chain/H10_2.68/H10_2.68.DDCASPT2_two_int_indx.csv

>>> COPY /tmp/H10_2.68/DDCASPT2_two_int.csv ${LOCALHOME}/DDCASPT2/hydrogen_comps/rerun/H10_chain/H10_2.68/H10_2.68.DDCASPT2_two_int.csv

*** symbolic link created: INPORB -> H10_2.68.RasOrb
--- Start Module: caspt2 at Sun Oct 26 18:03:57 2025 ---
 
()()()()()()()()()()()()()()()()()()()()()()()()()()()()()()()()()()()()()()()()()()()()()()()()()()

                                              &CASPT2

                                   only a single process is used
                       available to each process: 2.0 GB of memory, 1 thread?
()()()()()()()()()()()()()()()()()()()()()()()()()()()()()()()()()()()()()()()()()()()()()()()()()()
 
 Cholesky algorithm in CASPT2 =    1
 
 ###############################################################################
 ###############################################################################
 ###                                                                         ###
 ###                                                                         ###
 ###    User changed nr of frozen orbitals.                                  ###
 ###                                                                         ###
 ###                                                                         ###
 ###############################################################################
 ###############################################################################
 
++    Wave function specifications:
      -----------------------------
 
      Number of closed shell electrons           0
      Number of electrons in active shells      10
      Max number of holes in RAS1 space          0
      Max number of electrons in RAS3 space      0
      Number of inactive orbitals                0
      Number of active orbitals                 10
      Number of secondary orbitals              40
      Spin quantum number                      0.0
      State symmetry                             1
      Number of CSFs                         19404
      Number of root(s) available                1
      Root passed to geometry opt.               1
      A file JOBMIX will be created.
      This is a CASSCF or RASSCF reference function
--
 
++    Orbital specifications:
      -----------------------
 
      Symmetry species                           1
                                                 a
      Frozen orbitals                            0
      Inactive orbitals                          0
      Active orbitals                           10
      Secondary orbitals                        40
      Deleted orbitals                           0
      Number of basis functions                 50
--
 
      Type of Fock operator: STANDARD
      Type of 0-order Hamiltonian: STANDARD WITH DEFAULT IPEA
        "IP-EA" denominator shift =      0.25
      The input orbitals and the CI vector will be transformed.
 
--------------------------------------------------------------------------------
 Estimated memory requirements:
  POLY3 :                  3551880
  RHS:                      835500
  SIGMA :                   430400
  PRPCTL:                        0
 Available workspace:    230354915
 
++ CASPT2 computation for group   1
 
********************************************************************************
 Multi-State initialization phase begins for group   1
--------------------------------------------------------------------------------
********************************************************************************
 Compute H0 matrices for state    1
--------------------------------------------------------------------------------
--------------------------------------------------------------------------------
 H0 matrices have been computed.
 
********************************************************************************
  CASPT2 EQUATION SOLUTION
--------------------------------------------------------------------------------
 
  Total nr of CASPT2 parameters:
   Before reduction:      120200
   After  reduction:      119320
 
 The contributions to the second order correlation energy in atomic units.
-----------------------------------------------------------------------------------------------------------------------------
  IT.      VJTU        VJTI        ATVX        AIVX        VJAI        BVAT        BJAT        BJAI        TOTAL       RNORM  
-----------------------------------------------------------------------------------------------------------------------------
   1     0.000000    0.000000   -0.000683    0.000000    0.000000   -0.001838    0.000000    0.000000   -0.002521    0.000653
   2     0.000000    0.000000   -0.000690    0.000000    0.000000   -0.001840    0.000000    0.000000   -0.002530    0.000127
   3     0.000000    0.000000   -0.000691    0.000000    0.000000   -0.001840    0.000000    0.000000   -0.002532    0.000038
   4     0.000000    0.000000   -0.000691    0.000000    0.000000   -0.001840    0.000000    0.000000   -0.002531    0.000008
   5     0.000000    0.000000   -0.000691    0.000000    0.000000   -0.001840    0.000000    0.000000   -0.002531    0.000002
-------------------------------------------------------------------------------------------------------------------
 
  FINAL CASPT2 RESULT:
 
  Correlation energy /Case, /Symm, and sums:
 VJTU      0.00000000  0.00000000
 VJTIP     0.00000000  0.00000000
 VJTIM     0.00000000  0.00000000
 ATVX     -0.00069091 -0.00069091
 AIVX      0.00000000  0.00000000
 VJAIP     0.00000000  0.00000000
 VJAIM     0.00000000  0.00000000
 BVATP    -0.00162931 -0.00162931
 BVATM    -0.00021102 -0.00021102
 BJATP     0.00000000  0.00000000
 BJATM     0.00000000  0.00000000
 BJAIP     0.00000000  0.00000000
 BJAIM     0.00000000  0.00000000
 Summed:  -0.00253125 -0.00253125
 
      Reference energy:          -4.9946769569
      E2 (Non-variational):      -0.0025312481
      E2 (Variational):          -0.0025312478
      Total energy:              -4.9972082047
      Residual norm:              0.0000002923
      Reference weight:           0.99835
 
      Contributions to the CASPT2 correlation energy
      Active & Virtual Only:         -0.0025312481
      One Inactive Excited:           0.0000000000
      Two Inactive Excited:           0.0000000000
 
 
++ Denominators, etc.
----------------------------------------------------------------------------------------------------
 Report on small energy denominators, large coefficients, and large energy contributions.
CASE  SYMM ACTIVE-MIX  NON-ACTIVE INDICES          DENOMINATOR     RHS VALUE       COEFFICIENT     CONTRIBUTION
--
 
   (Skipping property calculation,
    use PROP keyword to activate)
--
 
  Total CASPT2 energies:
::    CASPT2 Root  1     Total energy:     -4.99720820
 
  A NEW JOBIPH FILE NAMED 'JOBMIX' IS PREPARED.
********************************************************************************
forrtl: warning (528): IEEE_UNDERFLOW is signaling
--- Stop Module: caspt2 at Sun Oct 26 18:04:03 2025 /rc=_RC_ALL_IS_WELL_ ---
*** files: xmldump
    saved to directory ${LOCALHOME}/DDCASPT2/hydrogen_comps/rerun/H10_chain/H10_2.68
--- Module caspt2 spent 6 seconds ---

>>> EXPORT i = B

>>> EXPORT j = P

>>> IF (-FILE DDCASPT2_e2_${i}_${j}_1_.csv)
(Skipped)

>>> END FOREACH

>>> EXPORT j = M

>>> IF (-FILE DDCASPT2_e2_${i}_${j}_1_.csv)
(Skipped)

>>> END FOREACH

>>> END FOREACH

>>> EXPORT i = E

>>> EXPORT j = P

>>> IF (-FILE DDCASPT2_e2_${i}_${j}_1_.csv)
(Skipped)

>>> END FOREACH

>>> EXPORT j = M

>>> IF (-FILE DDCASPT2_e2_${i}_${j}_1_.csv)
(Skipped)

>>> END FOREACH

>>> END FOREACH

>>> EXPORT i = F

>>> EXPORT j = P

>>> IF (-FILE DDCASPT2_e2_${i}_${j}_1_.csv)

>>> COPY /tmp/H10_2.68/DDCASPT2_RHS_F_P_1_.csv ${LOCALHOME}/DDCASPT2/hydrogen_comps/rerun/H10_chain/H10_2.68/DDCASPT2_RHS_F_P_1_.csv

>>> COPY /tmp/H10_2.68/DDCASPT2_IVECW_F_P_1_.csv ${LOCALHOME}/DDCASPT2/hydrogen_comps/rerun/H10_chain/H10_2.68/DDCASPT2_IVECW_F_P_1_.csv

>>> COPY /tmp/H10_2.68/DDCASPT2_IVECX_F_P_1_.csv ${LOCALHOME}/DDCASPT2/hydrogen_comps/rerun/H10_chain/H10_2.68/DDCASPT2_IVECX_F_P_1_.csv

>>> COPY /tmp/H10_2.68/DDCASPT2_IVECC2_F_P_1_.csv ${LOCALHOME}/DDCASPT2/hydrogen_comps/rerun/H10_chain/H10_2.68/DDCASPT2_IVECC2_F_P_1_.csv

>>> COPY /tmp/H10_2.68/DDCASPT2_e2_F_P_1_.csv ${LOCALHOME}/DDCASPT2/hydrogen_comps/rerun/H10_chain/H10_2.68/DDCASPT2_e2_F_P_1_.csv

>>> END FOREACH

>>> EXPORT j = M

>>> IF (-FILE DDCASPT2_e2_${i}_${j}_1_.csv)

>>> COPY /tmp/H10_2.68/DDCASPT2_RHS_F_M_1_.csv ${LOCALHOME}/DDCASPT2/hydrogen_comps/rerun/H10_chain/H10_2.68/DDCASPT2_RHS_F_M_1_.csv

>>> COPY /tmp/H10_2.68/DDCASPT2_IVECW_F_M_1_.csv ${LOCALHOME}/DDCASPT2/hydrogen_comps/rerun/H10_chain/H10_2.68/DDCASPT2_IVECW_F_M_1_.csv

>>> COPY /tmp/H10_2.68/DDCASPT2_IVECX_F_M_1_.csv ${LOCALHOME}/DDCASPT2/hydrogen_comps/rerun/H10_chain/H10_2.68/DDCASPT2_IVECX_F_M_1_.csv

>>> COPY /tmp/H10_2.68/DDCASPT2_IVECC2_F_M_1_.csv ${LOCALHOME}/DDCASPT2/hydrogen_comps/rerun/H10_chain/H10_2.68/DDCASPT2_IVECC2_F_M_1_.csv

>>> COPY /tmp/H10_2.68/DDCASPT2_e2_F_M_1_.csv ${LOCALHOME}/DDCASPT2/hydrogen_comps/rerun/H10_chain/H10_2.68/DDCASPT2_e2_F_M_1_.csv

>>> END FOREACH

>>> END FOREACH

>>> EXPORT i = G

>>> EXPORT j = P

>>> IF (-FILE DDCASPT2_e2_${i}_${j}_1_.csv)
(Skipped)

>>> END FOREACH

>>> EXPORT j = M

>>> IF (-FILE DDCASPT2_e2_${i}_${j}_1_.csv)
(Skipped)

>>> END FOREACH

>>> END FOREACH

>>> EXPORT i = H

>>> EXPORT j = P

>>> IF (-FILE DDCASPT2_e2_${i}_${j}_1_.csv)
(Skipped)

>>> END FOREACH

>>> EXPORT j = M

>>> IF (-FILE DDCASPT2_e2_${i}_${j}_1_.csv)
(Skipped)

>>> END FOREACH

>>> END FOREACH

>>> EXPORT i = A

>>> IF (-FILE DDCASPT2_e2_${i}_1_.csv)
(Skipped)

>>> END FOREACH

>>> EXPORT i = C

>>> IF (-FILE DDCASPT2_e2_${i}_1_.csv)

>>> COPY /tmp/H10_2.68/DDCASPT2_RHS_C_1_.csv ${LOCALHOME}/DDCASPT2/hydrogen_comps/rerun/H10_chain/H10_2.68/DDCASPT2_RHS_C_1_.csv

>>> COPY /tmp/H10_2.68/DDCASPT2_IVECW_C_1_.csv ${LOCALHOME}/DDCASPT2/hydrogen_comps/rerun/H10_chain/H10_2.68/DDCASPT2_IVECW_C_1_.csv

>>> COPY /tmp/H10_2.68/DDCASPT2_IVECX_C_1_.csv ${LOCALHOME}/DDCASPT2/hydrogen_comps/rerun/H10_chain/H10_2.68/DDCASPT2_IVECX_C_1_.csv

>>> COPY /tmp/H10_2.68/DDCASPT2_IVECC2_C_1_.csv ${LOCALHOME}/DDCASPT2/hydrogen_comps/rerun/H10_chain/H10_2.68/DDCASPT2_IVECC2_C_1_.csv

>>> COPY /tmp/H10_2.68/DDCASPT2_e2_C_1_.csv ${LOCALHOME}/DDCASPT2/hydrogen_comps/rerun/H10_chain/H10_2.68/DDCASPT2_e2_C_1_.csv

>>> END FOREACH

>>> EXPORT i = D

>>> IF (-FILE DDCASPT2_e2_${i}_1_.csv)
(Skipped)

>>> END FOREACH

.########################.
.# Non-zero return code #.
.########################.

    Timing: Wall=68.17 User=65.97 System=2.16
****************************************
*** WorkDir at /tmp/H10_2.68 cleaned ***
****************************************
