   This run of MOLCAS is using the pymolcas driver

                             OPE
                             OPE          NMOL  CASOP  ENMOLC A   SO
                 OPE        NMOLC        AS  OP EN  MO LC     AS  OP
                OPENM       OL CA        SO  PE NM  OL CA     SOP EN
                OP EN      MO   LC       AS  OP ENMOL  CASO   PENMOL
                OP  EN     MO   LC       AS  OP EN     MO     LC ASO
               OP   E  NMOL  C  AS       OP  EN MO     LC     AS  OP
               OP  E   NMO   LC AS        OPEN  MO     LCASOP EN   M
               O  PEN   MO  LCA  SO
            OPE   NMO   L   CAS    OP
        OPENMOL  CASOP     ENMOL   CASOPE
     OPENMOLCA   SOPENMOLCASOPEN   MOLCASOPE
    OPENMOLCAS   OP           EN   MOL    CAS
    OPENMOLCAS       OP  ENM        O     LCA
    OPENMOLCAS    OPEN  MOLCASO     P  E  NMO
    OPENMOLCAS     OP               E  N  MOL
    OPENMOLCA   SO           PENM   O  L  CAS    OPEN    MO    LCAS
    OPENMOLCA   SOP           ENM   O  L  CAS   OP  EN  MOLC  AS   O
    OPENMOLCA   SOPE           NM      O  LCA   S      OP  EN MO
    OPENMOLC                AS         O  PEN   M      OL  CA  SOPE
    OPENMO        LCASOPE  NMOL        C  ASO   P      ENMOLC     AS
    OPE     NMO      LCA  SO     P     E   NM   OL  CA SO  PE N   MO
          OPENMOLCA            SOPE   NMO        LCAS  O    P  ENMO
     OPENMOLCASOPENMOLCASOPENMOLCASOPENMOLCA
        OPENMOLCASOPENMOLCASOPENMOLCASOPE
            OPENMOLCASOPENMOLCASOPENM
               OPENMOLCASOPENMOLCA        version: f37762c57
                   OPENMOLCASO
                       OPE                tag:

 OpenMolcas is free software; you can redistribute it and/or modify it
 under the terms of the GNU Lesser General Public License version 2.1.
 OpenMolcas is distributed in the hope that it will be useful, but it
 is provided "as is" and without any express or implied warranties.
 For more details see the full text of the license in the file
 LICENSE or in <http://www.gnu.org/licenses/>.

                 Copyright (C) The OpenMolcas Authors
           For the author list and the recommended citation,
                   consult the file CONTRIBUTORS.md

           *************************************************
           * pymolcas version py2.28                       *
           *   build c4a6d18ded8cb6cad61d2372a9abd97c      *
           *   (after the EMIL interpreter by V. Veryazov) *
           *************************************************

configuration info
------------------
C Compiler ID: Intel
C flags: -std=gnu99 -gcc-sys
Fortran Compiler ID: IntelLLVM
Fortran flags: -standard-semantics -fltconsistency -fpp -i8 -heap-arrays
Definitions: _MOLCAS_;_I8_;_LINUX_
Parallel: OFF (GA=OFF)


   ----------------------------------------------------------------------------------------
  |
  |              Project: H10_2.78
  |       Submitted from: /home/grierjones/DDCASPT2/hydrogen_comps/rerun/H10_chain/H10_2.78
  |         Scratch area: /tmp/H10_2.78
  |      Save outputs to: /home/grierjones/DDCASPT2/hydrogen_comps/rerun/H10_chain/H10_2.78
  |               Molcas: /home/grierjones/Test/build
  |
  | Scratch area is empty
  |
  |       MOLCAS_DRIVER = /usr/local/pymolcas
  | MOLCAS_KEEP_WORKDIR = NO
  |  MOLCAS_NEW_WORKDIR = YES
  |       MOLCAS_NPROCS = 1
  |        MOLCAS_PRINT = NORMAL
  |       MOLCAS_SOURCE = /home/grierjones/Test
  |    MOLCAS_STRUCTURE = 0
  |
   ----------------------------------------------------------------------------------------

++ ---------   Input file   ---------

&GATEWAY
coord=H10_2.78.xyz
Basis = ANO-RCC-VDZP
Group = nosymm
End of Input

&SEWARD
End of Input

&SCF

>>> COPY $WorkDir/H10_2.78.scf.h5 $CurrDir/

&RASSCF
Title= RASSCF
FileOrb
/home/grierjones/DDCASPT2/hydrogen_comps/rerun/H10_chain/H10_0.60/H10_0.60.RasOrb
NACTEL
10 0 0
Inactive
0
RAS2
10
Symmetry
1
Spin
1
orblisting
all

>>> COPY $WorkDir/H10_2.78.rasscf.h5 $CurrDir/

>>> COPY $WorkDir/GMJ_Fock_MO.csv $CurrDir/H10_2.78.GMJ_Fock_MO.csv

&MOTRA
Frozen=0
LUMORB

>>> COPY $WorkDir/GMJ_one_int_indx.csv $CurrDir/H10_2.78.GMJ_one_int_indx.csv

>>> COPY $WorkDir/GMJ_one_int.csv $CurrDir/H10_2.78.GMJ_one_int.csv

>>> COPY $WorkDir/GMJ_two_int_indx.csv $CurrDir/H10_2.78.GMJ_two_int_indx.csv

>>> COPY $WorkDir/GMJ_two_int.csv $CurrDir/H10_2.78.GMJ_two_int.csv

&CASPT2
Frozen
0

MAXITER
50

>>> FOREACH i IN (B,E,F,G,H)

  >>> FOREACH j IN (P,M)

    >>> IF (-FILE GMJ_e2_${i}_${j}_1_.csv)

      >>> COPY $WorkDir/GMJ_RHS_${i}_${j}_1_.csv $CurrDir/GMJ_RHS_${i}_${j}_1_.csv

      >>> COPY $WorkDir/GMJ_IVECW_${i}_${j}_1_.csv $CurrDir/GMJ_IVECW_${i}_${j}_1_.csv

      >>> COPY $WorkDir/GMJ_IVECX_${i}_${j}_1_.csv $CurrDir/GMJ_IVECX_${i}_${j}_1_.csv

      >>> COPY $WorkDir/GMJ_IVECC2_${i}_${j}_1_.csv $CurrDir/GMJ_IVECC2_${i}_${j}_1_.csv

      >>> COPY $WorkDir/GMJ_e2_${i}_${j}_1_.csv $CurrDir/GMJ_e2_${i}_${j}_1_.csv

    >>> END IF

  >>> END FOREACH

>>> END FOREACH

>>> FOREACH i IN (A,C,D)

  >>> IF (-FILE GMJ_e2_${i}_1_.csv)

    >>> COPY $WorkDir/GMJ_RHS_${i}_1_.csv $CurrDir/GMJ_RHS_${i}_1_.csv

    >>> COPY $WorkDir/GMJ_IVECW_${i}_1_.csv $CurrDir/GMJ_IVECW_${i}_1_.csv

    >>> COPY $WorkDir/GMJ_IVECX_${i}_1_.csv $CurrDir/GMJ_IVECX_${i}_1_.csv

    >>> COPY $WorkDir/GMJ_IVECC2_${i}_1_.csv $CurrDir/GMJ_IVECC2_${i}_1_.csv

    >>> COPY $WorkDir/GMJ_e2_${i}_1_.csv $CurrDir/GMJ_e2_${i}_1_.csv

  >>> END IF

>>> END FOREACH

-- ----------------------------------

--- Start Module: gateway at Sun Oct 26 18:19:04 2025 ---
 
()()()()()()()()()()()()()()()()()()()()()()()()()()()()()()()()()()()()()()()()()()()()()()()()()()

                                              &GATEWAY

                                   only a single process is used
                       available to each process: 2.0 GB of memory, 1 thread?
()()()()()()()()()()()()()()()()()()()()()()()()()()()()()()()()()()()()()()()()()()()()()()()()()()
 
 
++    Symmetry information:
      ---------------------
 
                    Character Table for C1 
 
                             E  
                    a        1  x, y, xy, Rz, z, xz, Ry, yz, Rx, I
--
 
 
++    Basis set information:
      ----------------------
 
 
      Basis set label: H.ANO-RCC...2S1P.
 
      Electronic valence basis set:
      ------------------
      Associated Effective Charge   1.000000 au
      Associated Actual Charge      1.000000 au
      Nuclear Model: Point charge
 
      Shell  nPrim  nBasis  Cartesian Spherical Contaminant
         s       8       2        X                  
         p       4       1        X                  
--
 
 
++    Molecular structure info:
      -------------------------
 
                    ************************************************ 
                    **** Cartesian Coordinates / Bohr, Angstrom **** 
                    ************************************************ 
 
     Center  Label                x              y              z                     x              y              z
        1      H1               0.000000       0.000000       0.000000              0.000000       0.000000       0.000000
        2      H2               0.000000       0.000000       5.256874              0.000000       0.000000       2.781818
        3      H3               0.000000       0.000000      10.513748              0.000000       0.000000       5.563636
        4      H4               0.000000       0.000000      15.770624              0.000000       0.000000       8.345455
        5      H5               0.000000       0.000000      21.027498              0.000000       0.000000      11.127273
        6      H6               0.000000       0.000000      26.284373              0.000000       0.000000      13.909091
        7      H7               0.000000       0.000000      31.541247              0.000000       0.000000      16.690909
        8      H8               0.000000       0.000000      36.798121              0.000000       0.000000      19.472727
        9      H9               0.000000       0.000000      42.054995              0.000000       0.000000      22.254545
       10      H10              0.000000       0.000000      47.311871              0.000000       0.000000      25.036364
 
                    *************************************** 
                    *    InterNuclear Distances / Bohr    * 
                    *************************************** 
 
               1 H1            2 H2            3 H3            4 H4            5 H5            6 H6    
    1 H1       0.000000
    2 H2       5.256874        0.000000
    3 H3      10.513748        5.256874        0.000000
    4 H4      15.770624       10.513750        5.256876        0.000000
    5 H5      21.027498       15.770624       10.513750        5.256874        0.000000
    6 H6      26.284373       21.027498       15.770624       10.513748        5.256874        0.000000
    7 H7      31.541247       26.284373       21.027498       15.770622       10.513748        5.256874
    8 H8      36.798121       31.541247       26.284373       21.027497       15.770622       10.513748
    9 H9      42.054995       36.798121       31.541247       26.284371       21.027497       15.770622
   10 H10     47.311871       42.054997       36.798123       31.541247       26.284373       21.027498
 
               7 H7            8 H8            9 H9           10 H10   
    7 H7       0.000000
    8 H8       5.256874        0.000000
    9 H9      10.513748        5.256874        0.000000
   10 H10     15.770624       10.513750        5.256876        0.000000
 
                    ******************************************* 
                    *    InterNuclear Distances / Angstrom    * 
                    ******************************************* 
 
               1 H1            2 H2            3 H3            4 H4            5 H5            6 H6    
    1 H1       0.000000
    2 H2       2.781818        0.000000
    3 H3       5.563636        2.781818        0.000000
    4 H4       8.345455        5.563637        2.781819        0.000000
    5 H5      11.127273        8.345455        5.563637        2.781818        0.000000
    6 H6      13.909091       11.127273        8.345455        5.563636        2.781818        0.000000
    7 H7      16.690909       13.909091       11.127273        8.345454        5.563636        2.781818
    8 H8      19.472727       16.690909       13.909091       11.127272        8.345454        5.563636
    9 H9      22.254545       19.472727       16.690909       13.909090       11.127272        8.345454
   10 H10     25.036364       22.254546       19.472728       16.690909       13.909091       11.127273
 
               7 H7            8 H8            9 H9           10 H10   
    7 H7       0.000000
    8 H8       2.781818        0.000000
    9 H9       5.563636        2.781818        0.000000
   10 H10      8.345455        5.563637        2.781819        0.000000
--
 
 
            Nuclear Potential Energy              3.66942038 au
 
--- Stop Module: gateway at Sun Oct 26 18:19:04 2025 /rc=_RC_ALL_IS_WELL_ ---
*** files: xmldump
    saved to directory /home/grierjones/DDCASPT2/hydrogen_comps/rerun/H10_chain/H10_2.78

--- Start Module: seward at Sun Oct 26 18:19:04 2025 ---
 
()()()()()()()()()()()()()()()()()()()()()()()()()()()()()()()()()()()()()()()()()()()()()()()()()()

                                              &SEWARD

                                   only a single process is used
                       available to each process: 2.0 GB of memory, 1 thread?
()()()()()()()()()()()()()()()()()()()()()()()()()()()()()()()()()()()()()()()()()()()()()()()()()()
 
               SEWARD will generate:
                  Multipole Moment integrals up to order  2
                  Kinetic Energy integrals
                  Nuclear Attraction integrals (point charge)
                  One-Electron Hamiltonian integrals
                  Velocity integrals
                  Relativistic Douglas-Kroll-Hess integrals:
                    - Parametrization         : EXP
                    - DKH order of Hamiltonian: 2
                    - DKH order of Properties : 0
                         - multipole moment operators
                         - electric potential operators
                         - contact operators
                  Atomic mean-field integrals
                  Two-Electron Repulsion integrals
 
                   Integrals are discarded if absolute value <: 0.10E-13
                   Integral cutoff threshold is set to       <: 0.10E-15
 
            Nuclear Potential Energy              3.66942038 au
 
 
      Basis set specifications :
      Symmetry species         a  
      Basis functions           50
 
 
  Input file to MOLDEN was generated!
 
forrtl: warning (525): IEEE_DIVIDE_BY_ZERO is signaling
forrtl: warning (526): IEEE_INVALID is signaling
forrtl: warning (528): IEEE_UNDERFLOW is signaling
--- Stop Module: seward at Sun Oct 26 18:19:05 2025 /rc=_RC_ALL_IS_WELL_ ---
*** files: H10_2.78.GssOrb H10_2.78.guessorb.h5 H10_2.78.guessorb.molden xmldump
    saved to directory /home/grierjones/DDCASPT2/hydrogen_comps/rerun/H10_chain/H10_2.78

*** symbolic link created: INPORB -> H10_2.78.GssOrb
--- Start Module: scf at Sun Oct 26 18:19:05 2025 ---
 
()()()()()()()()()()()()()()()()()()()()()()()()()()()()()()()()()()()()()()()()()()()()()()()()()()

                                                &SCF

                                   only a single process is used
                       available to each process: 2.0 GB of memory, 1 thread?
()()()()()()()()()()()()()()()()()()()()()()()()()()()()()()()()()()()()()()()()()()()()()()()()()()
 
++    Input section:
      --------------
 
      Header of the integral files:
      
       Integrals generated by seward 4.2.0  , Sun Oct 26 18:19:05 2025
 
 
      Cartesian coordinates in Angstrom:
      -----------------------------------------------------
      No.  Label        X            Y            Z        
      -----------------------------------------------------
       1   H1         0.00000000   0.00000000   0.00000000
       2   H2         0.00000000   0.00000000   2.78181800
       3   H3         0.00000000   0.00000000   5.56363600
       4   H4         0.00000000   0.00000000   8.34545500
       5   H5         0.00000000   0.00000000  11.12727300
       6   H6         0.00000000   0.00000000  13.90909100
       7   H7         0.00000000   0.00000000  16.69090900
       8   H8         0.00000000   0.00000000  19.47272700
       9   H9         0.00000000   0.00000000  22.25454500
      10   H10        0.00000000   0.00000000  25.03636400
      -----------------------------------------------------
      Nuclear repulsion energy =    3.66942038
--
 
++    Orbital specifications:
      -----------------------
 
      Symmetry species               1
                                     a
      Frozen orbitals                0
      Occupied orbitals              5
      Secondary orbitals            45
      Deleted orbitals               0
      Total number of orbitals      50
      Number of basis functions     50
--
 
      Molecular charge                           0.000
 
++    Optimization specifications:
      ----------------------------
 
      SCF Algorithm: Conventional
      Minimized density differences are used
      Number of density matrices in core                5
      Maximum number of NDDO SCF iterations           400
      Maximum number of HF SCF iterations             400
      Threshold for SCF energy change            0.10E-08
      Threshold for density matrix               0.10E-03
      Threshold for Fock matrix                  0.15E-03
      Threshold for linear dependence            0.10E-08
      Threshold at which DIIS is turned on       0.15E+00
      Threshold at which QNR/C2DIIS is turned on 0.75E-01
      Threshold for Norm(delta) (QNR/C2DIIS)     0.20E-04
      DIIS extrapolation of the SCF procedure
      All orbitals punched on: SCFORB
--
 
      Input vectors read from INPORB
      Orbital file label: *Guess orbitals
 
 
++ Convergence information
                                   SCF        iterations: Energy and convergence statistics
 
Iter     Tot. SCF        One-elec.       Two-elec.     Energy      Max Dij or  Max Fij      DNorm      TNorm      AccCon     Time
         Energy          Energy          Energy        Change      Delta Norm                                                in Sec.
   1    -3.892190425   -12.434025735     4.872414929   0.00E+00    0.41E+00*   0.13E+00*    0.51E+01   0.86E+01   None         0.
   2    -4.205949776   -12.390858412     4.515488255  -0.31E+00*   0.16E+00*   0.25E-01*    0.16E+01   0.83E+01   EDIIS        0.
   3    -4.222145031   -12.316383566     4.424818154  -0.16E-01*   0.11E+00*   0.94E-02*    0.39E+00   0.82E+01   EDIIS        0.
   4    -4.226286905   -12.322530708     4.426823422  -0.41E-02*   0.68E-01*   0.68E-02*    0.21E+00   0.82E+01   c2DIIS       0.
   5    -4.228116554   -12.307436963     4.409900028  -0.18E-02*   0.39E-01*   0.47E-02*    0.65E-01   0.82E+01   QNRc2DIIS    0.
   6    -4.228838812   -12.315522546     4.417263353  -0.72E-03*   0.47E-01*   0.34E-02*    0.37E-01   0.82E+01   QNRc2DIIS    0.
   7    -4.229343814   -12.311811346     4.413047150  -0.51E-03*   0.10E-01*   0.79E-03*    0.15E-01   0.82E+01   QNRc2DIIS    0.
   8    -4.229361288   -12.308894593     4.410112924  -0.17E-04*   0.27E-02*   0.45E-03*    0.71E-02   0.82E+01   QNRc2DIIS    0.
   9    -4.229366317   -12.309639461     4.410852763  -0.50E-05*   0.39E-03*   0.35E-04     0.27E-02   0.82E+01   QNRc2DIIS    0.
  10    -4.229366379   -12.309675842     4.410889083  -0.62E-07*   0.14E-03*   0.94E-05     0.74E-03   0.82E+01   QNRc2DIIS    0.
  11    -4.229366385   -12.309674272     4.410887506  -0.64E-08*   0.58E-04*   0.29E-05     0.14E-03   0.82E+01   QNRc2DIIS    0.
  12    -4.229366386   -12.309673236     4.410886469  -0.80E-09    0.22E-05    0.27E-06     0.24E-04   0.82E+01   QNRc2DIIS    0.
 
       Convergence after 12 Macro Iterations
--
 
 *****************************************************************************************************************************
 *                                                                                                                           *
 *                                             SCF/KS-DFT Program, Final results                                             *
 *                                                                                                                           *
 *                                                                                                                           *
 *                                                                                                                           *
 *                                                       Final Results                                                       *
 *                                                                                                                           *
 *****************************************************************************************************************************
 
::    Total SCF energy                                 -4.2293663862
      One-electron energy                             -12.3096732365
      Two-electron energy                               4.4108864694
      Nuclear repulsion energy                          3.6694203809
      Kinetic energy (interpolated)                     3.2856342145
      Virial theorem                                    1.2872298345
      Total spin, S(S+1)                                0.0000000000
      Total spin, S                                     0.0000000000
      Max non-diagonal density matrix element           0.0000021649
      Max non-diagonal Fock matrix element              0.0000000608
 
 
      All orbitals with orbital energies smaller than  E(LUMO)+0.5 are printed
 
++    Molecular orbitals:
      -------------------
 
      Title: SCF orbitals

      Molecular orbitals for symmetry species 1: a  
 
          Orbital            1         2         3         4         5         6         7         8         9        10    
          Energy           -0.3720   -0.3636   -0.3510   -0.3356   -0.3217   -0.1594   -0.1401   -0.1183   -0.0989   -0.0858
          Occ. No.          2.0000    2.0000    2.0000    2.0000    2.0000    0.0000    0.0000    0.0000    0.0000    0.0000
 
        1 H1     1s         0.1304   -0.2538    0.3440   -0.3608    0.2495   -0.2740    0.4214   -0.4347    0.3469   -0.1921
        2 H1     2s         0.0263   -0.0519    0.0721   -0.0781    0.0556   -0.0822    0.1307   -0.1390    0.1128   -0.0627
        3 H1     2px        0.0000   -0.0000    0.0000   -0.0000    0.0000    0.0000   -0.0000    0.0000   -0.0000    0.0000
        4 H1     2py       -0.0000    0.0000   -0.0000    0.0000   -0.0000   -0.0000    0.0000   -0.0000    0.0000   -0.0000
        5 H1     2pz        0.0039   -0.0071    0.0086   -0.0078    0.0047    0.0019   -0.0051    0.0083   -0.0092    0.0061
        6 H2     1s         0.1711   -0.3094    0.3726   -0.3338    0.1973    0.1502   -0.3297    0.4624   -0.4590    0.2878
        7 H2     2s         0.0291   -0.0602    0.0854   -0.0902    0.0605    0.0401   -0.1014    0.1533   -0.1562    0.0981
        8 H2     2px        0.0000   -0.0000    0.0000    0.0000   -0.0000   -0.0000   -0.0000   -0.0000   -0.0000   -0.0000
        9 H2     2py        0.0000   -0.0000   -0.0000   -0.0000    0.0000   -0.0000   -0.0000    0.0000   -0.0000   -0.0000
       10 H2     2pz       -0.0008    0.0028   -0.0061    0.0088   -0.0073    0.0098   -0.0123    0.0077   -0.0010   -0.0019
       11 H3     1s         0.2886   -0.3408    0.0904    0.2684   -0.3523    0.3872   -0.2940   -0.1348    0.4740   -0.4121
       12 H3     2s         0.0579   -0.0658    0.0082    0.0742   -0.0917    0.1186   -0.0898   -0.0491    0.1603   -0.1377
       13 H3     2px        0.0000   -0.0000    0.0000    0.0000    0.0000    0.0000   -0.0000    0.0000    0.0000   -0.0000
       14 H3     2py       -0.0000    0.0000   -0.0000   -0.0000    0.0000   -0.0000   -0.0000    0.0000    0.0000   -0.0000
       15 H3     2pz        0.0049   -0.0037   -0.0029    0.0084   -0.0071   -0.0078    0.0125   -0.0085   -0.0018    0.0064
       16 H4     1s         0.3139   -0.3061   -0.0188    0.3346   -0.3187   -0.3096    0.4186   -0.1052   -0.3841    0.4649
       17 H4     2s         0.0575   -0.0677    0.0074    0.0776   -0.0890   -0.0906    0.1363   -0.0394   -0.1279    0.1567
       18 H4     2px        0.0000   -0.0000    0.0000   -0.0000   -0.0000    0.0000   -0.0000    0.0000    0.0000   -0.0000
       19 H4     2py       -0.0000   -0.0000    0.0000    0.0000   -0.0000   -0.0000    0.0000    0.0000    0.0000    0.0000
       20 H4     2pz       -0.0031    0.0060   -0.0042   -0.0043    0.0090   -0.0121    0.0046    0.0090   -0.0093    0.0017
       21 H5     1s         0.3617   -0.0421   -0.3595    0.0577    0.3735   -0.3995   -0.1181    0.4545    0.0952   -0.5083
       22 H5     2s         0.0696    0.0008   -0.0821    0.0032    0.1005   -0.1201   -0.0437    0.1503    0.0345   -0.1706
       23 H5     2px        0.0000    0.0000    0.0000    0.0000    0.0000   -0.0000    0.0000    0.0000   -0.0000   -0.0000
       24 H5     2py        0.0000    0.0000   -0.0000    0.0000    0.0000    0.0000    0.0000    0.0000   -0.0000   -0.0000
       25 H5     2pz        0.0047    0.0029   -0.0064   -0.0035    0.0090    0.0114   -0.0074   -0.0083    0.0079    0.0046
       26 H6     1s         0.3617    0.0421   -0.3595   -0.0577    0.3735    0.3995   -0.1181   -0.4545    0.0952    0.5083
       27 H6     2s         0.0696   -0.0008   -0.0821   -0.0032    0.1005    0.1201   -0.0437   -0.1503    0.0345    0.1706
       28 H6     2px       -0.0000   -0.0000    0.0000    0.0000    0.0000    0.0000   -0.0000   -0.0000   -0.0000   -0.0000
       29 H6     2py        0.0000    0.0000    0.0000    0.0000    0.0000   -0.0000   -0.0000    0.0000   -0.0000   -0.0000
       30 H6     2pz       -0.0047    0.0029    0.0064   -0.0035   -0.0090    0.0114    0.0074   -0.0083   -0.0079    0.0046
       31 H7     1s         0.3139    0.3061   -0.0188   -0.3346   -0.3187    0.3096    0.4186    0.1052   -0.3841   -0.4649
       32 H7     2s         0.0575    0.0677    0.0074   -0.0776   -0.0890    0.0906    0.1363    0.0394   -0.1279   -0.1567
       33 H7     2px       -0.0000   -0.0000   -0.0000    0.0000   -0.0000    0.0000   -0.0000   -0.0000   -0.0000   -0.0000
       34 H7     2py        0.0000   -0.0000    0.0000    0.0000    0.0000   -0.0000    0.0000    0.0000    0.0000   -0.0000
       35 H7     2pz        0.0031    0.0060    0.0042   -0.0043   -0.0090   -0.0121   -0.0046    0.0090    0.0093    0.0017
       36 H8     1s         0.2886    0.3408    0.0904   -0.2684   -0.3523   -0.3872   -0.2940    0.1348    0.4740    0.4121
       37 H8     2s         0.0579    0.0658    0.0082   -0.0742   -0.0917   -0.1186   -0.0898    0.0491    0.1603    0.1377
       38 H8     2px       -0.0000   -0.0000   -0.0000   -0.0000    0.0000   -0.0000    0.0000    0.0000    0.0000    0.0000
       39 H8     2py       -0.0000   -0.0000   -0.0000   -0.0000    0.0000   -0.0000   -0.0000    0.0000   -0.0000    0.0000
       40 H8     2pz       -0.0049   -0.0037    0.0029    0.0084    0.0071   -0.0078   -0.0125   -0.0085    0.0018    0.0064
       41 H9     1s         0.1711    0.3094    0.3726    0.3338    0.1973   -0.1502   -0.3297   -0.4624   -0.4590   -0.2878
       42 H9     2s         0.0291    0.0602    0.0854    0.0902    0.0605   -0.0401   -0.1014   -0.1533   -0.1562   -0.0981
       43 H9     2px        0.0000    0.0000    0.0000    0.0000   -0.0000   -0.0000   -0.0000    0.0000    0.0000   -0.0000
       44 H9     2py        0.0000    0.0000   -0.0000    0.0000   -0.0000    0.0000   -0.0000    0.0000    0.0000   -0.0000
       45 H9     2pz        0.0008    0.0028    0.0061    0.0088    0.0073    0.0098    0.0123    0.0077    0.0010   -0.0019
       46 H10    1s         0.1304    0.2538    0.3440    0.3608    0.2495    0.2740    0.4214    0.4347    0.3469    0.1921
       47 H10    2s         0.0263    0.0519    0.0721    0.0781    0.0556    0.0822    0.1307    0.1390    0.1128    0.0627
       48 H10    2px        0.0000    0.0000    0.0000    0.0000   -0.0000    0.0000    0.0000   -0.0000    0.0000    0.0000
       49 H10    2py        0.0000    0.0000   -0.0000   -0.0000    0.0000    0.0000   -0.0000   -0.0000    0.0000    0.0000
       50 H10    2pz       -0.0039   -0.0071   -0.0086   -0.0078   -0.0047    0.0019    0.0051    0.0083    0.0092    0.0061
 
          Orbital           11        12        13    
          Energy            0.3148    0.3227    0.3364
          Occ. No.          0.0000    0.0000    0.0000
 
        1 H1     1s        -0.0818    0.1388   -0.1545
        2 H1     2s         0.1504   -0.2800    0.3698
        3 H1     2px       -0.0000    0.0000   -0.0000
        4 H1     2py       -0.0000    0.0000   -0.0000
        5 H1     2pz       -0.0023    0.0035   -0.0034
        6 H2     1s        -0.1386    0.2046   -0.1723
        7 H2     2s         0.1772   -0.2803    0.2647
        8 H2     2px       -0.0000   -0.0000   -0.0000
        9 H2     2py       -0.0000   -0.0000   -0.0000
       10 H2     2pz        0.0022   -0.0020   -0.0030
       11 H3     1s        -0.1629    0.1844   -0.0579
       12 H3     2s         0.2260   -0.2759    0.0992
       13 H3     2px        0.0000   -0.0000   -0.0000
       14 H3     2py        0.0000    0.0000    0.0000
       15 H3     2pz       -0.0014    0.0027   -0.0060
       16 H4     1s        -0.1900    0.1305    0.0839
       17 H4     2s         0.2592   -0.1934   -0.1399
       18 H4     2px       -0.0000    0.0000    0.0000
       19 H4     2py       -0.0000    0.0000    0.0000
       20 H4     2pz        0.0029    0.0006   -0.0069
       21 H5     1s        -0.2011    0.0506    0.1719
       22 H5     2s         0.2769   -0.0739   -0.2938
       23 H5     2px       -0.0000    0.0000    0.0000
       24 H5     2py       -0.0000   -0.0000    0.0000
       25 H5     2pz       -0.0026    0.0033   -0.0006
       26 H6     1s        -0.2011   -0.0506    0.1719
       27 H6     2s         0.2769    0.0739   -0.2938
       28 H6     2px        0.0000    0.0000   -0.0000
       29 H6     2py       -0.0000   -0.0000   -0.0000
       30 H6     2pz        0.0026    0.0033    0.0006
       31 H7     1s        -0.1900   -0.1305    0.0839
       32 H7     2s         0.2592    0.1934   -0.1399
       33 H7     2px       -0.0000   -0.0000    0.0000
       34 H7     2py        0.0000    0.0000    0.0000
       35 H7     2pz       -0.0029    0.0006    0.0069
       36 H8     1s        -0.1629   -0.1844   -0.0579
       37 H8     2s         0.2260    0.2759    0.0992
       38 H8     2px        0.0000    0.0000   -0.0000
       39 H8     2py       -0.0000    0.0000    0.0000
       40 H8     2pz        0.0014    0.0027    0.0060
       41 H9     1s        -0.1386   -0.2046   -0.1723
       42 H9     2s         0.1772    0.2803    0.2647
       43 H9     2px       -0.0000   -0.0000    0.0000
       44 H9     2py        0.0000    0.0000    0.0000
       45 H9     2pz       -0.0022   -0.0020    0.0030
       46 H10    1s        -0.0818   -0.1388   -0.1545
       47 H10    2s         0.1504    0.2800    0.3698
       48 H10    2px        0.0000   -0.0000   -0.0000
       49 H10    2py        0.0000    0.0000   -0.0000
       50 H10    2pz        0.0023    0.0035    0.0034
--
 
 
++    Molecular charges:
      ------------------
 
      Mulliken charges per centre and basis function type
      ---------------------------------------------------
 
                H1      H2      H3      H4      H5      H6      H7      H8      H9      H10   
      1s       0.8822  0.9224  0.9031  0.9088  0.9057  0.9057  0.9088  0.9031  0.9224  0.8822
      2s       0.0904  0.0975  0.0907  0.0923  0.0918  0.0918  0.0923  0.0907  0.0975  0.0904
      2px      0.0000  0.0000  0.0000  0.0000  0.0000  0.0000  0.0000  0.0000  0.0000  0.0000
      2pz      0.0028  0.0032  0.0031  0.0031  0.0031  0.0031  0.0031  0.0031  0.0032  0.0028
      2py      0.0000  0.0000  0.0000  0.0000  0.0000  0.0000  0.0000  0.0000  0.0000  0.0000
      Total    0.9753  1.0230  0.9969  1.0042  1.0006  1.0006  1.0042  0.9969  1.0230  0.9753
 
      N-E      0.0247 -0.0230  0.0031 -0.0042 -0.0006 -0.0006 -0.0042  0.0031 -0.0230  0.0247
 
      Total electronic charge=   10.000000
 
      Total            charge=   -0.000000
--
 
 
  Input file to MOLDEN was generated!
 
 
++    Static properties:
      ------------------
 
 
      LoProp Charges per center
 

                   H1       H2       H3       H4       H5       H6       H7       H8       H9       H10   
      Nuclear      1.0000   1.0000   1.0000   1.0000   1.0000   1.0000   1.0000   1.0000   1.0000   1.0000
      Electronic  -0.9835  -1.0141  -0.9977  -1.0040  -1.0007  -1.0007  -1.0040  -0.9977  -1.0141  -0.9835
 
      Total        0.0165  -0.0141   0.0023  -0.0040  -0.0007  -0.0007  -0.0040   0.0023  -0.0141   0.0165
--
 
 
++    Natural Bond Order analysis
      ---------------------------
      Based on LoProp computed density
      -------------------------------------------------------------------------------------
      Atom A       Atom B       Bond Order
      -------------------------------------------------------------------------------------
      NBO located      0.976 non-bonded electrons on atom H1        
      NBO located      1.003 non-bonded electrons on atom H3        
      NBO located      1.010 non-bonded electrons on atom H4        
      NBO located      1.006 non-bonded electrons on atom H5        
      NBO located      1.006 non-bonded electrons on atom H6        
      NBO located      1.010 non-bonded electrons on atom H7        
      NBO located      1.003 non-bonded electrons on atom H8        
      NBO located      0.976 non-bonded electrons on atom H10       
      The remaining    2.010 electrons are to be considered as diffuse
--
 
 
++    Molecular properties:
      ---------------------
 
      Charge (e):
                      =   -0.0000
      Dipole Moment (Debye):
      Origin of the operator (Ang)=    0.0000    0.0000    0.0000
                   X= -2.1114E-13               Y=  5.0011E-14               Z=  1.6859E-07           Total=  1.6859E-07
      Quadrupole Moment (Debye*Ang):
      Origin of the operator (Ang)=    0.0000    0.0000   12.5182
                  XX= -2.4526E+01              XY=  5.5510E-28              XZ=  2.4887E-12              YY= -2.4526E+01
                  YZ= -5.4677E-13              ZZ=  1.9587E+00
      In traceless form (Debye*Ang)
                  XX= -1.3242E+01              XY=  8.3265E-28              XZ=  3.7330E-12              YY= -1.3242E+01
                  YZ= -8.2015E-13              ZZ=  2.6484E+01
--
 
 
  Input file to MOLDEN was generated!
 
 ###############################################################################
 ###############################################################################
 ###                                                                         ###
 ###                                                                         ###
 ###    RunFile label nBas                                                   ###
 ###    was used       78 times                                              ###
 ###                                                                         ###
 ###                                                                         ###
 ###############################################################################
 ###############################################################################
forrtl: warning (528): IEEE_UNDERFLOW is signaling
--- Stop Module: scf at Sun Oct 26 18:19:05 2025 /rc=_RC_ALL_IS_WELL_ ---
*** files: H10_2.78.LprOrb H10_2.78.LoProp.molden H10_2.78.scf.molden H10_2.78.ScfOrb H10_2.78.scf.h5 xmldump
    saved to directory /home/grierjones/DDCASPT2/hydrogen_comps/rerun/H10_chain/H10_2.78

>>> COPY /tmp/H10_2.78/H10_2.78.scf.h5 /home/grierjones/DDCASPT2/hydrogen_comps/rerun/H10_chain/H10_2.78/

*** symbolic link created: INPORB -> H10_2.78.ScfOrb
--- Start Module: rasscf at Sun Oct 26 18:19:05 2025 ---
 
()()()()()()()()()()()()()()()()()()()()()()()()()()()()()()()()()()()()()()()()()()()()()()()()()()

                                              &RASSCF

                                   only a single process is used
                       available to each process: 2.0 GB of memory, 1 thread?
()()()()()()()()()()()()()()()()()()()()()()()()()()()()()()()()()()()()()()()()()()()()()()()()()()
 
 
      Header of the ONEINT file:
      --------------------------
      
      Integrals generated by seward 4.2.0  , Sun Oct 26 18:19:05 2025
 
 
      OrdInt status: non-squared
 
 
      Cartesian coordinates in Angstrom:
      -----------------------------------------------------
      No.  Label        X            Y            Z        
      -----------------------------------------------------
       1   H1         0.00000000   0.00000000   0.00000000
       2   H2         0.00000000   0.00000000   2.78181800
       3   H3         0.00000000   0.00000000   5.56363600
       4   H4         0.00000000   0.00000000   8.34545500
       5   H5         0.00000000   0.00000000  11.12727300
       6   H6         0.00000000   0.00000000  13.90909100
       7   H7         0.00000000   0.00000000  16.69090900
       8   H8         0.00000000   0.00000000  19.47272700
       9   H9         0.00000000   0.00000000  22.25454500
      10   H10        0.00000000   0.00000000  25.03636400
      -----------------------------------------------------
      Nuclear repulsion energy =    3.66942038
 
++    Wave function specifications:
      -----------------------------
 
      Number of closed shell electrons           0
      Number of electrons in active shells      10
      Max number of holes in RAS1 space          0
      Max nr of electrons in RAS3 space          0
      Number of inactive orbitals                0
      Number of active orbitals                 10
      Number of secondary orbitals              40
      Spin quantum number                      0.0
      State symmetry                             1
--
 
++    Orbital specifications:
      -----------------------
 
      Symmetry species                           1
                                                 a
      Frozen orbitals                            0
      Inactive orbitals                          0
      Active orbitals                           10
      RAS1 orbitals                              0
      RAS2 orbitals                             10
      RAS3 orbitals                              0
      Secondary orbitals                        40
      Deleted orbitals                           0
      Number of basis functions                 50
--
 
++    CI expansion specifications:
      ----------------------------
 
      Number of CSFs                         19404
      Number of determinants                 31878
      Number of root(s) required                 1
      Root chosen for geometry opt.              1
      CI root used                               1
         
      highest root included in the CI            1
      max. size of the explicit Hamiltonian    200
--
 
++    Optimization specifications:
      ----------------------------
 
      RASSCF algorithm: Conventional
      Maximum number of macro iterations       200
      Maximum number of SX iterations          100
      Threshold for RASSCF energy            0.100E-07
      Threshold for max MO rotation          0.100E+00
      Threshold for max BLB element          0.100E-03
      Level shift parameter                  0.500E+00
      Make Quasi-Newton update
--
 
      The MO-coefficients are taken from the file:
      /home/grierjones/DDCASPT2/hydrogen_comps/rerun/H10_chain/H10_0.60/H10_0.60.RasOrb                                               
      Title: RASSCF average (pseudo-natural) orbitals                                      
 
      Total molecular charge    0.00
 
      ************************************************************************************************************************
      *                                                                                                                      *
      *                                            Wave function control section                                             *
      *                                                                                                                      *
      ************************************************************************************************************************
 
 
                                         RASSCF iterations: Energy and convergence statistics
                                         ----------------------------------------------------
 
      Iter CI   SX   CI       RASSCF       Energy    max ROT     max BLB   max BLB  Level Ln srch  Step   QN   Walltime
          iter iter root      energy       change     param      element    value   shift minimum  type update hh:mm:ss
        No convergence in the CI section: MAXJT will be increased to 
 24
 Nr of preliminary CI iterations:  12
        No convergence in the CI section: MAXJT will be increased to 
 24
        1  12  100    1    -3.29899126    0.00E+00  -0.19E+00*   9  29 1  0.26E+00*  0.44   0.00    SX    NO    0:00:01
        2  11  100    1    -4.04175202   -0.74E+00* -0.20E+00*   3  16 1  0.17E+00*  0.33   0.00    SX    NO    0:00:00
        3   6  100    1    -4.41231352   -0.37E+00*  0.82E+00*   3  16 1  0.15E+00*  0.24   0.00    SX    NO    0:00:00
 ###############################################################################
 ###############################################################################
 ###                                                                         ###
 ###                                                                         ###
 ###    Large orbital rotation.                                              ###
 ###                                                                         ###
 ###                                                                         ###
 ###############################################################################
 ###############################################################################
      Molecular orbital  10 of symmetry 1 MO space 2  weight is    0.475877
        4   5  100    1    -4.49713061   -0.85E-01* -0.55E+00*   3  11 1  0.14E+00*  0.24   0.00    SX    NO    0:00:00
        5   8   84    1    -4.66474740   -0.17E+00* -0.17E+00*   2  29 1  0.40E-01*  0.03   0.00    SX    NO    0:00:00
        6   4  100    1    -4.67929841   -0.15E-01* -0.21E+00*  10  16 1  0.23E-01*  0.02   1.01    QN   YES    0:00:00
        No convergence in the CI section: MAXJT will be increased to 
 96
        7  84  100    1    -4.70906699   -0.30E-01* -0.16E+00*  10  16 1  0.49E-01*  0.03   2.50    LS   YES    0:00:04
        8  31  100    1    -4.73812307   -0.29E-01*  0.13E+00*  10  17 1 -0.50E-01*  0.03   1.20    QN   YES    0:00:01
        9   7  100    1    -4.77273873   -0.35E-01*  0.15E+00*  10  16 1 -0.58E-01*  0.03   1.01    QN   YES    0:00:00
       10   6   84    1    -4.81598654   -0.43E-01*  0.63E-01   10  16 1 -0.41E-01*  0.02   1.54    QN   YES    0:00:00
       11   5   51    1    -4.83440650   -0.18E-01* -0.53E-01   10  12 1  0.99E-02*  0.02   1.04    QN   YES    0:00:00
       12  18   73    1    -4.83522163   -0.82E-03*  0.68E-01    5  12 1 -0.94E-02*  0.02   0.60    SX   YES    0:00:01
       13  96   46    1    -4.83415212    0.11E-02* -0.71E-01    5  12 1  0.15E-01*  0.01   0.46    SX   YES    0:00:04
       14   6   86    1    -4.83597765   -0.18E-02*  0.10E+00*   5  12 1 -0.10E-01*  0.00   0.60    SX   YES    0:00:00
 ###############################################################################
 ###############################################################################
 ###                                                                         ###
 ###                                                                         ###
 ###    Large orbital rotation.                                              ###
 ###                                                                         ###
 ###                                                                         ###
 ###############################################################################
 ###############################################################################
      Molecular orbital   8 of symmetry 1 MO space 2  weight is    0.464316
       15   6  100    1    -4.83656087   -0.58E-03*  0.67E+00*   5  12 1  0.10E-01*  0.00   0.60    SX   YES    0:00:00
 ###############################################################################
 ###############################################################################
 ###                                                                         ###
 ###                                                                         ###
 ###    Large orbital rotation.                                              ###
 ###                                                                         ###
 ###                                                                         ###
 ###############################################################################
 ###############################################################################
      Molecular orbital   8 of symmetry 1 MO space 2  weight is    0.306861
       16  39  100    1    -4.83074648    0.58E-02*  0.53E+00*   5  12 1 -0.36E-01*  0.00   0.60    SX   YES    0:00:02
       17   6  100    1    -4.85187114   -0.21E-01* -0.38E+00*   8  12 1  0.33E-01*  0.00   0.00    SX    NO    0:00:00
       18   7  100    1    -4.94892456   -0.97E-01*  0.14E-01    8  12 1 -0.39E-01*  0.00   0.81    QN   YES    0:00:00
       19   3  100    1    -4.96418097   -0.15E-01*  0.58E-01    8  12 1 -0.41E-01*  0.00   2.50    QN   YES    0:00:00
       20   5   16    1    -4.99026189   -0.26E-01*  0.91E-02    8  34 1 -0.69E-02*  0.00   1.10    QN   YES    0:00:00
       21   4   11    1    -4.99098940   -0.73E-03* -0.25E-02    2  17 1 -0.19E-02*  0.00   0.81    QN   YES    0:00:00
       22  91   10    1    -4.99126078   -0.27E-03* -0.11E-02    8  12 1  0.84E-03*  0.00   1.00    QN   YES    0:00:04
       23  29    9    1    -4.99129348   -0.33E-04* -0.42E-03    6  26 1 -0.28E-03*  0.00   1.00    QN   YES    0:00:01
       24 107    9    1    -4.99131025   -0.17E-04* -0.95E-03    8  12 1  0.18E-03*  0.00   1.01    QN   YES    0:00:05
       25  66    9    1    -4.99131076   -0.52E-06*  0.64E-03    8  12 1 -0.39E-03*  0.00   0.64    QN   YES    0:00:03
       26  49    8    1    -4.99131290   -0.21E-05* -0.90E-04    8  12 1  0.67E-04   0.00   0.89    QN   YES    0:00:02
       27   4    7    1    -4.99131298   -0.76E-07*  0.14E-04    2  17 1 -0.13E-04   0.00   1.11    QN   YES    0:00:00
       28  10    6    1    -4.99131305   -0.70E-07* -0.27E-04    8  12 1  0.61E-05   0.00   1.01    QN   YES    0:00:00
       29   2    7    1    -4.99131305    0.27E-08   0.13E-04    8  12 1 -0.13E-04   0.00   0.36    QN   YES    0:00:00
      Convergence after 29 iterations
 
  Dmat in MO in SXCTL bf call to SXHAM                                                                                    
  mat. size =    10x   10
 
        1.2000056711866440
       -0.0119257049337524      1.2009113143022532
       -0.0819109671772021     -0.0129398241548904      1.1056533811955636
        0.0028150435447208      0.0469000420468559      0.0031807093896555      1.0908225924189376
       -0.0093790350618699     -0.0021152608212821     -0.0058374607833050      0.0008000744488743      1.0986383371444457
       -0.0262647719818505     -0.0204176734232615     -0.0718231184547749      0.0011205779886356     -0.0021495376790177
        0.8650101093627549
       -0.0034257823507894     -0.0746029492186279     -0.0039648222323711      0.1261878185141735     -0.0013781469243394
       -0.0033035152595350      0.8227321876797643
       -0.0335051909725243      0.0393242114223545     -0.0753987394105899     -0.0040778630584370      0.0302212517132226
        0.0134319918031480      0.0084921060348376      0.8017130345199692
       -0.0058660030958181     -0.0553044582326600     -0.0063383649946578      0.0384578850406559     -0.0013762640383543
       -0.0082769582471805      0.0302872230091555      0.0174816166585135      0.9123863017982905
       -0.1193621925077882     -0.0369263498179610     -0.1199193624462924      0.0077814098609084      0.0209248866136175
        0.0228127373709242     -0.0112164819311900      0.0262333995164139     -0.0181711065027931      0.9021270703913860
       30   1    7    1    -4.99131305   -0.37E-08   0.13E-04    8  12 1 -0.36E-05   0.00   0.36    QN   YES    0:00:00
 
      ************************************************************************************************************************
                                                      Wave function printout:
                       occupation of active orbitals, and spin coupling of open shells (u,d: Spin up or down)
      ************************************************************************************************************************
 
      Note: transformation to natural orbitals
      has been made, which may change the order of the CSFs.
 
      printout of CI-coefficients larger than  0.05 for root  1
      energy=      -4.991313
      conf/sym  1111111111     Coeff  Weight
             1  2222200000   0.23101 0.05337
            36  2222000020  -0.12240 0.01498
            48  222udu00d0  -0.13491 0.01820
            70  22u2d000ud   0.10983 0.01206
            80  2u22d00ud0  -0.09744 0.00949
            90  u222du0d00   0.05682 0.00323
            94  u222d0u0d0   0.11648 0.01357
           102  2220220000  -0.08606 0.00741
           127  22ud2u000d   0.10709 0.01147
           135  2u2d2u0d00  -0.10579 0.01119
           139  2u2d20u0d0  -0.05691 0.00324
           148  u22d2ud000   0.08978 0.00806
           176  2202200002  -0.07654 0.00586
           189  2ud2200u0d   0.09473 0.00897
           203  u2d220u00d  -0.08838 0.00781
           212  2022200200  -0.06713 0.00451
           226  ud2220ud00   0.09170 0.00841
           239  0222202000  -0.07191 0.00517
          1966  2220020020   0.07916 0.00627
          2039  22ud0u002d   0.08331 0.00694
          2069  2u2d0u0d20   0.07770 0.00604
          2117  u22d0ud020  -0.06991 0.00489
          2201  2202000022   0.05955 0.00355
          2241  2ud2000u2d   0.06841 0.00468
          2290  u2d200u02d  -0.06046 0.00365
          2321  2022000220   0.05070 0.00257
          2370  ud2200ud20  -0.06024 0.00363
          2418  0222002020   0.05411 0.00293
          2480  22u0d200ud   0.07120 0.00507
          2510  2u20d20ud0  -0.05789 0.00335
          2558  u220d2u0d0   0.06224 0.00387
          2648  220udu00d2   0.06301 0.00397
          2687  2ududu0udd  -0.07123 0.00507
          2736  u2duduu0dd   0.06562 0.00431
          2764  202udu02d0  -0.05370 0.00288
          2813  ud2uduudd0   0.06636 0.00440
          2859  022udu20d0  -0.05565 0.00310
          2933  2uuddu0dud  -0.06111 0.00373
          2981  u2uddud0ud   0.05569 0.00310
          3011  uu2ddudud0  -0.06408 0.00411
          3013  uu2dduudd0   0.05144 0.00265
          3149  u202d0u0d2   0.06031 0.00364
          3234  udu2d0udud   0.06516 0.00425
          3338  uud2d0uudd  -0.06093 0.00371
          3365  u022d0u2d0  -0.05131 0.00263
          3492  2200220002   0.05120 0.00262
          3524  2ud0220u0d  -0.05514 0.00304
          3605  2020220200   0.05017 0.00252
          3795  2u0d2u0d02  -0.06395 0.00409
          3927  udud2uud0d  -0.05668 0.00321
          3973  02ud2u200d   0.05110 0.00261
          4025  uudd2udu0d  -0.05730 0.00328
          4104  0u2d2u2d00  -0.05178 0.00268
          4376  0ud2202u0d  -0.05033 0.00253
         12246  2200020022  -0.05629 0.00317
         12276  2ud0020u2d  -0.06044 0.00365
         12324  u2d002u02d   0.05657 0.00320
         12549  2u0d0u0d22   0.05684 0.00323
         12630  20ud0u022d   0.05145 0.00265
         12679  udud0uud2d  -0.05395 0.00291
         12777  uudd0udu2d  -0.05409 0.00293
         12858  0u2d0u2d20   0.05289 0.00280
         13366  udu0d2udud   0.05639 0.00318
         13471  uud0d2uudd  -0.05213 0.00272
         13693  ud0uduudd2  -0.05237 0.00274
         18953  ud0002ud22  -0.05944 0.00353
         18976  u0d002u22d  -0.05281 0.00279
         18990  0ud0022u2d   0.05321 0.00283
         19044  0u0d0u2d22   0.05417 0.00293
         19052  00ud0u222d   0.05063 0.00256
         19085  u000d2u2d2  -0.05672 0.00322
         19131  000udu22d2   0.05297 0.00281
         19404  0000022222  -0.07402 0.00548
 
      Natural orbitals and occupation numbers for root  1
      sym 1:   1.257255   1.234654   1.198030   1.149933   1.095771   0.851529   0.740319   0.763911   0.906578   0.802022

 
      ************************************************************************************************************************
      *                                                                                                                      *
      *                                                    Final results                                                     *
      *                                                                                                                      *
      ************************************************************************************************************************
 
 
++    Wave function specifications:
      -----------------------------
 
      Number of closed shell electrons           0
      Number of electrons in active shells      10
      Max number of holes in RAS1 space          0
      Max nr of electrons in RAS3 space          0
      Number of inactive orbitals                0
      Number of active orbitals                 10
      Number of secondary orbitals              40
      Spin quantum number                      0.0
      State symmetry                             1
--
 
++    Orbital specifications:
      -----------------------
 
      Symmetry species                           1
                                                 a
      Frozen orbitals                            0
      Inactive orbitals                          0
      Active orbitals                           10
      RAS1 orbitals                              0
      RAS2 orbitals                             10
      RAS3 orbitals                              0
      Secondary orbitals                        40
      Deleted orbitals                           0
      Number of basis functions                 50
--
 
++    CI expansion specifications:
      ----------------------------
 
      Number of CSFs                         19404
      Number of determinants                 31878
      Number of root(s) required                 1
      CI root used                               1
      highest root included in the CI            1
      Root passed to geometry opt.               1
--
 
++    Final optimization conditions:
      ------------------------------
 
      Average CI energy                              -4.99131305
      RASSCF energy for state  1                     -4.99131305
      Super-CI energy                                -0.00000001
      RASSCF energy change                            0.00000000
      Max change in MO coefficients               0.229E-04
      Max non-diagonal density matrix element     0.133E-04
      Maximum BLB matrix element                 -0.364E-05
      (orbital pair   8,  12 in symmetry   1)
      Norm of electronic gradient            0.170E-04
--
 
 
      Final state energy(ies):
      ------------------------
 
::    RASSCF root number  1 Total energy:     -4.99131305
 
++    Molecular orbitals:
      -------------------
 
      Pseudonatural active orbitals and approximate occupation numbers
 
 
 
 
      Molecular orbitals for symmetry species 1: a  
 
 
      Orbital                1         2         3         4         5         6         7         8         9        10
      Energy            0.0000    0.0000    0.0000    0.0000    0.0000    0.0000    0.0000    0.0000    0.0000    0.0000
      Occ. No.          1.2573    1.2347    1.1980    1.1499    1.0958    0.8515    0.7403    0.7639    0.9066    0.8020
 
    1 H1     1s         0.1577    0.2868    0.3651   -0.3669    0.2698   -0.4042    0.1876    0.3352   -0.2869    0.4154
    2 H1     2s         0.0119    0.0218    0.0282   -0.0292    0.0223   -0.0438    0.0247    0.0422   -0.0288    0.0488
    3 H1     2px        0.0000    0.0000   -0.0000   -0.0000    0.0000   -0.0000    0.0000    0.0000   -0.0000    0.0000
    4 H1     2py        0.0000   -0.0000    0.0000    0.0000    0.0000   -0.0000    0.0000    0.0000    0.0000   -0.0000
    5 H1     2pz        0.0003    0.0005    0.0005   -0.0003    0.0001   -0.0010    0.0012    0.0018   -0.0004    0.0016
    6 H2     1s         0.2184    0.3627    0.3916   -0.3024    0.1476    0.3139   -0.2802   -0.4464    0.1311   -0.4495
    7 H2     2s         0.0141    0.0265    0.0342   -0.0330    0.0212    0.0327   -0.0459   -0.0678    0.0076   -0.0595
    8 H2     2px       -0.0000   -0.0000   -0.0000    0.0000   -0.0000   -0.0000    0.0000   -0.0000   -0.0000    0.0000
    9 H2     2py       -0.0000   -0.0000   -0.0000    0.0000    0.0000   -0.0000   -0.0000    0.0000    0.0000   -0.0000
   10 H2     2pz        0.0004    0.0003   -0.0001    0.0005   -0.0004   -0.0008   -0.0002    0.0001   -0.0004    0.0007
   11 H3     1s         0.3026    0.3481    0.0905    0.2652   -0.3932    0.2782    0.3802    0.4359    0.4124    0.1271
   12 H3     2s         0.0216    0.0235    0.0015    0.0287   -0.0395    0.0314    0.0614    0.0690    0.0466    0.0226
   13 H3     2px        0.0000    0.0000    0.0000    0.0000   -0.0000    0.0000    0.0000   -0.0000    0.0000   -0.0000
   14 H3     2py        0.0000   -0.0000    0.0000    0.0000   -0.0000   -0.0000    0.0000    0.0000    0.0000   -0.0000
   15 H3     2pz       -0.0001   -0.0004   -0.0007    0.0004    0.0001    0.0009    0.0009    0.0004    0.0003   -0.0008
   16 H4     1s         0.3390    0.2858   -0.0981    0.3861   -0.2972   -0.4350   -0.4320   -0.3443   -0.2972    0.1326
   17 H4     2s         0.0229    0.0233   -0.0031    0.0329   -0.0333   -0.0566   -0.0713   -0.0514   -0.0296    0.0230
   18 H4     2px        0.0000    0.0000    0.0000    0.0000   -0.0000   -0.0000   -0.0000   -0.0000   -0.0000    0.0000
   19 H4     2py        0.0000   -0.0000   -0.0000    0.0000   -0.0000   -0.0000   -0.0000    0.0000    0.0000   -0.0000
   20 H4     2pz        0.0004   -0.0002   -0.0007    0.0002    0.0002    0.0003    0.0003    0.0011    0.0007    0.0009
   21 H5     1s         0.3683    0.0664   -0.3666    0.1210    0.3937    0.1539    0.4666    0.0950   -0.4061   -0.4295
   22 H5     2s         0.0255    0.0015   -0.0302    0.0055    0.0410    0.0245    0.0765    0.0177   -0.0439   -0.0604
   23 H5     2px       -0.0000   -0.0000   -0.0000    0.0000   -0.0000   -0.0000   -0.0000    0.0000    0.0000   -0.0000
   24 H5     2py       -0.0000   -0.0000   -0.0000    0.0000   -0.0000   -0.0000   -0.0000    0.0000    0.0000   -0.0000
   25 H5     2pz       -0.0002   -0.0005   -0.0000   -0.0006    0.0001   -0.0007    0.0006   -0.0009   -0.0006   -0.0008
   26 H6     1s         0.3677   -0.0675   -0.3668   -0.1158    0.3957    0.1487   -0.4660    0.0959    0.4082    0.4297
   27 H6     2s         0.0255   -0.0015   -0.0302   -0.0050    0.0412    0.0239   -0.0764    0.0179    0.0441    0.0605
   28 H6     2px       -0.0000   -0.0000    0.0000    0.0000   -0.0000   -0.0000    0.0000    0.0000   -0.0000   -0.0000
   29 H6     2py       -0.0000   -0.0000    0.0000    0.0000   -0.0000   -0.0000    0.0000    0.0000   -0.0000   -0.0000
   30 H6     2pz        0.0002   -0.0006    0.0000   -0.0006   -0.0001    0.0007    0.0006    0.0009   -0.0005   -0.0008
   31 H7     1s         0.3376   -0.2876   -0.0991   -0.3887   -0.2933   -0.4374    0.4307   -0.3460    0.2931   -0.1339
   32 H7     2s         0.0228   -0.0234   -0.0032   -0.0332   -0.0330   -0.0568    0.0711   -0.0517    0.0290   -0.0232
   33 H7     2px        0.0000    0.0000    0.0000   -0.0000   -0.0000   -0.0000    0.0000   -0.0000    0.0000   -0.0000
   34 H7     2py        0.0000   -0.0000   -0.0000   -0.0000   -0.0000   -0.0000    0.0000   -0.0000    0.0000   -0.0000
   35 H7     2pz       -0.0004   -0.0002    0.0007    0.0002   -0.0002   -0.0004    0.0003   -0.0011    0.0007    0.0009
   36 H8     1s         0.3010   -0.3492    0.0883   -0.2702   -0.3905    0.2832   -0.3787    0.4371   -0.4097   -0.1248
   37 H8     2s         0.0215   -0.0236    0.0013   -0.0293   -0.0393    0.0320   -0.0612    0.0692   -0.0463   -0.0224
   38 H8     2px        0.0000    0.0000    0.0000   -0.0000   -0.0000    0.0000    0.0000   -0.0000   -0.0000    0.0000
   39 H8     2py        0.0000   -0.0000   -0.0000    0.0000    0.0000    0.0000    0.0000   -0.0000    0.0000    0.0000
   40 H8     2pz        0.0001   -0.0004    0.0007    0.0004   -0.0001   -0.0009    0.0009   -0.0004    0.0003   -0.0008
   41 H9     1s         0.2167   -0.3638    0.3922    0.3030    0.1451    0.3140    0.2786   -0.4477   -0.1285    0.4499
   42 H9     2s         0.0140   -0.0265    0.0343    0.0332    0.0209    0.0326    0.0457   -0.0680   -0.0073    0.0595
   43 H9     2px       -0.0000    0.0000   -0.0000   -0.0000    0.0000   -0.0000   -0.0000    0.0000    0.0000   -0.0000
   44 H9     2py        0.0000   -0.0000    0.0000    0.0000    0.0000    0.0000    0.0000   -0.0000   -0.0000    0.0000
   45 H9     2pz       -0.0004    0.0004    0.0001    0.0005    0.0004    0.0008   -0.0002   -0.0001   -0.0004    0.0007
   46 H10    1s         0.1568   -0.2883    0.3664    0.3681    0.2653   -0.4054   -0.1868    0.3367    0.2823   -0.4166
   47 H10    2s         0.0118   -0.0219    0.0283    0.0293    0.0219   -0.0439   -0.0246    0.0424    0.0283   -0.0489
   48 H10    2px        0.0000   -0.0000    0.0000    0.0000    0.0000   -0.0000   -0.0000    0.0000    0.0000   -0.0000
   49 H10    2py       -0.0000    0.0000   -0.0000   -0.0000   -0.0000    0.0000    0.0000   -0.0000   -0.0000    0.0000
   50 H10    2pz       -0.0003    0.0005   -0.0005   -0.0003   -0.0001    0.0010    0.0012   -0.0018   -0.0004    0.0016
 
 
      Orbital               11        12        13        14        15        16        17        18        19        20
      Energy            0.3249    0.3324    0.3462    0.3678    0.3992    0.4418    0.5015    0.5774    0.6659    0.7541
      Occ. No.          0.0000    0.0000    0.0000    0.0000    0.0000    0.0000    0.0000    0.0000    0.0000    0.0000
 
    1 H1     1s        -0.0604    0.0957    0.0950   -0.0624    0.0096   -0.0481   -0.0990   -0.1278   -0.1229   -0.1021
    2 H1     2s         0.1574   -0.2850   -0.3726    0.4262   -0.4549   -0.4544   -0.4296   -0.3815   -0.2947   -0.2113
    3 H1     2px       -0.0000    0.0000   -0.0000   -0.0000    0.0000    0.0000    0.0000    0.0000    0.0000    0.0000
    4 H1     2py       -0.0000   -0.0000    0.0000    0.0000    0.0000   -0.0000    0.0000   -0.0000    0.0000    0.0000
    5 H1     2pz       -0.0007    0.0010    0.0013   -0.0029    0.0085    0.0210    0.0459    0.0891    0.1558    0.3023
    6 H2     1s        -0.1069    0.1542    0.1268   -0.0587    0.0036    0.0032    0.0644    0.1461    0.1761    0.1258
    7 H2     2s         0.1872   -0.2914   -0.2736    0.1415    0.0727    0.3136    0.5316    0.6458    0.5735    0.3580
    8 H2     2px        0.0000   -0.0000   -0.0000    0.0000   -0.0000    0.0000    0.0000    0.0000    0.0000    0.0000
    9 H2     2py        0.0000   -0.0000   -0.0000    0.0000    0.0000   -0.0000    0.0000   -0.0000    0.0000    0.0000
   10 H2     2pz        0.0005    0.0003    0.0046   -0.0149    0.0310    0.0455    0.0445    0.0055   -0.0950   -0.3219
   11 H3     1s        -0.1269    0.1369    0.0348    0.0658   -0.0715   -0.0089    0.0074   -0.0906   -0.1958   -0.1447
   12 H3     2s         0.2327   -0.2798   -0.0947   -0.2060    0.4247    0.3832    0.0399   -0.4200   -0.6410   -0.4045
   13 H3     2px       -0.0000    0.0000   -0.0000    0.0000   -0.0000   -0.0000   -0.0000    0.0000   -0.0000    0.0000
   14 H3     2py       -0.0000   -0.0000    0.0000    0.0000   -0.0000   -0.0000    0.0000   -0.0000    0.0000    0.0000
   15 H3     2pz        0.0006    0.0009    0.0060   -0.0107    0.0017   -0.0347   -0.0946   -0.1263   -0.0440    0.2477
   16 H4     1s        -0.1432    0.0995   -0.0577    0.1110   -0.0295    0.0070   -0.0603   -0.0299    0.1511    0.1509
   17 H4     2s         0.2627   -0.1970    0.1463   -0.3692    0.1548   -0.3372   -0.5672   -0.1401    0.4903    0.4139
   18 H4     2px       -0.0000    0.0000    0.0000    0.0000   -0.0000    0.0000    0.0000    0.0000   -0.0000   -0.0000
   19 H4     2py       -0.0000   -0.0000   -0.0000    0.0000    0.0000   -0.0000    0.0000   -0.0000    0.0000   -0.0000
   20 H4     2pz        0.0005    0.0021    0.0062    0.0001   -0.0253   -0.0382    0.0255    0.1591    0.1818   -0.1503
   21 H5     1s        -0.1518    0.0339   -0.1272    0.0516    0.0581    0.0083    0.0346    0.1320   -0.0559   -0.1520
   22 H5     2s         0.2778   -0.0723    0.3055   -0.1830   -0.3357   -0.3595    0.3415    0.5929   -0.1832   -0.4150
   23 H5     2px        0.0000   -0.0000    0.0000    0.0000   -0.0000   -0.0000    0.0000   -0.0000    0.0000   -0.0000
   24 H5     2py        0.0000   -0.0000    0.0000    0.0000   -0.0000   -0.0000    0.0000   -0.0000    0.0000   -0.0000
   25 H5     2pz        0.0000    0.0029    0.0022    0.0125   -0.0162    0.0360    0.0767   -0.0712   -0.2644    0.0501
   26 H6     1s        -0.1518   -0.0339   -0.1272   -0.0516    0.0581   -0.0083    0.0345   -0.1320   -0.0559    0.1519
   27 H6     2s         0.2778    0.0723    0.3055    0.1831   -0.3357    0.3594    0.3415   -0.5929   -0.1832    0.4150
   28 H6     2px        0.0000   -0.0000    0.0000    0.0000   -0.0000    0.0000    0.0000   -0.0000    0.0000    0.0000
   29 H6     2py        0.0000   -0.0000    0.0000    0.0000   -0.0000    0.0000    0.0000   -0.0000    0.0000    0.0000
   30 H6     2pz       -0.0000    0.0029   -0.0021    0.0125    0.0162    0.0360   -0.0767   -0.0712    0.2644    0.0501
   31 H7     1s        -0.1432   -0.0995   -0.0577   -0.1110   -0.0295   -0.0070   -0.0603    0.0299    0.1511   -0.1509
   32 H7     2s         0.2627    0.1970    0.1463    0.3692    0.1548    0.3373   -0.5671    0.1401    0.4902   -0.4139
   33 H7     2px       -0.0000    0.0000    0.0000   -0.0000   -0.0000   -0.0000    0.0000   -0.0000   -0.0000    0.0000
   34 H7     2py       -0.0000   -0.0000   -0.0000   -0.0000   -0.0000   -0.0000    0.0000   -0.0000   -0.0000    0.0000
   35 H7     2pz       -0.0005    0.0021   -0.0062    0.0001    0.0253   -0.0382   -0.0255    0.1591   -0.1818   -0.1503
   36 H8     1s        -0.1269   -0.1369    0.0348   -0.0658   -0.0715    0.0089    0.0074    0.0906   -0.1958    0.1447
   37 H8     2s         0.2327    0.2798   -0.0948    0.2060    0.4248   -0.3832    0.0398    0.4200   -0.6410    0.4045
   38 H8     2px       -0.0000   -0.0000    0.0000   -0.0000   -0.0000    0.0000    0.0000   -0.0000   -0.0000    0.0000
   39 H8     2py       -0.0000   -0.0000   -0.0000    0.0000   -0.0000    0.0000   -0.0000    0.0000   -0.0000    0.0000
   40 H8     2pz       -0.0006    0.0009   -0.0060   -0.0107   -0.0017   -0.0347    0.0946   -0.1263    0.0440    0.2477
   41 H9     1s        -0.1069   -0.1542    0.1268    0.0587    0.0037   -0.0032    0.0644   -0.1461    0.1761   -0.1258
   42 H9     2s         0.1872    0.2914   -0.2736   -0.1415    0.0727   -0.3136    0.5316   -0.6458    0.5735   -0.3580
   43 H9     2px        0.0000    0.0000   -0.0000    0.0000    0.0000   -0.0000    0.0000   -0.0000    0.0000   -0.0000
   44 H9     2py       -0.0000   -0.0000    0.0000    0.0000   -0.0000    0.0000   -0.0000    0.0000   -0.0000    0.0000
   45 H9     2pz       -0.0005    0.0003   -0.0046   -0.0148   -0.0310    0.0455   -0.0445    0.0055    0.0950   -0.3219
   46 H10    1s        -0.0604   -0.0957    0.0950    0.0624    0.0096    0.0481   -0.0990    0.1278   -0.1229    0.1021
   47 H10    2s         0.1574    0.2849   -0.3726   -0.4261   -0.4550    0.4544   -0.4295    0.3815   -0.2947    0.2113
   48 H10    2px       -0.0000   -0.0000    0.0000    0.0000    0.0000   -0.0000    0.0000   -0.0000    0.0000   -0.0000
   49 H10    2py        0.0000    0.0000   -0.0000   -0.0000   -0.0000    0.0000   -0.0000    0.0000   -0.0000    0.0000
   50 H10    2pz        0.0007    0.0010   -0.0013   -0.0029   -0.0085    0.0210   -0.0459    0.0891   -0.1558    0.3023
 
 
      Orbital               21        22        23        24        25        26        27        28        29        30
      Energy            0.7760    0.8801    0.8801    0.8881    0.8881    0.9009    0.9009    0.9177    0.9177    0.9373
      Occ. No.          0.0000    0.0000    0.0000    0.0000    0.0000    0.0000    0.0000    0.0000    0.0000    0.0000
 
    1 H1     1s        -0.0681    0.0000    0.0000   -0.0000   -0.0000   -0.0000   -0.0000    0.0000    0.0000    0.0000
    2 H1     2s        -0.1353   -0.0000   -0.0000   -0.0000   -0.0000    0.0000    0.0000    0.0000    0.0000   -0.0000
    3 H1     2px        0.0000    0.1143   -0.0035   -0.2122   -0.0589    0.2970    0.0903   -0.3631   -0.1065    0.4043
    4 H1     2py        0.0000    0.0035    0.1143    0.0589   -0.2122   -0.0903    0.2970    0.1065   -0.3631   -0.1011
    5 H1     2pz        0.2760   -0.0000   -0.0000   -0.0000   -0.0000    0.0000    0.0000    0.0000    0.0000   -0.0000
    6 H2     1s         0.0652    0.0000    0.0000    0.0000    0.0000   -0.0000   -0.0000   -0.0000   -0.0000    0.0000
    7 H2     2s         0.1869    0.0000    0.0000    0.0000    0.0000   -0.0000   -0.0000   -0.0000   -0.0000    0.0000
    8 H2     2px        0.0000    0.2226   -0.0068   -0.3629   -0.1007    0.3966    0.1206   -0.3102   -0.0909    0.1247
    9 H2     2py        0.0000    0.0068    0.2226    0.1007   -0.3629   -0.1206    0.3966    0.0909   -0.3102   -0.0312
   10 H2     2pz       -0.3191    0.0000    0.0000    0.0000    0.0000   -0.0000   -0.0000   -0.0000   -0.0000    0.0000
   11 H3     1s        -0.0541   -0.0000   -0.0000   -0.0000   -0.0000    0.0000    0.0000    0.0000    0.0000   -0.0000
   12 H3     2s        -0.1519   -0.0000   -0.0000   -0.0000   -0.0000    0.0000    0.0000    0.0000    0.0000   -0.0000
   13 H3     2px       -0.0000    0.3121   -0.0095   -0.3964   -0.1100    0.2183    0.0664    0.1107    0.0325   -0.3726
   14 H3     2py        0.0000    0.0095    0.3121    0.1100   -0.3964   -0.0664    0.2183   -0.0325    0.1107    0.0932
   15 H3     2pz        0.2949   -0.0000   -0.0000   -0.0000   -0.0000    0.0000    0.0000    0.0000    0.0000   -0.0000
   16 H4     1s         0.0342    0.0000    0.0000    0.0000    0.0000   -0.0000   -0.0000   -0.0000   -0.0000    0.0000
   17 H4     2s         0.0918    0.0000    0.0000    0.0000    0.0000   -0.0000   -0.0000   -0.0000   -0.0000    0.0000
   18 H4     2px        0.0000    0.3757   -0.0114   -0.3033   -0.0842   -0.1106   -0.0336    0.3995    0.1171   -0.2265
   19 H4     2py        0.0000    0.0114    0.3757    0.0842   -0.3033    0.0336   -0.1106   -0.1171    0.3995    0.0566
   20 H4     2pz       -0.2668    0.0000    0.0000    0.0000    0.0000   -0.0000   -0.0000   -0.0000   -0.0000    0.0000
   21 H5     1s        -0.0111    0.0000   -0.0000   -0.0000   -0.0000   -0.0000   -0.0000    0.0000    0.0000   -0.0000
   22 H5     2s        -0.0302   -0.0000   -0.0000   -0.0000   -0.0000    0.0000    0.0000    0.0000    0.0000   -0.0000
   23 H5     2px        0.0000    0.4088   -0.0124   -0.1128   -0.0313   -0.3640   -0.1107    0.2184    0.0640    0.3115
   24 H5     2py        0.0000    0.0124    0.4088    0.0313   -0.1128    0.1107   -0.3640   -0.0640    0.2184   -0.0779
   25 H5     2pz        0.2518   -0.0000   -0.0000   -0.0000   -0.0000    0.0000    0.0000    0.0000    0.0000    0.0000
   26 H6     1s        -0.0111    0.0000    0.0000    0.0000    0.0000   -0.0000   -0.0000   -0.0000   -0.0000    0.0000
   27 H6     2s        -0.0302    0.0000    0.0000    0.0000    0.0000   -0.0000   -0.0000   -0.0000   -0.0000    0.0000
   28 H6     2px        0.0000    0.4088   -0.0124    0.1128    0.0313   -0.3640   -0.1107   -0.2183   -0.0640    0.3115
   29 H6     2py        0.0000    0.0124    0.4088   -0.0313    0.1128    0.1107   -0.3640    0.0640   -0.2183   -0.0779
   30 H6     2pz       -0.2518   -0.0000   -0.0000   -0.0000    0.0000    0.0000    0.0000    0.0000    0.0000   -0.0000
   31 H7     1s         0.0342   -0.0000   -0.0000   -0.0000   -0.0000    0.0000    0.0000    0.0000    0.0000   -0.0000
   32 H7     2s         0.0918   -0.0000   -0.0000   -0.0000   -0.0000    0.0000   -0.0000    0.0000    0.0000    0.0000
   33 H7     2px       -0.0000    0.3756   -0.0114    0.3034    0.0842   -0.1106   -0.0336   -0.3995   -0.1171   -0.2265
   34 H7     2py       -0.0000    0.0114    0.3756   -0.0842    0.3034    0.0336   -0.1106    0.1171   -0.3995    0.0566
   35 H7     2pz        0.2668    0.0000    0.0000    0.0000    0.0000   -0.0000   -0.0000   -0.0000   -0.0000    0.0000
   36 H8     1s        -0.0541   -0.0000    0.0000    0.0000    0.0000    0.0000    0.0000   -0.0000   -0.0000   -0.0000
   37 H8     2s        -0.1519    0.0000    0.0000    0.0000    0.0000   -0.0000    0.0000   -0.0000   -0.0000   -0.0000
   38 H8     2px       -0.0000    0.3121   -0.0095    0.3964    0.1100    0.2183    0.0664   -0.1107   -0.0325   -0.3726
   39 H8     2py       -0.0000    0.0095    0.3121   -0.1100    0.3964   -0.0664    0.2183    0.0325   -0.1107    0.0932
   40 H8     2pz       -0.2949   -0.0000   -0.0000   -0.0000   -0.0000    0.0000    0.0000    0.0000    0.0000   -0.0000
   41 H9     1s         0.0652    0.0000   -0.0000    0.0000   -0.0000   -0.0000   -0.0000    0.0000    0.0000    0.0000
   42 H9     2s         0.1869   -0.0000   -0.0000   -0.0000   -0.0000    0.0000    0.0000    0.0000    0.0000    0.0000
   43 H9     2px        0.0000    0.2225   -0.0068    0.3629    0.1007    0.3965    0.1206    0.3102    0.0909    0.1247
   44 H9     2py       -0.0000    0.0068    0.2225   -0.1007    0.3629   -0.1206    0.3965   -0.0909    0.3102   -0.0312
   45 H9     2pz        0.3191    0.0000    0.0000    0.0000    0.0000    0.0000    0.0000   -0.0000   -0.0000   -0.0000
   46 H10    1s        -0.0681   -0.0000   -0.0000   -0.0000    0.0000    0.0000    0.0000   -0.0000   -0.0000   -0.0000
   47 H10    2s        -0.1353    0.0000    0.0000    0.0000   -0.0000   -0.0000   -0.0000   -0.0000   -0.0000    0.0000
   48 H10    2px        0.0000    0.1143   -0.0035    0.2122    0.0589    0.2971    0.0903    0.3632    0.1065    0.4042
   49 H10    2py       -0.0000    0.0035    0.1143   -0.0589    0.2122   -0.0903    0.2971   -0.1065    0.3632   -0.1011
   50 H10    2pz       -0.2760    0.0000   -0.0000   -0.0000   -0.0000   -0.0000   -0.0000    0.0000    0.0000    0.0000
 
 
      Orbital               31        32        33        34        35        36        37        38        39        40
      Energy            0.9373    0.9585    0.9585    0.9792    0.9792    0.9834    0.9978    0.9978    1.0056    1.0126
      Occ. No.          0.0000    0.0000    0.0000    0.0000    0.0000    0.0000    0.0000    0.0000    0.0000    0.0000
 
    1 H1     1s         0.0000   -0.0000   -0.0000   -0.0000   -0.0000    0.0467   -0.0000   -0.0000    0.0703    0.0000
    2 H1     2s        -0.0000   -0.0000   -0.0000    0.0000    0.0000    0.0994   -0.0000   -0.0000    0.1568    0.0000
    3 H1     2px        0.1011   -0.4135   -0.0947    0.3819    0.1130   -0.0000   -0.3199   -0.1025   -0.0000    0.2335
    4 H1     2py        0.4043    0.0947   -0.4135   -0.1130    0.3819   -0.0000    0.1025   -0.3199   -0.0000   -0.0658
    5 H1     2pz       -0.0000   -0.0000   -0.0000    0.0000    0.0000    0.1599   -0.0000   -0.0000    0.2582    0.0000
    6 H2     1s         0.0000    0.0000    0.0000   -0.0000   -0.0000   -0.1491    0.0000    0.0000   -0.2020   -0.0000
    7 H2     2s         0.0000    0.0000    0.0000   -0.0000   -0.0000   -0.3428    0.0000    0.0000   -0.4751   -0.0000
    8 H2     2px        0.0312    0.1098    0.0252   -0.3082   -0.0912    0.0000    0.4096    0.1312    0.0000   -0.3851
    9 H2     2py        0.1247   -0.0252    0.1098    0.0912   -0.3082    0.0000   -0.1312    0.4096    0.0000    0.1085
   10 H2     2pz        0.0000    0.0000    0.0000   -0.0000   -0.0000   -0.2292    0.0000    0.0000   -0.2915   -0.0000
   11 H3     1s        -0.0000   -0.0000   -0.0000    0.0000    0.0000    0.2718   -0.0000   -0.0000    0.2929    0.0000
   12 H3     2s        -0.0000   -0.0000   -0.0000    0.0000    0.0000    0.6380   -0.0000   -0.0000    0.7022    0.0000
   13 H3     2px       -0.0932    0.3825    0.0876   -0.1230   -0.0364    0.0000   -0.2202   -0.0705   -0.0000    0.4170
   14 H3     2py       -0.3726   -0.0876    0.3825    0.0364   -0.1230    0.0000    0.0705   -0.2202   -0.0000   -0.1175
   15 H3     2pz       -0.0000   -0.0000   -0.0000    0.0000    0.0000    0.2146   -0.0000   -0.0000    0.0964    0.0000
   16 H4     1s         0.0000    0.0000    0.0000   -0.0000   -0.0000   -0.3747    0.0000    0.0000   -0.2618   -0.0000
   17 H4     2s         0.0000    0.0000    0.0000   -0.0000   -0.0000   -0.8873    0.0000    0.0000   -0.6316   -0.0000
   18 H4     2px       -0.0566   -0.2237   -0.0512    0.4101    0.1213   -0.0000   -0.1185   -0.0379    0.0000   -0.3181
   19 H4     2py       -0.2265    0.0512   -0.2237   -0.1213    0.4101   -0.0000    0.0379   -0.1185    0.0000    0.0896
   20 H4     2pz        0.0000    0.0000    0.0000   -0.0000   -0.0000   -0.1479    0.0000    0.0000    0.1850    0.0000
   21 H5     1s        -0.0000   -0.0000   -0.0000    0.0000    0.0000    0.4330   -0.0000   -0.0000    0.1042    0.0000
   22 H5     2s        -0.0000   -0.0000   -0.0000    0.0000    0.0000    1.0265   -0.0000   -0.0000    0.2534    0.0000
   23 H5     2px        0.0779   -0.3172   -0.0727   -0.2221   -0.0657    0.0000    0.3773    0.1209    0.0000    0.1182
   24 H5     2py        0.3115    0.0727   -0.3172    0.0657   -0.2221    0.0000   -0.1209    0.3773    0.0000   -0.0333
   25 H5     2pz        0.0000   -0.0000   -0.0000   -0.0000    0.0000    0.0517   -0.0000    0.0000   -0.3840   -0.0000
   26 H6     1s         0.0000    0.0000    0.0000   -0.0000   -0.0000   -0.4330    0.0000    0.0000    0.1042    0.0000
   27 H6     2s         0.0000    0.0000    0.0000   -0.0000   -0.0000   -1.0265    0.0000    0.0000    0.2534    0.0000
   28 H6     2px        0.0779    0.3172    0.0727   -0.2221   -0.0657   -0.0000   -0.3773   -0.1209   -0.0000    0.1182
   29 H6     2py        0.3115   -0.0727    0.3172    0.0657   -0.2221   -0.0000    0.1209   -0.3773   -0.0000   -0.0333
   30 H6     2pz       -0.0000   -0.0000   -0.0000    0.0000    0.0000    0.0517   -0.0000   -0.0000    0.3840    0.0000
   31 H7     1s        -0.0000   -0.0000   -0.0000    0.0000    0.0000    0.3747   -0.0000   -0.0000   -0.2618   -0.0000
   32 H7     2s        -0.0000   -0.0000   -0.0000    0.0000    0.0000    0.8873   -0.0000   -0.0000   -0.6316   -0.0000
   33 H7     2px       -0.0566    0.2236    0.0512    0.4101    0.1213    0.0000    0.1184    0.0379    0.0000   -0.3181
   34 H7     2py       -0.2265   -0.0512    0.2236   -0.1213    0.4101    0.0000   -0.0379    0.1184    0.0000    0.0896
   35 H7     2pz        0.0000    0.0000    0.0000   -0.0000   -0.0000   -0.1479    0.0000    0.0000   -0.1850   -0.0000
   36 H8     1s        -0.0000    0.0000    0.0000   -0.0000   -0.0000   -0.2717    0.0000    0.0000    0.2929    0.0000
   37 H8     2s        -0.0000    0.0000    0.0000   -0.0000   -0.0000   -0.6380    0.0000    0.0000    0.7023    0.0000
   38 H8     2px       -0.0932   -0.3825   -0.0876   -0.1230   -0.0364   -0.0000    0.2203    0.0705   -0.0000    0.4170
   39 H8     2py       -0.3726    0.0876   -0.3825    0.0364   -0.1230    0.0000   -0.0705    0.2203   -0.0000   -0.1175
   40 H8     2pz       -0.0000   -0.0000   -0.0000    0.0000    0.0000    0.2146   -0.0000   -0.0000   -0.0963   -0.0000
   41 H9     1s         0.0000   -0.0000   -0.0000   -0.0000    0.0000    0.1491   -0.0000   -0.0000   -0.2020   -0.0000
   42 H9     2s         0.0000   -0.0000   -0.0000    0.0000    0.0000    0.3428   -0.0000   -0.0000   -0.4751   -0.0000
   43 H9     2px        0.0312   -0.1098   -0.0252   -0.3082   -0.0912   -0.0000   -0.4096   -0.1312    0.0000   -0.3850
   44 H9     2py        0.1247    0.0252   -0.1098    0.0912   -0.3082   -0.0000    0.1312   -0.4096    0.0000    0.1085
   45 H9     2pz       -0.0000    0.0000    0.0000   -0.0000   -0.0000   -0.2292    0.0000    0.0000    0.2915    0.0000
   46 H10    1s        -0.0000    0.0000    0.0000    0.0000    0.0000   -0.0467    0.0000    0.0000    0.0704   -0.0000
   47 H10    2s         0.0000    0.0000    0.0000   -0.0000   -0.0000   -0.0994    0.0000    0.0000    0.1568    0.0000
   48 H10    2px        0.1011    0.4135    0.0947    0.3820    0.1130    0.0000    0.3199    0.1025   -0.0000    0.2335
   49 H10    2py        0.4042   -0.0947    0.4135   -0.1130    0.3820    0.0000   -0.1025    0.3199   -0.0000   -0.0658
   50 H10    2pz        0.0000   -0.0000   -0.0000    0.0000    0.0000    0.1599   -0.0000   -0.0000   -0.2582   -0.0000
 
 
      Orbital               41        42        43        44        45        46        47        48        49        50
      Energy            1.0126    1.0222    1.0222    1.0333    1.0681    1.1100    1.1550    1.1988    1.2357    1.2604
      Occ. No.          0.0000    0.0000    0.0000    0.0000    0.0000    0.0000    0.0000    0.0000    0.0000    0.0000
 
    1 H1     1s         0.0000   -0.0000   -0.0000    0.0783   -0.0781   -0.0738    0.0669   -0.0566   -0.0418    0.0223
    2 H1     2s         0.0000    0.0000    0.0000    0.1844   -0.1898   -0.1772    0.1518   -0.1180   -0.0799    0.0402
    3 H1     2px        0.0658   -0.1268   -0.0064    0.0000   -0.0000    0.0000   -0.0000    0.0000   -0.0000   -0.0000
    4 H1     2py        0.2335    0.0064   -0.1268    0.0000   -0.0000    0.0000    0.0000   -0.0000    0.0000    0.0000
    5 H1     2pz        0.0000    0.0000    0.0000    0.3326   -0.3856   -0.4080    0.3926   -0.3367   -0.2461    0.1298
    6 H2     1s        -0.0000   -0.0000   -0.0000   -0.1934    0.1572    0.1102   -0.0625    0.0223   -0.0023    0.0077
    7 H2     2s        -0.0000   -0.0000   -0.0000   -0.4595    0.3639    0.2388   -0.1262    0.0467    0.0053    0.0055
    8 H2     2px       -0.1085    0.2388    0.0121   -0.0000   -0.0000   -0.0000    0.0000   -0.0000    0.0000   -0.0000
    9 H2     2py       -0.3851   -0.0121    0.2388   -0.0000   -0.0000   -0.0000    0.0000    0.0000    0.0000   -0.0000
   10 H2     2pz       -0.0000   -0.0000   -0.0000   -0.2198    0.0465   -0.1813    0.3847   -0.4884   -0.4473    0.2662
   11 H3     1s         0.0000    0.0000    0.0000    0.1822   -0.0604    0.0206   -0.0466    0.0289   -0.0008    0.0121
   12 H3     2s         0.0000    0.0000    0.0000    0.4378   -0.1376    0.0457   -0.0863    0.0438   -0.0051    0.0189
   13 H3     2px        0.1175   -0.3330   -0.0168    0.0000    0.0000    0.0000   -0.0000    0.0000   -0.0000    0.0000
   14 H3     2py        0.4170    0.0168   -0.3330    0.0000   -0.0000    0.0000   -0.0000   -0.0000   -0.0000    0.0000
   15 H3     2pz        0.0000    0.0000    0.0000   -0.2063    0.4443    0.4265   -0.1323   -0.2592   -0.4788    0.3683
   16 H4     1s        -0.0000   -0.0000   -0.0000   -0.0200   -0.0905   -0.0602   -0.0140    0.0462    0.0211    0.0055
   17 H4     2s        -0.0000   -0.0000   -0.0000   -0.0441   -0.2162   -0.1308   -0.0263    0.0770    0.0326    0.0059
   18 H4     2px       -0.0896    0.4003    0.0202   -0.0000    0.0000   -0.0000    0.0000   -0.0000    0.0000   -0.0000
   19 H4     2py       -0.3181   -0.0202    0.4003   -0.0000    0.0000   -0.0000    0.0000   -0.0000    0.0000   -0.0000
   20 H4     2pz        0.0000    0.0000    0.0000    0.4511   -0.2379    0.2554   -0.4620    0.1284   -0.3713    0.4471
   21 H5     1s         0.0000    0.0000   -0.0000   -0.1443    0.0715   -0.0572    0.0517    0.0166    0.0281    0.0024
   22 H5     2s         0.0000    0.0000    0.0000   -0.3548    0.1695   -0.1228    0.0976    0.0275    0.0405    0.0046
   23 H5     2px        0.0333   -0.4356   -0.0220    0.0000   -0.0000    0.0000   -0.0000    0.0000   -0.0000    0.0000
   24 H5     2py        0.1182    0.0220   -0.4356    0.0000   -0.0000    0.0000    0.0000    0.0000   -0.0000    0.0000
   25 H5     2pz       -0.0000   -0.0000   -0.0000   -0.2307   -0.3453   -0.3474   -0.2580    0.4365   -0.1370    0.4864
   26 H6     1s         0.0000   -0.0000    0.0000    0.1443    0.0715    0.0572    0.0517   -0.0166    0.0281   -0.0024
   27 H6     2s         0.0000   -0.0000   -0.0000    0.3548    0.1695    0.1228    0.0976   -0.0275    0.0405   -0.0046
   28 H6     2px        0.0333    0.4356    0.0220   -0.0000   -0.0000   -0.0000    0.0000   -0.0000    0.0000   -0.0000
   29 H6     2py        0.1182   -0.0220    0.4356   -0.0000   -0.0000   -0.0000    0.0000   -0.0000    0.0000   -0.0000
   30 H6     2pz        0.0000   -0.0000   -0.0000   -0.2307    0.3454   -0.3474    0.2580    0.4365    0.1370    0.4864
   31 H7     1s        -0.0000    0.0000    0.0000    0.0200   -0.0905    0.0602   -0.0140   -0.0462    0.0211   -0.0055
   32 H7     2s        -0.0000    0.0000    0.0000    0.0440   -0.2162    0.1308   -0.0263   -0.0770    0.0326   -0.0059
   33 H7     2px       -0.0896   -0.4004   -0.0202    0.0000   -0.0000    0.0000    0.0000    0.0000    0.0000    0.0000
   34 H7     2py       -0.3181    0.0202   -0.4004    0.0000   -0.0000    0.0000    0.0000    0.0000    0.0000    0.0000
   35 H7     2pz       -0.0000    0.0000    0.0000    0.4511    0.2379    0.2554    0.4620    0.1284    0.3714    0.4471
   36 H8     1s         0.0000   -0.0000   -0.0000   -0.1822   -0.0604   -0.0206   -0.0466   -0.0289   -0.0008   -0.0121
   37 H8     2s         0.0000   -0.0000   -0.0000   -0.4378   -0.1375   -0.0457   -0.0863   -0.0438   -0.0051   -0.0189
   38 H8     2px        0.1175    0.3330    0.0168   -0.0000    0.0000   -0.0000   -0.0000   -0.0000   -0.0000   -0.0000
   39 H8     2py        0.4170   -0.0168    0.3330   -0.0000   -0.0000    0.0000   -0.0000   -0.0000    0.0000    0.0000
   40 H8     2pz       -0.0000    0.0000    0.0000   -0.2063   -0.4443    0.4265    0.1323   -0.2592    0.4788    0.3683
   41 H9     1s        -0.0000    0.0000    0.0000    0.1934    0.1572   -0.1101   -0.0625   -0.0223   -0.0023   -0.0077
   42 H9     2s        -0.0000    0.0000    0.0000    0.4595    0.3639   -0.2388   -0.1262   -0.0467    0.0053   -0.0055
   43 H9     2px       -0.1085   -0.2389   -0.0121    0.0000   -0.0000    0.0000    0.0000   -0.0000    0.0000    0.0000
   44 H9     2py       -0.3850    0.0121   -0.2389    0.0000    0.0000   -0.0000   -0.0000   -0.0000    0.0000    0.0000
   45 H9     2pz        0.0000   -0.0000   -0.0000   -0.2199   -0.0465   -0.1813   -0.3847   -0.4884    0.4473    0.2662
   46 H10    1s        -0.0000    0.0000    0.0000   -0.0783   -0.0781    0.0738    0.0669    0.0566   -0.0417   -0.0223
   47 H10    2s         0.0000   -0.0000   -0.0000   -0.1844   -0.1898    0.1772    0.1519    0.1180   -0.0799   -0.0402
   48 H10    2px        0.0658    0.1268    0.0064   -0.0000   -0.0000    0.0000    0.0000    0.0000   -0.0000   -0.0000
   49 H10    2py        0.2335   -0.0064    0.1268   -0.0000   -0.0000    0.0000    0.0000    0.0000   -0.0000   -0.0000
   50 H10    2pz       -0.0000    0.0000    0.0000    0.3326    0.3856   -0.4079   -0.3926   -0.3367    0.2461    0.1298
--
 
      Von Neumann Entropy (Root  1) =  4.85979
 

      Mulliken population analysis for root number:  1
      -----------------------------------------------
 
 
++    Molecular charges:
      ------------------
 
      Mulliken charges per centre and basis function type
      ---------------------------------------------------
 
                H1      H2      H3      H4      H5      H6      H7      H8      H9      H10   
      1s       0.9938  1.0007  1.0014  1.0011  1.0012  1.0012  1.0011  1.0014  1.0007  0.9937
      2s       0.0054  0.0003 -0.0013 -0.0011 -0.0012 -0.0012 -0.0011 -0.0014  0.0003  0.0054
      2px      0.0000  0.0000  0.0000  0.0000  0.0000  0.0000  0.0000  0.0000  0.0000  0.0000
      2pz     -0.0001 -0.0000 -0.0000 -0.0001 -0.0001 -0.0000 -0.0001 -0.0000 -0.0000 -0.0001
      2py      0.0000  0.0000  0.0000  0.0000  0.0000  0.0000  0.0000  0.0000  0.0000  0.0000
      Total    0.9991  1.0010  1.0000  1.0000  1.0000  1.0000  1.0000  1.0000  1.0010  0.9991
 
      N-E      0.0009 -0.0010  0.0000  0.0000  0.0000  0.0000  0.0000  0.0000 -0.0010  0.0009
 
      Total electronic charge=   10.000000
 
      Total            charge=   -0.000000
--
 
 

      Expectation values of various properties for root number:  1
      -----------------------------------------------------------
 
 
++    Molecular properties:
      ---------------------
 
      Charge (e):
                      =   -0.0000
      Dipole Moment (Debye):
      Origin of the operator (Ang)=    0.0000    0.0000    0.0000
                   X=  4.7317E-07               Y=  1.1121E-08               Z= -2.1672E-06           Total=  2.2183E-06
      Quadrupole Moment (Debye*Ang):
      Origin of the operator (Ang)=    0.0000    0.0000   12.5182
                  XX= -1.5101E+01              XY= -7.3737E-15              XZ= -3.8201E-07              YY= -1.5101E+01
                  YZ= -2.9708E-07              ZZ= -1.5324E+01
      In traceless form (Debye*Ang)
                  XX=  1.1189E-01              XY= -1.1061E-14              XZ= -5.7302E-07              YY=  1.1189E-01
                  YZ= -4.4562E-07              ZZ= -2.2379E-01
--
 

      LoProp population analysis for root number:  1
      -----------------------------------------------
 
 
++    LoProp analysis:
      ----------------
 
 
 
  Input file to MOLDEN was generated!
 
 
++    Static properties:
      ------------------
 
 
      LoProp Charges per center
 

                   H1       H2       H3       H4       H5       H6       H7       H8       H9       H10   
      Nuclear      1.0000   1.0000   1.0000   1.0000   1.0000   1.0000   1.0000   1.0000   1.0000   1.0000
      Electronic  -1.0001  -0.9999  -1.0000  -1.0000  -1.0000  -1.0000  -1.0000  -1.0000  -0.9999  -1.0001
 
      Total       -0.0001   0.0001   0.0000  -0.0000   0.0000   0.0000  -0.0000   0.0000   0.0001  -0.0001
--
 
 
      Natural Bond Order analysis for root number:  1
 
++    Natural Bond Order analysis
      ---------------------------
      Based on LoProp computed density
      -------------------------------------------------------------------------------------
      Atom A       Atom B       Bond Order
      -------------------------------------------------------------------------------------
      The remaining   10.000 electrons are to be considered as diffuse
--
 
--
 
 
  Input file to MOLDEN was generated!
 
      Average orbitals are written to the RASORB file
      Natural orbitals for root   1 are written to the RASORB.1 file
      Spin density orbitals for root   1 are written to the SPDORB.1 file
 
forrtl: warning (525): IEEE_DIVIDE_BY_ZERO is signaling
forrtl: warning (526): IEEE_INVALID is signaling
forrtl: warning (528): IEEE_UNDERFLOW is signaling
--- Stop Module: rasscf at Sun Oct 26 18:19:51 2025 /rc=_RC_ALL_IS_WELL_ ---
*** files: H10_2.78.LprOrb H10_2.78.rasscf.molden H10_2.78.LoProp.molden H10_2.78.RasOrb.1 H10_2.78.RasOrb H10_2.78.rasscf.h5 H10_2.78.SpdOrb.1 xmldump
    saved to directory /home/grierjones/DDCASPT2/hydrogen_comps/rerun/H10_chain/H10_2.78
--- Module rasscf spent 45 seconds ---

>>> COPY /tmp/H10_2.78/H10_2.78.rasscf.h5 /home/grierjones/DDCASPT2/hydrogen_comps/rerun/H10_chain/H10_2.78/

>>> COPY /tmp/H10_2.78/GMJ_Fock_MO.csv /home/grierjones/DDCASPT2/hydrogen_comps/rerun/H10_chain/H10_2.78/H10_2.78.GMJ_Fock_MO.csv

*** symbolic link created: INPORB -> H10_2.78.RasOrb
--- Start Module: motra at Sun Oct 26 18:19:51 2025 ---
 
()()()()()()()()()()()()()()()()()()()()()()()()()()()()()()()()()()()()()()()()()()()()()()()()()()

                                               &MOTRA

                                   only a single process is used
                       available to each process: 2.0 GB of memory, 1 thread?
()()()()()()()()()()()()()()()()()()()()()()()()()()()()()()()()()()()()()()()()()()()()()()()()()()
 
 
      *** WARNING: Default frozen orbitals is overwritten by user input.
      *** Default values:   0
 
      Header of the integral files:
      
       Integrals generated by seward 4.2.0  , Sun Oct 26 18:19:05 2025
 
 
      Header of MO coefficients source file:
      * RASSCF average (pseudo-natural) orbitals                                      
 
 
      Cartesian coordinates in Angstrom:
      -----------------------------------------------------
      No.  Label        X            Y            Z        
      -----------------------------------------------------
       1   H1         0.00000000   0.00000000   0.00000000
       2   H2         0.00000000   0.00000000   2.78181800
       3   H3         0.00000000   0.00000000   5.56363600
       4   H4         0.00000000   0.00000000   8.34545500
       5   H5         0.00000000   0.00000000  11.12727300
       6   H6         0.00000000   0.00000000  13.90909100
       7   H7         0.00000000   0.00000000  16.69090900
       8   H8         0.00000000   0.00000000  19.47272700
       9   H9         0.00000000   0.00000000  22.25454500
      10   H10        0.00000000   0.00000000  25.03636400
      -----------------------------------------------------
      Nuclear repulsion energy =    3.66942038
 
      Orbital specifications:
      -----------------------
 
      Symmetry species:              1
      Number of basis functions:    50
      Frozen orbitals:               0
      Deleted orbitals:              0
      Number of orbitals used:      50

       SYMMETRY  BASIS FUNCTIONS       ORBITALS      INTEGRALS   CPU(SEC)  I/O(SEC)
        1 1 1 1   50  50  50  50    50  50  50  50      813450       0.00      0.00

       TOTAL CPU TIME(SEC)    0.49TOTAL I/O TIME(SEC)    1.19
 
--- Stop Module: motra at Sun Oct 26 18:19:52 2025 /rc=_RC_ALL_IS_WELL_ ---
*** files: xmldump
    saved to directory /home/grierjones/DDCASPT2/hydrogen_comps/rerun/H10_chain/H10_2.78
--- Module motra spent 1 second ---

>>> COPY /tmp/H10_2.78/GMJ_one_int_indx.csv /home/grierjones/DDCASPT2/hydrogen_comps/rerun/H10_chain/H10_2.78/H10_2.78.GMJ_one_int_indx.csv

>>> COPY /tmp/H10_2.78/GMJ_one_int.csv /home/grierjones/DDCASPT2/hydrogen_comps/rerun/H10_chain/H10_2.78/H10_2.78.GMJ_one_int.csv

>>> COPY /tmp/H10_2.78/GMJ_two_int_indx.csv /home/grierjones/DDCASPT2/hydrogen_comps/rerun/H10_chain/H10_2.78/H10_2.78.GMJ_two_int_indx.csv

>>> COPY /tmp/H10_2.78/GMJ_two_int.csv /home/grierjones/DDCASPT2/hydrogen_comps/rerun/H10_chain/H10_2.78/H10_2.78.GMJ_two_int.csv

*** symbolic link created: INPORB -> H10_2.78.RasOrb
--- Start Module: caspt2 at Sun Oct 26 18:19:52 2025 ---
 
()()()()()()()()()()()()()()()()()()()()()()()()()()()()()()()()()()()()()()()()()()()()()()()()()()

                                              &CASPT2

                                   only a single process is used
                       available to each process: 2.0 GB of memory, 1 thread?
()()()()()()()()()()()()()()()()()()()()()()()()()()()()()()()()()()()()()()()()()()()()()()()()()()
 
 Cholesky algorithm in CASPT2 =    1
 
 ###############################################################################
 ###############################################################################
 ###                                                                         ###
 ###                                                                         ###
 ###    User changed nr of frozen orbitals.                                  ###
 ###                                                                         ###
 ###                                                                         ###
 ###############################################################################
 ###############################################################################
 
++    Wave function specifications:
      -----------------------------
 
      Number of closed shell electrons           0
      Number of electrons in active shells      10
      Max number of holes in RAS1 space          0
      Max number of electrons in RAS3 space      0
      Number of inactive orbitals                0
      Number of active orbitals                 10
      Number of secondary orbitals              40
      Spin quantum number                      0.0
      State symmetry                             1
      Number of CSFs                         19404
      Number of root(s) available                1
      Root passed to geometry opt.               1
      A file JOBMIX will be created.
      This is a CASSCF or RASSCF reference function
--
 
++    Orbital specifications:
      -----------------------
 
      Symmetry species                           1
                                                 a
      Frozen orbitals                            0
      Inactive orbitals                          0
      Active orbitals                           10
      Secondary orbitals                        40
      Deleted orbitals                           0
      Number of basis functions                 50
--
 
      Type of Fock operator: STANDARD
      Type of 0-order Hamiltonian: STANDARD WITH DEFAULT IPEA
        "IP-EA" denominator shift =      0.25
      The input orbitals and the CI vector will be transformed.
 
--------------------------------------------------------------------------------
 Estimated memory requirements:
  POLY3 :                  3551880
  RHS:                      835500
  SIGMA :                   430400
  PRPCTL:                        0
 Available workspace:    230354915
 
++ CASPT2 computation for group   1
 
********************************************************************************
 Multi-State initialization phase begins for group   1
--------------------------------------------------------------------------------
********************************************************************************
 Compute H0 matrices for state    1
--------------------------------------------------------------------------------
--------------------------------------------------------------------------------
 H0 matrices have been computed.
 
********************************************************************************
  CASPT2 EQUATION SOLUTION
--------------------------------------------------------------------------------
 
  Total nr of CASPT2 parameters:
   Before reduction:      120200
   After  reduction:      119240
 
 The contributions to the second order correlation energy in atomic units.
-----------------------------------------------------------------------------------------------------------------------------
  IT.      VJTU        VJTI        ATVX        AIVX        VJAI        BVAT        BJAT        BJAI        TOTAL       RNORM  
-----------------------------------------------------------------------------------------------------------------------------
   1     0.000000    0.000000   -0.000496    0.000000    0.000000   -0.001406    0.000000    0.000000   -0.001902    0.000557
   2     0.000000    0.000000   -0.000501    0.000000    0.000000   -0.001407    0.000000    0.000000   -0.001908    0.000109
   3     0.000000    0.000000   -0.000502    0.000000    0.000000   -0.001407    0.000000    0.000000   -0.001910    0.000034
   4     0.000000    0.000000   -0.000502    0.000000    0.000000   -0.001407    0.000000    0.000000   -0.001909    0.000007
   5     0.000000    0.000000   -0.000502    0.000000    0.000000   -0.001407    0.000000    0.000000   -0.001909    0.000002
-------------------------------------------------------------------------------------------------------------------
 
  FINAL CASPT2 RESULT:
 
  Correlation energy /Case, /Symm, and sums:
 VJTU      0.00000000  0.00000000
 VJTIP     0.00000000  0.00000000
 VJTIM     0.00000000  0.00000000
 ATVX     -0.00050181 -0.00050181
 AIVX      0.00000000  0.00000000
 VJAIP     0.00000000  0.00000000
 VJAIM     0.00000000  0.00000000
 BVATP    -0.00122922 -0.00122922
 BVATM    -0.00017823 -0.00017823
 BJATP     0.00000000  0.00000000
 BJATM     0.00000000  0.00000000
 BJAIP     0.00000000  0.00000000
 BJAIM     0.00000000  0.00000000
 Summed:  -0.00190926 -0.00190926
 
      Reference energy:          -4.9913130492
      E2 (Non-variational):      -0.0019092627
      E2 (Variational):          -0.0019092625
      Total energy:              -4.9932223116
      Residual norm:              0.0000002635
      Reference weight:           0.99876
 
      Contributions to the CASPT2 correlation energy
      Active & Virtual Only:         -0.0019092627
      One Inactive Excited:           0.0000000000
      Two Inactive Excited:           0.0000000000
 
 
++ Denominators, etc.
----------------------------------------------------------------------------------------------------
 Report on small energy denominators, large coefficients, and large energy contributions.
CASE  SYMM ACTIVE-MIX  NON-ACTIVE INDICES          DENOMINATOR     RHS VALUE       COEFFICIENT     CONTRIBUTION
--
 
   (Skipping property calculation,
    use PROP keyword to activate)
--
 
  Total CASPT2 energies:
::    CASPT2 Root  1     Total energy:     -4.99322231
 
  A NEW JOBIPH FILE NAMED 'JOBMIX' IS PREPARED.
********************************************************************************
forrtl: warning (528): IEEE_UNDERFLOW is signaling
--- Stop Module: caspt2 at Sun Oct 26 18:19:58 2025 /rc=_RC_ALL_IS_WELL_ ---
*** files: xmldump
    saved to directory /home/grierjones/DDCASPT2/hydrogen_comps/rerun/H10_chain/H10_2.78
--- Module caspt2 spent 6 seconds ---

>>> EXPORT i = B

>>> EXPORT j = P

>>> IF (-FILE GMJ_e2_${i}_${j}_1_.csv)
(Skipped)

>>> END FOREACH

>>> EXPORT j = M

>>> IF (-FILE GMJ_e2_${i}_${j}_1_.csv)
(Skipped)

>>> END FOREACH

>>> END FOREACH

>>> EXPORT i = E

>>> EXPORT j = P

>>> IF (-FILE GMJ_e2_${i}_${j}_1_.csv)
(Skipped)

>>> END FOREACH

>>> EXPORT j = M

>>> IF (-FILE GMJ_e2_${i}_${j}_1_.csv)
(Skipped)

>>> END FOREACH

>>> END FOREACH

>>> EXPORT i = F

>>> EXPORT j = P

>>> IF (-FILE GMJ_e2_${i}_${j}_1_.csv)

>>> COPY /tmp/H10_2.78/GMJ_RHS_F_P_1_.csv /home/grierjones/DDCASPT2/hydrogen_comps/rerun/H10_chain/H10_2.78/GMJ_RHS_F_P_1_.csv

>>> COPY /tmp/H10_2.78/GMJ_IVECW_F_P_1_.csv /home/grierjones/DDCASPT2/hydrogen_comps/rerun/H10_chain/H10_2.78/GMJ_IVECW_F_P_1_.csv

>>> COPY /tmp/H10_2.78/GMJ_IVECX_F_P_1_.csv /home/grierjones/DDCASPT2/hydrogen_comps/rerun/H10_chain/H10_2.78/GMJ_IVECX_F_P_1_.csv

>>> COPY /tmp/H10_2.78/GMJ_IVECC2_F_P_1_.csv /home/grierjones/DDCASPT2/hydrogen_comps/rerun/H10_chain/H10_2.78/GMJ_IVECC2_F_P_1_.csv

>>> COPY /tmp/H10_2.78/GMJ_e2_F_P_1_.csv /home/grierjones/DDCASPT2/hydrogen_comps/rerun/H10_chain/H10_2.78/GMJ_e2_F_P_1_.csv

>>> END FOREACH

>>> EXPORT j = M

>>> IF (-FILE GMJ_e2_${i}_${j}_1_.csv)

>>> COPY /tmp/H10_2.78/GMJ_RHS_F_M_1_.csv /home/grierjones/DDCASPT2/hydrogen_comps/rerun/H10_chain/H10_2.78/GMJ_RHS_F_M_1_.csv

>>> COPY /tmp/H10_2.78/GMJ_IVECW_F_M_1_.csv /home/grierjones/DDCASPT2/hydrogen_comps/rerun/H10_chain/H10_2.78/GMJ_IVECW_F_M_1_.csv

>>> COPY /tmp/H10_2.78/GMJ_IVECX_F_M_1_.csv /home/grierjones/DDCASPT2/hydrogen_comps/rerun/H10_chain/H10_2.78/GMJ_IVECX_F_M_1_.csv

>>> COPY /tmp/H10_2.78/GMJ_IVECC2_F_M_1_.csv /home/grierjones/DDCASPT2/hydrogen_comps/rerun/H10_chain/H10_2.78/GMJ_IVECC2_F_M_1_.csv

>>> COPY /tmp/H10_2.78/GMJ_e2_F_M_1_.csv /home/grierjones/DDCASPT2/hydrogen_comps/rerun/H10_chain/H10_2.78/GMJ_e2_F_M_1_.csv

>>> END FOREACH

>>> END FOREACH

>>> EXPORT i = G

>>> EXPORT j = P

>>> IF (-FILE GMJ_e2_${i}_${j}_1_.csv)
(Skipped)

>>> END FOREACH

>>> EXPORT j = M

>>> IF (-FILE GMJ_e2_${i}_${j}_1_.csv)
(Skipped)

>>> END FOREACH

>>> END FOREACH

>>> EXPORT i = H

>>> EXPORT j = P

>>> IF (-FILE GMJ_e2_${i}_${j}_1_.csv)
(Skipped)

>>> END FOREACH

>>> EXPORT j = M

>>> IF (-FILE GMJ_e2_${i}_${j}_1_.csv)
(Skipped)

>>> END FOREACH

>>> END FOREACH

>>> EXPORT i = A

>>> IF (-FILE GMJ_e2_${i}_1_.csv)
(Skipped)

>>> END FOREACH

>>> EXPORT i = C

>>> IF (-FILE GMJ_e2_${i}_1_.csv)

>>> COPY /tmp/H10_2.78/GMJ_RHS_C_1_.csv /home/grierjones/DDCASPT2/hydrogen_comps/rerun/H10_chain/H10_2.78/GMJ_RHS_C_1_.csv

>>> COPY /tmp/H10_2.78/GMJ_IVECW_C_1_.csv /home/grierjones/DDCASPT2/hydrogen_comps/rerun/H10_chain/H10_2.78/GMJ_IVECW_C_1_.csv

>>> COPY /tmp/H10_2.78/GMJ_IVECX_C_1_.csv /home/grierjones/DDCASPT2/hydrogen_comps/rerun/H10_chain/H10_2.78/GMJ_IVECX_C_1_.csv

>>> COPY /tmp/H10_2.78/GMJ_IVECC2_C_1_.csv /home/grierjones/DDCASPT2/hydrogen_comps/rerun/H10_chain/H10_2.78/GMJ_IVECC2_C_1_.csv

>>> COPY /tmp/H10_2.78/GMJ_e2_C_1_.csv /home/grierjones/DDCASPT2/hydrogen_comps/rerun/H10_chain/H10_2.78/GMJ_e2_C_1_.csv

>>> END FOREACH

>>> EXPORT i = D

>>> IF (-FILE GMJ_e2_${i}_1_.csv)
(Skipped)

>>> END FOREACH

.########################.
.# Non-zero return code #.
.########################.

    Timing: Wall=53.84 User=52.18 System=1.64
****************************************
*** WorkDir at /tmp/H10_2.78 cleaned ***
****************************************
