   This run of MOLCAS is using the pymolcas driver

                             OPE
                             OPE          NMOL  CASOP  ENMOLC A   SO
                 OPE        NMOLC        AS  OP EN  MO LC     AS  OP
                OPENM       OL CA        SO  PE NM  OL CA     SOP EN
                OP EN      MO   LC       AS  OP ENMOL  CASO   PENMOL
                OP  EN     MO   LC       AS  OP EN     MO     LC ASO
               OP   E  NMOL  C  AS       OP  EN MO     LC     AS  OP
               OP  E   NMO   LC AS        OPEN  MO     LCASOP EN   M
               O  PEN   MO  LCA  SO
            OPE   NMO   L   CAS    OP
        OPENMOL  CASOP     ENMOL   CASOPE
     OPENMOLCA   SOPENMOLCASOPEN   MOLCASOPE
    OPENMOLCAS   OP           EN   MOL    CAS
    OPENMOLCAS       OP  ENM        O     LCA
    OPENMOLCAS    OPEN  MOLCASO     P  E  NMO
    OPENMOLCAS     OP               E  N  MOL
    OPENMOLCA   SO           PENM   O  L  CAS    OPEN    MO    LCAS
    OPENMOLCA   SOP           ENM   O  L  CAS   OP  EN  MOLC  AS   O
    OPENMOLCA   SOPE           NM      O  LCA   S      OP  EN MO
    OPENMOLC                AS         O  PEN   M      OL  CA  SOPE
    OPENMO        LCASOPE  NMOL        C  ASO   P      ENMOLC     AS
    OPE     NMO      LCA  SO     P     E   NM   OL  CA SO  PE N   MO
          OPENMOLCA            SOPE   NMO        LCAS  O    P  ENMO
     OPENMOLCASOPENMOLCASOPENMOLCASOPENMOLCA
        OPENMOLCASOPENMOLCASOPENMOLCASOPE
            OPENMOLCASOPENMOLCASOPENM
               OPENMOLCASOPENMOLCA        version: f37762c57
                   OPENMOLCASO
                       OPE                tag:

 OpenMolcas is free software; you can redistribute it and/or modify it
 under the terms of the GNU Lesser General Public License version 2.1.
 OpenMolcas is distributed in the hope that it will be useful, but it
 is provided "as is" and without any express or implied warranties.
 For more details see the full text of the license in the file
 LICENSE or in <http://www.gnu.org/licenses/>.

                 Copyright (C) The OpenMolcas Authors
           For the author list and the recommended citation,
                   consult the file CONTRIBUTORS.md

           *************************************************
           * pymolcas version py2.28                       *
           *   build c4a6d18ded8cb6cad61d2372a9abd97c      *
           *   (after the EMIL interpreter by V. Veryazov) *
           *************************************************

configuration info
------------------
C Compiler ID: Intel
C flags: -std=gnu99 -gcc-sys
Fortran Compiler ID: IntelLLVM
Fortran flags: -standard-semantics -fltconsistency -fpp -i8 -heap-arrays
Definitions: _MOLCAS_;_I8_;_LINUX_
Parallel: OFF (GA=OFF)


   ----------------------------------------------------------------------------------------
  |
  |              Project: H10_2.27
  |       Submitted from: ${LOCALHOME}/DDCASPT2/hydrogen_comps/rerun/H10_chain/H10_2.27
  |         Scratch area: /tmp/H10_2.27
  |      Save outputs to: ${LOCALHOME}/DDCASPT2/hydrogen_comps/rerun/H10_chain/H10_2.27
  |               Molcas: ${LOCALHOME}/Test/build
  |
  | Scratch area is empty
  |
  |       MOLCAS_DRIVER = /usr/local/pymolcas
  | MOLCAS_KEEP_WORKDIR = NO
  |  MOLCAS_NEW_WORKDIR = YES
  |       MOLCAS_NPROCS = 1
  |        MOLCAS_PRINT = NORMAL
  |       MOLCAS_SOURCE = ${LOCALHOME}/Test
  |    MOLCAS_STRUCTURE = 0
  |
   ----------------------------------------------------------------------------------------

++ ---------   Input file   ---------

&GATEWAY
coord=H10_2.27.xyz
Basis = ANO-RCC-VDZP
Group = nosymm
End of Input

&SEWARD
End of Input

&SCF

>>> COPY $WorkDir/H10_2.27.scf.h5 $CurrDir/

&RASSCF
Title= RASSCF
FileOrb
${LOCALHOME}/DDCASPT2/hydrogen_comps/rerun/H10_chain/H10_0.60/H10_0.60.RasOrb
NACTEL
10 0 0
Inactive
0
RAS2
10
Symmetry
1
Spin
1
orblisting
all

>>> COPY $WorkDir/H10_2.27.rasscf.h5 $CurrDir/

>>> COPY $WorkDir/DDCASPT2_Fock_MO.csv $CurrDir/H10_2.27.DDCASPT2_Fock_MO.csv

&MOTRA
Frozen=0
LUMORB

>>> COPY $WorkDir/DDCASPT2_one_int_indx.csv $CurrDir/H10_2.27.DDCASPT2_one_int_indx.csv

>>> COPY $WorkDir/DDCASPT2_one_int.csv $CurrDir/H10_2.27.DDCASPT2_one_int.csv

>>> COPY $WorkDir/DDCASPT2_two_int_indx.csv $CurrDir/H10_2.27.DDCASPT2_two_int_indx.csv

>>> COPY $WorkDir/DDCASPT2_two_int.csv $CurrDir/H10_2.27.DDCASPT2_two_int.csv

&CASPT2
Frozen
0

MAXITER
50

>>> FOREACH i IN (B,E,F,G,H)

  >>> FOREACH j IN (P,M)

    >>> IF (-FILE DDCASPT2_e2_${i}_${j}_1_.csv)

      >>> COPY $WorkDir/DDCASPT2_RHS_${i}_${j}_1_.csv $CurrDir/DDCASPT2_RHS_${i}_${j}_1_.csv

      >>> COPY $WorkDir/DDCASPT2_IVECW_${i}_${j}_1_.csv $CurrDir/DDCASPT2_IVECW_${i}_${j}_1_.csv

      >>> COPY $WorkDir/DDCASPT2_IVECX_${i}_${j}_1_.csv $CurrDir/DDCASPT2_IVECX_${i}_${j}_1_.csv

      >>> COPY $WorkDir/DDCASPT2_IVECC2_${i}_${j}_1_.csv $CurrDir/DDCASPT2_IVECC2_${i}_${j}_1_.csv

      >>> COPY $WorkDir/DDCASPT2_e2_${i}_${j}_1_.csv $CurrDir/DDCASPT2_e2_${i}_${j}_1_.csv

    >>> END IF

  >>> END FOREACH

>>> END FOREACH

>>> FOREACH i IN (A,C,D)

  >>> IF (-FILE DDCASPT2_e2_${i}_1_.csv)

    >>> COPY $WorkDir/DDCASPT2_RHS_${i}_1_.csv $CurrDir/DDCASPT2_RHS_${i}_1_.csv

    >>> COPY $WorkDir/DDCASPT2_IVECW_${i}_1_.csv $CurrDir/DDCASPT2_IVECW_${i}_1_.csv

    >>> COPY $WorkDir/DDCASPT2_IVECX_${i}_1_.csv $CurrDir/DDCASPT2_IVECX_${i}_1_.csv

    >>> COPY $WorkDir/DDCASPT2_IVECC2_${i}_1_.csv $CurrDir/DDCASPT2_IVECC2_${i}_1_.csv

    >>> COPY $WorkDir/DDCASPT2_e2_${i}_1_.csv $CurrDir/DDCASPT2_e2_${i}_1_.csv

  >>> END IF

>>> END FOREACH

-- ----------------------------------

--- Start Module: gateway at Sun Oct 26 17:00:43 2025 ---
 
()()()()()()()()()()()()()()()()()()()()()()()()()()()()()()()()()()()()()()()()()()()()()()()()()()

                                              &GATEWAY

                                   only a single process is used
                       available to each process: 2.0 GB of memory, 1 thread?
()()()()()()()()()()()()()()()()()()()()()()()()()()()()()()()()()()()()()()()()()()()()()()()()()()
 
 
++    Symmetry information:
      ---------------------
 
                    Character Table for C1 
 
                             E  
                    a        1  x, y, xy, Rz, z, xz, Ry, yz, Rx, I
--
 
 
++    Basis set information:
      ----------------------
 
 
      Basis set label: H.ANO-RCC...2S1P.
 
      Electronic valence basis set:
      ------------------
      Associated Effective Charge   1.000000 au
      Associated Actual Charge      1.000000 au
      Nuclear Model: Point charge
 
      Shell  nPrim  nBasis  Cartesian Spherical Contaminant
         s       8       2        X                  
         p       4       1        X                  
--
 
 
++    Molecular structure info:
      -------------------------
 
                    ************************************************ 
                    **** Cartesian Coordinates / Bohr, Angstrom **** 
                    ************************************************ 
 
     Center  Label                x              y              z                     x              y              z
        1      H1               0.000000       0.000000       0.000000              0.000000       0.000000       0.000000
        2      H2               0.000000       0.000000       4.294832              0.000000       0.000000       2.272727
        3      H3               0.000000       0.000000       8.589665              0.000000       0.000000       4.545455
        4      H4               0.000000       0.000000      12.884497              0.000000       0.000000       6.818182
        5      H5               0.000000       0.000000      17.179328              0.000000       0.000000       9.090909
        6      H6               0.000000       0.000000      21.474160              0.000000       0.000000      11.363636
        7      H7               0.000000       0.000000      25.768993              0.000000       0.000000      13.636364
        8      H8               0.000000       0.000000      30.063825              0.000000       0.000000      15.909091
        9      H9               0.000000       0.000000      34.358656              0.000000       0.000000      18.181818
       10      H10              0.000000       0.000000      38.653488              0.000000       0.000000      20.454545
 
                    *************************************** 
                    *    InterNuclear Distances / Bohr    * 
                    *************************************** 
 
               1 H1            2 H2            3 H3            4 H4            5 H5            6 H6    
    1 H1       0.000000
    2 H2       4.294832        0.000000
    3 H3       8.589665        4.294833        0.000000
    4 H4      12.884497        8.589665        4.294832        0.000000
    5 H5      17.179328       12.884497        8.589663        4.294832        0.000000
    6 H6      21.474160       17.179328       12.884495        8.589663        4.294832        0.000000
    7 H7      25.768993       21.474162       17.179328       12.884497        8.589665        4.294833
    8 H8      30.063825       25.768993       21.474160       17.179328       12.884497        8.589665
    9 H9      34.358656       30.063825       25.768991       21.474160       17.179328       12.884497
   10 H10     38.653488       34.358656       30.063823       25.768991       21.474160       17.179328
 
               7 H7            8 H8            9 H9           10 H10   
    7 H7       0.000000
    8 H8       4.294832        0.000000
    9 H9       8.589663        4.294832        0.000000
   10 H10     12.884495        8.589663        4.294832        0.000000
 
                    ******************************************* 
                    *    InterNuclear Distances / Angstrom    * 
                    ******************************************* 
 
               1 H1            2 H2            3 H3            4 H4            5 H5            6 H6    
    1 H1       0.000000
    2 H2       2.272727        0.000000
    3 H3       4.545455        2.272728        0.000000
    4 H4       6.818182        4.545455        2.272727        0.000000
    5 H5       9.090909        6.818182        4.545454        2.272727        0.000000
    6 H6      11.363636        9.090909        6.818181        4.545454        2.272727        0.000000
    7 H7      13.636364       11.363637        9.090909        6.818182        4.545455        2.272728
    8 H8      15.909091       13.636364       11.363636        9.090909        6.818182        4.545455
    9 H9      18.181818       15.909091       13.636363       11.363636        9.090909        6.818182
   10 H10     20.454545       18.181818       15.909090       13.636363       11.363636        9.090909
 
               7 H7            8 H8            9 H9           10 H10   
    7 H7       0.000000
    8 H8       2.272727        0.000000
    9 H9       4.545454        2.272727        0.000000
   10 H10      6.818181        4.545454        2.272727        0.000000
--
 
 
            Nuclear Potential Energy              4.49137065 au
 
--- Stop Module: gateway at Sun Oct 26 17:00:43 2025 /rc=_RC_ALL_IS_WELL_ ---
*** files: xmldump
    saved to directory ${LOCALHOME}/DDCASPT2/hydrogen_comps/rerun/H10_chain/H10_2.27

--- Start Module: seward at Sun Oct 26 17:00:43 2025 ---
 
()()()()()()()()()()()()()()()()()()()()()()()()()()()()()()()()()()()()()()()()()()()()()()()()()()

                                              &SEWARD

                                   only a single process is used
                       available to each process: 2.0 GB of memory, 1 thread?
()()()()()()()()()()()()()()()()()()()()()()()()()()()()()()()()()()()()()()()()()()()()()()()()()()
 
               SEWARD will generate:
                  Multipole Moment integrals up to order  2
                  Kinetic Energy integrals
                  Nuclear Attraction integrals (point charge)
                  One-Electron Hamiltonian integrals
                  Velocity integrals
                  Relativistic Douglas-Kroll-Hess integrals:
                    - Parametrization         : EXP
                    - DKH order of Hamiltonian: 2
                    - DKH order of Properties : 0
                         - multipole moment operators
                         - electric potential operators
                         - contact operators
                  Atomic mean-field integrals
                  Two-Electron Repulsion integrals
 
                   Integrals are discarded if absolute value <: 0.10E-13
                   Integral cutoff threshold is set to       <: 0.10E-15
 
            Nuclear Potential Energy              4.49137065 au
 
 
      Basis set specifications :
      Symmetry species         a  
      Basis functions           50
 
 
  Input file to MOLDEN was generated!
 
forrtl: warning (525): IEEE_DIVIDE_BY_ZERO is signaling
forrtl: warning (526): IEEE_INVALID is signaling
forrtl: warning (528): IEEE_UNDERFLOW is signaling
--- Stop Module: seward at Sun Oct 26 17:00:44 2025 /rc=_RC_ALL_IS_WELL_ ---
*** files: H10_2.27.GssOrb H10_2.27.guessorb.h5 H10_2.27.guessorb.molden xmldump
    saved to directory ${LOCALHOME}/DDCASPT2/hydrogen_comps/rerun/H10_chain/H10_2.27

*** symbolic link created: INPORB -> H10_2.27.GssOrb
--- Start Module: scf at Sun Oct 26 17:00:44 2025 ---
 
()()()()()()()()()()()()()()()()()()()()()()()()()()()()()()()()()()()()()()()()()()()()()()()()()()

                                                &SCF

                                   only a single process is used
                       available to each process: 2.0 GB of memory, 1 thread?
()()()()()()()()()()()()()()()()()()()()()()()()()()()()()()()()()()()()()()()()()()()()()()()()()()
 
++    Input section:
      --------------
 
      Header of the integral files:
      
       Integrals generated by seward 4.2.0  , Sun Oct 26 17:00:43 2025
 
 
      Cartesian coordinates in Angstrom:
      -----------------------------------------------------
      No.  Label        X            Y            Z        
      -----------------------------------------------------
       1   H1         0.00000000   0.00000000   0.00000000
       2   H2         0.00000000   0.00000000   2.27272700
       3   H3         0.00000000   0.00000000   4.54545500
       4   H4         0.00000000   0.00000000   6.81818200
       5   H5         0.00000000   0.00000000   9.09090900
       6   H6         0.00000000   0.00000000  11.36363600
       7   H7         0.00000000   0.00000000  13.63636400
       8   H8         0.00000000   0.00000000  15.90909100
       9   H9         0.00000000   0.00000000  18.18181800
      10   H10        0.00000000   0.00000000  20.45454500
      -----------------------------------------------------
      Nuclear repulsion energy =    4.49137065
--
 
++    Orbital specifications:
      -----------------------
 
      Symmetry species               1
                                     a
      Frozen orbitals                0
      Occupied orbitals              5
      Secondary orbitals            45
      Deleted orbitals               0
      Total number of orbitals      50
      Number of basis functions     50
--
 
      Molecular charge                           0.000
 
++    Optimization specifications:
      ----------------------------
 
      SCF Algorithm: Conventional
      Minimized density differences are used
      Number of density matrices in core                5
      Maximum number of NDDO SCF iterations           400
      Maximum number of HF SCF iterations             400
      Threshold for SCF energy change            0.10E-08
      Threshold for density matrix               0.10E-03
      Threshold for Fock matrix                  0.15E-03
      Threshold for linear dependence            0.10E-08
      Threshold at which DIIS is turned on       0.15E+00
      Threshold at which QNR/C2DIIS is turned on 0.75E-01
      Threshold for Norm(delta) (QNR/C2DIIS)     0.20E-04
      DIIS extrapolation of the SCF procedure
      All orbitals punched on: SCFORB
--
 
      Input vectors read from INPORB
      Orbital file label: *Guess orbitals
 
 
++ Convergence information
                                   SCF        iterations: Energy and convergence statistics
 
Iter     Tot. SCF        One-elec.       Two-elec.     Energy      Max Dij or  Max Fij      DNorm      TNorm      AccCon     Time
         Energy          Energy          Energy        Change      Delta Norm                                                in Sec.
   1    -4.186048582   -14.221603506     5.544184272   0.00E+00    0.36E+00*   0.12E+00*    0.48E+01   0.98E+01   None         0.
   2    -4.438570397   -14.174147426     5.244206377  -0.25E+00*   0.14E+00*   0.22E-01*    0.14E+01   0.95E+01   EDIIS        0.
   3    -4.452246984   -14.100715634     5.157097998  -0.14E-01*   0.82E-01*   0.89E-02*    0.34E+00   0.94E+01   EDIIS        0.
   4    -4.455318746   -14.100352439     5.153663041  -0.31E-02*   0.42E-01*   0.73E-02*    0.15E+00   0.94E+01   c2DIIS       0.
   5    -4.456855965   -14.089808037     5.141581420  -0.15E-02*   0.17E-01*   0.26E-02*    0.47E-01   0.94E+01   QNRc2DIIS    0.
   6    -4.457077806   -14.093548734     5.145100276  -0.22E-03*   0.24E-01*   0.14E-02*    0.16E-01   0.94E+01   QNRc2DIIS    0.
   7    -4.457199654   -14.091984128     5.143413823  -0.12E-03*   0.19E-02*   0.26E-03*    0.74E-02   0.94E+01   QNRc2DIIS    0.
   8    -4.457200990   -14.090999100     5.142427458  -0.13E-05*   0.52E-03*   0.88E-04     0.21E-02   0.94E+01   QNRc2DIIS    0.
   9    -4.457201204   -14.091100100     5.142528244  -0.21E-06*   0.94E-04*   0.10E-04     0.33E-03   0.94E+01   QNRc2DIIS    0.
  10    -4.457201209   -14.091089312     5.142517451  -0.47E-08*   0.33E-04*   0.28E-05     0.18E-03   0.94E+01   QNRc2DIIS    0.
  11    -4.457201209   -14.091091728     5.142519867  -0.40E-09    0.49E-05    0.70E-06     0.13E-04   0.94E+01   QNRc2DIIS    0.
 
       Convergence after 11 Macro Iterations
--
 
 *****************************************************************************************************************************
 *                                                                                                                           *
 *                                             SCF/KS-DFT Program, Final results                                             *
 *                                                                                                                           *
 *                                                                                                                           *
 *                                                                                                                           *
 *                                                       Final Results                                                       *
 *                                                                                                                           *
 *****************************************************************************************************************************
 
::    Total SCF energy                                 -4.4572012093
      One-electron energy                             -14.0910917276
      Two-electron energy                               5.1425198666
      Nuclear repulsion energy                          4.4913706517
      Kinetic energy (interpolated)                     3.3216771702
      Virial theorem                                    1.3418526187
      Total spin, S(S+1)                                0.0000000000
      Total spin, S                                     0.0000000000
      Max non-diagonal density matrix element           0.0000042205
      Max non-diagonal Fock matrix element              0.0000002901
 
 
      All orbitals with orbital energies smaller than  E(LUMO)+0.5 are printed
 
++    Molecular orbitals:
      -------------------
 
      Title: SCF orbitals

      Molecular orbitals for symmetry species 1: a  
 
          Orbital            1         2         3         4         5         6         7         8         9        10    
          Energy           -0.4178   -0.4053   -0.3856   -0.3600   -0.3343   -0.1484   -0.1133   -0.0742   -0.0383   -0.0127
          Occ. No.          2.0000    2.0000    2.0000    2.0000    2.0000    0.0000    0.0000    0.0000    0.0000    0.0000
 
        1 H1     1s         0.1183   -0.2315    0.3211   -0.3540    0.2645   -0.3133    0.4585   -0.4614    0.3642   -0.2001
        2 H1     2s         0.0181   -0.0370    0.0549   -0.0663    0.0540   -0.0996    0.1571   -0.1689    0.1389   -0.0776
        3 H1     2px       -0.0000   -0.0000   -0.0000    0.0000   -0.0000    0.0000   -0.0000    0.0000   -0.0000    0.0000
        4 H1     2py       -0.0000    0.0000   -0.0000    0.0000   -0.0000   -0.0000    0.0000   -0.0000    0.0000   -0.0000
        5 H1     2pz        0.0055   -0.0098    0.0118   -0.0108    0.0067    0.0017   -0.0070    0.0134   -0.0164    0.0118
        6 H2     1s         0.1688   -0.3043    0.3673   -0.3307    0.1959    0.1415   -0.3511    0.5205   -0.5293    0.3350
        7 H2     2s         0.0216   -0.0485    0.0762   -0.0886    0.0643    0.0384   -0.1201    0.1947   -0.2020    0.1265
        8 H2     2px        0.0000   -0.0000    0.0000    0.0000    0.0000    0.0000   -0.0000    0.0000   -0.0000   -0.0000
        9 H2     2py        0.0000   -0.0000    0.0000    0.0000   -0.0000   -0.0000   -0.0000    0.0000   -0.0000    0.0000
       10 H2     2pz       -0.0000    0.0023   -0.0073    0.0124   -0.0116    0.0156   -0.0185    0.0099    0.0024   -0.0069
       11 H3     1s         0.2735   -0.3316    0.1051    0.2467   -0.3620    0.4113   -0.2755   -0.1993    0.5583   -0.4735
       12 H3     2s         0.0436   -0.0509    0.0058    0.0687   -0.0944    0.1355   -0.0922   -0.0784    0.2105   -0.1758
       13 H3     2px        0.0000   -0.0000    0.0000   -0.0000    0.0000    0.0000    0.0000    0.0000   -0.0000   -0.0000
       14 H3     2py       -0.0000    0.0000    0.0000    0.0000    0.0000   -0.0000   -0.0000    0.0000   -0.0000   -0.0000
       15 H3     2pz        0.0058   -0.0035   -0.0055    0.0121   -0.0095   -0.0107    0.0196   -0.0158   -0.0010    0.0108
       16 H4     1s         0.3040   -0.2909   -0.0328    0.3387   -0.3126   -0.3037    0.4588   -0.1315   -0.4394    0.5500
       17 H4     2s         0.0426   -0.0548    0.0076    0.0727   -0.0894   -0.0947    0.1654   -0.0531   -0.1646    0.2049
       18 H4     2px       -0.0000   -0.0000   -0.0000    0.0000    0.0000   -0.0000    0.0000    0.0000   -0.0000   -0.0000
       19 H4     2py       -0.0000   -0.0000   -0.0000    0.0000    0.0000   -0.0000   -0.0000    0.0000    0.0000   -0.0000
       20 H4     2pz       -0.0025    0.0076   -0.0072   -0.0044    0.0132   -0.0179    0.0046    0.0174   -0.0157   -0.0003
       21 H5     1s         0.3457   -0.0514   -0.3476    0.0791    0.3732   -0.4041   -0.1651    0.4995    0.1326   -0.6003
       22 H5     2s         0.0519    0.0022   -0.0706    0.0043    0.1014   -0.1303   -0.0653    0.1851    0.0514   -0.2231
       23 H5     2px       -0.0000   -0.0000    0.0000    0.0000    0.0000    0.0000    0.0000    0.0000    0.0000   -0.0000
       24 H5     2py        0.0000    0.0000    0.0000    0.0000   -0.0000   -0.0000   -0.0000    0.0000    0.0000   -0.0000
       25 H5     2pz        0.0049    0.0051   -0.0078   -0.0065    0.0126    0.0160   -0.0134   -0.0124    0.0165    0.0060
       26 H6     1s         0.3457    0.0514   -0.3476   -0.0791    0.3732    0.4041   -0.1651   -0.4995    0.1326    0.6003
       27 H6     2s         0.0519   -0.0022   -0.0706   -0.0043    0.1014    0.1303   -0.0653   -0.1851    0.0514    0.2231
       28 H6     2px       -0.0000   -0.0000    0.0000    0.0000   -0.0000    0.0000   -0.0000   -0.0000    0.0000   -0.0000
       29 H6     2py        0.0000   -0.0000   -0.0000   -0.0000    0.0000    0.0000   -0.0000   -0.0000    0.0000    0.0000
       30 H6     2pz       -0.0049    0.0051    0.0078   -0.0065   -0.0126    0.0160    0.0134   -0.0124   -0.0165    0.0060
       31 H7     1s         0.3040    0.2909   -0.0328   -0.3387   -0.3126    0.3037    0.4588    0.1315   -0.4394   -0.5500
       32 H7     2s         0.0426    0.0548    0.0076   -0.0727   -0.0894    0.0947    0.1654    0.0531   -0.1646   -0.2049
       33 H7     2px        0.0000    0.0000    0.0000    0.0000   -0.0000   -0.0000   -0.0000    0.0000    0.0000   -0.0000
       34 H7     2py        0.0000    0.0000    0.0000    0.0000   -0.0000   -0.0000   -0.0000   -0.0000    0.0000    0.0000
       35 H7     2pz        0.0025    0.0076    0.0072   -0.0044   -0.0132   -0.0179   -0.0046    0.0174    0.0157   -0.0003
       36 H8     1s         0.2735    0.3316    0.1051   -0.2467   -0.3620   -0.4113   -0.2755    0.1993    0.5583    0.4735
       37 H8     2s         0.0436    0.0509    0.0058   -0.0687   -0.0944   -0.1355   -0.0922    0.0784    0.2105    0.1758
       38 H8     2px       -0.0000   -0.0000   -0.0000   -0.0000   -0.0000   -0.0000   -0.0000   -0.0000    0.0000    0.0000
       39 H8     2py        0.0000    0.0000    0.0000   -0.0000   -0.0000   -0.0000    0.0000    0.0000    0.0000   -0.0000
       40 H8     2pz       -0.0058   -0.0035    0.0055    0.0121    0.0095   -0.0107   -0.0196   -0.0158    0.0010    0.0108
       41 H9     1s         0.1688    0.3043    0.3672    0.3307    0.1959   -0.1415   -0.3511   -0.5205   -0.5293   -0.3350
       42 H9     2s         0.0216    0.0485    0.0762    0.0886    0.0643   -0.0384   -0.1201   -0.1947   -0.2020   -0.1265
       43 H9     2px        0.0000   -0.0000   -0.0000   -0.0000   -0.0000    0.0000    0.0000   -0.0000   -0.0000    0.0000
       44 H9     2py       -0.0000    0.0000   -0.0000   -0.0000    0.0000    0.0000    0.0000   -0.0000   -0.0000    0.0000
       45 H9     2pz        0.0000    0.0023    0.0073    0.0124    0.0116    0.0156    0.0185    0.0099   -0.0024   -0.0069
       46 H10    1s         0.1183    0.2315    0.3211    0.3540    0.2645    0.3133    0.4585    0.4614    0.3642    0.2001
       47 H10    2s         0.0181    0.0370    0.0549    0.0663    0.0540    0.0996    0.1571    0.1689    0.1389    0.0776
       48 H10    2px        0.0000    0.0000    0.0000    0.0000    0.0000    0.0000   -0.0000   -0.0000    0.0000   -0.0000
       49 H10    2py       -0.0000   -0.0000   -0.0000   -0.0000   -0.0000    0.0000    0.0000   -0.0000   -0.0000   -0.0000
       50 H10    2pz       -0.0055   -0.0098   -0.0118   -0.0108   -0.0067    0.0017    0.0070    0.0134    0.0164    0.0118
 
          Orbital           11        12    
          Energy            0.3199    0.3316
          Occ. No.          0.0000    0.0000
 
        1 H1     1s        -0.0965    0.1501
        2 H1     2s         0.1967   -0.3470
        3 H1     2px        0.0000    0.0000
        4 H1     2py       -0.0000   -0.0000
        5 H1     2pz       -0.0172    0.0269
        6 H2     1s        -0.1509    0.2060
        7 H2     2s         0.1702   -0.2494
        8 H2     2px       -0.0000    0.0000
        9 H2     2py        0.0000   -0.0000
       10 H2     2pz        0.0029   -0.0088
       11 H3     1s        -0.1651    0.1737
       12 H3     2s         0.2194   -0.2514
       13 H3     2px       -0.0000    0.0000
       14 H3     2py        0.0000   -0.0000
       15 H3     2pz       -0.0057   -0.0002
       16 H4     1s        -0.1866    0.1166
       17 H4     2s         0.2382   -0.1668
       18 H4     2px        0.0000    0.0000
       19 H4     2py       -0.0000   -0.0000
       20 H4     2pz        0.0018   -0.0087
       21 H5     1s        -0.1938    0.0469
       22 H5     2s         0.2512   -0.0620
       23 H5     2px        0.0000    0.0000
       24 H5     2py       -0.0000   -0.0000
       25 H5     2pz       -0.0036   -0.0077
       26 H6     1s        -0.1938   -0.0469
       27 H6     2s         0.2512    0.0620
       28 H6     2px        0.0000   -0.0000
       29 H6     2py       -0.0000    0.0000
       30 H6     2pz        0.0036   -0.0077
       31 H7     1s        -0.1866   -0.1166
       32 H7     2s         0.2382    0.1668
       33 H7     2px       -0.0000    0.0000
       34 H7     2py       -0.0000   -0.0000
       35 H7     2pz       -0.0018   -0.0087
       36 H8     1s        -0.1651   -0.1737
       37 H8     2s         0.2194    0.2514
       38 H8     2px       -0.0000    0.0000
       39 H8     2py       -0.0000   -0.0000
       40 H8     2pz        0.0057   -0.0002
       41 H9     1s        -0.1509   -0.2060
       42 H9     2s         0.1702    0.2494
       43 H9     2px       -0.0000    0.0000
       44 H9     2py        0.0000   -0.0000
       45 H9     2pz       -0.0029   -0.0088
       46 H10    1s        -0.0965   -0.1501
       47 H10    2s         0.1967    0.3470
       48 H10    2px        0.0000   -0.0000
       49 H10    2py       -0.0000   -0.0000
       50 H10    2pz        0.0172    0.0269
--
 
 
++    Molecular charges:
      ------------------
 
      Mulliken charges per centre and basis function type
      ---------------------------------------------------
 
                H1      H2      H3      H4      H5      H6      H7      H8      H9      H10   
      1s       0.8792  0.9484  0.9177  0.9265  0.9219  0.9219  0.9265  0.9177  0.9484  0.8792
      2s       0.0730  0.0830  0.0701  0.0731  0.0722  0.0722  0.0731  0.0701  0.0830  0.0730
      2px      0.0000  0.0000  0.0000  0.0000  0.0000  0.0000  0.0000  0.0000  0.0000  0.0000
      2pz      0.0061  0.0074  0.0072  0.0071  0.0072  0.0072  0.0071  0.0072  0.0074  0.0061
      2py      0.0000  0.0000  0.0000  0.0000  0.0000  0.0000  0.0000  0.0000  0.0000  0.0000
      Total    0.9583  1.0387  0.9950  1.0067  1.0013  1.0013  1.0067  0.9950  1.0387  0.9583
 
      N-E      0.0417 -0.0387  0.0050 -0.0067 -0.0013 -0.0013 -0.0067  0.0050 -0.0387  0.0417
 
      Total electronic charge=   10.000000
 
      Total            charge=   -0.000000
--
 
 
  Input file to MOLDEN was generated!
 
 
++    Static properties:
      ------------------
 
 
      LoProp Charges per center
 

                   H1       H2       H3       H4       H5       H6       H7       H8       H9       H10   
      Nuclear      1.0000   1.0000   1.0000   1.0000   1.0000   1.0000   1.0000   1.0000   1.0000   1.0000
      Electronic  -0.9758  -1.0196  -0.9967  -1.0064  -1.0014  -1.0014  -1.0064  -0.9967  -1.0196  -0.9758
 
      Total        0.0242  -0.0196   0.0033  -0.0064  -0.0014  -0.0014  -0.0064   0.0033  -0.0196   0.0242
--
 
 
++    Natural Bond Order analysis
      ---------------------------
      Based on LoProp computed density
      -------------------------------------------------------------------------------------
      Atom A       Atom B       Bond Order
      -------------------------------------------------------------------------------------
      NBO located      0.960 non-bonded electrons on atom H1        
      NBO located      1.005 non-bonded electrons on atom H3        
      NBO located      1.015 non-bonded electrons on atom H4        
      NBO located      1.010 non-bonded electrons on atom H5        
      NBO located      1.010 non-bonded electrons on atom H6        
      NBO located      1.015 non-bonded electrons on atom H7        
      NBO located      1.005 non-bonded electrons on atom H8        
      NBO located      0.960 non-bonded electrons on atom H10       
      The remaining    2.021 electrons are to be considered as diffuse
--
 
 
++    Molecular properties:
      ---------------------
 
      Charge (e):
                      =   -0.0000
      Dipole Moment (Debye):
      Origin of the operator (Ang)=    0.0000    0.0000    0.0000
                   X= -1.8168E-14               Y=  3.3257E-14               Z=  2.1210E-07           Total=  2.1210E-07
      Quadrupole Moment (Debye*Ang):
      Origin of the operator (Ang)=    0.0000    0.0000   10.2273
                  XX= -2.2495E+01              XY= -4.0366E-28              XZ=  1.2633E-13              YY= -2.2495E+01
                  YZ= -4.6822E-13              ZZ=  3.4692E+00
      In traceless form (Debye*Ang)
                  XX= -1.2982E+01              XY= -6.0549E-28              XZ=  1.8950E-13              YY= -1.2982E+01
                  YZ= -7.0233E-13              ZZ=  2.5964E+01
--
 
 
  Input file to MOLDEN was generated!
 
 ###############################################################################
 ###############################################################################
 ###                                                                         ###
 ###                                                                         ###
 ###    RunFile label nBas                                                   ###
 ###    was used       78 times                                              ###
 ###                                                                         ###
 ###                                                                         ###
 ###############################################################################
 ###############################################################################
forrtl: warning (528): IEEE_UNDERFLOW is signaling
--- Stop Module: scf at Sun Oct 26 17:00:44 2025 /rc=_RC_ALL_IS_WELL_ ---
*** files: H10_2.27.LprOrb H10_2.27.LoProp.molden H10_2.27.scf.molden H10_2.27.ScfOrb H10_2.27.scf.h5 xmldump
    saved to directory ${LOCALHOME}/DDCASPT2/hydrogen_comps/rerun/H10_chain/H10_2.27

>>> COPY /tmp/H10_2.27/H10_2.27.scf.h5 ${LOCALHOME}/DDCASPT2/hydrogen_comps/rerun/H10_chain/H10_2.27/

*** symbolic link created: INPORB -> H10_2.27.ScfOrb
--- Start Module: rasscf at Sun Oct 26 17:00:44 2025 ---
 
()()()()()()()()()()()()()()()()()()()()()()()()()()()()()()()()()()()()()()()()()()()()()()()()()()

                                              &RASSCF

                                   only a single process is used
                       available to each process: 2.0 GB of memory, 1 thread?
()()()()()()()()()()()()()()()()()()()()()()()()()()()()()()()()()()()()()()()()()()()()()()()()()()
 
 
      Header of the ONEINT file:
      --------------------------
      
      Integrals generated by seward 4.2.0  , Sun Oct 26 17:00:43 2025
 
 
      OrdInt status: non-squared
 
 
      Cartesian coordinates in Angstrom:
      -----------------------------------------------------
      No.  Label        X            Y            Z        
      -----------------------------------------------------
       1   H1         0.00000000   0.00000000   0.00000000
       2   H2         0.00000000   0.00000000   2.27272700
       3   H3         0.00000000   0.00000000   4.54545500
       4   H4         0.00000000   0.00000000   6.81818200
       5   H5         0.00000000   0.00000000   9.09090900
       6   H6         0.00000000   0.00000000  11.36363600
       7   H7         0.00000000   0.00000000  13.63636400
       8   H8         0.00000000   0.00000000  15.90909100
       9   H9         0.00000000   0.00000000  18.18181800
      10   H10        0.00000000   0.00000000  20.45454500
      -----------------------------------------------------
      Nuclear repulsion energy =    4.49137065
 
++    Wave function specifications:
      -----------------------------
 
      Number of closed shell electrons           0
      Number of electrons in active shells      10
      Max number of holes in RAS1 space          0
      Max nr of electrons in RAS3 space          0
      Number of inactive orbitals                0
      Number of active orbitals                 10
      Number of secondary orbitals              40
      Spin quantum number                      0.0
      State symmetry                             1
--
 
++    Orbital specifications:
      -----------------------
 
      Symmetry species                           1
                                                 a
      Frozen orbitals                            0
      Inactive orbitals                          0
      Active orbitals                           10
      RAS1 orbitals                              0
      RAS2 orbitals                             10
      RAS3 orbitals                              0
      Secondary orbitals                        40
      Deleted orbitals                           0
      Number of basis functions                 50
--
 
++    CI expansion specifications:
      ----------------------------
 
      Number of CSFs                         19404
      Number of determinants                 31878
      Number of root(s) required                 1
      Root chosen for geometry opt.              1
      CI root used                               1
         
      highest root included in the CI            1
      max. size of the explicit Hamiltonian    200
--
 
++    Optimization specifications:
      ----------------------------
 
      RASSCF algorithm: Conventional
      Maximum number of macro iterations       200
      Maximum number of SX iterations          100
      Threshold for RASSCF energy            0.100E-07
      Threshold for max MO rotation          0.100E+00
      Threshold for max BLB element          0.100E-03
      Level shift parameter                  0.500E+00
      Make Quasi-Newton update
--
 
      The MO-coefficients are taken from the file:
      ${LOCALHOME}/DDCASPT2/hydrogen_comps/rerun/H10_chain/H10_0.60/H10_0.60.RasOrb                                               
      Title: RASSCF average (pseudo-natural) orbitals                                      
 
      Total molecular charge    0.00
 
      ************************************************************************************************************************
      *                                                                                                                      *
      *                                            Wave function control section                                             *
      *                                                                                                                      *
      ************************************************************************************************************************
 
 
                                         RASSCF iterations: Energy and convergence statistics
                                         ----------------------------------------------------
 
      Iter CI   SX   CI       RASSCF       Energy    max ROT     max BLB   max BLB  Level Ln srch  Step   QN   Walltime
          iter iter root      energy       change     param      element    value   shift minimum  type update hh:mm:ss
        No convergence in the CI section: MAXJT will be increased to 
 24
 Nr of preliminary CI iterations:  12
        No convergence in the CI section: MAXJT will be increased to 
 24
        1  12  100    1    -3.39702465    0.00E+00   0.20E+00*   1  26 1 -0.27E+00*  0.38   0.00    SX    NO    0:00:01
 ###############################################################################
 ###############################################################################
 ###                                                                         ###
 ###                                                                         ###
 ###    Large orbital rotation.                                              ###
 ###                                                                         ###
 ###                                                                         ###
 ###############################################################################
 ###############################################################################
      Molecular orbital  10 of symmetry 1 MO space 2  weight is    0.489991
        2  11  100    1    -4.18882287   -0.79E+00* -0.39E+00*   3  16 1  0.22E+00*  0.25   0.00    SX    NO    0:00:00
        3   7  100    1    -4.60019833   -0.41E+00* -0.29E+00*   3  16 1  0.16E+00*  0.20   0.00    SX    NO    0:00:00
        4  34  100    1    -4.76473269   -0.16E+00* -0.70E-01    3  16 1  0.66E-01*  0.17   0.00    SX    NO    0:00:01
        5   9   26    1    -4.79034279   -0.26E-01* -0.83E-01    3  16 1  0.20E-01*  0.16   1.31    QN   YES    0:00:00
        6  10   51    1    -4.79664629   -0.63E-02* -0.22E+00*   2  37 1 -0.63E-02*  0.14   2.50    QN   YES    0:00:00
        7  17  100    1    -4.83158326   -0.35E-01* -0.14E+00*   3  16 1 -0.53E-01*  0.09   2.50    LS   YES    0:00:01
        8   7  100    1    -4.85622778   -0.25E-01*  0.55E-01    3  16 1 -0.78E-01*  0.07   0.94    QN   YES    0:00:00
        9  10  100    1    -4.83338382    0.23E-01*  0.66E-01    3  16 1 -0.10E+00*  0.08  -0.34    SX   YES    0:00:00
       10   6  100    1    -4.87995991   -0.47E-01*  0.60E-01    3  16 1 -0.57E-01*  0.07   2.24    LS   YES    0:00:00
       11   4   45    1    -4.90137397   -0.21E-01* -0.39E-01    1  26 1  0.22E-01*  0.06   1.49    QN   YES    0:00:00
       12   5   35    1    -4.90808247   -0.67E-02* -0.18E-01    3  26 1  0.50E-02*  0.06   1.10    QN   YES    0:00:00
       13   5   40    1    -4.90850777   -0.43E-03*  0.79E-02    5  11 1 -0.38E-02*  0.06   0.65    QN   YES    0:00:00
       14  10   36    1    -4.90878361   -0.28E-03* -0.84E-02    3  17 1 -0.64E-03*  0.06   1.02    QN   YES    0:00:00
       15   9   35    1    -4.90880217   -0.19E-04* -0.14E-01    1  11 1  0.30E-03*  0.06   1.05    QN   YES    0:00:00
       16  22   36    1    -4.90882196   -0.20E-04* -0.15E+00*   3  16 1 -0.43E-03*  0.06   1.99    QN   YES    0:00:01
       17  31   47    1    -4.90910009   -0.28E-03* -0.12E+00*   3  17 1  0.31E-02*  0.03   2.50    LS   YES    0:00:01
       18   7   89    1    -4.90956824   -0.47E-03* -0.15E+00*   3  17 1  0.55E-02*  0.00   2.50    SX   YES    0:00:00
       19   7  100    1    -4.91538986   -0.58E-02* -0.11E+00*   8  11 1 -0.74E-02*  0.00   2.50    LS   YES    0:00:00
       20   6  100    1    -4.92711582   -0.12E-01* -0.96E-01    8  11 1 -0.16E-01*  0.00   2.50    LS   YES    0:00:00
       21   7  100    1    -4.94415574   -0.17E-01* -0.21E+00*   8  11 1 -0.26E-01*  0.00   2.50    QN   YES    0:00:00
       22   6  100    1    -4.92191873    0.22E-01*  0.85E-01    6  49 1 -0.14E-01*  0.00   0.08    LS   YES    0:00:00
       23   6  100    1    -4.93428116   -0.12E-01* -0.11E+00*   8  12 1  0.18E-01*  0.00   2.50    QN   YES    0:00:00
       24  11  100    1    -4.97098309   -0.37E-01* -0.91E-01    8  49 1  0.35E-01*  0.00   2.50    LS   YES    0:00:00
       25   5   59    1    -4.99704677   -0.26E-01*  0.11E+00*   8  49 1  0.35E-01*  0.00   1.34    QN   YES    0:00:00
       26   6  100    1    -4.95318592    0.44E-01* -0.59E-01    8  49 1  0.64E-01*  0.00  -0.10    LS   YES    0:00:00
       27   5  100    1    -4.98420098   -0.31E-01* -0.72E-01    8  49 1  0.60E-01*  0.00   1.95    SX   YES    0:00:00
       28   6   52    1    -5.01787811   -0.34E-01* -0.29E-01    8  49 1  0.28E-01*  0.00   1.47    LS   YES    0:00:00
       29   4   33    1    -5.02275037   -0.49E-02*  0.32E-01    1  16 1 -0.79E-02*  0.00   1.22    QN   YES    0:00:00
       30  23   13    1    -5.02255133    0.20E-03* -0.21E-01    8  17 1  0.16E-01*  0.00   0.50    SX   YES    0:00:01
       31  29   13    1    -5.02475557   -0.22E-02* -0.54E-02    8  17 1  0.39E-02*  0.00   1.30    QN   YES    0:00:01
       32   3   12    1    -5.02490160   -0.15E-03* -0.42E-02    8  49 1 -0.13E-02*  0.00   0.89    QN   YES    0:00:00
       33  11   13    1    -5.02478295    0.12E-03*  0.38E-02    8  17 1  0.38E-02*  0.00  -0.33    LS   YES    0:00:00
       34  10   12    1    -5.02490146   -0.12E-03* -0.20E-02    8  49 1 -0.14E-02*  0.00   1.38    QN   YES    0:00:00
       35   4   11    1    -5.02492283   -0.21E-04* -0.54E-03    4  11 1 -0.68E-03*  0.00   1.02    QN   YES    0:00:00
       36   4   12    1    -5.02491369    0.91E-05*  0.53E-03    4  11 1 -0.15E-02*  0.00  -0.41    LS   YES    0:00:00
       37  17   11    1    -5.02492320   -0.95E-05*  0.48E-03    4  11 1 -0.71E-03*  0.00   1.34    QN   YES    0:00:01
       38   5    9    1    -5.02492570   -0.25E-05*  0.16E-03    5  11 1 -0.15E-03*  0.00   1.20    QN   YES    0:00:00
       39  10    9    1    -5.02492608   -0.38E-06* -0.95E-04    3  11 1 -0.59E-04   0.00   1.01    QN   YES    0:00:00
       40  10    9    1    -5.02492612   -0.45E-07*  0.32E-04    2  11 1  0.54E-04   0.00   0.86    QN   YES    0:00:00
       41   1    9    1    -5.02492613   -0.59E-08   0.42E-05    3  11 1 -0.47E-04   0.00   0.91    QN   YES    0:00:00
      Convergence after 41 iterations
 
  Dmat in MO in SXCTL bf call to SXHAM                                                                                    
  mat. size =    10x   10
 
        1.4713537631278630
        0.0069709653309601      1.3825554118065808
       -0.0468942055873816      0.0174994538566784      1.3418706647479817
        0.0001865441279749      0.0515105608750202      0.0020561481897861      1.2433894420370910
       -0.0299870875880473     -0.0100262342965972     -0.0265003259269479     -0.0013756996715848      1.2221657441090827
       -0.1002145427507713     -0.0011176317128931     -0.1762593077637559     -0.0063696906187444      0.0418784065250852
        0.6208597765135525
       -0.0044119755099372     -0.1048690876068111     -0.0022838032258276      0.1986496892534790      0.0000495006511226
       -0.0175819364351458      0.5914149999728349
        0.0499335884367035      0.0157789486333145     -0.0715706626801604      0.0099498032905634      0.0127102939681978
        0.0479428441306980      0.0249143955348629      0.6709617283718712
       -0.0051559794310946     -0.0888209070855051      0.0003759194073379      0.0856795530704671     -0.0018913026684777
       -0.0292710008510929      0.0282722409103370      0.0436755750593377      0.7956809935743604
       -0.0330796613958548      0.2072778836046793     -0.0654293669785413      0.0232105096312406      0.0418372286823829
       -0.0237063333457065      0.0144435929724079     -0.0168198024195036      0.0347420671526521      0.6597474757387847
       42   1    9    1    -5.02492613    0.13E-09   0.42E-05    3  11 1 -0.49E-04   0.00   0.91    QN   YES    0:00:00
 
      ************************************************************************************************************************
                                                      Wave function printout:
                       occupation of active orbitals, and spin coupling of open shells (u,d: Spin up or down)
      ************************************************************************************************************************
 
      Note: transformation to natural orbitals
      has been made, which may change the order of the CSFs.
 
      printout of CI-coefficients larger than  0.05 for root  1
      energy=      -5.024926
      conf/sym  1111111111     Coeff  Weight
             1  2222200000   0.35779 0.12801
            36  2222000020  -0.17437 0.03041
            50  222ud00ud0  -0.18150 0.03294
            62  22u2d00200  -0.05704 0.00325
            70  22u2d000ud  -0.14145 0.02001
            76  2u22d0ud00  -0.05602 0.00314
            78  2u22du00d0  -0.12250 0.01501
            84  2u22d00u0d   0.06094 0.00371
            90  u222du0d00   0.06821 0.00465
            94  u222d0u0d0   0.14200 0.02016
           107  2220200200  -0.10988 0.01207
           115  22202000ud  -0.05672 0.00322
           123  22ud2u00d0   0.06072 0.00369
           129  22ud200u0d  -0.13144 0.01728
           135  2u2d2u0d00  -0.12466 0.01554
           139  2u2d20u0d0  -0.06856 0.00470
           146  2u2d200002   0.05266 0.00277
           151  u22d20ud00   0.10199 0.01040
           153  u22d2u00d0   0.05781 0.00334
           165  22022u0d00   0.05282 0.00279
           176  2202200002  -0.08881 0.00789
           187  2ud22u000d  -0.10530 0.01109
           203  u2d220u00d   0.09556 0.00913
           207  2022220000  -0.07207 0.00519
           223  ud222ud000   0.09568 0.00916
           239  0222202000  -0.07330 0.00537
           257  222uu00dd0  -0.05039 0.00254
           271  22u2u000dd   0.05001 0.00250
           286  u222u0d0d0   0.05916 0.00350
          1971  2220000220   0.09451 0.00893
          2041  22ud000u2d  -0.09484 0.00899
          2069  2u2d0u0d20   0.08467 0.00717
          2120  u22d00ud20  -0.07390 0.00546
          2201  2202000022   0.06440 0.00415
          2239  2ud20u002d  -0.07061 0.00499
          2290  u2d200u02d   0.06072 0.00369
          2316  2022020020   0.05068 0.00257
          2367  ud220ud020  -0.05858 0.00343
          2418  0222002020   0.05181 0.00268
          2485  22u0d002ud  -0.07711 0.00595
          2514  2u20du02d0   0.06054 0.00367
          2565  u220d0u2d0  -0.06242 0.00390
          2650  220ud00ud2   0.06435 0.00414
          2687  2ududu0udd  -0.07014 0.00492
          2738  u2dud0uudd   0.06326 0.00400
          2760  202ud20ud0   0.05086 0.00259
          2811  ud2ududud0  -0.06424 0.00413
          2933  2uuddu0dud   0.06161 0.00380
          2984  u2udd0udud  -0.05336 0.00285
          3013  uu2dduudd0   0.07594 0.00577
          3149  u202d0u0d2   0.05579 0.00311
          3231  udu2dud0ud  -0.05746 0.00330
          3336  uud2duu0dd  -0.05388 0.00290
          3497  2200200202   0.05051 0.00255
          3528  2ud02u020d  -0.05088 0.00259
          3795  2u0d2u0d02  -0.05741 0.00330
          3925  udud2udu0d  -0.05624 0.00316
          4027  uudd2uud0d  -0.05297 0.00281
         12251  2200000222  -0.05190 0.00269
         12280  2ud00u022d  -0.05305 0.00281
         12677  udud0udu2d  -0.05019 0.00252
 
      Natural orbitals and occupation numbers for root  1
      sym 1:   1.496620   1.461639   1.401523   1.316005   1.211640   0.533587   0.495846   0.688577   0.796336   0.598226

 
      ************************************************************************************************************************
      *                                                                                                                      *
      *                                                    Final results                                                     *
      *                                                                                                                      *
      ************************************************************************************************************************
 
 
++    Wave function specifications:
      -----------------------------
 
      Number of closed shell electrons           0
      Number of electrons in active shells      10
      Max number of holes in RAS1 space          0
      Max nr of electrons in RAS3 space          0
      Number of inactive orbitals                0
      Number of active orbitals                 10
      Number of secondary orbitals              40
      Spin quantum number                      0.0
      State symmetry                             1
--
 
++    Orbital specifications:
      -----------------------
 
      Symmetry species                           1
                                                 a
      Frozen orbitals                            0
      Inactive orbitals                          0
      Active orbitals                           10
      RAS1 orbitals                              0
      RAS2 orbitals                             10
      RAS3 orbitals                              0
      Secondary orbitals                        40
      Deleted orbitals                           0
      Number of basis functions                 50
--
 
++    CI expansion specifications:
      ----------------------------
 
      Number of CSFs                         19404
      Number of determinants                 31878
      Number of root(s) required                 1
      CI root used                               1
      highest root included in the CI            1
      Root passed to geometry opt.               1
--
 
++    Final optimization conditions:
      ------------------------------
 
      Average CI energy                              -5.02492613
      RASSCF energy for state  1                     -5.02492613
      Super-CI energy                                -0.00000003
      RASSCF energy change                            0.00000000
      Max change in MO coefficients               0.698E-05
      Max non-diagonal density matrix element     0.416E-05
      Maximum BLB matrix element                 -0.486E-04
      (orbital pair   3,  11 in symmetry   1)
      Norm of electronic gradient            0.161E-03
--
 
 
      Final state energy(ies):
      ------------------------
 
::    RASSCF root number  1 Total energy:     -5.02492613
 
++    Molecular orbitals:
      -------------------
 
      Pseudonatural active orbitals and approximate occupation numbers
 
 
 
 
      Molecular orbitals for symmetry species 1: a  
 
 
      Orbital                1         2         3         4         5         6         7         8         9        10
      Energy            0.0000    0.0000    0.0000    0.0000    0.0000    0.0000    0.0000    0.0000    0.0000    0.0000
      Occ. No.          1.4966    1.4616    1.4015    1.3160    1.2116    0.5336    0.4958    0.6886    0.7963    0.5982
 
    1 H1     1s         0.1430    0.2673    0.3495   -0.3613    0.2678    0.3511    0.1945   -0.4278   -0.2986   -0.4377
    2 H1     2s         0.0099    0.0192    0.0265   -0.0292    0.0230    0.0446    0.0258   -0.0477   -0.0312   -0.0522
    3 H1     2px        0.0000   -0.0000    0.0000   -0.0000    0.0000   -0.0000    0.0000   -0.0000   -0.0000   -0.0000
    4 H1     2py       -0.0000   -0.0000    0.0000   -0.0000    0.0000    0.0000    0.0000   -0.0000   -0.0000   -0.0000
    5 H1     2pz        0.0016    0.0027    0.0028   -0.0022    0.0012    0.0026    0.0017   -0.0017   -0.0009   -0.0025
    6 H2     1s         0.2011    0.3424    0.3803   -0.3065    0.1576   -0.4880   -0.3070    0.3279    0.1280    0.4834
    7 H2     2s         0.0117    0.0248    0.0369   -0.0412    0.0297   -0.0829   -0.0561    0.0356    0.0040    0.0710
    8 H2     2px        0.0000    0.0000   -0.0000    0.0000    0.0000    0.0000    0.0000   -0.0000    0.0000   -0.0000
    9 H2     2py        0.0000    0.0000   -0.0000    0.0000   -0.0000    0.0000    0.0000   -0.0000   -0.0000   -0.0000
   10 H2     2pz        0.0011    0.0006   -0.0015    0.0035   -0.0034    0.0007    0.0003    0.0008    0.0017   -0.0004
   11 H3     1s         0.2847    0.3341    0.0898    0.2606   -0.3883    0.4897    0.4212    0.2823    0.4221   -0.1557
   12 H3     2s         0.0193    0.0210   -0.0014    0.0347   -0.0467    0.0875    0.0758    0.0342    0.0544   -0.0326
   13 H3     2px        0.0000   -0.0000    0.0000   -0.0000   -0.0000   -0.0000    0.0000    0.0000   -0.0000   -0.0000
   14 H3     2py        0.0000   -0.0000    0.0000    0.0000   -0.0000   -0.0000    0.0000    0.0000    0.0000   -0.0000
   15 H3     2pz        0.0006   -0.0007   -0.0029    0.0034   -0.0017    0.0014    0.0015   -0.0005   -0.0007   -0.0005
   16 H4     1s         0.3200    0.2775   -0.0857    0.3735   -0.2994   -0.3835   -0.4840   -0.4594   -0.2991   -0.1441
   17 H4     2s         0.0197    0.0233    0.0000    0.0352   -0.0419   -0.0640   -0.0895   -0.0691   -0.0316   -0.0300
   18 H4     2px       -0.0000    0.0000   -0.0000   -0.0000    0.0000    0.0000   -0.0000   -0.0000    0.0000    0.0000
   19 H4     2py       -0.0000    0.0000   -0.0000   -0.0000    0.0000    0.0000   -0.0000   -0.0000    0.0000    0.0000
   20 H4     2pz        0.0007   -0.0016   -0.0029   -0.0003    0.0035    0.0012    0.0011    0.0005   -0.0014    0.0002
   21 H5     1s         0.3500    0.0636   -0.3517    0.1099    0.3929    0.1135    0.5241    0.1681   -0.4145    0.4630
   22 H5     2s         0.0226   -0.0005   -0.0310    0.0024    0.0497    0.0245    0.0959    0.0329   -0.0501    0.0739
   23 H5     2px       -0.0000   -0.0000   -0.0000   -0.0000   -0.0000   -0.0000    0.0000    0.0000   -0.0000   -0.0000
   24 H5     2py       -0.0000   -0.0000   -0.0000   -0.0000   -0.0000   -0.0000    0.0000    0.0000   -0.0000   -0.0000
   25 H5     2pz       -0.0000   -0.0023   -0.0012   -0.0029    0.0029   -0.0002    0.0014    0.0008    0.0011    0.0009
   26 H6     1s         0.3502   -0.0632   -0.3518   -0.1098    0.3928    0.1128   -0.5243    0.1679    0.4144   -0.4631
   27 H6     2s         0.0226    0.0005   -0.0310   -0.0024    0.0497    0.0244   -0.0960    0.0329    0.0500   -0.0739
   28 H6     2px       -0.0000   -0.0000   -0.0000   -0.0000   -0.0000   -0.0000    0.0000    0.0000   -0.0000   -0.0000
   29 H6     2py       -0.0000   -0.0000   -0.0000   -0.0000   -0.0000   -0.0000    0.0000    0.0000   -0.0000   -0.0000
   30 H6     2pz        0.0001   -0.0023    0.0012   -0.0029   -0.0029    0.0002    0.0014   -0.0008    0.0011    0.0009
   31 H7     1s         0.3204   -0.2771   -0.0861   -0.3733   -0.2995   -0.3829    0.4845   -0.4592    0.2992    0.1445
   32 H7     2s         0.0197   -0.0233    0.0000   -0.0352   -0.0419   -0.0639    0.0896   -0.0691    0.0317    0.0301
   33 H7     2px        0.0000    0.0000   -0.0000   -0.0000    0.0000    0.0000   -0.0000   -0.0000    0.0000    0.0000
   34 H7     2py        0.0000    0.0000    0.0000   -0.0000   -0.0000    0.0000    0.0000   -0.0000    0.0000    0.0000
   35 H7     2pz       -0.0007   -0.0016    0.0029   -0.0003   -0.0035   -0.0012    0.0011   -0.0005   -0.0013    0.0002
   36 H8     1s         0.2851   -0.3338    0.0895   -0.2605   -0.3885    0.4892   -0.4217    0.2822   -0.4222    0.1555
   37 H8     2s         0.0193   -0.0210   -0.0014   -0.0347   -0.0468    0.0874   -0.0758    0.0342   -0.0545    0.0326
   38 H8     2px       -0.0000    0.0000   -0.0000   -0.0000    0.0000   -0.0000    0.0000    0.0000   -0.0000   -0.0000
   39 H8     2py       -0.0000    0.0000    0.0000   -0.0000    0.0000   -0.0000    0.0000   -0.0000    0.0000   -0.0000
   40 H8     2pz       -0.0006   -0.0007    0.0029    0.0034    0.0017   -0.0013    0.0015    0.0005   -0.0007   -0.0005
   41 H9     1s         0.2014   -0.3423    0.3804    0.3063    0.1576   -0.4879    0.3074    0.3276   -0.1280   -0.4834
   42 H9     2s         0.0117   -0.0248    0.0370    0.0412    0.0298   -0.0829    0.0561    0.0355   -0.0039   -0.0710
   43 H9     2px        0.0000   -0.0000    0.0000    0.0000    0.0000   -0.0000    0.0000    0.0000   -0.0000   -0.0000
   44 H9     2py        0.0000   -0.0000    0.0000    0.0000    0.0000   -0.0000    0.0000    0.0000   -0.0000   -0.0000
   45 H9     2pz       -0.0011    0.0006    0.0015    0.0035    0.0034   -0.0007    0.0004   -0.0008    0.0018   -0.0004
   46 H10    1s         0.1433   -0.2673    0.3496    0.3610    0.2678    0.3511   -0.1948   -0.4275    0.2987    0.4378
   47 H10    2s         0.0100   -0.0192    0.0265    0.0292    0.0230    0.0446   -0.0258   -0.0476    0.0312    0.0522
   48 H10    2px        0.0000   -0.0000    0.0000   -0.0000    0.0000   -0.0000    0.0000    0.0000   -0.0000   -0.0000
   49 H10    2py        0.0000   -0.0000   -0.0000   -0.0000    0.0000    0.0000   -0.0000    0.0000   -0.0000   -0.0000
   50 H10    2pz       -0.0016    0.0027   -0.0028   -0.0022   -0.0012   -0.0026    0.0017    0.0017   -0.0009   -0.0025
 
 
      Orbital               11        12        13        14        15        16        17        18        19        20
      Energy            0.3307    0.3424    0.3644    0.3994    0.4499    0.5149    0.5958    0.6651    0.6973    0.7409
      Occ. No.          0.0000    0.0000    0.0000    0.0000    0.0000    0.0000    0.0000    0.0000    0.0000    0.0000
 
    1 H1     1s        -0.0711    0.1031    0.0815   -0.0169   -0.0684    0.1440    0.1882   -0.1680    0.0716    0.1674
    2 H1     2s         0.1963   -0.3507   -0.4494    0.5028   -0.5222    0.4962    0.4249   -0.2990    0.1171    0.1730
    3 H1     2px       -0.0000   -0.0000    0.0000   -0.0000    0.0000   -0.0000   -0.0000    0.0000   -0.0000   -0.0000
    4 H1     2py       -0.0000   -0.0000    0.0000   -0.0000    0.0000   -0.0000   -0.0000    0.0000   -0.0000   -0.0000
    5 H1     2pz       -0.0144    0.0232    0.0251   -0.0237    0.0252   -0.0354   -0.0603    0.0781   -0.0268   -0.3300
    6 H2     1s        -0.1316    0.1853    0.1462   -0.0666    0.0209   -0.0530   -0.1480    0.1990   -0.1138   -0.1543
    7 H2     2s         0.1721   -0.2519   -0.1987    0.0246    0.2310   -0.4916   -0.6830    0.6483   -0.3148   -0.3866
    8 H2     2px       -0.0000    0.0000    0.0000    0.0000    0.0000   -0.0000   -0.0000    0.0000   -0.0000   -0.0000
    9 H2     2py       -0.0000    0.0000   -0.0000    0.0000    0.0000   -0.0000   -0.0000    0.0000   -0.0000   -0.0000
   10 H2     2pz        0.0001   -0.0051   -0.0129    0.0149   -0.0030   -0.0197   -0.0372    0.0332   -0.0412    0.3483
   11 H3     1s        -0.1410    0.1391    0.0104    0.0952   -0.0743   -0.0070    0.0088   -0.1339    0.1421    0.1404
   12 H3     2s         0.2218   -0.2562   -0.0593   -0.2461    0.4486   -0.3522    0.0756   -0.4939    0.4167    0.3812
   13 H3     2px       -0.0000    0.0000    0.0000   -0.0000   -0.0000    0.0000    0.0000    0.0000   -0.0000   -0.0000
   14 H3     2py       -0.0000   -0.0000   -0.0000   -0.0000   -0.0000    0.0000    0.0000    0.0000   -0.0000   -0.0000
   15 H3     2pz       -0.0029   -0.0025   -0.0105    0.0087   -0.0027    0.0234    0.0995   -0.1828    0.1696   -0.2473
   16 H4     1s        -0.1580    0.1051   -0.0700    0.1191   -0.0257    0.0133    0.1107   -0.0372   -0.1185   -0.0958
   17 H4     2s         0.2430   -0.1702    0.1651   -0.3672    0.1108    0.4305    0.6480   -0.1302   -0.3466   -0.2374
   18 H4     2px       -0.0000   -0.0000    0.0000   -0.0000    0.0000    0.0000   -0.0000   -0.0000   -0.0000   -0.0000
   19 H4     2py        0.0000   -0.0000    0.0000   -0.0000    0.0000    0.0000    0.0000   -0.0000   -0.0000   -0.0000
   20 H4     2pz       -0.0008   -0.0067   -0.0088   -0.0030    0.0031    0.0146   -0.0378    0.2272   -0.3083    0.1257
   21 H5     1s        -0.1660    0.0318   -0.1427    0.0483    0.0601    0.0113   -0.0690    0.1957    0.0446    0.0569
   22 H5     2s         0.2548   -0.0640    0.2963   -0.1769   -0.3628    0.3896   -0.4263    0.6779    0.1354    0.1200
   23 H5     2px        0.0000   -0.0000   -0.0000   -0.0000   -0.0000   -0.0000    0.0000    0.0000    0.0000   -0.0000
   24 H5     2py        0.0000   -0.0000   -0.0000   -0.0000   -0.0000   -0.0000    0.0000    0.0000    0.0000   -0.0000
   25 H5     2pz       -0.0010   -0.0078   -0.0047   -0.0088    0.0019   -0.0174   -0.0675   -0.1028    0.3968   -0.0357
   26 H6     1s        -0.1660   -0.0319   -0.1426   -0.0483    0.0601   -0.0113   -0.0690   -0.1957    0.0446   -0.0583
   27 H6     2s         0.2548    0.0641    0.2963    0.1770   -0.3628   -0.3896   -0.4263   -0.6779    0.1355   -0.1236
   28 H6     2px        0.0000   -0.0000   -0.0000   -0.0000   -0.0000   -0.0000    0.0000    0.0000    0.0000   -0.0000
   29 H6     2py        0.0000   -0.0000   -0.0000   -0.0000   -0.0000   -0.0000    0.0000    0.0000    0.0000   -0.0000
   30 H6     2pz        0.0010   -0.0078    0.0047   -0.0088   -0.0019   -0.0174    0.0675   -0.1028   -0.3968   -0.0361
   31 H7     1s        -0.1580   -0.1052   -0.0700   -0.1191   -0.0257   -0.0133    0.1106    0.0372   -0.1186    0.1000
   32 H7     2s         0.2430    0.1703    0.1650    0.3672    0.1108   -0.4305    0.6480    0.1302   -0.3466    0.2483
   33 H7     2px       -0.0000   -0.0000    0.0000   -0.0000    0.0000    0.0000   -0.0000    0.0000   -0.0000   -0.0000
   34 H7     2py       -0.0000   -0.0000    0.0000   -0.0000    0.0000    0.0000   -0.0000    0.0000    0.0000   -0.0000
   35 H7     2pz        0.0008   -0.0067    0.0088   -0.0030   -0.0031    0.0146    0.0378    0.2272    0.3083    0.1292
   36 H8     1s        -0.1410   -0.1390    0.0104   -0.0952   -0.0743    0.0070    0.0088    0.1339    0.1421   -0.1464
   37 H8     2s         0.2217    0.2563   -0.0594    0.2461    0.4486    0.3522    0.0756    0.4940    0.4167   -0.3977
   38 H8     2px        0.0000    0.0000   -0.0000   -0.0000   -0.0000   -0.0000    0.0000    0.0000    0.0000   -0.0000
   39 H8     2py        0.0000    0.0000    0.0000   -0.0000    0.0000   -0.0000   -0.0000    0.0000    0.0000   -0.0000
   40 H8     2pz        0.0029   -0.0025    0.0105    0.0087    0.0027    0.0234   -0.0995   -0.1828   -0.1696   -0.2561
   41 H9     1s        -0.1315   -0.1853    0.1463    0.0666    0.0209    0.0530   -0.1480   -0.1990   -0.1138    0.1607
   42 H9     2s         0.1720    0.2519   -0.1987   -0.0246    0.2311    0.4917   -0.6830   -0.6484   -0.3148    0.4025
   43 H9     2px       -0.0000    0.0000    0.0000   -0.0000   -0.0000   -0.0000    0.0000    0.0000    0.0000   -0.0000
   44 H9     2py       -0.0000    0.0000    0.0000   -0.0000   -0.0000   -0.0000    0.0000    0.0000    0.0000   -0.0000
   45 H9     2pz       -0.0001   -0.0051    0.0129    0.0149    0.0030   -0.0197    0.0372    0.0332    0.0412    0.3615
   46 H10    1s        -0.0710   -0.1032    0.0816    0.0169   -0.0685   -0.1440    0.1882    0.1680    0.0716   -0.1741
   47 H10    2s         0.1962    0.3506   -0.4495   -0.5028   -0.5222   -0.4961    0.4248    0.2990    0.1171   -0.1799
   48 H10    2px       -0.0000   -0.0000    0.0000   -0.0000   -0.0000   -0.0000    0.0000    0.0000    0.0000   -0.0000
   49 H10    2py       -0.0000   -0.0000   -0.0000   -0.0000   -0.0000   -0.0000    0.0000    0.0000    0.0000   -0.0000
   50 H10    2pz        0.0144    0.0232   -0.0252   -0.0237   -0.0252   -0.0354    0.0603    0.0781    0.0268   -0.3428
 
 
      Orbital               21        22        23        24        25        26        27        28        29        30
      Energy            0.7411    0.8085    0.8085    0.8242    0.8242    0.8497    0.8497    0.8836    0.8836    0.9242
      Occ. No.          0.0000    0.0000    0.0000    0.0000    0.0000    0.0000    0.0000    0.0000    0.0000    0.0000
 
    1 H1     1s        -0.1810    0.0000   -0.0000    0.0000   -0.0000   -0.0000   -0.0000    0.0000    0.0000    0.0000
    2 H1     2s        -0.1895    0.0000    0.0000   -0.0000    0.0000    0.0000    0.0000   -0.0000   -0.0000   -0.0000
    3 H1     2px        0.0000    0.1094   -0.0113   -0.2120    0.0286    0.3029   -0.0316   -0.3703    0.0571    0.4130
    4 H1     2py        0.0000    0.0113    0.1094   -0.0286   -0.2120    0.0316    0.3029   -0.0571   -0.3703    0.0435
    5 H1     2pz        0.3476   -0.0000   -0.0000    0.0000    0.0000    0.0000   -0.0000    0.0000   -0.0000    0.0000
    6 H2     1s         0.1729    0.0000    0.0000   -0.0000   -0.0000   -0.0000    0.0000   -0.0000   -0.0000    0.0000
    7 H2     2s         0.4328   -0.0000   -0.0000    0.0000    0.0000   -0.0000   -0.0000    0.0000    0.0000   -0.0000
    8 H2     2px        0.0000    0.2119   -0.0218   -0.3598    0.0486    0.4009   -0.0419   -0.3127    0.0483    0.1244
    9 H2     2py        0.0000    0.0218    0.2119   -0.0486   -0.3598    0.0419    0.4009   -0.0483   -0.3127    0.0131
   10 H2     2pz       -0.3595    0.0000    0.0000   -0.0000   -0.0000   -0.0000    0.0000   -0.0000    0.0000   -0.0000
   11 H3     1s        -0.1641    0.0000   -0.0000   -0.0000    0.0000   -0.0000   -0.0000    0.0000   -0.0000    0.0000
   12 H3     2s        -0.4476    0.0000    0.0000   -0.0000   -0.0000   -0.0000    0.0000    0.0000   -0.0000    0.0000
   13 H3     2px        0.0000    0.2983   -0.0307   -0.3941    0.0532    0.2209   -0.0231    0.1132   -0.0175   -0.3806
   14 H3     2py        0.0000    0.0307    0.2983   -0.0532   -0.3941    0.0231    0.2209    0.0175    0.1132   -0.0400
   15 H3     2pz        0.2381   -0.0000   -0.0000    0.0000    0.0000    0.0000    0.0000   -0.0000   -0.0000   -0.0000
   16 H4     1s         0.1124    0.0000    0.0000    0.0000   -0.0000   -0.0000   -0.0000    0.0000    0.0000    0.0000
   17 H4     2s         0.2944   -0.0000    0.0000    0.0000    0.0000    0.0000    0.0000   -0.0000   -0.0000   -0.0000
   18 H4     2px        0.0000    0.3598   -0.0370   -0.3021    0.0408   -0.1110    0.0116    0.4038   -0.0623   -0.2302
   19 H4     2py        0.0000    0.0370    0.3598   -0.0408   -0.3021   -0.0116   -0.1110    0.0623    0.4038   -0.0242
   20 H4     2pz       -0.0952    0.0000   -0.0000    0.0000    0.0000   -0.0000   -0.0000    0.0000    0.0000    0.0000
   21 H5     1s        -0.0382   -0.0000   -0.0000   -0.0000    0.0000    0.0000    0.0000   -0.0000   -0.0000   -0.0000
   22 H5     2s        -0.0992   -0.0000   -0.0000   -0.0000   -0.0000   -0.0000   -0.0000    0.0000    0.0000    0.0000
   23 H5     2px       -0.0000    0.3922   -0.0404   -0.1124    0.0152   -0.3676    0.0384    0.2204   -0.0340    0.3178
   24 H5     2py        0.0000    0.0404    0.3922   -0.0152   -0.1124   -0.0384   -0.3676    0.0340    0.2204    0.0334
   25 H5     2pz        0.0095    0.0000   -0.0000   -0.0000   -0.0000   -0.0000    0.0000    0.0000    0.0000   -0.0000
   26 H6     1s        -0.0360    0.0000    0.0000    0.0000    0.0000   -0.0000    0.0000   -0.0000   -0.0000    0.0000
   27 H6     2s        -0.0946    0.0000    0.0000    0.0000   -0.0000   -0.0000    0.0000    0.0000   -0.0000    0.0000
   28 H6     2px       -0.0000    0.3922   -0.0404    0.1122   -0.0151   -0.3677    0.0384   -0.2202    0.0340    0.3179
   29 H6     2py       -0.0000    0.0404    0.3922    0.0151    0.1122   -0.0384   -0.3677   -0.0340   -0.2202    0.0334
   30 H6     2pz       -0.0082    0.0000    0.0000    0.0000    0.0000   -0.0000    0.0000    0.0000   -0.0000    0.0000
   31 H7     1s         0.1087   -0.0000   -0.0000   -0.0000   -0.0000    0.0000   -0.0000    0.0000    0.0000   -0.0000
   32 H7     2s         0.2853   -0.0000   -0.0000   -0.0000    0.0000    0.0000    0.0000   -0.0000    0.0000   -0.0000
   33 H7     2px        0.0000    0.3599   -0.0370    0.3019   -0.0408   -0.1112    0.0116   -0.4038    0.0623   -0.2301
   34 H7     2py       -0.0000    0.0370    0.3599    0.0408    0.3019   -0.0116   -0.1112   -0.0623   -0.4038   -0.0242
   35 H7     2pz        0.0904   -0.0000    0.0000   -0.0000   -0.0000    0.0000   -0.0000   -0.0000    0.0000   -0.0000
   36 H8     1s        -0.1587   -0.0000    0.0000    0.0000    0.0000    0.0000    0.0000   -0.0000   -0.0000   -0.0000
   37 H8     2s        -0.4330    0.0000   -0.0000   -0.0000   -0.0000   -0.0000   -0.0000   -0.0000   -0.0000    0.0000
   38 H8     2px       -0.0000    0.2985   -0.0307    0.3940   -0.0532    0.2208   -0.0231   -0.1133    0.0175   -0.3806
   39 H8     2py       -0.0000    0.0307    0.2985    0.0532    0.3940    0.0231    0.2208   -0.0175   -0.1133   -0.0400
   40 H8     2pz       -0.2287    0.0000   -0.0000   -0.0000   -0.0000   -0.0000    0.0000    0.0000    0.0000    0.0000
   41 H9     1s         0.1669   -0.0000   -0.0000   -0.0000    0.0000    0.0000   -0.0000   -0.0000    0.0000   -0.0000
   42 H9     2s         0.4179    0.0000    0.0000    0.0000   -0.0000   -0.0000    0.0000    0.0000    0.0000    0.0000
   43 H9     2px       -0.0000    0.2120   -0.0218    0.3599   -0.0486    0.4009   -0.0419    0.3127   -0.0483    0.1244
   44 H9     2py       -0.0000    0.0218    0.2120    0.0486    0.3599    0.0419    0.4009    0.0483    0.3127    0.0131
   45 H9     2pz        0.3462    0.0000    0.0000    0.0000    0.0000   -0.0000    0.0000    0.0000   -0.0000    0.0000
   46 H10    1s        -0.1746    0.0000   -0.0000    0.0000   -0.0000   -0.0000    0.0000    0.0000   -0.0000    0.0000
   47 H10    2s        -0.1829   -0.0000   -0.0000   -0.0000    0.0000    0.0000   -0.0000   -0.0000   -0.0000   -0.0000
   48 H10    2px       -0.0000    0.1095   -0.0113    0.2120   -0.0286    0.3030   -0.0316    0.3703   -0.0571    0.4130
   49 H10    2py       -0.0000    0.0113    0.1095    0.0286    0.2120    0.0316    0.3030    0.0571    0.3703    0.0435
   50 H10    2pz       -0.3350   -0.0000   -0.0000   -0.0000   -0.0000    0.0000   -0.0000   -0.0000    0.0000   -0.0000
 
 
      Orbital               31        32        33        34        35        36        37        38        39        40
      Energy            0.9242    0.9697    0.9697    1.0153    1.0153    1.0576    1.0576    1.0920    1.0920    1.1146
      Occ. No.          0.0000    0.0000    0.0000    0.0000    0.0000    0.0000    0.0000    0.0000    0.0000    0.0000
 
    1 H1     1s         0.0000   -0.0000    0.0000    0.0000    0.0000    0.0000   -0.0000    0.0000    0.0000   -0.0000
    2 H1     2s         0.0000    0.0000    0.0000   -0.0000   -0.0000    0.0000    0.0000    0.0000    0.0000    0.0000
    3 H1     2px       -0.0435   -0.4240    0.0407   -0.4014   -0.0435   -0.3418    0.0349    0.2488   -0.0283   -0.1314
    4 H1     2py        0.4130   -0.0407   -0.4240   -0.0435    0.4014   -0.0349   -0.3418    0.0283    0.2488   -0.0136
    5 H1     2pz        0.0000   -0.0000   -0.0000    0.0000   -0.0000    0.0000   -0.0000    0.0000    0.0000    0.0000
    6 H2     1s        -0.0000    0.0000    0.0000   -0.0000   -0.0000    0.0000    0.0000   -0.0000   -0.0000    0.0000
    7 H2     2s        -0.0000   -0.0000   -0.0000   -0.0000    0.0000   -0.0000   -0.0000   -0.0000   -0.0000   -0.0000
    8 H2     2px       -0.0131    0.1164   -0.0112    0.3282    0.0355    0.4422   -0.0451   -0.4141    0.0472    0.2496
    9 H2     2py        0.1244    0.0112    0.1164    0.0355   -0.3282    0.0451    0.4422   -0.0472   -0.4141    0.0257
   10 H2     2pz       -0.0000    0.0000    0.0000   -0.0000    0.0000    0.0000   -0.0000   -0.0000   -0.0000    0.0000
   11 H3     1s         0.0000   -0.0000   -0.0000    0.0000   -0.0000    0.0000    0.0000    0.0000    0.0000   -0.0000
   12 H3     2s         0.0000   -0.0000    0.0000    0.0000   -0.0000    0.0000    0.0000    0.0000    0.0000   -0.0000
   13 H3     2px        0.0400    0.3928   -0.0377    0.1290    0.0140   -0.2379    0.0243    0.4483   -0.0511   -0.3475
   14 H3     2py       -0.3806    0.0377    0.3928    0.0140   -0.1290   -0.0243   -0.2379    0.0511    0.4483   -0.0359
   15 H3     2pz        0.0000    0.0000    0.0000   -0.0000   -0.0000   -0.0000    0.0000    0.0000    0.0000   -0.0000
   16 H4     1s        -0.0000   -0.0000   -0.0000   -0.0000    0.0000   -0.0000   -0.0000   -0.0000   -0.0000    0.0000
   17 H4     2s        -0.0000    0.0000   -0.0000   -0.0000    0.0000   -0.0000   -0.0000   -0.0000   -0.0000    0.0000
   18 H4     2px        0.0242   -0.2315    0.0222   -0.4342   -0.0470   -0.1277    0.0130   -0.3418    0.0389    0.4173
   19 H4     2py       -0.2302   -0.0222   -0.2315   -0.0470    0.4342   -0.0130   -0.1277   -0.0389   -0.3418    0.0431
   20 H4     2pz       -0.0000    0.0000   -0.0000    0.0000    0.0000   -0.0000   -0.0000    0.0000    0.0000    0.0000
   21 H5     1s         0.0000    0.0000    0.0000   -0.0000   -0.0000   -0.0000    0.0000    0.0000    0.0000   -0.0000
   22 H5     2s         0.0000   -0.0000    0.0000    0.0000   -0.0000    0.0000    0.0000    0.0000    0.0000   -0.0000
   23 H5     2px       -0.0334   -0.3266    0.0314    0.2352    0.0255    0.4074   -0.0416    0.1268   -0.0144   -0.4537
   24 H5     2py        0.3178   -0.0314   -0.3266    0.0255   -0.2352    0.0416    0.4074    0.0144    0.1268   -0.0468
   25 H5     2pz        0.0000   -0.0000    0.0000   -0.0000    0.0000    0.0000   -0.0000   -0.0000   -0.0000   -0.0000
   26 H6     1s        -0.0000    0.0000   -0.0000    0.0000    0.0000   -0.0000    0.0000    0.0000   -0.0000    0.0000
   27 H6     2s        -0.0000    0.0000   -0.0000    0.0000    0.0000   -0.0000    0.0000    0.0000   -0.0000    0.0000
   28 H6     2px       -0.0334    0.3265   -0.0314    0.2353    0.0255   -0.4074    0.0416    0.1270   -0.0145    0.4537
   29 H6     2py        0.3179    0.0314    0.3265    0.0255   -0.2353   -0.0416   -0.4074    0.0145    0.1270    0.0468
   30 H6     2pz       -0.0000   -0.0000    0.0000    0.0000   -0.0000   -0.0000    0.0000    0.0000    0.0000   -0.0000
   31 H7     1s         0.0000   -0.0000    0.0000   -0.0000   -0.0000    0.0000   -0.0000   -0.0000   -0.0000    0.0000
   32 H7     2s         0.0000    0.0000    0.0000   -0.0000   -0.0000    0.0000   -0.0000   -0.0000   -0.0000    0.0000
   33 H7     2px        0.0242    0.2316   -0.0222   -0.4342   -0.0470    0.1276   -0.0130   -0.3420    0.0389   -0.4172
   34 H7     2py       -0.2301    0.0222    0.2316   -0.0470    0.4342    0.0130    0.1276   -0.0389   -0.3420   -0.0430
   35 H7     2pz        0.0000    0.0000   -0.0000   -0.0000    0.0000   -0.0000   -0.0000   -0.0000   -0.0000    0.0000
   36 H8     1s        -0.0000   -0.0000   -0.0000    0.0000    0.0000   -0.0000    0.0000    0.0000    0.0000   -0.0000
   37 H8     2s        -0.0000   -0.0000   -0.0000    0.0000    0.0000   -0.0000    0.0000    0.0000    0.0000   -0.0000
   38 H8     2px        0.0400   -0.3928    0.0377    0.1289    0.0140    0.2380   -0.0243    0.4484   -0.0511    0.3474
   39 H8     2py       -0.3806   -0.0377   -0.3928    0.0140   -0.1289    0.0243    0.2380    0.0511    0.4484    0.0358
   40 H8     2pz        0.0000   -0.0000    0.0000    0.0000   -0.0000    0.0000   -0.0000    0.0000    0.0000   -0.0000
   41 H9     1s         0.0000    0.0000   -0.0000   -0.0000    0.0000    0.0000   -0.0000   -0.0000   -0.0000    0.0000
   42 H9     2s         0.0000   -0.0000    0.0000   -0.0000   -0.0000    0.0000   -0.0000   -0.0000   -0.0000    0.0000
   43 H9     2px       -0.0131   -0.1165    0.0112    0.3282    0.0356   -0.4422    0.0451   -0.4141    0.0472   -0.2495
   44 H9     2py        0.1244   -0.0112   -0.1165    0.0356   -0.3282   -0.0451   -0.4422   -0.0472   -0.4141   -0.0257
   45 H9     2pz       -0.0000   -0.0000   -0.0000    0.0000    0.0000   -0.0000    0.0000    0.0000    0.0000   -0.0000
   46 H10    1s        -0.0000   -0.0000    0.0000    0.0000   -0.0000    0.0000    0.0000    0.0000    0.0000   -0.0000
   47 H10    2s        -0.0000    0.0000   -0.0000   -0.0000    0.0000   -0.0000    0.0000    0.0000    0.0000   -0.0000
   48 H10    2px       -0.0435    0.4241   -0.0407   -0.4014   -0.0435    0.3418   -0.0349    0.2488   -0.0283    0.1314
   49 H10    2py        0.4130    0.0407    0.4241   -0.0435    0.4014    0.0349    0.3418    0.0283    0.2488    0.0136
   50 H10    2pz        0.0000    0.0000    0.0000   -0.0000    0.0000    0.0000   -0.0000   -0.0000   -0.0000    0.0000
 
 
      Orbital               41        42        43        44        45        46        47        48        49        50
      Energy            1.1146    1.1363    1.1491    1.1724    1.1930    1.2383    1.3255    1.4187    1.5024    1.5611
      Occ. No.          0.0000    0.0000    0.0000    0.0000    0.0000    0.0000    0.0000    0.0000    0.0000    0.0000
 
    1 H1     1s         0.0000    0.1589   -0.0888    0.2136    0.1052   -0.1693    0.1465    0.1267   -0.0962    0.0525
    2 H1     2s        -0.0000    0.2961   -0.1403    0.3894    0.1703   -0.2899    0.2135    0.1521   -0.0974    0.0476
    3 H1     2px        0.0136    0.0000    0.0000   -0.0000    0.0000   -0.0000    0.0000   -0.0000   -0.0000    0.0000
    4 H1     2py       -0.1314    0.0000    0.0000   -0.0000    0.0000   -0.0000    0.0000   -0.0000    0.0000   -0.0000
    5 H1     2pz       -0.0000    0.2879   -0.0291    0.4429    0.0857   -0.4612    0.4373    0.3740   -0.2738    0.1449
    6 H2     1s         0.0000   -0.3884    0.2870   -0.4927   -0.3255    0.2922   -0.1519   -0.0512   -0.0100    0.0223
    7 H2     2s         0.0000   -0.6764    0.5307   -0.8045   -0.5669    0.4090   -0.1880   -0.0781    0.0248   -0.0050
    8 H2     2px       -0.0257   -0.0000   -0.0000    0.0000   -0.0000    0.0000   -0.0000    0.0000    0.0000   -0.0000
    9 H2     2py        0.2496   -0.0000   -0.0000    0.0000   -0.0000    0.0000   -0.0000    0.0000   -0.0000    0.0000
   10 H2     2pz        0.0000   -0.2084    0.2227   -0.1500   -0.2067   -0.1688    0.4177    0.5409   -0.5008    0.3003
   11 H3     1s        -0.0000    0.3414   -0.5605    0.3760    0.5962   -0.0224   -0.0993   -0.0685   -0.0028    0.0318
   12 H3     2s        -0.0000    0.5811   -1.0001    0.6319    1.0244   -0.0797   -0.0566   -0.0224   -0.0168    0.0226
   13 H3     2px        0.0359    0.0000    0.0000   -0.0000    0.0000    0.0000    0.0000   -0.0000   -0.0000   -0.0000
   14 H3     2py       -0.3475    0.0000    0.0000   -0.0000    0.0000   -0.0000    0.0000   -0.0000   -0.0000   -0.0000
   15 H3     2pz       -0.0000   -0.2056   -0.2613   -0.3942    0.1719    0.4481   -0.1418    0.2923   -0.5417    0.4194
   16 H4     1s         0.0000    0.0519    0.6225   -0.0350   -0.7669   -0.0663   -0.0410   -0.1171    0.0542    0.0145
   17 H4     2s         0.0000    0.1012    1.0817   -0.1139   -1.3261   -0.0329   -0.0479   -0.0870    0.0353    0.0024
   18 H4     2px       -0.0431   -0.0000   -0.0000    0.0000   -0.0000   -0.0000   -0.0000    0.0000    0.0000   -0.0000
   19 H4     2py        0.4173   -0.0000   -0.0000    0.0000   -0.0000   -0.0000   -0.0000    0.0000    0.0000   -0.0000
   20 H4     2pz       -0.0000    0.4735   -0.0585    0.2979   -0.0261    0.2608   -0.4969   -0.1377   -0.4225    0.5112
   21 H5     1s         0.0000   -0.4492   -0.2772   -0.0610    0.8151   -0.1888    0.1240   -0.0393    0.0721    0.0065
   22 H5     2s         0.0000   -0.7790   -0.4779   -0.0646    1.4277   -0.2578    0.1106   -0.0215    0.0362    0.0058
   23 H5     2px        0.0468    0.0000    0.0000   -0.0000    0.0000    0.0000    0.0000   -0.0000   -0.0000    0.0000
   24 H5     2py       -0.4537    0.0000    0.0000   -0.0000    0.0000    0.0000    0.0000   -0.0000   -0.0000    0.0000
   25 H5     2pz        0.0000   -0.2476    0.4502    0.2142   -0.0245   -0.3626   -0.2823   -0.4837   -0.1558    0.5567
   26 H6     1s        -0.0000    0.4492   -0.2773   -0.0608   -0.8150    0.1888    0.1239    0.0393    0.0721   -0.0065
   27 H6     2s        -0.0000    0.7790   -0.4781   -0.0642   -1.4277    0.2578    0.1106    0.0216    0.0362   -0.0058
   28 H6     2px       -0.0468   -0.0000    0.0000   -0.0000    0.0000   -0.0000    0.0000   -0.0000   -0.0000    0.0000
   29 H6     2py        0.4537   -0.0000    0.0000   -0.0000    0.0000   -0.0000    0.0000   -0.0000   -0.0000    0.0000
   30 H6     2pz       -0.0000   -0.2476   -0.4502   -0.2143   -0.0245   -0.3626    0.2823   -0.4836    0.1559    0.5567
   31 H7     1s         0.0000   -0.0518    0.6226   -0.0352    0.7668    0.0663   -0.0411    0.1171    0.0542   -0.0146
   32 H7     2s         0.0000   -0.1011    1.0818   -0.1142    1.3259    0.0329   -0.0479    0.0870    0.0353   -0.0024
   33 H7     2px        0.0430    0.0000   -0.0000    0.0000   -0.0000   -0.0000   -0.0000    0.0000    0.0000   -0.0000
   34 H7     2py       -0.4172   -0.0000   -0.0000    0.0000    0.0000   -0.0000   -0.0000    0.0000    0.0000   -0.0000
   35 H7     2pz       -0.0000    0.4736    0.0585   -0.2978   -0.0261    0.2609    0.4969   -0.1376    0.4226    0.5111
   36 H8     1s        -0.0000   -0.3415   -0.5606    0.3760   -0.5960    0.0224   -0.0993    0.0685   -0.0028   -0.0318
   37 H8     2s        -0.0000   -0.5813   -1.0001    0.6320   -1.0242    0.0796   -0.0566    0.0224   -0.0168   -0.0226
   38 H8     2px       -0.0358   -0.0000    0.0000   -0.0000    0.0000    0.0000    0.0000   -0.0000   -0.0000   -0.0000
   39 H8     2py        0.3474    0.0000    0.0000   -0.0000    0.0000   -0.0000   -0.0000   -0.0000   -0.0000   -0.0000
   40 H8     2pz        0.0000   -0.2057    0.2613    0.3941    0.1719    0.4481    0.1417    0.2923    0.5418    0.4193
   41 H9     1s         0.0000    0.3885    0.2871   -0.4927    0.3254   -0.2922   -0.1519    0.0512   -0.0100   -0.0223
   42 H9     2s         0.0000    0.6765    0.5307   -0.8046    0.5667   -0.4090   -0.1880    0.0781    0.0248    0.0050
   43 H9     2px        0.0257    0.0000    0.0000   -0.0000    0.0000   -0.0000   -0.0000   -0.0000   -0.0000   -0.0000
   44 H9     2py       -0.2495    0.0000   -0.0000    0.0000    0.0000   -0.0000    0.0000   -0.0000    0.0000   -0.0000
   45 H9     2pz       -0.0000   -0.2085   -0.2227    0.1500   -0.2066   -0.1688   -0.4177    0.5409    0.5008    0.3003
   46 H10    1s         0.0000   -0.1589   -0.0888    0.2136   -0.1052    0.1693    0.1465   -0.1267   -0.0962   -0.0525
   47 H10    2s        -0.0000   -0.2962   -0.1403    0.3894   -0.1702    0.2899    0.2135   -0.1520   -0.0974   -0.0475
   48 H10    2px       -0.0136   -0.0000   -0.0000    0.0000   -0.0000    0.0000    0.0000   -0.0000   -0.0000    0.0000
   49 H10    2py        0.1314   -0.0000    0.0000   -0.0000   -0.0000    0.0000    0.0000   -0.0000   -0.0000    0.0000
   50 H10    2pz       -0.0000    0.2880    0.0291   -0.4429    0.0857   -0.4612   -0.4373    0.3740    0.2738    0.1449
--
 
      Von Neumann Entropy (Root  1) =  4.42532
 

      Mulliken population analysis for root number:  1
      -----------------------------------------------
 
 
++    Molecular charges:
      ------------------
 
      Mulliken charges per centre and basis function type
      ---------------------------------------------------
 
                H1      H2      H3      H4      H5      H6      H7      H8      H9      H10   
      1s       0.9877  1.0018  1.0017  1.0011  1.0013  1.0013  1.0011  1.0017  1.0018  0.9876
      2s       0.0074  0.0013 -0.0033 -0.0023 -0.0027 -0.0027 -0.0023 -0.0033  0.0013  0.0074
      2px      0.0000  0.0000  0.0000  0.0000  0.0000  0.0000  0.0000  0.0000  0.0000  0.0000
      2pz      0.0005  0.0015  0.0013  0.0013  0.0013  0.0013  0.0013  0.0013  0.0015  0.0005
      2py      0.0000  0.0000  0.0000  0.0000  0.0000  0.0000  0.0000  0.0000  0.0000  0.0000
      Total    0.9955  1.0047  0.9997  1.0001  1.0000  1.0000  1.0001  0.9998  1.0047  0.9955
 
      N-E      0.0045 -0.0047  0.0003 -0.0001  0.0000  0.0000 -0.0001  0.0002 -0.0047  0.0045
 
      Total electronic charge=   10.000000
 
      Total            charge=   -0.000000
--
 
 

      Expectation values of various properties for root number:  1
      -----------------------------------------------------------
 
 
++    Molecular properties:
      ---------------------
 
      Charge (e):
                      =   -0.0000
      Dipole Moment (Debye):
      Origin of the operator (Ang)=    0.0000    0.0000    0.0000
                   X=  5.5811E-07               Y=  8.7591E-07               Z= -2.1136E-04           Total=  2.1136E-04
      Quadrupole Moment (Debye*Ang):
      Origin of the operator (Ang)=    0.0000    0.0000   10.2273
                  XX= -1.5347E+01              XY= -8.9094E-11              XZ= -3.5877E-05              YY= -1.5347E+01
                  YZ= -7.2508E-06              ZZ= -1.3380E+01
      In traceless form (Debye*Ang)
                  XX= -9.8341E-01              XY= -1.3364E-10              XZ= -5.3816E-05              YY= -9.8341E-01
                  YZ= -1.0876E-05              ZZ=  1.9668E+00
--
 

      LoProp population analysis for root number:  1
      -----------------------------------------------
 
 
++    LoProp analysis:
      ----------------
 
 
 
  Input file to MOLDEN was generated!
 
 
++    Static properties:
      ------------------
 
 
      LoProp Charges per center
 

                   H1       H2       H3       H4       H5       H6       H7       H8       H9       H10   
      Nuclear      1.0000   1.0000   1.0000   1.0000   1.0000   1.0000   1.0000   1.0000   1.0000   1.0000
      Electronic  -1.0001  -1.0000  -0.9999  -1.0001  -1.0000  -1.0000  -1.0001  -0.9999  -1.0000  -1.0001
 
      Total       -0.0001  -0.0000   0.0001  -0.0001   0.0000   0.0000  -0.0001   0.0001  -0.0000  -0.0001
--
 
 
      Natural Bond Order analysis for root number:  1
 
++    Natural Bond Order analysis
      ---------------------------
      Based on LoProp computed density
      -------------------------------------------------------------------------------------
      Atom A       Atom B       Bond Order
      -------------------------------------------------------------------------------------
      The remaining   10.000 electrons are to be considered as diffuse
--
 
--
 
 
  Input file to MOLDEN was generated!
 
      Average orbitals are written to the RASORB file
      Natural orbitals for root   1 are written to the RASORB.1 file
      Spin density orbitals for root   1 are written to the SPDORB.1 file
 
 ###############################################################################
 ###############################################################################
 ###                                                                         ###
 ###                                                                         ###
 ###    RunFile label BirthCertificate                                       ###
 ###    was used       47 times                                              ###
 ###                                                                         ###
 ###                                                                         ###
 ###############################################################################
 ###############################################################################
forrtl: warning (525): IEEE_DIVIDE_BY_ZERO is signaling
forrtl: warning (526): IEEE_INVALID is signaling
forrtl: warning (528): IEEE_UNDERFLOW is signaling
--- Stop Module: rasscf at Sun Oct 26 17:01:17 2025 /rc=_RC_ALL_IS_WELL_ ---
*** files: H10_2.27.LprOrb H10_2.27.rasscf.molden H10_2.27.LoProp.molden H10_2.27.RasOrb.1 H10_2.27.RasOrb H10_2.27.rasscf.h5 H10_2.27.SpdOrb.1 xmldump
    saved to directory ${LOCALHOME}/DDCASPT2/hydrogen_comps/rerun/H10_chain/H10_2.27
--- Module rasscf spent 33 seconds ---

>>> COPY /tmp/H10_2.27/H10_2.27.rasscf.h5 ${LOCALHOME}/DDCASPT2/hydrogen_comps/rerun/H10_chain/H10_2.27/

>>> COPY /tmp/H10_2.27/DDCASPT2_Fock_MO.csv ${LOCALHOME}/DDCASPT2/hydrogen_comps/rerun/H10_chain/H10_2.27/H10_2.27.DDCASPT2_Fock_MO.csv

*** symbolic link created: INPORB -> H10_2.27.RasOrb
--- Start Module: motra at Sun Oct 26 17:01:17 2025 ---
 
()()()()()()()()()()()()()()()()()()()()()()()()()()()()()()()()()()()()()()()()()()()()()()()()()()

                                               &MOTRA

                                   only a single process is used
                       available to each process: 2.0 GB of memory, 1 thread?
()()()()()()()()()()()()()()()()()()()()()()()()()()()()()()()()()()()()()()()()()()()()()()()()()()
 
 
      *** WARNING: Default frozen orbitals is overwritten by user input.
      *** Default values:   0
 
      Header of the integral files:
      
       Integrals generated by seward 4.2.0  , Sun Oct 26 17:00:43 2025
 
 
      Header of MO coefficients source file:
      * RASSCF average (pseudo-natural) orbitals                                      
 
 
      Cartesian coordinates in Angstrom:
      -----------------------------------------------------
      No.  Label        X            Y            Z        
      -----------------------------------------------------
       1   H1         0.00000000   0.00000000   0.00000000
       2   H2         0.00000000   0.00000000   2.27272700
       3   H3         0.00000000   0.00000000   4.54545500
       4   H4         0.00000000   0.00000000   6.81818200
       5   H5         0.00000000   0.00000000   9.09090900
       6   H6         0.00000000   0.00000000  11.36363600
       7   H7         0.00000000   0.00000000  13.63636400
       8   H8         0.00000000   0.00000000  15.90909100
       9   H9         0.00000000   0.00000000  18.18181800
      10   H10        0.00000000   0.00000000  20.45454500
      -----------------------------------------------------
      Nuclear repulsion energy =    4.49137065
 
      Orbital specifications:
      -----------------------
 
      Symmetry species:              1
      Number of basis functions:    50
      Frozen orbitals:               0
      Deleted orbitals:              0
      Number of orbitals used:      50

       SYMMETRY  BASIS FUNCTIONS       ORBITALS      INTEGRALS   CPU(SEC)  I/O(SEC)
        1 1 1 1   50  50  50  50    50  50  50  50      813450       0.00      0.00

       TOTAL CPU TIME(SEC)    0.51TOTAL I/O TIME(SEC)    1.17
 
--- Stop Module: motra at Sun Oct 26 17:01:18 2025 /rc=_RC_ALL_IS_WELL_ ---
*** files: xmldump
    saved to directory ${LOCALHOME}/DDCASPT2/hydrogen_comps/rerun/H10_chain/H10_2.27
--- Module motra spent 1 second ---

>>> COPY /tmp/H10_2.27/DDCASPT2_one_int_indx.csv ${LOCALHOME}/DDCASPT2/hydrogen_comps/rerun/H10_chain/H10_2.27/H10_2.27.DDCASPT2_one_int_indx.csv

>>> COPY /tmp/H10_2.27/DDCASPT2_one_int.csv ${LOCALHOME}/DDCASPT2/hydrogen_comps/rerun/H10_chain/H10_2.27/H10_2.27.DDCASPT2_one_int.csv

>>> COPY /tmp/H10_2.27/DDCASPT2_two_int_indx.csv ${LOCALHOME}/DDCASPT2/hydrogen_comps/rerun/H10_chain/H10_2.27/H10_2.27.DDCASPT2_two_int_indx.csv

>>> COPY /tmp/H10_2.27/DDCASPT2_two_int.csv ${LOCALHOME}/DDCASPT2/hydrogen_comps/rerun/H10_chain/H10_2.27/H10_2.27.DDCASPT2_two_int.csv

*** symbolic link created: INPORB -> H10_2.27.RasOrb
--- Start Module: caspt2 at Sun Oct 26 17:01:18 2025 ---
 
()()()()()()()()()()()()()()()()()()()()()()()()()()()()()()()()()()()()()()()()()()()()()()()()()()

                                              &CASPT2

                                   only a single process is used
                       available to each process: 2.0 GB of memory, 1 thread?
()()()()()()()()()()()()()()()()()()()()()()()()()()()()()()()()()()()()()()()()()()()()()()()()()()
 
 Cholesky algorithm in CASPT2 =    1
 
 ###############################################################################
 ###############################################################################
 ###                                                                         ###
 ###                                                                         ###
 ###    User changed nr of frozen orbitals.                                  ###
 ###                                                                         ###
 ###                                                                         ###
 ###############################################################################
 ###############################################################################
 
++    Wave function specifications:
      -----------------------------
 
      Number of closed shell electrons           0
      Number of electrons in active shells      10
      Max number of holes in RAS1 space          0
      Max number of electrons in RAS3 space      0
      Number of inactive orbitals                0
      Number of active orbitals                 10
      Number of secondary orbitals              40
      Spin quantum number                      0.0
      State symmetry                             1
      Number of CSFs                         19404
      Number of root(s) available                1
      Root passed to geometry opt.               1
      A file JOBMIX will be created.
      This is a CASSCF or RASSCF reference function
--
 
++    Orbital specifications:
      -----------------------
 
      Symmetry species                           1
                                                 a
      Frozen orbitals                            0
      Inactive orbitals                          0
      Active orbitals                           10
      Secondary orbitals                        40
      Deleted orbitals                           0
      Number of basis functions                 50
--
 
      Type of Fock operator: STANDARD
      Type of 0-order Hamiltonian: STANDARD WITH DEFAULT IPEA
        "IP-EA" denominator shift =      0.25
      The input orbitals and the CI vector will be transformed.
 
--------------------------------------------------------------------------------
 Estimated memory requirements:
  POLY3 :                  3551880
  RHS:                      835500
  SIGMA :                   430400
  PRPCTL:                        0
 Available workspace:    230354915
 
++ CASPT2 computation for group   1
 
********************************************************************************
 Multi-State initialization phase begins for group   1
--------------------------------------------------------------------------------
********************************************************************************
 Compute H0 matrices for state    1
--------------------------------------------------------------------------------
--------------------------------------------------------------------------------
 H0 matrices have been computed.
 
********************************************************************************
  CASPT2 EQUATION SOLUTION
--------------------------------------------------------------------------------
 
  Total nr of CASPT2 parameters:
   Before reduction:      120200
   After  reduction:      119720
 
 The contributions to the second order correlation energy in atomic units.
-----------------------------------------------------------------------------------------------------------------------------
  IT.      VJTU        VJTI        ATVX        AIVX        VJAI        BVAT        BJAT        BJAI        TOTAL       RNORM  
-----------------------------------------------------------------------------------------------------------------------------
   1     0.000000    0.000000   -0.002518    0.000000    0.000000   -0.005777    0.000000    0.000000   -0.008295    0.001194
   2     0.000000    0.000000   -0.002541    0.000000    0.000000   -0.005785    0.000000    0.000000   -0.008326    0.000220
   3     0.000000    0.000000   -0.002545    0.000000    0.000000   -0.005786    0.000000    0.000000   -0.008331    0.000059
   4     0.000000    0.000000   -0.002544    0.000000    0.000000   -0.005786    0.000000    0.000000   -0.008330    0.000011
   5     0.000000    0.000000   -0.002544    0.000000    0.000000   -0.005786    0.000000    0.000000   -0.008330    0.000002
-------------------------------------------------------------------------------------------------------------------
 
  FINAL CASPT2 RESULT:
 
  Correlation energy /Case, /Symm, and sums:
 VJTU      0.00000000  0.00000000
 VJTIP     0.00000000  0.00000000
 VJTIM     0.00000000  0.00000000
 ATVX     -0.00254367 -0.00254367
 AIVX      0.00000000  0.00000000
 VJAIP     0.00000000  0.00000000
 VJAIM     0.00000000  0.00000000
 BVATP    -0.00535866 -0.00535866
 BVATM    -0.00042731 -0.00042731
 BJATP     0.00000000  0.00000000
 BJATM     0.00000000  0.00000000
 BJAIP     0.00000000  0.00000000
 BJAIM     0.00000000  0.00000000
 Summed:  -0.00832964 -0.00832964
 
      Reference energy:          -5.0249261292
      E2 (Non-variational):      -0.0083296381
      E2 (Variational):          -0.0083296377
      Total energy:              -5.0332557669
      Residual norm:              0.0000003359
      Reference weight:           0.99463
 
      Contributions to the CASPT2 correlation energy
      Active & Virtual Only:         -0.0083296381
      One Inactive Excited:           0.0000000000
      Two Inactive Excited:           0.0000000000
 
 
++ Denominators, etc.
----------------------------------------------------------------------------------------------------
 Report on small energy denominators, large coefficients, and large energy contributions.
CASE  SYMM ACTIVE-MIX  NON-ACTIVE INDICES          DENOMINATOR     RHS VALUE       COEFFICIENT     CONTRIBUTION
ATVX     1  Mu1.0001  Se1.011                       0.28672180      0.00003647     -0.00019390     -0.00000001
ATVX     1  Mu1.0001  Se1.012                       0.29839001      0.00002945     -0.00010857     -0.00000000
--
 
   (Skipping property calculation,
    use PROP keyword to activate)
--
 
  Total CASPT2 energies:
::    CASPT2 Root  1     Total energy:     -5.03325577
 
  A NEW JOBIPH FILE NAMED 'JOBMIX' IS PREPARED.
********************************************************************************
forrtl: warning (528): IEEE_UNDERFLOW is signaling
--- Stop Module: caspt2 at Sun Oct 26 17:01:24 2025 /rc=_RC_ALL_IS_WELL_ ---
*** files: xmldump
    saved to directory ${LOCALHOME}/DDCASPT2/hydrogen_comps/rerun/H10_chain/H10_2.27
--- Module caspt2 spent 6 seconds ---

>>> EXPORT i = B

>>> EXPORT j = P

>>> IF (-FILE DDCASPT2_e2_${i}_${j}_1_.csv)
(Skipped)

>>> END FOREACH

>>> EXPORT j = M

>>> IF (-FILE DDCASPT2_e2_${i}_${j}_1_.csv)
(Skipped)

>>> END FOREACH

>>> END FOREACH

>>> EXPORT i = E

>>> EXPORT j = P

>>> IF (-FILE DDCASPT2_e2_${i}_${j}_1_.csv)
(Skipped)

>>> END FOREACH

>>> EXPORT j = M

>>> IF (-FILE DDCASPT2_e2_${i}_${j}_1_.csv)
(Skipped)

>>> END FOREACH

>>> END FOREACH

>>> EXPORT i = F

>>> EXPORT j = P

>>> IF (-FILE DDCASPT2_e2_${i}_${j}_1_.csv)

>>> COPY /tmp/H10_2.27/DDCASPT2_RHS_F_P_1_.csv ${LOCALHOME}/DDCASPT2/hydrogen_comps/rerun/H10_chain/H10_2.27/DDCASPT2_RHS_F_P_1_.csv

>>> COPY /tmp/H10_2.27/DDCASPT2_IVECW_F_P_1_.csv ${LOCALHOME}/DDCASPT2/hydrogen_comps/rerun/H10_chain/H10_2.27/DDCASPT2_IVECW_F_P_1_.csv

>>> COPY /tmp/H10_2.27/DDCASPT2_IVECX_F_P_1_.csv ${LOCALHOME}/DDCASPT2/hydrogen_comps/rerun/H10_chain/H10_2.27/DDCASPT2_IVECX_F_P_1_.csv

>>> COPY /tmp/H10_2.27/DDCASPT2_IVECC2_F_P_1_.csv ${LOCALHOME}/DDCASPT2/hydrogen_comps/rerun/H10_chain/H10_2.27/DDCASPT2_IVECC2_F_P_1_.csv

>>> COPY /tmp/H10_2.27/DDCASPT2_e2_F_P_1_.csv ${LOCALHOME}/DDCASPT2/hydrogen_comps/rerun/H10_chain/H10_2.27/DDCASPT2_e2_F_P_1_.csv

>>> END FOREACH

>>> EXPORT j = M

>>> IF (-FILE DDCASPT2_e2_${i}_${j}_1_.csv)

>>> COPY /tmp/H10_2.27/DDCASPT2_RHS_F_M_1_.csv ${LOCALHOME}/DDCASPT2/hydrogen_comps/rerun/H10_chain/H10_2.27/DDCASPT2_RHS_F_M_1_.csv

>>> COPY /tmp/H10_2.27/DDCASPT2_IVECW_F_M_1_.csv ${LOCALHOME}/DDCASPT2/hydrogen_comps/rerun/H10_chain/H10_2.27/DDCASPT2_IVECW_F_M_1_.csv

>>> COPY /tmp/H10_2.27/DDCASPT2_IVECX_F_M_1_.csv ${LOCALHOME}/DDCASPT2/hydrogen_comps/rerun/H10_chain/H10_2.27/DDCASPT2_IVECX_F_M_1_.csv

>>> COPY /tmp/H10_2.27/DDCASPT2_IVECC2_F_M_1_.csv ${LOCALHOME}/DDCASPT2/hydrogen_comps/rerun/H10_chain/H10_2.27/DDCASPT2_IVECC2_F_M_1_.csv

>>> COPY /tmp/H10_2.27/DDCASPT2_e2_F_M_1_.csv ${LOCALHOME}/DDCASPT2/hydrogen_comps/rerun/H10_chain/H10_2.27/DDCASPT2_e2_F_M_1_.csv

>>> END FOREACH

>>> END FOREACH

>>> EXPORT i = G

>>> EXPORT j = P

>>> IF (-FILE DDCASPT2_e2_${i}_${j}_1_.csv)
(Skipped)

>>> END FOREACH

>>> EXPORT j = M

>>> IF (-FILE DDCASPT2_e2_${i}_${j}_1_.csv)
(Skipped)

>>> END FOREACH

>>> END FOREACH

>>> EXPORT i = H

>>> EXPORT j = P

>>> IF (-FILE DDCASPT2_e2_${i}_${j}_1_.csv)
(Skipped)

>>> END FOREACH

>>> EXPORT j = M

>>> IF (-FILE DDCASPT2_e2_${i}_${j}_1_.csv)
(Skipped)

>>> END FOREACH

>>> END FOREACH

>>> EXPORT i = A

>>> IF (-FILE DDCASPT2_e2_${i}_1_.csv)
(Skipped)

>>> END FOREACH

>>> EXPORT i = C

>>> IF (-FILE DDCASPT2_e2_${i}_1_.csv)

>>> COPY /tmp/H10_2.27/DDCASPT2_RHS_C_1_.csv ${LOCALHOME}/DDCASPT2/hydrogen_comps/rerun/H10_chain/H10_2.27/DDCASPT2_RHS_C_1_.csv

>>> COPY /tmp/H10_2.27/DDCASPT2_IVECW_C_1_.csv ${LOCALHOME}/DDCASPT2/hydrogen_comps/rerun/H10_chain/H10_2.27/DDCASPT2_IVECW_C_1_.csv

>>> COPY /tmp/H10_2.27/DDCASPT2_IVECX_C_1_.csv ${LOCALHOME}/DDCASPT2/hydrogen_comps/rerun/H10_chain/H10_2.27/DDCASPT2_IVECX_C_1_.csv

>>> COPY /tmp/H10_2.27/DDCASPT2_IVECC2_C_1_.csv ${LOCALHOME}/DDCASPT2/hydrogen_comps/rerun/H10_chain/H10_2.27/DDCASPT2_IVECC2_C_1_.csv

>>> COPY /tmp/H10_2.27/DDCASPT2_e2_C_1_.csv ${LOCALHOME}/DDCASPT2/hydrogen_comps/rerun/H10_chain/H10_2.27/DDCASPT2_e2_C_1_.csv

>>> END FOREACH

>>> EXPORT i = D

>>> IF (-FILE DDCASPT2_e2_${i}_1_.csv)
(Skipped)

>>> END FOREACH

.########################.
.# Non-zero return code #.
.########################.

    Timing: Wall=41.57 User=40.03 System=1.51
****************************************
*** WorkDir at /tmp/H10_2.27 cleaned ***
****************************************
