   This run of MOLCAS is using the pymolcas driver

                             OPE
                             OPE          NMOL  CASOP  ENMOLC A   SO
                 OPE        NMOLC        AS  OP EN  MO LC     AS  OP
                OPENM       OL CA        SO  PE NM  OL CA     SOP EN
                OP EN      MO   LC       AS  OP ENMOL  CASO   PENMOL
                OP  EN     MO   LC       AS  OP EN     MO     LC ASO
               OP   E  NMOL  C  AS       OP  EN MO     LC     AS  OP
               OP  E   NMO   LC AS        OPEN  MO     LCASOP EN   M
               O  PEN   MO  LCA  SO
            OPE   NMO   L   CAS    OP
        OPENMOL  CASOP     ENMOL   CASOPE
     OPENMOLCA   SOPENMOLCASOPEN   MOLCASOPE
    OPENMOLCAS   OP           EN   MOL    CAS
    OPENMOLCAS       OP  ENM        O     LCA
    OPENMOLCAS    OPEN  MOLCASO     P  E  NMO
    OPENMOLCAS     OP               E  N  MOL
    OPENMOLCA   SO           PENM   O  L  CAS    OPEN    MO    LCAS
    OPENMOLCA   SOP           ENM   O  L  CAS   OP  EN  MOLC  AS   O
    OPENMOLCA   SOPE           NM      O  LCA   S      OP  EN MO
    OPENMOLC                AS         O  PEN   M      OL  CA  SOPE
    OPENMO        LCASOPE  NMOL        C  ASO   P      ENMOLC     AS
    OPE     NMO      LCA  SO     P     E   NM   OL  CA SO  PE N   MO
          OPENMOLCA            SOPE   NMO        LCAS  O    P  ENMO
     OPENMOLCASOPENMOLCASOPENMOLCASOPENMOLCA
        OPENMOLCASOPENMOLCASOPENMOLCASOPE
            OPENMOLCASOPENMOLCASOPENM
               OPENMOLCASOPENMOLCA        version: f37762c57
                   OPENMOLCASO
                       OPE                tag:

 OpenMolcas is free software; you can redistribute it and/or modify it
 under the terms of the GNU Lesser General Public License version 2.1.
 OpenMolcas is distributed in the hope that it will be useful, but it
 is provided "as is" and without any express or implied warranties.
 For more details see the full text of the license in the file
 LICENSE or in <http://www.gnu.org/licenses/>.

                 Copyright (C) The OpenMolcas Authors
           For the author list and the recommended citation,
                   consult the file CONTRIBUTORS.md

           *************************************************
           * pymolcas version py2.28                       *
           *   build c4a6d18ded8cb6cad61d2372a9abd97c      *
           *   (after the EMIL interpreter by V. Veryazov) *
           *************************************************

configuration info
------------------
C Compiler ID: Intel
C flags: -std=gnu99 -gcc-sys
Fortran Compiler ID: IntelLLVM
Fortran flags: -standard-semantics -fltconsistency -fpp -i8 -heap-arrays
Definitions: _MOLCAS_;_I8_;_LINUX_
Parallel: OFF (GA=OFF)


   ----------------------------------------------------------------------------------------
  |
  |              Project: H10_2.81
  |       Submitted from: /home/grierjones/DDCASPT2/hydrogen_comps/rerun/H10_chain/H10_2.81
  |         Scratch area: /tmp/H10_2.81
  |      Save outputs to: /home/grierjones/DDCASPT2/hydrogen_comps/rerun/H10_chain/H10_2.81
  |               Molcas: /home/grierjones/Test/build
  |
  | Scratch area is empty
  |
  |       MOLCAS_DRIVER = /usr/local/pymolcas
  | MOLCAS_KEEP_WORKDIR = NO
  |  MOLCAS_NEW_WORKDIR = YES
  |       MOLCAS_NPROCS = 1
  |        MOLCAS_PRINT = NORMAL
  |       MOLCAS_SOURCE = /home/grierjones/Test
  |    MOLCAS_STRUCTURE = 0
  |
   ----------------------------------------------------------------------------------------

++ ---------   Input file   ---------

&GATEWAY
coord=H10_2.81.xyz
Basis = ANO-RCC-VDZP
Group = nosymm
EXPErt
End of Input

&SEWARD
End of Input

&SCF

>>> COPY $WorkDir/H10_2.81.scf.h5 $CurrDir/

&RASSCF
Title= RASSCF
NACTEL
10 0 0
Inactive
0
RAS2
10
Symmetry
1
Spin
1
orblisting
all

>>> COPY $WorkDir/H10_2.81.rasscf.h5 $CurrDir/

>>> COPY $WorkDir/GMJ_Fock_MO.csv $CurrDir/H10_2.81.GMJ_Fock_MO.csv

&MOTRA
Frozen=0
LUMORB

>>> COPY $WorkDir/GMJ_one_int_indx.csv $CurrDir/H10_2.81.GMJ_one_int_indx.csv

>>> COPY $WorkDir/GMJ_one_int.csv $CurrDir/H10_2.81.GMJ_one_int.csv

>>> COPY $WorkDir/GMJ_two_int_indx.csv $CurrDir/H10_2.81.GMJ_two_int_indx.csv

>>> COPY $WorkDir/GMJ_two_int.csv $CurrDir/H10_2.81.GMJ_two_int.csv

&CASPT2
Frozen
0

MAXITER
50

>>> FOREACH i IN (B,E,F,G,H)

  >>> FOREACH j IN (P,M)

    >>> IF (-FILE GMJ_e2_${i}_${j}_1_.csv)

      >>> COPY $WorkDir/GMJ_RHS_${i}_${j}_1_.csv $CurrDir/GMJ_RHS_${i}_${j}_1_.csv

      >>> COPY $WorkDir/GMJ_IVECW_${i}_${j}_1_.csv $CurrDir/GMJ_IVECW_${i}_${j}_1_.csv

      >>> COPY $WorkDir/GMJ_IVECX_${i}_${j}_1_.csv $CurrDir/GMJ_IVECX_${i}_${j}_1_.csv

      >>> COPY $WorkDir/GMJ_IVECC2_${i}_${j}_1_.csv $CurrDir/GMJ_IVECC2_${i}_${j}_1_.csv

      >>> COPY $WorkDir/GMJ_e2_${i}_${j}_1_.csv $CurrDir/GMJ_e2_${i}_${j}_1_.csv

    >>> END IF

  >>> END FOREACH

>>> END FOREACH

>>> FOREACH i IN (A,C,D)

  >>> IF (-FILE GMJ_e2_${i}_1_.csv)

    >>> COPY $WorkDir/GMJ_RHS_${i}_1_.csv $CurrDir/GMJ_RHS_${i}_1_.csv

    >>> COPY $WorkDir/GMJ_IVECW_${i}_1_.csv $CurrDir/GMJ_IVECW_${i}_1_.csv

    >>> COPY $WorkDir/GMJ_IVECX_${i}_1_.csv $CurrDir/GMJ_IVECX_${i}_1_.csv

    >>> COPY $WorkDir/GMJ_IVECC2_${i}_1_.csv $CurrDir/GMJ_IVECC2_${i}_1_.csv

    >>> COPY $WorkDir/GMJ_e2_${i}_1_.csv $CurrDir/GMJ_e2_${i}_1_.csv

  >>> END IF

>>> END FOREACH

-- ----------------------------------

--- Start Module: gateway at Tue Oct 28 18:56:09 2025 ---
 
()()()()()()()()()()()()()()()()()()()()()()()()()()()()()()()()()()()()()()()()()()()()()()()()()()

                                              &GATEWAY

                                   only a single process is used
                       available to each process: 2.0 GB of memory, 1 thread?
()()()()()()()()()()()()()()()()()()()()()()()()()()()()()()()()()()()()()()()()()()()()()()()()()()
 
 ###############################################################################
 ###############################################################################
 ###                                                                         ###
 ###                                                                         ###
 ###                                                                         ###
 ###    WARNING: EXPERT option is ON!                                        ###
 ###                                                                         ###
 ###                                                                         ###
 ###############################################################################
 ###############################################################################
 
++    Symmetry information:
      ---------------------
 
                    Character Table for C1 
 
                             E  
                    a        1  x, y, xy, Rz, z, xz, Ry, yz, Rx, I
--
 
 
++    Basis set information:
      ----------------------
 
 
      Basis set label: H.ANO-RCC...2S1P.
 
      Electronic valence basis set:
      ------------------
      Associated Effective Charge   1.000000 au
      Associated Actual Charge      1.000000 au
      Nuclear Model: Point charge
 
      Shell  nPrim  nBasis  Cartesian Spherical Contaminant
         s       8       2        X                  
         p       4       1        X                  
--
 
 
++    Molecular structure info:
      -------------------------
 
                    ************************************************ 
                    **** Cartesian Coordinates / Bohr, Angstrom **** 
                    ************************************************ 
 
     Center  Label                x              y              z                     x              y              z
        1      H1               0.000000       0.000000       0.000000              0.000000       0.000000       0.000000
        2      H2               0.000000       0.000000       5.302687              0.000000       0.000000       2.806061
        3      H3               0.000000       0.000000      10.605372              0.000000       0.000000       5.612121
        4      H4               0.000000       0.000000      15.908058              0.000000       0.000000       8.418182
        5      H5               0.000000       0.000000      21.210743              0.000000       0.000000      11.224242
        6      H6               0.000000       0.000000      26.513430              0.000000       0.000000      14.030303
        7      H7               0.000000       0.000000      31.816117              0.000000       0.000000      16.836364
        8      H8               0.000000       0.000000      37.118802              0.000000       0.000000      19.642424
        9      H9               0.000000       0.000000      42.421489              0.000000       0.000000      22.448485
       10      H10              0.000000       0.000000      47.724173              0.000000       0.000000      25.254545
 
                    *************************************** 
                    *    InterNuclear Distances / Bohr    * 
                    *************************************** 
 
               1 H1            2 H2            3 H3            4 H4            5 H5            6 H6    
    1 H1       0.000000
    2 H2       5.302687        0.000000
    3 H3      10.605372        5.302685        0.000000
    4 H4      15.908058       10.605372        5.302687        0.000000
    5 H5      21.210743       15.908057       10.605372        5.302685        0.000000
    6 H6      26.513430       21.210743       15.908058       10.605372        5.302687        0.000000
    7 H7      31.816117       26.513430       21.210745       15.908058       10.605374        5.302687
    8 H8      37.118802       31.816115       26.513430       21.210743       15.908058       10.605372
    9 H9      42.421489       37.118802       31.816117       26.513430       21.210745       15.908058
   10 H10     47.724173       42.421487       37.118802       31.816115       26.513430       21.210743
 
               7 H7            8 H8            9 H9           10 H10   
    7 H7       0.000000
    8 H8       5.302685        0.000000
    9 H9      10.605372        5.302687        0.000000
   10 H10     15.908057       10.605372        5.302685        0.000000
 
                    ******************************************* 
                    *    InterNuclear Distances / Angstrom    * 
                    ******************************************* 
 
               1 H1            2 H2            3 H3            4 H4            5 H5            6 H6    
    1 H1       0.000000
    2 H2       2.806061        0.000000
    3 H3       5.612121        2.806060        0.000000
    4 H4       8.418182        5.612121        2.806061        0.000000
    5 H5      11.224242        8.418181        5.612121        2.806060        0.000000
    6 H6      14.030303       11.224242        8.418182        5.612121        2.806061        0.000000
    7 H7      16.836364       14.030303       11.224243        8.418182        5.612122        2.806061
    8 H8      19.642424       16.836363       14.030303       11.224242        8.418182        5.612121
    9 H9      22.448485       19.642424       16.836364       14.030303       11.224243        8.418182
   10 H10     25.254545       22.448484       19.642424       16.836363       14.030303       11.224242
 
               7 H7            8 H8            9 H9           10 H10   
    7 H7       0.000000
    8 H8       2.806060        0.000000
    9 H9       5.612121        2.806061        0.000000
   10 H10      8.418181        5.612121        2.806060        0.000000
--
 
 
            Nuclear Potential Energy              3.63771920 au
 
 ###############################################################################
 ###############################################################################
 ###                                                                         ###
 ###                                                                         ###
 ###    There were warnings during the execution                             ###
 ###    Please, check the output with care!                                  ###
 ###                                                                         ###
 ###                                                                         ###
 ###############################################################################
 ###############################################################################
--- Stop Module: gateway at Tue Oct 28 18:56:10 2025 /rc=_RC_ALL_IS_WELL_ ---
*** files: xmldump
    saved to directory /home/grierjones/DDCASPT2/hydrogen_comps/rerun/H10_chain/H10_2.81

--- Start Module: seward at Tue Oct 28 18:56:10 2025 ---
 
()()()()()()()()()()()()()()()()()()()()()()()()()()()()()()()()()()()()()()()()()()()()()()()()()()

                                              &SEWARD

                                   only a single process is used
                       available to each process: 2.0 GB of memory, 1 thread?
()()()()()()()()()()()()()()()()()()()()()()()()()()()()()()()()()()()()()()()()()()()()()()()()()()
 
 ###############################################################################
 ###############################################################################
 ###                                                                         ###
 ###                                                                         ###
 ###                                                                         ###
 ###    WARNING: EXPERT option is ON!                                        ###
 ###                                                                         ###
 ###                                                                         ###
 ###############################################################################
 ###############################################################################
               SEWARD will generate:
                  Multipole Moment integrals up to order  2
                  Kinetic Energy integrals
                  Nuclear Attraction integrals (point charge)
                  One-Electron Hamiltonian integrals
                  Velocity integrals
                  Relativistic Douglas-Kroll-Hess integrals:
                    - Parametrization         : EXP
                    - DKH order of Hamiltonian: 2
                    - DKH order of Properties : 0
                         - multipole moment operators
                         - electric potential operators
                         - contact operators
                  Atomic mean-field integrals
                  Two-Electron Repulsion integrals
 
                   Integrals are discarded if absolute value <: 0.10E-13
                   Integral cutoff threshold is set to       <: 0.10E-15
 
            Nuclear Potential Energy              3.63771920 au
 
 
      Basis set specifications :
      Symmetry species         a  
      Basis functions           50
 
 
  Input file to MOLDEN was generated!
 
 ###############################################################################
 ###############################################################################
 ###                                                                         ###
 ###                                                                         ###
 ###    There were warnings during the execution                             ###
 ###    Please, check the output with care!                                  ###
 ###                                                                         ###
 ###                                                                         ###
 ###############################################################################
 ###############################################################################
forrtl: warning (525): IEEE_DIVIDE_BY_ZERO is signaling
forrtl: warning (526): IEEE_INVALID is signaling
forrtl: warning (528): IEEE_UNDERFLOW is signaling
--- Stop Module: seward at Tue Oct 28 18:56:10 2025 /rc=_RC_ALL_IS_WELL_ ---
*** files: H10_2.81.GssOrb H10_2.81.guessorb.h5 H10_2.81.guessorb.molden xmldump
    saved to directory /home/grierjones/DDCASPT2/hydrogen_comps/rerun/H10_chain/H10_2.81

*** symbolic link created: INPORB -> H10_2.81.GssOrb
--- Start Module: scf at Tue Oct 28 18:56:10 2025 ---
 
()()()()()()()()()()()()()()()()()()()()()()()()()()()()()()()()()()()()()()()()()()()()()()()()()()

                                                &SCF

                                   only a single process is used
                       available to each process: 2.0 GB of memory, 1 thread?
()()()()()()()()()()()()()()()()()()()()()()()()()()()()()()()()()()()()()()()()()()()()()()()()()()
 
++    Input section:
      --------------
 
      Header of the integral files:
      
       Integrals generated by seward 4.2.0  , Tue Oct 28 18:56:10 2025
 
 
      Cartesian coordinates in Angstrom:
      -----------------------------------------------------
      No.  Label        X            Y            Z        
      -----------------------------------------------------
       1   H1         0.00000000   0.00000000   0.00000000
       2   H2         0.00000000   0.00000000   2.80606100
       3   H3         0.00000000   0.00000000   5.61212100
       4   H4         0.00000000   0.00000000   8.41818200
       5   H5         0.00000000   0.00000000  11.22424200
       6   H6         0.00000000   0.00000000  14.03030300
       7   H7         0.00000000   0.00000000  16.83636400
       8   H8         0.00000000   0.00000000  19.64242400
       9   H9         0.00000000   0.00000000  22.44848500
      10   H10        0.00000000   0.00000000  25.25454500
      -----------------------------------------------------
      Nuclear repulsion energy =    3.63771920
--
 
++    Orbital specifications:
      -----------------------
 
      Symmetry species               1
                                     a
      Frozen orbitals                0
      Occupied orbitals              5
      Secondary orbitals            45
      Deleted orbitals               0
      Total number of orbitals      50
      Number of basis functions     50
--
 
      Molecular charge                           0.000
 
++    Optimization specifications:
      ----------------------------
 
      SCF Algorithm: Conventional
      Minimized density differences are used
      Number of density matrices in core                5
      Maximum number of NDDO SCF iterations           400
      Maximum number of HF SCF iterations             400
      Threshold for SCF energy change            0.10E-08
      Threshold for density matrix               0.10E-03
      Threshold for Fock matrix                  0.15E-03
      Threshold for linear dependence            0.10E-08
      Threshold at which DIIS is turned on       0.15E+00
      Threshold at which QNR/C2DIIS is turned on 0.75E-01
      Threshold for Norm(delta) (QNR/C2DIIS)     0.20E-04
      DIIS extrapolation of the SCF procedure
      All orbitals punched on: SCFORB
--
 
      Input vectors read from INPORB
      Orbital file label: *Guess orbitals
 
 
++ Convergence information
                                   SCF        iterations: Energy and convergence statistics
 
Iter     Tot. SCF        One-elec.       Two-elec.     Energy      Max Dij or  Max Fij      DNorm      TNorm      AccCon     Time
         Energy          Energy          Energy        Change      Delta Norm                                                in Sec.
   1    -3.881327791   -12.365442782     4.846395788   0.00E+00    0.42E+00*   0.13E+00*    0.51E+01   0.86E+01   None         0.
   2    -4.197127787   -12.322383252     4.487536262  -0.32E+00*   0.17E+00*   0.25E-01*    0.16E+01   0.82E+01   EDIIS        0.
   3    -4.213386852   -12.247966178     4.396860123  -0.16E-01*   0.11E+00*   0.95E-02*    0.39E+00   0.81E+01   EDIIS        0.
   4    -4.217568639   -12.254472025     4.399184182  -0.42E-02*   0.69E-01*   0.67E-02*    0.21E+00   0.81E+01   c2DIIS       0.
   5    -4.219397788   -12.239289656     4.382172665  -0.18E-02*   0.40E-01*   0.48E-02*    0.65E-01   0.81E+01   QNRc2DIIS    0.
   6    -4.220153093   -12.247374187     4.389501892  -0.76E-03*   0.49E-01*   0.35E-02*    0.37E-01   0.81E+01   QNRc2DIIS    0.
   7    -4.220688558   -12.243499300     4.385091539  -0.54E-03*   0.10E-01*   0.77E-03*    0.16E-01   0.81E+01   QNRc2DIIS    0.
   8    -4.220705065   -12.240628138     4.382203869  -0.17E-04*   0.28E-02*   0.46E-03*    0.75E-02   0.81E+01   QNRc2DIIS    0.
   9    -4.220710520   -12.241395881     4.382966158  -0.55E-05*   0.40E-03*   0.36E-04     0.29E-02   0.81E+01   QNRc2DIIS    0.
  10    -4.220710586   -12.241437669     4.383007879  -0.66E-07*   0.15E-03*   0.99E-05     0.78E-03   0.81E+01   QNRc2DIIS    0.
  11    -4.220710593   -12.241436378     4.383006582  -0.71E-08*   0.63E-04*   0.31E-05     0.15E-03   0.81E+01   QNRc2DIIS    0.
  12    -4.220710594   -12.241434878     4.383005080  -0.92E-09    0.23E-05    0.28E-06     0.25E-04   0.81E+01   QNRc2DIIS    0.
 
       Convergence after 12 Macro Iterations
--
 
 *****************************************************************************************************************************
 *                                                                                                                           *
 *                                             SCF/KS-DFT Program, Final results                                             *
 *                                                                                                                           *
 *                                                                                                                           *
 *                                                                                                                           *
 *                                                       Final Results                                                       *
 *                                                                                                                           *
 *****************************************************************************************************************************
 
::    Total SCF energy                                 -4.2207105944
      One-electron energy                             -12.2414348777
      Two-electron energy                               4.3830050804
      Nuclear repulsion energy                          3.6377192029
      Kinetic energy (interpolated)                     3.2865622986
      Virial theorem                                    1.2842326452
      Total spin, S(S+1)                                0.0000000000
      Total spin, S                                     0.0000000000
      Max non-diagonal density matrix element           0.0000022375
      Max non-diagonal Fock matrix element              0.0000000625
 
 
      All orbitals with orbital energies smaller than  E(LUMO)+0.5 are printed
 
++    Molecular orbitals:
      -------------------
 
      Title: SCF orbitals

      Molecular orbitals for symmetry species 1: a  
 
          Orbital            1         2         3         4         5         6         7         8         9        10    
          Energy           -0.3702   -0.3620   -0.3497   -0.3347   -0.3211   -0.1598   -0.1410   -0.1198   -0.1009   -0.0883
          Occ. No.          2.0000    2.0000    2.0000    2.0000    2.0000    0.0000    0.0000    0.0000    0.0000    0.0000
 
        1 H1     1s         0.1310   -0.2548    0.3449   -0.3610    0.2489   -0.2724    0.4199   -0.4338    0.3466   -0.1920
        2 H1     2s         0.0266   -0.0525    0.0727   -0.0785    0.0557   -0.0815    0.1298   -0.1381    0.1121   -0.0624
        3 H1     2px       -0.0000    0.0000   -0.0000   -0.0000    0.0000   -0.0000    0.0000   -0.0000   -0.0000    0.0000
        4 H1     2py       -0.0000    0.0000   -0.0000    0.0000   -0.0000    0.0000   -0.0000   -0.0000    0.0000   -0.0000
        5 H1     2pz        0.0039   -0.0070    0.0084   -0.0076    0.0046    0.0019   -0.0051    0.0081   -0.0089    0.0060
        6 H2     1s         0.1711   -0.3096    0.3729   -0.3341    0.1975    0.1507   -0.3291    0.4605   -0.4567    0.2863
        7 H2     2s         0.0294   -0.0606    0.0858   -0.0902    0.0603    0.0402   -0.1009    0.1520   -0.1547    0.0972
        8 H2     2px       -0.0000    0.0000   -0.0000    0.0000   -0.0000    0.0000   -0.0000   -0.0000    0.0000   -0.0000
        9 H2     2py       -0.0000    0.0000   -0.0000    0.0000   -0.0000   -0.0000   -0.0000   -0.0000   -0.0000   -0.0000
       10 H2     2pz       -0.0008    0.0028   -0.0060    0.0087   -0.0072    0.0095   -0.0120    0.0076   -0.0011   -0.0018
       11 H3     1s         0.2893   -0.3411    0.0896    0.2693   -0.3519    0.3863   -0.2949   -0.1323    0.4711   -0.4102
       12 H3     2s         0.0585   -0.0664    0.0083    0.0745   -0.0916    0.1180   -0.0898   -0.0481    0.1587   -0.1366
       13 H3     2px       -0.0000   -0.0000    0.0000    0.0000   -0.0000   -0.0000    0.0000   -0.0000   -0.0000   -0.0000
       14 H3     2py        0.0000   -0.0000   -0.0000    0.0000    0.0000    0.0000   -0.0000    0.0000    0.0000   -0.0000
       15 H3     2pz        0.0048   -0.0037   -0.0028    0.0083   -0.0070   -0.0077    0.0122   -0.0082   -0.0019    0.0062
       16 H4     1s         0.3144   -0.3069   -0.0181    0.3344   -0.3190   -0.3100    0.4172   -0.1041   -0.3824    0.4621
       17 H4     2s         0.0581   -0.0682    0.0074    0.0777   -0.0890   -0.0905    0.1353   -0.0389   -0.1268    0.1552
       18 H4     2px        0.0000    0.0000    0.0000    0.0000    0.0000    0.0000    0.0000   -0.0000    0.0000    0.0000
       19 H4     2py       -0.0000    0.0000    0.0000   -0.0000    0.0000   -0.0000    0.0000    0.0000   -0.0000   -0.0000
       20 H4     2pz       -0.0031    0.0060   -0.0041   -0.0043    0.0089   -0.0119    0.0046    0.0086   -0.0091    0.0017
       21 H5     1s         0.3624   -0.0416   -0.3601    0.0567    0.3736   -0.3994   -0.1162    0.4530    0.0937   -0.5053
       22 H5     2s         0.0703    0.0007   -0.0825    0.0032    0.1005   -0.1197   -0.0428    0.1491    0.0339   -0.1690
       23 H5     2px       -0.0000    0.0000    0.0000   -0.0000   -0.0000   -0.0000   -0.0000   -0.0000   -0.0000    0.0000
       24 H5     2py        0.0000   -0.0000   -0.0000   -0.0000   -0.0000   -0.0000   -0.0000    0.0000    0.0000   -0.0000
       25 H5     2pz        0.0047    0.0028   -0.0063   -0.0034    0.0089    0.0112   -0.0072   -0.0082    0.0076    0.0045
       26 H6     1s         0.3624    0.0416   -0.3601   -0.0567    0.3736    0.3994   -0.1162   -0.4530    0.0937    0.5053
       27 H6     2s         0.0703   -0.0007   -0.0825   -0.0032    0.1005    0.1197   -0.0428   -0.1491    0.0339    0.1690
       28 H6     2px        0.0000   -0.0000   -0.0000    0.0000    0.0000   -0.0000    0.0000   -0.0000   -0.0000   -0.0000
       29 H6     2py       -0.0000   -0.0000   -0.0000    0.0000    0.0000   -0.0000   -0.0000   -0.0000    0.0000    0.0000
       30 H6     2pz       -0.0047    0.0028    0.0063   -0.0034   -0.0089    0.0112    0.0072   -0.0082   -0.0076    0.0045
       31 H7     1s         0.3144    0.3069   -0.0181   -0.3344   -0.3190    0.3100    0.4172    0.1041   -0.3824   -0.4621
       32 H7     2s         0.0581    0.0682    0.0074   -0.0777   -0.0890    0.0905    0.1353    0.0389   -0.1268   -0.1552
       33 H7     2px       -0.0000    0.0000    0.0000    0.0000    0.0000    0.0000   -0.0000   -0.0000   -0.0000    0.0000
       34 H7     2py        0.0000   -0.0000   -0.0000   -0.0000    0.0000    0.0000   -0.0000   -0.0000    0.0000   -0.0000
       35 H7     2pz        0.0031    0.0060    0.0041   -0.0043   -0.0089   -0.0119   -0.0046    0.0086    0.0091    0.0017
       36 H8     1s         0.2893    0.3411    0.0896   -0.2693   -0.3519   -0.3863   -0.2949    0.1323    0.4711    0.4102
       37 H8     2s         0.0585    0.0664    0.0083   -0.0745   -0.0916   -0.1180   -0.0898    0.0481    0.1587    0.1366
       38 H8     2px        0.0000    0.0000   -0.0000   -0.0000    0.0000    0.0000    0.0000   -0.0000    0.0000   -0.0000
       39 H8     2py       -0.0000    0.0000    0.0000   -0.0000   -0.0000   -0.0000   -0.0000    0.0000    0.0000   -0.0000
       40 H8     2pz       -0.0048   -0.0037    0.0028    0.0083    0.0070   -0.0077   -0.0122   -0.0082    0.0019    0.0062
       41 H9     1s         0.1711    0.3096    0.3729    0.3341    0.1975   -0.1507   -0.3291   -0.4605   -0.4567   -0.2863
       42 H9     2s         0.0294    0.0606    0.0858    0.0902    0.0603   -0.0402   -0.1009   -0.1520   -0.1547   -0.0972
       43 H9     2px       -0.0000   -0.0000    0.0000   -0.0000   -0.0000    0.0000   -0.0000    0.0000    0.0000    0.0000
       44 H9     2py        0.0000    0.0000   -0.0000   -0.0000    0.0000    0.0000    0.0000   -0.0000   -0.0000    0.0000
       45 H9     2pz        0.0008    0.0028    0.0060    0.0087    0.0072    0.0095    0.0120    0.0076    0.0011   -0.0018
       46 H10    1s         0.1310    0.2548    0.3449    0.3610    0.2489    0.2724    0.4199    0.4338    0.3466    0.1920
       47 H10    2s         0.0266    0.0525    0.0727    0.0785    0.0557    0.0815    0.1298    0.1381    0.1121    0.0624
       48 H10    2px        0.0000    0.0000    0.0000    0.0000    0.0000   -0.0000    0.0000   -0.0000   -0.0000    0.0000
       49 H10    2py       -0.0000   -0.0000    0.0000   -0.0000   -0.0000    0.0000   -0.0000    0.0000   -0.0000   -0.0000
       50 H10    2pz       -0.0039   -0.0070   -0.0084   -0.0076   -0.0046    0.0019    0.0051    0.0081    0.0089    0.0060
 
          Orbital           11        12        13    
          Energy            0.3142    0.3220    0.3355
          Occ. No.          0.0000    0.0000    0.0000
 
        1 H1     1s        -0.0810    0.1379   -0.1543
        2 H1     2s         0.1482   -0.2767    0.3666
        3 H1     2px       -0.0000    0.0000   -0.0000
        4 H1     2py        0.0000   -0.0000   -0.0000
        5 H1     2pz       -0.0019    0.0027   -0.0026
        6 H2     1s        -0.1376    0.2039   -0.1727
        7 H2     2s         0.1772   -0.2813    0.2675
        8 H2     2px        0.0000   -0.0000    0.0000
        9 H2     2py        0.0000    0.0000    0.0000
       10 H2     2pz        0.0023   -0.0020   -0.0034
       11 H3     1s        -0.1626    0.1847   -0.0592
       12 H3     2s         0.2263   -0.2772    0.1017
       13 H3     2px       -0.0000    0.0000   -0.0000
       14 H3     2py        0.0000    0.0000    0.0000
       15 H3     2pz       -0.0013    0.0028   -0.0066
       16 H4     1s        -0.1898    0.1309    0.0829
       17 H4     2s         0.2602   -0.1948   -0.1388
       18 H4     2px       -0.0000   -0.0000    0.0000
       19 H4     2py       -0.0000    0.0000    0.0000
       20 H4     2pz        0.0030    0.0009   -0.0074
       21 H5     1s        -0.2011    0.0508    0.1715
       22 H5     2s         0.2782   -0.0745   -0.2939
       23 H5     2px        0.0000    0.0000   -0.0000
       24 H5     2py        0.0000    0.0000    0.0000
       25 H5     2pz       -0.0025    0.0037   -0.0009
       26 H6     1s        -0.2011   -0.0508    0.1715
       27 H6     2s         0.2782    0.0745   -0.2939
       28 H6     2px        0.0000   -0.0000   -0.0000
       29 H6     2py        0.0000    0.0000    0.0000
       30 H6     2pz        0.0025    0.0037    0.0009
       31 H7     1s        -0.1898   -0.1309    0.0829
       32 H7     2s         0.2602    0.1948   -0.1388
       33 H7     2px       -0.0000   -0.0000   -0.0000
       34 H7     2py       -0.0000    0.0000    0.0000
       35 H7     2pz       -0.0030    0.0009    0.0074
       36 H8     1s        -0.1626   -0.1847   -0.0592
       37 H8     2s         0.2263    0.2772    0.1017
       38 H8     2px       -0.0000    0.0000   -0.0000
       39 H8     2py       -0.0000    0.0000    0.0000
       40 H8     2pz        0.0013    0.0028    0.0066
       41 H9     1s        -0.1376   -0.2039   -0.1727
       42 H9     2s         0.1772    0.2813    0.2675
       43 H9     2px       -0.0000    0.0000   -0.0000
       44 H9     2py       -0.0000   -0.0000    0.0000
       45 H9     2pz       -0.0023   -0.0020    0.0034
       46 H10    1s        -0.0810   -0.1379   -0.1543
       47 H10    2s         0.1482    0.2767    0.3666
       48 H10    2px        0.0000    0.0000    0.0000
       49 H10    2py       -0.0000    0.0000   -0.0000
       50 H10    2pz        0.0019    0.0027    0.0026
--
 
 
++    Molecular charges:
      ------------------
 
      Mulliken charges per centre and basis function type
      ---------------------------------------------------
 
                H1      H2      H3      H4      H5      H6      H7      H8      H9      H10   
      1s       0.8825  0.9216  0.9028  0.9083  0.9054  0.9054  0.9083  0.9028  0.9216  0.8825
      2s       0.0908  0.0977  0.0912  0.0928  0.0922  0.0922  0.0928  0.0912  0.0977  0.0908
      2px      0.0000  0.0000  0.0000  0.0000  0.0000  0.0000  0.0000  0.0000  0.0000  0.0000
      2pz      0.0027  0.0030  0.0030  0.0030  0.0030  0.0030  0.0030  0.0030  0.0030  0.0027
      2py      0.0000  0.0000  0.0000  0.0000  0.0000  0.0000  0.0000  0.0000  0.0000  0.0000
      Total    0.9760  1.0224  0.9969  1.0041  1.0006  1.0006  1.0041  0.9969  1.0224  0.9760
 
      N-E      0.0240 -0.0224  0.0031 -0.0041 -0.0006 -0.0006 -0.0041  0.0031 -0.0224  0.0240
 
      Total electronic charge=   10.000000
 
      Total            charge=   -0.000000
--
 
 
  Input file to MOLDEN was generated!
 
 
++    Static properties:
      ------------------
 
 
      LoProp Charges per center
 

                   H1       H2       H3       H4       H5       H6       H7       H8       H9       H10   
      Nuclear      1.0000   1.0000   1.0000   1.0000   1.0000   1.0000   1.0000   1.0000   1.0000   1.0000
      Electronic  -0.9839  -1.0138  -0.9977  -1.0039  -1.0006  -1.0006  -1.0039  -0.9977  -1.0138  -0.9839
 
      Total        0.0161  -0.0138   0.0023  -0.0039  -0.0006  -0.0006  -0.0039   0.0023  -0.0138   0.0161
--
 
 
++    Natural Bond Order analysis
      ---------------------------
      Based on LoProp computed density
      -------------------------------------------------------------------------------------
      Atom A       Atom B       Bond Order
      -------------------------------------------------------------------------------------
      NBO located      0.976 non-bonded electrons on atom H1        
      NBO located      1.003 non-bonded electrons on atom H3        
      NBO located      1.010 non-bonded electrons on atom H4        
      NBO located      1.006 non-bonded electrons on atom H5        
      NBO located      1.006 non-bonded electrons on atom H6        
      NBO located      1.010 non-bonded electrons on atom H7        
      NBO located      1.003 non-bonded electrons on atom H8        
      NBO located      0.976 non-bonded electrons on atom H10       
      The remaining    2.010 electrons are to be considered as diffuse
--
 
 
++    Molecular properties:
      ---------------------
 
      Charge (e):
                      =   -0.0000
      Dipole Moment (Debye):
      Origin of the operator (Ang)=    0.0000    0.0000    0.0000
                   X=  1.9061E-14               Y=  1.2833E-13               Z= -7.4993E-07           Total=  7.4993E-07
      Quadrupole Moment (Debye*Ang):
      Origin of the operator (Ang)=    0.0000    0.0000   12.6273
                  XX= -2.4586E+01              XY= -5.4999E-29              XZ= -3.1467E-13              YY= -2.4586E+01
                  YZ= -1.5403E-12              ZZ=  1.8178E+00
      In traceless form (Debye*Ang)
                  XX= -1.3202E+01              XY= -8.2498E-29              XZ= -4.7200E-13              YY= -1.3202E+01
                  YZ= -2.3105E-12              ZZ=  2.6404E+01
--
 
 
  Input file to MOLDEN was generated!
 
 ###############################################################################
 ###############################################################################
 ###                                                                         ###
 ###                                                                         ###
 ###    RunFile label nBas                                                   ###
 ###    was used       78 times                                              ###
 ###                                                                         ###
 ###                                                                         ###
 ###############################################################################
 ###############################################################################
forrtl: warning (528): IEEE_UNDERFLOW is signaling
--- Stop Module: scf at Tue Oct 28 18:56:10 2025 /rc=_RC_ALL_IS_WELL_ ---
*** files: H10_2.81.LprOrb H10_2.81.LoProp.molden H10_2.81.scf.molden H10_2.81.ScfOrb H10_2.81.scf.h5 xmldump
    saved to directory /home/grierjones/DDCASPT2/hydrogen_comps/rerun/H10_chain/H10_2.81

>>> COPY /tmp/H10_2.81/H10_2.81.scf.h5 /home/grierjones/DDCASPT2/hydrogen_comps/rerun/H10_chain/H10_2.81/

*** symbolic link created: INPORB -> H10_2.81.ScfOrb
--- Start Module: rasscf at Tue Oct 28 18:56:10 2025 ---
 
()()()()()()()()()()()()()()()()()()()()()()()()()()()()()()()()()()()()()()()()()()()()()()()()()()

                                              &RASSCF

                                   only a single process is used
                       available to each process: 2.0 GB of memory, 1 thread?
()()()()()()()()()()()()()()()()()()()()()()()()()()()()()()()()()()()()()()()()()()()()()()()()()()
 
 
      Header of the ONEINT file:
      --------------------------
      
      Integrals generated by seward 4.2.0  , Tue Oct 28 18:56:10 2025
 
 
      OrdInt status: non-squared
 
 
      Cartesian coordinates in Angstrom:
      -----------------------------------------------------
      No.  Label        X            Y            Z        
      -----------------------------------------------------
       1   H1         0.00000000   0.00000000   0.00000000
       2   H2         0.00000000   0.00000000   2.80606100
       3   H3         0.00000000   0.00000000   5.61212100
       4   H4         0.00000000   0.00000000   8.41818200
       5   H5         0.00000000   0.00000000  11.22424200
       6   H6         0.00000000   0.00000000  14.03030300
       7   H7         0.00000000   0.00000000  16.83636400
       8   H8         0.00000000   0.00000000  19.64242400
       9   H9         0.00000000   0.00000000  22.44848500
      10   H10        0.00000000   0.00000000  25.25454500
      -----------------------------------------------------
      Nuclear repulsion energy =    3.63771920
 
++    Wave function specifications:
      -----------------------------
 
      Number of closed shell electrons           0
      Number of electrons in active shells      10
      Max number of holes in RAS1 space          0
      Max nr of electrons in RAS3 space          0
      Number of inactive orbitals                0
      Number of active orbitals                 10
      Number of secondary orbitals              40
      Spin quantum number                      0.0
      State symmetry                             1
--
 
++    Orbital specifications:
      -----------------------
 
      Symmetry species                           1
                                                 a
      Frozen orbitals                            0
      Inactive orbitals                          0
      Active orbitals                           10
      RAS1 orbitals                              0
      RAS2 orbitals                             10
      RAS3 orbitals                              0
      Secondary orbitals                        40
      Deleted orbitals                           0
      Number of basis functions                 50
--
 
++    CI expansion specifications:
      ----------------------------
 
      Number of CSFs                         19404
      Number of determinants                 31878
      Number of root(s) required                 1
      Root chosen for geometry opt.              1
      CI root used                               1
         
      highest root included in the CI            1
      max. size of the explicit Hamiltonian    200
--
 
++    Optimization specifications:
      ----------------------------
 
      RASSCF algorithm: Conventional
      Maximum number of macro iterations       200
      Maximum number of SX iterations          100
      Threshold for RASSCF energy            0.100E-07
      Threshold for max MO rotation          0.100E+00
      Threshold for max BLB element          0.100E-03
      Level shift parameter                  0.500E+00
      Make Quasi-Newton update
--
 
      Orbitals from runfile: scf orbitals
      The MO-coefficients are taken from scf orbitals on runfile
 
      Total molecular charge    0.00
 
      ************************************************************************************************************************
      *                                                                                                                      *
      *                                            Wave function control section                                             *
      *                                                                                                                      *
      ************************************************************************************************************************
 
 
                                         RASSCF iterations: Energy and convergence statistics
                                         ----------------------------------------------------
 
      Iter CI   SX   CI       RASSCF       Energy    max ROT     max BLB   max BLB  Level Ln srch  Step   QN   Walltime
          iter iter root      energy       change     param      element    value   shift minimum  type update hh:mm:ss
 Nr of preliminary CI iterations:   9
        1   1   55    1    -4.86884128    0.00E+00   0.13E+00*   6  16 1  0.90E-01*  0.00   0.00    SX    NO    0:00:00
        2   5    7    1    -4.98204165   -0.11E+00* -0.37E-01    1  11 1  0.24E-01*  0.00   0.00    SX    NO    0:00:00
        3   1    5    1    -4.99001315   -0.80E-02* -0.64E-02   10  36 1 -0.50E-02*  0.01   0.00    SX    NO    0:00:00
        4   5    4    1    -4.99028883   -0.28E-03* -0.41E-02    1  11 1  0.26E-02*  0.01   0.00    SX    NO    0:00:00
        No convergence in the CI section: MAXJT will be increased to 
 72
        5  60    4    1    -4.99057913   -0.29E-03*  0.80E-03    1  11 1 -0.78E-03*  0.01   0.99    QN   YES    0:00:03
        6   9    4    1    -4.99059349   -0.14E-04*  0.15E-03   10  36 1 -0.11E-03*  0.01   1.02    QN   YES    0:00:00
        7  66    4    1    -4.99060193   -0.84E-05*  0.23E-03    5  17 1 -0.52E-04   0.01   1.00    QN   YES    0:00:03
        8  16    4    1    -4.99060214   -0.21E-06* -0.15E-03    6  16 1  0.98E-04   0.01   0.79    QN   YES    0:00:00
        9  90    3    1    -4.99060257   -0.43E-06* -0.20E-04    6  16 1 -0.15E-04   0.01   0.98    QN   YES    0:00:04
       10   1    3    1    -4.99060257   -0.21E-08   0.17E-05    2  18 1 -0.13E-05   0.01   0.99    QN   YES    0:00:00
      Convergence after 10 iterations
 
  Dmat in MO in SXCTL bf call to SXHAM                                                                                    
  mat. size =    10x   10
 
        1.2483560851169919
        0.0000000242002542      1.2256931055626092
        0.0035762195830606      0.0000000569720143      1.1896040434630073
       -0.0000000177009758      0.0064665097065223      0.0000000564412722      1.1429161218304151
        0.0014177759508638     -0.0000000815764164      0.0073261152436842      0.0000002122580414      1.0908440859675406
       -0.0000000953836699      0.0011023120774328      0.0000001910363415     -0.0141759217198879      0.0000000067186028
        0.9114462558602746
        0.0008031600857597      0.0000001092488957     -0.0154478747865127      0.0000000625502779      0.0161087266029288
       -0.0000002289476829      0.8588724661730147
        0.0000002480107723     -0.0129201377903015      0.0000000043041256      0.0173873730979530     -0.0000001953728620
       -0.0033302347447366     -0.0000000845651166      0.8103817981841636
       -0.0084553165481910     -0.0000000406053890      0.0140020190090334     -0.0000000509107649      0.0011786210867153
        0.0000000204261660     -0.0029139348142330     -0.0000000441848320      0.7726828668079302
       -0.0000000100450350      0.0086291195110578     -0.0000001277320292      0.0011058673666722      0.0000000270494674
       -0.0008810452201427      0.0000000018704138     -0.0011983791270551     -0.0000000166043263      0.7492031710342190
       11   1    3    1    -4.99060257   -0.15E-10   0.17E-05    4  14 1  0.37E-06   0.01   0.99    QN   YES    0:00:00
 
      ************************************************************************************************************************
                                                      Wave function printout:
                       occupation of active orbitals, and spin coupling of open shells (u,d: Spin up or down)
      ************************************************************************************************************************
 
      Note: transformation to natural orbitals
      has been made, which may change the order of the CSFs.
 
      printout of CI-coefficients larger than  0.05 for root  1
      energy=      -4.990603
      conf/sym  1111111111     Coeff  Weight
             1  2222200000  -0.22667 0.05138
            27  2222020000   0.12125 0.01470
            43  222udud000  -0.13353 0.01783
            60  22u2du0d00   0.10902 0.01189
            78  2u22du00d0  -0.09694 0.00940
            94  u222d0u0d0   0.05593 0.00313
            97  u222du000d   0.11564 0.01337
           104  2220202000   0.08565 0.00734
           121  22ud20ud00  -0.10636 0.01131
           139  2u2d20u0d0   0.10514 0.01105
           142  2u2d2u000d   0.05602 0.00314
           158  u22d20u00d  -0.08946 0.00800
           167  2202200200   0.07629 0.00582
           185  2ud2200ud0  -0.09428 0.00889
           204  u2d2200u0d   0.08803 0.00775
           216  2022200020   0.06701 0.00449
           235  ud222000ud  -0.09131 0.00834
           251  0222200002   0.07177 0.00515
          1952  2220022000  -0.07875 0.00620
          2003  22ud02ud00   0.08305 0.00690
          2058  2u2d02u0d0  -0.07760 0.00602
          2122  u22d02u00d   0.06987 0.00488
          2155  2202020200  -0.05961 0.00355
          2210  2ud2020ud0   0.06856 0.00470
          2274  u2d2020u0d  -0.06068 0.00368
          2316  2022020020  -0.05093 0.00259
          2380  ud220200ud   0.06043 0.00365
          2442  0222020002  -0.05429 0.00295
          2454  22u0du2d00  -0.07107 0.00505
          2509  2u20du20d0   0.05804 0.00337
          2573  u220du200d  -0.06236 0.00389
          2606  220udud200   0.06317 0.00399
          2661  2udududud0  -0.07982 0.00637
          2725  u2dududu0d   0.07294 0.00532
          2767  202udud020   0.05396 0.00291
          2831  ud2udud0ud  -0.06967 0.00485
          2893  022udud002   0.05595 0.00313
          2913  2uudduudd0  -0.07306 0.00534
          2977  u2udduud0d   0.06751 0.00456
          3036  uu2dduu0dd  -0.08132 0.00661
          3128  u202du020d  -0.06053 0.00366
          3233  udu2du0dud   0.06544 0.00428
          3337  uud2du0udd   0.06132 0.00376
          3389  u022du002d  -0.05170 0.00267
          3457  2200202200  -0.05134 0.00264
          3512  2ud0202ud0   0.05544 0.00307
          3618  2020202020  -0.05053 0.00255
          3765  2u0d20u2d0  -0.06419 0.00412
          3870  20ud20ud20   0.05035 0.00254
          3934  udud20udud  -0.06775 0.00459
          3996  02ud20ud02   0.05156 0.00266
          4038  uudd20uudd  -0.06460 0.00417
          4149  0u2d20u0d2  -0.05224 0.00273
          4341  u0d2200u2d  -0.05025 0.00253
          4400  0ud2200ud2   0.05083 0.00258
         12202  2200022200   0.05636 0.00318
         12253  2ud0022ud0  -0.06065 0.00368
         12312  u2d0022u0d   0.05681 0.00323
         12504  2u0d02u2d0   0.05716 0.00327
         12607  20ud02ud20  -0.05191 0.00269
         12666  udud02udud   0.06454 0.00417
         12771  uudd02uudd   0.06116 0.00374
         12888  0u2d02u0d2   0.05344 0.00286
         13367  udu0du2dud  -0.05691 0.00324
         13472  uud0du2udd  -0.05275 0.00278
         13669  ud0udud2ud   0.05511 0.00304
         13777  u0dududu2d  -0.05376 0.00289
         13841  0udududud2   0.05544 0.00307
         13923  uu0dduu2dd   0.06418 0.00412
         14043  0uudduudd2   0.05072 0.00257
         18944  ud000222ud   0.06007 0.00361
         18975  u0d0022u2d  -0.05355 0.00287
         18994  0ud0022ud2   0.05403 0.00292
         19040  0u0d02u2d2  -0.05510 0.00304
         19058  00ud02ud22   0.05160 0.00266
         19082  u000du222d  -0.05773 0.00333
         19136  000udud222   0.05415 0.00293
         19404  0000022222   0.07555 0.00571
 
      Natural orbitals and occupation numbers for root  1
      sym 1:   1.248716   1.226677   1.191045   1.144307   1.091554   0.910626   0.857057   0.809008   0.771987   0.749022

 
      ************************************************************************************************************************
      *                                                                                                                      *
      *                                                    Final results                                                     *
      *                                                                                                                      *
      ************************************************************************************************************************
 
 
++    Wave function specifications:
      -----------------------------
 
      Number of closed shell electrons           0
      Number of electrons in active shells      10
      Max number of holes in RAS1 space          0
      Max nr of electrons in RAS3 space          0
      Number of inactive orbitals                0
      Number of active orbitals                 10
      Number of secondary orbitals              40
      Spin quantum number                      0.0
      State symmetry                             1
--
 
++    Orbital specifications:
      -----------------------
 
      Symmetry species                           1
                                                 a
      Frozen orbitals                            0
      Inactive orbitals                          0
      Active orbitals                           10
      RAS1 orbitals                              0
      RAS2 orbitals                             10
      RAS3 orbitals                              0
      Secondary orbitals                        40
      Deleted orbitals                           0
      Number of basis functions                 50
--
 
++    CI expansion specifications:
      ----------------------------
 
      Number of CSFs                         19404
      Number of determinants                 31878
      Number of root(s) required                 1
      CI root used                               1
      highest root included in the CI            1
      Root passed to geometry opt.               1
--
 
++    Final optimization conditions:
      ------------------------------
 
      Average CI energy                              -4.99060257
      RASSCF energy for state  1                     -4.99060257
      Super-CI energy                                -0.00000000
      RASSCF energy change                            0.00000000
      Max change in MO coefficients               0.144E-05
      Max non-diagonal density matrix element     0.172E-05
      Maximum BLB matrix element                  0.367E-06
      (orbital pair   4,  14 in symmetry   1)
      Norm of electronic gradient            0.907E-06
--
 
 
      Final state energy(ies):
      ------------------------
 
::    RASSCF root number  1 Total energy:     -4.99060257
 
++    Molecular orbitals:
      -------------------
 
      Pseudonatural active orbitals and approximate occupation numbers
 
 
 
 
      Molecular orbitals for symmetry species 1: a  
 
 
      Orbital                1         2         3         4         5         6         7         8         9        10
      Energy            0.0000    0.0000    0.0000    0.0000    0.0000    0.0000    0.0000    0.0000    0.0000    0.0000
      Occ. No.          1.2487    1.2267    1.1910    1.1443    1.0916    0.9106    0.8571    0.8090    0.7720    0.7490
 
    1 H1     1s         0.1573   -0.2878    0.3661   -0.3679    0.2684   -0.2849    0.4042   -0.4150    0.3350   -0.1866
    2 H1     2s         0.0118   -0.0219    0.0283   -0.0293    0.0222   -0.0285    0.0437   -0.0487    0.0421   -0.0246
    3 H1     2px       -0.0000   -0.0000    0.0000   -0.0000    0.0000    0.0000    0.0000   -0.0000   -0.0000   -0.0000
    4 H1     2py       -0.0000    0.0000   -0.0000    0.0000   -0.0000   -0.0000    0.0000   -0.0000    0.0000   -0.0000
    5 H1     2pz        0.0003   -0.0004    0.0004   -0.0002    0.0001   -0.0004    0.0010   -0.0016    0.0018   -0.0012
    6 H2     1s         0.2181   -0.3641    0.3925   -0.3025    0.1455    0.1294   -0.3136    0.4488   -0.4457    0.2784
    7 H2     2s         0.0141   -0.0266    0.0342   -0.0328    0.0207    0.0075   -0.0326    0.0591   -0.0673    0.0454
    8 H2     2px       -0.0000    0.0000   -0.0000    0.0000   -0.0000    0.0000   -0.0000   -0.0000    0.0000    0.0000
    9 H2     2py       -0.0000    0.0000   -0.0000    0.0000   -0.0000   -0.0000   -0.0000   -0.0000    0.0000   -0.0000
   10 H2     2pz        0.0004   -0.0003   -0.0000    0.0004   -0.0003   -0.0004    0.0008   -0.0007    0.0001    0.0002
   11 H3     1s         0.3023   -0.3495    0.0904    0.2668   -0.3925    0.4111   -0.2795   -0.1259    0.4350   -0.3779
   12 H3     2s         0.0216   -0.0237    0.0016    0.0287   -0.0392    0.0462   -0.0315   -0.0223    0.0684   -0.0607
   13 H3     2px        0.0000   -0.0000    0.0000    0.0000   -0.0000   -0.0000   -0.0000    0.0000    0.0000   -0.0000
   14 H3     2py        0.0000   -0.0000   -0.0000    0.0000    0.0000    0.0000   -0.0000   -0.0000    0.0000    0.0000
   15 H3     2pz       -0.0001    0.0004   -0.0006    0.0003    0.0001    0.0003   -0.0010    0.0008    0.0003   -0.0009
   16 H4     1s         0.3392   -0.2870   -0.0995    0.3882   -0.2943   -0.2944    0.4356   -0.1332   -0.3439    0.4298
   17 H4     2s         0.0229   -0.0233   -0.0034    0.0330   -0.0327   -0.0292    0.0563   -0.0229   -0.0511    0.0705
   18 H4     2px        0.0000   -0.0000   -0.0000    0.0000    0.0000    0.0000    0.0000   -0.0000   -0.0000   -0.0000
   19 H4     2py       -0.0000   -0.0000   -0.0000   -0.0000    0.0000   -0.0000    0.0000    0.0000   -0.0000   -0.0000
   20 H4     2pz        0.0003    0.0001   -0.0006    0.0002    0.0001    0.0007   -0.0003   -0.0009    0.0011   -0.0003
   21 H5     1s         0.3689   -0.0677   -0.3669    0.1199    0.3945   -0.4067   -0.1519    0.4281    0.0954   -0.4646
   22 H5     2s         0.0256   -0.0017   -0.0301    0.0055    0.0407   -0.0438   -0.0240    0.0599    0.0176   -0.0757
   23 H5     2px       -0.0000    0.0000    0.0000    0.0000   -0.0000   -0.0000   -0.0000   -0.0000    0.0000    0.0000
   24 H5     2py        0.0000   -0.0000   -0.0000   -0.0000   -0.0000   -0.0000   -0.0000    0.0000    0.0000    0.0000
   25 H5     2pz       -0.0002    0.0005    0.0000   -0.0005    0.0000   -0.0006    0.0007    0.0008   -0.0009   -0.0006
   26 H6     1s         0.3689    0.0677   -0.3669   -0.1199    0.3945    0.4067   -0.1519   -0.4281    0.0954    0.4646
   27 H6     2s         0.0256    0.0017   -0.0301   -0.0055    0.0407    0.0438   -0.0240   -0.0599    0.0176    0.0757
   28 H6     2px        0.0000    0.0000   -0.0000   -0.0000    0.0000   -0.0000    0.0000    0.0000   -0.0000    0.0000
   29 H6     2py       -0.0000   -0.0000   -0.0000    0.0000    0.0000   -0.0000    0.0000   -0.0000   -0.0000    0.0000
   30 H6     2pz        0.0002    0.0005   -0.0000   -0.0005   -0.0000   -0.0006   -0.0007    0.0008    0.0009   -0.0006
   31 H7     1s         0.3392    0.2870   -0.0995   -0.3882   -0.2943    0.2944    0.4357    0.1332   -0.3439   -0.4298
   32 H7     2s         0.0229    0.0233   -0.0034   -0.0330   -0.0327    0.0292    0.0563    0.0229   -0.0511   -0.0705
   33 H7     2px       -0.0000   -0.0000    0.0000    0.0000    0.0000    0.0000    0.0000   -0.0000   -0.0000   -0.0000
   34 H7     2py        0.0000   -0.0000   -0.0000   -0.0000    0.0000    0.0000    0.0000    0.0000   -0.0000   -0.0000
   35 H7     2pz       -0.0003    0.0001    0.0006    0.0002   -0.0001    0.0007    0.0003   -0.0009   -0.0011   -0.0003
   36 H8     1s         0.3023    0.3495    0.0904   -0.2668   -0.3925   -0.4111   -0.2795    0.1259    0.4350    0.3779
   37 H8     2s         0.0216    0.0237    0.0016   -0.0287   -0.0392   -0.0462   -0.0315    0.0223    0.0684    0.0607
   38 H8     2px        0.0000    0.0000    0.0000   -0.0000    0.0000   -0.0000   -0.0000   -0.0000    0.0000    0.0000
   39 H8     2py       -0.0000    0.0000    0.0000    0.0000   -0.0000   -0.0000   -0.0000    0.0000    0.0000    0.0000
   40 H8     2pz        0.0001    0.0004    0.0006    0.0003   -0.0001    0.0003    0.0010    0.0008   -0.0003   -0.0009
   41 H9     1s         0.2181    0.3641    0.3925    0.3025    0.1455   -0.1294   -0.3136   -0.4488   -0.4457   -0.2784
   42 H9     2s         0.0141    0.0266    0.0342    0.0328    0.0207   -0.0075   -0.0326   -0.0591   -0.0673   -0.0454
   43 H9     2px       -0.0000    0.0000   -0.0000   -0.0000   -0.0000    0.0000    0.0000    0.0000   -0.0000    0.0000
   44 H9     2py        0.0000    0.0000   -0.0000   -0.0000    0.0000   -0.0000    0.0000   -0.0000   -0.0000    0.0000
   45 H9     2pz       -0.0004   -0.0003    0.0000    0.0004    0.0003   -0.0004   -0.0008   -0.0007   -0.0001    0.0002
   46 H10    1s         0.1573    0.2878    0.3661    0.3679    0.2684    0.2849    0.4042    0.4150    0.3350    0.1866
   47 H10    2s         0.0118    0.0219    0.0283    0.0293    0.0222    0.0285    0.0437    0.0487    0.0421    0.0246
   48 H10    2px        0.0000   -0.0000    0.0000   -0.0000    0.0000   -0.0000   -0.0000   -0.0000    0.0000   -0.0000
   49 H10    2py       -0.0000   -0.0000    0.0000   -0.0000   -0.0000   -0.0000   -0.0000    0.0000    0.0000   -0.0000
   50 H10    2pz       -0.0003   -0.0004   -0.0004   -0.0002   -0.0001   -0.0004   -0.0010   -0.0016   -0.0018   -0.0012
 
 
      Orbital               11        12        13        14        15        16        17        18        19        20
      Energy            0.3242    0.3315    0.3451    0.3664    0.3973    0.4393    0.4985    0.5743    0.6639    0.7545
      Occ. No.          0.0000    0.0000    0.0000    0.0000    0.0000    0.0000    0.0000    0.0000    0.0000    0.0000
 
    1 H1     1s        -0.0597    0.0949   -0.0948    0.0634   -0.0118   -0.0452    0.0958   -0.1252    0.1217   -0.1002
    2 H1     2s         0.1555   -0.2820    0.3694   -0.4234    0.4528   -0.4535    0.4302   -0.3836    0.2986   -0.2128
    3 H1     2px       -0.0000    0.0000   -0.0000    0.0000   -0.0000   -0.0000    0.0000   -0.0000    0.0000   -0.0000
    4 H1     2py        0.0000    0.0000   -0.0000    0.0000   -0.0000    0.0000   -0.0000    0.0000   -0.0000    0.0000
    5 H1     2pz       -0.0003    0.0003   -0.0005    0.0022   -0.0079    0.0205   -0.0453    0.0882   -0.1551    0.2987
    6 H2     1s        -0.1056    0.1526   -0.1259    0.0586   -0.0036    0.0023   -0.0621    0.1433   -0.1752    0.1257
    7 H2     2s         0.1875   -0.2926    0.2764   -0.1461   -0.0668    0.3076   -0.5266    0.6439   -0.5775    0.3608
    8 H2     2px        0.0000   -0.0000    0.0000    0.0000   -0.0000    0.0000   -0.0000    0.0000   -0.0000    0.0000
    9 H2     2py        0.0000    0.0000    0.0000    0.0000    0.0000    0.0000   -0.0000    0.0000   -0.0000   -0.0000
   10 H2     2pz        0.0006    0.0002   -0.0049    0.0155   -0.0317    0.0460   -0.0446    0.0055    0.0948   -0.3176
   11 H3     1s        -0.1260    0.1364   -0.0356   -0.0644    0.0710   -0.0094   -0.0075   -0.0886    0.1948   -0.1464
   12 H3     2s         0.2332   -0.2812    0.0969    0.2038   -0.4235    0.3840   -0.0435   -0.4165    0.6447   -0.4123
   13 H3     2px       -0.0000    0.0000   -0.0000   -0.0000    0.0000   -0.0000    0.0000    0.0000   -0.0000    0.0000
   14 H3     2py        0.0000   -0.0000    0.0000   -0.0000   -0.0000    0.0000    0.0000    0.0000    0.0000   -0.0000
   15 H3     2pz        0.0007    0.0011   -0.0066    0.0115   -0.0021   -0.0346    0.0939   -0.1243    0.0419    0.2448
   16 H4     1s        -0.1423    0.0991    0.0569   -0.1101    0.0295    0.0074    0.0587   -0.0296   -0.1503    0.1543
   17 H4     2s         0.2637   -0.1983   -0.1453    0.3694   -0.1568   -0.3340    0.5643   -0.1407   -0.4932    0.4272
   18 H4     2px       -0.0000   -0.0000    0.0000    0.0000   -0.0000   -0.0000   -0.0000    0.0000    0.0000    0.0000
   19 H4     2py        0.0000    0.0000    0.0000    0.0000   -0.0000   -0.0000    0.0000    0.0000    0.0000    0.0000
   20 H4     2pz        0.0005    0.0024   -0.0068   -0.0001    0.0260   -0.0387   -0.0249    0.1562   -0.1769   -0.1490
   21 H5     1s        -0.1509    0.0339    0.1262   -0.0515   -0.0576    0.0088   -0.0335    0.1294    0.0556   -0.1564
   22 H5     2s         0.2789   -0.0728   -0.3060    0.1834    0.3349   -0.3584   -0.3387    0.5902    0.1844   -0.4316
   23 H5     2px        0.0000    0.0000   -0.0000   -0.0000   -0.0000    0.0000   -0.0000    0.0000    0.0000   -0.0000
   24 H5     2py        0.0000    0.0000    0.0000    0.0000   -0.0000   -0.0000    0.0000   -0.0000    0.0000   -0.0000
   25 H5     2pz        0.0000    0.0033   -0.0024   -0.0131    0.0167    0.0363   -0.0763   -0.0698    0.2579    0.0498
   26 H6     1s        -0.1509   -0.0339    0.1262    0.0515   -0.0576   -0.0088   -0.0335   -0.1294    0.0556    0.1564
   27 H6     2s         0.2789    0.0728   -0.3060   -0.1834    0.3349    0.3584   -0.3387   -0.5902    0.1844    0.4316
   28 H6     2px        0.0000   -0.0000   -0.0000    0.0000    0.0000   -0.0000   -0.0000   -0.0000   -0.0000   -0.0000
   29 H6     2py        0.0000    0.0000    0.0000   -0.0000   -0.0000    0.0000   -0.0000    0.0000    0.0000   -0.0000
   30 H6     2pz       -0.0000    0.0033    0.0024   -0.0131   -0.0167    0.0363    0.0763   -0.0698   -0.2579    0.0498
   31 H7     1s        -0.1423   -0.0991    0.0569    0.1101    0.0295   -0.0074    0.0587    0.0296   -0.1503   -0.1543
   32 H7     2s         0.2637    0.1983   -0.1453   -0.3694   -0.1568    0.3340    0.5643    0.1407   -0.4932   -0.4272
   33 H7     2px       -0.0000    0.0000   -0.0000   -0.0000    0.0000   -0.0000   -0.0000    0.0000    0.0000    0.0000
   34 H7     2py       -0.0000    0.0000    0.0000    0.0000   -0.0000   -0.0000   -0.0000    0.0000    0.0000    0.0000
   35 H7     2pz       -0.0005    0.0024    0.0068   -0.0001   -0.0260   -0.0387    0.0249    0.1562    0.1769   -0.1490
   36 H8     1s        -0.1260   -0.1364   -0.0356    0.0644    0.0710    0.0094   -0.0075    0.0886    0.1948    0.1464
   37 H8     2s         0.2332    0.2812    0.0969   -0.2038   -0.4235   -0.3840   -0.0435    0.4165    0.6447    0.4123
   38 H8     2px       -0.0000   -0.0000   -0.0000    0.0000   -0.0000    0.0000    0.0000   -0.0000   -0.0000   -0.0000
   39 H8     2py       -0.0000    0.0000    0.0000   -0.0000   -0.0000    0.0000    0.0000   -0.0000   -0.0000    0.0000
   40 H8     2pz       -0.0007    0.0011    0.0066    0.0115    0.0021   -0.0346   -0.0939   -0.1243   -0.0419    0.2448
   41 H9     1s        -0.1056   -0.1526   -0.1259   -0.0586   -0.0036   -0.0023   -0.0621   -0.1433   -0.1752   -0.1257
   42 H9     2s         0.1875    0.2926    0.2764    0.1461   -0.0668   -0.3076   -0.5266   -0.6439   -0.5775   -0.3608
   43 H9     2px       -0.0000   -0.0000    0.0000   -0.0000    0.0000    0.0000    0.0000   -0.0000    0.0000   -0.0000
   44 H9     2py       -0.0000   -0.0000    0.0000    0.0000    0.0000    0.0000    0.0000    0.0000    0.0000   -0.0000
   45 H9     2pz       -0.0006    0.0002    0.0049    0.0155    0.0317    0.0460    0.0446    0.0055   -0.0948   -0.3176
   46 H10    1s        -0.0597   -0.0949   -0.0948   -0.0634   -0.0118    0.0452    0.0958    0.1252    0.1217    0.1002
   47 H10    2s         0.1555    0.2820    0.3694    0.4234    0.4528    0.4535    0.4302    0.3836    0.2986    0.2128
   48 H10    2px        0.0000    0.0000    0.0000    0.0000   -0.0000    0.0000    0.0000   -0.0000   -0.0000    0.0000
   49 H10    2py       -0.0000    0.0000   -0.0000   -0.0000   -0.0000    0.0000    0.0000   -0.0000   -0.0000    0.0000
   50 H10    2pz        0.0003    0.0003    0.0005    0.0022    0.0079    0.0205    0.0453    0.0882    0.1551    0.2987
 
 
      Orbital               21        22        23        24        25        26        27        28        29        30
      Energy            0.7789    0.8825    0.8825    0.8902    0.8902    0.9026    0.9026    0.9188    0.9188    0.9378
      Occ. No.          0.0000    0.0000    0.0000    0.0000    0.0000    0.0000    0.0000    0.0000    0.0000    0.0000
 
    1 H1     1s         0.0652    0.0000   -0.0000   -0.0000    0.0000   -0.0000   -0.0000    0.0000    0.0000   -0.0000
    2 H1     2s         0.1329    0.0000    0.0000   -0.0000    0.0000   -0.0000    0.0000    0.0000   -0.0000   -0.0000
    3 H1     2px        0.0000   -0.0488    0.1035    0.0337   -0.2178    0.1668    0.2621   -0.3542   -0.1335    0.3988
    4 H1     2py       -0.0000    0.1035    0.0488   -0.2178   -0.0337   -0.2621    0.1668    0.1335   -0.3542   -0.1209
    5 H1     2pz       -0.2739    0.0000   -0.0000   -0.0000    0.0000   -0.0000   -0.0000    0.0000    0.0000   -0.0000
    6 H2     1s        -0.0625    0.0000    0.0000   -0.0000   -0.0000    0.0000    0.0000   -0.0000   -0.0000    0.0000
    7 H2     2s        -0.1806   -0.0000    0.0000    0.0000   -0.0000    0.0000    0.0000   -0.0000   -0.0000    0.0000
    8 H2     2px       -0.0000   -0.0951    0.2017    0.0576   -0.3726    0.2227    0.3500   -0.3027   -0.1141    0.1231
    9 H2     2py        0.0000    0.2017    0.0951   -0.3726   -0.0576   -0.3500    0.2227    0.1141   -0.3027   -0.0373
   10 H2     2pz        0.3176   -0.0000    0.0000    0.0000   -0.0000    0.0000    0.0000   -0.0000   -0.0000    0.0000
   11 H3     1s         0.0517   -0.0000   -0.0000    0.0000    0.0000   -0.0000   -0.0000    0.0000    0.0000   -0.0000
   12 H3     2s         0.1459   -0.0000   -0.0000    0.0000    0.0000   -0.0000   -0.0000    0.0000    0.0000   -0.0000
   13 H3     2px       -0.0000   -0.1333    0.2828    0.0630   -0.4070    0.1226    0.1927    0.1079    0.0407   -0.3676
   14 H3     2py        0.0000    0.2828    0.1333   -0.4070   -0.0630   -0.1927    0.1226   -0.0407    0.1079    0.1114
   15 H3     2pz       -0.2957    0.0000   -0.0000   -0.0000    0.0000   -0.0000   -0.0000    0.0000    0.0000   -0.0000
   16 H4     1s        -0.0326    0.0000    0.0000   -0.0000   -0.0000    0.0000    0.0000   -0.0000   -0.0000    0.0000
   17 H4     2s        -0.0881    0.0000    0.0000   -0.0000   -0.0000    0.0000    0.0000   -0.0000   -0.0000    0.0000
   18 H4     2px        0.0000   -0.1605    0.3404    0.0482   -0.3114   -0.0621   -0.0976    0.3898    0.1469   -0.2235
   19 H4     2py        0.0000    0.3404    0.1605   -0.3114   -0.0482    0.0976   -0.0621   -0.1469    0.3898    0.0677
   20 H4     2pz        0.2700   -0.0000    0.0000    0.0000    0.0000   -0.0000    0.0000    0.0000   -0.0000   -0.0000
   21 H5     1s         0.0106   -0.0000   -0.0000    0.0000    0.0000   -0.0000   -0.0000    0.0000    0.0000   -0.0000
   22 H5     2s         0.0290    0.0000   -0.0000    0.0000    0.0000   -0.0000   -0.0000    0.0000    0.0000   -0.0000
   23 H5     2px       -0.0000   -0.1746    0.3704    0.0179   -0.1158   -0.2044   -0.3212    0.2131    0.0803    0.3073
   24 H5     2py       -0.0000    0.3704    0.1746   -0.1158   -0.0179    0.3212   -0.2044   -0.0803    0.2131   -0.0932
   25 H5     2pz       -0.2564    0.0000   -0.0000   -0.0000   -0.0000   -0.0000    0.0000   -0.0000   -0.0000    0.0000
   26 H6     1s         0.0106   -0.0000    0.0000   -0.0000   -0.0000    0.0000    0.0000   -0.0000   -0.0000    0.0000
   27 H6     2s         0.0290   -0.0000    0.0000   -0.0000   -0.0000    0.0000    0.0000   -0.0000   -0.0000    0.0000
   28 H6     2px        0.0000   -0.1746    0.3704   -0.0179    0.1158   -0.2044   -0.3212   -0.2131   -0.0803    0.3073
   29 H6     2py       -0.0000    0.3704    0.1746    0.1158    0.0179    0.3212   -0.2044    0.0803   -0.2131   -0.0932
   30 H6     2pz        0.2564   -0.0000    0.0000    0.0000    0.0000    0.0000   -0.0000    0.0000    0.0000   -0.0000
   31 H7     1s        -0.0326    0.0000   -0.0000   -0.0000    0.0000   -0.0000   -0.0000    0.0000    0.0000   -0.0000
   32 H7     2s        -0.0881    0.0000   -0.0000    0.0000    0.0000   -0.0000   -0.0000    0.0000    0.0000   -0.0000
   33 H7     2px        0.0000   -0.1605    0.3404   -0.0482    0.3114   -0.0621   -0.0976   -0.3898   -0.1469   -0.2235
   34 H7     2py       -0.0000    0.3404    0.1605    0.3114    0.0482    0.0976   -0.0621    0.1469   -0.3898    0.0677
   35 H7     2pz       -0.2700   -0.0000    0.0000   -0.0000   -0.0000   -0.0000    0.0000   -0.0000   -0.0000    0.0000
   36 H8     1s         0.0517   -0.0000    0.0000   -0.0000   -0.0000    0.0000    0.0000   -0.0000   -0.0000    0.0000
   37 H8     2s         0.1459   -0.0000    0.0000   -0.0000   -0.0000    0.0000    0.0000   -0.0000   -0.0000    0.0000
   38 H8     2px       -0.0000   -0.1333    0.2828   -0.0630    0.4070    0.1226    0.1927   -0.1079   -0.0407   -0.3676
   39 H8     2py       -0.0000    0.2828    0.1333    0.4070    0.0630   -0.1927    0.1226    0.0407   -0.1079    0.1114
   40 H8     2pz        0.2957    0.0000   -0.0000    0.0000    0.0000   -0.0000   -0.0000    0.0000    0.0000   -0.0000
   41 H9     1s        -0.0625    0.0000   -0.0000    0.0000    0.0000   -0.0000   -0.0000    0.0000    0.0000   -0.0000
   42 H9     2s        -0.1806    0.0000   -0.0000   -0.0000    0.0000   -0.0000   -0.0000    0.0000    0.0000   -0.0000
   43 H9     2px       -0.0000   -0.0951    0.2017   -0.0576    0.3726    0.2227    0.3500    0.3027    0.1141    0.1231
   44 H9     2py       -0.0000    0.2017    0.0951    0.3726    0.0576   -0.3500    0.2227   -0.1141    0.3027   -0.0373
   45 H9     2pz       -0.3176   -0.0000    0.0000   -0.0000   -0.0000    0.0000    0.0000   -0.0000   -0.0000    0.0000
   46 H10    1s         0.0652    0.0000    0.0000   -0.0000   -0.0000   -0.0000    0.0000   -0.0000   -0.0000    0.0000
   47 H10    2s         0.1329   -0.0000    0.0000    0.0000    0.0000    0.0000   -0.0000   -0.0000    0.0000    0.0000
   48 H10    2px       -0.0000   -0.0488    0.1035   -0.0337    0.2178    0.1668    0.2621    0.3542    0.1335    0.3988
   49 H10    2py       -0.0000    0.1035    0.0488    0.2178    0.0337   -0.2621    0.1668   -0.1335    0.3542   -0.1209
   50 H10    2pz        0.2739    0.0000   -0.0000    0.0000    0.0000   -0.0000   -0.0000    0.0000    0.0000   -0.0000
 
 
      Orbital               31        32        33        34        35        36        37        38        39        40
      Energy            0.9378    0.9582    0.9582    0.9760    0.9781    0.9781    0.9960    0.9960    1.0013    1.0102
      Occ. No.          0.0000    0.0000    0.0000    0.0000    0.0000    0.0000    0.0000    0.0000    0.0000    0.0000
 
    1 H1     1s        -0.0000    0.0000   -0.0000    0.0447    0.0000   -0.0000    0.0000    0.0000   -0.0674    0.0000
    2 H1     2s         0.0000    0.0000   -0.0000    0.0965    0.0000   -0.0000    0.0000    0.0000   -0.1519    0.0000
    3 H1     2px        0.1209   -0.4227    0.0352   -0.0000    0.3970    0.0306   -0.3348   -0.0239   -0.0000    0.2418
    4 H1     2py        0.3988   -0.0352   -0.4227    0.0000   -0.0306    0.3970    0.0239   -0.3348   -0.0000    0.0163
    5 H1     2pz       -0.0000    0.0000   -0.0000    0.1688    0.0000   -0.0000    0.0000    0.0000   -0.2636    0.0000
    6 H2     1s         0.0000   -0.0000    0.0000   -0.1442   -0.0000    0.0000   -0.0000   -0.0000    0.1942   -0.0000
    7 H2     2s         0.0000   -0.0000    0.0000   -0.3364   -0.0000    0.0000   -0.0000   -0.0000    0.4632   -0.0000
    8 H2     2px        0.0373    0.1121   -0.0093    0.0000   -0.3202   -0.0247    0.4286    0.0306    0.0000   -0.3987
    9 H2     2py        0.1231    0.0093    0.1121   -0.0000    0.0247   -0.3202   -0.0306    0.4286    0.0000   -0.0268
   10 H2     2pz        0.0000   -0.0000   -0.0000   -0.2364   -0.0000    0.0000   -0.0000   -0.0000    0.2935   -0.0000
   11 H3     1s        -0.0000    0.0000   -0.0000    0.2623    0.0000   -0.0000    0.0000    0.0000   -0.2811    0.0000
   12 H3     2s        -0.0000    0.0000   -0.0000    0.6252    0.0000   -0.0000    0.0000    0.0000   -0.6840    0.0000
   13 H3     2px       -0.1114    0.3910   -0.0325    0.0000   -0.1278   -0.0098   -0.2304   -0.0165    0.0000    0.4317
   14 H3     2py       -0.3676    0.0325    0.3910    0.0000    0.0098   -0.1278    0.0165   -0.2304    0.0000    0.0291
   15 H3     2pz       -0.0000    0.0000   -0.0000    0.2179    0.0000   -0.0000   -0.0000    0.0000   -0.0946    0.0000
   16 H4     1s         0.0000   -0.0000    0.0000   -0.3605   -0.0000    0.0000   -0.0000   -0.0000    0.2508   -0.0000
   17 H4     2s         0.0000   -0.0000    0.0000   -0.8668   -0.0000    0.0000   -0.0000   -0.0000    0.6141   -0.0000
   18 H4     2px       -0.0677   -0.2285    0.0190   -0.0000    0.4261    0.0328   -0.1240   -0.0089   -0.0000   -0.3293
   19 H4     2py       -0.2235   -0.0190   -0.2285    0.0000   -0.0328    0.4261    0.0089   -0.1240   -0.0000   -0.0222
   20 H4     2pz        0.0000    0.0000    0.0000   -0.1488   -0.0000    0.0000    0.0000    0.0000   -0.1870    0.0000
   21 H5     1s        -0.0000    0.0000   -0.0000    0.4159    0.0000   -0.0000   -0.0000    0.0000   -0.0997    0.0000
   22 H5     2s        -0.0000    0.0000   -0.0000    1.0008    0.0000   -0.0000   -0.0000    0.0000   -0.2461    0.0000
   23 H5     2px        0.0932   -0.3242    0.0270    0.0000   -0.2308   -0.0178    0.3948    0.0282    0.0000    0.1223
   24 H5     2py        0.3073   -0.0270   -0.3242   -0.0000    0.0178   -0.2308   -0.0282    0.3948    0.0000    0.0082
   25 H5     2pz        0.0000   -0.0000   -0.0000    0.0518    0.0000    0.0000   -0.0000   -0.0000    0.3847   -0.0000
   26 H6     1s         0.0000   -0.0000    0.0000   -0.4159   -0.0000    0.0000    0.0000   -0.0000   -0.0997    0.0000
   27 H6     2s         0.0000   -0.0000    0.0000   -1.0008   -0.0000    0.0000    0.0000   -0.0000   -0.2461    0.0000
   28 H6     2px        0.0932    0.3242   -0.0270    0.0000   -0.2308   -0.0178   -0.3948   -0.0282   -0.0000    0.1223
   29 H6     2py        0.3073    0.0270    0.3242   -0.0000    0.0178   -0.2308    0.0282   -0.3948   -0.0000    0.0082
   30 H6     2pz       -0.0000    0.0000    0.0000    0.0518    0.0000   -0.0000    0.0000    0.0000   -0.3847    0.0000
   31 H7     1s        -0.0000    0.0000   -0.0000    0.3605    0.0000   -0.0000   -0.0000   -0.0000    0.2508   -0.0000
   32 H7     2s        -0.0000    0.0000   -0.0000    0.8668    0.0000   -0.0000   -0.0000   -0.0000    0.6141   -0.0000
   33 H7     2px       -0.0677    0.2285   -0.0190   -0.0000    0.4261    0.0328    0.1240    0.0089   -0.0000   -0.3293
   34 H7     2py       -0.2235    0.0190    0.2285    0.0000   -0.0328    0.4261   -0.0089    0.1240   -0.0000   -0.0222
   35 H7     2pz        0.0000   -0.0000   -0.0000   -0.1488   -0.0000    0.0000   -0.0000   -0.0000    0.1870   -0.0000
   36 H8     1s         0.0000   -0.0000    0.0000   -0.2623   -0.0000    0.0000    0.0000    0.0000   -0.2811    0.0000
   37 H8     2s         0.0000   -0.0000    0.0000   -0.6252   -0.0000   -0.0000    0.0000    0.0000   -0.6840    0.0000
   38 H8     2px       -0.1114   -0.3910    0.0325    0.0000   -0.1278   -0.0098    0.2304    0.0165    0.0000    0.4317
   39 H8     2py       -0.3676   -0.0325   -0.3910   -0.0000    0.0098   -0.1278   -0.0165    0.2304    0.0000    0.0291
   40 H8     2pz       -0.0000    0.0000   -0.0000    0.2179    0.0000   -0.0000   -0.0000    0.0000    0.0946   -0.0000
   41 H9     1s        -0.0000    0.0000   -0.0000    0.1442    0.0000    0.0000   -0.0000   -0.0000    0.1942   -0.0000
   42 H9     2s         0.0000    0.0000   -0.0000    0.3364    0.0000    0.0000   -0.0000   -0.0000    0.4632   -0.0000
   43 H9     2px        0.0373   -0.1121    0.0093    0.0000   -0.3202   -0.0247   -0.4286   -0.0306   -0.0000   -0.3987
   44 H9     2py        0.1231   -0.0093   -0.1121   -0.0000    0.0247   -0.3202    0.0306   -0.4286   -0.0000   -0.0268
   45 H9     2pz       -0.0000   -0.0000    0.0000   -0.2364   -0.0000   -0.0000    0.0000    0.0000   -0.2935    0.0000
   46 H10    1s         0.0000   -0.0000    0.0000   -0.0447   -0.0000   -0.0000    0.0000    0.0000   -0.0674    0.0000
   47 H10    2s         0.0000   -0.0000    0.0000   -0.0965   -0.0000   -0.0000    0.0000    0.0000   -0.1519    0.0000
   48 H10    2px        0.1209    0.4227   -0.0352   -0.0000    0.3970    0.0306    0.3348    0.0239    0.0000    0.2418
   49 H10    2py        0.3988    0.0352    0.4227    0.0000   -0.0306    0.3970   -0.0239    0.3348    0.0000    0.0163
   50 H10    2pz        0.0000    0.0000   -0.0000    0.1688    0.0000    0.0000   -0.0000   -0.0000    0.2636   -0.0000
 
 
      Orbital               41        42        43        44        45        46        47        48        49        50
      Energy            1.0102    1.0194    1.0194    1.0301    1.0648    1.1057    1.1493    1.1914    1.2269    1.2507
      Occ. No.          0.0000    0.0000    0.0000    0.0000    0.0000    0.0000    0.0000    0.0000    0.0000    0.0000
 
    1 H1     1s         0.0000    0.0000    0.0000    0.0751   -0.0750    0.0710   -0.0644    0.0544   -0.0401    0.0214
    2 H1     2s         0.0000    0.0000    0.0000    0.1786   -0.1846    0.1733   -0.1492    0.1163   -0.0790    0.0398
    3 H1     2px       -0.0163   -0.0739   -0.1031    0.0000   -0.0000    0.0000   -0.0000    0.0000   -0.0000    0.0000
    4 H1     2py        0.2418    0.1031   -0.0739   -0.0000   -0.0000    0.0000   -0.0000   -0.0000    0.0000   -0.0000
    5 H1     2pz       -0.0000    0.0000    0.0000    0.3338   -0.3846    0.4062   -0.3907    0.3351   -0.2449    0.1291
    6 H2     1s         0.0000    0.0000   -0.0000   -0.1851    0.1503   -0.1052    0.0597   -0.0212   -0.0021    0.0073
    7 H2     2s         0.0000    0.0000   -0.0000   -0.4468    0.3546   -0.2335    0.1235   -0.0453    0.0045    0.0059
    8 H2     2px        0.0268    0.1392    0.1941   -0.0000    0.0000   -0.0000    0.0000   -0.0000    0.0000   -0.0000
    9 H2     2py       -0.3987   -0.1941    0.1392   -0.0000    0.0000   -0.0000   -0.0000    0.0000    0.0000   -0.0000
   10 H2     2pz        0.0000    0.0000    0.0000   -0.2179    0.0443    0.1821   -0.3841    0.4868   -0.4456    0.2651
   11 H3     1s        -0.0000   -0.0000    0.0000    0.1733   -0.0565   -0.0207    0.0450   -0.0278   -0.0007    0.0115
   12 H3     2s        -0.0000   -0.0000    0.0000    0.4237   -0.1312   -0.0478    0.0871   -0.0445   -0.0046    0.0186
   13 H3     2px       -0.0291   -0.1940   -0.2706    0.0000   -0.0000    0.0000   -0.0000    0.0000   -0.0000    0.0000
   14 H3     2py        0.4317    0.2706   -0.1940    0.0000   -0.0000    0.0000    0.0000   -0.0000    0.0000   -0.0000
   15 H3     2pz        0.0000   -0.0000   -0.0000   -0.2087    0.4443   -0.4252    0.1314    0.2586   -0.4770    0.3667
   16 H4     1s         0.0000    0.0000    0.0000   -0.0168   -0.0884    0.0584    0.0133   -0.0441    0.0201    0.0053
   17 H4     2s         0.0000    0.0000    0.0000   -0.0372   -0.2161    0.1309    0.0257   -0.0765    0.0324    0.0060
   18 H4     2px        0.0222    0.2333    0.3253   -0.0000    0.0000   -0.0000    0.0000   -0.0000    0.0000   -0.0000
   19 H4     2py       -0.3293   -0.3253    0.2333   -0.0000    0.0000    0.0000   -0.0000   -0.0000   -0.0000   -0.0000
   20 H4     2pz        0.0000    0.0000    0.0000    0.4515   -0.2362   -0.2557    0.4611   -0.1280   -0.3699    0.4452
   21 H5     1s        -0.0000   -0.0000   -0.0000   -0.1412    0.0693    0.0547   -0.0495   -0.0159    0.0268    0.0023
   22 H5     2s        -0.0000   -0.0000   -0.0000   -0.3531    0.1680    0.1210   -0.0969   -0.0277    0.0406    0.0045
   23 H5     2px       -0.0082   -0.2538   -0.3540    0.0000   -0.0000    0.0000    0.0000   -0.0000   -0.0000    0.0000
   24 H5     2py        0.1223    0.3540   -0.2538    0.0000    0.0000   -0.0000   -0.0000   -0.0000   -0.0000    0.0000
   25 H5     2pz       -0.0000    0.0000    0.0000   -0.2303   -0.3463    0.3469    0.2573   -0.4350   -0.1365    0.4843
   26 H6     1s         0.0000    0.0000    0.0000    0.1412    0.0693   -0.0547   -0.0495    0.0159    0.0268   -0.0023
   27 H6     2s         0.0000    0.0000    0.0000    0.3531    0.1680   -0.1210   -0.0969    0.0277    0.0406   -0.0045
   28 H6     2px       -0.0082    0.2538    0.3540   -0.0000   -0.0000   -0.0000    0.0000    0.0000   -0.0000    0.0000
   29 H6     2py        0.1223   -0.3540    0.2538   -0.0000   -0.0000    0.0000    0.0000   -0.0000    0.0000    0.0000
   30 H6     2pz        0.0000   -0.0000   -0.0000   -0.2303    0.3463    0.3469   -0.2573   -0.4350    0.1365    0.4843
   31 H7     1s        -0.0000    0.0000    0.0000    0.0168   -0.0884   -0.0584    0.0133    0.0441    0.0201   -0.0053
   32 H7     2s        -0.0000    0.0000    0.0000    0.0372   -0.2161   -0.1309    0.0257    0.0765    0.0324   -0.0060
   33 H7     2px        0.0222   -0.2333   -0.3253    0.0000    0.0000    0.0000   -0.0000   -0.0000   -0.0000    0.0000
   34 H7     2py       -0.3293    0.3253   -0.2333    0.0000    0.0000   -0.0000    0.0000   -0.0000    0.0000   -0.0000
   35 H7     2pz       -0.0000    0.0000    0.0000    0.4515    0.2362   -0.2557   -0.4611   -0.1280    0.3699    0.4452
   36 H8     1s         0.0000   -0.0000   -0.0000   -0.1733   -0.0565    0.0207    0.0450    0.0278   -0.0007   -0.0115
   37 H8     2s         0.0000   -0.0000   -0.0000   -0.4237   -0.1312    0.0478    0.0871    0.0445   -0.0046   -0.0186
   38 H8     2px       -0.0291    0.1940    0.2706   -0.0000   -0.0000   -0.0000   -0.0000    0.0000   -0.0000   -0.0000
   39 H8     2py        0.4317   -0.2706    0.1940    0.0000    0.0000   -0.0000   -0.0000   -0.0000   -0.0000   -0.0000
   40 H8     2pz       -0.0000   -0.0000   -0.0000   -0.2087   -0.4443   -0.4252   -0.1314    0.2586    0.4770    0.3667
   41 H9     1s        -0.0000    0.0000    0.0000    0.1851    0.1503    0.1052    0.0597    0.0212   -0.0021   -0.0073
   42 H9     2s        -0.0000    0.0000    0.0000    0.4468    0.3546    0.2335    0.1235    0.0453    0.0045   -0.0059
   43 H9     2px        0.0268   -0.1392   -0.1941    0.0000    0.0000   -0.0000   -0.0000   -0.0000    0.0000    0.0000
   44 H9     2py       -0.3987    0.1941   -0.1392   -0.0000   -0.0000   -0.0000    0.0000    0.0000    0.0000    0.0000
   45 H9     2pz        0.0000   -0.0000   -0.0000   -0.2179   -0.0443    0.1821    0.3841    0.4868    0.4456    0.2651
   46 H10    1s         0.0000   -0.0000   -0.0000   -0.0751   -0.0750   -0.0710   -0.0644   -0.0544   -0.0401   -0.0214
   47 H10    2s         0.0000   -0.0000   -0.0000   -0.1786   -0.1846   -0.1733   -0.1492   -0.1163   -0.0790   -0.0398
   48 H10    2px       -0.0163    0.0739    0.1031    0.0000    0.0000    0.0000    0.0000    0.0000   -0.0000    0.0000
   49 H10    2py        0.2418   -0.1031    0.0739    0.0000    0.0000    0.0000   -0.0000   -0.0000   -0.0000   -0.0000
   50 H10    2pz       -0.0000    0.0000    0.0000    0.3338    0.3846    0.4062    0.3907    0.3351    0.2449    0.1291
--
 
      Von Neumann Entropy (Root  1) =  4.86949
 

      Mulliken population analysis for root number:  1
      -----------------------------------------------
 
 
++    Molecular charges:
      ------------------
 
      Mulliken charges per centre and basis function type
      ---------------------------------------------------
 
                H1      H2      H3      H4      H5      H6      H7      H8      H9      H10   
      1s       0.9939  1.0006  1.0013  1.0010  1.0011  1.0011  1.0010  1.0013  1.0006  0.9939
      2s       0.0054  0.0003 -0.0012 -0.0010 -0.0011 -0.0011 -0.0010 -0.0012  0.0003  0.0054
      2px      0.0000  0.0000  0.0000  0.0000  0.0000  0.0000  0.0000  0.0000  0.0000  0.0000
      2pz     -0.0001 -0.0000 -0.0001 -0.0001 -0.0001 -0.0001 -0.0001 -0.0001 -0.0000 -0.0001
      2py      0.0000  0.0000  0.0000  0.0000  0.0000  0.0000  0.0000  0.0000  0.0000  0.0000
      Total    0.9991  1.0009  1.0000  1.0000  1.0000  1.0000  1.0000  1.0000  1.0009  0.9991
 
      N-E      0.0009 -0.0009  0.0000  0.0000  0.0000  0.0000  0.0000  0.0000 -0.0009  0.0009
 
      Total electronic charge=   10.000000
 
      Total            charge=   -0.000000
--
 
 

      Expectation values of various properties for root number:  1
      -----------------------------------------------------------
 
 
++    Molecular properties:
      ---------------------
 
      Charge (e):
                      =   -0.0000
      Dipole Moment (Debye):
      Origin of the operator (Ang)=    0.0000    0.0000    0.0000
                   X= -5.0896E-14               Y=  4.0076E-14               Z=  7.0566E-09           Total=  7.0566E-09
      Quadrupole Moment (Debye*Ang):
      Origin of the operator (Ang)=    0.0000    0.0000   12.6273
                  XX= -1.5091E+01              XY= -1.0819E-27              XZ=  9.8827E-14              YY= -1.5091E+01
                  YZ= -8.6581E-13              ZZ= -1.5374E+01
      In traceless form (Debye*Ang)
                  XX=  1.4120E-01              XY= -1.6229E-27              XZ=  1.4824E-13              YY=  1.4120E-01
                  YZ= -1.2987E-12              ZZ= -2.8240E-01
--
 

      LoProp population analysis for root number:  1
      -----------------------------------------------
 
 
++    LoProp analysis:
      ----------------
 
 
 
  Input file to MOLDEN was generated!
 
 
++    Static properties:
      ------------------
 
 
      LoProp Charges per center
 

                   H1       H2       H3       H4       H5       H6       H7       H8       H9       H10   
      Nuclear      1.0000   1.0000   1.0000   1.0000   1.0000   1.0000   1.0000   1.0000   1.0000   1.0000
      Electronic  -1.0001  -0.9999  -1.0000  -1.0000  -1.0000  -1.0000  -1.0000  -1.0000  -0.9999  -1.0001
 
      Total       -0.0001   0.0001   0.0000  -0.0000   0.0000   0.0000  -0.0000   0.0000   0.0001  -0.0001
--
 
 
      Natural Bond Order analysis for root number:  1
 
++    Natural Bond Order analysis
      ---------------------------
      Based on LoProp computed density
      -------------------------------------------------------------------------------------
      Atom A       Atom B       Bond Order
      -------------------------------------------------------------------------------------
      The remaining   10.000 electrons are to be considered as diffuse
--
 
--
 
 
  Input file to MOLDEN was generated!
 
      Average orbitals are written to the RASORB file
      Natural orbitals for root   1 are written to the RASORB.1 file
      Spin density orbitals for root   1 are written to the SPDORB.1 file
 
forrtl: warning (525): IEEE_DIVIDE_BY_ZERO is signaling
forrtl: warning (526): IEEE_INVALID is signaling
forrtl: warning (528): IEEE_UNDERFLOW is signaling
--- Stop Module: rasscf at Tue Oct 28 18:56:26 2025 /rc=_RC_ALL_IS_WELL_ ---
*** files: H10_2.81.LprOrb H10_2.81.rasscf.molden H10_2.81.LoProp.molden H10_2.81.RasOrb.1 H10_2.81.RasOrb H10_2.81.rasscf.h5 H10_2.81.SpdOrb.1 xmldump
    saved to directory /home/grierjones/DDCASPT2/hydrogen_comps/rerun/H10_chain/H10_2.81
--- Module rasscf spent 15 seconds ---

>>> COPY /tmp/H10_2.81/H10_2.81.rasscf.h5 /home/grierjones/DDCASPT2/hydrogen_comps/rerun/H10_chain/H10_2.81/

>>> COPY /tmp/H10_2.81/GMJ_Fock_MO.csv /home/grierjones/DDCASPT2/hydrogen_comps/rerun/H10_chain/H10_2.81/H10_2.81.GMJ_Fock_MO.csv

*** symbolic link created: INPORB -> H10_2.81.RasOrb
--- Start Module: motra at Tue Oct 28 18:56:26 2025 ---
 
()()()()()()()()()()()()()()()()()()()()()()()()()()()()()()()()()()()()()()()()()()()()()()()()()()

                                               &MOTRA

                                   only a single process is used
                       available to each process: 2.0 GB of memory, 1 thread?
()()()()()()()()()()()()()()()()()()()()()()()()()()()()()()()()()()()()()()()()()()()()()()()()()()
 
 
      *** WARNING: Default frozen orbitals is overwritten by user input.
      *** Default values:   0
 
      Header of the integral files:
      
       Integrals generated by seward 4.2.0  , Tue Oct 28 18:56:10 2025
 
 
      Header of MO coefficients source file:
      * RASSCF average (pseudo-natural) orbitals                                      
 
 
      Cartesian coordinates in Angstrom:
      -----------------------------------------------------
      No.  Label        X            Y            Z        
      -----------------------------------------------------
       1   H1         0.00000000   0.00000000   0.00000000
       2   H2         0.00000000   0.00000000   2.80606100
       3   H3         0.00000000   0.00000000   5.61212100
       4   H4         0.00000000   0.00000000   8.41818200
       5   H5         0.00000000   0.00000000  11.22424200
       6   H6         0.00000000   0.00000000  14.03030300
       7   H7         0.00000000   0.00000000  16.83636400
       8   H8         0.00000000   0.00000000  19.64242400
       9   H9         0.00000000   0.00000000  22.44848500
      10   H10        0.00000000   0.00000000  25.25454500
      -----------------------------------------------------
      Nuclear repulsion energy =    3.63771920
 
      Orbital specifications:
      -----------------------
 
      Symmetry species:              1
      Number of basis functions:    50
      Frozen orbitals:               0
      Deleted orbitals:              0
      Number of orbitals used:      50

       SYMMETRY  BASIS FUNCTIONS       ORBITALS      INTEGRALS   CPU(SEC)  I/O(SEC)
        1 1 1 1   50  50  50  50    50  50  50  50      813450       0.00      0.00

       TOTAL CPU TIME(SEC)    0.59TOTAL I/O TIME(SEC)    1.23
 
--- Stop Module: motra at Tue Oct 28 18:56:28 2025 /rc=_RC_ALL_IS_WELL_ ---
*** files: xmldump
    saved to directory /home/grierjones/DDCASPT2/hydrogen_comps/rerun/H10_chain/H10_2.81
--- Module motra spent 1 second ---

>>> COPY /tmp/H10_2.81/GMJ_one_int_indx.csv /home/grierjones/DDCASPT2/hydrogen_comps/rerun/H10_chain/H10_2.81/H10_2.81.GMJ_one_int_indx.csv

>>> COPY /tmp/H10_2.81/GMJ_one_int.csv /home/grierjones/DDCASPT2/hydrogen_comps/rerun/H10_chain/H10_2.81/H10_2.81.GMJ_one_int.csv

>>> COPY /tmp/H10_2.81/GMJ_two_int_indx.csv /home/grierjones/DDCASPT2/hydrogen_comps/rerun/H10_chain/H10_2.81/H10_2.81.GMJ_two_int_indx.csv

>>> COPY /tmp/H10_2.81/GMJ_two_int.csv /home/grierjones/DDCASPT2/hydrogen_comps/rerun/H10_chain/H10_2.81/H10_2.81.GMJ_two_int.csv

*** symbolic link created: INPORB -> H10_2.81.RasOrb
--- Start Module: caspt2 at Tue Oct 28 18:56:28 2025 ---
 
()()()()()()()()()()()()()()()()()()()()()()()()()()()()()()()()()()()()()()()()()()()()()()()()()()

                                              &CASPT2

                                   only a single process is used
                       available to each process: 2.0 GB of memory, 1 thread?
()()()()()()()()()()()()()()()()()()()()()()()()()()()()()()()()()()()()()()()()()()()()()()()()()()
 
 Cholesky algorithm in CASPT2 =    1
 
 ###############################################################################
 ###############################################################################
 ###                                                                         ###
 ###                                                                         ###
 ###    User changed nr of frozen orbitals.                                  ###
 ###                                                                         ###
 ###                                                                         ###
 ###############################################################################
 ###############################################################################
 
++    Wave function specifications:
      -----------------------------
 
      Number of closed shell electrons           0
      Number of electrons in active shells      10
      Max number of holes in RAS1 space          0
      Max number of electrons in RAS3 space      0
      Number of inactive orbitals                0
      Number of active orbitals                 10
      Number of secondary orbitals              40
      Spin quantum number                      0.0
      State symmetry                             1
      Number of CSFs                         19404
      Number of root(s) available                1
      Root passed to geometry opt.               1
      A file JOBMIX will be created.
      This is a CASSCF or RASSCF reference function
--
 
++    Orbital specifications:
      -----------------------
 
      Symmetry species                           1
                                                 a
      Frozen orbitals                            0
      Inactive orbitals                          0
      Active orbitals                           10
      Secondary orbitals                        40
      Deleted orbitals                           0
      Number of basis functions                 50
--
 
      Type of Fock operator: STANDARD
      Type of 0-order Hamiltonian: STANDARD WITH DEFAULT IPEA
        "IP-EA" denominator shift =      0.25
      The input orbitals and the CI vector will be transformed.
 
--------------------------------------------------------------------------------
 Estimated memory requirements:
  POLY3 :                  3551880
  RHS:                      835500
  SIGMA :                   430400
  PRPCTL:                        0
 Available workspace:    230354915
 
++ CASPT2 computation for group   1
 
********************************************************************************
 Multi-State initialization phase begins for group   1
--------------------------------------------------------------------------------
********************************************************************************
 Compute H0 matrices for state    1
--------------------------------------------------------------------------------
--------------------------------------------------------------------------------
 H0 matrices have been computed.
 
********************************************************************************
  CASPT2 EQUATION SOLUTION
--------------------------------------------------------------------------------
 
  Total nr of CASPT2 parameters:
   Before reduction:      120200
   After  reduction:      119160
 
 The contributions to the second order correlation energy in atomic units.
-----------------------------------------------------------------------------------------------------------------------------
  IT.      VJTU        VJTI        ATVX        AIVX        VJAI        BVAT        BJAT        BJAI        TOTAL       RNORM  
-----------------------------------------------------------------------------------------------------------------------------
   1     0.000000    0.000000   -0.000459    0.000000    0.000000   -0.001315    0.000000    0.000000   -0.001774    0.000535
   2     0.000000    0.000000   -0.000464    0.000000    0.000000   -0.001317    0.000000    0.000000   -0.001781    0.000105
   3     0.000000    0.000000   -0.000465    0.000000    0.000000   -0.001317    0.000000    0.000000   -0.001782    0.000033
   4     0.000000    0.000000   -0.000464    0.000000    0.000000   -0.001317    0.000000    0.000000   -0.001781    0.000007
   5     0.000000    0.000000   -0.000464    0.000000    0.000000   -0.001317    0.000000    0.000000   -0.001781    0.000001
-------------------------------------------------------------------------------------------------------------------
 
  FINAL CASPT2 RESULT:
 
  Correlation energy /Case, /Symm, and sums:
 VJTU      0.00000000  0.00000000
 VJTIP     0.00000000  0.00000000
 VJTIM     0.00000000  0.00000000
 ATVX     -0.00046443 -0.00046443
 AIVX      0.00000000  0.00000000
 VJAIP     0.00000000  0.00000000
 VJAIM     0.00000000  0.00000000
 BVATP    -0.00114621 -0.00114621
 BVATM    -0.00017067 -0.00017067
 BJATP     0.00000000  0.00000000
 BJATM     0.00000000  0.00000000
 BJAIP     0.00000000  0.00000000
 BJAIM     0.00000000  0.00000000
 Summed:  -0.00178130 -0.00178130
 
      Reference energy:          -4.9906025741
      E2 (Non-variational):      -0.0017813034
      E2 (Variational):          -0.0017813031
      Total energy:              -4.9923838772
      Residual norm:              0.0000002559
      Reference weight:           0.99885
 
      Contributions to the CASPT2 correlation energy
      Active & Virtual Only:         -0.0017813034
      One Inactive Excited:           0.0000000000
      Two Inactive Excited:           0.0000000000
 
 
++ Denominators, etc.
----------------------------------------------------------------------------------------------------
 Report on small energy denominators, large coefficients, and large energy contributions.
CASE  SYMM ACTIVE-MIX  NON-ACTIVE INDICES          DENOMINATOR     RHS VALUE       COEFFICIENT     CONTRIBUTION
--
 
   (Skipping property calculation,
    use PROP keyword to activate)
--
 
  Total CASPT2 energies:
::    CASPT2 Root  1     Total energy:     -4.99238388
 
  A NEW JOBIPH FILE NAMED 'JOBMIX' IS PREPARED.
********************************************************************************
forrtl: warning (528): IEEE_UNDERFLOW is signaling
--- Stop Module: caspt2 at Tue Oct 28 18:56:34 2025 /rc=_RC_ALL_IS_WELL_ ---
*** files: xmldump
    saved to directory /home/grierjones/DDCASPT2/hydrogen_comps/rerun/H10_chain/H10_2.81
--- Module caspt2 spent 5 seconds ---

>>> EXPORT i = B

>>> EXPORT j = P

>>> IF (-FILE GMJ_e2_${i}_${j}_1_.csv)
(Skipped)

>>> END FOREACH

>>> EXPORT j = M

>>> IF (-FILE GMJ_e2_${i}_${j}_1_.csv)
(Skipped)

>>> END FOREACH

>>> END FOREACH

>>> EXPORT i = E

>>> EXPORT j = P

>>> IF (-FILE GMJ_e2_${i}_${j}_1_.csv)
(Skipped)

>>> END FOREACH

>>> EXPORT j = M

>>> IF (-FILE GMJ_e2_${i}_${j}_1_.csv)
(Skipped)

>>> END FOREACH

>>> END FOREACH

>>> EXPORT i = F

>>> EXPORT j = P

>>> IF (-FILE GMJ_e2_${i}_${j}_1_.csv)

>>> COPY /tmp/H10_2.81/GMJ_RHS_F_P_1_.csv /home/grierjones/DDCASPT2/hydrogen_comps/rerun/H10_chain/H10_2.81/GMJ_RHS_F_P_1_.csv

>>> COPY /tmp/H10_2.81/GMJ_IVECW_F_P_1_.csv /home/grierjones/DDCASPT2/hydrogen_comps/rerun/H10_chain/H10_2.81/GMJ_IVECW_F_P_1_.csv

>>> COPY /tmp/H10_2.81/GMJ_IVECX_F_P_1_.csv /home/grierjones/DDCASPT2/hydrogen_comps/rerun/H10_chain/H10_2.81/GMJ_IVECX_F_P_1_.csv

>>> COPY /tmp/H10_2.81/GMJ_IVECC2_F_P_1_.csv /home/grierjones/DDCASPT2/hydrogen_comps/rerun/H10_chain/H10_2.81/GMJ_IVECC2_F_P_1_.csv

>>> COPY /tmp/H10_2.81/GMJ_e2_F_P_1_.csv /home/grierjones/DDCASPT2/hydrogen_comps/rerun/H10_chain/H10_2.81/GMJ_e2_F_P_1_.csv

>>> END FOREACH

>>> EXPORT j = M

>>> IF (-FILE GMJ_e2_${i}_${j}_1_.csv)

>>> COPY /tmp/H10_2.81/GMJ_RHS_F_M_1_.csv /home/grierjones/DDCASPT2/hydrogen_comps/rerun/H10_chain/H10_2.81/GMJ_RHS_F_M_1_.csv

>>> COPY /tmp/H10_2.81/GMJ_IVECW_F_M_1_.csv /home/grierjones/DDCASPT2/hydrogen_comps/rerun/H10_chain/H10_2.81/GMJ_IVECW_F_M_1_.csv

>>> COPY /tmp/H10_2.81/GMJ_IVECX_F_M_1_.csv /home/grierjones/DDCASPT2/hydrogen_comps/rerun/H10_chain/H10_2.81/GMJ_IVECX_F_M_1_.csv

>>> COPY /tmp/H10_2.81/GMJ_IVECC2_F_M_1_.csv /home/grierjones/DDCASPT2/hydrogen_comps/rerun/H10_chain/H10_2.81/GMJ_IVECC2_F_M_1_.csv

>>> COPY /tmp/H10_2.81/GMJ_e2_F_M_1_.csv /home/grierjones/DDCASPT2/hydrogen_comps/rerun/H10_chain/H10_2.81/GMJ_e2_F_M_1_.csv

>>> END FOREACH

>>> END FOREACH

>>> EXPORT i = G

>>> EXPORT j = P

>>> IF (-FILE GMJ_e2_${i}_${j}_1_.csv)
(Skipped)

>>> END FOREACH

>>> EXPORT j = M

>>> IF (-FILE GMJ_e2_${i}_${j}_1_.csv)
(Skipped)

>>> END FOREACH

>>> END FOREACH

>>> EXPORT i = H

>>> EXPORT j = P

>>> IF (-FILE GMJ_e2_${i}_${j}_1_.csv)
(Skipped)

>>> END FOREACH

>>> EXPORT j = M

>>> IF (-FILE GMJ_e2_${i}_${j}_1_.csv)
(Skipped)

>>> END FOREACH

>>> END FOREACH

>>> EXPORT i = A

>>> IF (-FILE GMJ_e2_${i}_1_.csv)
(Skipped)

>>> END FOREACH

>>> EXPORT i = C

>>> IF (-FILE GMJ_e2_${i}_1_.csv)

>>> COPY /tmp/H10_2.81/GMJ_RHS_C_1_.csv /home/grierjones/DDCASPT2/hydrogen_comps/rerun/H10_chain/H10_2.81/GMJ_RHS_C_1_.csv

>>> COPY /tmp/H10_2.81/GMJ_IVECW_C_1_.csv /home/grierjones/DDCASPT2/hydrogen_comps/rerun/H10_chain/H10_2.81/GMJ_IVECW_C_1_.csv

>>> COPY /tmp/H10_2.81/GMJ_IVECX_C_1_.csv /home/grierjones/DDCASPT2/hydrogen_comps/rerun/H10_chain/H10_2.81/GMJ_IVECX_C_1_.csv

>>> COPY /tmp/H10_2.81/GMJ_IVECC2_C_1_.csv /home/grierjones/DDCASPT2/hydrogen_comps/rerun/H10_chain/H10_2.81/GMJ_IVECC2_C_1_.csv

>>> COPY /tmp/H10_2.81/GMJ_e2_C_1_.csv /home/grierjones/DDCASPT2/hydrogen_comps/rerun/H10_chain/H10_2.81/GMJ_e2_C_1_.csv

>>> END FOREACH

>>> EXPORT i = D

>>> IF (-FILE GMJ_e2_${i}_1_.csv)
(Skipped)

>>> END FOREACH

.########################.
.# Non-zero return code #.
.########################.

    Timing: Wall=24.27 User=22.94 System=1.32
****************************************
*** WorkDir at /tmp/H10_2.81 cleaned ***
****************************************
