   This run of MOLCAS is using the pymolcas driver

                             OPE
                             OPE          NMOL  CASOP  ENMOLC A   SO
                 OPE        NMOLC        AS  OP EN  MO LC     AS  OP
                OPENM       OL CA        SO  PE NM  OL CA     SOP EN
                OP EN      MO   LC       AS  OP ENMOL  CASO   PENMOL
                OP  EN     MO   LC       AS  OP EN     MO     LC ASO
               OP   E  NMOL  C  AS       OP  EN MO     LC     AS  OP
               OP  E   NMO   LC AS        OPEN  MO     LCASOP EN   M
               O  PEN   MO  LCA  SO
            OPE   NMO   L   CAS    OP
        OPENMOL  CASOP     ENMOL   CASOPE
     OPENMOLCA   SOPENMOLCASOPEN   MOLCASOPE
    OPENMOLCAS   OP           EN   MOL    CAS
    OPENMOLCAS       OP  ENM        O     LCA
    OPENMOLCAS    OPEN  MOLCASO     P  E  NMO
    OPENMOLCAS     OP               E  N  MOL
    OPENMOLCA   SO           PENM   O  L  CAS    OPEN    MO    LCAS
    OPENMOLCA   SOP           ENM   O  L  CAS   OP  EN  MOLC  AS   O
    OPENMOLCA   SOPE           NM      O  LCA   S      OP  EN MO
    OPENMOLC                AS         O  PEN   M      OL  CA  SOPE
    OPENMO        LCASOPE  NMOL        C  ASO   P      ENMOLC     AS
    OPE     NMO      LCA  SO     P     E   NM   OL  CA SO  PE N   MO
          OPENMOLCA            SOPE   NMO        LCAS  O    P  ENMO
     OPENMOLCASOPENMOLCASOPENMOLCASOPENMOLCA
        OPENMOLCASOPENMOLCASOPENMOLCASOPE
            OPENMOLCASOPENMOLCASOPENM
               OPENMOLCASOPENMOLCA        version: f37762c57
                   OPENMOLCASO
                       OPE                tag:

 OpenMolcas is free software; you can redistribute it and/or modify it
 under the terms of the GNU Lesser General Public License version 2.1.
 OpenMolcas is distributed in the hope that it will be useful, but it
 is provided "as is" and without any express or implied warranties.
 For more details see the full text of the license in the file
 LICENSE or in <http://www.gnu.org/licenses/>.

                 Copyright (C) The OpenMolcas Authors
           For the author list and the recommended citation,
                   consult the file CONTRIBUTORS.md

           *************************************************
           * pymolcas version py2.28                       *
           *   build c4a6d18ded8cb6cad61d2372a9abd97c      *
           *   (after the EMIL interpreter by V. Veryazov) *
           *************************************************

configuration info
------------------
C Compiler ID: Intel
C flags: -std=gnu99 -gcc-sys
Fortran Compiler ID: IntelLLVM
Fortran flags: -standard-semantics -fltconsistency -fpp -i8 -heap-arrays
Definitions: _MOLCAS_;_I8_;_LINUX_
Parallel: OFF (GA=OFF)


   ----------------------------------------------------------------------------------------
  |
  |              Project: H12_2.52
  |       Submitted from: /home/grierjones/DDCASPT2/hydrogen_comps/rerun/H12_chain/H12_2.52
  |         Scratch area: /tmp/H12_2.52
  |      Save outputs to: /home/grierjones/DDCASPT2/hydrogen_comps/rerun/H12_chain/H12_2.52
  |               Molcas: /home/grierjones/Test/build
  |
  | Scratch area is empty
  |
  |       MOLCAS_DRIVER = /usr/local/pymolcas
  | MOLCAS_KEEP_WORKDIR = NO
  |  MOLCAS_NEW_WORKDIR = YES
  |       MOLCAS_NPROCS = 1
  |        MOLCAS_PRINT = NORMAL
  |       MOLCAS_SOURCE = /home/grierjones/Test
  |    MOLCAS_STRUCTURE = 0
  |
   ----------------------------------------------------------------------------------------

++ ---------   Input file   ---------

&GATEWAY
coord=H12_2.52.xyz
Basis = ANO-RCC-VDZP
Group = nosymm
EXPErt
End of Input

&SEWARD
End of Input

&SCF

>>> COPY $WorkDir/H12_2.52.scf.h5 $CurrDir/

&RASSCF
Title= RASSCF
FileOrb
/home/grierjones/DDCASPT2/hydrogen_comps/rerun/H12_chain/H12_2.49/H12_2.49.RasOrb
NACTEL
12 0 0
Inactive
0
RAS2
12
Symmetry
1
Spin
1
orblisting
all

>>> COPY $WorkDir/H12_2.52.rasscf.h5 $CurrDir/

>>> COPY $WorkDir/GMJ_Fock_MO.csv $CurrDir/H12_2.52.GMJ_Fock_MO.csv

&MOTRA
Frozen=0
LUMORB

>>> COPY $WorkDir/GMJ_one_int_indx.csv $CurrDir/H12_2.52.GMJ_one_int_indx.csv

>>> COPY $WorkDir/GMJ_one_int.csv $CurrDir/H12_2.52.GMJ_one_int.csv

>>> COPY $WorkDir/GMJ_two_int_indx.csv $CurrDir/H12_2.52.GMJ_two_int_indx.csv

>>> COPY $WorkDir/GMJ_two_int.csv $CurrDir/H12_2.52.GMJ_two_int.csv

&CASPT2
Frozen
0

MAXITER
50

>>> FOREACH i IN (B,E,F,G,H)

  >>> FOREACH j IN (P,M)

    >>> IF (-FILE GMJ_e2_${i}_${j}_1_.csv)

      >>> COPY $WorkDir/GMJ_RHS_${i}_${j}_1_.csv $CurrDir/GMJ_RHS_${i}_${j}_1_.csv

      >>> COPY $WorkDir/GMJ_IVECW_${i}_${j}_1_.csv $CurrDir/GMJ_IVECW_${i}_${j}_1_.csv

      >>> COPY $WorkDir/GMJ_IVECX_${i}_${j}_1_.csv $CurrDir/GMJ_IVECX_${i}_${j}_1_.csv

      >>> COPY $WorkDir/GMJ_IVECC2_${i}_${j}_1_.csv $CurrDir/GMJ_IVECC2_${i}_${j}_1_.csv

      >>> COPY $WorkDir/GMJ_e2_${i}_${j}_1_.csv $CurrDir/GMJ_e2_${i}_${j}_1_.csv

    >>> END IF

  >>> END FOREACH

>>> END FOREACH

>>> FOREACH i IN (A,C,D)

  >>> IF (-FILE GMJ_e2_${i}_1_.csv)

    >>> COPY $WorkDir/GMJ_RHS_${i}_1_.csv $CurrDir/GMJ_RHS_${i}_1_.csv

    >>> COPY $WorkDir/GMJ_IVECW_${i}_1_.csv $CurrDir/GMJ_IVECW_${i}_1_.csv

    >>> COPY $WorkDir/GMJ_IVECX_${i}_1_.csv $CurrDir/GMJ_IVECX_${i}_1_.csv

    >>> COPY $WorkDir/GMJ_IVECC2_${i}_1_.csv $CurrDir/GMJ_IVECC2_${i}_1_.csv

    >>> COPY $WorkDir/GMJ_e2_${i}_1_.csv $CurrDir/GMJ_e2_${i}_1_.csv

  >>> END IF

>>> END FOREACH

-- ----------------------------------

--- Start Module: gateway at Tue Oct 28 19:13:11 2025 ---
 
()()()()()()()()()()()()()()()()()()()()()()()()()()()()()()()()()()()()()()()()()()()()()()()()()()

                                              &GATEWAY

                                   only a single process is used
                       available to each process: 2.0 GB of memory, 1 thread?
()()()()()()()()()()()()()()()()()()()()()()()()()()()()()()()()()()()()()()()()()()()()()()()()()()
 
 ###############################################################################
 ###############################################################################
 ###                                                                         ###
 ###                                                                         ###
 ###                                                                         ###
 ###    WARNING: EXPERT option is ON!                                        ###
 ###                                                                         ###
 ###                                                                         ###
 ###############################################################################
 ###############################################################################
 
++    Symmetry information:
      ---------------------
 
                    Character Table for C1 
 
                             E  
                    a        1  x, y, xy, Rz, z, xz, Ry, yz, Rx, I
--
 
 
++    Basis set information:
      ----------------------
 
 
      Basis set label: H.ANO-RCC...2S1P.
 
      Electronic valence basis set:
      ------------------
      Associated Effective Charge   1.000000 au
      Associated Actual Charge      1.000000 au
      Nuclear Model: Point charge
 
      Shell  nPrim  nBasis  Cartesian Spherical Contaminant
         s       8       2        X                  
         p       4       1        X                  
--
 
 
++    Molecular structure info:
      -------------------------
 
                    ************************************************ 
                    **** Cartesian Coordinates / Bohr, Angstrom **** 
                    ************************************************ 
 
     Center  Label                x              y              z                     x              y              z
        1      H1               0.000000       0.000000       0.000000              0.000000       0.000000       0.000000
        2      H2               0.000000       0.000000       4.752948              0.000000       0.000000       2.515152
        3      H3               0.000000       0.000000       9.505895              0.000000       0.000000       5.030303
        4      H4               0.000000       0.000000      14.258843              0.000000       0.000000       7.545455
        5      H5               0.000000       0.000000      19.011790              0.000000       0.000000      10.060606
        6      H6               0.000000       0.000000      23.764738              0.000000       0.000000      12.575758
        7      H7               0.000000       0.000000      28.517685              0.000000       0.000000      15.090909
        8      H8               0.000000       0.000000      33.270633              0.000000       0.000000      17.606061
        9      H9               0.000000       0.000000      38.023580              0.000000       0.000000      20.121212
       10      H10              0.000000       0.000000      42.776528              0.000000       0.000000      22.636364
       11      H11              0.000000       0.000000      47.529475              0.000000       0.000000      25.151515
       12      H12              0.000000       0.000000      52.282423              0.000000       0.000000      27.666667
 
                    *************************************** 
                    *    InterNuclear Distances / Bohr    * 
                    *************************************** 
 
               1 H1            2 H2            3 H3            4 H4            5 H5            6 H6    
    1 H1       0.000000
    2 H2       4.752948        0.000000
    3 H3       9.505895        4.752947        0.000000
    4 H4      14.258843        9.505895        4.752948        0.000000
    5 H5      19.011790       14.258842        9.505895        4.752947        0.000000
    6 H6      23.764738       19.011790       14.258843        9.505895        4.752948        0.000000
    7 H7      28.517685       23.764737       19.011790       14.258842        9.505895        4.752947
    8 H8      33.270633       28.517685       23.764738       19.011790       14.258843        9.505895
    9 H9      38.023580       33.270632       28.517685       23.764737       19.011790       14.258842
   10 H10     42.776528       38.023580       33.270633       28.517685       23.764738       19.011790
   11 H11     47.529475       42.776527       38.023580       33.270632       28.517685       23.764737
   12 H12     52.282423       47.529475       42.776528       38.023580       33.270633       28.517685
 
               7 H7            8 H8            9 H9           10 H10          11 H11          12 H12   
    7 H7       0.000000
    8 H8       4.752948        0.000000
    9 H9       9.505895        4.752947        0.000000
   10 H10     14.258843        9.505895        4.752948        0.000000
   11 H11     19.011790       14.258842        9.505895        4.752947        0.000000
   12 H12     23.764738       19.011790       14.258843        9.505895        4.752948        0.000000
 
                    ******************************************* 
                    *    InterNuclear Distances / Angstrom    * 
                    ******************************************* 
 
               1 H1            2 H2            3 H3            4 H4            5 H5            6 H6    
    1 H1       0.000000
    2 H2       2.515152        0.000000
    3 H3       5.030303        2.515151        0.000000
    4 H4       7.545455        5.030303        2.515152        0.000000
    5 H5      10.060606        7.545454        5.030303        2.515151        0.000000
    6 H6      12.575758       10.060606        7.545455        5.030303        2.515152        0.000000
    7 H7      15.090909       12.575757       10.060606        7.545454        5.030303        2.515151
    8 H8      17.606061       15.090909       12.575758       10.060606        7.545455        5.030303
    9 H9      20.121212       17.606060       15.090909       12.575757       10.060606        7.545454
   10 H10     22.636364       20.121212       17.606061       15.090909       12.575758       10.060606
   11 H11     25.151515       22.636363       20.121212       17.606060       15.090909       12.575757
   12 H12     27.666667       25.151515       22.636364       20.121212       17.606061       15.090909
 
               7 H7            8 H8            9 H9           10 H10          11 H11          12 H12   
    7 H7       0.000000
    8 H8       2.515152        0.000000
    9 H9       5.030303        2.515151        0.000000
   10 H10      7.545455        5.030303        2.515152        0.000000
   11 H11     10.060606        7.545454        5.030303        2.515151        0.000000
   12 H12     12.575758       10.060606        7.545455        5.030303        2.515152        0.000000
--
 
 
            Nuclear Potential Energy              5.31007925 au
 
 ###############################################################################
 ###############################################################################
 ###                                                                         ###
 ###                                                                         ###
 ###    There were warnings during the execution                             ###
 ###    Please, check the output with care!                                  ###
 ###                                                                         ###
 ###                                                                         ###
 ###############################################################################
 ###############################################################################
--- Stop Module: gateway at Tue Oct 28 19:13:11 2025 /rc=_RC_ALL_IS_WELL_ ---
*** files: xmldump
    saved to directory /home/grierjones/DDCASPT2/hydrogen_comps/rerun/H12_chain/H12_2.52

--- Start Module: seward at Tue Oct 28 19:13:11 2025 ---
 
()()()()()()()()()()()()()()()()()()()()()()()()()()()()()()()()()()()()()()()()()()()()()()()()()()

                                              &SEWARD

                                   only a single process is used
                       available to each process: 2.0 GB of memory, 1 thread?
()()()()()()()()()()()()()()()()()()()()()()()()()()()()()()()()()()()()()()()()()()()()()()()()()()
 
 ###############################################################################
 ###############################################################################
 ###                                                                         ###
 ###                                                                         ###
 ###                                                                         ###
 ###    WARNING: EXPERT option is ON!                                        ###
 ###                                                                         ###
 ###                                                                         ###
 ###############################################################################
 ###############################################################################
               SEWARD will generate:
                  Multipole Moment integrals up to order  2
                  Kinetic Energy integrals
                  Nuclear Attraction integrals (point charge)
                  One-Electron Hamiltonian integrals
                  Velocity integrals
                  Relativistic Douglas-Kroll-Hess integrals:
                    - Parametrization         : EXP
                    - DKH order of Hamiltonian: 2
                    - DKH order of Properties : 0
                         - multipole moment operators
                         - electric potential operators
                         - contact operators
                  Atomic mean-field integrals
                  Two-Electron Repulsion integrals
 
                   Integrals are discarded if absolute value <: 0.10E-13
                   Integral cutoff threshold is set to       <: 0.10E-15
 
            Nuclear Potential Energy              5.31007925 au
 
 
      Basis set specifications :
      Symmetry species         a  
      Basis functions           60
 
 
  Input file to MOLDEN was generated!
 
forrtl: warning (525): IEEE_DIVIDE_BY_ZERO is signaling
forrtl: warning (526): IEEE_INVALID is signaling
forrtl: warning (528): IEEE_UNDERFLOW is signaling
 ###############################################################################
 ###############################################################################
 ###                                                                         ###
 ###                                                                         ###
 ###    There were warnings during the execution                             ###
 ###    Please, check the output with care!                                  ###
 ###                                                                         ###
 ###                                                                         ###
 ###############################################################################
 ###############################################################################
--- Stop Module: seward at Tue Oct 28 19:13:12 2025 /rc=_RC_ALL_IS_WELL_ ---
*** files: H12_2.52.GssOrb H12_2.52.guessorb.h5 H12_2.52.guessorb.molden xmldump
    saved to directory /home/grierjones/DDCASPT2/hydrogen_comps/rerun/H12_chain/H12_2.52

*** symbolic link created: INPORB -> H12_2.52.GssOrb
--- Start Module: scf at Tue Oct 28 19:13:12 2025 ---
 
()()()()()()()()()()()()()()()()()()()()()()()()()()()()()()()()()()()()()()()()()()()()()()()()()()

                                                &SCF

                                   only a single process is used
                       available to each process: 2.0 GB of memory, 1 thread?
()()()()()()()()()()()()()()()()()()()()()()()()()()()()()()()()()()()()()()()()()()()()()()()()()()
 
++    Input section:
      --------------
 
      Header of the integral files:
      
       Integrals generated by seward 4.2.0  , Tue Oct 28 19:13:11 2025
 
 
      Cartesian coordinates in Angstrom:
      -----------------------------------------------------
      No.  Label        X            Y            Z        
      -----------------------------------------------------
       1   H1         0.00000000   0.00000000   0.00000000
       2   H2         0.00000000   0.00000000   2.51515200
       3   H3         0.00000000   0.00000000   5.03030300
       4   H4         0.00000000   0.00000000   7.54545500
       5   H5         0.00000000   0.00000000  10.06060600
       6   H6         0.00000000   0.00000000  12.57575800
       7   H7         0.00000000   0.00000000  15.09090900
       8   H8         0.00000000   0.00000000  17.60606100
       9   H9         0.00000000   0.00000000  20.12121200
      10   H10        0.00000000   0.00000000  22.63636400
      11   H11        0.00000000   0.00000000  25.15151500
      12   H12        0.00000000   0.00000000  27.66666700
      -----------------------------------------------------
      Nuclear repulsion energy =    5.31007925
--
 
++    Orbital specifications:
      -----------------------
 
      Symmetry species               1
                                     a
      Frozen orbitals                0
      Occupied orbitals              6
      Secondary orbitals            54
      Deleted orbitals               0
      Total number of orbitals      60
      Number of basis functions     60
--
 
      Molecular charge                           0.000
 
++    Optimization specifications:
      ----------------------------
 
      SCF Algorithm: Conventional
      Minimized density differences are used
      Number of density matrices in core                5
      Maximum number of NDDO SCF iterations           400
      Maximum number of HF SCF iterations             400
      Threshold for SCF energy change            0.10E-08
      Threshold for density matrix               0.10E-03
      Threshold for Fock matrix                  0.15E-03
      Threshold for linear dependence            0.10E-08
      Threshold at which DIIS is turned on       0.15E+00
      Threshold at which QNR/C2DIIS is turned on 0.75E-01
      Threshold for Norm(delta) (QNR/C2DIIS)     0.20E-04
      DIIS extrapolation of the SCF procedure
      All orbitals punched on: SCFORB
--
 
      Input vectors read from INPORB
      Orbital file label: *Guess orbitals
 
 
++ Convergence information
                                   SCF        iterations: Energy and convergence statistics
 
Iter     Tot. SCF        One-elec.       Two-elec.     Energy      Max Dij or  Max Fij      DNorm      TNorm      AccCon     Time
         Energy          Energy          Energy        Change      Delta Norm                                                in Sec.
   1    -4.835291659   -16.815981927     6.670611016   0.00E+00    0.39E+00*   0.13E+00*    0.54E+01   0.11E+02   None         0.
   2    -5.177834221   -16.756165303     6.268251830  -0.34E+00*   0.16E+00*   0.24E-01*    0.16E+01   0.10E+02   EDIIS        0.
   3    -5.196375313   -16.669147614     6.162693049  -0.19E-01*   0.10E+00*   0.89E-02*    0.42E+00   0.10E+02   EDIIS        0.
   4    -5.201307208   -16.669279461     6.157893001  -0.49E-02*   0.65E-01*   0.14E-01*    0.18E+00   0.10E+02   c2DIIS       0.
   5    -5.204516081   -16.644611637     6.130016303  -0.32E-02*   0.36E-01*   0.37E-02*    0.15E+00   0.10E+02   QNRc2DIIS    0.
   6    -5.204809867   -16.662474684     6.147585565  -0.29E-03*   0.14E-01*   0.24E-02*    0.63E-01   0.10E+02   QNRc2DIIS    0.
   7    -5.205003341   -16.657310444     6.142227851  -0.19E-03*   0.81E-02*   0.49E-03*    0.11E-01   0.10E+02   QNRc2DIIS    0.
   8    -5.205020534   -16.655947735     6.140847948  -0.17E-04*   0.33E-02*   0.28E-03*    0.72E-02   0.10E+02   QNRc2DIIS    0.
   9    -5.205023836   -16.656350394     6.141247306  -0.33E-05*   0.43E-03*   0.63E-04     0.27E-02   0.10E+02   QNRc2DIIS    0.
  10    -5.205023959   -16.656364148     6.141260937  -0.12E-06*   0.10E-03*   0.17E-04     0.76E-03   0.10E+02   QNRc2DIIS    0.
  11    -5.205023969   -16.656308734     6.141205513  -0.11E-07*   0.26E-04*   0.24E-05     0.76E-04   0.10E+02   QNRc2DIIS    0.
  12    -5.205023970   -16.656303132     6.141199910  -0.37E-09    0.15E-04    0.87E-06     0.20E-04   0.10E+02   QNRc2DIIS    0.
 
       Convergence after 12 Macro Iterations
--
 
 *****************************************************************************************************************************
 *                                                                                                                           *
 *                                             SCF/KS-DFT Program, Final results                                             *
 *                                                                                                                           *
 *                                                                                                                           *
 *                                                                                                                           *
 *                                                       Final Results                                                       *
 *                                                                                                                           *
 *****************************************************************************************************************************
 
::    Total SCF energy                                 -5.2050239697
      One-electron energy                             -16.6563031321
      Two-electron energy                               6.1411999102
      Nuclear repulsion energy                          5.3100792522
      Kinetic energy (interpolated)                     3.9450143739
      Virial theorem                                    1.3193929036
      Total spin, S(S+1)                                0.0000000000
      Total spin, S                                     0.0000000000
      Max non-diagonal density matrix element           0.0000136135
      Max non-diagonal Fock matrix element              0.0000008293
 
 
      All orbitals with orbital energies smaller than  E(LUMO)+0.5 are printed
 
++    Molecular orbitals:
      -------------------
 
      Title: SCF orbitals

      Molecular orbitals for symmetry species 1: a  
 
          Orbital            1         2         3         4         5         6         7         8         9        10    
          Energy           -0.3951   -0.3875   -0.3756   -0.3600   -0.3422   -0.3266   -0.1577   -0.1362   -0.1109   -0.0863
          Occ. No.          2.0000    2.0000    2.0000    2.0000    2.0000    2.0000    0.0000    0.0000    0.0000    0.0000
 
        1 H1     1s         0.0949   -0.1907    0.2745   -0.3272    0.3225   -0.2169    0.2414   -0.3842    0.4239   -0.3839
        2 H1     2s         0.0170   -0.0348    0.0516   -0.0642    0.0665   -0.0467    0.0740   -0.1229    0.1415   -0.1321
        3 H1     2px        0.0000   -0.0000    0.0000   -0.0000    0.0000   -0.0000   -0.0000    0.0000   -0.0000    0.0000
        4 H1     2py        0.0000   -0.0000    0.0000   -0.0000    0.0000   -0.0000    0.0000   -0.0000   -0.0000    0.0000
        5 H1     2pz        0.0036   -0.0069    0.0090   -0.0095    0.0081   -0.0048   -0.0014    0.0044   -0.0082    0.0111
        6 H2     1s         0.1312   -0.2489    0.3263   -0.3404    0.2839   -0.1625   -0.1124    0.2631   -0.4058    0.4718
        7 H2     2s         0.0193   -0.0418    0.0650   -0.0813    0.0803   -0.0522   -0.0292    0.0818   -0.1390    0.1682
        8 H2     2px       -0.0000    0.0000   -0.0000    0.0000    0.0000   -0.0000    0.0000   -0.0000    0.0000    0.0000
        9 H2     2py        0.0000   -0.0000   -0.0000    0.0000   -0.0000    0.0000   -0.0000    0.0000    0.0000   -0.0000
       10 H2     2pz       -0.0003    0.0016   -0.0044    0.0080   -0.0103    0.0081   -0.0107    0.0147   -0.0116    0.0044
       11 H3     1s         0.2256   -0.3245    0.2220    0.0434   -0.3004    0.3117   -0.3446    0.3395   -0.0333   -0.3277
       12 H3     2s         0.0411   -0.0580    0.0350    0.0226   -0.0805    0.0812   -0.1091    0.1089   -0.0065   -0.1183
       13 H3     2px       -0.0000    0.0000   -0.0000   -0.0000    0.0000   -0.0000   -0.0000   -0.0000   -0.0000    0.0000
       14 H3     2py        0.0000   -0.0000   -0.0000   -0.0000   -0.0000    0.0000   -0.0000    0.0000    0.0000   -0.0000
       15 H3     2pz        0.0045   -0.0047   -0.0001    0.0067   -0.0100    0.0071    0.0074   -0.0139    0.0142   -0.0060
       16 H4     1s         0.2529   -0.3170    0.1359    0.1610   -0.3426    0.2681    0.2467   -0.4076    0.2838    0.1141
       17 H4     2s         0.0403   -0.0598    0.0373    0.0250   -0.0831    0.0771    0.0729   -0.1355    0.1026    0.0375
       18 H4     2px        0.0000   -0.0000    0.0000    0.0000    0.0000    0.0000    0.0000    0.0000    0.0000    0.0000
       19 H4     2py       -0.0000    0.0000   -0.0000   -0.0000    0.0000   -0.0000   -0.0000   -0.0000    0.0000   -0.0000
       20 H4     2pz       -0.0021    0.0053   -0.0068    0.0023    0.0069   -0.0100    0.0135   -0.0090   -0.0062    0.0143
       21 H5     1s         0.3123   -0.1850   -0.2079    0.3048    0.0778   -0.3486    0.3804   -0.0499   -0.4158    0.2756
       22 H5     2s         0.0546   -0.0267   -0.0498    0.0624    0.0302   -0.0937    0.1185   -0.0104   -0.1461    0.0952
       23 H5     2px       -0.0000   -0.0000    0.0000    0.0000   -0.0000    0.0000    0.0000    0.0000   -0.0000   -0.0000
       24 H5     2py       -0.0000    0.0000    0.0000    0.0000   -0.0000    0.0000    0.0000    0.0000   -0.0000    0.0000
       25 H5     2pz        0.0047    0.0005   -0.0073    0.0032    0.0076   -0.0096   -0.0117    0.0130    0.0015   -0.0140
       26 H6     1s         0.3226   -0.1180   -0.2776    0.2314    0.1913   -0.3335   -0.3447    0.2762    0.2514   -0.4322
       27 H6     2s         0.0541   -0.0292   -0.0496    0.0603    0.0381   -0.0924   -0.1053    0.0965    0.0835   -0.1545
       28 H6     2px        0.0000   -0.0000   -0.0000    0.0000   -0.0000   -0.0000   -0.0000    0.0000   -0.0000    0.0000
       29 H6     2py       -0.0000   -0.0000   -0.0000   -0.0000   -0.0000   -0.0000    0.0000    0.0000   -0.0000    0.0000
       30 H6     2pz       -0.0038    0.0052    0.0017   -0.0087    0.0005    0.0106   -0.0139   -0.0030    0.0149    0.0008
       31 H7     1s         0.3226    0.1180   -0.2776   -0.2314    0.1913    0.3335   -0.3447   -0.2762    0.2514    0.4322
       32 H7     2s         0.0541    0.0292   -0.0496   -0.0603    0.0381    0.0924   -0.1053   -0.0965    0.0835    0.1545
       33 H7     2px       -0.0000   -0.0000    0.0000   -0.0000   -0.0000    0.0000    0.0000   -0.0000   -0.0000   -0.0000
       34 H7     2py        0.0000   -0.0000   -0.0000   -0.0000   -0.0000   -0.0000   -0.0000   -0.0000    0.0000    0.0000
       35 H7     2pz        0.0038    0.0052   -0.0017   -0.0087   -0.0005    0.0106    0.0139   -0.0030   -0.0149    0.0008
       36 H8     1s         0.3123    0.1850   -0.2079   -0.3048    0.0778    0.3486    0.3804    0.0499   -0.4158   -0.2756
       37 H8     2s         0.0546    0.0267   -0.0498   -0.0624    0.0302    0.0937    0.1185    0.0104   -0.1461   -0.0952
       38 H8     2px        0.0000   -0.0000    0.0000    0.0000    0.0000    0.0000    0.0000   -0.0000    0.0000   -0.0000
       39 H8     2py        0.0000    0.0000    0.0000    0.0000    0.0000    0.0000    0.0000   -0.0000    0.0000    0.0000
       40 H8     2pz       -0.0047    0.0005    0.0073    0.0032   -0.0076   -0.0096    0.0117    0.0130   -0.0015   -0.0140
       41 H9     1s         0.2529    0.3170    0.1359   -0.1610   -0.3426   -0.2681    0.2467    0.4076    0.2838   -0.1141
       42 H9     2s         0.0403    0.0598    0.0373   -0.0250   -0.0831   -0.0771    0.0729    0.1355    0.1026   -0.0375
       43 H9     2px        0.0000   -0.0000   -0.0000    0.0000   -0.0000   -0.0000   -0.0000    0.0000   -0.0000    0.0000
       44 H9     2py       -0.0000   -0.0000    0.0000   -0.0000   -0.0000    0.0000   -0.0000    0.0000   -0.0000   -0.0000
       45 H9     2pz        0.0021    0.0053    0.0068    0.0023   -0.0069   -0.0100   -0.0135   -0.0090    0.0062    0.0143
       46 H10    1s         0.2256    0.3245    0.2220   -0.0434   -0.3004   -0.3117   -0.3446   -0.3395   -0.0333    0.3277
       47 H10    2s         0.0411    0.0580    0.0350   -0.0226   -0.0805   -0.0812   -0.1091   -0.1089   -0.0065    0.1183
       48 H10    2px       -0.0000   -0.0000    0.0000   -0.0000    0.0000    0.0000   -0.0000   -0.0000    0.0000   -0.0000
       49 H10    2py       -0.0000   -0.0000    0.0000    0.0000   -0.0000    0.0000    0.0000    0.0000   -0.0000   -0.0000
       50 H10    2pz       -0.0045   -0.0047    0.0001    0.0067    0.0100    0.0071   -0.0074   -0.0139   -0.0142   -0.0060
       51 H11    1s         0.1312    0.2489    0.3263    0.3404    0.2839    0.1625   -0.1124   -0.2631   -0.4058   -0.4718
       52 H11    2s         0.0193    0.0418    0.0650    0.0813    0.0803    0.0522   -0.0292   -0.0818   -0.1390   -0.1682
       53 H11    2px       -0.0000   -0.0000    0.0000   -0.0000    0.0000    0.0000    0.0000    0.0000    0.0000    0.0000
       54 H11    2py       -0.0000   -0.0000   -0.0000    0.0000    0.0000    0.0000    0.0000    0.0000    0.0000   -0.0000
       55 H11    2pz        0.0003    0.0016    0.0044    0.0080    0.0103    0.0081    0.0107    0.0147    0.0116    0.0044
       56 H12    1s         0.0949    0.1907    0.2745    0.3272    0.3225    0.2169    0.2414    0.3842    0.4239    0.3839
       57 H12    2s         0.0170    0.0348    0.0516    0.0642    0.0665    0.0467    0.0740    0.1229    0.1415    0.1321
       58 H12    2px        0.0000   -0.0000    0.0000   -0.0000   -0.0000    0.0000    0.0000    0.0000   -0.0000   -0.0000
       59 H12    2py        0.0000    0.0000   -0.0000    0.0000    0.0000    0.0000    0.0000   -0.0000    0.0000    0.0000
       60 H12    2pz       -0.0036   -0.0069   -0.0090   -0.0095   -0.0081   -0.0048    0.0014    0.0044    0.0082    0.0111
 
          Orbital           11        12        13        14        15    
          Energy           -0.0656   -0.0521    0.3187    0.3259    0.3384
          Occ. No.          0.0000    0.0000    0.0000    0.0000    0.0000
 
        1 H1     1s         0.2886   -0.1557   -0.0740    0.1274   -0.1454
        2 H1     2s         0.1008   -0.0546    0.1423   -0.2652    0.3505
        3 H1     2px       -0.0000    0.0000    0.0000   -0.0000   -0.0000
        4 H1     2py       -0.0000   -0.0000   -0.0000    0.0000   -0.0000
        5 H1     2pz       -0.0110    0.0070   -0.0075    0.0126   -0.0141
        6 H2     1s        -0.4203    0.2493   -0.1224    0.1906   -0.1799
        7 H2     2s        -0.1509    0.0889    0.1440   -0.2360    0.2417
        8 H2     2px       -0.0000    0.0000   -0.0000    0.0000   -0.0000
        9 H2     2py        0.0000   -0.0000    0.0000    0.0000    0.0000
       10 H2     2pz        0.0021   -0.0035    0.0015   -0.0032    0.0040
       11 H3     1s         0.4976   -0.3617   -0.1398    0.1804   -0.1005
       12 H3     2s         0.1762   -0.1266    0.1870   -0.2565    0.1598
       13 H3     2px       -0.0000    0.0000    0.0000   -0.0000    0.0000
       14 H3     2py       -0.0000    0.0000    0.0000    0.0000    0.0000
       15 H3     2pz       -0.0045    0.0073   -0.0031    0.0021    0.0011
       16 H4     1s        -0.4649    0.4235   -0.1658    0.1559    0.0078
       17 H4     2s        -0.1644    0.1493    0.2147   -0.2160   -0.0096
       18 H4     2px        0.0000    0.0000   -0.0000   -0.0000   -0.0000
       19 H4     2py        0.0000   -0.0000    0.0000   -0.0000   -0.0000
       20 H4     2pz       -0.0082    0.0000    0.0019   -0.0034    0.0021
       21 H5     1s         0.2997   -0.4830   -0.1790    0.1076    0.1035
       22 H5     2s         0.1073   -0.1694    0.2360   -0.1491   -0.1639
       23 H5     2px       -0.0000   -0.0000   -0.0000    0.0000    0.0000
       24 H5     2py        0.0000    0.0000    0.0000    0.0000    0.0000
       25 H5     2pz        0.0061    0.0057   -0.0032   -0.0004    0.0032
       26 H6     1s        -0.1359    0.5043   -0.1884    0.0345    0.1709
       27 H6     2s        -0.0468    0.1773    0.2469   -0.0500   -0.2647
       28 H6     2px       -0.0000    0.0000   -0.0000    0.0000    0.0000
       29 H6     2py        0.0000    0.0000   -0.0000    0.0000   -0.0000
       30 H6     2pz       -0.0117    0.0032    0.0028   -0.0028   -0.0014
       31 H7     1s        -0.1359   -0.5043   -0.1884   -0.0345    0.1709
       32 H7     2s        -0.0468   -0.1773    0.2469    0.0500   -0.2647
       33 H7     2px       -0.0000    0.0000   -0.0000    0.0000    0.0000
       34 H7     2py        0.0000   -0.0000   -0.0000    0.0000    0.0000
       35 H7     2pz        0.0117    0.0032   -0.0028   -0.0028    0.0014
       36 H8     1s         0.2997    0.4830   -0.1790   -0.1076    0.1035
       37 H8     2s         0.1073    0.1694    0.2360    0.1491   -0.1639
       38 H8     2px        0.0000    0.0000   -0.0000    0.0000   -0.0000
       39 H8     2py        0.0000   -0.0000    0.0000    0.0000    0.0000
       40 H8     2pz       -0.0061    0.0057    0.0032   -0.0004   -0.0032
       41 H9     1s        -0.4649   -0.4235   -0.1658   -0.1559    0.0078
       42 H9     2s        -0.1644   -0.1493    0.2147    0.2160   -0.0096
       43 H9     2px       -0.0000   -0.0000    0.0000   -0.0000   -0.0000
       44 H9     2py        0.0000   -0.0000    0.0000    0.0000   -0.0000
       45 H9     2pz        0.0082    0.0000   -0.0019   -0.0034   -0.0021
       46 H10    1s         0.4976    0.3617   -0.1398   -0.1804   -0.1005
       47 H10    2s         0.1762    0.1266    0.1870    0.2565    0.1598
       48 H10    2px        0.0000    0.0000   -0.0000   -0.0000   -0.0000
       49 H10    2py        0.0000    0.0000    0.0000    0.0000   -0.0000
       50 H10    2pz        0.0045    0.0073    0.0031    0.0021   -0.0011
       51 H11    1s        -0.4203   -0.2493   -0.1224   -0.1906   -0.1799
       52 H11    2s        -0.1509   -0.0889    0.1440    0.2360    0.2417
       53 H11    2px        0.0000   -0.0000   -0.0000   -0.0000   -0.0000
       54 H11    2py       -0.0000    0.0000   -0.0000    0.0000   -0.0000
       55 H11    2pz       -0.0021   -0.0035   -0.0015   -0.0032   -0.0040
       56 H12    1s         0.2886    0.1557   -0.0740   -0.1274   -0.1454
       57 H12    2s         0.1008    0.0546    0.1423    0.2652    0.3505
       58 H12    2px        0.0000    0.0000   -0.0000   -0.0000   -0.0000
       59 H12    2py       -0.0000   -0.0000    0.0000    0.0000    0.0000
       60 H12    2pz        0.0110    0.0070    0.0075    0.0126    0.0141
--
 
 
++    Molecular charges:
      ------------------
 
      Mulliken charges per centre and basis function type
      ---------------------------------------------------
 
                H1      H2      H3      H4      H5      H6      H7      H8      H9      H10     H11     H12   
      1s       0.8792  0.9335  0.9078  0.9162  0.9105  0.9128  0.9128  0.9105  0.9162  0.9078  0.9335  0.8792
      2s       0.0833  0.0922  0.0825  0.0849  0.0840  0.0844  0.0844  0.0840  0.0849  0.0825  0.0922  0.0833
      2px      0.0000  0.0000  0.0000  0.0000  0.0000  0.0000  0.0000  0.0000  0.0000  0.0000  0.0000  0.0000
      2pz      0.0043  0.0050  0.0049  0.0048  0.0049  0.0049  0.0049  0.0049  0.0048  0.0049  0.0050  0.0043
      2py      0.0000  0.0000  0.0000  0.0000  0.0000  0.0000  0.0000  0.0000  0.0000  0.0000  0.0000  0.0000
      Total    0.9668  1.0307  0.9952  1.0060  0.9994  1.0020  1.0020  0.9994  1.0060  0.9952  1.0307  0.9668
 
      N-E      0.0332 -0.0307  0.0048 -0.0060  0.0006 -0.0020 -0.0020  0.0006 -0.0060  0.0048 -0.0307  0.0332
 
      Total electronic charge=   12.000000
 
      Total            charge=   -0.000000
--
 
 
  Input file to MOLDEN was generated!
 
 
++    Static properties:
      ------------------
 
 
      LoProp Charges per center
 

                   H1       H2       H3       H4       H5       H6       H7       H8       H9       H10   
      Nuclear      1.0000   1.0000   1.0000   1.0000   1.0000   1.0000   1.0000   1.0000   1.0000   1.0000
      Electronic  -0.9791  -1.0172  -0.9965  -1.0057  -0.9996  -1.0019  -1.0019  -0.9996  -1.0057  -0.9965
 
      Total        0.0209  -0.0172   0.0035  -0.0057   0.0004  -0.0019  -0.0019   0.0004  -0.0057   0.0035
 

                   H11      H12   
      Nuclear      1.0000   1.0000
      Electronic  -1.0172  -0.9791
 
      Total       -0.0172   0.0209
--
 
 
++    Natural Bond Order analysis
      ---------------------------
      Based on LoProp computed density
      -------------------------------------------------------------------------------------
      Atom A       Atom B       Bond Order
      -------------------------------------------------------------------------------------
      NBO located      0.967 non-bonded electrons on atom H1        
      NBO located      1.003 non-bonded electrons on atom H3        
      NBO located      1.013 non-bonded electrons on atom H4        
      NBO located      1.006 non-bonded electrons on atom H5        
      NBO located      1.009 non-bonded electrons on atom H6        
      NBO located      1.009 non-bonded electrons on atom H7        
      NBO located      1.006 non-bonded electrons on atom H8        
      NBO located      1.013 non-bonded electrons on atom H9        
      NBO located      1.003 non-bonded electrons on atom H10       
      NBO located      0.967 non-bonded electrons on atom H12       
      The remaining    2.002 electrons are to be considered as diffuse
--
 
 
++    Molecular properties:
      ---------------------
 
      Charge (e):
                      =   -0.0000
      Dipole Moment (Debye):
      Origin of the operator (Ang)=    0.0000    0.0000    0.0000
                   X= -1.4580E-13               Y= -1.0723E-14               Z= -1.5026E-11           Total=  1.5027E-11
      Quadrupole Moment (Debye*Ang):
      Origin of the operator (Ang)=    0.0000    0.0000   13.8333
                  XX= -2.8371E+01              XY= -1.8065E-28              XZ=  2.0872E-12              YY= -2.8371E+01
                  YZ=  2.3843E-13              ZZ=  6.1286E+00
      In traceless form (Debye*Ang)
                  XX= -1.7250E+01              XY= -2.7097E-28              XZ=  3.1309E-12              YY= -1.7250E+01
                  YZ=  3.5765E-13              ZZ=  3.4500E+01
--
 
 
  Input file to MOLDEN was generated!
 
 ###############################################################################
 ###############################################################################
 ###                                                                         ###
 ###                                                                         ###
 ###    RunFile label nBas                                                   ###
 ###    was used       78 times                                              ###
 ###                                                                         ###
 ###                                                                         ###
 ###############################################################################
 ###############################################################################
forrtl: warning (528): IEEE_UNDERFLOW is signaling
--- Stop Module: scf at Tue Oct 28 19:13:12 2025 /rc=_RC_ALL_IS_WELL_ ---
*** files: H12_2.52.LprOrb H12_2.52.LoProp.molden H12_2.52.scf.molden H12_2.52.ScfOrb H12_2.52.scf.h5 xmldump
    saved to directory /home/grierjones/DDCASPT2/hydrogen_comps/rerun/H12_chain/H12_2.52

>>> COPY /tmp/H12_2.52/H12_2.52.scf.h5 /home/grierjones/DDCASPT2/hydrogen_comps/rerun/H12_chain/H12_2.52/

*** symbolic link created: INPORB -> H12_2.52.ScfOrb
--- Start Module: rasscf at Tue Oct 28 19:13:12 2025 ---
 
()()()()()()()()()()()()()()()()()()()()()()()()()()()()()()()()()()()()()()()()()()()()()()()()()()

                                              &RASSCF

                                   only a single process is used
                       available to each process: 2.0 GB of memory, 1 thread?
()()()()()()()()()()()()()()()()()()()()()()()()()()()()()()()()()()()()()()()()()()()()()()()()()()
 
 
      Header of the ONEINT file:
      --------------------------
      
      Integrals generated by seward 4.2.0  , Tue Oct 28 19:13:11 2025
 
 
      OrdInt status: non-squared
 
 
      Cartesian coordinates in Angstrom:
      -----------------------------------------------------
      No.  Label        X            Y            Z        
      -----------------------------------------------------
       1   H1         0.00000000   0.00000000   0.00000000
       2   H2         0.00000000   0.00000000   2.51515200
       3   H3         0.00000000   0.00000000   5.03030300
       4   H4         0.00000000   0.00000000   7.54545500
       5   H5         0.00000000   0.00000000  10.06060600
       6   H6         0.00000000   0.00000000  12.57575800
       7   H7         0.00000000   0.00000000  15.09090900
       8   H8         0.00000000   0.00000000  17.60606100
       9   H9         0.00000000   0.00000000  20.12121200
      10   H10        0.00000000   0.00000000  22.63636400
      11   H11        0.00000000   0.00000000  25.15151500
      12   H12        0.00000000   0.00000000  27.66666700
      -----------------------------------------------------
      Nuclear repulsion energy =    5.31007925
 
++    Wave function specifications:
      -----------------------------
 
      Number of closed shell electrons           0
      Number of electrons in active shells      12
      Max number of holes in RAS1 space          0
      Max nr of electrons in RAS3 space          0
      Number of inactive orbitals                0
      Number of active orbitals                 12
      Number of secondary orbitals              48
      Spin quantum number                      0.0
      State symmetry                             1
--
 
++    Orbital specifications:
      -----------------------
 
      Symmetry species                           1
                                                 a
      Frozen orbitals                            0
      Inactive orbitals                          0
      Active orbitals                           12
      RAS1 orbitals                              0
      RAS2 orbitals                             12
      RAS3 orbitals                              0
      Secondary orbitals                        48
      Deleted orbitals                           0
      Number of basis functions                 60
--
 
++    CI expansion specifications:
      ----------------------------
 
      Number of CSFs                        226512
      Number of determinants                427350
      Number of root(s) required                 1
      Root chosen for geometry opt.              1
      CI root used                               1
         
      highest root included in the CI            1
      max. size of the explicit Hamiltonian    200
--
 
++    Optimization specifications:
      ----------------------------
 
      RASSCF algorithm: Conventional
      Maximum number of macro iterations       200
      Maximum number of SX iterations          100
      Threshold for RASSCF energy            0.100E-07
      Threshold for max MO rotation          0.100E+00
      Threshold for max BLB element          0.100E-03
      Level shift parameter                  0.500E+00
      Make Quasi-Newton update
--
 
      The MO-coefficients are taken from the file:
      /home/grierjones/DDCASPT2/hydrogen_comps/rerun/H12_chain/H12_2.49/H12_2.49.RasOrb                                               
      Title: RASSCF average (pseudo-natural) orbitals                                      
 
      Total molecular charge    0.00
 
      ************************************************************************************************************************
      *                                                                                                                      *
      *                                            Wave function control section                                             *
      *                                                                                                                      *
      ************************************************************************************************************************
 
 
                                         RASSCF iterations: Energy and convergence statistics
                                         ----------------------------------------------------
 
      Iter CI   SX   CI       RASSCF       Energy    max ROT     max BLB   max BLB  Level Ln srch  Step   QN   Walltime
          iter iter root      energy       change     param      element    value   shift minimum  type update hh:mm:ss
 Nr of preliminary CI iterations:  10
        1   1    4    1    -6.00359745    0.00E+00   0.12E-02    6  20 1 -0.97E-03*  0.00   0.00    SX    NO    0:00:27
        2   1    4    1    -6.00360367   -0.62E-05* -0.35E-03    1  13 1  0.25E-03*  0.00   0.00    SX    NO    0:00:07
        3   9    4    1    -6.00385159   -0.25E-03*  0.46E-03    6  18 1  0.30E-03*  0.00   0.00    SX    NO    0:00:15
        No convergence in the CI section: MAXJT will be increased to 
 60
        4  48    4    1    -6.00404393   -0.19E-03*  0.22E-03    2  18 1  0.15E-03*  0.00   0.00    SX    NO    0:01:16
        5  22    4    1    -6.00405787   -0.14E-04* -0.26E-03    7  19 1  0.10E-03*  0.00   1.00    QN   YES    0:00:35
        No convergence in the CI section: MAXJT will be increased to 
 84
        6  72    4    1    -6.00406431   -0.64E-05* -0.93E-03    7  19 1  0.10E-03*  0.01   1.01    QN   YES    0:01:50
        No convergence in the CI section: MAXJT will be increased to 
 96
        7  84    4    1    -6.00406445   -0.13E-06*  0.74E-03    7  19 1 -0.38E-03*  0.01   0.65    QN   YES    0:01:41
        8  55    4    1    -6.00406606   -0.16E-05* -0.18E-03    7  19 1  0.13E-03*  0.01   0.80    QN   YES    0:01:09
        9   4    3    1    -6.00406621   -0.15E-06* -0.11E-04    2  18 1 -0.11E-04   0.01   1.04    QN   YES    0:00:09
       10  10    3    1    -6.00406625   -0.48E-07* -0.88E-04    7  19 1  0.13E-04   0.01   1.01    QN   YES    0:00:16
       11  11    3    1    -6.00406624    0.15E-07*  0.38E-04    7  19 1 -0.41E-04   0.01   0.39    LS   YES    0:00:17
       12   3    3    1    -6.00406626   -0.22E-07*  0.26E-04    7  19 1 -0.15E-04   0.01   1.49    QN   YES    0:00:08
       13   1    3    1    -6.00406627   -0.46E-08  -0.27E-05    6  20 1  0.45E-05   0.01   0.96    QN   YES    0:00:06
      Convergence after 13 iterations
 
  Dmat in MO in SXCTL bf call to SXHAM                                                                                    
  mat. size =    12x   12
 
        1.3715362596549674
       -0.0000000003966041      1.3495334163978581
        0.0000274186618842      0.0000000002410824      1.3128167117425218
        0.0000000005314557      0.0000623427008213      0.0000000007630511      1.2621025490880662
        0.0000288295223757     -0.0000000033156714      0.0000920240551419     -0.0000000047737705      1.1997081991024972
        0.0000000015523108      0.0000436231748179     -0.0000000034054742      0.0000779225855983      0.0000000004557920
        1.1316930246253267
        0.0000319996937200     -0.0000000036794935      0.0000576328879072      0.0000000015571571     -0.0001982842072765
       -0.0000000001387900      0.8730226379930247
       -0.0000000025771574      0.0000757835342498      0.0000000006713205     -0.0001451846205461     -0.0000000009660021
        0.0002546606168656     -0.0000000008833040      0.8036659891650093
        0.0000464939315262      0.0000000002462824     -0.0000777139401711      0.0000000004606425      0.0002640898398953
       -0.0000000017326697     -0.0000623577974365      0.0000000043737283      0.7391171298683736
        0.0000000007431122     -0.0000432428972403     -0.0000000002358262      0.0002140320336437     -0.0000000016971420
        0.0000079214923806      0.0000000039036843     -0.0000750093240223      0.0000000004963834      0.6859362321923608
       -0.0000322002377306     -0.0000000002588171      0.0001403642524873      0.0000000003048082      0.0000118784382466
        0.0000000033428841     -0.0000223092881694      0.0000000017930409     -0.0000514029214018     -0.0000000002963582
        0.6470679962553612
       -0.0000000001023639      0.0000708542104173     -0.0000000009941947      0.0000088484520725      0.0000000020317564
       -0.0000024027799069     -0.0000000007905755     -0.0000162657146761      0.0000000003746126     -0.0000226986613979
        0.0000000000941365      0.6237998539146776
       14   1    3    1    -6.00406627   -0.13E-09  -0.27E-05    6  20 1  0.20E-05   0.01   0.96    QN   YES    0:00:07
 
      ************************************************************************************************************************
                                                      Wave function printout:
                       occupation of active orbitals, and spin coupling of open shells (u,d: Spin up or down)
      ************************************************************************************************************************
 
      Note: transformation to natural orbitals
      has been made, which may change the order of the CSFs.
 
      printout of CI-coefficients larger than  0.05 for root  1
      energy=      -6.004066
      conf/sym  111111111111     Coeff  Weight
             1  222222000000  -0.21584 0.04659
            38  222220200000   0.10702 0.01145
            60  2222udud0000  -0.11580 0.01341
            83  222u2du0d000   0.09205 0.00847
           107  22u22du00d00  -0.07932 0.00629
           132  2u222du000d0   0.07279 0.00530
           158  u2222du0000d  -0.08931 0.00798
           166  222202020000   0.07217 0.00521
           189  222ud20ud000  -0.08812 0.00777
           213  22u2d20u0d00   0.07525 0.00566
           238  2u22d20u00d0  -0.07717 0.00596
           264  u222d20u000d   0.06577 0.00433
           274  222022002000   0.05704 0.00325
           298  22ud2200ud00  -0.07939 0.00630
           323  2u2d2200u0d0   0.06586 0.00434
           349  u22d2200u00d  -0.06206 0.00385
           387  2ud222000ud0  -0.06468 0.00418
           413  u2d222000u0d   0.06137 0.00377
           456  ud22220000ud  -0.06357 0.00404
          5604  222200220000  -0.06340 0.00402
          5710  222ud02ud000   0.06480 0.00420
          5820  22u2d02u0d00  -0.05503 0.00303
          5939  2u22d02u00d0   0.05153 0.00266
          7181  222u0du2d000  -0.05432 0.00295
          7713  22udududud00  -0.05928 0.00351
          8660  22uudduudd00  -0.05001 0.00250
 
      Natural orbitals and occupation numbers for root  1
      sym 1:   1.371536   1.349533   1.312817   1.262103   1.199708   1.131693   0.873023   0.803666   0.739117   0.685936
               0.647068   0.623800
 
      ************************************************************************************************************************
      *                                                                                                                      *
      *                                                    Final results                                                     *
      *                                                                                                                      *
      ************************************************************************************************************************
 
 
++    Wave function specifications:
      -----------------------------
 
      Number of closed shell electrons           0
      Number of electrons in active shells      12
      Max number of holes in RAS1 space          0
      Max nr of electrons in RAS3 space          0
      Number of inactive orbitals                0
      Number of active orbitals                 12
      Number of secondary orbitals              48
      Spin quantum number                      0.0
      State symmetry                             1
--
 
++    Orbital specifications:
      -----------------------
 
      Symmetry species                           1
                                                 a
      Frozen orbitals                            0
      Inactive orbitals                          0
      Active orbitals                           12
      RAS1 orbitals                              0
      RAS2 orbitals                             12
      RAS3 orbitals                              0
      Secondary orbitals                        48
      Deleted orbitals                           0
      Number of basis functions                 60
--
 
++    CI expansion specifications:
      ----------------------------
 
      Number of CSFs                        226512
      Number of determinants                427350
      Number of root(s) required                 1
      CI root used                               1
      highest root included in the CI            1
      Root passed to geometry opt.               1
--
 
++    Final optimization conditions:
      ------------------------------
 
      Average CI energy                              -6.00406627
      RASSCF energy for state  1                     -6.00406627
      Super-CI energy                                -0.00000000
      RASSCF energy change                            0.00000000
      Max change in MO coefficients               0.177E-05
      Max non-diagonal density matrix element    -0.273E-05
      Maximum BLB matrix element                  0.202E-05
      (orbital pair   6,  20 in symmetry   1)
      Norm of electronic gradient            0.764E-05
--
 
 
      Final state energy(ies):
      ------------------------
 
::    RASSCF root number  1 Total energy:     -6.00406627
 
++    Molecular orbitals:
      -------------------
 
      Pseudonatural active orbitals and approximate occupation numbers
 
 
 
 
      Molecular orbitals for symmetry species 1: a  
 
 
      Orbital                1         2         3         4         5         6         7         8         9        10
      Energy            0.0000    0.0000    0.0000    0.0000    0.0000    0.0000    0.0000    0.0000    0.0000    0.0000
      Occ. No.          1.3715    1.3495    1.3128    1.2621    1.1997    1.1317    0.8730    0.8037    0.7391    0.6859
 
    1 H1     1s         0.1209   -0.2280    0.3076   -0.3445    0.3221   -0.2225    0.2402   -0.3619    0.4020   -0.3712
    2 H1     2s         0.0089   -0.0170    0.0234   -0.0270    0.0262   -0.0189    0.0244   -0.0392    0.0465   -0.0457
    3 H1     2px        0.0000   -0.0000   -0.0000   -0.0000    0.0000   -0.0000   -0.0000   -0.0000   -0.0000    0.0000
    4 H1     2py        0.0000    0.0000    0.0000   -0.0000    0.0000    0.0000   -0.0000    0.0000   -0.0000   -0.0000
    5 H1     2pz        0.0007   -0.0012    0.0014   -0.0012    0.0008   -0.0004    0.0005   -0.0010    0.0016   -0.0019
    6 H2     1s         0.1694   -0.2991    0.3591   -0.3369    0.2435   -0.1161   -0.0946    0.2435   -0.3846    0.4503
    7 H2     2s         0.0105   -0.0208    0.0299   -0.0348    0.0320   -0.0201   -0.0030    0.0227   -0.0490    0.0676
    8 H2     2px        0.0000    0.0000    0.0000   -0.0000   -0.0000   -0.0000   -0.0000    0.0000    0.0000    0.0000
    9 H2     2py       -0.0000    0.0000   -0.0000    0.0000   -0.0000    0.0000   -0.0000   -0.0000    0.0000   -0.0000
   10 H2     2pz        0.0006   -0.0006   -0.0001    0.0011   -0.0017    0.0014   -0.0005    0.0001    0.0004   -0.0005
   11 H3     1s         0.2428   -0.3338    0.2088    0.0647   -0.3130    0.3417   -0.3630    0.3372   -0.0503   -0.2866
   12 H3     2s         0.0172   -0.0227    0.0112    0.0129   -0.0354    0.0372   -0.0436    0.0409   -0.0015   -0.0493
   13 H3     2px        0.0000   -0.0000   -0.0000   -0.0000   -0.0000   -0.0000    0.0000    0.0000    0.0000    0.0000
   14 H3     2py       -0.0000    0.0000   -0.0000    0.0000   -0.0000    0.0000   -0.0000    0.0000    0.0000   -0.0000
   15 H3     2pz        0.0002    0.0002   -0.0011    0.0017   -0.0013    0.0005    0.0002    0.0001   -0.0004   -0.0001
   16 H4     1s         0.2783   -0.3154    0.0767    0.2369   -0.3671    0.2364    0.2305   -0.4126    0.3033    0.0798
   17 H4     2s         0.0180   -0.0239    0.0107    0.0160   -0.0362    0.0305    0.0223   -0.0538    0.0483    0.0085
   18 H4     2px       -0.0000   -0.0000    0.0000   -0.0000    0.0000    0.0000   -0.0000    0.0000   -0.0000   -0.0000
   19 H4     2py       -0.0000    0.0000    0.0000    0.0000    0.0000    0.0000   -0.0000   -0.0000    0.0000   -0.0000
   20 H4     2pz        0.0005    0.0003   -0.0014    0.0011    0.0006   -0.0015    0.0003    0.0003   -0.0000   -0.0008
   21 H5     1s         0.3175   -0.1912   -0.2112    0.3202    0.0498   -0.3791    0.3963   -0.0317   -0.3983    0.2572
   22 H5     2s         0.0217   -0.0108   -0.0199    0.0252    0.0111   -0.0424    0.0459    0.0018   -0.0607    0.0378
   23 H5     2px        0.0000   -0.0000    0.0000   -0.0000   -0.0000    0.0000   -0.0000    0.0000    0.0000   -0.0000
   24 H5     2py        0.0000   -0.0000   -0.0000   -0.0000   -0.0000    0.0000   -0.0000    0.0000    0.0000   -0.0000
   25 H5     2pz       -0.0000    0.0010   -0.0011   -0.0004    0.0017   -0.0010   -0.0002   -0.0001   -0.0003    0.0010
   26 H6     1s         0.3303   -0.0961   -0.3086    0.1978    0.2520   -0.3373   -0.3445    0.3027    0.2227   -0.4050
   27 H6     2s         0.0220   -0.0098   -0.0219    0.0214    0.0200   -0.0397   -0.0378    0.0444    0.0286   -0.0662
   28 H6     2px        0.0000   -0.0000   -0.0000    0.0000    0.0000    0.0000    0.0000   -0.0000    0.0000   -0.0000
   29 H6     2py       -0.0000   -0.0000    0.0000    0.0000    0.0000    0.0000    0.0000   -0.0000    0.0000   -0.0000
   30 H6     2pz        0.0003    0.0010   -0.0006   -0.0014    0.0008    0.0014   -0.0002   -0.0001   -0.0007    0.0003
   31 H7     1s         0.3303    0.0961   -0.3086   -0.1978    0.2520    0.3373   -0.3445   -0.3027    0.2227    0.4050
   32 H7     2s         0.0220    0.0098   -0.0219   -0.0214    0.0200    0.0397   -0.0378   -0.0444    0.0286    0.0662
   33 H7     2px       -0.0000    0.0000    0.0000    0.0000    0.0000    0.0000   -0.0000   -0.0000    0.0000   -0.0000
   34 H7     2py        0.0000   -0.0000   -0.0000   -0.0000   -0.0000   -0.0000   -0.0000    0.0000    0.0000    0.0000
   35 H7     2pz       -0.0003    0.0010    0.0006   -0.0014   -0.0008    0.0014    0.0002   -0.0001    0.0007    0.0003
   36 H8     1s         0.3175    0.1912   -0.2112   -0.3202    0.0498    0.3791    0.3963    0.0317   -0.3983   -0.2572
   37 H8     2s         0.0217    0.0108   -0.0199   -0.0252    0.0111    0.0424    0.0459   -0.0018   -0.0607   -0.0378
   38 H8     2px        0.0000    0.0000   -0.0000    0.0000   -0.0000    0.0000    0.0000   -0.0000   -0.0000    0.0000
   39 H8     2py       -0.0000   -0.0000    0.0000   -0.0000   -0.0000   -0.0000    0.0000    0.0000   -0.0000    0.0000
   40 H8     2pz        0.0000    0.0010    0.0011   -0.0004   -0.0017   -0.0010    0.0002   -0.0001    0.0003    0.0010
   41 H9     1s         0.2783    0.3154    0.0767   -0.2369   -0.3671   -0.2364    0.2305    0.4126    0.3033   -0.0798
   42 H9     2s         0.0180    0.0239    0.0107   -0.0160   -0.0362   -0.0305    0.0223    0.0538    0.0483   -0.0085
   43 H9     2px        0.0000    0.0000    0.0000    0.0000    0.0000   -0.0000    0.0000    0.0000    0.0000    0.0000
   44 H9     2py       -0.0000   -0.0000   -0.0000    0.0000    0.0000   -0.0000    0.0000    0.0000   -0.0000    0.0000
   45 H9     2pz       -0.0005    0.0003    0.0014    0.0011   -0.0006   -0.0015   -0.0003    0.0003    0.0000   -0.0008
   46 H10    1s         0.2428    0.3338    0.2088   -0.0647   -0.3130   -0.3417   -0.3630   -0.3372   -0.0503    0.2866
   47 H10    2s         0.0172    0.0227    0.0112   -0.0129   -0.0354   -0.0372   -0.0436   -0.0409   -0.0015    0.0493
   48 H10    2px       -0.0000   -0.0000   -0.0000   -0.0000   -0.0000   -0.0000   -0.0000   -0.0000    0.0000    0.0000
   49 H10    2py       -0.0000    0.0000   -0.0000   -0.0000    0.0000   -0.0000    0.0000    0.0000   -0.0000    0.0000
   50 H10    2pz       -0.0002    0.0002    0.0011    0.0017    0.0013    0.0005   -0.0002    0.0001    0.0004   -0.0001
   51 H11    1s         0.1694    0.2991    0.3591    0.3369    0.2435    0.1161   -0.0946   -0.2435   -0.3846   -0.4503
   52 H11    2s         0.0105    0.0208    0.0299    0.0348    0.0320    0.0201   -0.0030   -0.0227   -0.0490   -0.0676
   53 H11    2px       -0.0000   -0.0000    0.0000   -0.0000   -0.0000   -0.0000    0.0000   -0.0000   -0.0000    0.0000
   54 H11    2py       -0.0000   -0.0000    0.0000   -0.0000   -0.0000   -0.0000    0.0000    0.0000   -0.0000    0.0000
   55 H11    2pz       -0.0006   -0.0006    0.0001    0.0011    0.0017    0.0014    0.0005    0.0001   -0.0004   -0.0005
   56 H12    1s         0.1209    0.2280    0.3076    0.3445    0.3221    0.2225    0.2402    0.3619    0.4020    0.3712
   57 H12    2s         0.0089    0.0170    0.0234    0.0270    0.0262    0.0189    0.0244    0.0392    0.0465    0.0457
   58 H12    2px        0.0000    0.0000   -0.0000    0.0000    0.0000   -0.0000   -0.0000   -0.0000    0.0000    0.0000
   59 H12    2py        0.0000    0.0000   -0.0000   -0.0000    0.0000   -0.0000    0.0000   -0.0000   -0.0000    0.0000
   60 H12    2pz       -0.0007   -0.0012   -0.0014   -0.0012   -0.0008   -0.0004   -0.0005   -0.0010   -0.0016   -0.0019
 
 
      Orbital               11        12        13        14        15        16        17        18        19        20
      Energy            0.0000    0.0000    0.3300    0.3369    0.3494    0.3686    0.3955    0.4311    0.4748    0.5307
      Occ. No.          0.6471    0.6238    0.0000    0.0000    0.0000    0.0000    0.0000    0.0000    0.0000    0.0000
 
    1 H1     1s         0.2831   -0.1533   -0.0562    0.0909   -0.0941    0.0686   -0.0233   -0.0313    0.0814   -0.1209
    2 H1     2s         0.0367   -0.0206    0.1475   -0.2686    0.3532   -0.4058    0.4346   -0.4458    0.4292   -0.3930
    3 H1     2px       -0.0000    0.0000    0.0000   -0.0000    0.0000    0.0000   -0.0000   -0.0000    0.0000   -0.0000
    4 H1     2py        0.0000   -0.0000   -0.0000    0.0000   -0.0000   -0.0000    0.0000   -0.0000    0.0000   -0.0000
    5 H1     2pz        0.0018   -0.0011   -0.0057    0.0095   -0.0110    0.0112   -0.0120    0.0160   -0.0251    0.0433
    6 H2     1s        -0.4011    0.2370   -0.1015    0.1558   -0.1473    0.0950   -0.0356    0.0041   -0.0184    0.0752
    7 H2     2s        -0.0664    0.0414    0.1517   -0.2440    0.2477   -0.1655    0.0164    0.1739   -0.3606    0.5195
    8 H2     2px        0.0000    0.0000   -0.0000    0.0000   -0.0000    0.0000   -0.0000   -0.0000    0.0000   -0.0000
    9 H2     2py        0.0000   -0.0000    0.0000   -0.0000    0.0000    0.0000    0.0000    0.0000   -0.0000    0.0000
   10 H2     2pz        0.0002   -0.0000   -0.0003   -0.0004    0.0015   -0.0000   -0.0069    0.0199   -0.0336    0.0394
   11 H3     1s         0.4495   -0.3297   -0.1163    0.1436   -0.0708   -0.0329    0.0857   -0.0599    0.0019    0.0109
   12 H3     2s         0.0761   -0.0566    0.1925   -0.2602    0.1585    0.0612   -0.2911    0.4134   -0.3379    0.0596
   13 H3     2px       -0.0000    0.0000    0.0000   -0.0000    0.0000    0.0000   -0.0000    0.0000    0.0000   -0.0000
   14 H3     2py       -0.0000   -0.0000    0.0000   -0.0000    0.0000    0.0000   -0.0000   -0.0000    0.0000    0.0000
   15 H3     2pz        0.0009   -0.0010   -0.0008   -0.0002    0.0018   -0.0007   -0.0015   -0.0048    0.0307   -0.0807
   16 H4     1s        -0.4166    0.3857   -0.1331    0.1263    0.0020   -0.1057    0.0894   -0.0128   -0.0004   -0.0640
   17 H4     2s        -0.0690    0.0681    0.2191   -0.2197   -0.0129    0.2750   -0.3177    0.0488    0.3497   -0.5583
   18 H4     2px        0.0000   -0.0000   -0.0000   -0.0000   -0.0000    0.0000   -0.0000   -0.0000   -0.0000   -0.0000
   19 H4     2py        0.0000   -0.0000   -0.0000   -0.0000   -0.0000    0.0000   -0.0000   -0.0000    0.0000    0.0000
   20 H4     2pz        0.0010   -0.0005   -0.0003   -0.0012    0.0017    0.0008    0.0015   -0.0164    0.0266    0.0124
   21 H5     1s         0.2675   -0.4345   -0.1448    0.0820    0.0876   -0.1171   -0.0007    0.0557   -0.0014    0.0227
   22 H5     2s         0.0476   -0.0757    0.2372   -0.1489   -0.1713    0.3020   -0.0179   -0.3777    0.3387    0.2267
   23 H5     2px       -0.0000   -0.0000   -0.0000    0.0000   -0.0000    0.0000    0.0000   -0.0000    0.0000    0.0000
   24 H5     2py       -0.0000   -0.0000    0.0000    0.0000    0.0000    0.0000   -0.0000    0.0000    0.0000    0.0000
   25 H5     2pz       -0.0001   -0.0009   -0.0006   -0.0015    0.0018   -0.0006    0.0057   -0.0058   -0.0278    0.0713
   26 H6     1s        -0.1165    0.4543   -0.1502    0.0314    0.1333   -0.0540   -0.0820    0.0387    0.0014    0.0487
   27 H6     2s        -0.0171    0.0796    0.2467   -0.0508   -0.2723    0.1258    0.3106   -0.2460   -0.3437    0.4479
   28 H6     2px        0.0000   -0.0000   -0.0000    0.0000    0.0000    0.0000   -0.0000    0.0000   -0.0000    0.0000
   29 H6     2py       -0.0000   -0.0000   -0.0000    0.0000   -0.0000    0.0000    0.0000   -0.0000   -0.0000   -0.0000
   30 H6     2pz        0.0009   -0.0007    0.0001   -0.0020    0.0002    0.0001    0.0035    0.0130   -0.0274   -0.0476
   31 H7     1s        -0.1165   -0.4543   -0.1502   -0.0314    0.1333    0.0540   -0.0820   -0.0387    0.0014   -0.0487
   32 H7     2s        -0.0171   -0.0796    0.2467    0.0508   -0.2723   -0.1258    0.3106    0.2460   -0.3437   -0.4479
   33 H7     2px        0.0000   -0.0000   -0.0000   -0.0000   -0.0000    0.0000   -0.0000   -0.0000    0.0000    0.0000
   34 H7     2py        0.0000   -0.0000    0.0000    0.0000    0.0000    0.0000    0.0000    0.0000    0.0000   -0.0000
   35 H7     2pz       -0.0009   -0.0007   -0.0001   -0.0020   -0.0002    0.0001   -0.0035    0.0130    0.0274   -0.0476
   36 H8     1s         0.2675    0.4345   -0.1448   -0.0820    0.0876    0.1171   -0.0007   -0.0557   -0.0014   -0.0227
   37 H8     2s         0.0476    0.0757    0.2372    0.1489   -0.1713   -0.3020   -0.0179    0.3777    0.3387   -0.2267
   38 H8     2px       -0.0000   -0.0000   -0.0000   -0.0000    0.0000   -0.0000    0.0000   -0.0000   -0.0000   -0.0000
   39 H8     2py        0.0000    0.0000    0.0000   -0.0000   -0.0000    0.0000    0.0000   -0.0000   -0.0000   -0.0000
   40 H8     2pz        0.0001   -0.0009    0.0006   -0.0015   -0.0018   -0.0006   -0.0057   -0.0058    0.0278    0.0713
   41 H9     1s        -0.4166   -0.3857   -0.1331   -0.1263    0.0020    0.1057    0.0894    0.0128   -0.0004    0.0640
   42 H9     2s        -0.0690   -0.0681    0.2191    0.2197   -0.0129   -0.2750   -0.3177   -0.0488    0.3497    0.5583
   43 H9     2px       -0.0000    0.0000    0.0000   -0.0000   -0.0000    0.0000   -0.0000   -0.0000   -0.0000   -0.0000
   44 H9     2py        0.0000   -0.0000    0.0000    0.0000    0.0000   -0.0000    0.0000   -0.0000   -0.0000   -0.0000
   45 H9     2pz       -0.0010   -0.0005    0.0003   -0.0012   -0.0017    0.0008   -0.0015   -0.0164   -0.0266    0.0124
   46 H10    1s         0.4495    0.3297   -0.1163   -0.1436   -0.0708    0.0329    0.0857    0.0599    0.0019   -0.0109
   47 H10    2s         0.0761    0.0566    0.1925    0.2602    0.1585   -0.0612   -0.2911   -0.4134   -0.3379   -0.0596
   48 H10    2px       -0.0000    0.0000    0.0000    0.0000    0.0000   -0.0000   -0.0000   -0.0000   -0.0000   -0.0000
   49 H10    2py       -0.0000   -0.0000    0.0000    0.0000    0.0000   -0.0000    0.0000    0.0000   -0.0000   -0.0000
   50 H10    2pz       -0.0009   -0.0010    0.0008   -0.0002   -0.0018   -0.0007    0.0015   -0.0048   -0.0307   -0.0807
   51 H11    1s        -0.4011   -0.2370   -0.1015   -0.1558   -0.1473   -0.0950   -0.0356   -0.0041   -0.0184   -0.0752
   52 H11    2s        -0.0664   -0.0414    0.1517    0.2440    0.2477    0.1655    0.0164   -0.1739   -0.3606   -0.5195
   53 H11    2px        0.0000   -0.0000   -0.0000    0.0000   -0.0000   -0.0000    0.0000    0.0000   -0.0000   -0.0000
   54 H11    2py        0.0000   -0.0000   -0.0000    0.0000   -0.0000   -0.0000    0.0000    0.0000   -0.0000   -0.0000
   55 H11    2pz       -0.0002   -0.0000    0.0003   -0.0004   -0.0015   -0.0000    0.0069    0.0199    0.0336    0.0394
   56 H12    1s         0.2831    0.1533   -0.0562   -0.0909   -0.0941   -0.0686   -0.0233    0.0313    0.0814    0.1209
   57 H12    2s         0.0367    0.0206    0.1475    0.2686    0.3532    0.4058    0.4346    0.4458    0.4292    0.3930
   58 H12    2px        0.0000    0.0000   -0.0000   -0.0000   -0.0000   -0.0000   -0.0000   -0.0000   -0.0000    0.0000
   59 H12    2py       -0.0000   -0.0000    0.0000    0.0000    0.0000    0.0000   -0.0000    0.0000   -0.0000   -0.0000
   60 H12    2pz       -0.0018   -0.0011    0.0057    0.0095    0.0110    0.0112    0.0120    0.0160    0.0251    0.0433
 
 
      Orbital               21        22        23        24        25        26        27        28        29        30
      Energy            0.5912    0.6508    0.6988    0.7462    0.7475    0.8466    0.8466    0.8549    0.8549    0.8684
      Occ. No.          0.0000    0.0000    0.0000    0.0000    0.0000    0.0000    0.0000    0.0000    0.0000    0.0000
 
    1 H1     1s         0.1402   -0.1312    0.0935    0.1246    0.1170    0.0000   -0.0000    0.0000    0.0000   -0.0000
    2 H1     2s         0.3436   -0.2660    0.1656    0.1844    0.1718   -0.0000   -0.0000    0.0000    0.0000   -0.0000
    3 H1     2px        0.0000   -0.0000    0.0000    0.0000    0.0000   -0.0248    0.0842   -0.1706   -0.0158    0.2403
    4 H1     2py        0.0000   -0.0000    0.0000    0.0000    0.0000    0.0842    0.0248    0.0158   -0.1706    0.0558
    5 H1     2pz       -0.0715    0.1045   -0.1185   -0.3204   -0.3096   -0.0000    0.0000   -0.0000    0.0000    0.0000
    6 H2     1s        -0.1410    0.1690   -0.1287   -0.1238   -0.1125    0.0000    0.0000   -0.0000   -0.0000   -0.0000
    7 H2     2s        -0.6000    0.5488   -0.3618   -0.3281   -0.2989    0.0000    0.0000   -0.0000   -0.0000    0.0000
    8 H2     2px        0.0000   -0.0000    0.0000    0.0000    0.0000   -0.0486    0.1655   -0.3060   -0.0283    0.3650
    9 H2     2py       -0.0000    0.0000   -0.0000    0.0000    0.0000    0.1655    0.0486    0.0283   -0.3060    0.0847
   10 H2     2pz       -0.0237   -0.0226    0.0765    0.3477    0.3401    0.0000   -0.0000    0.0000    0.0000   -0.0000
   11 H3     1s         0.0606   -0.1538    0.1546    0.1201    0.1033   -0.0000   -0.0000    0.0000    0.0000   -0.0000
   12 H3     2s         0.2946   -0.5230    0.4424    0.3212    0.2783   -0.0000   -0.0000    0.0000    0.0000   -0.0000
   13 H3     2px        0.0000   -0.0000   -0.0000    0.0000    0.0000   -0.0697    0.2373   -0.3710   -0.0343    0.3045
   14 H3     2py       -0.0000    0.0000    0.0000   -0.0000    0.0000    0.2373    0.0697    0.0343   -0.3710    0.0706
   15 H3     2pz        0.1286   -0.1232    0.0411   -0.2689   -0.2727    0.0000    0.0000   -0.0000   -0.0000    0.0000
   16 H4     1s         0.0696    0.0551   -0.1431   -0.0992   -0.0756    0.0000    0.0000   -0.0000   -0.0000    0.0000
   17 H4     2s         0.3227    0.1830   -0.4035   -0.2520   -0.1935    0.0000   -0.0000   -0.0000   -0.0000    0.0000
   18 H4     2px        0.0000   -0.0000    0.0000   -0.0000    0.0000   -0.0866    0.2948   -0.3502   -0.0324    0.0905
   19 H4     2py       -0.0000    0.0000    0.0000    0.0000   -0.0000    0.2948    0.0866    0.0324   -0.3502    0.0210
   20 H4     2pz       -0.1222    0.2256   -0.1777    0.1723    0.1939   -0.0000   -0.0000    0.0000    0.0000   -0.0000
   21 H5     1s        -0.1371    0.0819    0.0988    0.0767    0.0427   -0.0000    0.0000   -0.0000   -0.0000   -0.0000
   22 H5     2s        -0.6248    0.2661    0.2782    0.1896    0.1068   -0.0000    0.0000   -0.0000    0.0000   -0.0000
   23 H5     2px       -0.0000    0.0000    0.0000   -0.0000    0.0000   -0.0985    0.3352   -0.2484   -0.0230   -0.1705
   24 H5     2py       -0.0000    0.0000    0.0000    0.0000   -0.0000    0.3352    0.0985    0.0230   -0.2484   -0.0395
   25 H5     2pz       -0.0008   -0.2128    0.2901   -0.0922   -0.1394   -0.0000    0.0000   -0.0000   -0.0000   -0.0000
   26 H6     1s         0.0699   -0.1738   -0.0356   -0.0644   -0.0139    0.0000   -0.0000    0.0000    0.0000    0.0000
   27 H6     2s         0.3090   -0.5785   -0.0981   -0.1570   -0.0335    0.0000   -0.0000    0.0000    0.0000    0.0000
   28 H6     2px       -0.0000    0.0000   -0.0000   -0.0000   -0.0000   -0.1046    0.3559   -0.0900   -0.0083   -0.3441
   29 H6     2py       -0.0000    0.0000    0.0000   -0.0000   -0.0000    0.3559    0.1046    0.0083   -0.0900   -0.0798
   30 H6     2pz        0.1221    0.0864   -0.3524    0.0287    0.1134    0.0000   -0.0000    0.0000   -0.0000   -0.0000
   31 H7     1s         0.0699    0.1738   -0.0356    0.0644   -0.0139    0.0000    0.0000   -0.0000    0.0000   -0.0000
   32 H7     2s         0.3090    0.5785   -0.0981    0.1570   -0.0335   -0.0000    0.0000   -0.0000   -0.0000   -0.0000
   33 H7     2px        0.0000   -0.0000   -0.0000    0.0000   -0.0000   -0.1046    0.3559    0.0900    0.0083   -0.3441
   34 H7     2py        0.0000   -0.0000   -0.0000   -0.0000   -0.0000    0.3559    0.1046   -0.0083    0.0900   -0.0798
   35 H7     2pz       -0.1221    0.0864    0.3524    0.0287   -0.1134    0.0000    0.0000    0.0000    0.0000   -0.0000
   36 H8     1s        -0.1371   -0.0819    0.0988   -0.0767    0.0427   -0.0000   -0.0000   -0.0000   -0.0000    0.0000
   37 H8     2s        -0.6248   -0.2661    0.2782   -0.1896    0.1068   -0.0000   -0.0000    0.0000    0.0000   -0.0000
   38 H8     2px        0.0000   -0.0000   -0.0000    0.0000   -0.0000   -0.0985    0.3352    0.2484    0.0230   -0.1705
   39 H8     2py        0.0000   -0.0000   -0.0000   -0.0000   -0.0000    0.3352    0.0985   -0.0230    0.2484   -0.0395
   40 H8     2pz        0.0008   -0.2128   -0.2901   -0.0922    0.1394    0.0000    0.0000   -0.0000   -0.0000   -0.0000
   41 H9     1s         0.0696   -0.0551   -0.1431    0.0992   -0.0756    0.0000   -0.0000    0.0000    0.0000    0.0000
   42 H9     2s         0.3227   -0.1830   -0.4035    0.2520   -0.1935   -0.0000   -0.0000   -0.0000   -0.0000    0.0000
   43 H9     2px        0.0000   -0.0000    0.0000    0.0000   -0.0000   -0.0866    0.2948    0.3502    0.0324    0.0905
   44 H9     2py        0.0000   -0.0000   -0.0000    0.0000   -0.0000    0.2948    0.0866   -0.0324    0.3502    0.0210
   45 H9     2pz        0.1222    0.2256    0.1777    0.1723   -0.1939   -0.0000   -0.0000    0.0000    0.0000    0.0000
   46 H10    1s         0.0606    0.1538    0.1546   -0.1201    0.1033    0.0000    0.0000    0.0000   -0.0000   -0.0000
   47 H10    2s         0.2946    0.5230    0.4424   -0.3212    0.2783    0.0000    0.0000    0.0000   -0.0000   -0.0000
   48 H10    2px       -0.0000   -0.0000    0.0000    0.0000   -0.0000   -0.0697    0.2373    0.3710    0.0343    0.3045
   49 H10    2py        0.0000   -0.0000    0.0000    0.0000   -0.0000    0.2373    0.0697   -0.0343    0.3710    0.0706
   50 H10    2pz       -0.1286   -0.1232   -0.0411   -0.2689    0.2727    0.0000    0.0000    0.0000   -0.0000   -0.0000
   51 H11    1s        -0.1410   -0.1690   -0.1287    0.1238   -0.1125    0.0000   -0.0000    0.0000    0.0000    0.0000
   52 H11    2s        -0.6000   -0.5488   -0.3618    0.3281   -0.2989   -0.0000   -0.0000   -0.0000    0.0000    0.0000
   53 H11    2px        0.0000   -0.0000   -0.0000   -0.0000   -0.0000   -0.0486    0.1655    0.3060    0.0283    0.3650
   54 H11    2py        0.0000   -0.0000   -0.0000    0.0000    0.0000    0.1655    0.0486   -0.0283    0.3060    0.0847
   55 H11    2pz        0.0237   -0.0226   -0.0765    0.3477   -0.3401   -0.0000    0.0000   -0.0000   -0.0000   -0.0000
   56 H12    1s         0.1402    0.1312    0.0935   -0.1246    0.1170    0.0000   -0.0000   -0.0000   -0.0000   -0.0000
   57 H12    2s         0.3436    0.2660    0.1656   -0.1844    0.1718   -0.0000    0.0000    0.0000    0.0000    0.0000
   58 H12    2px       -0.0000   -0.0000    0.0000    0.0000   -0.0000   -0.0248    0.0842    0.1706    0.0158    0.2403
   59 H12    2py        0.0000   -0.0000   -0.0000   -0.0000   -0.0000    0.0842    0.0248   -0.0158    0.1706    0.0558
   60 H12    2pz        0.0715    0.1045    0.1185   -0.3204    0.3096    0.0000   -0.0000    0.0000    0.0000    0.0000
 
 
      Orbital               31        32        33        34        35        36        37        38        39        40
      Energy            0.8684    0.8865    0.8865    0.9086    0.9086    0.9335    0.9335    0.9606    0.9606    0.9873
      Occ. No.          0.0000    0.0000    0.0000    0.0000    0.0000    0.0000    0.0000    0.0000    0.0000    0.0000
 
    1 H1     1s        -0.0000    0.0000    0.0000   -0.0000   -0.0000    0.0000   -0.0000   -0.0000    0.0000    0.0000
    2 H1     2s        -0.0000    0.0000    0.0000   -0.0000   -0.0000    0.0000   -0.0000   -0.0000    0.0000    0.0000
    3 H1     2px       -0.0558   -0.2906    0.1083    0.3291   -0.1398   -0.2347    0.3039    0.2471   -0.3030   -0.2052
    4 H1     2py        0.2403   -0.1083   -0.2906    0.1398    0.3291   -0.3039   -0.2347    0.3030    0.2471   -0.3163
    5 H1     2pz       -0.0000   -0.0000    0.0000    0.0000   -0.0000   -0.0000    0.0000   -0.0000   -0.0000    0.0000
    6 H2     1s         0.0000   -0.0000   -0.0000    0.0000    0.0000   -0.0000    0.0000    0.0000   -0.0000   -0.0000
    7 H2     2s         0.0000   -0.0000   -0.0000    0.0000    0.0000   -0.0000    0.0000    0.0000   -0.0000   -0.0000
    8 H2     2px       -0.0847   -0.3361    0.1253    0.2401   -0.1020   -0.0618    0.0800   -0.0554    0.0680    0.1414
    9 H2     2py        0.3650   -0.1253   -0.3361    0.1020    0.2401   -0.0800   -0.0618   -0.0680   -0.0554    0.2180
   10 H2     2pz       -0.0000    0.0000    0.0000    0.0000   -0.0000   -0.0000    0.0000    0.0000   -0.0000   -0.0000
   11 H3     1s        -0.0000    0.0000    0.0000   -0.0000   -0.0000    0.0000   -0.0000   -0.0000    0.0000    0.0000
   12 H3     2s        -0.0000    0.0000    0.0000   -0.0000   -0.0000    0.0000   -0.0000   -0.0000    0.0000    0.0000
   13 H3     2px       -0.0706   -0.0884    0.0329   -0.1623    0.0689    0.2217   -0.2870   -0.2346    0.2877    0.1046
   14 H3     2py        0.3045   -0.0329   -0.0884   -0.0689   -0.1623    0.2870    0.2217   -0.2877   -0.2346    0.1612
   15 H3     2pz        0.0000   -0.0000   -0.0000    0.0000    0.0000   -0.0000    0.0000    0.0000   -0.0000    0.0000
   16 H4     1s         0.0000   -0.0000   -0.0000    0.0000   -0.0000   -0.0000   -0.0000    0.0000   -0.0000   -0.0000
   17 H4     2s         0.0000   -0.0000   -0.0000    0.0000    0.0000   -0.0000   -0.0000    0.0000   -0.0000   -0.0000
   18 H4     2px       -0.0210    0.2346   -0.0874   -0.3525    0.1497    0.1135   -0.1470    0.1143   -0.1402   -0.2156
   19 H4     2py        0.0905    0.0874    0.2346   -0.1497   -0.3525    0.1470    0.1135    0.1402    0.1143   -0.3323
   20 H4     2pz       -0.0000    0.0000    0.0000   -0.0000    0.0000    0.0000   -0.0000   -0.0000    0.0000    0.0000
   21 H5     1s        -0.0000   -0.0000    0.0000   -0.0000   -0.0000    0.0000    0.0000   -0.0000   -0.0000    0.0000
   22 H5     2s        -0.0000   -0.0000   -0.0000   -0.0000   -0.0000    0.0000    0.0000   -0.0000   -0.0000    0.0000
   23 H5     2px        0.0395    0.3549   -0.1323   -0.0854    0.0363   -0.1959    0.2537    0.2068   -0.2536    0.0500
   24 H5     2py       -0.1705    0.1323    0.3549   -0.0363   -0.0854   -0.2537   -0.1959    0.2536    0.2068    0.0771
   25 H5     2pz        0.0000   -0.0000    0.0000    0.0000   -0.0000   -0.0000   -0.0000    0.0000   -0.0000   -0.0000
   26 H6     1s        -0.0000    0.0000   -0.0000   -0.0000    0.0000   -0.0000   -0.0000    0.0000    0.0000   -0.0000
   27 H6     2s        -0.0000    0.0000    0.0000   -0.0000    0.0000   -0.0000   -0.0000    0.0000    0.0000   -0.0000
   28 H6     2px        0.0798    0.1671   -0.0623    0.2909   -0.1235   -0.1591    0.2060   -0.1658    0.2034    0.1789
   29 H6     2py       -0.3441    0.0623    0.1671    0.1235    0.2909   -0.2060   -0.1591   -0.2034   -0.1658    0.2756
   30 H6     2pz       -0.0000    0.0000    0.0000   -0.0000   -0.0000    0.0000    0.0000   -0.0000    0.0000    0.0000
   31 H7     1s         0.0000   -0.0000   -0.0000    0.0000   -0.0000   -0.0000    0.0000   -0.0000   -0.0000    0.0000
   32 H7     2s         0.0000   -0.0000   -0.0000    0.0000   -0.0000   -0.0000    0.0000    0.0000   -0.0000    0.0000
   33 H7     2px        0.0798   -0.1671    0.0623    0.2909   -0.1235    0.1591   -0.2060   -0.1658    0.2034   -0.1789
   34 H7     2py       -0.3441   -0.0623   -0.1671    0.1235    0.2909    0.2060    0.1591   -0.2034   -0.1658   -0.2756
   35 H7     2pz        0.0000   -0.0000   -0.0000    0.0000    0.0000   -0.0000   -0.0000    0.0000    0.0000   -0.0000
   36 H8     1s        -0.0000    0.0000    0.0000   -0.0000    0.0000    0.0000   -0.0000   -0.0000    0.0000   -0.0000
   37 H8     2s        -0.0000    0.0000    0.0000   -0.0000    0.0000    0.0000   -0.0000    0.0000    0.0000   -0.0000
   38 H8     2px        0.0395   -0.3549    0.1323   -0.0854    0.0363    0.1959   -0.2537    0.2068   -0.2536   -0.0500
   39 H8     2py       -0.1705   -0.1323   -0.3549   -0.0363   -0.0854    0.2537    0.1959    0.2536    0.2068   -0.0771
   40 H8     2pz        0.0000   -0.0000    0.0000    0.0000   -0.0000   -0.0000    0.0000    0.0000   -0.0000    0.0000
   41 H9     1s         0.0000    0.0000   -0.0000    0.0000   -0.0000    0.0000    0.0000    0.0000    0.0000   -0.0000
   42 H9     2s         0.0000    0.0000   -0.0000    0.0000   -0.0000   -0.0000    0.0000   -0.0000    0.0000    0.0000
   43 H9     2px       -0.0210   -0.2346    0.0874   -0.3525    0.1497   -0.1135    0.1470    0.1143   -0.1402    0.2156
   44 H9     2py        0.0905   -0.0874   -0.2346   -0.1497   -0.3525   -0.1470   -0.1135    0.1402    0.1143    0.3323
   45 H9     2pz       -0.0000    0.0000    0.0000   -0.0000    0.0000    0.0000   -0.0000   -0.0000    0.0000   -0.0000
   46 H10    1s         0.0000   -0.0000    0.0000   -0.0000    0.0000   -0.0000   -0.0000    0.0000   -0.0000    0.0000
   47 H10    2s        -0.0000   -0.0000    0.0000   -0.0000    0.0000   -0.0000   -0.0000    0.0000   -0.0000   -0.0000
   48 H10    2px       -0.0706    0.0884   -0.0329   -0.1623    0.0689   -0.2217    0.2870   -0.2346    0.2877   -0.1046
   49 H10    2py        0.3045    0.0329    0.0884   -0.0689   -0.1623   -0.2870   -0.2217   -0.2877   -0.2346   -0.1612
   50 H10    2pz        0.0000   -0.0000   -0.0000   -0.0000   -0.0000   -0.0000   -0.0000    0.0000    0.0000   -0.0000
   51 H11    1s        -0.0000    0.0000   -0.0000    0.0000    0.0000    0.0000    0.0000   -0.0000    0.0000    0.0000
   52 H11    2s         0.0000   -0.0000    0.0000    0.0000   -0.0000    0.0000    0.0000   -0.0000    0.0000    0.0000
   53 H11    2px       -0.0847    0.3361   -0.1253    0.2401   -0.1020    0.0618   -0.0800   -0.0554    0.0680   -0.1414
   54 H11    2py        0.3650    0.1253    0.3361    0.1020    0.2401    0.0800    0.0618   -0.0680   -0.0554   -0.2180
   55 H11    2pz       -0.0000   -0.0000    0.0000    0.0000    0.0000   -0.0000    0.0000    0.0000   -0.0000   -0.0000
   56 H12    1s         0.0000   -0.0000   -0.0000   -0.0000    0.0000    0.0000   -0.0000   -0.0000   -0.0000   -0.0000
   57 H12    2s        -0.0000   -0.0000    0.0000   -0.0000   -0.0000   -0.0000   -0.0000    0.0000   -0.0000   -0.0000
   58 H12    2px       -0.0558    0.2906   -0.1083    0.3291   -0.1398    0.2347   -0.3039    0.2471   -0.3030    0.2052
   59 H12    2py        0.2403    0.1083    0.2906    0.1398    0.3291    0.3039    0.2347    0.3030    0.2471    0.3163
   60 H12    2pz       -0.0000   -0.0000    0.0000   -0.0000   -0.0000    0.0000    0.0000   -0.0000    0.0000    0.0000
 
 
      Orbital               41        42        43        44        45        46        47        48        49        50
      Energy            0.9873    1.0126    1.0126    1.0346    1.0346    1.0517    1.0517    1.0627    1.0627    1.0680
      Occ. No.          0.0000    0.0000    0.0000    0.0000    0.0000    0.0000    0.0000    0.0000    0.0000    0.0000
 
    1 H1     1s         0.0000   -0.0000   -0.0000    0.0000    0.0000    0.0000   -0.0000    0.0000    0.0000    0.0912
    2 H1     2s        -0.0000   -0.0000   -0.0000    0.0000    0.0000   -0.0000   -0.0000    0.0000    0.0000    0.1845
    3 H1     2px        0.3163    0.2781   -0.1915   -0.2325    0.1484    0.1815   -0.0718   -0.0126   -0.1003    0.0000
    4 H1     2py       -0.2052    0.1915    0.2781   -0.1484   -0.2325    0.0718    0.1815   -0.1003    0.0126    0.0000
    5 H1     2pz       -0.0000   -0.0000   -0.0000    0.0000    0.0000   -0.0000   -0.0000    0.0000    0.0000    0.2025
    6 H2     1s         0.0000    0.0000   -0.0000   -0.0000   -0.0000    0.0000    0.0000   -0.0000   -0.0000   -0.2420
    7 H2     2s         0.0000    0.0000    0.0000   -0.0000   -0.0000    0.0000    0.0000   -0.0000   -0.0000   -0.4946
    8 H2     2px       -0.2180   -0.3095    0.2132    0.3421   -0.2183   -0.3163    0.1252    0.0242    0.1917   -0.0000
    9 H2     2py        0.1414   -0.2132   -0.3095    0.2183    0.3421   -0.1252   -0.3163    0.1917   -0.0242   -0.0000
   10 H2     2pz        0.0000    0.0000   -0.0000   -0.0000    0.0000    0.0000    0.0000   -0.0000   -0.0000   -0.2157
   11 H3     1s        -0.0000   -0.0000   -0.0000    0.0000    0.0000   -0.0000   -0.0000    0.0000    0.0000    0.2946
   12 H3     2s        -0.0000   -0.0000    0.0000    0.0000    0.0000   -0.0000   -0.0000    0.0000    0.0000    0.6042
   13 H3     2px       -0.1612    0.0750   -0.0516   -0.2810    0.1793    0.3798   -0.1503   -0.0344   -0.2727    0.0000
   14 H3     2py        0.1046    0.0516    0.0750   -0.1793   -0.2810    0.1503    0.3798   -0.2727    0.0344    0.0000
   15 H3     2pz        0.0000   -0.0000   -0.0000    0.0000   -0.0000   -0.0000    0.0000   -0.0000    0.0000   -0.0180
   16 H4     1s         0.0000    0.0000    0.0000   -0.0000   -0.0000    0.0000    0.0000   -0.0000   -0.0000   -0.1413
   17 H4     2s         0.0000    0.0000    0.0000   -0.0000   -0.0000    0.0000    0.0000   -0.0000   -0.0000   -0.2891
   18 H4     2px        0.3323    0.2225   -0.1532    0.0805   -0.0514   -0.3570    0.1413    0.0426    0.3378   -0.0000
   19 H4     2py       -0.2156    0.1532    0.2225    0.0514    0.0805   -0.1413   -0.3570    0.3378   -0.0426   -0.0000
   20 H4     2pz       -0.0000   -0.0000    0.0000    0.0000    0.0000   -0.0000   -0.0000    0.0000    0.0000    0.3088
   21 H5     1s        -0.0000   -0.0000   -0.0000    0.0000   -0.0000   -0.0000    0.0000   -0.0000   -0.0000   -0.1556
   22 H5     2s        -0.0000   -0.0000   -0.0000    0.0000    0.0000   -0.0000    0.0000   -0.0000    0.0000   -0.3178
   23 H5     2px       -0.0771   -0.3300    0.2273    0.1612   -0.1029    0.2527   -0.1000   -0.0484   -0.3836    0.0000
   24 H5     2py        0.0500   -0.2273   -0.3300    0.1029    0.1612    0.1000    0.2527   -0.3836    0.0484    0.0000
   25 H5     2pz        0.0000    0.0000   -0.0000   -0.0000    0.0000    0.0000    0.0000   -0.0000   -0.0000   -0.3969
   26 H6     1s        -0.0000   -0.0000    0.0000   -0.0000   -0.0000   -0.0000   -0.0000    0.0000    0.0000    0.3911
   27 H6     2s        -0.0000    0.0000    0.0000   -0.0000   -0.0000    0.0000   -0.0000    0.0000    0.0000    0.8025
   28 H6     2px       -0.2756    0.1545   -0.1064   -0.3216    0.2052   -0.0914    0.0362    0.0514    0.4071   -0.0000
   29 H6     2py        0.1789    0.1064    0.1545   -0.2052   -0.3216   -0.0362   -0.0914    0.4071   -0.0514   -0.0000
   30 H6     2pz       -0.0000   -0.0000   -0.0000    0.0000   -0.0000   -0.0000    0.0000    0.0000    0.0000    0.1810
   31 H7     1s         0.0000   -0.0000   -0.0000   -0.0000    0.0000   -0.0000   -0.0000   -0.0000   -0.0000   -0.3911
   32 H7     2s         0.0000   -0.0000   -0.0000    0.0000    0.0000   -0.0000   -0.0000   -0.0000   -0.0000   -0.8025
   33 H7     2px        0.2756    0.1545   -0.1064    0.3216   -0.2052   -0.0914    0.0362   -0.0514   -0.4071    0.0000
   34 H7     2py       -0.1789    0.1064    0.1545    0.2052    0.3216   -0.0362   -0.0914   -0.4071    0.0514    0.0000
   35 H7     2pz       -0.0000   -0.0000    0.0000   -0.0000    0.0000   -0.0000   -0.0000    0.0000    0.0000    0.1810
   36 H8     1s        -0.0000    0.0000    0.0000    0.0000   -0.0000    0.0000    0.0000    0.0000    0.0000    0.1556
   37 H8     2s        -0.0000    0.0000    0.0000   -0.0000   -0.0000    0.0000    0.0000    0.0000    0.0000    0.3178
   38 H8     2px        0.0771   -0.3300    0.2273   -0.1612    0.1029    0.2527   -0.1000    0.0484    0.3836   -0.0000
   39 H8     2py       -0.0500   -0.2273   -0.3300   -0.1029   -0.1612    0.1000    0.2527    0.3836   -0.0484   -0.0000
   40 H8     2pz        0.0000    0.0000   -0.0000   -0.0000    0.0000    0.0000    0.0000   -0.0000   -0.0000   -0.3969
   41 H9     1s         0.0000   -0.0000   -0.0000    0.0000    0.0000   -0.0000   -0.0000    0.0000    0.0000    0.1413
   42 H9     2s        -0.0000   -0.0000    0.0000    0.0000   -0.0000   -0.0000   -0.0000    0.0000    0.0000    0.2891
   43 H9     2px       -0.3323    0.2225   -0.1532   -0.0805    0.0514   -0.3570    0.1413   -0.0426   -0.3378    0.0000
   44 H9     2py        0.2156    0.1532    0.2225   -0.0514   -0.0805   -0.1413   -0.3570   -0.3378    0.0426   -0.0000
   45 H9     2pz       -0.0000   -0.0000    0.0000   -0.0000   -0.0000   -0.0000   -0.0000    0.0000    0.0000    0.3088
   46 H10    1s         0.0000    0.0000   -0.0000   -0.0000    0.0000    0.0000    0.0000   -0.0000   -0.0000   -0.2946
   47 H10    2s         0.0000    0.0000   -0.0000   -0.0000    0.0000    0.0000    0.0000   -0.0000   -0.0000   -0.6042
   48 H10    2px        0.1612    0.0750   -0.0516    0.2810   -0.1793    0.3798   -0.1503    0.0344    0.2727   -0.0000
   49 H10    2py       -0.1046    0.0516    0.0750    0.1793    0.2810    0.1503    0.3798    0.2727   -0.0344    0.0000
   50 H10    2pz        0.0000   -0.0000    0.0000    0.0000    0.0000   -0.0000   -0.0000   -0.0000   -0.0000   -0.0180
   51 H11    1s        -0.0000   -0.0000    0.0000    0.0000    0.0000   -0.0000   -0.0000    0.0000    0.0000    0.2420
   52 H11    2s        -0.0000   -0.0000    0.0000    0.0000   -0.0000   -0.0000   -0.0000    0.0000    0.0000    0.4946
   53 H11    2px        0.2180   -0.3095    0.2132   -0.3421    0.2183   -0.3163    0.1252   -0.0242   -0.1917    0.0000
   54 H11    2py       -0.1414   -0.2132   -0.3095   -0.2183   -0.3421   -0.1252   -0.3163   -0.1917    0.0242   -0.0000
   55 H11    2pz        0.0000    0.0000   -0.0000   -0.0000    0.0000    0.0000    0.0000   -0.0000   -0.0000   -0.2157
   56 H12    1s         0.0000   -0.0000   -0.0000   -0.0000    0.0000    0.0000    0.0000   -0.0000   -0.0000   -0.0912
   57 H12    2s         0.0000    0.0000   -0.0000   -0.0000    0.0000    0.0000    0.0000   -0.0000   -0.0000   -0.1845
   58 H12    2px       -0.3163    0.2781   -0.1915    0.2325   -0.1484    0.1815   -0.0718    0.0126    0.1003   -0.0000
   59 H12    2py        0.2052    0.1915    0.2781    0.1484    0.2325    0.0718    0.1815    0.1003   -0.0126    0.0000
   60 H12    2pz       -0.0000   -0.0000   -0.0000    0.0000   -0.0000   -0.0000   -0.0000    0.0000    0.0000    0.2025
 
 
      Orbital               51        52        53        54        55        56        57        58        59        60
      Energy            1.0703    1.0847    1.0851    1.1169    1.1626    1.2158    1.2715    1.3239    1.3669    1.3953
      Occ. No.          0.0000    0.0000    0.0000    0.0000    0.0000    0.0000    0.0000    0.0000    0.0000    0.0000
 
    1 H1     1s         0.0557   -0.0624   -0.1289    0.1154   -0.1043    0.0958   -0.0857    0.0716   -0.0521    0.0276
    2 H1     2s         0.0982   -0.1134   -0.2660    0.2434   -0.2121    0.1784   -0.1418    0.1052   -0.0693    0.0344
    3 H1     2px        0.0000   -0.0000   -0.0000   -0.0000    0.0000   -0.0000    0.0000   -0.0000    0.0000   -0.0000
    4 H1     2py        0.0000   -0.0000   -0.0000    0.0000   -0.0000    0.0000   -0.0000    0.0000   -0.0000    0.0000
    5 H1     2pz        0.0590   -0.0856   -0.3330    0.3780   -0.3961    0.3886   -0.3520    0.2897   -0.2061    0.1071
    6 H2     1s        -0.1771    0.1912    0.3208   -0.2435    0.1723   -0.1100    0.0541   -0.0122   -0.0098    0.0114
    7 H2     2s        -0.3564    0.3796    0.6397   -0.4587    0.2958   -0.1731    0.0858   -0.0329    0.0070    0.0010
    8 H2     2px       -0.0000    0.0000    0.0000    0.0000   -0.0000   -0.0000    0.0000   -0.0000    0.0000    0.0000
    9 H2     2py        0.0000    0.0000    0.0000    0.0000   -0.0000    0.0000    0.0000   -0.0000    0.0000   -0.0000
   10 H2     2pz       -0.1715    0.1725    0.2340   -0.0576   -0.1436    0.3244   -0.4445    0.4707   -0.3915    0.2219
   11 H3     1s         0.3499   -0.3551   -0.3237    0.1195    0.0070   -0.0586    0.0554   -0.0209   -0.0113    0.0177
   12 H3     2s         0.7115   -0.7087   -0.6444    0.2266   -0.0005   -0.0651    0.0493   -0.0093   -0.0170    0.0176
   13 H3     2px        0.0000   -0.0000    0.0000   -0.0000    0.0000    0.0000   -0.0000    0.0000    0.0000   -0.0000
   14 H3     2py       -0.0000   -0.0000   -0.0000    0.0000   -0.0000    0.0000    0.0000    0.0000   -0.0000    0.0000
   15 H3     2pz        0.2185   -0.1701    0.1941   -0.4123    0.4163   -0.2092   -0.1107    0.3834   -0.4673    0.3143
   16 H4     1s        -0.4677    0.4800    0.1062    0.0813   -0.0809   -0.0025    0.0634   -0.0593    0.0159    0.0101
   17 H4     2s        -0.9543    0.9602    0.2124    0.1415   -0.1220   -0.0084    0.0745   -0.0601    0.0169    0.0055
   18 H4     2px       -0.0000    0.0000   -0.0000    0.0000   -0.0000    0.0000    0.0000   -0.0000   -0.0000   -0.0000
   19 H4     2py        0.0000    0.0000    0.0000   -0.0000    0.0000   -0.0000   -0.0000   -0.0000    0.0000   -0.0000
   20 H4     2pz       -0.0956    0.0765   -0.4041    0.2008    0.2004   -0.4379    0.2936    0.1199   -0.4466    0.3941
   21 H5     1s         0.4149   -0.5311    0.0954   -0.0458   -0.0757    0.0952   -0.0114   -0.0480    0.0279    0.0073
   22 H5     2s         0.8477   -1.0628    0.1868   -0.0785   -0.1226    0.1289   -0.0136   -0.0440    0.0214    0.0072
   23 H5     2px        0.0000    0.0000    0.0000    0.0000   -0.0000   -0.0000   -0.0000    0.0000    0.0000   -0.0000
   24 H5     2py       -0.0000   -0.0000   -0.0000    0.0000    0.0000    0.0000    0.0000    0.0000    0.0000    0.0000
   25 H5     2pz       -0.1614    0.0158    0.1348    0.3373   -0.3490   -0.1122    0.4551   -0.2147   -0.3159    0.4479
   26 H6     1s        -0.1676    0.5341   -0.0755   -0.1402    0.0884    0.0488   -0.0643   -0.0215    0.0376    0.0024
   27 H6     2s        -0.3410    1.0699   -0.1488   -0.2582    0.1407    0.0621   -0.0711   -0.0201    0.0317    0.0005
   28 H6     2px       -0.0000   -0.0000   -0.0000   -0.0000    0.0000    0.0000    0.0000    0.0000   -0.0000   -0.0000
   29 H6     2py        0.0000   -0.0000   -0.0000   -0.0000   -0.0000   -0.0000    0.0000    0.0000   -0.0000   -0.0000
   30 H6     2pz        0.3701   -0.0217    0.2542   -0.2728   -0.2929    0.3657    0.2130   -0.4353   -0.1149    0.4763
   31 H7     1s        -0.1676   -0.5341   -0.0755    0.1402    0.0884   -0.0488   -0.0643    0.0215    0.0376   -0.0024
   32 H7     2s        -0.3410   -1.0699   -0.1488    0.2582    0.1407   -0.0621   -0.0711    0.0201    0.0317   -0.0005
   33 H7     2px        0.0000    0.0000   -0.0000    0.0000   -0.0000   -0.0000   -0.0000    0.0000   -0.0000    0.0000
   34 H7     2py       -0.0000    0.0000    0.0000    0.0000    0.0000   -0.0000   -0.0000   -0.0000   -0.0000   -0.0000
   35 H7     2pz       -0.3701   -0.0217   -0.2542   -0.2728    0.2929    0.3657   -0.2130   -0.4353    0.1149    0.4763
   36 H8     1s         0.4149    0.5311    0.0954    0.0458   -0.0757   -0.0952   -0.0114    0.0480    0.0279   -0.0073
   37 H8     2s         0.8477    1.0628    0.1868    0.0785   -0.1226   -0.1289   -0.0136    0.0440    0.0214   -0.0072
   38 H8     2px       -0.0000   -0.0000    0.0000    0.0000    0.0000    0.0000   -0.0000   -0.0000   -0.0000   -0.0000
   39 H8     2py       -0.0000   -0.0000    0.0000   -0.0000    0.0000   -0.0000    0.0000   -0.0000   -0.0000   -0.0000
   40 H8     2pz        0.1614    0.0158   -0.1348    0.3373    0.3490   -0.1122   -0.4551   -0.2147    0.3159    0.4479
   41 H9     1s        -0.4677   -0.4800    0.1062   -0.0813   -0.0809    0.0025    0.0634    0.0593    0.0159   -0.0101
   42 H9     2s        -0.9543   -0.9602    0.2124   -0.1415   -0.1220    0.0084    0.0745    0.0601    0.0169   -0.0055
   43 H9     2px        0.0000    0.0000   -0.0000   -0.0000   -0.0000    0.0000    0.0000    0.0000    0.0000    0.0000
   44 H9     2py        0.0000    0.0000   -0.0000    0.0000   -0.0000   -0.0000    0.0000    0.0000   -0.0000    0.0000
   45 H9     2pz        0.0956    0.0765    0.4041    0.2008   -0.2004   -0.4379   -0.2936    0.1199    0.4466    0.3941
   46 H10    1s         0.3499    0.3551   -0.3237   -0.1195    0.0070    0.0586    0.0554    0.0209   -0.0113   -0.0177
   47 H10    2s         0.7115    0.7087   -0.6444   -0.2266   -0.0005    0.0651    0.0493    0.0093   -0.0170   -0.0176
   48 H10    2px       -0.0000   -0.0000    0.0000    0.0000    0.0000   -0.0000   -0.0000   -0.0000   -0.0000   -0.0000
   49 H10    2py       -0.0000   -0.0000    0.0000   -0.0000    0.0000    0.0000   -0.0000   -0.0000   -0.0000    0.0000
   50 H10    2pz       -0.2185   -0.1701   -0.1941   -0.4123   -0.4163   -0.2092    0.1107    0.3834    0.4673    0.3143
   51 H11    1s        -0.1771   -0.1912    0.3208    0.2435    0.1723    0.1100    0.0541    0.0122   -0.0098   -0.0114
   52 H11    2s        -0.3564   -0.3796    0.6397    0.4587    0.2958    0.1731    0.0858    0.0329    0.0070   -0.0010
   53 H11    2px        0.0000    0.0000   -0.0000   -0.0000    0.0000    0.0000   -0.0000    0.0000    0.0000   -0.0000
   54 H11    2py        0.0000    0.0000   -0.0000    0.0000   -0.0000   -0.0000    0.0000    0.0000    0.0000   -0.0000
   55 H11    2pz        0.1715    0.1725   -0.2340   -0.0576    0.1436    0.3244    0.4445    0.4707    0.3915    0.2219
   56 H12    1s         0.0557    0.0624   -0.1289   -0.1154   -0.1043   -0.0958   -0.0857   -0.0716   -0.0521   -0.0276
   57 H12    2s         0.0982    0.1134   -0.2660   -0.2434   -0.2121   -0.1784   -0.1418   -0.1052   -0.0693   -0.0344
   58 H12    2px       -0.0000   -0.0000    0.0000    0.0000   -0.0000   -0.0000    0.0000    0.0000    0.0000    0.0000
   59 H12    2py       -0.0000   -0.0000    0.0000   -0.0000    0.0000    0.0000    0.0000   -0.0000    0.0000    0.0000
   60 H12    2pz       -0.0590   -0.0856    0.3330    0.3780    0.3961    0.3886    0.3520    0.2897    0.2061    0.1071
--
 
      Von Neumann Entropy (Root  1) =  5.64285
 

      Mulliken population analysis for root number:  1
      -----------------------------------------------
 
 
++    Molecular charges:
      ------------------
 
      Mulliken charges per centre and basis function type
      ---------------------------------------------------
 
                H1      H2      H3      H4      H5      H6      H7      H8      H9      H10     H11     H12   
      1s       0.9916  1.0015  1.0021  1.0016  1.0018  1.0017  1.0017  1.0018  1.0016  1.0021  1.0015  0.9916
      2s       0.0062  0.0003 -0.0025 -0.0019 -0.0022 -0.0021 -0.0021 -0.0022 -0.0019 -0.0025  0.0003  0.0062
      2px      0.0000  0.0000  0.0000  0.0000  0.0000  0.0000  0.0000  0.0000  0.0000  0.0000  0.0000  0.0000
      2pz      0.0000  0.0005  0.0004  0.0004  0.0004  0.0004  0.0004  0.0004  0.0004  0.0004  0.0005  0.0000
      2py      0.0000  0.0000  0.0000  0.0000  0.0000  0.0000  0.0000  0.0000  0.0000  0.0000  0.0000  0.0000
      Total    0.9978  1.0022  0.9999  1.0000  1.0000  1.0000  1.0000  1.0000  1.0000  0.9999  1.0022  0.9978
 
      N-E      0.0022 -0.0022  0.0001 -0.0000  0.0000 -0.0000 -0.0000  0.0000 -0.0000  0.0001 -0.0022  0.0022
 
      Total electronic charge=   12.000000
 
      Total            charge=    0.000000
--
 
 

      Expectation values of various properties for root number:  1
      -----------------------------------------------------------
 
 
++    Molecular properties:
      ---------------------
 
      Charge (e):
                      =    0.0000
      Dipole Moment (Debye):
      Origin of the operator (Ang)=    0.0000    0.0000    0.0000
                   X= -5.0271E-14               Y=  1.3218E-13               Z= -8.6689E-13           Total=  8.7835E-13
      Quadrupole Moment (Debye*Ang):
      Origin of the operator (Ang)=    0.0000    0.0000   13.8333
                  XX= -1.8266E+01              XY= -1.2119E-27              XZ= -6.4997E-13              YY= -1.8266E+01
                  YZ= -6.4974E-14              ZZ= -1.7478E+01
      In traceless form (Debye*Ang)
                  XX= -3.9379E-01              XY= -1.8179E-27              XZ= -9.7496E-13              YY= -3.9379E-01
                  YZ= -9.7460E-14              ZZ=  7.8757E-01
--
 

      LoProp population analysis for root number:  1
      -----------------------------------------------
 
 
++    LoProp analysis:
      ----------------
 
 
 
  Input file to MOLDEN was generated!
 
 
++    Static properties:
      ------------------
 
 
      LoProp Charges per center
 

                   H1       H2       H3       H4       H5       H6       H7       H8       H9       H10   
      Nuclear      1.0000   1.0000   1.0000   1.0000   1.0000   1.0000   1.0000   1.0000   1.0000   1.0000
      Electronic  -1.0001  -0.9999  -0.9999  -1.0000  -1.0000  -1.0000  -1.0000  -1.0000  -1.0000  -0.9999
 
      Total       -0.0001   0.0001   0.0001  -0.0000   0.0000  -0.0000  -0.0000   0.0000  -0.0000   0.0001
 

                   H11      H12   
      Nuclear      1.0000   1.0000
      Electronic  -0.9999  -1.0001
 
      Total        0.0001  -0.0001
--
 
 
      Natural Bond Order analysis for root number:  1
 
++    Natural Bond Order analysis
      ---------------------------
      Based on LoProp computed density
      -------------------------------------------------------------------------------------
      Atom A       Atom B       Bond Order
      -------------------------------------------------------------------------------------
      The remaining   12.000 electrons are to be considered as diffuse
--
 
--
 
 
  Input file to MOLDEN was generated!
 
      Average orbitals are written to the RASORB file
      Natural orbitals for root   1 are written to the RASORB.1 file
      Spin density orbitals for root   1 are written to the SPDORB.1 file
 
forrtl: warning (525): IEEE_DIVIDE_BY_ZERO is signaling
forrtl: warning (526): IEEE_INVALID is signaling
forrtl: warning (528): IEEE_UNDERFLOW is signaling
--- Stop Module: rasscf at Tue Oct 28 19:21:47 2025 /rc=_RC_ALL_IS_WELL_ ---
*** files: H12_2.52.LprOrb H12_2.52.rasscf.molden H12_2.52.LoProp.molden H12_2.52.RasOrb.1 H12_2.52.RasOrb H12_2.52.rasscf.h5 H12_2.52.SpdOrb.1 xmldump
    saved to directory /home/grierjones/DDCASPT2/hydrogen_comps/rerun/H12_chain/H12_2.52
--- Module rasscf spent 8 minutes 35 seconds ---

>>> COPY /tmp/H12_2.52/H12_2.52.rasscf.h5 /home/grierjones/DDCASPT2/hydrogen_comps/rerun/H12_chain/H12_2.52/

>>> COPY /tmp/H12_2.52/GMJ_Fock_MO.csv /home/grierjones/DDCASPT2/hydrogen_comps/rerun/H12_chain/H12_2.52/H12_2.52.GMJ_Fock_MO.csv

*** symbolic link created: INPORB -> H12_2.52.RasOrb
--- Start Module: motra at Tue Oct 28 19:21:47 2025 ---
 
()()()()()()()()()()()()()()()()()()()()()()()()()()()()()()()()()()()()()()()()()()()()()()()()()()

                                               &MOTRA

                                   only a single process is used
                       available to each process: 2.0 GB of memory, 1 thread?
()()()()()()()()()()()()()()()()()()()()()()()()()()()()()()()()()()()()()()()()()()()()()()()()()()
 
 
      *** WARNING: Default frozen orbitals is overwritten by user input.
      *** Default values:   0
 
      Header of the integral files:
      
       Integrals generated by seward 4.2.0  , Tue Oct 28 19:13:11 2025
 
 
      Header of MO coefficients source file:
      * RASSCF average (pseudo-natural) orbitals                                      
 
 
      Cartesian coordinates in Angstrom:
      -----------------------------------------------------
      No.  Label        X            Y            Z        
      -----------------------------------------------------
       1   H1         0.00000000   0.00000000   0.00000000
       2   H2         0.00000000   0.00000000   2.51515200
       3   H3         0.00000000   0.00000000   5.03030300
       4   H4         0.00000000   0.00000000   7.54545500
       5   H5         0.00000000   0.00000000  10.06060600
       6   H6         0.00000000   0.00000000  12.57575800
       7   H7         0.00000000   0.00000000  15.09090900
       8   H8         0.00000000   0.00000000  17.60606100
       9   H9         0.00000000   0.00000000  20.12121200
      10   H10        0.00000000   0.00000000  22.63636400
      11   H11        0.00000000   0.00000000  25.15151500
      12   H12        0.00000000   0.00000000  27.66666700
      -----------------------------------------------------
      Nuclear repulsion energy =    5.31007925
 
      Orbital specifications:
      -----------------------
 
      Symmetry species:              1
      Number of basis functions:    60
      Frozen orbitals:               0
      Deleted orbitals:              0
      Number of orbitals used:      60

       SYMMETRY  BASIS FUNCTIONS       ORBITALS      INTEGRALS   CPU(SEC)  I/O(SEC)
        1 1 1 1   60  60  60  60    60  60  60  60     1675365       0.00      0.00

       TOTAL CPU TIME(SEC)    1.08TOTAL I/O TIME(SEC)    2.45
 
--- Stop Module: motra at Tue Oct 28 19:21:50 2025 /rc=_RC_ALL_IS_WELL_ ---
*** files: xmldump
    saved to directory /home/grierjones/DDCASPT2/hydrogen_comps/rerun/H12_chain/H12_2.52
--- Module motra spent 2 seconds ---

>>> COPY /tmp/H12_2.52/GMJ_one_int_indx.csv /home/grierjones/DDCASPT2/hydrogen_comps/rerun/H12_chain/H12_2.52/H12_2.52.GMJ_one_int_indx.csv

>>> COPY /tmp/H12_2.52/GMJ_one_int.csv /home/grierjones/DDCASPT2/hydrogen_comps/rerun/H12_chain/H12_2.52/H12_2.52.GMJ_one_int.csv

>>> COPY /tmp/H12_2.52/GMJ_two_int_indx.csv /home/grierjones/DDCASPT2/hydrogen_comps/rerun/H12_chain/H12_2.52/H12_2.52.GMJ_two_int_indx.csv

>>> COPY /tmp/H12_2.52/GMJ_two_int.csv /home/grierjones/DDCASPT2/hydrogen_comps/rerun/H12_chain/H12_2.52/H12_2.52.GMJ_two_int.csv

*** symbolic link created: INPORB -> H12_2.52.RasOrb
--- Start Module: caspt2 at Tue Oct 28 19:21:50 2025 ---
 
()()()()()()()()()()()()()()()()()()()()()()()()()()()()()()()()()()()()()()()()()()()()()()()()()()

                                              &CASPT2

                                   only a single process is used
                       available to each process: 2.0 GB of memory, 1 thread?
()()()()()()()()()()()()()()()()()()()()()()()()()()()()()()()()()()()()()()()()()()()()()()()()()()
 
 Cholesky algorithm in CASPT2 =    1
 
 ###############################################################################
 ###############################################################################
 ###                                                                         ###
 ###                                                                         ###
 ###    User changed nr of frozen orbitals.                                  ###
 ###                                                                         ###
 ###                                                                         ###
 ###############################################################################
 ###############################################################################
 
++    Wave function specifications:
      -----------------------------
 
      Number of closed shell electrons           0
      Number of electrons in active shells      12
      Max number of holes in RAS1 space          0
      Max number of electrons in RAS3 space      0
      Number of inactive orbitals                0
      Number of active orbitals                 12
      Number of secondary orbitals              48
      Spin quantum number                      0.0
      State symmetry                             1
      Number of CSFs                        226512
      Number of root(s) available                1
      Root passed to geometry opt.               1
      A file JOBMIX will be created.
      This is a CASSCF or RASSCF reference function
--
 
++    Orbital specifications:
      -----------------------
 
      Symmetry species                           1
                                                 a
      Frozen orbitals                            0
      Inactive orbitals                          0
      Active orbitals                           12
      Secondary orbitals                        48
      Deleted orbitals                           0
      Number of basis functions                 60
--
 
      Type of Fock operator: STANDARD
      Type of 0-order Hamiltonian: STANDARD WITH DEFAULT IPEA
        "IP-EA" denominator shift =      0.25
      The input orbitals and the CI vector will be transformed.
 
--------------------------------------------------------------------------------
 Estimated memory requirements:
  POLY3 :                 54392696
  RHS:                     1916944
  SIGMA :                   616912
  PRPCTL:                        0
 Available workspace:    230179958
 
++ CASPT2 computation for group   1
 
********************************************************************************
 Multi-State initialization phase begins for group   1
--------------------------------------------------------------------------------
********************************************************************************
 Compute H0 matrices for state    1
--------------------------------------------------------------------------------
--------------------------------------------------------------------------------
 H0 matrices have been computed.
 
********************************************************************************
  CASPT2 EQUATION SOLUTION
--------------------------------------------------------------------------------
 
  Total nr of CASPT2 parameters:
   Before reduction:      249120
   After  reduction:      248160
 
 The contributions to the second order correlation energy in atomic units.
-----------------------------------------------------------------------------------------------------------------------------
  IT.      VJTU        VJTI        ATVX        AIVX        VJAI        BVAT        BJAT        BJAI        TOTAL       RNORM  
-----------------------------------------------------------------------------------------------------------------------------
   1     0.000000    0.000000   -0.001498    0.000000    0.000000   -0.003586    0.000000    0.000000   -0.005084    0.001044
   2     0.000000    0.000000   -0.001512    0.000000    0.000000   -0.003590    0.000000    0.000000   -0.005102    0.000221
   3     0.000000    0.000000   -0.001516    0.000000    0.000000   -0.003591    0.000000    0.000000   -0.005107    0.000070
   4     0.000000    0.000000   -0.001515    0.000000    0.000000   -0.003591    0.000000    0.000000   -0.005106    0.000016
   5     0.000000    0.000000   -0.001515    0.000000    0.000000   -0.003591    0.000000    0.000000   -0.005105    0.000004
-------------------------------------------------------------------------------------------------------------------
 
  FINAL CASPT2 RESULT:
 
  Correlation energy /Case, /Symm, and sums:
 VJTU      0.00000000  0.00000000
 VJTIP     0.00000000  0.00000000
 VJTIM     0.00000000  0.00000000
 ATVX     -0.00151476 -0.00151476
 AIVX      0.00000000  0.00000000
 VJAIP     0.00000000  0.00000000
 VJAIM     0.00000000  0.00000000
 BVATP    -0.00323969 -0.00323969
 BVATM    -0.00035104 -0.00035104
 BJATP     0.00000000  0.00000000
 BJATM     0.00000000  0.00000000
 BJAIP     0.00000000  0.00000000
 BJAIM     0.00000000  0.00000000
 Summed:  -0.00510549 -0.00510549
 
      Reference energy:          -6.0040662673
      E2 (Non-variational):      -0.0051054931
      E2 (Variational):          -0.0051054923
      Total energy:              -6.0091717596
      Residual norm:              0.0000007549
      Reference weight:           0.99662
 
      Contributions to the CASPT2 correlation energy
      Active & Virtual Only:         -0.0051054931
      One Inactive Excited:           0.0000000000
      Two Inactive Excited:           0.0000000000
 
 
++ Denominators, etc.
----------------------------------------------------------------------------------------------------
 Report on small energy denominators, large coefficients, and large energy contributions.
CASE  SYMM ACTIVE-MIX  NON-ACTIVE INDICES          DENOMINATOR     RHS VALUE       COEFFICIENT     CONTRIBUTION
--
 
   (Skipping property calculation,
    use PROP keyword to activate)
--
 
  Total CASPT2 energies:
::    CASPT2 Root  1     Total energy:     -6.00917176
 
  A NEW JOBIPH FILE NAMED 'JOBMIX' IS PREPARED.
********************************************************************************
forrtl: warning (528): IEEE_UNDERFLOW is signaling
--- Stop Module: caspt2 at Tue Oct 28 19:23:19 2025 /rc=_RC_ALL_IS_WELL_ ---
*** files: xmldump
    saved to directory /home/grierjones/DDCASPT2/hydrogen_comps/rerun/H12_chain/H12_2.52
--- Module caspt2 spent 1 minute 29 seconds ---

>>> EXPORT i = B

>>> EXPORT j = P

>>> IF (-FILE GMJ_e2_${i}_${j}_1_.csv)
(Skipped)

>>> END FOREACH

>>> EXPORT j = M

>>> IF (-FILE GMJ_e2_${i}_${j}_1_.csv)
(Skipped)

>>> END FOREACH

>>> END FOREACH

>>> EXPORT i = E

>>> EXPORT j = P

>>> IF (-FILE GMJ_e2_${i}_${j}_1_.csv)
(Skipped)

>>> END FOREACH

>>> EXPORT j = M

>>> IF (-FILE GMJ_e2_${i}_${j}_1_.csv)
(Skipped)

>>> END FOREACH

>>> END FOREACH

>>> EXPORT i = F

>>> EXPORT j = P

>>> IF (-FILE GMJ_e2_${i}_${j}_1_.csv)

>>> COPY /tmp/H12_2.52/GMJ_RHS_F_P_1_.csv /home/grierjones/DDCASPT2/hydrogen_comps/rerun/H12_chain/H12_2.52/GMJ_RHS_F_P_1_.csv

>>> COPY /tmp/H12_2.52/GMJ_IVECW_F_P_1_.csv /home/grierjones/DDCASPT2/hydrogen_comps/rerun/H12_chain/H12_2.52/GMJ_IVECW_F_P_1_.csv

>>> COPY /tmp/H12_2.52/GMJ_IVECX_F_P_1_.csv /home/grierjones/DDCASPT2/hydrogen_comps/rerun/H12_chain/H12_2.52/GMJ_IVECX_F_P_1_.csv

>>> COPY /tmp/H12_2.52/GMJ_IVECC2_F_P_1_.csv /home/grierjones/DDCASPT2/hydrogen_comps/rerun/H12_chain/H12_2.52/GMJ_IVECC2_F_P_1_.csv

>>> COPY /tmp/H12_2.52/GMJ_e2_F_P_1_.csv /home/grierjones/DDCASPT2/hydrogen_comps/rerun/H12_chain/H12_2.52/GMJ_e2_F_P_1_.csv

>>> END FOREACH

>>> EXPORT j = M

>>> IF (-FILE GMJ_e2_${i}_${j}_1_.csv)

>>> COPY /tmp/H12_2.52/GMJ_RHS_F_M_1_.csv /home/grierjones/DDCASPT2/hydrogen_comps/rerun/H12_chain/H12_2.52/GMJ_RHS_F_M_1_.csv

>>> COPY /tmp/H12_2.52/GMJ_IVECW_F_M_1_.csv /home/grierjones/DDCASPT2/hydrogen_comps/rerun/H12_chain/H12_2.52/GMJ_IVECW_F_M_1_.csv

>>> COPY /tmp/H12_2.52/GMJ_IVECX_F_M_1_.csv /home/grierjones/DDCASPT2/hydrogen_comps/rerun/H12_chain/H12_2.52/GMJ_IVECX_F_M_1_.csv

>>> COPY /tmp/H12_2.52/GMJ_IVECC2_F_M_1_.csv /home/grierjones/DDCASPT2/hydrogen_comps/rerun/H12_chain/H12_2.52/GMJ_IVECC2_F_M_1_.csv

>>> COPY /tmp/H12_2.52/GMJ_e2_F_M_1_.csv /home/grierjones/DDCASPT2/hydrogen_comps/rerun/H12_chain/H12_2.52/GMJ_e2_F_M_1_.csv

>>> END FOREACH

>>> END FOREACH

>>> EXPORT i = G

>>> EXPORT j = P

>>> IF (-FILE GMJ_e2_${i}_${j}_1_.csv)
(Skipped)

>>> END FOREACH

>>> EXPORT j = M

>>> IF (-FILE GMJ_e2_${i}_${j}_1_.csv)
(Skipped)

>>> END FOREACH

>>> END FOREACH

>>> EXPORT i = H

>>> EXPORT j = P

>>> IF (-FILE GMJ_e2_${i}_${j}_1_.csv)
(Skipped)

>>> END FOREACH

>>> EXPORT j = M

>>> IF (-FILE GMJ_e2_${i}_${j}_1_.csv)
(Skipped)

>>> END FOREACH

>>> END FOREACH

>>> EXPORT i = A

>>> IF (-FILE GMJ_e2_${i}_1_.csv)
(Skipped)

>>> END FOREACH

>>> EXPORT i = C

>>> IF (-FILE GMJ_e2_${i}_1_.csv)

>>> COPY /tmp/H12_2.52/GMJ_RHS_C_1_.csv /home/grierjones/DDCASPT2/hydrogen_comps/rerun/H12_chain/H12_2.52/GMJ_RHS_C_1_.csv

>>> COPY /tmp/H12_2.52/GMJ_IVECW_C_1_.csv /home/grierjones/DDCASPT2/hydrogen_comps/rerun/H12_chain/H12_2.52/GMJ_IVECW_C_1_.csv

>>> COPY /tmp/H12_2.52/GMJ_IVECX_C_1_.csv /home/grierjones/DDCASPT2/hydrogen_comps/rerun/H12_chain/H12_2.52/GMJ_IVECX_C_1_.csv

>>> COPY /tmp/H12_2.52/GMJ_IVECC2_C_1_.csv /home/grierjones/DDCASPT2/hydrogen_comps/rerun/H12_chain/H12_2.52/GMJ_IVECC2_C_1_.csv

>>> COPY /tmp/H12_2.52/GMJ_e2_C_1_.csv /home/grierjones/DDCASPT2/hydrogen_comps/rerun/H12_chain/H12_2.52/GMJ_e2_C_1_.csv

>>> END FOREACH

>>> EXPORT i = D

>>> IF (-FILE GMJ_e2_${i}_1_.csv)
(Skipped)

>>> END FOREACH

.########################.
.# Non-zero return code #.
.########################.

    Timing: Wall=608.28 User=603.20 System=4.91
****************************************
*** WorkDir at /tmp/H12_2.52 cleaned ***
****************************************
