   This run of MOLCAS is using the pymolcas driver

                             OPE
                             OPE          NMOL  CASOP  ENMOLC A   SO
                 OPE        NMOLC        AS  OP EN  MO LC     AS  OP
                OPENM       OL CA        SO  PE NM  OL CA     SOP EN
                OP EN      MO   LC       AS  OP ENMOL  CASO   PENMOL
                OP  EN     MO   LC       AS  OP EN     MO     LC ASO
               OP   E  NMOL  C  AS       OP  EN MO     LC     AS  OP
               OP  E   NMO   LC AS        OPEN  MO     LCASOP EN   M
               O  PEN   MO  LCA  SO
            OPE   NMO   L   CAS    OP
        OPENMOL  CASOP     ENMOL   CASOPE
     OPENMOLCA   SOPENMOLCASOPEN   MOLCASOPE
    OPENMOLCAS   OP           EN   MOL    CAS
    OPENMOLCAS       OP  ENM        O     LCA
    OPENMOLCAS    OPEN  MOLCASO     P  E  NMO
    OPENMOLCAS     OP               E  N  MOL
    OPENMOLCA   SO           PENM   O  L  CAS    OPEN    MO    LCAS
    OPENMOLCA   SOP           ENM   O  L  CAS   OP  EN  MOLC  AS   O
    OPENMOLCA   SOPE           NM      O  LCA   S      OP  EN MO
    OPENMOLC                AS         O  PEN   M      OL  CA  SOPE
    OPENMO        LCASOPE  NMOL        C  ASO   P      ENMOLC     AS
    OPE     NMO      LCA  SO     P     E   NM   OL  CA SO  PE N   MO
          OPENMOLCA            SOPE   NMO        LCAS  O    P  ENMO
     OPENMOLCASOPENMOLCASOPENMOLCASOPENMOLCA
        OPENMOLCASOPENMOLCASOPENMOLCASOPE
            OPENMOLCASOPENMOLCASOPENM
               OPENMOLCASOPENMOLCA        version: f37762c57
                   OPENMOLCASO
                       OPE                tag:

 OpenMolcas is free software; you can redistribute it and/or modify it
 under the terms of the GNU Lesser General Public License version 2.1.
 OpenMolcas is distributed in the hope that it will be useful, but it
 is provided "as is" and without any express or implied warranties.
 For more details see the full text of the license in the file
 LICENSE or in <http://www.gnu.org/licenses/>.

                 Copyright (C) The OpenMolcas Authors
           For the author list and the recommended citation,
                   consult the file CONTRIBUTORS.md

           *************************************************
           * pymolcas version py2.28                       *
           *   build c4a6d18ded8cb6cad61d2372a9abd97c      *
           *   (after the EMIL interpreter by V. Veryazov) *
           *************************************************

configuration info
------------------
C Compiler ID: Intel
C flags: -std=gnu99 -gcc-sys
Fortran Compiler ID: IntelLLVM
Fortran flags: -standard-semantics -fltconsistency -fpp -i8 -heap-arrays
Definitions: _MOLCAS_;_I8_;_LINUX_
Parallel: OFF (GA=OFF)


   ----------------------------------------------------------------------------------------
  |
  |              Project: H10_1.55
  |       Submitted from: /home/grierjones/DDCASPT2/hydrogen_comps/rerun/H10_chain/H10_1.55
  |         Scratch area: /tmp/H10_1.55
  |      Save outputs to: /home/grierjones/DDCASPT2/hydrogen_comps/rerun/H10_chain/H10_1.55
  |               Molcas: /home/grierjones/Test/build
  |
  | Scratch area is empty
  |
  |       MOLCAS_DRIVER = /usr/local/pymolcas
  | MOLCAS_KEEP_WORKDIR = NO
  |  MOLCAS_NEW_WORKDIR = YES
  |       MOLCAS_NPROCS = 1
  |        MOLCAS_PRINT = NORMAL
  |       MOLCAS_SOURCE = /home/grierjones/Test
  |    MOLCAS_STRUCTURE = 0
  |
   ----------------------------------------------------------------------------------------

++ ---------   Input file   ---------

&GATEWAY
coord=H10_1.55.xyz
Basis = ANO-RCC-VDZP
Group = nosymm
End of Input

&SEWARD
End of Input

&SCF

>>> COPY $WorkDir/H10_1.55.scf.h5 $CurrDir/

&RASSCF
Title= RASSCF
FileOrb
/home/grierjones/DDCASPT2/hydrogen_comps/rerun/H10_chain/H10_0.60/H10_0.60.RasOrb
NACTEL
10 0 0
Inactive
0
RAS2
10
Symmetry
1
Spin
1
orblisting
all

>>> COPY $WorkDir/H10_1.55.rasscf.h5 $CurrDir/

>>> COPY $WorkDir/GMJ_Fock_MO.csv $CurrDir/H10_1.55.GMJ_Fock_MO.csv

&MOTRA
Frozen=0
LUMORB

>>> COPY $WorkDir/GMJ_one_int_indx.csv $CurrDir/H10_1.55.GMJ_one_int_indx.csv

>>> COPY $WorkDir/GMJ_one_int.csv $CurrDir/H10_1.55.GMJ_one_int.csv

>>> COPY $WorkDir/GMJ_two_int_indx.csv $CurrDir/H10_1.55.GMJ_two_int_indx.csv

>>> COPY $WorkDir/GMJ_two_int.csv $CurrDir/H10_1.55.GMJ_two_int.csv

&CASPT2
Frozen
0

MAXITER
50

>>> FOREACH i IN (B,E,F,G,H)

  >>> FOREACH j IN (P,M)

    >>> IF (-FILE GMJ_e2_${i}_${j}_1_.csv)

      >>> COPY $WorkDir/GMJ_RHS_${i}_${j}_1_.csv $CurrDir/GMJ_RHS_${i}_${j}_1_.csv

      >>> COPY $WorkDir/GMJ_IVECW_${i}_${j}_1_.csv $CurrDir/GMJ_IVECW_${i}_${j}_1_.csv

      >>> COPY $WorkDir/GMJ_IVECX_${i}_${j}_1_.csv $CurrDir/GMJ_IVECX_${i}_${j}_1_.csv

      >>> COPY $WorkDir/GMJ_IVECC2_${i}_${j}_1_.csv $CurrDir/GMJ_IVECC2_${i}_${j}_1_.csv

      >>> COPY $WorkDir/GMJ_e2_${i}_${j}_1_.csv $CurrDir/GMJ_e2_${i}_${j}_1_.csv

    >>> END IF

  >>> END FOREACH

>>> END FOREACH

>>> FOREACH i IN (A,C,D)

  >>> IF (-FILE GMJ_e2_${i}_1_.csv)

    >>> COPY $WorkDir/GMJ_RHS_${i}_1_.csv $CurrDir/GMJ_RHS_${i}_1_.csv

    >>> COPY $WorkDir/GMJ_IVECW_${i}_1_.csv $CurrDir/GMJ_IVECW_${i}_1_.csv

    >>> COPY $WorkDir/GMJ_IVECX_${i}_1_.csv $CurrDir/GMJ_IVECX_${i}_1_.csv

    >>> COPY $WorkDir/GMJ_IVECC2_${i}_1_.csv $CurrDir/GMJ_IVECC2_${i}_1_.csv

    >>> COPY $WorkDir/GMJ_e2_${i}_1_.csv $CurrDir/GMJ_e2_${i}_1_.csv

  >>> END IF

>>> END FOREACH

-- ----------------------------------

--- Start Module: gateway at Sun Oct 26 15:18:44 2025 ---
 
()()()()()()()()()()()()()()()()()()()()()()()()()()()()()()()()()()()()()()()()()()()()()()()()()()

                                              &GATEWAY

                                   only a single process is used
                       available to each process: 2.0 GB of memory, 1 thread?
()()()()()()()()()()()()()()()()()()()()()()()()()()()()()()()()()()()()()()()()()()()()()()()()()()
 
 
++    Symmetry information:
      ---------------------
 
                    Character Table for C1 
 
                             E  
                    a        1  x, y, xy, Rz, z, xz, Ry, yz, Rx, I
--
 
 
++    Basis set information:
      ----------------------
 
 
      Basis set label: H.ANO-RCC...2S1P.
 
      Electronic valence basis set:
      ------------------
      Associated Effective Charge   1.000000 au
      Associated Actual Charge      1.000000 au
      Nuclear Model: Point charge
 
      Shell  nPrim  nBasis  Cartesian Spherical Contaminant
         s       8       2        X                  
         p       4       1        X                  
--
 
 
++    Molecular structure info:
      -------------------------
 
                    ************************************************ 
                    **** Cartesian Coordinates / Bohr, Angstrom **** 
                    ************************************************ 
 
     Center  Label                x              y              z                     x              y              z
        1      H1               0.000000       0.000000       0.000000              0.000000       0.000000       0.000000
        2      H2               0.000000       0.000000       2.920487              0.000000       0.000000       1.545455
        3      H3               0.000000       0.000000       5.840971              0.000000       0.000000       3.090909
        4      H4               0.000000       0.000000       8.761458              0.000000       0.000000       4.636364
        5      H5               0.000000       0.000000      11.681943              0.000000       0.000000       6.181818
        6      H6               0.000000       0.000000      14.602430              0.000000       0.000000       7.727273
        7      H7               0.000000       0.000000      17.522914              0.000000       0.000000       9.272727
        8      H8               0.000000       0.000000      20.443401              0.000000       0.000000      10.818182
        9      H9               0.000000       0.000000      23.363886              0.000000       0.000000      12.363636
       10      H10              0.000000       0.000000      26.284373              0.000000       0.000000      13.909091
 
                    *************************************** 
                    *    InterNuclear Distances / Bohr    * 
                    *************************************** 
 
               1 H1            2 H2            3 H3            4 H4            5 H5            6 H6    
    1 H1       0.000000
    2 H2       2.920487        0.000000
    3 H3       5.840971        2.920485        0.000000
    4 H4       8.761458        5.840971        2.920487        0.000000
    5 H5      11.681943        8.761456        5.840971        2.920485        0.000000
    6 H6      14.602430       11.681943        8.761458        5.840971        2.920487        0.000000
    7 H7      17.522914       14.602428       11.681943        8.761456        5.840971        2.920485
    8 H8      20.443401       17.522914       14.602430       11.681943        8.761458        5.840971
    9 H9      23.363886       20.443399       17.522914       14.602428       11.681943        8.761456
   10 H10     26.284373       23.363886       20.443401       17.522914       14.602430       11.681943
 
               7 H7            8 H8            9 H9           10 H10   
    7 H7       0.000000
    8 H8       2.920487        0.000000
    9 H9       5.840971        2.920485        0.000000
   10 H10      8.761458        5.840971        2.920487        0.000000
 
                    ******************************************* 
                    *    InterNuclear Distances / Angstrom    * 
                    ******************************************* 
 
               1 H1            2 H2            3 H3            4 H4            5 H5            6 H6    
    1 H1       0.000000
    2 H2       1.545455        0.000000
    3 H3       3.090909        1.545454        0.000000
    4 H4       4.636364        3.090909        1.545455        0.000000
    5 H5       6.181818        4.636363        3.090909        1.545454        0.000000
    6 H6       7.727273        6.181818        4.636364        3.090909        1.545455        0.000000
    7 H7       9.272727        7.727272        6.181818        4.636363        3.090909        1.545454
    8 H8      10.818182        9.272727        7.727273        6.181818        4.636364        3.090909
    9 H9      12.363636       10.818181        9.272727        7.727272        6.181818        4.636363
   10 H10     13.909091       12.363636       10.818182        9.272727        7.727273        6.181818
 
               7 H7            8 H8            9 H9           10 H10   
    7 H7       0.000000
    8 H8       1.545455        0.000000
    9 H9       3.090909        1.545454        0.000000
   10 H10      4.636364        3.090909        1.545455        0.000000
 
                    ************************************** 
                    *    Valence Bond Angles / Degree    * 
                    ************************************** 
                          Atom centers                 Phi
                      1 H1       2 H2       3 H3       180.00
                      2 H2       3 H3       4 H4       180.00
                      3 H3       4 H4       5 H5       180.00
                      4 H4       5 H5       6 H6       180.00
                      5 H5       6 H6       7 H7       180.00
                      6 H6       7 H7       8 H8       180.00
                      7 H7       8 H8       9 H9       180.00
                      8 H8       9 H9      10 H10      180.00
--
 
 
            Nuclear Potential Energy              6.60495679 au
 
--- Stop Module: gateway at Sun Oct 26 15:18:44 2025 /rc=_RC_ALL_IS_WELL_ ---
*** files: xmldump
    saved to directory /home/grierjones/DDCASPT2/hydrogen_comps/rerun/H10_chain/H10_1.55

--- Start Module: seward at Sun Oct 26 15:18:44 2025 ---
 
()()()()()()()()()()()()()()()()()()()()()()()()()()()()()()()()()()()()()()()()()()()()()()()()()()

                                              &SEWARD

                                   only a single process is used
                       available to each process: 2.0 GB of memory, 1 thread?
()()()()()()()()()()()()()()()()()()()()()()()()()()()()()()()()()()()()()()()()()()()()()()()()()()
 
               SEWARD will generate:
                  Multipole Moment integrals up to order  2
                  Kinetic Energy integrals
                  Nuclear Attraction integrals (point charge)
                  One-Electron Hamiltonian integrals
                  Velocity integrals
                  Relativistic Douglas-Kroll-Hess integrals:
                    - Parametrization         : EXP
                    - DKH order of Hamiltonian: 2
                    - DKH order of Properties : 0
                         - multipole moment operators
                         - electric potential operators
                         - contact operators
                  Atomic mean-field integrals
                  Two-Electron Repulsion integrals
 
                   Integrals are discarded if absolute value <: 0.10E-13
                   Integral cutoff threshold is set to       <: 0.10E-15
 
            Nuclear Potential Energy              6.60495679 au
 
 
      Basis set specifications :
      Symmetry species         a  
      Basis functions           50
 
 
  Input file to MOLDEN was generated!
 
forrtl: warning (525): IEEE_DIVIDE_BY_ZERO is signaling
forrtl: warning (526): IEEE_INVALID is signaling
forrtl: warning (528): IEEE_UNDERFLOW is signaling
--- Stop Module: seward at Sun Oct 26 15:18:45 2025 /rc=_RC_ALL_IS_WELL_ ---
*** files: H10_1.55.GssOrb H10_1.55.guessorb.h5 H10_1.55.guessorb.molden xmldump
    saved to directory /home/grierjones/DDCASPT2/hydrogen_comps/rerun/H10_chain/H10_1.55

*** symbolic link created: INPORB -> H10_1.55.GssOrb
--- Start Module: scf at Sun Oct 26 15:18:45 2025 ---
 
()()()()()()()()()()()()()()()()()()()()()()()()()()()()()()()()()()()()()()()()()()()()()()()()()()

                                                &SCF

                                   only a single process is used
                       available to each process: 2.0 GB of memory, 1 thread?
()()()()()()()()()()()()()()()()()()()()()()()()()()()()()()()()()()()()()()()()()()()()()()()()()()
 
++    Input section:
      --------------
 
      Header of the integral files:
      
       Integrals generated by seward 4.2.0  , Sun Oct 26 15:18:44 2025
 
 
      Cartesian coordinates in Angstrom:
      -----------------------------------------------------
      No.  Label        X            Y            Z        
      -----------------------------------------------------
       1   H1         0.00000000   0.00000000   0.00000000
       2   H2         0.00000000   0.00000000   1.54545500
       3   H3         0.00000000   0.00000000   3.09090900
       4   H4         0.00000000   0.00000000   4.63636400
       5   H5         0.00000000   0.00000000   6.18181800
       6   H6         0.00000000   0.00000000   7.72727300
       7   H7         0.00000000   0.00000000   9.27272700
       8   H8         0.00000000   0.00000000  10.81818200
       9   H9         0.00000000   0.00000000  12.36363600
      10   H10        0.00000000   0.00000000  13.90909100
      -----------------------------------------------------
      Nuclear repulsion energy =    6.60495679
--
 
++    Orbital specifications:
      -----------------------
 
      Symmetry species               1
                                     a
      Frozen orbitals                0
      Occupied orbitals              5
      Secondary orbitals            45
      Deleted orbitals               0
      Total number of orbitals      50
      Number of basis functions     50
--
 
      Molecular charge                           0.000
 
++    Optimization specifications:
      ----------------------------
 
      SCF Algorithm: Conventional
      Minimized density differences are used
      Number of density matrices in core                5
      Maximum number of NDDO SCF iterations           400
      Maximum number of HF SCF iterations             400
      Threshold for SCF energy change            0.10E-08
      Threshold for density matrix               0.10E-03
      Threshold for Fock matrix                  0.15E-03
      Threshold for linear dependence            0.10E-08
      Threshold at which DIIS is turned on       0.15E+00
      Threshold at which QNR/C2DIIS is turned on 0.75E-01
      Threshold for Norm(delta) (QNR/C2DIIS)     0.20E-04
      DIIS extrapolation of the SCF procedure
      All orbitals punched on: SCFORB
--
 
      Input vectors read from INPORB
      Orbital file label: *Guess orbitals
 
 
++ Convergence information
                                   SCF        iterations: Energy and convergence statistics
 
Iter     Tot. SCF        One-elec.       Two-elec.     Energy      Max Dij or  Max Fij      DNorm      TNorm      AccCon     Time
         Energy          Energy          Energy        Change      Delta Norm                                                in Sec.
   1    -4.843567349   -18.664419119     7.215894976   0.00E+00    0.24E+00*   0.10E+00*    0.42E+01   0.13E+02   None         0.
   2    -4.966664232   -18.670086376     7.098465351  -0.12E+00*   0.10E+00*   0.16E-01*    0.14E+01   0.13E+02   EDIIS        0.
   3    -4.973388991   -18.613678155     7.035332370  -0.67E-02*   0.48E-01*   0.78E-02*    0.30E+00   0.13E+02   EDIIS        0.
   4    -4.974791750   -18.612170401     7.032421858  -0.14E-02*   0.16E-01*   0.63E-02*    0.11E+00   0.13E+02   c2DIIS       0.
   5    -4.975381998   -18.607480898     7.027142107  -0.59E-03*   0.43E-02*   0.99E-03*    0.20E-01   0.13E+02   QNRc2DIIS    0.
   6    -4.975405052   -18.608142472     7.027780627  -0.23E-04*   0.53E-02*   0.45E-03*    0.56E-02   0.13E+02   QNRc2DIIS    0.
   7    -4.975414683   -18.607863178     7.027491702  -0.96E-05*   0.21E-03*   0.42E-04     0.16E-02   0.13E+02   QNRc2DIIS    0.
   8    -4.975414736   -18.607752450     7.027380920  -0.53E-07*   0.32E-04*   0.82E-05     0.27E-03   0.13E+02   QNRc2DIIS    0.
   9    -4.975414738   -18.607740139     7.027368608  -0.16E-08*   0.47E-05    0.11E-05     0.36E-04   0.13E+02   QNRc2DIIS    0.
  10    -4.975414738   -18.607736852     7.027365321  -0.20E-10    0.72E-06    0.16E-06     0.53E-05   0.13E+02   QNRc2DIIS    0.
 
       Convergence after 10 Macro Iterations
--
 
 *****************************************************************************************************************************
 *                                                                                                                           *
 *                                             SCF/KS-DFT Program, Final results                                             *
 *                                                                                                                           *
 *                                                                                                                           *
 *                                                                                                                           *
 *                                                       Final Results                                                       *
 *                                                                                                                           *
 *****************************************************************************************************************************
 
::    Total SCF energy                                 -4.9754147379
      One-electron energy                             -18.6077368521
      Two-electron energy                               7.0273653210
      Nuclear repulsion energy                          6.6049567932
      Kinetic energy (interpolated)                     3.7912102019
      Virial theorem                                    1.3123552831
      Total spin, S(S+1)                                0.0000000000
      Total spin, S                                     0.0000000000
      Max non-diagonal density matrix element           0.0000008205
      Max non-diagonal Fock matrix element              0.0000000228
 
 
      All orbitals with orbital energies smaller than  E(LUMO)+0.5 are printed
 
++    Molecular orbitals:
      -------------------
 
      Title: SCF orbitals

      Molecular orbitals for symmetry species 1: a  
 
          Orbital            1         2         3         4         5         6         7         8         9        10    
          Energy           -0.5335   -0.5090   -0.4689   -0.4141   -0.3510   -0.1038   -0.0227    0.0659    0.1570    0.2407
          Occ. No.          2.0000    2.0000    2.0000    2.0000    2.0000    0.0000    0.0000    0.0000    0.0000    0.0000
 
        1 H1     1s         0.1001   -0.1959    0.2797   -0.3352    0.2975   -0.4090    0.5727   -0.5811    0.4627   -0.2288
        2 H1     2s         0.0045   -0.0097    0.0188   -0.0357    0.0481   -0.1502    0.2609   -0.3288    0.3374   -0.2734
        3 H1     2px       -0.0000    0.0000   -0.0000    0.0000    0.0000    0.0000    0.0000   -0.0000    0.0000   -0.0000
        4 H1     2py        0.0000    0.0000   -0.0000    0.0000   -0.0000    0.0000   -0.0000    0.0000   -0.0000    0.0000
        5 H1     2pz        0.0078   -0.0136    0.0157   -0.0138    0.0084    0.0017   -0.0114    0.0258   -0.0396    0.0411
        6 H2     1s         0.1582   -0.2875    0.3563   -0.3360    0.2078    0.1547   -0.4800    0.7720   -0.8257    0.5433
        7 H2     2s         0.0014   -0.0164    0.0485   -0.0816    0.0746    0.0479   -0.2045    0.3663   -0.4006    0.2242
        8 H2     2px       -0.0000   -0.0000    0.0000   -0.0000    0.0000    0.0000   -0.0000    0.0000    0.0000    0.0000
        9 H2     2py        0.0000   -0.0000    0.0000    0.0000   -0.0000    0.0000   -0.0000    0.0000   -0.0000    0.0000
       10 H2     2pz        0.0027   -0.0006   -0.0078    0.0177   -0.0192    0.0219   -0.0208    0.0022    0.0259   -0.0404
       11 H3     1s         0.2495   -0.3124    0.1220    0.2146   -0.3937    0.4809   -0.2470   -0.3921    0.8832   -0.7197
       12 H3     2s         0.0133   -0.0144   -0.0063    0.0583   -0.1019    0.1766   -0.0967   -0.1871    0.4394   -0.3970
       13 H3     2px       -0.0000   -0.0000    0.0000   -0.0000    0.0000    0.0000   -0.0000    0.0000   -0.0000    0.0000
       14 H3     2py       -0.0000    0.0000   -0.0000    0.0000   -0.0000   -0.0000    0.0000   -0.0000    0.0000    0.0000
       15 H3     2pz        0.0068   -0.0017   -0.0115    0.0181   -0.0113   -0.0134    0.0277   -0.0258   -0.0005    0.0261
       16 H4     1s         0.2835   -0.2699   -0.0424    0.3437   -0.3125   -0.3220    0.5870   -0.1713   -0.7043    0.9416
       17 H4     2s         0.0076   -0.0265    0.0145    0.0552   -0.0904   -0.1121    0.2504   -0.0807   -0.3420    0.4368
       18 H4     2px       -0.0000    0.0000   -0.0000   -0.0000    0.0000   -0.0000    0.0000    0.0000   -0.0000    0.0000
       19 H4     2py       -0.0000    0.0000    0.0000   -0.0000   -0.0000   -0.0000   -0.0000   -0.0000    0.0000    0.0000
       20 H4     2pz       -0.0002    0.0100   -0.0143   -0.0020    0.0187   -0.0233    0.0021    0.0313   -0.0269   -0.0162
       21 H5     1s         0.3185   -0.0581   -0.3287    0.1100    0.3832   -0.4409   -0.2720    0.6711    0.2516   -1.0271
       22 H5     2s         0.0126    0.0105   -0.0418    0.0014    0.1036   -0.1591   -0.1211    0.3099    0.1201   -0.5102
       23 H5     2px       -0.0000    0.0000   -0.0000    0.0000    0.0000   -0.0000   -0.0000   -0.0000    0.0000    0.0000
       24 H5     2py        0.0000    0.0000    0.0000    0.0000    0.0000    0.0000    0.0000   -0.0000    0.0000    0.0000
       25 H5     2pz        0.0040    0.0105   -0.0093   -0.0133    0.0166    0.0200   -0.0209   -0.0180    0.0373    0.0067
       26 H6     1s         0.3185    0.0581   -0.3287   -0.1100    0.3832    0.4409   -0.2720   -0.6711    0.2516    1.0271
       27 H6     2s         0.0126   -0.0105   -0.0418   -0.0014    0.1036    0.1591   -0.1211   -0.3099    0.1201    0.5102
       28 H6     2px        0.0000   -0.0000   -0.0000   -0.0000   -0.0000    0.0000    0.0000    0.0000   -0.0000    0.0000
       29 H6     2py        0.0000   -0.0000   -0.0000   -0.0000    0.0000   -0.0000   -0.0000   -0.0000   -0.0000    0.0000
       30 H6     2pz       -0.0040    0.0105    0.0093   -0.0133   -0.0166    0.0200    0.0209   -0.0180   -0.0373    0.0067
       31 H7     1s         0.2835    0.2699   -0.0424   -0.3437   -0.3125    0.3220    0.5870    0.1713   -0.7043   -0.9416
       32 H7     2s         0.0076    0.0265    0.0145   -0.0552   -0.0904    0.1121    0.2504    0.0807   -0.3420   -0.4368
       33 H7     2px        0.0000   -0.0000   -0.0000    0.0000    0.0000   -0.0000   -0.0000   -0.0000   -0.0000    0.0000
       34 H7     2py        0.0000   -0.0000   -0.0000    0.0000    0.0000    0.0000    0.0000   -0.0000   -0.0000   -0.0000
       35 H7     2pz        0.0002    0.0100    0.0143   -0.0020   -0.0187   -0.0233   -0.0021    0.0313    0.0269   -0.0162
       36 H8     1s         0.2495    0.3124    0.1220   -0.2146   -0.3937   -0.4809   -0.2470    0.3921    0.8832    0.7197
       37 H8     2s         0.0133    0.0144   -0.0063   -0.0583   -0.1019   -0.1766   -0.0967    0.1871    0.4394    0.3970
       38 H8     2px        0.0000    0.0000    0.0000   -0.0000   -0.0000    0.0000    0.0000   -0.0000    0.0000   -0.0000
       39 H8     2py        0.0000   -0.0000    0.0000    0.0000    0.0000    0.0000    0.0000   -0.0000   -0.0000    0.0000
       40 H8     2pz       -0.0068   -0.0017    0.0115    0.0181    0.0113   -0.0134   -0.0277   -0.0258    0.0005    0.0261
       41 H9     1s         0.1582    0.2875    0.3563    0.3360    0.2078   -0.1547   -0.4800   -0.7720   -0.8257   -0.5433
       42 H9     2s         0.0014    0.0164    0.0485    0.0816    0.0746   -0.0479   -0.2045   -0.3663   -0.4006   -0.2242
       43 H9     2px        0.0000   -0.0000   -0.0000   -0.0000    0.0000   -0.0000   -0.0000    0.0000   -0.0000   -0.0000
       44 H9     2py        0.0000    0.0000   -0.0000   -0.0000    0.0000    0.0000   -0.0000   -0.0000   -0.0000    0.0000
       45 H9     2pz       -0.0027   -0.0006    0.0078    0.0177    0.0192    0.0219    0.0208    0.0022   -0.0259   -0.0404
       46 H10    1s         0.1001    0.1959    0.2797    0.3352    0.2975    0.4090    0.5727    0.5811    0.4627    0.2288
       47 H10    2s         0.0045    0.0097    0.0188    0.0357    0.0481    0.1502    0.2609    0.3288    0.3374    0.2734
       48 H10    2px        0.0000    0.0000   -0.0000    0.0000    0.0000   -0.0000    0.0000    0.0000    0.0000   -0.0000
       49 H10    2py       -0.0000   -0.0000    0.0000   -0.0000    0.0000   -0.0000   -0.0000   -0.0000    0.0000    0.0000
       50 H10    2pz       -0.0078   -0.0136   -0.0157   -0.0138   -0.0084    0.0017    0.0114    0.0258    0.0396    0.0411
 
          Orbital           11        12        13    
          Energy            0.2727    0.3044    0.3530
          Occ. No.          0.0000    0.0000    0.0000
 
        1 H1     1s        -0.1475    0.2552   -0.1813
        2 H1     2s         0.1285   -0.2407    0.4444
        3 H1     2px       -0.0000   -0.0000    0.0000
        4 H1     2py       -0.0000    0.0000   -0.0000
        5 H1     2pz       -0.0228    0.0292   -0.0337
        6 H2     1s        -0.0259   -0.0719    0.0711
        7 H2     2s         0.1920   -0.3392    0.2613
        8 H2     2px       -0.0000    0.0000    0.0000
        9 H2     2py       -0.0000    0.0000   -0.0000
       10 H2     2pz       -0.0035   -0.0090    0.0641
       11 H3     1s        -0.2087    0.3628   -0.1577
       12 H3     2s         0.1646   -0.1343   -0.0131
       13 H3     2px       -0.0000    0.0000   -0.0000
       14 H3     2py       -0.0000    0.0000   -0.0000
       15 H3     2pz       -0.0151   -0.0103    0.0359
       16 H4     1s        -0.1084   -0.1448    0.1460
       17 H4     2s         0.2453   -0.2821   -0.1233
       18 H4     2px        0.0000   -0.0000   -0.0000
       19 H4     2py       -0.0000    0.0000   -0.0000
       20 H4     2pz       -0.0008   -0.0285    0.0557
       21 H5     1s        -0.1777    0.2666    0.0715
       22 H5     2s         0.2305    0.0486   -0.3108
       23 H5     2px        0.0000    0.0000    0.0000
       24 H5     2py        0.0000    0.0000   -0.0000
       25 H5     2pz       -0.0072   -0.0341    0.0069
       26 H6     1s        -0.1777   -0.2666    0.0715
       27 H6     2s         0.2305   -0.0486   -0.3108
       28 H6     2px        0.0000   -0.0000    0.0000
       29 H6     2py        0.0000    0.0000   -0.0000
       30 H6     2pz        0.0072   -0.0341   -0.0069
       31 H7     1s        -0.1084    0.1448    0.1460
       32 H7     2s         0.2453    0.2821   -0.1233
       33 H7     2px        0.0000   -0.0000    0.0000
       34 H7     2py       -0.0000    0.0000   -0.0000
       35 H7     2pz        0.0008   -0.0285   -0.0557
       36 H8     1s        -0.2087   -0.3628   -0.1577
       37 H8     2s         0.1646    0.1343   -0.0131
       38 H8     2px        0.0000   -0.0000    0.0000
       39 H8     2py        0.0000    0.0000    0.0000
       40 H8     2pz        0.0151   -0.0103   -0.0359
       41 H9     1s        -0.0259    0.0719    0.0711
       42 H9     2s         0.1920    0.3392    0.2613
       43 H9     2px       -0.0000   -0.0000    0.0000
       44 H9     2py       -0.0000   -0.0000    0.0000
       45 H9     2pz        0.0035   -0.0090   -0.0641
       46 H10    1s        -0.1475   -0.2552   -0.1813
       47 H10    2s         0.1285    0.2407    0.4444
       48 H10    2px       -0.0000   -0.0000    0.0000
       49 H10    2py        0.0000    0.0000    0.0000
       50 H10    2pz        0.0228    0.0292    0.0337
--
 
 
++    Molecular charges:
      ------------------
 
      Mulliken charges per centre and basis function type
      ---------------------------------------------------
 
                H1      H2      H3      H4      H5      H6      H7      H8      H9      H10   
      1s       0.9028  1.0181  0.9769  0.9825  0.9799  0.9799  0.9825  0.9769  1.0181  0.9028
      2s       0.0211  0.0225 -0.0049  0.0028  0.0012  0.0012  0.0028 -0.0049  0.0225  0.0211
      2px      0.0000  0.0000  0.0000  0.0000  0.0000  0.0000  0.0000  0.0000  0.0000  0.0000
      2pz      0.0141  0.0215  0.0203  0.0205  0.0207  0.0207  0.0205  0.0203  0.0215  0.0141
      2py      0.0000  0.0000  0.0000  0.0000  0.0000  0.0000  0.0000  0.0000  0.0000  0.0000
      Total    0.9380  1.0621  0.9923  1.0058  1.0017  1.0017  1.0058  0.9923  1.0621  0.9380
 
      N-E      0.0620 -0.0621  0.0077 -0.0058 -0.0017 -0.0017 -0.0058  0.0077 -0.0621  0.0620
 
      Total electronic charge=   10.000000
 
      Total            charge=   -0.000000
--
 
 
  Input file to MOLDEN was generated!
 
 
++    Static properties:
      ------------------
 
 
      LoProp Charges per center
 

                   H1       H2       H3       H4       H5       H6       H7       H8       H9       H10   
      Nuclear      1.0000   1.0000   1.0000   1.0000   1.0000   1.0000   1.0000   1.0000   1.0000   1.0000
      Electronic  -0.9772  -1.0181  -0.9967  -1.0062  -1.0018  -1.0018  -1.0062  -0.9967  -1.0181  -0.9772
 
      Total        0.0228  -0.0181   0.0033  -0.0062  -0.0018  -0.0018  -0.0062   0.0033  -0.0181   0.0228
--
 
 
++    Natural Bond Order analysis
      ---------------------------
      Based on LoProp computed density
      -------------------------------------------------------------------------------------
      Atom A       Atom B       Bond Order
      -------------------------------------------------------------------------------------
      NBO located      0.944 non-bonded electrons on atom H1        
      NBO located      1.013 non-bonded electrons on atom H3        
      NBO located      1.019 non-bonded electrons on atom H4        
      NBO located      1.016 non-bonded electrons on atom H5        
      NBO located      1.016 non-bonded electrons on atom H6        
      NBO located      1.019 non-bonded electrons on atom H7        
      NBO located      1.013 non-bonded electrons on atom H8        
      NBO located      0.944 non-bonded electrons on atom H10       
      The remaining    2.016 electrons are to be considered as diffuse
--
 
 
++    Molecular properties:
      ---------------------
 
      Charge (e):
                      =   -0.0000
      Dipole Moment (Debye):
      Origin of the operator (Ang)=    0.0000    0.0000    0.0000
                   X=  2.1820E-14               Y= -4.4845E-15               Z=  1.9505E-12           Total=  1.9506E-12
      Quadrupole Moment (Debye*Ang):
      Origin of the operator (Ang)=    0.0000    0.0000    6.9545
                  XX= -1.6637E+01              XY=  5.5072E-29              XZ= -1.5038E-13              YY= -1.6637E+01
                  YZ= -2.2552E-14              ZZ= -2.6525E+00
      In traceless form (Debye*Ang)
                  XX= -6.9924E+00              XY=  8.2607E-29              XZ= -2.2557E-13              YY= -6.9924E+00
                  YZ= -3.3828E-14              ZZ=  1.3985E+01
--
 
 
  Input file to MOLDEN was generated!
 
 ###############################################################################
 ###############################################################################
 ###                                                                         ###
 ###                                                                         ###
 ###    RunFile label nBas                                                   ###
 ###    was used       78 times                                              ###
 ###                                                                         ###
 ###                                                                         ###
 ###############################################################################
 ###############################################################################
forrtl: warning (528): IEEE_UNDERFLOW is signaling
--- Stop Module: scf at Sun Oct 26 15:18:46 2025 /rc=_RC_ALL_IS_WELL_ ---
*** files: H10_1.55.LprOrb H10_1.55.LoProp.molden H10_1.55.scf.molden H10_1.55.ScfOrb H10_1.55.scf.h5 xmldump
    saved to directory /home/grierjones/DDCASPT2/hydrogen_comps/rerun/H10_chain/H10_1.55

>>> COPY /tmp/H10_1.55/H10_1.55.scf.h5 /home/grierjones/DDCASPT2/hydrogen_comps/rerun/H10_chain/H10_1.55/

*** symbolic link created: INPORB -> H10_1.55.ScfOrb
--- Start Module: rasscf at Sun Oct 26 15:18:46 2025 ---
 
()()()()()()()()()()()()()()()()()()()()()()()()()()()()()()()()()()()()()()()()()()()()()()()()()()

                                              &RASSCF

                                   only a single process is used
                       available to each process: 2.0 GB of memory, 1 thread?
()()()()()()()()()()()()()()()()()()()()()()()()()()()()()()()()()()()()()()()()()()()()()()()()()()
 
 
      Header of the ONEINT file:
      --------------------------
      
      Integrals generated by seward 4.2.0  , Sun Oct 26 15:18:44 2025
 
 
      OrdInt status: non-squared
 
 
      Cartesian coordinates in Angstrom:
      -----------------------------------------------------
      No.  Label        X            Y            Z        
      -----------------------------------------------------
       1   H1         0.00000000   0.00000000   0.00000000
       2   H2         0.00000000   0.00000000   1.54545500
       3   H3         0.00000000   0.00000000   3.09090900
       4   H4         0.00000000   0.00000000   4.63636400
       5   H5         0.00000000   0.00000000   6.18181800
       6   H6         0.00000000   0.00000000   7.72727300
       7   H7         0.00000000   0.00000000   9.27272700
       8   H8         0.00000000   0.00000000  10.81818200
       9   H9         0.00000000   0.00000000  12.36363600
      10   H10        0.00000000   0.00000000  13.90909100
      -----------------------------------------------------
      Nuclear repulsion energy =    6.60495679
 
++    Wave function specifications:
      -----------------------------
 
      Number of closed shell electrons           0
      Number of electrons in active shells      10
      Max number of holes in RAS1 space          0
      Max nr of electrons in RAS3 space          0
      Number of inactive orbitals                0
      Number of active orbitals                 10
      Number of secondary orbitals              40
      Spin quantum number                      0.0
      State symmetry                             1
--
 
++    Orbital specifications:
      -----------------------
 
      Symmetry species                           1
                                                 a
      Frozen orbitals                            0
      Inactive orbitals                          0
      Active orbitals                           10
      RAS1 orbitals                              0
      RAS2 orbitals                             10
      RAS3 orbitals                              0
      Secondary orbitals                        40
      Deleted orbitals                           0
      Number of basis functions                 50
--
 
++    CI expansion specifications:
      ----------------------------
 
      Number of CSFs                         19404
      Number of determinants                 31878
      Number of root(s) required                 1
      Root chosen for geometry opt.              1
      CI root used                               1
         
      highest root included in the CI            1
      max. size of the explicit Hamiltonian    200
--
 
++    Optimization specifications:
      ----------------------------
 
      RASSCF algorithm: Conventional
      Maximum number of macro iterations       200
      Maximum number of SX iterations          100
      Threshold for RASSCF energy            0.100E-07
      Threshold for max MO rotation          0.100E+00
      Threshold for max BLB element          0.100E-03
      Level shift parameter                  0.500E+00
      Make Quasi-Newton update
--
 
      The MO-coefficients are taken from the file:
      /home/grierjones/DDCASPT2/hydrogen_comps/rerun/H10_chain/H10_0.60/H10_0.60.RasOrb                                               
      Title: RASSCF average (pseudo-natural) orbitals                                      
 
      Total molecular charge    0.00
 
      ************************************************************************************************************************
      *                                                                                                                      *
      *                                            Wave function control section                                             *
      *                                                                                                                      *
      ************************************************************************************************************************
 
 
                                         RASSCF iterations: Energy and convergence statistics
                                         ----------------------------------------------------
 
      Iter CI   SX   CI       RASSCF       Energy    max ROT     max BLB   max BLB  Level Ln srch  Step   QN   Walltime
          iter iter root      energy       change     param      element    value   shift minimum  type update hh:mm:ss
 Nr of preliminary CI iterations:  10
        1   1  100    1    -3.86773631    0.00E+00  -0.21E+00*   2  46 1  0.59E+00*  0.11   0.00    SX    NO    0:00:01
        2  10  100    1    -4.85826476   -0.99E+00* -0.29E+00*   3  16 1  0.32E+00*  0.00   0.00    SX    NO    0:00:00
        3   4   65    1    -5.12316248   -0.26E+00* -0.10E+00*   2  12 1  0.83E-01*  0.00   0.00    SX    NO    0:00:00
        4   4   81    1    -5.15308030   -0.30E-01*  0.21E+00*   2  12 1  0.18E-01*  0.00   0.00    SX    NO    0:00:00
        5   7   45    1    -5.17816700   -0.25E-01*  0.85E-01    8  17 1 -0.19E-01*  0.00   1.57    LS   YES    0:00:00
        6   5   72    1    -5.18517448   -0.70E-02*  0.69E-01    8  17 1 -0.11E-01*  0.00   1.64    QN   YES    0:00:00
        7   6   20    1    -5.18937365   -0.42E-02*  0.14E-01    2  12 1 -0.35E-02*  0.00   1.22    QN   YES    0:00:00
        8   4   20    1    -5.18972952   -0.36E-03* -0.16E-01    2  12 1 -0.81E-03*  0.00   1.18    QN   YES    0:00:00
        9   6   18    1    -5.18976859   -0.39E-04* -0.28E-01    2  48 1 -0.26E-03*  0.00   1.32    QN   YES    0:00:00
       10   6   17    1    -5.18978493   -0.16E-04* -0.14E+00*   2  12 1  0.23E-03*  0.00   2.50    QN   YES    0:00:00
       11  10   20    1    -5.18994789   -0.16E-03* -0.12E+00*   9  17 1  0.13E-02*  0.00   2.50    LS   YES    0:00:00
 ###############################################################################
 ###############################################################################
 ###                                                                         ###
 ###                                                                         ###
 ###    Large orbital rotation.                                              ###
 ###                                                                         ###
 ###                                                                         ###
 ###############################################################################
 ###############################################################################
      Molecular orbital  10 of symmetry 1 MO space 2  weight is    0.364597
       12   7   18    1    -5.19059264   -0.64E-03* -0.52E+00*   5  17 1 -0.29E-02*  0.00   2.50    LS   YES    0:00:00
       13  16   20    1    -5.23632363   -0.46E-01* -0.10E+00*  10  17 1  0.18E-01*  0.00   0.00    SX    NO    0:00:00
       14   4   21    1    -5.24541743   -0.91E-02* -0.30E-01   10  17 1  0.46E-02*  0.00   1.23    QN   YES    0:00:00
       15   4   18    1    -5.24611711   -0.70E-03* -0.44E-02    2  41 1 -0.11E-02*  0.00   1.07    QN   YES    0:00:00
       16   5   17    1    -5.24616545   -0.48E-04* -0.20E-02    2  41 1 -0.40E-03*  0.00   1.30    QN   YES    0:00:00
       17   7   13    1    -5.24617231   -0.69E-05* -0.19E-03    2  47 1 -0.79E-04   0.00   1.00    QN   YES    0:00:00
       18   5   11    1    -5.24617243   -0.12E-06* -0.66E-04    9  29 1  0.22E-04   0.00   1.13    QN   YES    0:00:00
       19   6    8    1    -5.24617245   -0.17E-07* -0.11E-04    2  47 1  0.49E-05   0.00   1.00    QN   YES    0:00:00
       20   1    6    1    -5.24617245   -0.57E-09  -0.51E-05    5  23 1 -0.13E-05   0.00   1.06    QN   YES    0:00:00
      Convergence after 20 iterations
 
  Dmat in MO in SXCTL bf call to SXHAM                                                                                    
  mat. size =    10x   10
 
        1.8016849889881146
        0.0030024286353475      1.8477574292490300
       -0.1032649858450811      0.0039252398165481      1.6796301316190632
       -0.0024688085408957      0.0239337285314293     -0.0030953680237514      1.6993829751883516
       -0.0560296672669027      0.0014345007381906     -0.0786933917972900     -0.0008035146996655      1.5977128994134566
       -0.1447211149490960      0.0064072614916751     -0.3073126303304377     -0.0054335563177669      0.0308986398985167
        0.2534362928905847
        0.0037741557193720     -0.0124160961636246      0.0049301704707963      0.1610675028450408      0.0030710377635182
        0.0053279842644288      0.1537684823527122
        0.2672181462225664     -0.0131328656559385      0.2586962625977784      0.0099433006906064      0.0899211096417490
       -0.0377485075533089     -0.0161112300299793      0.3395135676598364
        0.0094400561404078     -0.0236180241528867      0.0123342219731344      0.1529308527361553      0.0062366472047108
        0.0175329252439941     -0.0167881777843723     -0.0433998244488090      0.4299722216103256
        0.0067223024466894      0.0136093153237811     -0.0019212270072776      0.0083306555703987     -0.0365737597251412
        0.0416855999572572      0.0168330635315696      0.0201570488165327      0.0624660128330105      0.1971410110284436
       21   1    6    1    -5.24617245   -0.30E-10  -0.51E-05    4  29 1 -0.48E-06   0.00   1.06    QN   YES    0:00:00
 
      ************************************************************************************************************************
                                                      Wave function printout:
                       occupation of active orbitals, and spin coupling of open shells (u,d: Spin up or down)
      ************************************************************************************************************************
 
      Note: transformation to natural orbitals
      has been made, which may change the order of the CSFs.
 
      printout of CI-coefficients larger than  0.05 for root  1
      energy=      -5.246172
      conf/sym  1111111111     Coeff  Weight
             1  2222200000  -0.72419 0.52445
            32  2222000200   0.06063 0.00368
            36  2222000020   0.25168 0.06335
            50  222ud00ud0   0.21991 0.04836
            62  22u2d00200   0.06016 0.00362
            70  22u2d000ud   0.15575 0.02426
            76  2u22d0ud00   0.05093 0.00259
            78  2u22du00d0   0.12889 0.01661
            84  2u22d00u0d  -0.06076 0.00369
            90  u222du0d00  -0.05860 0.00343
            94  u222d0u0d0  -0.13397 0.01795
           107  2220200200   0.11337 0.01285
           111  2220200020   0.06986 0.00488
           115  22202000ud   0.05906 0.00349
           123  22ud2u00d0  -0.06062 0.00367
           125  22ud200ud0   0.05872 0.00345
           129  22ud200u0d   0.12246 0.01500
           135  2u2d2u0d00   0.10500 0.01103
           139  2u2d20u0d0   0.06017 0.00362
           145  2u2d2000ud  -0.05207 0.00271
           151  u22d20ud00  -0.08007 0.00641
           153  u22d2u00d0  -0.05786 0.00335
           176  2202200002   0.07265 0.00528
           187  2ud22u000d   0.07730 0.00598
           203  u2d220u00d  -0.06773 0.00459
           207  2022220000   0.05065 0.00257
           223  ud222ud000  -0.06276 0.00394
           257  222uu00dd0   0.07634 0.00583
           271  22u2u000dd  -0.06326 0.00400
           275  2u22ud00d0   0.05440 0.00296
           286  u222u0d0d0  -0.05609 0.00315
          1971  2220000220  -0.07355 0.00541
          2041  22ud000u2d   0.06467 0.00418
          2069  2u2d0u0d20  -0.05217 0.00272
 
      Natural orbitals and occupation numbers for root  1
      sym 1:   1.873740   1.851878   1.809442   1.730243   1.580024   0.137905   0.113286   0.277031   0.439543   0.186910

 
      ************************************************************************************************************************
      *                                                                                                                      *
      *                                                    Final results                                                     *
      *                                                                                                                      *
      ************************************************************************************************************************
 
 
++    Wave function specifications:
      -----------------------------
 
      Number of closed shell electrons           0
      Number of electrons in active shells      10
      Max number of holes in RAS1 space          0
      Max nr of electrons in RAS3 space          0
      Number of inactive orbitals                0
      Number of active orbitals                 10
      Number of secondary orbitals              40
      Spin quantum number                      0.0
      State symmetry                             1
--
 
++    Orbital specifications:
      -----------------------
 
      Symmetry species                           1
                                                 a
      Frozen orbitals                            0
      Inactive orbitals                          0
      Active orbitals                           10
      RAS1 orbitals                              0
      RAS2 orbitals                             10
      RAS3 orbitals                              0
      Secondary orbitals                        40
      Deleted orbitals                           0
      Number of basis functions                 50
--
 
++    CI expansion specifications:
      ----------------------------
 
      Number of CSFs                         19404
      Number of determinants                 31878
      Number of root(s) required                 1
      CI root used                               1
      highest root included in the CI            1
      Root passed to geometry opt.               1
--
 
++    Final optimization conditions:
      ------------------------------
 
      Average CI energy                              -5.24617245
      RASSCF energy for state  1                     -5.24617245
      Super-CI energy                                -0.00000000
      RASSCF energy change                            0.00000000
      Max change in MO coefficients              -0.136E-04
      Max non-diagonal density matrix element    -0.508E-05
      Maximum BLB matrix element                 -0.483E-06
      (orbital pair   4,  29 in symmetry   1)
      Norm of electronic gradient            0.137E-05
--
 
 
      Final state energy(ies):
      ------------------------
 
::    RASSCF root number  1 Total energy:     -5.24617245
 
++    Molecular orbitals:
      -------------------
 
      Pseudonatural active orbitals and approximate occupation numbers
 
 
 
 
      Molecular orbitals for symmetry species 1: a  
 
 
      Orbital                1         2         3         4         5         6         7         8         9        10
      Energy            0.0000    0.0000    0.0000    0.0000    0.0000    0.0000    0.0000    0.0000    0.0000    0.0000
      Occ. No.          1.8737    1.8519    1.8094    1.7302    1.5800    0.1379    0.1133    0.2770    0.4395    0.1869
 
    1 H1     1s         0.1052    0.2103    0.3004   -0.3475    0.2978    0.3998    0.2239   -0.4950   -0.3644   -0.4969
    2 H1     2s         0.0021    0.0051    0.0110   -0.0213    0.0280    0.0409    0.0264   -0.0381   -0.0305   -0.0427
    3 H1     2px       -0.0000   -0.0000   -0.0000    0.0000   -0.0000   -0.0000   -0.0000    0.0000    0.0000    0.0000
    4 H1     2py       -0.0000   -0.0000   -0.0000    0.0000   -0.0000   -0.0000   -0.0000    0.0000    0.0000    0.0000
    5 H1     2pz        0.0050    0.0086    0.0096   -0.0075    0.0040    0.0068    0.0045   -0.0050   -0.0029   -0.0067
    6 H2     1s         0.1656    0.2992    0.3595   -0.3182    0.1852   -0.6425   -0.4150    0.3885    0.1230    0.6133
    7 H2     2s        -0.0010    0.0081    0.0304   -0.0545    0.0534   -0.1283   -0.0922    0.0390   -0.0113    0.1006
    8 H2     2px       -0.0000   -0.0000   -0.0000    0.0000   -0.0000    0.0000    0.0000   -0.0000   -0.0000   -0.0000
    9 H2     2py       -0.0000   -0.0000   -0.0000    0.0000   -0.0000    0.0000    0.0000   -0.0000   -0.0000   -0.0000
   10 H2     2pz        0.0037    0.0029   -0.0039    0.0123   -0.0142    0.0022    0.0020    0.0084    0.0116    0.0016
   11 H3     1s         0.2498    0.3138    0.1195    0.2168   -0.3988    0.6955    0.5941    0.2562    0.4627   -0.2823
   12 H3     2s         0.0050    0.0052   -0.0073    0.0404   -0.0705    0.1458    0.1290    0.0245    0.0682   -0.0672
   13 H3     2px       -0.0000   -0.0000   -0.0000    0.0000    0.0000   -0.0000    0.0000    0.0000    0.0000    0.0000
   14 H3     2py       -0.0000   -0.0000   -0.0000    0.0000    0.0000   -0.0000    0.0000    0.0000    0.0000    0.0000
   15 H3     2pz        0.0033   -0.0014   -0.0104    0.0132   -0.0067    0.0061    0.0038   -0.0072   -0.0045   -0.0074
   16 H4     1s         0.2896    0.2617   -0.0653    0.3513   -0.3026   -0.5391   -0.7061   -0.5418   -0.3036   -0.1750
   17 H4     2s         0.0017    0.0135    0.0078    0.0354   -0.0628   -0.1044   -0.1586   -0.0966   -0.0301   -0.0476
   18 H4     2px        0.0000   -0.0000   -0.0000    0.0000   -0.0000    0.0000   -0.0000   -0.0000   -0.0000   -0.0000
   19 H4     2py        0.0000   -0.0000   -0.0000    0.0000   -0.0000    0.0000   -0.0000   -0.0000   -0.0000   -0.0000
   20 H4     2pz        0.0021   -0.0060   -0.0113   -0.0000    0.0136    0.0005    0.0045    0.0017   -0.0096    0.0063
   21 H5     1s         0.3225    0.0669   -0.3187    0.1202    0.3873    0.1828    0.7706    0.2440   -0.4262    0.5804
   22 H5     2s         0.0042   -0.0065   -0.0229   -0.0003    0.0722    0.0459    0.1713    0.0601   -0.0551    0.1052
   23 H5     2px        0.0000    0.0000    0.0000    0.0000    0.0000    0.0000    0.0000   -0.0000   -0.0000   -0.0000
   24 H5     2py        0.0000    0.0000    0.0000    0.0000    0.0000    0.0000    0.0000   -0.0000   -0.0000   -0.0000
   25 H5     2pz        0.0007   -0.0086   -0.0050   -0.0112    0.0113    0.0044    0.0043    0.0074    0.0076    0.0006
   26 H6     1s         0.3225   -0.0668   -0.3187   -0.1202    0.3873    0.1828   -0.7706    0.2440    0.4262   -0.5804
   27 H6     2s         0.0042    0.0065   -0.0229    0.0003    0.0722    0.0459   -0.1713    0.0601    0.0551   -0.1052
   28 H6     2px        0.0000   -0.0000   -0.0000    0.0000    0.0000    0.0000    0.0000   -0.0000   -0.0000   -0.0000
   29 H6     2py        0.0000   -0.0000   -0.0000    0.0000    0.0000    0.0000    0.0000   -0.0000   -0.0000   -0.0000
   30 H6     2pz       -0.0007   -0.0086    0.0050   -0.0112   -0.0113   -0.0044    0.0043   -0.0074    0.0076    0.0006
   31 H7     1s         0.2896   -0.2617   -0.0653   -0.3513   -0.3026   -0.5391    0.7062   -0.5418    0.3036    0.1750
   32 H7     2s         0.0017   -0.0135    0.0078   -0.0354   -0.0628   -0.1044    0.1586   -0.0966    0.0300    0.0476
   33 H7     2px        0.0000    0.0000   -0.0000    0.0000   -0.0000    0.0000    0.0000   -0.0000    0.0000   -0.0000
   34 H7     2py        0.0000   -0.0000   -0.0000    0.0000   -0.0000    0.0000    0.0000   -0.0000    0.0000   -0.0000
   35 H7     2pz       -0.0021   -0.0060    0.0113   -0.0000   -0.0136   -0.0005    0.0045   -0.0017   -0.0096    0.0063
   36 H8     1s         0.2499   -0.3138    0.1196   -0.2168   -0.3988    0.6955   -0.5942    0.2562   -0.4627    0.2823
   37 H8     2s         0.0050   -0.0052   -0.0073   -0.0404   -0.0705    0.1458   -0.1290    0.0245   -0.0682    0.0672
   38 H8     2px       -0.0000    0.0000   -0.0000    0.0000    0.0000   -0.0000    0.0000   -0.0000    0.0000   -0.0000
   39 H8     2py       -0.0000    0.0000   -0.0000    0.0000    0.0000   -0.0000    0.0000   -0.0000    0.0000   -0.0000
   40 H8     2pz       -0.0033   -0.0014    0.0104    0.0132    0.0067   -0.0061    0.0038    0.0072   -0.0045   -0.0074
   41 H9     1s         0.1656   -0.2992    0.3595    0.3183    0.1852   -0.6425    0.4151    0.3885   -0.1230   -0.6133
   42 H9     2s        -0.0010   -0.0081    0.0304    0.0545    0.0534   -0.1283    0.0922    0.0390    0.0113   -0.1006
   43 H9     2px       -0.0000    0.0000   -0.0000   -0.0000   -0.0000    0.0000   -0.0000   -0.0000    0.0000    0.0000
   44 H9     2py       -0.0000    0.0000   -0.0000   -0.0000   -0.0000    0.0000   -0.0000   -0.0000    0.0000    0.0000
   45 H9     2pz       -0.0037    0.0029    0.0039    0.0123    0.0142   -0.0022    0.0020   -0.0084    0.0116    0.0016
   46 H10    1s         0.1052   -0.2102    0.3004    0.3475    0.2978    0.3998   -0.2239   -0.4950    0.3644    0.4969
   47 H10    2s         0.0021   -0.0051    0.0110    0.0213    0.0280    0.0409   -0.0264   -0.0381    0.0305    0.0427
   48 H10    2px        0.0000   -0.0000    0.0000    0.0000    0.0000    0.0000   -0.0000   -0.0000    0.0000    0.0000
   49 H10    2py        0.0000   -0.0000    0.0000    0.0000    0.0000    0.0000   -0.0000   -0.0000    0.0000    0.0000
   50 H10    2pz       -0.0050    0.0086   -0.0096   -0.0075   -0.0040   -0.0068    0.0045    0.0050   -0.0029   -0.0067
 
 
      Orbital               11        12        13        14        15        16        17        18        19        20
      Energy            0.2754    0.3009    0.3462    0.4223    0.5421    0.6457    0.6457    0.6799    0.6799    0.7071
      Occ. No.          0.0000    0.0000    0.0000    0.0000    0.0000    0.0000    0.0000    0.0000    0.0000    0.0000
 
    1 H1     1s        -0.0679    0.0688    0.0246    0.1927    0.3832   -0.0000    0.0000    0.0000    0.0000   -0.5207
    2 H1     2s         0.1988   -0.3953    0.5614    0.6761    0.7323   -0.0000    0.0000    0.0000    0.0000   -0.6910
    3 H1     2px        0.0000   -0.0000    0.0000   -0.0000   -0.0000    0.0999   -0.0118   -0.1918   -0.0542   -0.0000
    4 H1     2py        0.0000   -0.0000    0.0000    0.0000   -0.0000    0.0118    0.0999    0.0542   -0.1918   -0.0000
    5 H1     2pz       -0.0278    0.0437   -0.0419   -0.0286   -0.0231    0.0000   -0.0000   -0.0000   -0.0000    0.0569
    6 H2     1s        -0.1259    0.1843   -0.1636   -0.1348   -0.2200    0.0000   -0.0000   -0.0000   -0.0000    0.4573
    7 H2     2s         0.1398   -0.1917    0.0941   -0.1708   -0.5810    0.0000   -0.0000   -0.0000   -0.0000    1.0269
    8 H2     2px       -0.0000    0.0000   -0.0000   -0.0000   -0.0000    0.1865   -0.0220   -0.3126   -0.0883   -0.0000
    9 H2     2py       -0.0000    0.0000   -0.0000   -0.0000   -0.0000    0.0220    0.1865    0.0883   -0.3126   -0.0000
   10 H2     2pz        0.0006   -0.0246    0.0694    0.1106    0.1222    0.0000   -0.0000    0.0000    0.0000   -0.1030
   11 H3     1s        -0.1255    0.0953    0.0358    0.0774   -0.0380   -0.0000    0.0000    0.0000    0.0000    0.0753
   12 H3     2s         0.2021   -0.2456    0.0555   -0.2838   -0.5066   -0.0000    0.0000    0.0000    0.0000    0.2518
   13 H3     2px       -0.0000    0.0000   -0.0000   -0.0000   -0.0000    0.2618   -0.0309   -0.3402   -0.0961   -0.0000
   14 H3     2py       -0.0000    0.0000   -0.0000   -0.0000   -0.0000    0.0309    0.2618    0.0961   -0.3402   -0.0000
   15 H3     2pz       -0.0121   -0.0068    0.0371    0.0271   -0.0489    0.0000   -0.0000   -0.0000   -0.0000    0.1342
   16 H4     1s        -0.1426    0.0977    0.0385    0.0487    0.0155    0.0000   -0.0000    0.0000    0.0000   -0.2325
   17 H4     2s         0.2153   -0.1388   -0.1885   -0.3995   -0.0658   -0.0000    0.0000    0.0000    0.0000   -0.6853
   18 H4     2px       -0.0000    0.0000   -0.0000   -0.0000   -0.0000    0.3153   -0.0372   -0.2596   -0.0734   -0.0000
   19 H4     2py       -0.0000    0.0000   -0.0000   -0.0000   -0.0000    0.0372    0.3153    0.0734   -0.2596   -0.0000
   20 H4     2pz       -0.0033   -0.0271    0.0425   -0.0135   -0.0806    0.0000   -0.0000   -0.0000   -0.0000    0.0355
   21 H5     1s        -0.1510    0.0118    0.1040   -0.0021    0.0415   -0.0000    0.0000    0.0000    0.0000   -0.1872
   22 H5     2s         0.2288   -0.0659   -0.2840   -0.1828    0.4736   -0.0000    0.0000    0.0000    0.0000   -0.5568
   23 H5     2px       -0.0000    0.0000   -0.0000   -0.0000   -0.0000    0.3439   -0.0406   -0.0965   -0.0273    0.0000
   24 H5     2py       -0.0000    0.0000   -0.0000   -0.0000   -0.0000    0.0406    0.3439    0.0273   -0.0965    0.0000
   25 H5     2pz       -0.0030   -0.0293    0.0144   -0.0626   -0.0553   -0.0000    0.0000    0.0000    0.0000   -0.0733
   26 H6     1s        -0.1510   -0.0118    0.1040    0.0021    0.0415    0.0000   -0.0000   -0.0000   -0.0000    0.1872
   27 H6     2s         0.2288    0.0659   -0.2840    0.1828    0.4736    0.0000   -0.0000   -0.0000   -0.0000    0.5568
   28 H6     2px       -0.0000    0.0000   -0.0000   -0.0000   -0.0000    0.3439   -0.0406    0.0965    0.0273    0.0000
   29 H6     2py       -0.0000    0.0000   -0.0000   -0.0000   -0.0000    0.0406    0.3439   -0.0273    0.0965    0.0000
   30 H6     2pz        0.0030   -0.0293   -0.0144   -0.0626    0.0553    0.0000   -0.0000    0.0000    0.0000   -0.0733
   31 H7     1s        -0.1426   -0.0977    0.0385   -0.0487    0.0155    0.0000   -0.0000   -0.0000   -0.0000    0.2325
   32 H7     2s         0.2153    0.1388   -0.1885    0.3995   -0.0658    0.0000   -0.0000   -0.0000   -0.0000    0.6853
   33 H7     2px       -0.0000    0.0000   -0.0000   -0.0000   -0.0000    0.3153   -0.0372    0.2596    0.0734   -0.0000
   34 H7     2py       -0.0000    0.0000   -0.0000   -0.0000   -0.0000    0.0372    0.3153   -0.0734    0.2596   -0.0000
   35 H7     2pz        0.0033   -0.0271   -0.0425   -0.0135    0.0806    0.0000   -0.0000   -0.0000   -0.0000    0.0355
   36 H8     1s        -0.1255   -0.0954    0.0358   -0.0774   -0.0380   -0.0000    0.0000    0.0000    0.0000   -0.0753
   37 H8     2s         0.2021    0.2456    0.0555    0.2838   -0.5066   -0.0000    0.0000    0.0000    0.0000   -0.2518
   38 H8     2px       -0.0000    0.0000   -0.0000   -0.0000   -0.0000    0.2618   -0.0309    0.3402    0.0961   -0.0000
   39 H8     2py       -0.0000    0.0000   -0.0000   -0.0000   -0.0000    0.0309    0.2618   -0.0961    0.3402   -0.0000
   40 H8     2pz        0.0121   -0.0068   -0.0371    0.0271    0.0489    0.0000   -0.0000   -0.0000   -0.0000    0.1342
   41 H9     1s        -0.1259   -0.1843   -0.1636    0.1348   -0.2200   -0.0000    0.0000    0.0000    0.0000   -0.4573
   42 H9     2s         0.1398    0.1917    0.0941    0.1708   -0.5810   -0.0000    0.0000    0.0000    0.0000   -1.0269
   43 H9     2px       -0.0000    0.0000   -0.0000   -0.0000   -0.0000    0.1865   -0.0220    0.3126    0.0883   -0.0000
   44 H9     2py       -0.0000    0.0000   -0.0000   -0.0000   -0.0000    0.0220    0.1865   -0.0883    0.3126   -0.0000
   45 H9     2pz       -0.0006   -0.0246   -0.0694    0.1106   -0.1222   -0.0000    0.0000    0.0000    0.0000   -0.1030
   46 H10    1s        -0.0679   -0.0688    0.0246   -0.1927    0.3832    0.0000   -0.0000   -0.0000   -0.0000    0.5207
   47 H10    2s         0.1988    0.3953    0.5614   -0.6761    0.7323    0.0000   -0.0000   -0.0000   -0.0000    0.6910
   48 H10    2px       -0.0000   -0.0000   -0.0000    0.0000   -0.0000    0.0999   -0.0118    0.1918    0.0542   -0.0000
   49 H10    2py       -0.0000   -0.0000   -0.0000    0.0000   -0.0000    0.0118    0.0999   -0.0542    0.1918   -0.0000
   50 H10    2pz        0.0278    0.0437    0.0419   -0.0286    0.0231    0.0000   -0.0000   -0.0000   -0.0000    0.0569
 
 
      Orbital               21        22        23        24        25        26        27        28        29        30
      Energy            0.7364    0.7364    0.8151    0.8151    0.8406    0.9047    0.9142    0.9151    0.9151    1.0134
      Occ. No.          0.0000    0.0000    0.0000    0.0000    0.0000    0.0000    0.0000    0.0000    0.0000    0.0000
 
    1 H1     1s         0.0000    0.0000   -0.0000   -0.0000   -0.1774    0.4984    0.0635    0.0000    0.0000    0.0219
    2 H1     2s        -0.0000   -0.0000    0.0000    0.0000   -0.0075    0.5418   -0.2180    0.0000    0.0000    0.2532
    3 H1     2px        0.2905   -0.0071   -0.3254   -0.1689   -0.0000   -0.0000   -0.0000    0.3706    0.1916   -0.0000
    4 H1     2py        0.0071    0.2905    0.1689   -0.3254   -0.0000   -0.0000   -0.0000   -0.1916    0.3706   -0.0000
    5 H1     2pz        0.0000    0.0000    0.0000    0.0000    0.2026   -0.1011   -0.3172   -0.0000   -0.0000    0.3097
    6 H2     1s        -0.0000   -0.0000    0.0000    0.0000    0.1910   -0.6863   -0.0394   -0.0000   -0.0000   -0.0777
    7 H2     2s         0.0000    0.0000    0.0000    0.0000    0.2599   -1.3031    0.0157   -0.0000   -0.0000   -0.1015
    8 H2     2px        0.3663   -0.0089   -0.2564   -0.1331   -0.0000   -0.0000   -0.0000    0.0921    0.0476    0.0000
    9 H2     2py        0.0089    0.3663    0.1331   -0.2564   -0.0000   -0.0000   -0.0000   -0.0476    0.0921    0.0000
   10 H2     2pz       -0.0000   -0.0000    0.0000    0.0000   -0.2153    0.0089    0.3048    0.0000    0.0000   -0.2405
   11 H3     1s         0.0000    0.0000   -0.0000   -0.0000   -0.1058    0.2762    0.1748    0.0000    0.0000   -0.2161
   12 H3     2s         0.0000    0.0000   -0.0000   -0.0000   -0.1673    0.6293    0.3893    0.0000    0.0000   -0.5540
   13 H3     2px        0.1973   -0.0048    0.1057    0.0549    0.0000    0.0000    0.0000   -0.3423   -0.1769    0.0000
   14 H3     2py        0.0048    0.1973   -0.0549    0.1057    0.0000    0.0000    0.0000    0.1769   -0.3423    0.0000
   15 H3     2pz        0.0000    0.0000   -0.0000   -0.0000    0.2846   -0.0020   -0.2918   -0.0000   -0.0000    0.0826
   16 H4     1s        -0.0000   -0.0000    0.0000    0.0000   -0.0911    0.3838   -0.1215    0.0000    0.0000    0.4237
   17 H4     2s        -0.0000   -0.0000    0.0000    0.0000   -0.2502    0.7690   -0.3758    0.0000    0.0000    0.9614
   18 H4     2px       -0.1056    0.0026    0.3441    0.1786    0.0000    0.0000    0.0000   -0.1969   -0.1018   -0.0000
   19 H4     2py       -0.0026   -0.1056   -0.1786    0.3441    0.0000    0.0000    0.0000    0.1018   -0.1969   -0.0000
   20 H4     2pz       -0.0000   -0.0000    0.0000    0.0000   -0.3051   -0.0853    0.2239    0.0000    0.0000    0.1179
   21 H5     1s        -0.0000   -0.0000   -0.0000   -0.0000    0.0879   -0.3147   -0.0536   -0.0000   -0.0000   -0.2183
   22 H5     2s        -0.0000   -0.0000    0.0000    0.0000    0.2229   -0.6576    0.0596   -0.0000   -0.0000   -0.4885
   23 H5     2px       -0.3378    0.0082    0.1859    0.0965    0.0000   -0.0000   -0.0000    0.2827    0.1461   -0.0000
   24 H5     2py       -0.0082   -0.3378   -0.0965    0.1859    0.0000   -0.0000   -0.0000   -0.1461    0.2827   -0.0000
   25 H5     2pz        0.0000    0.0000   -0.0000   -0.0000    0.2793    0.2132   -0.0871    0.0000    0.0000   -0.2498
   26 H6     1s         0.0000    0.0000    0.0000    0.0000    0.0879   -0.3147    0.0536   -0.0000   -0.0000   -0.2183
   27 H6     2s         0.0000    0.0000    0.0000    0.0000    0.2229   -0.6576   -0.0596   -0.0000   -0.0000   -0.4885
   28 H6     2px       -0.3378    0.0082   -0.1859   -0.0965    0.0000   -0.0000   -0.0000    0.2827    0.1461   -0.0000
   29 H6     2py       -0.0082   -0.3378    0.0965   -0.1859    0.0000   -0.0000   -0.0000   -0.1461    0.2827   -0.0000
   30 H6     2pz       -0.0000   -0.0000    0.0000    0.0000   -0.2793   -0.2132   -0.0871   -0.0000   -0.0000    0.2498
   31 H7     1s         0.0000    0.0000   -0.0000   -0.0000   -0.0911    0.3838    0.1215    0.0000    0.0000    0.4237
   32 H7     2s         0.0000    0.0000   -0.0000   -0.0000   -0.2502    0.7690    0.3758    0.0000    0.0000    0.9614
   33 H7     2px       -0.1056    0.0026   -0.3441   -0.1786    0.0000    0.0000    0.0000   -0.1969   -0.1018   -0.0000
   34 H7     2py       -0.0026   -0.1056    0.1786   -0.3441    0.0000    0.0000    0.0000    0.1018   -0.1969   -0.0000
   35 H7     2pz        0.0000    0.0000   -0.0000   -0.0000    0.3051    0.0853    0.2239    0.0000    0.0000   -0.1179
   36 H8     1s         0.0000    0.0000   -0.0000   -0.0000   -0.1058    0.2762   -0.1748    0.0000    0.0000   -0.2162
   37 H8     2s        -0.0000   -0.0000   -0.0000   -0.0000   -0.1673    0.6293   -0.3893    0.0000    0.0000   -0.5540
   38 H8     2px        0.1973   -0.0048   -0.1057   -0.0549    0.0000    0.0000    0.0000   -0.3423   -0.1769    0.0000
   39 H8     2py        0.0048    0.1973    0.0549   -0.1057    0.0000    0.0000    0.0000    0.1769   -0.3423    0.0000
   40 H8     2pz        0.0000    0.0000    0.0000    0.0000   -0.2846    0.0020   -0.2918   -0.0000   -0.0000   -0.0826
   41 H9     1s        -0.0000   -0.0000    0.0000    0.0000    0.1910   -0.6863    0.0393   -0.0000   -0.0000   -0.0777
   42 H9     2s        -0.0000   -0.0000    0.0000    0.0000    0.2599   -1.3031   -0.0158   -0.0000   -0.0000   -0.1014
   43 H9     2px        0.3663   -0.0089    0.2564    0.1331   -0.0000   -0.0000   -0.0000    0.0921    0.0476    0.0000
   44 H9     2py        0.0089    0.3663   -0.1331    0.2564   -0.0000   -0.0000   -0.0000   -0.0476    0.0921    0.0000
   45 H9     2pz       -0.0000   -0.0000   -0.0000   -0.0000    0.2153   -0.0089    0.3048    0.0000    0.0000    0.2405
   46 H10    1s         0.0000    0.0000   -0.0000   -0.0000   -0.1774    0.4984   -0.0635    0.0000    0.0000    0.0219
   47 H10    2s         0.0000    0.0000   -0.0000   -0.0000   -0.0075    0.5418    0.2180    0.0000    0.0000    0.2532
   48 H10    2px        0.2905   -0.0071    0.3254    0.1689   -0.0000   -0.0000   -0.0000    0.3706    0.1916   -0.0000
   49 H10    2py        0.0071    0.2905   -0.1689    0.3254   -0.0000   -0.0000   -0.0000   -0.1916    0.3706   -0.0000
   50 H10    2pz        0.0000    0.0000   -0.0000   -0.0000   -0.2026    0.1011   -0.3172   -0.0000   -0.0000   -0.3097
 
 
      Orbital               31        32        33        34        35        36        37        38        39        40
      Energy            1.0365    1.0366    1.0366    1.1702    1.1702    1.3063    1.3063    1.4275    1.4275    1.4607
      Occ. No.          0.0000    0.0000    0.0000    0.0000    0.0000    0.0000    0.0000    0.0000    0.0000    0.0000
 
    1 H1     1s        -0.3206    0.0000   -0.0000    0.0000    0.0000   -0.0000   -0.0000   -0.0000   -0.0000   -0.5446
    2 H1     2s        -0.2676    0.0000   -0.0000   -0.0000   -0.0000   -0.0000   -0.0000   -0.0000   -0.0000   -0.6503
    3 H1     2px        0.0000    0.1118   -0.4250    0.4073    0.1314   -0.3270   -0.1827    0.2788   -0.0245   -0.0000
    4 H1     2py        0.0000   -0.4250   -0.1118   -0.1314    0.4073    0.1827   -0.3270    0.0245    0.2788   -0.0000
    5 H1     2pz        0.1778   -0.0000    0.0000    0.0000    0.0000   -0.0000   -0.0000   -0.0000   -0.0000   -0.4498
    6 H2     1s         0.5728   -0.0000    0.0000   -0.0000   -0.0000    0.0000    0.0000    0.0000    0.0000    1.3438
    7 H2     2s         1.0196   -0.0000    0.0000    0.0000    0.0000    0.0000    0.0000    0.0000    0.0000    1.4201
    8 H2     2px       -0.0000   -0.0367    0.1394   -0.3584   -0.1157    0.4472    0.2499   -0.4878    0.0429    0.0000
    9 H2     2py       -0.0000    0.1394    0.0367    0.1157   -0.3584   -0.2499    0.4472   -0.0429   -0.4878    0.0000
   10 H2     2pz       -0.0060    0.0000   -0.0000   -0.0000   -0.0000    0.0000    0.0000    0.0000    0.0000    0.2059
   11 H3     1s        -0.6027    0.0000   -0.0000    0.0000    0.0000   -0.0000   -0.0000   -0.0000   -0.0000   -1.1207
   12 H3     2s        -1.1445    0.0000   -0.0000    0.0000    0.0000   -0.0000   -0.0000   -0.0000   -0.0000   -1.1727
   13 H3     2px       -0.0000   -0.1028    0.3906   -0.1194   -0.0385   -0.2501   -0.1398    0.5363   -0.0471   -0.0000
   14 H3     2py       -0.0000    0.3906    0.1028    0.0385   -0.1194    0.1398   -0.2501    0.0471    0.5363   -0.0000
   15 H3     2pz       -0.1168    0.0000   -0.0000    0.0000    0.0000   -0.0000   -0.0000   -0.0000   -0.0000    0.2888
   16 H4     1s         0.0639   -0.0000    0.0000   -0.0000   -0.0000    0.0000    0.0000    0.0000    0.0000   -0.1381
   17 H4     2s         0.0759   -0.0000    0.0000   -0.0000   -0.0000    0.0000    0.0000    0.0000    0.0000   -0.1665
   18 H4     2px        0.0000    0.0637   -0.2421    0.4540    0.1465   -0.1216   -0.0680   -0.4119    0.0362    0.0000
   19 H4     2py        0.0000   -0.2421   -0.0637   -0.1465    0.4540    0.0680   -0.1216   -0.0362   -0.4119    0.0000
   20 H4     2pz        0.1493   -0.0000    0.0000    0.0000    0.0000   -0.0000   -0.0000   -0.0000   -0.0000   -0.5360
   21 H5     1s         0.5610   -0.0000    0.0000    0.0000    0.0000   -0.0000   -0.0000   -0.0000   -0.0000    1.3348
   22 H5     2s         1.1306   -0.0000    0.0000    0.0000    0.0000   -0.0000   -0.0000   -0.0000   -0.0000    1.4242
   23 H5     2px        0.0000    0.0864   -0.3282   -0.2496   -0.0806    0.4088    0.2285    0.1536   -0.0135   -0.0000
   24 H5     2py        0.0000   -0.3282   -0.0864    0.0806   -0.2496   -0.2285    0.4088    0.0135    0.1536   -0.0000
   25 H5     2pz       -0.0680    0.0000   -0.0000   -0.0000   -0.0000    0.0000    0.0000    0.0000    0.0000    0.2657
   26 H6     1s        -0.5610    0.0000   -0.0000   -0.0000   -0.0000    0.0000    0.0000    0.0000    0.0000   -1.3348
   27 H6     2s        -1.1306    0.0000   -0.0000   -0.0000   -0.0000    0.0000    0.0000    0.0000    0.0000   -1.4242
   28 H6     2px       -0.0000   -0.0864    0.3282   -0.2496   -0.0806   -0.4088   -0.2285    0.1536   -0.0135   -0.0000
   29 H6     2py       -0.0000    0.3282    0.0864    0.0806   -0.2496    0.2285   -0.4088    0.0135    0.1536   -0.0000
   30 H6     2pz       -0.0680    0.0000   -0.0000    0.0000    0.0000   -0.0000   -0.0000   -0.0000   -0.0000    0.2657
   31 H7     1s        -0.0639    0.0000   -0.0000   -0.0000   -0.0000   -0.0000   -0.0000    0.0000    0.0000    0.1381
   32 H7     2s        -0.0759    0.0000   -0.0000    0.0000    0.0000   -0.0000   -0.0000    0.0000    0.0000    0.1665
   33 H7     2px       -0.0000   -0.0637    0.2422    0.4540    0.1465    0.1216    0.0680   -0.4119    0.0362    0.0000
   34 H7     2py       -0.0000    0.2422    0.0637   -0.1465    0.4540   -0.0680    0.1216   -0.0362   -0.4119    0.0000
   35 H7     2pz        0.1493   -0.0000    0.0000   -0.0000   -0.0000    0.0000    0.0000   -0.0000   -0.0000   -0.5360
   36 H8     1s         0.6027   -0.0000    0.0000    0.0000    0.0000    0.0000    0.0000    0.0000    0.0000    1.1207
   37 H8     2s         1.1445   -0.0000    0.0000    0.0000    0.0000    0.0000    0.0000   -0.0000   -0.0000    1.1727
   38 H8     2px        0.0000    0.1028   -0.3906   -0.1194   -0.0385    0.2501    0.1398    0.5363   -0.0471   -0.0000
   39 H8     2py        0.0000   -0.3906   -0.1028    0.0385   -0.1194   -0.1398    0.2501    0.0471    0.5363   -0.0000
   40 H8     2pz       -0.1168    0.0000   -0.0000   -0.0000   -0.0000   -0.0000   -0.0000    0.0000    0.0000    0.2888
   41 H9     1s        -0.5728    0.0000   -0.0000   -0.0000   -0.0000   -0.0000   -0.0000   -0.0000   -0.0000   -1.3438
   42 H9     2s        -1.0196    0.0000   -0.0000   -0.0000   -0.0000   -0.0000   -0.0000   -0.0000   -0.0000   -1.4201
   43 H9     2px        0.0000    0.0367   -0.1394   -0.3584   -0.1157   -0.4472   -0.2499   -0.4878    0.0429    0.0000
   44 H9     2py        0.0000   -0.1394   -0.0367    0.1157   -0.3584    0.2499   -0.4472   -0.0429   -0.4878    0.0000
   45 H9     2pz       -0.0060    0.0000   -0.0000    0.0000    0.0000    0.0000    0.0000   -0.0000    0.0000    0.2059
   46 H10    1s         0.3206   -0.0000    0.0000    0.0000    0.0000    0.0000    0.0000    0.0000    0.0000    0.5446
   47 H10    2s         0.2676   -0.0000    0.0000    0.0000    0.0000    0.0000    0.0000    0.0000    0.0000    0.6503
   48 H10    2px       -0.0000   -0.1118    0.4250    0.4073    0.1314    0.3270    0.1827    0.2788   -0.0245   -0.0000
   49 H10    2py       -0.0000    0.4250    0.1118   -0.1314    0.4073   -0.1827    0.3270    0.0245    0.2788   -0.0000
   50 H10    2pz        0.1778   -0.0000    0.0000   -0.0000   -0.0000   -0.0000   -0.0000   -0.0000   -0.0000   -0.4498
 
 
      Orbital               41        42        43        44        45        46        47        48        49        50
      Energy            1.5125    1.5125    1.5269    1.5635    1.6681    1.7505    1.9865    2.2527    2.5227    2.7382
      Occ. No.          0.0000    0.0000    0.0000    0.0000    0.0000    0.0000    0.0000    0.0000    0.0000    0.0000
 
    1 H1     1s         0.0000    0.0000    0.2860    0.6477    0.2906   -0.4802    0.4261   -0.3846   -0.3041    0.1714
    2 H1     2s         0.0000    0.0000    0.3296    0.7059    0.3210   -0.4094    0.2615   -0.1751   -0.1102    0.0542
    3 H1     2px       -0.1502    0.0046    0.0000    0.0000    0.0000   -0.0000    0.0000   -0.0000   -0.0000    0.0000
    4 H1     2py       -0.0046   -0.1502    0.0000    0.0000    0.0000   -0.0000    0.0000   -0.0000   -0.0000    0.0000
    5 H1     2pz        0.0000    0.0000    0.0319    0.6103    0.0995   -0.5652    0.5127   -0.4404   -0.3308    0.1799
    6 H2     1s        -0.0000   -0.0000   -0.9827   -1.4762   -0.9703    0.7256   -0.3158    0.0495   -0.1057    0.1103
    7 H2     2s        -0.0000   -0.0000   -1.2333   -1.3981   -1.1089    0.5059   -0.1882    0.0901    0.0492   -0.0245
    8 H2     2px        0.2992   -0.0091   -0.0000   -0.0000   -0.0000    0.0000   -0.0000    0.0000    0.0000   -0.0000
    9 H2     2py        0.0091    0.2992   -0.0000   -0.0000   -0.0000    0.0000   -0.0000    0.0000    0.0000   -0.0000
   10 H2     2pz       -0.0000   -0.0000   -0.2786   -0.0532   -0.2227   -0.3542    0.6371   -0.7759   -0.7184    0.4377
   11 H3     1s         0.0000    0.0000    1.8568    1.0200    1.7946    0.1333   -0.4219    0.2537   -0.0148    0.1223
   12 H3     2s         0.0000    0.0000    2.1480    1.1152    2.0083   -0.0819   -0.0657   -0.0046   -0.0331    0.0255
   13 H3     2px       -0.4220    0.0129    0.0000    0.0000    0.0000   -0.0000    0.0000   -0.0000    0.0000   -0.0000
   14 H3     2py       -0.0129   -0.4220    0.0000    0.0000    0.0000   -0.0000    0.0000   -0.0000    0.0000   -0.0000
   15 H3     2pz        0.0000    0.0000    0.2923   -0.5119    0.1778    0.4975   -0.0695   -0.5031   -0.8412    0.6514
   16 H4     1s        -0.0000   -0.0000   -1.9799   -0.0411   -2.3366   -0.2289   -0.1711    0.4236    0.1875    0.0670
   17 H4     2s        -0.0000   -0.0000   -2.1671   -0.3052   -2.6394    0.0297   -0.0816    0.0999    0.0324   -0.0013
   18 H4     2px        0.5099   -0.0155   -0.0000   -0.0000   -0.0000    0.0000   -0.0000    0.0000   -0.0000    0.0000
   19 H4     2py        0.0155    0.5099   -0.0000   -0.0000   -0.0000    0.0000   -0.0000    0.0000   -0.0000    0.0000
   20 H4     2pz        0.0000    0.0000    0.0787    0.2969   -0.0325    0.4049   -0.6651    0.1464   -0.6747    0.8137
   21 H5     1s         0.0000    0.0000    0.8633   -0.1861    2.5236   -0.6395    0.4212    0.1544    0.2782    0.0231
   22 H5     2s         0.0000    0.0000    0.9232   -0.0363    2.9084   -0.4612    0.1351    0.0098    0.0265    0.0047
   23 H5     2px       -0.5554    0.0169    0.0000    0.0000    0.0000    0.0000   -0.0000    0.0000    0.0000   -0.0000
   24 H5     2py       -0.0169   -0.5554    0.0000    0.0000    0.0000    0.0000   -0.0000    0.0000    0.0000   -0.0000
   25 H5     2pz       -0.0000   -0.0000   -0.4985    0.2890   -0.0185   -0.4536   -0.4017    0.6905   -0.2539    0.8957
   26 H6     1s        -0.0000   -0.0000    0.8633   -0.1861   -2.5236    0.6395    0.4212   -0.1544    0.2782   -0.0231
   27 H6     2s         0.0000    0.0000    0.9232   -0.0362   -2.9084    0.4612    0.1351   -0.0098    0.0265   -0.0047
   28 H6     2px        0.5554   -0.0169   -0.0000   -0.0000   -0.0000    0.0000   -0.0000    0.0000    0.0000   -0.0000
   29 H6     2py        0.0169    0.5554   -0.0000   -0.0000   -0.0000    0.0000   -0.0000    0.0000    0.0000   -0.0000
   30 H6     2pz        0.0000    0.0000    0.4985   -0.2890   -0.0185   -0.4536    0.4017    0.6905    0.2539    0.8957
   31 H7     1s        -0.0000   -0.0000   -1.9799   -0.0412    2.3366    0.2289   -0.1711   -0.4236    0.1875   -0.0670
   32 H7     2s        -0.0000   -0.0000   -2.1671   -0.3052    2.6393   -0.0297   -0.0816   -0.0999    0.0324    0.0013
   33 H7     2px       -0.5099    0.0155    0.0000    0.0000    0.0000   -0.0000    0.0000   -0.0000   -0.0000   -0.0000
   34 H7     2py       -0.0155   -0.5099    0.0000    0.0000    0.0000   -0.0000    0.0000   -0.0000   -0.0000   -0.0000
   35 H7     2pz       -0.0000   -0.0000   -0.0787   -0.2969   -0.0325    0.4049    0.6651    0.1463    0.6747    0.8137
   36 H8     1s         0.0000    0.0000    1.8568    1.0200   -1.7946   -0.1333   -0.4219   -0.2537   -0.0148   -0.1223
   37 H8     2s         0.0000    0.0000    2.1480    1.1152   -2.0083    0.0819   -0.0657    0.0046   -0.0331   -0.0255
   38 H8     2px        0.4220   -0.0129   -0.0000   -0.0000   -0.0000    0.0000   -0.0000    0.0000   -0.0000   -0.0000
   39 H8     2py        0.0129    0.4220   -0.0000   -0.0000   -0.0000    0.0000   -0.0000    0.0000   -0.0000   -0.0000
   40 H8     2pz       -0.0000   -0.0000   -0.2923    0.5119    0.1778    0.4975    0.0695   -0.5031    0.8412    0.6514
   41 H9     1s        -0.0000   -0.0000   -0.9827   -1.4762    0.9703   -0.7256   -0.3158   -0.0495   -0.1057   -0.1103
   42 H9     2s        -0.0000   -0.0000   -1.2333   -1.3981    1.1089   -0.5059   -0.1882   -0.0901    0.0492    0.0245
   43 H9     2px       -0.2992    0.0091    0.0000    0.0000    0.0000   -0.0000   -0.0000   -0.0000    0.0000    0.0000
   44 H9     2py       -0.0091   -0.2992    0.0000    0.0000    0.0000   -0.0000   -0.0000   -0.0000    0.0000    0.0000
   45 H9     2pz        0.0000    0.0000    0.2786    0.0532   -0.2227   -0.3542   -0.6371   -0.7759    0.7184    0.4377
   46 H10    1s         0.0000    0.0000    0.2860    0.6477   -0.2906    0.4802    0.4261    0.3846   -0.3041   -0.1714
   47 H10    2s         0.0000    0.0000    0.3296    0.7059   -0.3210    0.4094    0.2615    0.1751   -0.1102   -0.0542
   48 H10    2px        0.1502   -0.0046   -0.0000   -0.0000   -0.0000    0.0000   -0.0000    0.0000   -0.0000   -0.0000
   49 H10    2py        0.0046    0.1502   -0.0000   -0.0000   -0.0000    0.0000   -0.0000    0.0000    0.0000   -0.0000
   50 H10    2pz       -0.0000   -0.0000   -0.0319   -0.6103    0.0995   -0.5652   -0.5127   -0.4404    0.3308    0.1799
--
 
      Von Neumann Entropy (Root  1) =  2.46676
 

      Mulliken population analysis for root number:  1
      -----------------------------------------------
 
 
++    Molecular charges:
      ------------------
 
      Mulliken charges per centre and basis function type
      ---------------------------------------------------
 
                H1      H2      H3      H4      H5      H6      H7      H8      H9      H10   
      1s       0.9659  1.0137  1.0055  1.0025  1.0034  1.0034  1.0025  1.0055  1.0137  0.9659
      2s       0.0037 -0.0038 -0.0214 -0.0158 -0.0174 -0.0174 -0.0158 -0.0214 -0.0038  0.0037
      2px      0.0000  0.0000 -0.0000  0.0000  0.0000  0.0000  0.0000  0.0000  0.0000  0.0000
      2pz      0.0065  0.0151  0.0139  0.0140  0.0141  0.0141  0.0140  0.0139  0.0151  0.0065
      2py      0.0000  0.0000 -0.0000  0.0000  0.0000  0.0000  0.0000  0.0000  0.0000  0.0000
      Total    0.9761  1.0250  0.9981  1.0007  1.0001  1.0002  1.0007  0.9981  1.0250  0.9761
 
      N-E      0.0239 -0.0250  0.0019 -0.0007 -0.0001 -0.0002 -0.0007  0.0019 -0.0250  0.0239
 
      Total electronic charge=   10.000000
 
      Total            charge=   -0.000000
--
 
 

      Expectation values of various properties for root number:  1
      -----------------------------------------------------------
 
 
++    Molecular properties:
      ---------------------
 
      Charge (e):
                      =   -0.0000
      Dipole Moment (Debye):
      Origin of the operator (Ang)=    0.0000    0.0000    0.0000
                   X= -7.5543E-08               Y= -7.6568E-09               Z=  3.7230E-05           Total=  3.7230E-05
      Quadrupole Moment (Debye*Ang):
      Origin of the operator (Ang)=    0.0000    0.0000    6.9545
                  XX= -1.4364E+01              XY= -4.5005E-15              XZ=  1.4235E-07              YY= -1.4364E+01
                  YZ=  1.4205E-08              ZZ= -8.7333E+00
      In traceless form (Debye*Ang)
                  XX= -2.8156E+00              XY= -6.7507E-15              XZ=  2.1352E-07              YY= -2.8156E+00
                  YZ=  2.1308E-08              ZZ=  5.6312E+00
--
 

      LoProp population analysis for root number:  1
      -----------------------------------------------
 
 
++    LoProp analysis:
      ----------------
 
 
 
  Input file to MOLDEN was generated!
 
 
++    Static properties:
      ------------------
 
 
      LoProp Charges per center
 

                   H1       H2       H3       H4       H5       H6       H7       H8       H9       H10   
      Nuclear      1.0000   1.0000   1.0000   1.0000   1.0000   1.0000   1.0000   1.0000   1.0000   1.0000
      Electronic  -0.9991  -1.0006  -0.9994  -1.0008  -1.0001  -1.0001  -1.0008  -0.9994  -1.0006  -0.9991
 
      Total        0.0009  -0.0006   0.0006  -0.0008  -0.0001  -0.0001  -0.0008   0.0006  -0.0006   0.0009
--
 
 
      Natural Bond Order analysis for root number:  1
 
++    Natural Bond Order analysis
      ---------------------------
      Based on LoProp computed density
      -------------------------------------------------------------------------------------
      Atom A       Atom B       Bond Order
      -------------------------------------------------------------------------------------
      Atom A       Atom B       Atom C       Bond Order
        H1           H2           H3             0.903
        H8           H9           H10            0.903
      -------------------------------------------------------------------------------------
      NBO located      3.613 electrons involved in    2 bonds.
      NBO located      0.903 non-bonded electrons on atom H3        
      NBO located      1.016 non-bonded electrons on atom H4        
      NBO located      1.017 non-bonded electrons on atom H5        
      NBO located      1.017 non-bonded electrons on atom H6        
      NBO located      1.016 non-bonded electrons on atom H7        
      NBO located      0.903 non-bonded electrons on atom H8        
      The remaining    0.515 electrons are to be considered as diffuse
--
 
--
 
 
  Input file to MOLDEN was generated!
 
      Average orbitals are written to the RASORB file
      Natural orbitals for root   1 are written to the RASORB.1 file
      Spin density orbitals for root   1 are written to the SPDORB.1 file
 
forrtl: warning (525): IEEE_DIVIDE_BY_ZERO is signaling
forrtl: warning (526): IEEE_INVALID is signaling
forrtl: warning (528): IEEE_UNDERFLOW is signaling
--- Stop Module: rasscf at Sun Oct 26 15:18:58 2025 /rc=_RC_ALL_IS_WELL_ ---
*** files: H10_1.55.LprOrb H10_1.55.rasscf.molden H10_1.55.LoProp.molden H10_1.55.RasOrb.1 H10_1.55.RasOrb H10_1.55.rasscf.h5 H10_1.55.SpdOrb.1 xmldump
    saved to directory /home/grierjones/DDCASPT2/hydrogen_comps/rerun/H10_chain/H10_1.55
--- Module rasscf spent 12 seconds ---

>>> COPY /tmp/H10_1.55/H10_1.55.rasscf.h5 /home/grierjones/DDCASPT2/hydrogen_comps/rerun/H10_chain/H10_1.55/

>>> COPY /tmp/H10_1.55/GMJ_Fock_MO.csv /home/grierjones/DDCASPT2/hydrogen_comps/rerun/H10_chain/H10_1.55/H10_1.55.GMJ_Fock_MO.csv

*** symbolic link created: INPORB -> H10_1.55.RasOrb
--- Start Module: motra at Sun Oct 26 15:18:58 2025 ---
 
()()()()()()()()()()()()()()()()()()()()()()()()()()()()()()()()()()()()()()()()()()()()()()()()()()

                                               &MOTRA

                                   only a single process is used
                       available to each process: 2.0 GB of memory, 1 thread?
()()()()()()()()()()()()()()()()()()()()()()()()()()()()()()()()()()()()()()()()()()()()()()()()()()
 
 
      *** WARNING: Default frozen orbitals is overwritten by user input.
      *** Default values:   0
 
      Header of the integral files:
      
       Integrals generated by seward 4.2.0  , Sun Oct 26 15:18:44 2025
 
 
      Header of MO coefficients source file:
      * RASSCF average (pseudo-natural) orbitals                                      
 
 
      Cartesian coordinates in Angstrom:
      -----------------------------------------------------
      No.  Label        X            Y            Z        
      -----------------------------------------------------
       1   H1         0.00000000   0.00000000   0.00000000
       2   H2         0.00000000   0.00000000   1.54545500
       3   H3         0.00000000   0.00000000   3.09090900
       4   H4         0.00000000   0.00000000   4.63636400
       5   H5         0.00000000   0.00000000   6.18181800
       6   H6         0.00000000   0.00000000   7.72727300
       7   H7         0.00000000   0.00000000   9.27272700
       8   H8         0.00000000   0.00000000  10.81818200
       9   H9         0.00000000   0.00000000  12.36363600
      10   H10        0.00000000   0.00000000  13.90909100
      -----------------------------------------------------
      Nuclear repulsion energy =    6.60495679
 
      Orbital specifications:
      -----------------------
 
      Symmetry species:              1
      Number of basis functions:    50
      Frozen orbitals:               0
      Deleted orbitals:              0
      Number of orbitals used:      50

       SYMMETRY  BASIS FUNCTIONS       ORBITALS      INTEGRALS   CPU(SEC)  I/O(SEC)
        1 1 1 1   50  50  50  50    50  50  50  50      813450       0.00      0.00

       TOTAL CPU TIME(SEC)    0.47TOTAL I/O TIME(SEC)    1.18
 
--- Stop Module: motra at Sun Oct 26 15:18:59 2025 /rc=_RC_ALL_IS_WELL_ ---
*** files: xmldump
    saved to directory /home/grierjones/DDCASPT2/hydrogen_comps/rerun/H10_chain/H10_1.55
--- Module motra spent 1 second ---

>>> COPY /tmp/H10_1.55/GMJ_one_int_indx.csv /home/grierjones/DDCASPT2/hydrogen_comps/rerun/H10_chain/H10_1.55/H10_1.55.GMJ_one_int_indx.csv

>>> COPY /tmp/H10_1.55/GMJ_one_int.csv /home/grierjones/DDCASPT2/hydrogen_comps/rerun/H10_chain/H10_1.55/H10_1.55.GMJ_one_int.csv

>>> COPY /tmp/H10_1.55/GMJ_two_int_indx.csv /home/grierjones/DDCASPT2/hydrogen_comps/rerun/H10_chain/H10_1.55/H10_1.55.GMJ_two_int_indx.csv

>>> COPY /tmp/H10_1.55/GMJ_two_int.csv /home/grierjones/DDCASPT2/hydrogen_comps/rerun/H10_chain/H10_1.55/H10_1.55.GMJ_two_int.csv

*** symbolic link created: INPORB -> H10_1.55.RasOrb
--- Start Module: caspt2 at Sun Oct 26 15:18:59 2025 ---
 
()()()()()()()()()()()()()()()()()()()()()()()()()()()()()()()()()()()()()()()()()()()()()()()()()()

                                              &CASPT2

                                   only a single process is used
                       available to each process: 2.0 GB of memory, 1 thread?
()()()()()()()()()()()()()()()()()()()()()()()()()()()()()()()()()()()()()()()()()()()()()()()()()()
 
 Cholesky algorithm in CASPT2 =    1
 
 ###############################################################################
 ###############################################################################
 ###                                                                         ###
 ###                                                                         ###
 ###    User changed nr of frozen orbitals.                                  ###
 ###                                                                         ###
 ###                                                                         ###
 ###############################################################################
 ###############################################################################
 
++    Wave function specifications:
      -----------------------------
 
      Number of closed shell electrons           0
      Number of electrons in active shells      10
      Max number of holes in RAS1 space          0
      Max number of electrons in RAS3 space      0
      Number of inactive orbitals                0
      Number of active orbitals                 10
      Number of secondary orbitals              40
      Spin quantum number                      0.0
      State symmetry                             1
      Number of CSFs                         19404
      Number of root(s) available                1
      Root passed to geometry opt.               1
      A file JOBMIX will be created.
      This is a CASSCF or RASSCF reference function
--
 
++    Orbital specifications:
      -----------------------
 
      Symmetry species                           1
                                                 a
      Frozen orbitals                            0
      Inactive orbitals                          0
      Active orbitals                           10
      Secondary orbitals                        40
      Deleted orbitals                           0
      Number of basis functions                 50
--
 
      Type of Fock operator: STANDARD
      Type of 0-order Hamiltonian: STANDARD WITH DEFAULT IPEA
        "IP-EA" denominator shift =      0.25
      The input orbitals and the CI vector will be transformed.
 
--------------------------------------------------------------------------------
 Estimated memory requirements:
  POLY3 :                  3551880
  RHS:                      835500
  SIGMA :                   430400
  PRPCTL:                        0
 Available workspace:    230354915
 
++ CASPT2 computation for group   1
 
********************************************************************************
 Multi-State initialization phase begins for group   1
--------------------------------------------------------------------------------
********************************************************************************
 Compute H0 matrices for state    1
--------------------------------------------------------------------------------
--------------------------------------------------------------------------------
 H0 matrices have been computed.
 
********************************************************************************
  CASPT2 EQUATION SOLUTION
--------------------------------------------------------------------------------
 
  Total nr of CASPT2 parameters:
   Before reduction:      120200
   After  reduction:      119800
 
 The contributions to the second order correlation energy in atomic units.
-----------------------------------------------------------------------------------------------------------------------------
  IT.      VJTU        VJTI        ATVX        AIVX        VJAI        BVAT        BJAT        BJAI        TOTAL       RNORM  
-----------------------------------------------------------------------------------------------------------------------------
   1     0.000000    0.000000   -0.013663    0.000000    0.000000   -0.029199    0.000000    0.000000   -0.042862    0.001905
   2     0.000000    0.000000   -0.013797    0.000000    0.000000   -0.029233    0.000000    0.000000   -0.043030    0.000144
   3     0.000000    0.000000   -0.013799    0.000000    0.000000   -0.029233    0.000000    0.000000   -0.043031    0.000020
   4     0.000000    0.000000   -0.013798    0.000000    0.000000   -0.029233    0.000000    0.000000   -0.043031    0.000002
-------------------------------------------------------------------------------------------------------------------
 
  FINAL CASPT2 RESULT:
 
  Correlation energy /Case, /Symm, and sums:
 VJTU      0.00000000  0.00000000
 VJTIP     0.00000000  0.00000000
 VJTIM     0.00000000  0.00000000
 ATVX     -0.01379782 -0.01379782
 AIVX      0.00000000  0.00000000
 VJAIP     0.00000000  0.00000000
 VJAIM     0.00000000  0.00000000
 BVATP    -0.02777773 -0.02777773
 BVATM    -0.00145501 -0.00145501
 BJATP     0.00000000  0.00000000
 BJATM     0.00000000  0.00000000
 BJAIP     0.00000000  0.00000000
 BJAIM     0.00000000  0.00000000
 Summed:  -0.04303056 -0.04303056
 
      Reference energy:          -5.2461724506
      E2 (Non-variational):      -0.0430305592
      E2 (Variational):          -0.0430305640
      Total energy:              -5.2892030146
      Residual norm:              0.0000002020
      Reference weight:           0.97844
 
      Contributions to the CASPT2 correlation energy
      Active & Virtual Only:         -0.0430305592
      One Inactive Excited:           0.0000000000
      Two Inactive Excited:           0.0000000000
 
 
++ Denominators, etc.
----------------------------------------------------------------------------------------------------
 Report on small energy denominators, large coefficients, and large energy contributions.
CASE  SYMM ACTIVE-MIX  NON-ACTIVE INDICES          DENOMINATOR     RHS VALUE       COEFFICIENT     CONTRIBUTION
ATVX     1  Mu1.0001  Se1.011                       0.20914677     -0.00015600      0.00055482     -0.00000009
ATVX     1  Mu1.0002  Se1.011                       0.29154488     -0.00000005      0.00000014     -0.00000000
ATVX     1  Mu1.0001  Se1.012                       0.23456572      0.00000002     -0.00000007     -0.00000000
ATVX     1  Mu1.0001  Se1.013                       0.27990855     -0.00049397      0.00111166     -0.00000055
--
 
   (Skipping property calculation,
    use PROP keyword to activate)
--
 
  Total CASPT2 energies:
::    CASPT2 Root  1     Total energy:     -5.28920301
 
  A NEW JOBIPH FILE NAMED 'JOBMIX' IS PREPARED.
********************************************************************************
forrtl: warning (528): IEEE_UNDERFLOW is signaling
--- Stop Module: caspt2 at Sun Oct 26 15:19:05 2025 /rc=_RC_ALL_IS_WELL_ ---
*** files: xmldump
    saved to directory /home/grierjones/DDCASPT2/hydrogen_comps/rerun/H10_chain/H10_1.55
--- Module caspt2 spent 5 seconds ---

>>> EXPORT i = B

>>> EXPORT j = P

>>> IF (-FILE GMJ_e2_${i}_${j}_1_.csv)
(Skipped)

>>> END FOREACH

>>> EXPORT j = M

>>> IF (-FILE GMJ_e2_${i}_${j}_1_.csv)
(Skipped)

>>> END FOREACH

>>> END FOREACH

>>> EXPORT i = E

>>> EXPORT j = P

>>> IF (-FILE GMJ_e2_${i}_${j}_1_.csv)
(Skipped)

>>> END FOREACH

>>> EXPORT j = M

>>> IF (-FILE GMJ_e2_${i}_${j}_1_.csv)
(Skipped)

>>> END FOREACH

>>> END FOREACH

>>> EXPORT i = F

>>> EXPORT j = P

>>> IF (-FILE GMJ_e2_${i}_${j}_1_.csv)

>>> COPY /tmp/H10_1.55/GMJ_RHS_F_P_1_.csv /home/grierjones/DDCASPT2/hydrogen_comps/rerun/H10_chain/H10_1.55/GMJ_RHS_F_P_1_.csv

>>> COPY /tmp/H10_1.55/GMJ_IVECW_F_P_1_.csv /home/grierjones/DDCASPT2/hydrogen_comps/rerun/H10_chain/H10_1.55/GMJ_IVECW_F_P_1_.csv

>>> COPY /tmp/H10_1.55/GMJ_IVECX_F_P_1_.csv /home/grierjones/DDCASPT2/hydrogen_comps/rerun/H10_chain/H10_1.55/GMJ_IVECX_F_P_1_.csv

>>> COPY /tmp/H10_1.55/GMJ_IVECC2_F_P_1_.csv /home/grierjones/DDCASPT2/hydrogen_comps/rerun/H10_chain/H10_1.55/GMJ_IVECC2_F_P_1_.csv

>>> COPY /tmp/H10_1.55/GMJ_e2_F_P_1_.csv /home/grierjones/DDCASPT2/hydrogen_comps/rerun/H10_chain/H10_1.55/GMJ_e2_F_P_1_.csv

>>> END FOREACH

>>> EXPORT j = M

>>> IF (-FILE GMJ_e2_${i}_${j}_1_.csv)

>>> COPY /tmp/H10_1.55/GMJ_RHS_F_M_1_.csv /home/grierjones/DDCASPT2/hydrogen_comps/rerun/H10_chain/H10_1.55/GMJ_RHS_F_M_1_.csv

>>> COPY /tmp/H10_1.55/GMJ_IVECW_F_M_1_.csv /home/grierjones/DDCASPT2/hydrogen_comps/rerun/H10_chain/H10_1.55/GMJ_IVECW_F_M_1_.csv

>>> COPY /tmp/H10_1.55/GMJ_IVECX_F_M_1_.csv /home/grierjones/DDCASPT2/hydrogen_comps/rerun/H10_chain/H10_1.55/GMJ_IVECX_F_M_1_.csv

>>> COPY /tmp/H10_1.55/GMJ_IVECC2_F_M_1_.csv /home/grierjones/DDCASPT2/hydrogen_comps/rerun/H10_chain/H10_1.55/GMJ_IVECC2_F_M_1_.csv

>>> COPY /tmp/H10_1.55/GMJ_e2_F_M_1_.csv /home/grierjones/DDCASPT2/hydrogen_comps/rerun/H10_chain/H10_1.55/GMJ_e2_F_M_1_.csv

>>> END FOREACH

>>> END FOREACH

>>> EXPORT i = G

>>> EXPORT j = P

>>> IF (-FILE GMJ_e2_${i}_${j}_1_.csv)
(Skipped)

>>> END FOREACH

>>> EXPORT j = M

>>> IF (-FILE GMJ_e2_${i}_${j}_1_.csv)
(Skipped)

>>> END FOREACH

>>> END FOREACH

>>> EXPORT i = H

>>> EXPORT j = P

>>> IF (-FILE GMJ_e2_${i}_${j}_1_.csv)
(Skipped)

>>> END FOREACH

>>> EXPORT j = M

>>> IF (-FILE GMJ_e2_${i}_${j}_1_.csv)
(Skipped)

>>> END FOREACH

>>> END FOREACH

>>> EXPORT i = A

>>> IF (-FILE GMJ_e2_${i}_1_.csv)
(Skipped)

>>> END FOREACH

>>> EXPORT i = C

>>> IF (-FILE GMJ_e2_${i}_1_.csv)

>>> COPY /tmp/H10_1.55/GMJ_RHS_C_1_.csv /home/grierjones/DDCASPT2/hydrogen_comps/rerun/H10_chain/H10_1.55/GMJ_RHS_C_1_.csv

>>> COPY /tmp/H10_1.55/GMJ_IVECW_C_1_.csv /home/grierjones/DDCASPT2/hydrogen_comps/rerun/H10_chain/H10_1.55/GMJ_IVECW_C_1_.csv

>>> COPY /tmp/H10_1.55/GMJ_IVECX_C_1_.csv /home/grierjones/DDCASPT2/hydrogen_comps/rerun/H10_chain/H10_1.55/GMJ_IVECX_C_1_.csv

>>> COPY /tmp/H10_1.55/GMJ_IVECC2_C_1_.csv /home/grierjones/DDCASPT2/hydrogen_comps/rerun/H10_chain/H10_1.55/GMJ_IVECC2_C_1_.csv

>>> COPY /tmp/H10_1.55/GMJ_e2_C_1_.csv /home/grierjones/DDCASPT2/hydrogen_comps/rerun/H10_chain/H10_1.55/GMJ_e2_C_1_.csv

>>> END FOREACH

>>> EXPORT i = D

>>> IF (-FILE GMJ_e2_${i}_1_.csv)
(Skipped)

>>> END FOREACH

.########################.
.# Non-zero return code #.
.########################.

    Timing: Wall=20.57 User=19.16 System=1.39
****************************************
*** WorkDir at /tmp/H10_1.55 cleaned ***
****************************************
