   This run of MOLCAS is using the pymolcas driver

                             OPE
                             OPE          NMOL  CASOP  ENMOLC A   SO
                 OPE        NMOLC        AS  OP EN  MO LC     AS  OP
                OPENM       OL CA        SO  PE NM  OL CA     SOP EN
                OP EN      MO   LC       AS  OP ENMOL  CASO   PENMOL
                OP  EN     MO   LC       AS  OP EN     MO     LC ASO
               OP   E  NMOL  C  AS       OP  EN MO     LC     AS  OP
               OP  E   NMO   LC AS        OPEN  MO     LCASOP EN   M
               O  PEN   MO  LCA  SO
            OPE   NMO   L   CAS    OP
        OPENMOL  CASOP     ENMOL   CASOPE
     OPENMOLCA   SOPENMOLCASOPEN   MOLCASOPE
    OPENMOLCAS   OP           EN   MOL    CAS
    OPENMOLCAS       OP  ENM        O     LCA
    OPENMOLCAS    OPEN  MOLCASO     P  E  NMO
    OPENMOLCAS     OP               E  N  MOL
    OPENMOLCA   SO           PENM   O  L  CAS    OPEN    MO    LCAS
    OPENMOLCA   SOP           ENM   O  L  CAS   OP  EN  MOLC  AS   O
    OPENMOLCA   SOPE           NM      O  LCA   S      OP  EN MO
    OPENMOLC                AS         O  PEN   M      OL  CA  SOPE
    OPENMO        LCASOPE  NMOL        C  ASO   P      ENMOLC     AS
    OPE     NMO      LCA  SO     P     E   NM   OL  CA SO  PE N   MO
          OPENMOLCA            SOPE   NMO        LCAS  O    P  ENMO
     OPENMOLCASOPENMOLCASOPENMOLCASOPENMOLCA
        OPENMOLCASOPENMOLCASOPENMOLCASOPE
            OPENMOLCASOPENMOLCASOPENM
               OPENMOLCASOPENMOLCA        version: f37762c57
                   OPENMOLCASO
                       OPE                tag:

 OpenMolcas is free software; you can redistribute it and/or modify it
 under the terms of the GNU Lesser General Public License version 2.1.
 OpenMolcas is distributed in the hope that it will be useful, but it
 is provided "as is" and without any express or implied warranties.
 For more details see the full text of the license in the file
 LICENSE or in <http://www.gnu.org/licenses/>.

                 Copyright (C) The OpenMolcas Authors
           For the author list and the recommended citation,
                   consult the file CONTRIBUTORS.md

           *************************************************
           * pymolcas version py2.28                       *
           *   build c4a6d18ded8cb6cad61d2372a9abd97c      *
           *   (after the EMIL interpreter by V. Veryazov) *
           *************************************************

configuration info
------------------
C Compiler ID: Intel
C flags: -std=gnu99 -gcc-sys
Fortran Compiler ID: IntelLLVM
Fortran flags: -standard-semantics -fltconsistency -fpp -i8 -heap-arrays
Definitions: _MOLCAS_;_I8_;_LINUX_
Parallel: OFF (GA=OFF)


   ----------------------------------------------------------------------------------------
  |
  |              Project: H12_1.55
  |       Submitted from: /home/grierjones/DDCASPT2/hydrogen_comps/rerun/H12_chain/H12_1.55
  |         Scratch area: /tmp/H12_1.55
  |      Save outputs to: /home/grierjones/DDCASPT2/hydrogen_comps/rerun/H12_chain/H12_1.55
  |               Molcas: /home/grierjones/Test/build
  |
  | Scratch area is empty
  |
  |       MOLCAS_DRIVER = /usr/local/pymolcas
  | MOLCAS_KEEP_WORKDIR = NO
  |  MOLCAS_NEW_WORKDIR = YES
  |       MOLCAS_NPROCS = 1
  |        MOLCAS_PRINT = NORMAL
  |       MOLCAS_SOURCE = /home/grierjones/Test
  |    MOLCAS_STRUCTURE = 0
  |
   ----------------------------------------------------------------------------------------

++ ---------   Input file   ---------

&GATEWAY
coord=H12_1.55.xyz
Basis = ANO-RCC-VDZP
Group = nosymm
End of Input

&SEWARD
End of Input

&SCF

>>> COPY $WorkDir/H12_1.55.scf.h5 $CurrDir/

&RASSCF
Title= RASSCF
FileOrb
/home/grierjones/DDCASPT2/hydrogen_comps/rerun/H12_chain/H12_0.60/H12_0.60.RasOrb
NACTEL
12 0 0
Inactive
0
RAS2
12
Symmetry
1
Spin
1
orblisting
all

>>> COPY $WorkDir/H12_1.55.rasscf.h5 $CurrDir/

>>> COPY $WorkDir/GMJ_Fock_MO.csv $CurrDir/H12_1.55.GMJ_Fock_MO.csv

&MOTRA
Frozen=0
LUMORB

>>> COPY $WorkDir/GMJ_one_int_indx.csv $CurrDir/H12_1.55.GMJ_one_int_indx.csv

>>> COPY $WorkDir/GMJ_one_int.csv $CurrDir/H12_1.55.GMJ_one_int.csv

>>> COPY $WorkDir/GMJ_two_int_indx.csv $CurrDir/H12_1.55.GMJ_two_int_indx.csv

>>> COPY $WorkDir/GMJ_two_int.csv $CurrDir/H12_1.55.GMJ_two_int.csv

&CASPT2
Frozen
0

MAXITER
50

>>> FOREACH i IN (B,E,F,G,H)

  >>> FOREACH j IN (P,M)

    >>> IF (-FILE GMJ_e2_${i}_${j}_1_.csv)

      >>> COPY $WorkDir/GMJ_RHS_${i}_${j}_1_.csv $CurrDir/GMJ_RHS_${i}_${j}_1_.csv

      >>> COPY $WorkDir/GMJ_IVECW_${i}_${j}_1_.csv $CurrDir/GMJ_IVECW_${i}_${j}_1_.csv

      >>> COPY $WorkDir/GMJ_IVECX_${i}_${j}_1_.csv $CurrDir/GMJ_IVECX_${i}_${j}_1_.csv

      >>> COPY $WorkDir/GMJ_IVECC2_${i}_${j}_1_.csv $CurrDir/GMJ_IVECC2_${i}_${j}_1_.csv

      >>> COPY $WorkDir/GMJ_e2_${i}_${j}_1_.csv $CurrDir/GMJ_e2_${i}_${j}_1_.csv

    >>> END IF

  >>> END FOREACH

>>> END FOREACH

>>> FOREACH i IN (A,C,D)

  >>> IF (-FILE GMJ_e2_${i}_1_.csv)

    >>> COPY $WorkDir/GMJ_RHS_${i}_1_.csv $CurrDir/GMJ_RHS_${i}_1_.csv

    >>> COPY $WorkDir/GMJ_IVECW_${i}_1_.csv $CurrDir/GMJ_IVECW_${i}_1_.csv

    >>> COPY $WorkDir/GMJ_IVECX_${i}_1_.csv $CurrDir/GMJ_IVECX_${i}_1_.csv

    >>> COPY $WorkDir/GMJ_IVECC2_${i}_1_.csv $CurrDir/GMJ_IVECC2_${i}_1_.csv

    >>> COPY $WorkDir/GMJ_e2_${i}_1_.csv $CurrDir/GMJ_e2_${i}_1_.csv

  >>> END IF

>>> END FOREACH

-- ----------------------------------

--- Start Module: gateway at Mon Oct 27 01:32:05 2025 ---
 
()()()()()()()()()()()()()()()()()()()()()()()()()()()()()()()()()()()()()()()()()()()()()()()()()()

                                              &GATEWAY

                                   only a single process is used
                       available to each process: 2.0 GB of memory, 1 thread?
()()()()()()()()()()()()()()()()()()()()()()()()()()()()()()()()()()()()()()()()()()()()()()()()()()
 
 
++    Symmetry information:
      ---------------------
 
                    Character Table for C1 
 
                             E  
                    a        1  x, y, xy, Rz, z, xz, Ry, yz, Rx, I
--
 
 
++    Basis set information:
      ----------------------
 
 
      Basis set label: H.ANO-RCC...2S1P.
 
      Electronic valence basis set:
      ------------------
      Associated Effective Charge   1.000000 au
      Associated Actual Charge      1.000000 au
      Nuclear Model: Point charge
 
      Shell  nPrim  nBasis  Cartesian Spherical Contaminant
         s       8       2        X                  
         p       4       1        X                  
--
 
 
++    Molecular structure info:
      -------------------------
 
                    ************************************************ 
                    **** Cartesian Coordinates / Bohr, Angstrom **** 
                    ************************************************ 
 
     Center  Label                x              y              z                     x              y              z
        1      H1               0.000000       0.000000       0.000000              0.000000       0.000000       0.000000
        2      H2               0.000000       0.000000       2.920487              0.000000       0.000000       1.545455
        3      H3               0.000000       0.000000       5.840971              0.000000       0.000000       3.090909
        4      H4               0.000000       0.000000       8.761458              0.000000       0.000000       4.636364
        5      H5               0.000000       0.000000      11.681943              0.000000       0.000000       6.181818
        6      H6               0.000000       0.000000      14.602430              0.000000       0.000000       7.727273
        7      H7               0.000000       0.000000      17.522914              0.000000       0.000000       9.272727
        8      H8               0.000000       0.000000      20.443401              0.000000       0.000000      10.818182
        9      H9               0.000000       0.000000      23.363886              0.000000       0.000000      12.363636
       10      H10              0.000000       0.000000      26.284373              0.000000       0.000000      13.909091
       11      H11              0.000000       0.000000      29.204857              0.000000       0.000000      15.454545
       12      H12              0.000000       0.000000      32.125344              0.000000       0.000000      17.000000
 
                    *************************************** 
                    *    InterNuclear Distances / Bohr    * 
                    *************************************** 
 
               1 H1            2 H2            3 H3            4 H4            5 H5            6 H6    
    1 H1       0.000000
    2 H2       2.920487        0.000000
    3 H3       5.840971        2.920485        0.000000
    4 H4       8.761458        5.840971        2.920487        0.000000
    5 H5      11.681943        8.761456        5.840971        2.920485        0.000000
    6 H6      14.602430       11.681943        8.761458        5.840971        2.920487        0.000000
    7 H7      17.522914       14.602428       11.681943        8.761456        5.840971        2.920485
    8 H8      20.443401       17.522914       14.602430       11.681943        8.761458        5.840971
    9 H9      23.363886       20.443399       17.522914       14.602428       11.681943        8.761456
   10 H10     26.284373       23.363886       20.443401       17.522914       14.602430       11.681943
   11 H11     29.204857       26.284371       23.363886       20.443399       17.522914       14.602428
   12 H12     32.125344       29.204857       26.284373       23.363886       20.443401       17.522914
 
               7 H7            8 H8            9 H9           10 H10          11 H11          12 H12   
    7 H7       0.000000
    8 H8       2.920487        0.000000
    9 H9       5.840971        2.920485        0.000000
   10 H10      8.761458        5.840971        2.920487        0.000000
   11 H11     11.681943        8.761456        5.840971        2.920485        0.000000
   12 H12     14.602430       11.681943        8.761458        5.840971        2.920487        0.000000
 
                    ******************************************* 
                    *    InterNuclear Distances / Angstrom    * 
                    ******************************************* 
 
               1 H1            2 H2            3 H3            4 H4            5 H5            6 H6    
    1 H1       0.000000
    2 H2       1.545455        0.000000
    3 H3       3.090909        1.545454        0.000000
    4 H4       4.636364        3.090909        1.545455        0.000000
    5 H5       6.181818        4.636363        3.090909        1.545454        0.000000
    6 H6       7.727273        6.181818        4.636364        3.090909        1.545455        0.000000
    7 H7       9.272727        7.727272        6.181818        4.636363        3.090909        1.545454
    8 H8      10.818182        9.272727        7.727273        6.181818        4.636364        3.090909
    9 H9      12.363636       10.818181        9.272727        7.727272        6.181818        4.636363
   10 H10     13.909091       12.363636       10.818182        9.272727        7.727273        6.181818
   11 H11     15.454545       13.909090       12.363636       10.818181        9.272727        7.727272
   12 H12     17.000000       15.454545       13.909091       12.363636       10.818182        9.272727
 
               7 H7            8 H8            9 H9           10 H10          11 H11          12 H12   
    7 H7       0.000000
    8 H8       1.545455        0.000000
    9 H9       3.090909        1.545454        0.000000
   10 H10      4.636364        3.090909        1.545455        0.000000
   11 H11      6.181818        4.636363        3.090909        1.545454        0.000000
   12 H12      7.727273        6.181818        4.636364        3.090909        1.545455        0.000000
 
                    ************************************** 
                    *    Valence Bond Angles / Degree    * 
                    ************************************** 
                          Atom centers                 Phi
                      1 H1       2 H2       3 H3       180.00
                      2 H2       3 H3       4 H4       180.00
                      3 H3       4 H4       5 H5       180.00
                      4 H4       5 H5       6 H6       180.00
                      5 H5       6 H6       7 H7       180.00
                      6 H6       7 H7       8 H8       180.00
                      7 H7       8 H8       9 H9       180.00
                      8 H8       9 H9      10 H10      180.00
                      9 H9      10 H10     11 H11      180.00
                     10 H10     11 H11     12 H12      180.00
--
 
 
            Nuclear Potential Energy              8.64189384 au
 
--- Stop Module: gateway at Mon Oct 27 01:32:05 2025 /rc=_RC_ALL_IS_WELL_ ---
*** files: xmldump
    saved to directory /home/grierjones/DDCASPT2/hydrogen_comps/rerun/H12_chain/H12_1.55

--- Start Module: seward at Mon Oct 27 01:32:05 2025 ---
 
()()()()()()()()()()()()()()()()()()()()()()()()()()()()()()()()()()()()()()()()()()()()()()()()()()

                                              &SEWARD

                                   only a single process is used
                       available to each process: 2.0 GB of memory, 1 thread?
()()()()()()()()()()()()()()()()()()()()()()()()()()()()()()()()()()()()()()()()()()()()()()()()()()
 
               SEWARD will generate:
                  Multipole Moment integrals up to order  2
                  Kinetic Energy integrals
                  Nuclear Attraction integrals (point charge)
                  One-Electron Hamiltonian integrals
                  Velocity integrals
                  Relativistic Douglas-Kroll-Hess integrals:
                    - Parametrization         : EXP
                    - DKH order of Hamiltonian: 2
                    - DKH order of Properties : 0
                         - multipole moment operators
                         - electric potential operators
                         - contact operators
                  Atomic mean-field integrals
                  Two-Electron Repulsion integrals
 
                   Integrals are discarded if absolute value <: 0.10E-13
                   Integral cutoff threshold is set to       <: 0.10E-15
 
            Nuclear Potential Energy              8.64189384 au
 
 
      Basis set specifications :
      Symmetry species         a  
      Basis functions           60
 
 
  Input file to MOLDEN was generated!
 
forrtl: warning (525): IEEE_DIVIDE_BY_ZERO is signaling
forrtl: warning (526): IEEE_INVALID is signaling
forrtl: warning (528): IEEE_UNDERFLOW is signaling
--- Stop Module: seward at Mon Oct 27 01:32:06 2025 /rc=_RC_ALL_IS_WELL_ ---
*** files: H12_1.55.GssOrb H12_1.55.guessorb.h5 H12_1.55.guessorb.molden xmldump
    saved to directory /home/grierjones/DDCASPT2/hydrogen_comps/rerun/H12_chain/H12_1.55
--- Module seward spent 1 second ---

*** symbolic link created: INPORB -> H12_1.55.GssOrb
--- Start Module: scf at Mon Oct 27 01:32:06 2025 ---
 
()()()()()()()()()()()()()()()()()()()()()()()()()()()()()()()()()()()()()()()()()()()()()()()()()()

                                                &SCF

                                   only a single process is used
                       available to each process: 2.0 GB of memory, 1 thread?
()()()()()()()()()()()()()()()()()()()()()()()()()()()()()()()()()()()()()()()()()()()()()()()()()()
 
++    Input section:
      --------------
 
      Header of the integral files:
      
       Integrals generated by seward 4.2.0  , Mon Oct 27 01:32:05 2025
 
 
      Cartesian coordinates in Angstrom:
      -----------------------------------------------------
      No.  Label        X            Y            Z        
      -----------------------------------------------------
       1   H1         0.00000000   0.00000000   0.00000000
       2   H2         0.00000000   0.00000000   1.54545500
       3   H3         0.00000000   0.00000000   3.09090900
       4   H4         0.00000000   0.00000000   4.63636400
       5   H5         0.00000000   0.00000000   6.18181800
       6   H6         0.00000000   0.00000000   7.72727300
       7   H7         0.00000000   0.00000000   9.27272700
       8   H8         0.00000000   0.00000000  10.81818200
       9   H9         0.00000000   0.00000000  12.36363600
      10   H10        0.00000000   0.00000000  13.90909100
      11   H11        0.00000000   0.00000000  15.45454500
      12   H12        0.00000000   0.00000000  17.00000000
      -----------------------------------------------------
      Nuclear repulsion energy =    8.64189384
--
 
++    Orbital specifications:
      -----------------------
 
      Symmetry species               1
                                     a
      Frozen orbitals                0
      Occupied orbitals              6
      Secondary orbitals            54
      Deleted orbitals               0
      Total number of orbitals      60
      Number of basis functions     60
--
 
      Molecular charge                           0.000
 
++    Optimization specifications:
      ----------------------------
 
      SCF Algorithm: Conventional
      Minimized density differences are used
      Number of density matrices in core                5
      Maximum number of NDDO SCF iterations           400
      Maximum number of HF SCF iterations             400
      Threshold for SCF energy change            0.10E-08
      Threshold for density matrix               0.10E-03
      Threshold for Fock matrix                  0.15E-03
      Threshold for linear dependence            0.10E-08
      Threshold at which DIIS is turned on       0.15E+00
      Threshold at which QNR/C2DIIS is turned on 0.75E-01
      Threshold for Norm(delta) (QNR/C2DIIS)     0.20E-04
      DIIS extrapolation of the SCF procedure
      All orbitals punched on: SCFORB
--
 
      Input vectors read from INPORB
      Orbital file label: *Guess orbitals
 
 
++ Convergence information
                                   SCF        iterations: Energy and convergence statistics
 
Iter     Tot. SCF        One-elec.       Two-elec.     Energy      Max Dij or  Max Fij      DNorm      TNorm      AccCon     Time
         Energy          Energy          Energy        Change      Delta Norm                                                in Sec.
   1    -5.814273672   -23.828454561     9.372287053   0.00E+00    0.24E+00*   0.11E+00*    0.46E+01   0.15E+02   None         0.
   2    -5.960586355   -23.825603949     9.223123759  -0.15E+00*   0.11E+00*   0.16E-01*    0.15E+01   0.15E+02   EDIIS        0.
   3    -5.968863870   -23.760459745     9.149702039  -0.83E-02*   0.55E-01*   0.82E-02*    0.35E+00   0.15E+02   EDIIS        0.
   4    -5.970865752   -23.757439640     9.144680052  -0.20E-02*   0.16E-01*   0.80E-02*    0.12E+00   0.15E+02   c2DIIS       0.
   5    -5.971871739   -23.750963157     9.137197582  -0.10E-02*   0.41E-02*   0.79E-03*    0.32E-01   0.15E+02   QNRc2DIIS    0.
   6    -5.971892516   -23.751760565     9.137974213  -0.21E-04*   0.52E-02*   0.39E-03*    0.77E-02   0.15E+02   QNRc2DIIS    0.
   7    -5.971901725   -23.751650309     9.137854748  -0.92E-05*   0.27E-03*   0.54E-04     0.27E-02   0.15E+02   QNRc2DIIS    0.
   8    -5.971901826   -23.751400355     9.137604693  -0.10E-06*   0.77E-04*   0.15E-04     0.52E-03   0.15E+02   QNRc2DIIS    0.
   9    -5.971901832   -23.751358311     9.137562642  -0.67E-08*   0.12E-04    0.29E-05     0.72E-04   0.15E+02   QNRc2DIIS    0.
  10    -5.971901832   -23.751358596     9.137562927  -0.17E-09    0.59E-05    0.83E-06     0.22E-04   0.15E+02   QNRc2DIIS    0.
 
       Convergence after 10 Macro Iterations
--
 
 *****************************************************************************************************************************
 *                                                                                                                           *
 *                                             SCF/KS-DFT Program, Final results                                             *
 *                                                                                                                           *
 *                                                                                                                           *
 *                                                                                                                           *
 *                                                       Final Results                                                       *
 *                                                                                                                           *
 *****************************************************************************************************************************
 
::    Total SCF energy                                 -5.9719018325
      One-electron energy                             -23.7513585957
      Two-electron energy                               9.1375629270
      Nuclear repulsion energy                          8.6418938362
      Kinetic energy (interpolated)                     4.5511957688
      Virial theorem                                    1.3121610530
      Total spin, S(S+1)                                0.0000000000
      Total spin, S                                     0.0000000000
      Max non-diagonal density matrix element           0.0000057715
      Max non-diagonal Fock matrix element              0.0000004784
 
 
      All orbitals with orbital energies smaller than  E(LUMO)+0.5 are printed
 
++    Molecular orbitals:
      -------------------
 
      Title: SCF orbitals

      Molecular orbitals for symmetry species 1: a  
 
          Orbital            1         2         3         4         5         6         7         8         9        10    
          Energy           -0.5365   -0.5188   -0.4898   -0.4495   -0.3990   -0.3446   -0.1128   -0.0445    0.0308    0.1084
          Occ. No.          2.0000    2.0000    2.0000    2.0000    2.0000    2.0000    0.0000    0.0000    0.0000    0.0000
 
        1 H1     1s         0.0775   -0.1536    0.2243   -0.2833    0.3148   -0.2606    0.3504   -0.5105    0.5508   -0.4997
        2 H1     2s         0.0034   -0.0072    0.0126   -0.0225    0.0376   -0.0437    0.1255   -0.2201    0.2864   -0.3152
        3 H1     2px        0.0000   -0.0000    0.0000   -0.0000    0.0000   -0.0000   -0.0000    0.0000   -0.0000    0.0000
        4 H1     2py       -0.0000   -0.0000    0.0000   -0.0000   -0.0000    0.0000   -0.0000    0.0000   -0.0000    0.0000
        5 H1     2pz        0.0061   -0.0112    0.0140   -0.0142    0.0118   -0.0070   -0.0010    0.0078   -0.0185    0.0304
        6 H2     1s         0.1234   -0.2323    0.3083   -0.3334    0.2918   -0.1738   -0.1161    0.3652   -0.6288    0.7733
        7 H2     2s         0.0005   -0.0090    0.0295   -0.0584    0.0793   -0.0645   -0.0330    0.1485   -0.2895    0.3749
        8 H2     2px       -0.0000    0.0000   -0.0000    0.0000   -0.0000    0.0000    0.0000   -0.0000    0.0000   -0.0000
        9 H2     2py       -0.0000    0.0000   -0.0000    0.0000   -0.0000   -0.0000    0.0000   -0.0000    0.0000   -0.0000
       10 H2     2pz        0.0023   -0.0018   -0.0030    0.0110   -0.0179    0.0170   -0.0192    0.0213   -0.0103   -0.0099
       11 H3     1s         0.2008   -0.2947    0.2204    0.0038   -0.2690    0.3565   -0.4320    0.3361    0.1200   -0.6279
       12 H3     2s         0.0107   -0.0146    0.0061    0.0212   -0.0684    0.0932   -0.1568    0.1312    0.0600   -0.3042
       13 H3     2px       -0.0000    0.0000   -0.0000    0.0000    0.0000   -0.0000   -0.0000   -0.0000    0.0000   -0.0000
       14 H3     2py        0.0000   -0.0000    0.0000    0.0000   -0.0000    0.0000   -0.0000    0.0000    0.0000   -0.0000
       15 H3     2pz        0.0058   -0.0043   -0.0049    0.0145   -0.0163    0.0093    0.0107   -0.0233    0.0274   -0.0148
       16 H4     1s         0.2332   -0.2887    0.1144    0.1703   -0.3471    0.2654    0.2548   -0.5283    0.3951    0.2241
       17 H4     2s         0.0050   -0.0195    0.0253    0.0076   -0.0679    0.0800    0.0855   -0.2173    0.1802    0.1073
       18 H4     2px       -0.0000    0.0000   -0.0000    0.0000    0.0000    0.0000   -0.0000   -0.0000    0.0000   -0.0000
       19 H4     2py        0.0000   -0.0000   -0.0000    0.0000   -0.0000   -0.0000   -0.0000    0.0000    0.0000   -0.0000
       20 H4     2pz        0.0005    0.0059   -0.0134    0.0094    0.0071   -0.0175    0.0215   -0.0096   -0.0188    0.0335
       21 H5     1s         0.2786   -0.1776   -0.1774    0.3041    0.0278   -0.3704    0.4298    0.0464   -0.6170    0.3401
       22 H5     2s         0.0115   -0.0001   -0.0279    0.0360    0.0231   -0.1000    0.1538    0.0260   -0.2779    0.1621
       23 H5     2px        0.0000    0.0000    0.0000    0.0000   -0.0000   -0.0000    0.0000   -0.0000    0.0000   -0.0000
       24 H5     2py       -0.0000    0.0000   -0.0000   -0.0000    0.0000    0.0000   -0.0000    0.0000    0.0000   -0.0000
       25 H5     2pz        0.0045    0.0052   -0.0129    0.0007    0.0159   -0.0141   -0.0166    0.0231    0.0002   -0.0326
       26 H6     1s         0.2904   -0.0969   -0.2692    0.1997    0.2240   -0.3388   -0.3664    0.4049    0.3157   -0.6851
       27 H6     2s         0.0093   -0.0159   -0.0163    0.0410    0.0318   -0.0961   -0.1282    0.1715    0.1395   -0.3257
       28 H6     2px       -0.0000   -0.0000    0.0000    0.0000    0.0000    0.0000   -0.0000   -0.0000    0.0000    0.0000
       29 H6     2py        0.0000    0.0000    0.0000    0.0000    0.0000    0.0000   -0.0000    0.0000   -0.0000   -0.0000
       30 H6     2pz       -0.0022    0.0098   -0.0022   -0.0152    0.0061    0.0169   -0.0204   -0.0095    0.0276    0.0092
       31 H7     1s         0.2904    0.0969   -0.2692   -0.1997    0.2240    0.3388   -0.3664   -0.4049    0.3157    0.6851
       32 H7     2s         0.0093    0.0159   -0.0163   -0.0410    0.0318    0.0961   -0.1282   -0.1715    0.1395    0.3257
       33 H7     2px       -0.0000    0.0000   -0.0000   -0.0000   -0.0000    0.0000    0.0000   -0.0000   -0.0000   -0.0000
       34 H7     2py       -0.0000   -0.0000   -0.0000   -0.0000    0.0000    0.0000    0.0000   -0.0000   -0.0000   -0.0000
       35 H7     2pz        0.0022    0.0098    0.0022   -0.0152   -0.0061    0.0169    0.0204   -0.0095   -0.0276    0.0092
       36 H8     1s         0.2786    0.1776   -0.1774   -0.3041    0.0278    0.3704    0.4298   -0.0464   -0.6170   -0.3401
       37 H8     2s         0.0115    0.0001   -0.0279   -0.0360    0.0231    0.1000    0.1538   -0.0260   -0.2779   -0.1621
       38 H8     2px       -0.0000   -0.0000   -0.0000   -0.0000    0.0000   -0.0000    0.0000    0.0000   -0.0000   -0.0000
       39 H8     2py        0.0000   -0.0000   -0.0000    0.0000    0.0000    0.0000   -0.0000   -0.0000    0.0000    0.0000
       40 H8     2pz       -0.0045    0.0052    0.0129    0.0007   -0.0159   -0.0141    0.0166    0.0231   -0.0002   -0.0326
       41 H9     1s         0.2332    0.2887    0.1144   -0.1703   -0.3471   -0.2654    0.2548    0.5283    0.3951   -0.2241
       42 H9     2s         0.0050    0.0195    0.0253   -0.0076   -0.0679   -0.0800    0.0855    0.2173    0.1802   -0.1073
       43 H9     2px        0.0000   -0.0000   -0.0000    0.0000    0.0000    0.0000    0.0000    0.0000    0.0000   -0.0000
       44 H9     2py        0.0000   -0.0000   -0.0000    0.0000   -0.0000   -0.0000   -0.0000   -0.0000   -0.0000    0.0000
       45 H9     2pz       -0.0005    0.0059    0.0134    0.0094   -0.0071   -0.0175   -0.0215   -0.0096    0.0188    0.0335
       46 H10    1s         0.2008    0.2947    0.2204   -0.0038   -0.2690   -0.3565   -0.4320   -0.3361    0.1200    0.6279
       47 H10    2s         0.0107    0.0146    0.0061   -0.0212   -0.0684   -0.0932   -0.1568   -0.1312    0.0600    0.3042
       48 H10    2px        0.0000    0.0000   -0.0000   -0.0000    0.0000    0.0000   -0.0000    0.0000   -0.0000   -0.0000
       49 H10    2py        0.0000    0.0000    0.0000    0.0000   -0.0000   -0.0000   -0.0000    0.0000    0.0000    0.0000
       50 H10    2pz       -0.0058   -0.0043    0.0049    0.0145    0.0163    0.0093   -0.0107   -0.0233   -0.0274   -0.0148
       51 H11    1s         0.1234    0.2323    0.3083    0.3334    0.2918    0.1738   -0.1161   -0.3652   -0.6288   -0.7733
       52 H11    2s         0.0005    0.0090    0.0295    0.0584    0.0793    0.0645   -0.0330   -0.1485   -0.2895   -0.3749
       53 H11    2px       -0.0000   -0.0000   -0.0000   -0.0000    0.0000    0.0000    0.0000   -0.0000   -0.0000    0.0000
       54 H11    2py        0.0000    0.0000    0.0000    0.0000    0.0000   -0.0000    0.0000   -0.0000    0.0000   -0.0000
       55 H11    2pz       -0.0023   -0.0018    0.0030    0.0110    0.0179    0.0170    0.0192    0.0213    0.0103   -0.0099
       56 H12    1s         0.0775    0.1536    0.2243    0.2833    0.3148    0.2606    0.3504    0.5105    0.5508    0.4997
       57 H12    2s         0.0034    0.0072    0.0126    0.0225    0.0376    0.0437    0.1255    0.2201    0.2864    0.3152
       58 H12    2px       -0.0000    0.0000    0.0000    0.0000   -0.0000    0.0000    0.0000    0.0000    0.0000   -0.0000
       59 H12    2py       -0.0000   -0.0000    0.0000   -0.0000   -0.0000    0.0000    0.0000    0.0000   -0.0000   -0.0000
       60 H12    2pz       -0.0061   -0.0112   -0.0140   -0.0142   -0.0118   -0.0070    0.0010    0.0078    0.0185    0.0304
 
          Orbital           11        12        13        14        15    
          Energy            0.1854    0.2517    0.2701    0.2941    0.3307
          Occ. No.          0.0000    0.0000    0.0000    0.0000    0.0000
 
        1 H1     1s         0.3679   -0.1618   -0.1247    0.2288   -0.2069
        2 H1     2s         0.2998   -0.2331    0.0992   -0.1811    0.3497
        3 H1     2px       -0.0000   -0.0000    0.0000   -0.0000    0.0000
        4 H1     2py       -0.0000   -0.0000    0.0000   -0.0000   -0.0000
        5 H1     2pz       -0.0389    0.0358   -0.0182    0.0249   -0.0326
        6 H2     1s        -0.7110    0.4263   -0.0161   -0.0591    0.0544
        7 H2     2s        -0.3391    0.1564    0.1607   -0.2991    0.2904
        8 H2     2px        0.0000   -0.0000   -0.0000    0.0000   -0.0000
        9 H2     2py        0.0000   -0.0000    0.0000   -0.0000    0.0000
       10 H2     2pz        0.0312   -0.0350   -0.0045   -0.0002    0.0395
       11 H3     1s         0.8448   -0.5594   -0.1858    0.3478   -0.2124
       12 H3     2s         0.4285   -0.3293    0.1331   -0.1346    0.0739
       13 H3     2px        0.0000   -0.0000   -0.0000    0.0000   -0.0000
       14 H3     2py        0.0000   -0.0000    0.0000   -0.0000    0.0000
       15 H3     2pz       -0.0105    0.0244   -0.0133   -0.0018    0.0253
       16 H4     1s        -0.8349    0.7872   -0.0832   -0.1011    0.1230
       17 H4     2s        -0.4048    0.3471    0.2169   -0.3073    0.0353
       18 H4     2px        0.0000   -0.0000    0.0000    0.0000   -0.0000
       19 H4     2py        0.0000   -0.0000    0.0000   -0.0000   -0.0000
       20 H4     2pz       -0.0130   -0.0188   -0.0032   -0.0160    0.0501
       21 H5     1s         0.5926   -0.8890   -0.1784    0.3003    0.0016
       22 H5     2s         0.2879   -0.4563    0.1966   -0.0337   -0.2000
       23 H5     2px       -0.0000    0.0000    0.0000   -0.0000   -0.0000
       24 H5     2py        0.0000   -0.0000    0.0000    0.0000    0.0000
       25 H5     2pz        0.0252    0.0123   -0.0080   -0.0234    0.0259
       26 H6     1s        -0.2240    0.9723   -0.1439   -0.1944    0.1328
       27 H6     2s        -0.1136    0.4668    0.2257   -0.1550   -0.2508
       28 H6     2px       -0.0000    0.0000    0.0000   -0.0000   -0.0000
       29 H6     2py        0.0000   -0.0000    0.0000    0.0000    0.0000
       30 H6     2pz       -0.0369   -0.0031    0.0023   -0.0288    0.0195
       31 H7     1s        -0.2240   -0.9723   -0.1439    0.1944    0.1328
       32 H7     2s        -0.1136   -0.4668    0.2257    0.1550   -0.2508
       33 H7     2px        0.0000   -0.0000    0.0000    0.0000   -0.0000
       34 H7     2py       -0.0000   -0.0000    0.0000    0.0000   -0.0000
       35 H7     2pz        0.0369   -0.0031   -0.0023   -0.0288   -0.0195
       36 H8     1s         0.5926    0.8890   -0.1784   -0.3003    0.0016
       37 H8     2s         0.2879    0.4563    0.1966    0.0337   -0.2000
       38 H8     2px       -0.0000   -0.0000   -0.0000    0.0000    0.0000
       39 H8     2py       -0.0000   -0.0000   -0.0000    0.0000    0.0000
       40 H8     2pz       -0.0252    0.0123    0.0080   -0.0234   -0.0259
       41 H9     1s        -0.8349   -0.7872   -0.0832    0.1011    0.1230
       42 H9     2s        -0.4048   -0.3471    0.2169    0.3073    0.0353
       43 H9     2px       -0.0000   -0.0000   -0.0000    0.0000    0.0000
       44 H9     2py       -0.0000   -0.0000   -0.0000    0.0000    0.0000
       45 H9     2pz        0.0130   -0.0188    0.0032   -0.0160   -0.0501
       46 H10    1s         0.8448    0.5594   -0.1858   -0.3478   -0.2124
       47 H10    2s         0.4285    0.3293    0.1331    0.1346    0.0739
       48 H10    2px        0.0000   -0.0000   -0.0000    0.0000    0.0000
       49 H10    2py       -0.0000   -0.0000   -0.0000   -0.0000    0.0000
       50 H10    2pz        0.0105    0.0244    0.0133   -0.0018   -0.0253
       51 H11    1s        -0.7110   -0.4263   -0.0161    0.0591    0.0544
       52 H11    2s        -0.3391   -0.1564    0.1607    0.2991    0.2904
       53 H11    2px        0.0000    0.0000    0.0000   -0.0000   -0.0000
       54 H11    2py       -0.0000   -0.0000   -0.0000    0.0000   -0.0000
       55 H11    2pz       -0.0312   -0.0350    0.0045   -0.0002   -0.0395
       56 H12    1s         0.3679    0.1618   -0.1247   -0.2288   -0.2069
       57 H12    2s         0.2998    0.2331    0.0992    0.1811    0.3497
       58 H12    2px       -0.0000   -0.0000    0.0000   -0.0000   -0.0000
       59 H12    2py       -0.0000   -0.0000   -0.0000   -0.0000   -0.0000
       60 H12    2pz        0.0389    0.0358    0.0182    0.0249    0.0326
--
 
 
++    Molecular charges:
      ------------------
 
      Mulliken charges per centre and basis function type
      ---------------------------------------------------
 
                H1      H2      H3      H4      H5      H6      H7      H8      H9      H10     H11     H12   
      1s       0.9020  1.0184  0.9757  0.9831  0.9781  0.9805  0.9805  0.9781  0.9831  0.9757  1.0184  0.9020
      2s       0.0210  0.0226 -0.0050  0.0030  0.0010  0.0019  0.0019  0.0010  0.0030 -0.0050  0.0226  0.0210
      2px      0.0000  0.0000  0.0000  0.0000  0.0000  0.0000  0.0000  0.0000  0.0000  0.0000  0.0000  0.0000
      2pz      0.0141  0.0215  0.0204  0.0205  0.0207  0.0206  0.0206  0.0207  0.0205  0.0204  0.0215  0.0141
      2py      0.0000  0.0000  0.0000  0.0000  0.0000  0.0000  0.0000  0.0000  0.0000  0.0000  0.0000  0.0000
      Total    0.9371  1.0625  0.9910  1.0066  0.9998  1.0030  1.0030  0.9998  1.0066  0.9910  1.0625  0.9371
 
      N-E      0.0629 -0.0625  0.0090 -0.0066  0.0002 -0.0030 -0.0030  0.0002 -0.0066  0.0090 -0.0625  0.0629
 
      Total electronic charge=   12.000000
 
      Total            charge=   -0.000000
--
 
 
  Input file to MOLDEN was generated!
 
 
++    Static properties:
      ------------------
 
 
      LoProp Charges per center
 

                   H1       H2       H3       H4       H5       H6       H7       H8       H9       H10   
      Nuclear      1.0000   1.0000   1.0000   1.0000   1.0000   1.0000   1.0000   1.0000   1.0000   1.0000
      Electronic  -0.9763  -1.0184  -0.9955  -1.0069  -1.0000  -1.0029  -1.0029  -1.0000  -1.0069  -0.9955
 
      Total        0.0237  -0.0184   0.0045  -0.0069   0.0000  -0.0029  -0.0029   0.0000  -0.0069   0.0045
 

                   H11      H12   
      Nuclear      1.0000   1.0000
      Electronic  -1.0184  -0.9763
 
      Total       -0.0184   0.0237
--
 
 
++    Natural Bond Order analysis
      ---------------------------
      Based on LoProp computed density
      -------------------------------------------------------------------------------------
      Atom A       Atom B       Bond Order
      -------------------------------------------------------------------------------------
      NBO located      0.943 non-bonded electrons on atom H1        
      NBO located      1.012 non-bonded electrons on atom H3        
      NBO located      1.020 non-bonded electrons on atom H4        
      NBO located      1.014 non-bonded electrons on atom H5        
      NBO located      1.017 non-bonded electrons on atom H6        
      NBO located      1.017 non-bonded electrons on atom H7        
      NBO located      1.014 non-bonded electrons on atom H8        
      NBO located      1.020 non-bonded electrons on atom H9        
      NBO located      1.012 non-bonded electrons on atom H10       
      NBO located      0.943 non-bonded electrons on atom H12       
      The remaining    1.989 electrons are to be considered as diffuse
--
 
 
++    Molecular properties:
      ---------------------
 
      Charge (e):
                      =   -0.0000
      Dipole Moment (Debye):
      Origin of the operator (Ang)=    0.0000    0.0000    0.0000
                   X= -4.7911E-15               Y=  3.3719E-14               Z= -1.6254E-11           Total=  1.6254E-11
      Quadrupole Moment (Debye*Ang):
      Origin of the operator (Ang)=    0.0000    0.0000    8.5000
                  XX= -1.9893E+01              XY= -1.3848E-28              XZ=  2.5540E-13              YY= -1.9893E+01
                  YZ= -3.7753E-13              ZZ= -1.7471E+00
      In traceless form (Debye*Ang)
                  XX= -9.0729E+00              XY= -2.0773E-28              XZ=  3.8310E-13              YY= -9.0729E+00
                  YZ= -5.6630E-13              ZZ=  1.8146E+01
--
 
 
  Input file to MOLDEN was generated!
 
 ###############################################################################
 ###############################################################################
 ###                                                                         ###
 ###                                                                         ###
 ###    RunFile label nBas                                                   ###
 ###    was used       78 times                                              ###
 ###                                                                         ###
 ###                                                                         ###
 ###############################################################################
 ###############################################################################
forrtl: warning (528): IEEE_UNDERFLOW is signaling
--- Stop Module: scf at Mon Oct 27 01:32:07 2025 /rc=_RC_ALL_IS_WELL_ ---
*** files: H12_1.55.LprOrb H12_1.55.LoProp.molden H12_1.55.scf.molden H12_1.55.ScfOrb H12_1.55.scf.h5 xmldump
    saved to directory /home/grierjones/DDCASPT2/hydrogen_comps/rerun/H12_chain/H12_1.55

>>> COPY /tmp/H12_1.55/H12_1.55.scf.h5 /home/grierjones/DDCASPT2/hydrogen_comps/rerun/H12_chain/H12_1.55/

*** symbolic link created: INPORB -> H12_1.55.ScfOrb
--- Start Module: rasscf at Mon Oct 27 01:32:07 2025 ---
 
()()()()()()()()()()()()()()()()()()()()()()()()()()()()()()()()()()()()()()()()()()()()()()()()()()

                                              &RASSCF

                                   only a single process is used
                       available to each process: 2.0 GB of memory, 1 thread?
()()()()()()()()()()()()()()()()()()()()()()()()()()()()()()()()()()()()()()()()()()()()()()()()()()
 
 
      Header of the ONEINT file:
      --------------------------
      
      Integrals generated by seward 4.2.0  , Mon Oct 27 01:32:05 2025
 
 
      OrdInt status: non-squared
 
 
      Cartesian coordinates in Angstrom:
      -----------------------------------------------------
      No.  Label        X            Y            Z        
      -----------------------------------------------------
       1   H1         0.00000000   0.00000000   0.00000000
       2   H2         0.00000000   0.00000000   1.54545500
       3   H3         0.00000000   0.00000000   3.09090900
       4   H4         0.00000000   0.00000000   4.63636400
       5   H5         0.00000000   0.00000000   6.18181800
       6   H6         0.00000000   0.00000000   7.72727300
       7   H7         0.00000000   0.00000000   9.27272700
       8   H8         0.00000000   0.00000000  10.81818200
       9   H9         0.00000000   0.00000000  12.36363600
      10   H10        0.00000000   0.00000000  13.90909100
      11   H11        0.00000000   0.00000000  15.45454500
      12   H12        0.00000000   0.00000000  17.00000000
      -----------------------------------------------------
      Nuclear repulsion energy =    8.64189384
 
++    Wave function specifications:
      -----------------------------
 
      Number of closed shell electrons           0
      Number of electrons in active shells      12
      Max number of holes in RAS1 space          0
      Max nr of electrons in RAS3 space          0
      Number of inactive orbitals                0
      Number of active orbitals                 12
      Number of secondary orbitals              48
      Spin quantum number                      0.0
      State symmetry                             1
--
 
++    Orbital specifications:
      -----------------------
 
      Symmetry species                           1
                                                 a
      Frozen orbitals                            0
      Inactive orbitals                          0
      Active orbitals                           12
      RAS1 orbitals                              0
      RAS2 orbitals                             12
      RAS3 orbitals                              0
      Secondary orbitals                        48
      Deleted orbitals                           0
      Number of basis functions                 60
--
 
++    CI expansion specifications:
      ----------------------------
 
      Number of CSFs                        226512
      Number of determinants                427350
      Number of root(s) required                 1
      Root chosen for geometry opt.              1
      CI root used                               1
         
      highest root included in the CI            1
      max. size of the explicit Hamiltonian    200
--
 
++    Optimization specifications:
      ----------------------------
 
      RASSCF algorithm: Conventional
      Maximum number of macro iterations       200
      Maximum number of SX iterations          100
      Threshold for RASSCF energy            0.100E-07
      Threshold for max MO rotation          0.100E+00
      Threshold for max BLB element          0.100E-03
      Level shift parameter                  0.500E+00
      Make Quasi-Newton update
--
 
      The MO-coefficients are taken from the file:
      /home/grierjones/DDCASPT2/hydrogen_comps/rerun/H12_chain/H12_0.60/H12_0.60.RasOrb                                               
      Title: RASSCF average (pseudo-natural) orbitals                                      
 
      Total molecular charge    0.00
 
      ************************************************************************************************************************
      *                                                                                                                      *
      *                                            Wave function control section                                             *
      *                                                                                                                      *
      ************************************************************************************************************************
 
 
                                         RASSCF iterations: Energy and convergence statistics
                                         ----------------------------------------------------
 
      Iter CI   SX   CI       RASSCF       Energy    max ROT     max BLB   max BLB  Level Ln srch  Step   QN   Walltime
          iter iter root      energy       change     param      element    value   shift minimum  type update hh:mm:ss
        No convergence in the CI section: MAXJT will be increased to 
 24
 Nr of preliminary CI iterations:  12
        1   7  100    1    -4.51795278    0.00E+00  -0.19E+00*   3  55 1 -0.42E+00*  0.29   0.00    SX    NO    0:00:40
        2  17  100    1    -5.67962693   -0.12E+01* -0.16E+00*   4  21 1  0.30E+00*  0.15   0.00    SX    NO    0:00:31
        3   3  100    1    -6.08585555   -0.41E+00*  0.96E-01    2  14 1 -0.14E+00*  0.10   0.00    SX    NO    0:00:10
        4   4   90    1    -6.17008248   -0.84E-01* -0.87E-01    2  14 1 -0.50E-01*  0.09   0.00    SX    NO    0:00:12
        5   3   17    1    -6.18045156   -0.10E-01* -0.40E-01    2  14 1 -0.16E-01*  0.09   1.55    LS   YES    0:00:10
        6   4   18    1    -6.18197355   -0.15E-02* -0.12E+00*   2  45 1 -0.39E-02*  0.09   1.20    QN   YES    0:00:11
 ###############################################################################
 ###############################################################################
 ###                                                                         ###
 ###                                                                         ###
 ###    Large orbital rotation.                                              ###
 ###                                                                         ###
 ###                                                                         ###
 ###############################################################################
 ###############################################################################
      Molecular orbital  12 of symmetry 1 MO space 2  weight is    0.419770
        7   6   19    1    -6.18310051   -0.11E-02* -0.44E+00*   4  21 1 -0.32E-02*  0.07   1.20    QN   YES    0:00:14
 ###############################################################################
 ###############################################################################
 ###                                                                         ###
 ###                                                                         ###
 ###    Large orbital rotation.                                              ###
 ###                                                                         ###
 ###                                                                         ###
 ###############################################################################
 ###############################################################################
      Molecular orbital  11 of symmetry 1 MO space 2  weight is    0.387057
        8  12  100    1    -6.22440886   -0.41E-01* -0.55E+00*  12  20 1 -0.24E-01*  0.00   1.20    QN   YES    0:00:24
        9   7   13    1    -6.27995883   -0.56E-01*  0.13E+00*  11  20 1 -0.25E-01*  0.00   0.00    SX    NO    0:00:16
       10   6   18    1    -6.29503680   -0.15E-01*  0.17E-01    4  54 1  0.54E-02*  0.00   1.13    QN   YES    0:00:14
       11   5   15    1    -6.29583216   -0.80E-03* -0.52E-02   11  20 1  0.17E-02*  0.00   1.07    QN   YES    0:00:13
       12   8   14    1    -6.29591437   -0.82E-04* -0.31E-02   11  20 1  0.59E-03*  0.00   1.14    QN   YES    0:00:18
       13   8   12    1    -6.29592530   -0.11E-04*  0.21E-03    6  45 1  0.87E-04   0.00   0.95    QN   YES    0:00:17
       14   5   10    1    -6.29592556   -0.26E-06*  0.76E-04    9  31 1 -0.28E-04   0.00   1.16    QN   YES    0:00:13
       15   7    8    1    -6.29592560   -0.38E-07*  0.23E-04    6  37 1  0.11E-04   0.00   1.04    QN   YES    0:00:16
       16   1    7    1    -6.29592560   -0.98E-09  -0.74E-05    6  37 1 -0.49E-05   0.00   0.75    QN   YES    0:00:07
      Convergence after 16 iterations
 
  Dmat in MO in SXCTL bf call to SXHAM                                                                                    
  mat. size =    12x   12
 
        1.8682315471644479
        0.0000037110612778      1.8348817126213801
       -0.0156031578677622      0.0000339575746023      1.8075258510639138
       -0.0000224249272933      0.0138207564118066     -0.0000229646395001      1.7518407595631538
       -0.0026717568905378      0.0000199106940424     -0.0495872815770792      0.0000250858772615      1.6961340652013499
        0.0000095495719217      0.0613785309834909     -0.0000111752319431     -0.0369533214382104      0.0000225027262839
        1.5584440731498261
       -0.0267652688032132     -0.0000909484020408      0.1390805257727917      0.0000401807061072     -0.0130113909344725
        0.0000068394941041      0.1887547222502547
       -0.0000895548308218     -0.0952636640546392     -0.0001632543557736     -0.1283815833398184      0.0002337260411028
       -0.0283105498613705     -0.0000288348917013      0.1747890914002415
       -0.0029701774295094      0.0002012317722409     -0.0877986965998881     -0.0000003645420608     -0.1352908259431505
       -0.0000128719795066      0.0317394427360542      0.0000108691110507      0.4713047735701097
        0.0001157056062193      0.0796467930847961     -0.0000399670115557      0.1478048967463606      0.0000418177002883
       -0.1271416835740085      0.0000870322229829      0.0530454658320442     -0.0001800490753904      0.2678093619107023
       -0.0116030359935592     -0.0156813377647691     -0.0144169016407278      0.0014317988164191      0.0061420058413272
       -0.0266976793007143      0.0265317876870490     -0.0076293279616885     -0.0542667681776652     -0.0442401113622405
        0.1903999501317383
        0.0100210424430123     -0.0209683285368063      0.0127879473509021      0.0033817476730783     -0.0052711405821630
       -0.0299125595209646     -0.0229913745167654     -0.0085412457734222      0.0469820981691650     -0.0509622453436997
       -0.0007277907715688      0.1898840919731126
       17   1    7    1    -6.29592560   -0.20E-09  -0.74E-05    5  31 1 -0.26E-06   0.00   0.75    QN   YES    0:00:08
 
      ************************************************************************************************************************
                                                      Wave function printout:
                       occupation of active orbitals, and spin coupling of open shells (u,d: Spin up or down)
      ************************************************************************************************************************
 
      Note: transformation to natural orbitals
      has been made, which may change the order of the CSFs.
 
      printout of CI-coefficients larger than  0.05 for root  1
      energy=      -6.295926
      conf/sym  111111111111     Coeff  Weight
             1  222222000000   0.67374 0.45392
            43  222220002000  -0.23688 0.05611
            47  222220000200  -0.05789 0.00335
            67  2222ud00ud00  -0.20975 0.04400
            83  222u2du0d000   0.14694 0.02159
            89  222u2d000200  -0.05848 0.00342
           107  22u22du00d00   0.05747 0.00330
           118  22u22d00u00d   0.11780 0.01388
           134  2u222d00u0d0  -0.10406 0.01083
           147  u2222d0ud000  -0.11380 0.01295
           167  222202u0d000   0.05719 0.00327
           169  222202002000  -0.06525 0.00426
           173  222202000200  -0.10900 0.01188
           191  222ud2u00d00   0.11714 0.01372
           193  222ud200ud00  -0.05358 0.00287
           202  222ud200u00d   0.05665 0.00321
           224  22u2d2000u0d   0.09353 0.00875
           231  2u22d20ud000   0.05077 0.00258
           240  2u22d2000ud0  -0.08647 0.00748
           255  u222d20u0d00  -0.06803 0.00463
           269  222022200000  -0.06724 0.00452
           305  22ud22u0000d  -0.08206 0.00673
           321  2u2d22u000d0   0.06274 0.00394
           333  u22d22ud0000   0.05688 0.00324
           393  2ud2220000ud   0.05649 0.00319
           411  u2d2220u000d   0.05126 0.00263
           484  2222uu00dd00   0.07157 0.00512
           495  222u2ud0d000   0.06042 0.00365
           521  22u22u00d00d  -0.05135 0.00264
          5623  222200002200   0.07181 0.00516
          5721  222ud0u02d00   0.06289 0.00396
 
      Natural orbitals and occupation numbers for root  1
      sym 1:   1.875859   1.860349   1.831819   1.782699   1.697636   1.548944   0.217520   0.111211   0.471554   0.312760
               0.128459   0.161190
 
      ************************************************************************************************************************
      *                                                                                                                      *
      *                                                    Final results                                                     *
      *                                                                                                                      *
      ************************************************************************************************************************
 
 
++    Wave function specifications:
      -----------------------------
 
      Number of closed shell electrons           0
      Number of electrons in active shells      12
      Max number of holes in RAS1 space          0
      Max nr of electrons in RAS3 space          0
      Number of inactive orbitals                0
      Number of active orbitals                 12
      Number of secondary orbitals              48
      Spin quantum number                      0.0
      State symmetry                             1
--
 
++    Orbital specifications:
      -----------------------
 
      Symmetry species                           1
                                                 a
      Frozen orbitals                            0
      Inactive orbitals                          0
      Active orbitals                           12
      RAS1 orbitals                              0
      RAS2 orbitals                             12
      RAS3 orbitals                              0
      Secondary orbitals                        48
      Deleted orbitals                           0
      Number of basis functions                 60
--
 
++    CI expansion specifications:
      ----------------------------
 
      Number of CSFs                        226512
      Number of determinants                427350
      Number of root(s) required                 1
      CI root used                               1
      highest root included in the CI            1
      Root passed to geometry opt.               1
--
 
++    Final optimization conditions:
      ------------------------------
 
      Average CI energy                              -6.29592560
      RASSCF energy for state  1                     -6.29592560
      Super-CI energy                                -0.00000000
      RASSCF energy change                            0.00000000
      Max change in MO coefficients              -0.816E-05
      Max non-diagonal density matrix element    -0.738E-05
      Maximum BLB matrix element                 -0.265E-06
      (orbital pair   5,  31 in symmetry   1)
      Norm of electronic gradient            0.120E-05
--
 
 
      Final state energy(ies):
      ------------------------
 
::    RASSCF root number  1 Total energy:     -6.29592560
 
++    Molecular orbitals:
      -------------------
 
      Pseudonatural active orbitals and approximate occupation numbers
 
 
 
 
      Molecular orbitals for symmetry species 1: a  
 
 
      Orbital                1         2         3         4         5         6         7         8         9        10
      Energy            0.0000    0.0000    0.0000    0.0000    0.0000    0.0000    0.0000    0.0000    0.0000    0.0000
      Occ. No.          1.8759    1.8603    1.8318    1.7827    1.6976    1.5489    0.2175    0.1112    0.4716    0.3128
 
    1 H1     1s         0.0810    0.1647    0.2437   -0.3037    0.3222   -0.2569    0.4723   -0.1766   -0.3093   -0.4407
    2 H1     2s         0.0016    0.0036    0.0072   -0.0138    0.0225   -0.0252    0.0384   -0.0211   -0.0266   -0.0342
    3 H1     2px        0.0000    0.0000    0.0000   -0.0000    0.0000   -0.0000    0.0000   -0.0000   -0.0000   -0.0000
    4 H1     2py       -0.0000   -0.0000   -0.0000    0.0000   -0.0000    0.0000   -0.0000    0.0000    0.0000    0.0000
    5 H1     2pz        0.0039    0.0072    0.0088   -0.0084    0.0062   -0.0032    0.0056   -0.0036   -0.0023   -0.0041
    6 H2     1s         0.1290    0.2438    0.3188   -0.3301    0.2689   -0.1498   -0.4995    0.3317    0.0878    0.2912
    7 H2     2s        -0.0012    0.0036    0.0176   -0.0383    0.0536   -0.0458   -0.0718    0.0744   -0.0131    0.0211
    8 H2     2px        0.0000    0.0000    0.0000   -0.0000    0.0000   -0.0000   -0.0000    0.0000    0.0000    0.0000
    9 H2     2py        0.0000    0.0000    0.0000    0.0000   -0.0000    0.0000    0.0000    0.0000    0.0000    0.0000
   10 H2     2pz        0.0031    0.0035   -0.0002    0.0070   -0.0128    0.0124   -0.0040   -0.0016    0.0104    0.0093
   11 H3     1s         0.2006    0.2965    0.2198    0.0125   -0.2743    0.3599    0.0473   -0.4853    0.4138    0.3336
   12 H3     2s         0.0039    0.0054    0.0006    0.0169   -0.0474    0.0642    0.0253   -0.1061    0.0629    0.0403
   13 H3     2px       -0.0000   -0.0000   -0.0000    0.0000    0.0000   -0.0000    0.0000   -0.0000   -0.0000   -0.0000
   14 H3     2py        0.0000    0.0000    0.0000   -0.0000   -0.0000    0.0000   -0.0000   -0.0000    0.0000    0.0000
   15 H3     2pz        0.0029    0.0009   -0.0060    0.0119   -0.0113    0.0052    0.0070   -0.0030   -0.0036   -0.0063
   16 H4     1s         0.2390    0.2871    0.0947    0.1957   -0.3488    0.2496    0.3746    0.5939   -0.2350   -0.4879
   17 H4     2s         0.0007    0.0091    0.0136    0.0064   -0.0447    0.0551    0.0795    0.1349   -0.0200   -0.0799
   18 H4     2px       -0.0000   -0.0000   -0.0000    0.0000   -0.0000    0.0000    0.0000   -0.0000    0.0000   -0.0000
   19 H4     2py        0.0000    0.0000    0.0000   -0.0000    0.0000   -0.0000   -0.0000    0.0000    0.0000    0.0000
   20 H4     2pz        0.0022   -0.0026   -0.0097    0.0079    0.0043   -0.0127   -0.0058   -0.0038   -0.0094   -0.0015
   21 H5     1s         0.2815    0.1839   -0.1693    0.2987    0.0230   -0.3785   -0.5336   -0.6779   -0.4188    0.0321
   22 H5     2s         0.0039   -0.0012   -0.0152    0.0198    0.0166   -0.0698   -0.1016   -0.1513   -0.0583    0.0244
   23 H5     2px       -0.0000   -0.0000    0.0000   -0.0000    0.0000    0.0000    0.0000   -0.0000    0.0000    0.0000
   24 H5     2py        0.0000    0.0000   -0.0000    0.0000   -0.0000   -0.0000    0.0000    0.0000   -0.0000   -0.0000
   25 H5     2pz        0.0014   -0.0054   -0.0087   -0.0016    0.0126   -0.0092   -0.0032   -0.0035    0.0063    0.0079
   26 H6     1s         0.2960    0.0888   -0.2720    0.1795    0.2388   -0.3376    0.2695    0.7175    0.3531    0.3798
   27 H6     2s         0.0026    0.0082   -0.0083    0.0231    0.0208   -0.0668    0.0374    0.1620    0.0431    0.0756
   28 H6     2px       -0.0000   -0.0000    0.0000   -0.0000    0.0000   -0.0000   -0.0000    0.0000    0.0000    0.0000
   29 H6     2py        0.0000    0.0000   -0.0000    0.0000   -0.0000    0.0000    0.0000   -0.0000   -0.0000   -0.0000
   30 H6     2pz        0.0005   -0.0070   -0.0034   -0.0106    0.0059    0.0120    0.0044   -0.0040    0.0086   -0.0047
   31 H7     1s         0.2960   -0.0888   -0.2720   -0.1795    0.2388    0.3376    0.2695   -0.7175    0.3531   -0.3798
   32 H7     2s         0.0026   -0.0082   -0.0083   -0.0231    0.0208    0.0668    0.0374   -0.1620    0.0431   -0.0756
   33 H7     2px        0.0000   -0.0000    0.0000    0.0000   -0.0000   -0.0000   -0.0000    0.0000    0.0000    0.0000
   34 H7     2py       -0.0000   -0.0000   -0.0000   -0.0000   -0.0000   -0.0000    0.0000   -0.0000   -0.0000   -0.0000
   35 H7     2pz       -0.0005   -0.0070    0.0034   -0.0106   -0.0059    0.0120   -0.0044   -0.0040   -0.0086   -0.0047
   36 H8     1s         0.2815   -0.1839   -0.1693   -0.2987    0.0230    0.3785   -0.5336    0.6778   -0.4188   -0.0321
   37 H8     2s         0.0039    0.0012   -0.0152   -0.0198    0.0166    0.0698   -0.1016    0.1513   -0.0583   -0.0244
   38 H8     2px        0.0000   -0.0000   -0.0000   -0.0000    0.0000    0.0000   -0.0000    0.0000   -0.0000    0.0000
   39 H8     2py       -0.0000   -0.0000    0.0000    0.0000   -0.0000    0.0000    0.0000   -0.0000   -0.0000   -0.0000
   40 H8     2pz       -0.0014   -0.0054    0.0087   -0.0016   -0.0126   -0.0092    0.0032   -0.0035   -0.0063    0.0079
   41 H9     1s         0.2389   -0.2872    0.0947   -0.1957   -0.3488   -0.2496    0.3745   -0.5939   -0.2350    0.4879
   42 H9     2s         0.0007   -0.0091    0.0136   -0.0064   -0.0447   -0.0551    0.0795   -0.1349   -0.0200    0.0799
   43 H9     2px        0.0000   -0.0000    0.0000   -0.0000   -0.0000    0.0000    0.0000   -0.0000   -0.0000    0.0000
   44 H9     2py       -0.0000   -0.0000    0.0000    0.0000    0.0000    0.0000   -0.0000   -0.0000    0.0000   -0.0000
   45 H9     2pz       -0.0022   -0.0026    0.0097    0.0079   -0.0043   -0.0127    0.0058   -0.0038    0.0094   -0.0015
   46 H10    1s         0.2006   -0.2965    0.2197   -0.0125   -0.2743   -0.3599    0.0473    0.4852    0.4138   -0.3336
   47 H10    2s         0.0039   -0.0054    0.0006   -0.0169   -0.0474   -0.0642    0.0253    0.1061    0.0629   -0.0403
   48 H10    2px       -0.0000    0.0000   -0.0000   -0.0000    0.0000    0.0000    0.0000   -0.0000   -0.0000    0.0000
   49 H10    2py        0.0000   -0.0000    0.0000    0.0000   -0.0000   -0.0000   -0.0000    0.0000    0.0000   -0.0000
   50 H10    2pz       -0.0029    0.0009    0.0060    0.0119    0.0113    0.0052   -0.0070   -0.0030    0.0036   -0.0063
   51 H11    1s         0.1290   -0.2438    0.3188    0.3301    0.2689    0.1498   -0.4995   -0.3317    0.0878   -0.2913
   52 H11    2s        -0.0012   -0.0036    0.0176    0.0383    0.0536    0.0458   -0.0718   -0.0744   -0.0131   -0.0211
   53 H11    2px       -0.0000    0.0000   -0.0000   -0.0000   -0.0000   -0.0000    0.0000    0.0000   -0.0000    0.0000
   54 H11    2py        0.0000   -0.0000   -0.0000   -0.0000   -0.0000   -0.0000    0.0000   -0.0000    0.0000    0.0000
   55 H11    2pz       -0.0031    0.0035    0.0002    0.0070    0.0128    0.0124    0.0040   -0.0016   -0.0104    0.0093
   56 H12    1s         0.0810   -0.1647    0.2437    0.3036    0.3222    0.2569    0.4723    0.1765   -0.3093    0.4408
   57 H12    2s         0.0016   -0.0036    0.0072    0.0138    0.0225    0.0252    0.0384    0.0211   -0.0266    0.0342
   58 H12    2px       -0.0000    0.0000   -0.0000   -0.0000   -0.0000   -0.0000   -0.0000   -0.0000    0.0000   -0.0000
   59 H12    2py       -0.0000    0.0000   -0.0000   -0.0000   -0.0000   -0.0000   -0.0000   -0.0000    0.0000   -0.0000
   60 H12    2pz       -0.0039    0.0072   -0.0088   -0.0084   -0.0062   -0.0032   -0.0056   -0.0036    0.0023   -0.0041
 
 
      Orbital               11        12        13        14        15        16        17        18        19        20
      Energy            0.0000    0.0000    0.2733    0.2930    0.3268    0.3804    0.4619    0.5779    0.6422    0.6422
      Occ. No.          0.1285    0.1612    0.0000    0.0000    0.0000    0.0000    0.0000    0.0000    0.0000    0.0000
 
    1 H1     1s         0.3263    0.4292   -0.0579    0.0723    0.0188   -0.0969    0.2466    0.3925   -0.0000   -0.0000
    2 H1     2s         0.0352    0.0399    0.1626   -0.3274   -0.4747   -0.5851    0.6549    0.6797   -0.0000   -0.0000
    3 H1     2px        0.0000    0.0000   -0.0000    0.0000    0.0000    0.0000   -0.0000    0.0000   -0.0268    0.0732
    4 H1     2py       -0.0000   -0.0000    0.0000   -0.0000   -0.0000   -0.0000    0.0000   -0.0000    0.0732    0.0268
    5 H1     2pz        0.0059    0.0065   -0.0232    0.0389    0.0418    0.0332   -0.0225   -0.0240    0.0000    0.0000
    6 H2     1s        -0.5538   -0.6076   -0.1057    0.1677    0.1664    0.1325   -0.1372   -0.2453    0.0000    0.0000
    7 H2     2s        -0.1151   -0.1106    0.1174   -0.1792   -0.1399    0.0194   -0.2895   -0.6404    0.0000    0.0000
    8 H2     2px       -0.0000   -0.0000    0.0000    0.0000    0.0000    0.0000    0.0000    0.0000   -0.0506    0.1385
    9 H2     2py       -0.0000    0.0000   -0.0000   -0.0000   -0.0000   -0.0000   -0.0000   -0.0000    0.1385    0.0506
   10 H2     2pz        0.0022    0.0006   -0.0004   -0.0152   -0.0486   -0.0866    0.1110    0.1103    0.0000   -0.0000
   11 H3     1s         0.6719    0.4746   -0.1092    0.1102    0.0118   -0.0733    0.0428   -0.0630   -0.0000   -0.0000
   12 H3     2s         0.1421    0.1012    0.1714   -0.2404   -0.1411    0.1051   -0.3730   -0.4635   -0.0000    0.0000
   13 H3     2px        0.0000    0.0000    0.0000    0.0000    0.0000    0.0000    0.0000    0.0000   -0.0727    0.1988
   14 H3     2py        0.0000    0.0000   -0.0000   -0.0000   -0.0000   -0.0000   -0.0000   -0.0000    0.1988    0.0727
   15 H3     2pz        0.0051    0.0064   -0.0113    0.0005   -0.0262   -0.0374    0.0045   -0.0661    0.0000    0.0000
   16 H4     1s        -0.6326   -0.1425   -0.1262    0.1175    0.0052   -0.0613    0.0207    0.0363   -0.0000    0.0000
   17 H4     2s        -0.1311   -0.0167    0.1876   -0.1776    0.0544    0.3192   -0.3254    0.0919   -0.0000   -0.0000
   18 H4     2px        0.0000    0.0000    0.0000    0.0000    0.0000    0.0000    0.0000    0.0000   -0.0904    0.2472
   19 H4     2py       -0.0000   -0.0000   -0.0000   -0.0000    0.0000   -0.0000   -0.0000   -0.0000    0.2472    0.0904
   20 H4     2pz        0.0023   -0.0037   -0.0046   -0.0171   -0.0408   -0.0211   -0.0416   -0.0780    0.0000    0.0000
   21 H5     1s         0.4353   -0.3105   -0.1381    0.0587   -0.0841   -0.0585   -0.0233    0.0888    0.0000    0.0000
   22 H5     2s         0.0976   -0.0534    0.2055   -0.1329    0.1631    0.3011    0.0345    0.5618    0.0000   -0.0000
   23 H5     2px        0.0000    0.0000    0.0000   -0.0000   -0.0000   -0.0000    0.0000    0.0000   -0.1031    0.2821
   24 H5     2py       -0.0000   -0.0000   -0.0000    0.0000    0.0000    0.0000   -0.0000   -0.0000    0.2821    0.1031
   25 H5     2pz        0.0044    0.0021   -0.0047   -0.0202   -0.0287    0.0225   -0.0739   -0.0240   -0.0000   -0.0000
   26 H6     1s        -0.1693    0.5680   -0.1425    0.0386   -0.0997   -0.0455    0.0005    0.0353    0.0000   -0.0000
   27 H6     2s        -0.0300    0.1158    0.2134   -0.0355    0.2558    0.1125    0.3832    0.3053    0.0000   -0.0000
   28 H6     2px       -0.0000   -0.0000    0.0000   -0.0000   -0.0000   -0.0000    0.0000    0.0000   -0.1096    0.2999
   29 H6     2py        0.0000    0.0000   -0.0000    0.0000    0.0000    0.0000   -0.0000   -0.0000    0.2999    0.1096
   30 H6     2pz       -0.0016   -0.0043   -0.0005   -0.0253   -0.0105    0.0502   -0.0309    0.0740   -0.0000   -0.0000
   31 H7     1s        -0.1693   -0.5680   -0.1425   -0.0386   -0.0997    0.0455    0.0005   -0.0353    0.0000    0.0000
   32 H7     2s        -0.0300   -0.1158    0.2134    0.0355    0.2558   -0.1125    0.3832   -0.3053    0.0000    0.0000
   33 H7     2px       -0.0000   -0.0000    0.0000   -0.0000   -0.0000   -0.0000    0.0000    0.0000   -0.1096    0.2999
   34 H7     2py        0.0000    0.0000   -0.0000    0.0000    0.0000    0.0000   -0.0000   -0.0000    0.2999    0.1096
   35 H7     2pz        0.0016   -0.0043    0.0005   -0.0253    0.0105    0.0502    0.0309    0.0740    0.0000   -0.0000
   36 H8     1s         0.4353    0.3105   -0.1381   -0.0587   -0.0841    0.0585   -0.0233   -0.0888   -0.0000   -0.0000
   37 H8     2s         0.0976    0.0534    0.2055    0.1329    0.1631   -0.3011    0.0345   -0.5618   -0.0000    0.0000
   38 H8     2px        0.0000   -0.0000    0.0000   -0.0000   -0.0000   -0.0000    0.0000    0.0000   -0.1031    0.2821
   39 H8     2py        0.0000    0.0000   -0.0000    0.0000    0.0000    0.0000   -0.0000   -0.0000    0.2821    0.1031
   40 H8     2pz       -0.0044    0.0021    0.0047   -0.0202    0.0287    0.0225    0.0739   -0.0240    0.0000    0.0000
   41 H9     1s        -0.6326    0.1425   -0.1262   -0.1175    0.0051    0.0613    0.0207   -0.0363   -0.0000   -0.0000
   42 H9     2s        -0.1311    0.0167    0.1876    0.1776    0.0544   -0.3192   -0.3254   -0.0919   -0.0000   -0.0000
   43 H9     2px       -0.0000    0.0000    0.0000   -0.0000   -0.0000   -0.0000    0.0000    0.0000   -0.0904    0.2472
   44 H9     2py       -0.0000    0.0000   -0.0000    0.0000    0.0000    0.0000   -0.0000   -0.0000    0.2472    0.0904
   45 H9     2pz       -0.0023   -0.0037    0.0046   -0.0171    0.0408   -0.0211    0.0416   -0.0780   -0.0000    0.0000
   46 H10    1s         0.6719   -0.4746   -0.1092   -0.1102    0.0118    0.0733    0.0428    0.0630   -0.0000   -0.0000
   47 H10    2s         0.1421   -0.1012    0.1714    0.2404   -0.1411   -0.1051   -0.3730    0.4635    0.0000   -0.0000
   48 H10    2px       -0.0000    0.0000   -0.0000   -0.0000   -0.0000   -0.0000    0.0000    0.0000   -0.0727    0.1988
   49 H10    2py        0.0000   -0.0000   -0.0000    0.0000    0.0000    0.0000   -0.0000   -0.0000    0.1988    0.0727
   50 H10    2pz       -0.0051    0.0064    0.0113    0.0005    0.0262   -0.0374   -0.0045   -0.0661   -0.0000    0.0000
   51 H11    1s        -0.5538    0.6076   -0.1057   -0.1677    0.1664   -0.1325   -0.1372    0.2453    0.0000    0.0000
   52 H11    2s        -0.1151    0.1106    0.1174    0.1792   -0.1399   -0.0194   -0.2895    0.6404    0.0000    0.0000
   53 H11    2px        0.0000   -0.0000   -0.0000   -0.0000   -0.0000   -0.0000    0.0000    0.0000   -0.0506    0.1385
   54 H11    2py        0.0000   -0.0000   -0.0000    0.0000    0.0000    0.0000   -0.0000   -0.0000    0.1385    0.0506
   55 H11    2pz       -0.0022    0.0006    0.0004   -0.0152    0.0486   -0.0866   -0.1110    0.1103    0.0000   -0.0000
   56 H12    1s         0.3263   -0.4292   -0.0579   -0.0723    0.0188    0.0969    0.2466   -0.3925   -0.0000   -0.0000
   57 H12    2s         0.0352   -0.0399    0.1626    0.3274   -0.4747    0.5851    0.6549   -0.6797   -0.0000    0.0000
   58 H12    2px       -0.0000    0.0000    0.0000    0.0000   -0.0000   -0.0000    0.0000    0.0000   -0.0268    0.0732
   59 H12    2py       -0.0000    0.0000    0.0000    0.0000   -0.0000    0.0000   -0.0000   -0.0000    0.0732    0.0268
   60 H12    2pz       -0.0059    0.0065    0.0232    0.0389   -0.0418    0.0332    0.0225   -0.0240   -0.0000    0.0000
 
 
      Orbital               21        22        23        24        25        26        27        28        29        30
      Energy            0.6669    0.6669    0.7075    0.7075    0.7236    0.7641    0.7641    0.8367    0.8367    0.8402
      Occ. No.          0.0000    0.0000    0.0000    0.0000    0.0000    0.0000    0.0000    0.0000    0.0000    0.0000
 
    1 H1     1s        -0.0000   -0.0000   -0.0000    0.0000   -0.4857    0.0000   -0.0000    0.0000    0.0000    0.0042
    2 H1     2s         0.0000   -0.0000   -0.0000   -0.0000   -0.6227   -0.0000   -0.0000    0.0000   -0.0000    0.1670
    3 H1     2px        0.0634   -0.1423    0.0728   -0.2183   -0.0000    0.1257   -0.2689    0.1218    0.3293   -0.0000
    4 H1     2py       -0.1423   -0.0634   -0.2183   -0.0728    0.0000   -0.2689   -0.1257   -0.3293    0.1218    0.0000
    5 H1     2pz        0.0000    0.0000    0.0000    0.0000    0.0612   -0.0000   -0.0000    0.0000   -0.0000    0.1428
    6 H2     1s         0.0000    0.0000    0.0000   -0.0000    0.4447   -0.0000   -0.0000   -0.0000    0.0000   -0.0228
    7 H2     2s         0.0000    0.0000    0.0000    0.0000    0.9743   -0.0000    0.0000   -0.0000    0.0000   -0.1458
    8 H2     2px        0.1089   -0.2445    0.1052   -0.3157   -0.0000    0.1368   -0.2926    0.0811    0.2192   -0.0000
    9 H2     2py       -0.2445   -0.1089   -0.3157   -0.1052    0.0000   -0.2926   -0.1368   -0.2192    0.0811    0.0000
   10 H2     2pz        0.0000   -0.0000   -0.0000   -0.0000   -0.0967   -0.0000   -0.0000   -0.0000    0.0000   -0.1659
   11 H3     1s        -0.0000    0.0000   -0.0000    0.0000    0.0548    0.0000    0.0000    0.0000    0.0000   -0.0542
   12 H3     2s        -0.0000    0.0000    0.0000    0.0000    0.1820    0.0000    0.0000    0.0000    0.0000   -0.0480
   13 H3     2px        0.1316   -0.2956    0.0869   -0.2608   -0.0000    0.0329   -0.0703   -0.0623   -0.1684    0.0000
   14 H3     2py       -0.2956   -0.1316   -0.2608   -0.0869    0.0000   -0.0703   -0.0329    0.1684   -0.0623   -0.0000
   15 H3     2pz        0.0000    0.0000    0.0000    0.0000    0.1338   -0.0000    0.0000    0.0000   -0.0000    0.2173
   16 H4     1s         0.0000   -0.0000   -0.0000   -0.0000   -0.2403   -0.0000   -0.0000    0.0000   -0.0000    0.0402
   17 H4     2s         0.0000   -0.0000   -0.0000   -0.0000   -0.6890   -0.0000   -0.0000    0.0000    0.0000    0.0411
   18 H4     2px        0.1240   -0.2785    0.0253   -0.0758    0.0000   -0.0986    0.2110   -0.1256   -0.3396    0.0000
   19 H4     2py       -0.2785   -0.1240   -0.0758   -0.0253   -0.0000    0.2110    0.0986    0.3396   -0.1256   -0.0000
   20 H4     2pz        0.0000   -0.0000    0.0000    0.0000    0.0140   -0.0000    0.0000   -0.0000    0.0000   -0.2722
   21 H5     1s        -0.0000   -0.0000   -0.0000    0.0000   -0.1578    0.0000    0.0000   -0.0000    0.0000    0.0479
   22 H5     2s         0.0000   -0.0000   -0.0000   -0.0000   -0.4403   -0.0000    0.0000    0.0000   -0.0000    0.1403
   23 H5     2px        0.0881   -0.1978   -0.0493    0.1480    0.0000   -0.1463    0.3130   -0.0287   -0.0776    0.0000
   24 H5     2py       -0.1978   -0.0881    0.1480    0.0493   -0.0000    0.3130    0.1463    0.0776   -0.0287   -0.0000
   25 H5     2pz       -0.0000   -0.0000   -0.0000   -0.0000   -0.0612    0.0000    0.0000    0.0000   -0.0000    0.2979
   26 H6     1s         0.0000    0.0000    0.0000   -0.0000    0.2093   -0.0000   -0.0000   -0.0000   -0.0000   -0.0453
   27 H6     2s         0.0000    0.0000    0.0000   -0.0000    0.5965    0.0000    0.0000   -0.0000   -0.0000   -0.1107
   28 H6     2px        0.0319   -0.0716   -0.0988    0.2965    0.0000   -0.0685    0.1466    0.1044    0.2822   -0.0000
   29 H6     2py       -0.0716   -0.0319    0.2965    0.0988   -0.0000    0.1466    0.0685   -0.2822    0.1044    0.0000
   30 H6     2pz        0.0000   -0.0000   -0.0000   -0.0000   -0.0769   -0.0000   -0.0000   -0.0000    0.0000   -0.2938
   31 H7     1s        -0.0000    0.0000    0.0000    0.0000    0.2093    0.0000   -0.0000   -0.0000    0.0000   -0.0453
   32 H7     2s        -0.0000    0.0000    0.0000    0.0000    0.5965    0.0000    0.0000   -0.0000    0.0000   -0.1107
   33 H7     2px       -0.0319    0.0716   -0.0988    0.2965    0.0000    0.0685   -0.1466    0.1044    0.2822   -0.0000
   34 H7     2py        0.0716    0.0319    0.2965    0.0988   -0.0000   -0.1466   -0.0685   -0.2822    0.1044    0.0000
   35 H7     2pz        0.0000    0.0000    0.0000    0.0000    0.0769    0.0000    0.0000    0.0000   -0.0000    0.2938
   36 H8     1s         0.0000   -0.0000   -0.0000   -0.0000   -0.1578   -0.0000    0.0000    0.0000    0.0000    0.0479
   37 H8     2s        -0.0000   -0.0000   -0.0000    0.0000   -0.4403   -0.0000    0.0000    0.0000    0.0000    0.1403
   38 H8     2px       -0.0881    0.1978   -0.0493    0.1480    0.0000    0.1463   -0.3130   -0.0287   -0.0776    0.0000
   39 H8     2py        0.1978    0.0881    0.1480    0.0493   -0.0000   -0.3130   -0.1463    0.0776   -0.0287   -0.0000
   40 H8     2pz       -0.0000   -0.0000    0.0000    0.0000    0.0612    0.0000    0.0000   -0.0000    0.0000   -0.2979
   41 H9     1s        -0.0000   -0.0000   -0.0000   -0.0000   -0.2403    0.0000    0.0000   -0.0000   -0.0000    0.0402
   42 H9     2s        -0.0000   -0.0000   -0.0000   -0.0000   -0.6890    0.0000   -0.0000   -0.0000   -0.0000    0.0411
   43 H9     2px       -0.1240    0.2785    0.0253   -0.0758    0.0000    0.0986   -0.2110   -0.1256   -0.3396    0.0000
   44 H9     2py        0.2785    0.1240   -0.0758   -0.0253   -0.0000   -0.2110   -0.0986    0.3396   -0.1256   -0.0000
   45 H9     2pz       -0.0000    0.0000   -0.0000    0.0000   -0.0140    0.0000   -0.0000    0.0000   -0.0000    0.2722
   46 H10    1s         0.0000    0.0000    0.0000   -0.0000    0.0548   -0.0000   -0.0000   -0.0000   -0.0000   -0.0542
   47 H10    2s         0.0000    0.0000    0.0000   -0.0000    0.1820   -0.0000   -0.0000   -0.0000   -0.0000   -0.0480
   48 H10    2px       -0.1316    0.2956    0.0869   -0.2608   -0.0000   -0.0329    0.0703   -0.0623   -0.1684    0.0000
   49 H10    2py        0.2956    0.1316   -0.2608   -0.0869    0.0000    0.0703    0.0329    0.1684   -0.0623   -0.0000
   50 H10    2pz       -0.0000   -0.0000   -0.0000   -0.0000   -0.1338   -0.0000   -0.0000   -0.0000    0.0000   -0.2173
   51 H11    1s        -0.0000   -0.0000    0.0000    0.0000    0.4447    0.0000    0.0000   -0.0000    0.0000   -0.0228
   52 H11    2s         0.0000   -0.0000    0.0000    0.0000    0.9743    0.0000    0.0000   -0.0000    0.0000   -0.1458
   53 H11    2px       -0.1089    0.2445    0.1052   -0.3157   -0.0000   -0.1368    0.2926    0.0811    0.2192   -0.0000
   54 H11    2py        0.2445    0.1089   -0.3157   -0.1052    0.0000    0.2926    0.1368   -0.2192    0.0811    0.0000
   55 H11    2pz        0.0000    0.0000    0.0000   -0.0000    0.0967    0.0000    0.0000    0.0000   -0.0000    0.1659
   56 H12    1s         0.0000    0.0000   -0.0000   -0.0000   -0.4857   -0.0000   -0.0000   -0.0000   -0.0000    0.0042
   57 H12    2s        -0.0000   -0.0000   -0.0000   -0.0000   -0.6227   -0.0000   -0.0000    0.0000   -0.0000    0.1670
   58 H12    2px       -0.0634    0.1423    0.0728   -0.2183   -0.0000   -0.1257    0.2689    0.1218    0.3293   -0.0000
   59 H12    2py        0.1423    0.0634   -0.2183   -0.0728    0.0000    0.2689    0.1257   -0.3293    0.1218    0.0000
   60 H12    2pz        0.0000    0.0000   -0.0000   -0.0000   -0.0612   -0.0000   -0.0000   -0.0000    0.0000   -0.1428
 
 
      Orbital               31        32        33        34        35        36        37        38        39        40
      Energy            0.8695    0.9154    0.9242    0.9242    0.9623    1.0273    1.0273    1.0283    1.0410    1.1392
      Occ. No.          0.0000    0.0000    0.0000    0.0000    0.0000    0.0000    0.0000    0.0000    0.0000    0.0000
 
    1 H1     1s         0.3829   -0.3096    0.0000   -0.0000   -0.1715   -0.0000    0.0000    0.3170   -0.1034    0.0000
    2 H1     2s         0.2421   -0.5036    0.0000   -0.0000    0.0646   -0.0000    0.0000    0.3632    0.0573    0.0000
    3 H1     2px       -0.0000    0.0000   -0.3293   -0.2023    0.0000    0.1262    0.3831    0.0000   -0.0000    0.1336
    4 H1     2py        0.0000   -0.0000    0.2023   -0.3293   -0.0000   -0.3831    0.1262   -0.0000    0.0000   -0.3762
    5 H1     2pz       -0.2459   -0.1155   -0.0000    0.0000    0.3337    0.0000   -0.0000   -0.0327    0.2694    0.0000
    6 H2     1s        -0.4629    0.4657   -0.0000    0.0000    0.2203    0.0000   -0.0000   -0.5716    0.1658   -0.0000
    7 H2     2s        -0.8083    0.9302   -0.0000    0.0000    0.3797    0.0000   -0.0000   -0.9963    0.3390   -0.0000
    8 H2     2px       -0.0000    0.0000   -0.0665   -0.0409    0.0000   -0.0362   -0.1100   -0.0000    0.0000   -0.1014
    9 H2     2py        0.0000   -0.0000    0.0409   -0.0665   -0.0000    0.1100   -0.0362    0.0000   -0.0000    0.2857
   10 H2     2pz        0.2147    0.1782   -0.0000   -0.0000   -0.2502    0.0000   -0.0000   -0.0884   -0.1441   -0.0000
   11 H3     1s         0.2057   -0.1111    0.0000   -0.0000   -0.3316   -0.0000    0.0000    0.4437   -0.3962    0.0000
   12 H3     2s         0.4442   -0.2470    0.0000   -0.0000   -0.7577   -0.0000    0.0000    0.7907   -0.8464    0.0000
   13 H3     2px        0.0000   -0.0000    0.3121    0.1917   -0.0000   -0.1188   -0.3606   -0.0000    0.0000   -0.0644
   14 H3     2py       -0.0000    0.0000   -0.1917    0.3121    0.0000    0.3606   -0.1188    0.0000   -0.0000    0.1814
   15 H3     2pz       -0.2575   -0.1784    0.0000   -0.0000    0.1537   -0.0000    0.0000    0.1202   -0.0305    0.0000
   16 H4     1s         0.2390   -0.3363   -0.0000    0.0000    0.1481   -0.0000    0.0000    0.1704    0.3614   -0.0000
   17 H4     2s         0.4833   -0.7499   -0.0000    0.0000    0.4519   -0.0000    0.0000    0.4099    0.7364   -0.0000
   18 H4     2px        0.0000   -0.0000    0.1478    0.0908   -0.0000    0.0627    0.1904    0.0000   -0.0000    0.1457
   19 H4     2py       -0.0000    0.0000   -0.0908    0.1478    0.0000   -0.1904    0.0627   -0.0000    0.0000   -0.4102
   20 H4     2pz        0.1968    0.1923   -0.0000    0.0000   -0.0069    0.0000   -0.0000   -0.0634    0.1858   -0.0000
   21 H5     1s        -0.1795    0.2191   -0.0000   -0.0000    0.1220    0.0000   -0.0000   -0.6241    0.0311    0.0000
   22 H5     2s        -0.3329    0.5612   -0.0000   -0.0000    0.1015    0.0000   -0.0000   -1.2546    0.0925    0.0000
   23 H5     2px       -0.0000    0.0000   -0.2744   -0.1686    0.0000    0.1053    0.3196    0.0000   -0.0000   -0.0364
   24 H5     2py        0.0000   -0.0000    0.1686   -0.2744   -0.0000   -0.3196    0.1053   -0.0000    0.0000    0.1025
   25 H5     2pz       -0.0607   -0.1918    0.0000   -0.0000   -0.1559    0.0000   -0.0000   -0.0431   -0.2128   -0.0000
   26 H6     1s        -0.2430    0.2298    0.0000   -0.0000   -0.1072   -0.0000    0.0000    0.3483   -0.4227   -0.0000
   27 H6     2s        -0.6403    0.3606    0.0000   -0.0000   -0.1594   -0.0000    0.0000    0.6799   -0.9217   -0.0000
   28 H6     2px       -0.0000    0.0000   -0.2185   -0.1342   -0.0000   -0.0862   -0.2617   -0.0000    0.0000   -0.1199
   29 H6     2py        0.0000   -0.0000    0.1342   -0.2185    0.0000    0.2617   -0.0862    0.0000   -0.0000    0.3378
   30 H6     2pz       -0.0034    0.0864   -0.0000    0.0000    0.2693   -0.0000    0.0000    0.1296    0.0917    0.0000
   31 H7     1s         0.2430   -0.2298    0.0000   -0.0000   -0.1073   -0.0000    0.0000    0.3483    0.4227    0.0000
   32 H7     2s         0.6403   -0.3606   -0.0000    0.0000   -0.1594   -0.0000    0.0000    0.6799    0.9217    0.0000
   33 H7     2px       -0.0000    0.0000    0.2185    0.1342    0.0000   -0.0862   -0.2617   -0.0000    0.0000    0.1199
   34 H7     2py        0.0000   -0.0000   -0.1342    0.2185   -0.0000    0.2617   -0.0862    0.0000   -0.0000   -0.3378
   35 H7     2pz       -0.0034    0.0864   -0.0000   -0.0000   -0.2693    0.0000   -0.0000   -0.1296    0.0917   -0.0000
   36 H8     1s         0.1795   -0.2191   -0.0000    0.0000    0.1220    0.0000   -0.0000   -0.6241   -0.0311   -0.0000
   37 H8     2s         0.3329   -0.5612   -0.0000    0.0000    0.1015    0.0000   -0.0000   -1.2546   -0.0924   -0.0000
   38 H8     2px       -0.0000    0.0000    0.2744    0.1686    0.0000    0.1053    0.3196    0.0000   -0.0000    0.0364
   39 H8     2py        0.0000   -0.0000   -0.1686    0.2744   -0.0000   -0.3196    0.1053   -0.0000    0.0000   -0.1025
   40 H8     2pz       -0.0607   -0.1918    0.0000   -0.0000    0.1559   -0.0000    0.0000    0.0431   -0.2128    0.0000
   41 H9     1s        -0.2390    0.3363    0.0000   -0.0000    0.1481   -0.0000    0.0000    0.1704   -0.3614    0.0000
   42 H9     2s        -0.4833    0.7499    0.0000   -0.0000    0.4519   -0.0000    0.0000    0.4099   -0.7364    0.0000
   43 H9     2px        0.0000   -0.0000   -0.1478   -0.0908   -0.0000    0.0627    0.1904    0.0000   -0.0000   -0.1457
   44 H9     2py       -0.0000    0.0000    0.0908   -0.1478    0.0000   -0.1904    0.0627   -0.0000    0.0000    0.4102
   45 H9     2pz        0.1968    0.1923   -0.0000    0.0000    0.0069   -0.0000    0.0000    0.0634    0.1858   -0.0000
   46 H10    1s        -0.2057    0.1111   -0.0000    0.0000   -0.3316   -0.0000    0.0000    0.4437    0.3961   -0.0000
   47 H10    2s        -0.4442    0.2470   -0.0000    0.0000   -0.7577   -0.0000    0.0000    0.7907    0.8464   -0.0000
   48 H10    2px        0.0000   -0.0000   -0.3121   -0.1917   -0.0000   -0.1188   -0.3606   -0.0000    0.0000    0.0644
   49 H10    2py       -0.0000    0.0000    0.1917   -0.3121    0.0000    0.3606   -0.1188    0.0000   -0.0000   -0.1814
   50 H10    2pz       -0.2575   -0.1784    0.0000   -0.0000   -0.1537    0.0000   -0.0000   -0.1202   -0.0305    0.0000
   51 H11    1s         0.4629   -0.4657   -0.0000   -0.0000    0.2203    0.0000   -0.0000   -0.5716   -0.1658    0.0000
   52 H11    2s         0.8083   -0.9302   -0.0000   -0.0000    0.3797    0.0000   -0.0000   -0.9963   -0.3390    0.0000
   53 H11    2px       -0.0000    0.0000    0.0665    0.0409    0.0000   -0.0362   -0.1100   -0.0000    0.0000    0.1014
   54 H11    2py        0.0000   -0.0000   -0.0409    0.0665   -0.0000    0.1100   -0.0362    0.0000   -0.0000   -0.2857
   55 H11    2pz        0.2147    0.1782   -0.0000    0.0000    0.2502   -0.0000    0.0000    0.0884   -0.1441   -0.0000
   56 H12    1s        -0.3829    0.3096    0.0000    0.0000   -0.1715   -0.0000    0.0000    0.3170    0.1033   -0.0000
   57 H12    2s        -0.2421    0.5036    0.0000    0.0000    0.0646   -0.0000    0.0000    0.3632   -0.0573   -0.0000
   58 H12    2px       -0.0000    0.0000    0.3293    0.2023    0.0000    0.1262    0.3831    0.0000   -0.0000   -0.1336
   59 H12    2py        0.0000   -0.0000   -0.2023    0.3293   -0.0000   -0.3831    0.1262   -0.0000    0.0000    0.3762
   60 H12    2pz       -0.2459   -0.1155    0.0000   -0.0000   -0.3337   -0.0000    0.0000    0.0328    0.2694    0.0000
 
 
      Orbital               41        42        43        44        45        46        47        48        49        50
      Energy            1.1392    1.2551    1.2551    1.3656    1.3656    1.4586    1.4586    1.4699    1.4778    1.5210
      Occ. No.          0.0000    0.0000    0.0000    0.0000    0.0000    0.0000    0.0000    0.0000    0.0000    0.0000
 
    1 H1     1s         0.0000   -0.0000    0.0000    0.0000    0.0000    0.0000   -0.0000    0.4455   -0.4673    0.0000
    2 H1     2s         0.0000    0.0000   -0.0000    0.0000    0.0000    0.0000   -0.0000    0.5305   -0.5468    0.0000
    3 H1     2px       -0.3762   -0.0786    0.3591    0.0422   -0.3054   -0.0613    0.2148   -0.0000   -0.0000    0.0003
    4 H1     2py       -0.1336    0.3591    0.0786   -0.3054   -0.0422    0.2148    0.0613    0.0000    0.0000   -0.1177
    5 H1     2pz        0.0000   -0.0000    0.0000    0.0000   -0.0000    0.0000   -0.0000    0.4346   -0.2737    0.0000
    6 H2     1s        -0.0000    0.0000   -0.0000   -0.0000    0.0000   -0.0000    0.0000   -1.0243    1.2843   -0.0000
    7 H2     2s        -0.0000   -0.0000    0.0000   -0.0000   -0.0000   -0.0000    0.0000   -1.0055    1.4657   -0.0000
    8 H2     2px        0.2857    0.0938   -0.4282   -0.0659    0.4766    0.1128   -0.3954    0.0000    0.0000   -0.0005
    9 H2     2py        0.1014   -0.4282   -0.0938    0.4766    0.0659   -0.3954   -0.1128   -0.0000   -0.0000    0.2372
   10 H2     2pz       -0.0000    0.0000   -0.0000   -0.0000   -0.0000   -0.0000    0.0000   -0.1105    0.2539   -0.0000
   11 H3     1s         0.0000   -0.0000    0.0000    0.0000    0.0000    0.0000   -0.0000    0.5761   -1.5883    0.0000
   12 H3     2s         0.0000   -0.0000   -0.0000    0.0000    0.0000    0.0000   -0.0000    0.5361   -1.7928    0.0000
   13 H3     2px        0.1814   -0.0260    0.1186    0.0555   -0.4013   -0.1375    0.4818   -0.0000   -0.0000    0.0008
   14 H3     2py        0.0644    0.1186    0.0260   -0.4013   -0.0555    0.4818    0.1375    0.0000    0.0000   -0.3414
   15 H3     2pz        0.0000   -0.0000   -0.0000   -0.0000    0.0000    0.0000    0.0000   -0.3775    0.0137    0.0000
   16 H4     1s        -0.0000    0.0000    0.0000    0.0000   -0.0000   -0.0000   -0.0000    0.5837    0.8832   -0.0000
   17 H4     2s        -0.0000    0.0000   -0.0000    0.0000   -0.0000   -0.0000   -0.0000    0.6212    0.9694   -0.0000
   18 H4     2px       -0.4102   -0.0643    0.2938   -0.0168    0.1216    0.1302   -0.4563    0.0000    0.0000   -0.0010
   19 H4     2py       -0.1457    0.2938    0.0643    0.1216    0.0168   -0.4563   -0.1302   -0.0000   -0.0000    0.4253
   20 H4     2pz       -0.0000   -0.0000    0.0000    0.0000   -0.0000    0.0000   -0.0000    0.4717   -0.3347    0.0000
   21 H5     1s         0.0000   -0.0000   -0.0000   -0.0000    0.0000    0.0000    0.0000   -1.2420    0.4980    0.0000
   22 H5     2s        -0.0000   -0.0000   -0.0000   -0.0000    0.0000    0.0000    0.0000   -1.2588    0.5772   -0.0000
   23 H5     2px        0.1025    0.0984   -0.4493   -0.0306    0.2210   -0.0925    0.3241   -0.0000   -0.0000    0.0011
   24 H5     2py        0.0364   -0.4493   -0.0984    0.2210    0.0306    0.3241    0.0925    0.0000    0.0000   -0.4836
   25 H5     2pz       -0.0000    0.0000   -0.0000   -0.0000    0.0000   -0.0000    0.0000   -0.0355    0.4337   -0.0000
   26 H6     1s        -0.0000   -0.0000    0.0000    0.0000   -0.0000    0.0000   -0.0000    0.6358   -1.5920    0.0000
   27 H6     2s        -0.0000    0.0000    0.0000    0.0000   -0.0000    0.0000   -0.0000    0.6380   -1.7896    0.0000
   28 H6     2px        0.3378   -0.0464    0.2119    0.0623   -0.4504    0.0334   -0.1172    0.0000    0.0000   -0.0012
   29 H6     2py        0.1199    0.2119    0.0464   -0.4504   -0.0623   -0.1172   -0.0334   -0.0000   -0.0000    0.5137
   30 H6     2pz        0.0000   -0.0000    0.0000    0.0000    0.0000    0.0000   -0.0000   -0.4576   -0.1979    0.0000
   31 H7     1s        -0.0000    0.0000   -0.0000   -0.0000   -0.0000   -0.0000    0.0000    0.6358    1.5920   -0.0000
   32 H7     2s         0.0000    0.0000   -0.0000   -0.0000   -0.0000   -0.0000    0.0000    0.6380    1.7896   -0.0000
   33 H7     2px       -0.3378   -0.0464    0.2119   -0.0623    0.4504    0.0334   -0.1172   -0.0000    0.0000    0.0012
   34 H7     2py       -0.1199    0.2119    0.0464    0.4504    0.0623   -0.1172   -0.0334   -0.0000   -0.0000   -0.5137
   35 H7     2pz       -0.0000    0.0000    0.0000    0.0000   -0.0000    0.0000   -0.0000    0.4576   -0.1979    0.0000
   36 H8     1s         0.0000   -0.0000    0.0000    0.0000    0.0000    0.0000   -0.0000   -1.2420   -0.4980    0.0000
   37 H8     2s        -0.0000   -0.0000    0.0000    0.0000    0.0000    0.0000   -0.0000   -1.2588   -0.5772    0.0000
   38 H8     2px       -0.1025    0.0984   -0.4493    0.0306   -0.2210   -0.0925    0.3241    0.0000   -0.0000   -0.0011
   39 H8     2py       -0.0364   -0.4493   -0.0984   -0.2210   -0.0306    0.3241    0.0925    0.0000    0.0000    0.4836
   40 H8     2pz        0.0000    0.0000   -0.0000   -0.0000    0.0000   -0.0000    0.0000    0.0355    0.4337   -0.0000
   41 H9     1s        -0.0000    0.0000   -0.0000    0.0000   -0.0000   -0.0000    0.0000    0.5837   -0.8832    0.0000
   42 H9     2s        -0.0000    0.0000   -0.0000    0.0000   -0.0000   -0.0000    0.0000    0.6212   -0.9694    0.0000
   43 H9     2px        0.4102   -0.0643    0.2938    0.0168   -0.1216    0.1302   -0.4563   -0.0000    0.0000    0.0010
   44 H9     2py        0.1457    0.2938    0.0643   -0.1216   -0.0168   -0.4563   -0.1302   -0.0000   -0.0000   -0.4253
   45 H9     2pz       -0.0000   -0.0000    0.0000    0.0000   -0.0000    0.0000   -0.0000   -0.4717   -0.3347    0.0000
   46 H10    1s         0.0000   -0.0000    0.0000   -0.0000    0.0000   -0.0000   -0.0000    0.5761    1.5883   -0.0000
   47 H10    2s         0.0000   -0.0000    0.0000   -0.0000    0.0000   -0.0000   -0.0000    0.5361    1.7928   -0.0000
   48 H10    2px       -0.1814   -0.0260    0.1186   -0.0555    0.4013   -0.1375    0.4818    0.0000   -0.0000   -0.0008
   49 H10    2py       -0.0644    0.1186    0.0260    0.4013    0.0555    0.4818    0.1375    0.0000    0.0000    0.3414
   50 H10    2pz       -0.0000    0.0000   -0.0000   -0.0000   -0.0000   -0.0000    0.0000    0.3775    0.0137    0.0000
   51 H11    1s        -0.0000    0.0000   -0.0000    0.0000   -0.0000    0.0000    0.0000   -1.0243   -1.2844    0.0000
   52 H11    2s        -0.0000   -0.0000   -0.0000    0.0000   -0.0000    0.0000   -0.0000   -1.0055   -1.4657    0.0000
   53 H11    2px       -0.2857    0.0938   -0.4282    0.0659   -0.4766    0.1128   -0.3954   -0.0000    0.0000    0.0005
   54 H11    2py       -0.1014   -0.4282   -0.0938   -0.4766   -0.0659   -0.3954   -0.1128   -0.0000   -0.0000   -0.2372
   55 H11    2pz        0.0000   -0.0000    0.0000   -0.0000    0.0000   -0.0000   -0.0000    0.1105    0.2539   -0.0000
   56 H12    1s         0.0000   -0.0000    0.0000   -0.0000    0.0000   -0.0000   -0.0000    0.4455    0.4673   -0.0000
   57 H12    2s         0.0000    0.0000    0.0000   -0.0000    0.0000   -0.0000    0.0000    0.5305    0.5468   -0.0000
   58 H12    2px        0.3762   -0.0786    0.3591   -0.0422    0.3054   -0.0613    0.2148    0.0000   -0.0000   -0.0003
   59 H12    2py        0.1336    0.3591    0.0786    0.3054    0.0422    0.2148    0.0613    0.0000    0.0000    0.1177
   60 H12    2pz       -0.0000    0.0000   -0.0000    0.0000   -0.0000    0.0000   -0.0000   -0.4346   -0.2737   -0.0000
 
 
      Orbital               51        52        53        54        55        56        57        58        59        60
      Energy            1.5210    1.5790    1.5820    1.6884    1.7440    1.9396    2.1575    2.3869    2.6026    2.7626
      Occ. No.          0.0000    0.0000    0.0000    0.0000    0.0000    0.0000    0.0000    0.0000    0.0000    0.0000
 
    1 H1     1s        -0.0000   -0.4649    0.4445    0.2701    0.4322   -0.3971   -0.3680   -0.3216   -0.2440    0.1330
    2 H1     2s        -0.0000   -0.4914    0.4951    0.2887    0.3692   -0.2593   -0.1847   -0.1295   -0.0837    0.0415
    3 H1     2px       -0.1177   -0.0000   -0.0000   -0.0000   -0.0000    0.0000    0.0000    0.0000    0.0000   -0.0000
    4 H1     2py       -0.0003    0.0000   -0.0000    0.0000    0.0000   -0.0000   -0.0000   -0.0000   -0.0000    0.0000
    5 H1     2pz       -0.0000   -0.5257    0.2193    0.1316    0.5165   -0.4796   -0.4296   -0.3587   -0.2616    0.1391
    6 H2     1s         0.0000    0.9154   -1.3224   -0.8294   -0.6420    0.3478    0.1206   -0.0399   -0.1132    0.0896
    7 H2     2s         0.0000    0.7515   -1.4916   -0.9106   -0.4354    0.2060    0.1040    0.0606    0.0373   -0.0188
    8 H2     2px        0.2372    0.0000    0.0000    0.0000    0.0000   -0.0000   -0.0000   -0.0000    0.0000   -0.0000
    9 H2     2py        0.0005   -0.0000    0.0000   -0.0000   -0.0000    0.0000   -0.0000   -0.0000   -0.0000    0.0000
   10 H2     2pz        0.0000   -0.0801   -0.2564   -0.1456    0.3247   -0.5438   -0.6836   -0.7097   -0.5951    0.3421
   11 H3     1s        -0.0000   -0.1634    2.0249    1.4023   -0.1804    0.3767    0.3107    0.1077   -0.0713    0.1049
   12 H3     2s        -0.0000   -0.1643    2.2950    1.5789    0.0036    0.0600    0.0174   -0.0223   -0.0312    0.0199
   13 H3     2px       -0.3414   -0.0000   -0.0000   -0.0000   -0.0000    0.0000    0.0000   -0.0000   -0.0000    0.0000
   14 H3     2py       -0.0008    0.0000   -0.0000    0.0000    0.0000   -0.0000   -0.0000    0.0000    0.0000   -0.0000
   15 H3     2pz        0.0000    0.5594    0.0969    0.0844   -0.4712    0.1562   -0.2836   -0.6597   -0.7719    0.5199
   16 H4     1s         0.0000   -0.7238   -2.0683   -1.8488    0.3257    0.0823    0.3619    0.3192    0.0725    0.0710
   17 H4     2s         0.0000   -0.5481   -2.3746   -2.1205    0.0963    0.0685    0.1000    0.0605    0.0166    0.0008
   18 H4     2px        0.4253    0.0000    0.0000    0.0000    0.0000   -0.0000   -0.0000    0.0000    0.0000   -0.0000
   19 H4     2py        0.0010   -0.0000    0.0000    0.0000    0.0000   -0.0000   -0.0000   -0.0000   -0.0000    0.0000
   20 H4     2pz       -0.0000   -0.1849    0.1072   -0.0630   -0.3512    0.6188    0.3710   -0.2552   -0.7634    0.6709
   21 H5     1s        -0.0000    0.5255    1.4630    2.2061    0.4352   -0.4823   -0.0313    0.2832    0.1650    0.0437
   22 H5     2s        -0.0000    0.4658    1.7173    2.5229    0.2624   -0.1877   -0.0173    0.0294    0.0116    0.0044
   23 H5     2px       -0.4836   -0.0000   -0.0000   -0.0000   -0.0000    0.0000    0.0000    0.0000    0.0000    0.0000
   24 H5     2py       -0.0011    0.0000   -0.0000   -0.0000   -0.0000   -0.0000   -0.0000   -0.0000   -0.0000    0.0000
   25 H5     2pz        0.0000   -0.4396   -0.2023    0.0803    0.4240    0.2126    0.6806    0.3015   -0.5518    0.7742
   26 H6     1s        -0.0000    0.2587   -0.5172   -2.4405   -0.4266   -0.2554   -0.3412    0.1307    0.2235    0.0185
   27 H6     2s        -0.0000    0.0674   -0.6157   -2.7601   -0.2304   -0.0616   -0.0685    0.0235    0.0218    0.0011
   28 H6     2px        0.5137   -0.0000   -0.0000    0.0000    0.0000   -0.0000   -0.0000   -0.0000   -0.0000    0.0000
   29 H6     2py        0.0012    0.0000    0.0000   -0.0000   -0.0000    0.0000    0.0000    0.0000    0.0000   -0.0000
   30 H6     2pz       -0.0000    0.3239    0.1990   -0.0428    0.4063   -0.5015    0.3313    0.6853   -0.2017    0.8285
   31 H7     1s         0.0000   -0.2587   -0.5172    2.4405   -0.4266    0.2554   -0.3412   -0.1307    0.2235   -0.0185
   32 H7     2s         0.0000   -0.0674   -0.6157    2.7601   -0.2304    0.0616   -0.0685   -0.0235    0.0218   -0.0011
   33 H7     2px       -0.5137   -0.0000   -0.0000   -0.0000    0.0000   -0.0000   -0.0000   -0.0000   -0.0000    0.0000
   34 H7     2py       -0.0012    0.0000    0.0000    0.0000   -0.0000    0.0000    0.0000    0.0000    0.0000   -0.0000
   35 H7     2pz        0.0000    0.3239   -0.1990   -0.0428   -0.4063   -0.5015   -0.3313    0.6853    0.2017    0.8285
   36 H8     1s        -0.0000   -0.5255    1.4630   -2.2061    0.4352    0.4823   -0.0313   -0.2832    0.1650   -0.0437
   37 H8     2s        -0.0000   -0.4658    1.7173   -2.5229    0.2624    0.1877   -0.0173   -0.0294    0.0116   -0.0044
   38 H8     2px        0.4836   -0.0000    0.0000   -0.0000   -0.0000    0.0000   -0.0000    0.0000    0.0000    0.0000
   39 H8     2py        0.0011   -0.0000   -0.0000    0.0000    0.0000   -0.0000    0.0000    0.0000   -0.0000   -0.0000
   40 H8     2pz       -0.0000   -0.4396    0.2023    0.0803   -0.4240    0.2126   -0.6806    0.3015    0.5518    0.7742
   41 H9     1s         0.0000    0.7238   -2.0683    1.8488    0.3257   -0.0823    0.3619   -0.3192    0.0725   -0.0710
   42 H9     2s         0.0000    0.5480   -2.3746    2.1205    0.0963   -0.0685    0.1000   -0.0605    0.0166   -0.0008
   43 H9     2px       -0.4253   -0.0000   -0.0000    0.0000   -0.0000   -0.0000    0.0000    0.0000   -0.0000   -0.0000
   44 H9     2py       -0.0010    0.0000    0.0000   -0.0000   -0.0000    0.0000   -0.0000    0.0000   -0.0000    0.0000
   45 H9     2pz        0.0000   -0.1849   -0.1072   -0.0630    0.3512    0.6188   -0.3710   -0.2552    0.7633    0.6709
   46 H10    1s        -0.0000    0.1635    2.0249   -1.4023   -0.1804   -0.3767    0.3107   -0.1077   -0.0713   -0.1049
   47 H10    2s        -0.0000    0.1643    2.2950   -1.5789    0.0036   -0.0600    0.0174    0.0223   -0.0312   -0.0199
   48 H10    2px        0.3414   -0.0000    0.0000   -0.0000   -0.0000    0.0000   -0.0000    0.0000    0.0000    0.0000
   49 H10    2py        0.0008   -0.0000   -0.0000    0.0000    0.0000   -0.0000   -0.0000   -0.0000    0.0000    0.0000
   50 H10    2pz       -0.0000    0.5594   -0.0969    0.0844    0.4712    0.1562    0.2836   -0.6597    0.7719    0.5199
   51 H11    1s         0.0000   -0.9154   -1.3224    0.8294   -0.6420   -0.3478    0.1206    0.0399   -0.1132   -0.0896
   52 H11    2s         0.0000   -0.7515   -1.4916    0.9106   -0.4354   -0.2060    0.1040   -0.0606    0.0373    0.0188
   53 H11    2px       -0.2372    0.0000   -0.0000    0.0000    0.0000   -0.0000    0.0000   -0.0000    0.0000    0.0000
   54 H11    2py       -0.0005    0.0000    0.0000   -0.0000   -0.0000    0.0000   -0.0000    0.0000   -0.0000   -0.0000
   55 H11    2pz       -0.0000   -0.0800    0.2564   -0.1456   -0.3247   -0.5438    0.6836   -0.7097    0.5951    0.3421
   56 H12    1s        -0.0000    0.4649    0.4445   -0.2701    0.4322    0.3971   -0.3680    0.3216   -0.2440   -0.1330
   57 H12    2s        -0.0000    0.4914    0.4951   -0.2887    0.3692    0.2593   -0.1847    0.1295   -0.0837   -0.0415
   58 H12    2px        0.1177   -0.0000    0.0000   -0.0000   -0.0000    0.0000   -0.0000    0.0000   -0.0000   -0.0000
   59 H12    2py        0.0003   -0.0000   -0.0000    0.0000    0.0000    0.0000   -0.0000    0.0000   -0.0000   -0.0000
   60 H12    2pz        0.0000   -0.5257   -0.2193    0.1316   -0.5165   -0.4796    0.4296   -0.3587    0.2616    0.1391
--
 
      Von Neumann Entropy (Root  1) =  2.97131
 

      Mulliken population analysis for root number:  1
      -----------------------------------------------
 
 
++    Molecular charges:
      ------------------
 
      Mulliken charges per centre and basis function type
      ---------------------------------------------------
 
                H1      H2      H3      H4      H5      H6      H7      H8      H9      H10     H11     H12   
      1s       0.9660  1.0136  1.0056  1.0024  1.0035  1.0031  1.0031  1.0035  1.0024  1.0056  1.0136  0.9660
      2s       0.0036 -0.0037 -0.0216 -0.0156 -0.0177 -0.0168 -0.0168 -0.0177 -0.0156 -0.0216 -0.0037  0.0036
      2px      0.0000  0.0000  0.0000  0.0000  0.0000  0.0000  0.0000  0.0000  0.0000  0.0000  0.0000  0.0000
      2pz      0.0065  0.0151  0.0139  0.0140  0.0141  0.0141  0.0141  0.0141  0.0140  0.0139  0.0151  0.0065
      2py      0.0000  0.0000  0.0000  0.0000  0.0000  0.0000  0.0000  0.0000  0.0000  0.0000  0.0000  0.0000
      Total    0.9761  1.0250  0.9979  1.0008  0.9998  1.0003  1.0003  0.9998  1.0008  0.9979  1.0250  0.9761
 
      N-E      0.0239 -0.0250  0.0021 -0.0008  0.0002 -0.0003 -0.0003  0.0002 -0.0008  0.0021 -0.0250  0.0239
 
      Total electronic charge=   12.000000
 
      Total            charge=   -0.000000
--
 
 

      Expectation values of various properties for root number:  1
      -----------------------------------------------------------
 
 
++    Molecular properties:
      ---------------------
 
      Charge (e):
                      =   -0.0000
      Dipole Moment (Debye):
      Origin of the operator (Ang)=    0.0000    0.0000    0.0000
                   X= -1.0778E-08               Y=  3.6531E-09               Z=  1.0104E-05           Total=  1.0104E-05
      Quadrupole Moment (Debye*Ang):
      Origin of the operator (Ang)=    0.0000    0.0000    8.5000
                  XX= -1.7206E+01              XY=  4.9060E-14              XZ= -1.8425E-07              YY= -1.7206E+01
                  YZ=  1.1863E-07              ZZ= -1.0346E+01
      In traceless form (Debye*Ang)
                  XX= -3.4302E+00              XY=  7.3589E-14              XZ= -2.7637E-07              YY= -3.4302E+00
                  YZ=  1.7795E-07              ZZ=  6.8604E+00
--
 

      LoProp population analysis for root number:  1
      -----------------------------------------------
 
 
++    LoProp analysis:
      ----------------
 
 
 
  Input file to MOLDEN was generated!
 
 
++    Static properties:
      ------------------
 
 
      LoProp Charges per center
 

                   H1       H2       H3       H4       H5       H6       H7       H8       H9       H10   
      Nuclear      1.0000   1.0000   1.0000   1.0000   1.0000   1.0000   1.0000   1.0000   1.0000   1.0000
      Electronic  -0.9991  -1.0006  -0.9993  -1.0008  -0.9999  -1.0003  -1.0003  -0.9999  -1.0008  -0.9993
 
      Total        0.0009  -0.0006   0.0007  -0.0008   0.0001  -0.0003  -0.0003   0.0001  -0.0008   0.0007
 

                   H11      H12   
      Nuclear      1.0000   1.0000
      Electronic  -1.0006  -0.9991
 
      Total       -0.0006   0.0009
--
 
 
      Natural Bond Order analysis for root number:  1
 
++    Natural Bond Order analysis
      ---------------------------
      Based on LoProp computed density
      -------------------------------------------------------------------------------------
      Atom A       Atom B       Bond Order
      -------------------------------------------------------------------------------------
      Atom A       Atom B       Atom C       Bond Order
        H1           H2           H3             0.903
        H10          H11          H12            0.903
      -------------------------------------------------------------------------------------
      NBO located      3.613 electrons involved in    2 bonds.
      NBO located      0.901 non-bonded electrons on atom H3        
      NBO located      1.016 non-bonded electrons on atom H4        
      NBO located      1.017 non-bonded electrons on atom H5        
      NBO located      1.017 non-bonded electrons on atom H6        
      NBO located      1.017 non-bonded electrons on atom H7        
      NBO located      1.017 non-bonded electrons on atom H8        
      NBO located      1.016 non-bonded electrons on atom H9        
      NBO located      0.901 non-bonded electrons on atom H10       
      The remaining    0.486 electrons are to be considered as diffuse
--
 
--
 
 
  Input file to MOLDEN was generated!
 
      Average orbitals are written to the RASORB file
      Natural orbitals for root   1 are written to the RASORB.1 file
      Spin density orbitals for root   1 are written to the SPDORB.1 file
 
forrtl: warning (525): IEEE_DIVIDE_BY_ZERO is signaling
forrtl: warning (526): IEEE_INVALID is signaling
forrtl: warning (528): IEEE_UNDERFLOW is signaling
--- Stop Module: rasscf at Mon Oct 27 01:36:57 2025 /rc=_RC_ALL_IS_WELL_ ---
*** files: H12_1.55.LprOrb H12_1.55.rasscf.molden H12_1.55.LoProp.molden H12_1.55.RasOrb.1 H12_1.55.RasOrb H12_1.55.rasscf.h5 H12_1.55.SpdOrb.1 xmldump
    saved to directory /home/grierjones/DDCASPT2/hydrogen_comps/rerun/H12_chain/H12_1.55
--- Module rasscf spent 4 minutes 50 seconds ---

>>> COPY /tmp/H12_1.55/H12_1.55.rasscf.h5 /home/grierjones/DDCASPT2/hydrogen_comps/rerun/H12_chain/H12_1.55/

>>> COPY /tmp/H12_1.55/GMJ_Fock_MO.csv /home/grierjones/DDCASPT2/hydrogen_comps/rerun/H12_chain/H12_1.55/H12_1.55.GMJ_Fock_MO.csv

*** symbolic link created: INPORB -> H12_1.55.RasOrb
--- Start Module: motra at Mon Oct 27 01:36:57 2025 ---
 
()()()()()()()()()()()()()()()()()()()()()()()()()()()()()()()()()()()()()()()()()()()()()()()()()()

                                               &MOTRA

                                   only a single process is used
                       available to each process: 2.0 GB of memory, 1 thread?
()()()()()()()()()()()()()()()()()()()()()()()()()()()()()()()()()()()()()()()()()()()()()()()()()()
 
 
      *** WARNING: Default frozen orbitals is overwritten by user input.
      *** Default values:   0
 
      Header of the integral files:
      
       Integrals generated by seward 4.2.0  , Mon Oct 27 01:32:05 2025
 
 
      Header of MO coefficients source file:
      * RASSCF average (pseudo-natural) orbitals                                      
 
 
      Cartesian coordinates in Angstrom:
      -----------------------------------------------------
      No.  Label        X            Y            Z        
      -----------------------------------------------------
       1   H1         0.00000000   0.00000000   0.00000000
       2   H2         0.00000000   0.00000000   1.54545500
       3   H3         0.00000000   0.00000000   3.09090900
       4   H4         0.00000000   0.00000000   4.63636400
       5   H5         0.00000000   0.00000000   6.18181800
       6   H6         0.00000000   0.00000000   7.72727300
       7   H7         0.00000000   0.00000000   9.27272700
       8   H8         0.00000000   0.00000000  10.81818200
       9   H9         0.00000000   0.00000000  12.36363600
      10   H10        0.00000000   0.00000000  13.90909100
      11   H11        0.00000000   0.00000000  15.45454500
      12   H12        0.00000000   0.00000000  17.00000000
      -----------------------------------------------------
      Nuclear repulsion energy =    8.64189384
 
      Orbital specifications:
      -----------------------
 
      Symmetry species:              1
      Number of basis functions:    60
      Frozen orbitals:               0
      Deleted orbitals:              0
      Number of orbitals used:      60

       SYMMETRY  BASIS FUNCTIONS       ORBITALS      INTEGRALS   CPU(SEC)  I/O(SEC)
        1 1 1 1   60  60  60  60    60  60  60  60     1675365       0.00      0.00

       TOTAL CPU TIME(SEC)    1.07TOTAL I/O TIME(SEC)    2.46
 
--- Stop Module: motra at Mon Oct 27 01:37:00 2025 /rc=_RC_ALL_IS_WELL_ ---
*** files: xmldump
    saved to directory /home/grierjones/DDCASPT2/hydrogen_comps/rerun/H12_chain/H12_1.55
--- Module motra spent 2 seconds ---

>>> COPY /tmp/H12_1.55/GMJ_one_int_indx.csv /home/grierjones/DDCASPT2/hydrogen_comps/rerun/H12_chain/H12_1.55/H12_1.55.GMJ_one_int_indx.csv

>>> COPY /tmp/H12_1.55/GMJ_one_int.csv /home/grierjones/DDCASPT2/hydrogen_comps/rerun/H12_chain/H12_1.55/H12_1.55.GMJ_one_int.csv

>>> COPY /tmp/H12_1.55/GMJ_two_int_indx.csv /home/grierjones/DDCASPT2/hydrogen_comps/rerun/H12_chain/H12_1.55/H12_1.55.GMJ_two_int_indx.csv

>>> COPY /tmp/H12_1.55/GMJ_two_int.csv /home/grierjones/DDCASPT2/hydrogen_comps/rerun/H12_chain/H12_1.55/H12_1.55.GMJ_two_int.csv

*** symbolic link created: INPORB -> H12_1.55.RasOrb
--- Start Module: caspt2 at Mon Oct 27 01:37:00 2025 ---
 
()()()()()()()()()()()()()()()()()()()()()()()()()()()()()()()()()()()()()()()()()()()()()()()()()()

                                              &CASPT2

                                   only a single process is used
                       available to each process: 2.0 GB of memory, 1 thread?
()()()()()()()()()()()()()()()()()()()()()()()()()()()()()()()()()()()()()()()()()()()()()()()()()()
 
 Cholesky algorithm in CASPT2 =    1
 
 ###############################################################################
 ###############################################################################
 ###                                                                         ###
 ###                                                                         ###
 ###    User changed nr of frozen orbitals.                                  ###
 ###                                                                         ###
 ###                                                                         ###
 ###############################################################################
 ###############################################################################
 
++    Wave function specifications:
      -----------------------------
 
      Number of closed shell electrons           0
      Number of electrons in active shells      12
      Max number of holes in RAS1 space          0
      Max number of electrons in RAS3 space      0
      Number of inactive orbitals                0
      Number of active orbitals                 12
      Number of secondary orbitals              48
      Spin quantum number                      0.0
      State symmetry                             1
      Number of CSFs                        226512
      Number of root(s) available                1
      Root passed to geometry opt.               1
      A file JOBMIX will be created.
      This is a CASSCF or RASSCF reference function
--
 
++    Orbital specifications:
      -----------------------
 
      Symmetry species                           1
                                                 a
      Frozen orbitals                            0
      Inactive orbitals                          0
      Active orbitals                           12
      Secondary orbitals                        48
      Deleted orbitals                           0
      Number of basis functions                 60
--
 
      Type of Fock operator: STANDARD
      Type of 0-order Hamiltonian: STANDARD WITH DEFAULT IPEA
        "IP-EA" denominator shift =      0.25
      The input orbitals and the CI vector will be transformed.
 
--------------------------------------------------------------------------------
 Estimated memory requirements:
  POLY3 :                 54392696
  RHS:                     1916944
  SIGMA :                   616912
  PRPCTL:                        0
 Available workspace:    230179958
 
++ CASPT2 computation for group   1
 
********************************************************************************
 Multi-State initialization phase begins for group   1
--------------------------------------------------------------------------------
********************************************************************************
 Compute H0 matrices for state    1
--------------------------------------------------------------------------------
--------------------------------------------------------------------------------
 H0 matrices have been computed.
 
********************************************************************************
  CASPT2 EQUATION SOLUTION
--------------------------------------------------------------------------------
 
  Total nr of CASPT2 parameters:
   Before reduction:      249120
   After  reduction:      248544
 
 The contributions to the second order correlation energy in atomic units.
-----------------------------------------------------------------------------------------------------------------------------
  IT.      VJTU        VJTI        ATVX        AIVX        VJAI        BVAT        BJAT        BJAI        TOTAL       RNORM  
-----------------------------------------------------------------------------------------------------------------------------
   1     0.000000    0.000000   -0.017268    0.000000    0.000000   -0.035281    0.000000    0.000000   -0.052549    0.002137
   2     0.000000    0.000000   -0.017433    0.000000    0.000000   -0.035321    0.000000    0.000000   -0.052754    0.000174
   3     0.000000    0.000000   -0.017435    0.000000    0.000000   -0.035321    0.000000    0.000000   -0.052756    0.000028
   4     0.000000    0.000000   -0.017433    0.000000    0.000000   -0.035321    0.000000    0.000000   -0.052755    0.000003
-------------------------------------------------------------------------------------------------------------------
 
  FINAL CASPT2 RESULT:
 
  Correlation energy /Case, /Symm, and sums:
 VJTU      0.00000000  0.00000000
 VJTIP     0.00000000  0.00000000
 VJTIM     0.00000000  0.00000000
 ATVX     -0.01743342 -0.01743342
 AIVX      0.00000000  0.00000000
 VJAIP     0.00000000  0.00000000
 VJAIM     0.00000000  0.00000000
 BVATP    -0.03350939 -0.03350939
 BVATM    -0.00181206 -0.00181206
 BJATP     0.00000000  0.00000000
 BJATM     0.00000000  0.00000000
 BJAIP     0.00000000  0.00000000
 BJAIM     0.00000000  0.00000000
 Summed:  -0.05275487 -0.05275487
 
      Reference energy:          -6.2959255972
      E2 (Non-variational):      -0.0527548664
      E2 (Variational):          -0.0527548760
      Total energy:              -6.3486804732
      Residual norm:              0.0000003575
      Reference weight:           0.97359
 
      Contributions to the CASPT2 correlation energy
      Active & Virtual Only:         -0.0527548664
      One Inactive Excited:           0.0000000000
      Two Inactive Excited:           0.0000000000
 
 
++ Denominators, etc.
----------------------------------------------------------------------------------------------------
 Report on small energy denominators, large coefficients, and large energy contributions.
CASE  SYMM ACTIVE-MIX  NON-ACTIVE INDICES          DENOMINATOR     RHS VALUE       COEFFICIENT     CONTRIBUTION
ATVX     1  Mu1.0001  Se1.013                       0.14280957     -0.00000004      0.00000032     -0.00000000
ATVX     1  Mu1.0002  Se1.013                       0.21733285     -0.00001474     -0.00017516      0.00000000
ATVX     1  Mu1.0003  Se1.013                       0.28126246     -0.00000001      0.00000002     -0.00000000
ATVX     1  Mu1.0001  Se1.014                       0.16246008      0.00024404     -0.00113736     -0.00000028
ATVX     1  Mu1.0002  Se1.014                       0.23698336      0.00000001     -0.00000003     -0.00000000
ATVX     1  Mu1.0001  Se1.015                       0.19628355      0.00000002     -0.00000014     -0.00000000
ATVX     1  Mu1.0002  Se1.015                       0.27080684      0.00011176      0.00038023      0.00000004
ATVX     1  Mu1.0001  Se1.016                       0.24984886      0.00052394     -0.00139741     -0.00000073
--
 
   (Skipping property calculation,
    use PROP keyword to activate)
--
 
  Total CASPT2 energies:
::    CASPT2 Root  1     Total energy:     -6.34868047
 
  A NEW JOBIPH FILE NAMED 'JOBMIX' IS PREPARED.
********************************************************************************
forrtl: warning (528): IEEE_UNDERFLOW is signaling
--- Stop Module: caspt2 at Mon Oct 27 01:38:37 2025 /rc=_RC_ALL_IS_WELL_ ---
*** files: xmldump
    saved to directory /home/grierjones/DDCASPT2/hydrogen_comps/rerun/H12_chain/H12_1.55
--- Module caspt2 spent 1 minute 37 seconds ---

>>> EXPORT i = B

>>> EXPORT j = P

>>> IF (-FILE GMJ_e2_${i}_${j}_1_.csv)
(Skipped)

>>> END FOREACH

>>> EXPORT j = M

>>> IF (-FILE GMJ_e2_${i}_${j}_1_.csv)
(Skipped)

>>> END FOREACH

>>> END FOREACH

>>> EXPORT i = E

>>> EXPORT j = P

>>> IF (-FILE GMJ_e2_${i}_${j}_1_.csv)
(Skipped)

>>> END FOREACH

>>> EXPORT j = M

>>> IF (-FILE GMJ_e2_${i}_${j}_1_.csv)
(Skipped)

>>> END FOREACH

>>> END FOREACH

>>> EXPORT i = F

>>> EXPORT j = P

>>> IF (-FILE GMJ_e2_${i}_${j}_1_.csv)

>>> COPY /tmp/H12_1.55/GMJ_RHS_F_P_1_.csv /home/grierjones/DDCASPT2/hydrogen_comps/rerun/H12_chain/H12_1.55/GMJ_RHS_F_P_1_.csv

>>> COPY /tmp/H12_1.55/GMJ_IVECW_F_P_1_.csv /home/grierjones/DDCASPT2/hydrogen_comps/rerun/H12_chain/H12_1.55/GMJ_IVECW_F_P_1_.csv

>>> COPY /tmp/H12_1.55/GMJ_IVECX_F_P_1_.csv /home/grierjones/DDCASPT2/hydrogen_comps/rerun/H12_chain/H12_1.55/GMJ_IVECX_F_P_1_.csv

>>> COPY /tmp/H12_1.55/GMJ_IVECC2_F_P_1_.csv /home/grierjones/DDCASPT2/hydrogen_comps/rerun/H12_chain/H12_1.55/GMJ_IVECC2_F_P_1_.csv

>>> COPY /tmp/H12_1.55/GMJ_e2_F_P_1_.csv /home/grierjones/DDCASPT2/hydrogen_comps/rerun/H12_chain/H12_1.55/GMJ_e2_F_P_1_.csv

>>> END FOREACH

>>> EXPORT j = M

>>> IF (-FILE GMJ_e2_${i}_${j}_1_.csv)

>>> COPY /tmp/H12_1.55/GMJ_RHS_F_M_1_.csv /home/grierjones/DDCASPT2/hydrogen_comps/rerun/H12_chain/H12_1.55/GMJ_RHS_F_M_1_.csv

>>> COPY /tmp/H12_1.55/GMJ_IVECW_F_M_1_.csv /home/grierjones/DDCASPT2/hydrogen_comps/rerun/H12_chain/H12_1.55/GMJ_IVECW_F_M_1_.csv

>>> COPY /tmp/H12_1.55/GMJ_IVECX_F_M_1_.csv /home/grierjones/DDCASPT2/hydrogen_comps/rerun/H12_chain/H12_1.55/GMJ_IVECX_F_M_1_.csv

>>> COPY /tmp/H12_1.55/GMJ_IVECC2_F_M_1_.csv /home/grierjones/DDCASPT2/hydrogen_comps/rerun/H12_chain/H12_1.55/GMJ_IVECC2_F_M_1_.csv

>>> COPY /tmp/H12_1.55/GMJ_e2_F_M_1_.csv /home/grierjones/DDCASPT2/hydrogen_comps/rerun/H12_chain/H12_1.55/GMJ_e2_F_M_1_.csv

>>> END FOREACH

>>> END FOREACH

>>> EXPORT i = G

>>> EXPORT j = P

>>> IF (-FILE GMJ_e2_${i}_${j}_1_.csv)
(Skipped)

>>> END FOREACH

>>> EXPORT j = M

>>> IF (-FILE GMJ_e2_${i}_${j}_1_.csv)
(Skipped)

>>> END FOREACH

>>> END FOREACH

>>> EXPORT i = H

>>> EXPORT j = P

>>> IF (-FILE GMJ_e2_${i}_${j}_1_.csv)
(Skipped)

>>> END FOREACH

>>> EXPORT j = M

>>> IF (-FILE GMJ_e2_${i}_${j}_1_.csv)
(Skipped)

>>> END FOREACH

>>> END FOREACH

>>> EXPORT i = A

>>> IF (-FILE GMJ_e2_${i}_1_.csv)
(Skipped)

>>> END FOREACH

>>> EXPORT i = C

>>> IF (-FILE GMJ_e2_${i}_1_.csv)

>>> COPY /tmp/H12_1.55/GMJ_RHS_C_1_.csv /home/grierjones/DDCASPT2/hydrogen_comps/rerun/H12_chain/H12_1.55/GMJ_RHS_C_1_.csv

>>> COPY /tmp/H12_1.55/GMJ_IVECW_C_1_.csv /home/grierjones/DDCASPT2/hydrogen_comps/rerun/H12_chain/H12_1.55/GMJ_IVECW_C_1_.csv

>>> COPY /tmp/H12_1.55/GMJ_IVECX_C_1_.csv /home/grierjones/DDCASPT2/hydrogen_comps/rerun/H12_chain/H12_1.55/GMJ_IVECX_C_1_.csv

>>> COPY /tmp/H12_1.55/GMJ_IVECC2_C_1_.csv /home/grierjones/DDCASPT2/hydrogen_comps/rerun/H12_chain/H12_1.55/GMJ_IVECC2_C_1_.csv

>>> COPY /tmp/H12_1.55/GMJ_e2_C_1_.csv /home/grierjones/DDCASPT2/hydrogen_comps/rerun/H12_chain/H12_1.55/GMJ_e2_C_1_.csv

>>> END FOREACH

>>> EXPORT i = D

>>> IF (-FILE GMJ_e2_${i}_1_.csv)
(Skipped)

>>> END FOREACH

.########################.
.# Non-zero return code #.
.########################.

    Timing: Wall=392.04 User=388.63 System=3.34
****************************************
*** WorkDir at /tmp/H12_1.55 cleaned ***
****************************************
