   This run of MOLCAS is using the pymolcas driver

                             OPE
                             OPE          NMOL  CASOP  ENMOLC A   SO
                 OPE        NMOLC        AS  OP EN  MO LC     AS  OP
                OPENM       OL CA        SO  PE NM  OL CA     SOP EN
                OP EN      MO   LC       AS  OP ENMOL  CASO   PENMOL
                OP  EN     MO   LC       AS  OP EN     MO     LC ASO
               OP   E  NMOL  C  AS       OP  EN MO     LC     AS  OP
               OP  E   NMO   LC AS        OPEN  MO     LCASOP EN   M
               O  PEN   MO  LCA  SO
            OPE   NMO   L   CAS    OP
        OPENMOL  CASOP     ENMOL   CASOPE
     OPENMOLCA   SOPENMOLCASOPEN   MOLCASOPE
    OPENMOLCAS   OP           EN   MOL    CAS
    OPENMOLCAS       OP  ENM        O     LCA
    OPENMOLCAS    OPEN  MOLCASO     P  E  NMO
    OPENMOLCAS     OP               E  N  MOL
    OPENMOLCA   SO           PENM   O  L  CAS    OPEN    MO    LCAS
    OPENMOLCA   SOP           ENM   O  L  CAS   OP  EN  MOLC  AS   O
    OPENMOLCA   SOPE           NM      O  LCA   S      OP  EN MO
    OPENMOLC                AS         O  PEN   M      OL  CA  SOPE
    OPENMO        LCASOPE  NMOL        C  ASO   P      ENMOLC     AS
    OPE     NMO      LCA  SO     P     E   NM   OL  CA SO  PE N   MO
          OPENMOLCA            SOPE   NMO        LCAS  O    P  ENMO
     OPENMOLCASOPENMOLCASOPENMOLCASOPENMOLCA
        OPENMOLCASOPENMOLCASOPENMOLCASOPE
            OPENMOLCASOPENMOLCASOPENM
               OPENMOLCASOPENMOLCA        version: f37762c57
                   OPENMOLCASO
                       OPE                tag:

 OpenMolcas is free software; you can redistribute it and/or modify it
 under the terms of the GNU Lesser General Public License version 2.1.
 OpenMolcas is distributed in the hope that it will be useful, but it
 is provided "as is" and without any express or implied warranties.
 For more details see the full text of the license in the file
 LICENSE or in <http://www.gnu.org/licenses/>.

                 Copyright (C) The OpenMolcas Authors
           For the author list and the recommended citation,
                   consult the file CONTRIBUTORS.md

           *************************************************
           * pymolcas version py2.28                       *
           *   build c4a6d18ded8cb6cad61d2372a9abd97c      *
           *   (after the EMIL interpreter by V. Veryazov) *
           *************************************************

configuration info
------------------
C Compiler ID: Intel
C flags: -std=gnu99 -gcc-sys
Fortran Compiler ID: IntelLLVM
Fortran flags: -standard-semantics -fltconsistency -fpp -i8 -heap-arrays
Definitions: _MOLCAS_;_I8_;_LINUX_
Parallel: OFF (GA=OFF)


   ----------------------------------------------------------------------------------------
  |
  |              Project: H10_1.76
  |       Submitted from: ${LOCALHOME}/DDCASPT2/hydrogen_comps/rerun/H10_chain/H10_1.76
  |         Scratch area: /tmp/H10_1.76
  |      Save outputs to: ${LOCALHOME}/DDCASPT2/hydrogen_comps/rerun/H10_chain/H10_1.76
  |               Molcas: ${LOCALHOME}/Test/build
  |
  | Scratch area is empty
  |
  |       MOLCAS_DRIVER = /usr/local/pymolcas
  | MOLCAS_KEEP_WORKDIR = NO
  |  MOLCAS_NEW_WORKDIR = YES
  |       MOLCAS_NPROCS = 1
  |        MOLCAS_PRINT = NORMAL
  |       MOLCAS_SOURCE = ${LOCALHOME}/Test
  |    MOLCAS_STRUCTURE = 0
  |
   ----------------------------------------------------------------------------------------

++ ---------   Input file   ---------

&GATEWAY
coord=H10_1.76.xyz
Basis = ANO-RCC-VDZP
Group = nosymm
End of Input

&SEWARD
End of Input

&SCF

>>> COPY $WorkDir/H10_1.76.scf.h5 $CurrDir/

&RASSCF
Title= RASSCF
FileOrb
${LOCALHOME}/DDCASPT2/hydrogen_comps/rerun/H10_chain/H10_0.60/H10_0.60.RasOrb
NACTEL
10 0 0
Inactive
0
RAS2
10
Symmetry
1
Spin
1
orblisting
all

>>> COPY $WorkDir/H10_1.76.rasscf.h5 $CurrDir/

>>> COPY $WorkDir/DDCASPT2_Fock_MO.csv $CurrDir/H10_1.76.DDCASPT2_Fock_MO.csv

&MOTRA
Frozen=0
LUMORB

>>> COPY $WorkDir/DDCASPT2_one_int_indx.csv $CurrDir/H10_1.76.DDCASPT2_one_int_indx.csv

>>> COPY $WorkDir/DDCASPT2_one_int.csv $CurrDir/H10_1.76.DDCASPT2_one_int.csv

>>> COPY $WorkDir/DDCASPT2_two_int_indx.csv $CurrDir/H10_1.76.DDCASPT2_two_int_indx.csv

>>> COPY $WorkDir/DDCASPT2_two_int.csv $CurrDir/H10_1.76.DDCASPT2_two_int.csv

&CASPT2
Frozen
0

MAXITER
50

>>> FOREACH i IN (B,E,F,G,H)

  >>> FOREACH j IN (P,M)

    >>> IF (-FILE DDCASPT2_e2_${i}_${j}_1_.csv)

      >>> COPY $WorkDir/DDCASPT2_RHS_${i}_${j}_1_.csv $CurrDir/DDCASPT2_RHS_${i}_${j}_1_.csv

      >>> COPY $WorkDir/DDCASPT2_IVECW_${i}_${j}_1_.csv $CurrDir/DDCASPT2_IVECW_${i}_${j}_1_.csv

      >>> COPY $WorkDir/DDCASPT2_IVECX_${i}_${j}_1_.csv $CurrDir/DDCASPT2_IVECX_${i}_${j}_1_.csv

      >>> COPY $WorkDir/DDCASPT2_IVECC2_${i}_${j}_1_.csv $CurrDir/DDCASPT2_IVECC2_${i}_${j}_1_.csv

      >>> COPY $WorkDir/DDCASPT2_e2_${i}_${j}_1_.csv $CurrDir/DDCASPT2_e2_${i}_${j}_1_.csv

    >>> END IF

  >>> END FOREACH

>>> END FOREACH

>>> FOREACH i IN (A,C,D)

  >>> IF (-FILE DDCASPT2_e2_${i}_1_.csv)

    >>> COPY $WorkDir/DDCASPT2_RHS_${i}_1_.csv $CurrDir/DDCASPT2_RHS_${i}_1_.csv

    >>> COPY $WorkDir/DDCASPT2_IVECW_${i}_1_.csv $CurrDir/DDCASPT2_IVECW_${i}_1_.csv

    >>> COPY $WorkDir/DDCASPT2_IVECX_${i}_1_.csv $CurrDir/DDCASPT2_IVECX_${i}_1_.csv

    >>> COPY $WorkDir/DDCASPT2_IVECC2_${i}_1_.csv $CurrDir/DDCASPT2_IVECC2_${i}_1_.csv

    >>> COPY $WorkDir/DDCASPT2_e2_${i}_1_.csv $CurrDir/DDCASPT2_e2_${i}_1_.csv

  >>> END IF

>>> END FOREACH

-- ----------------------------------

--- Start Module: gateway at Sun Oct 26 15:49:00 2025 ---
 
()()()()()()()()()()()()()()()()()()()()()()()()()()()()()()()()()()()()()()()()()()()()()()()()()()

                                              &GATEWAY

                                   only a single process is used
                       available to each process: 2.0 GB of memory, 1 thread?
()()()()()()()()()()()()()()()()()()()()()()()()()()()()()()()()()()()()()()()()()()()()()()()()()()
 
 
++    Symmetry information:
      ---------------------
 
                    Character Table for C1 
 
                             E  
                    a        1  x, y, xy, Rz, z, xz, Ry, yz, Rx, I
--
 
 
++    Basis set information:
      ----------------------
 
 
      Basis set label: H.ANO-RCC...2S1P.
 
      Electronic valence basis set:
      ------------------
      Associated Effective Charge   1.000000 au
      Associated Actual Charge      1.000000 au
      Nuclear Model: Point charge
 
      Shell  nPrim  nBasis  Cartesian Spherical Contaminant
         s       8       2        X                  
         p       4       1        X                  
--
 
 
++    Molecular structure info:
      -------------------------
 
                    ************************************************ 
                    **** Cartesian Coordinates / Bohr, Angstrom **** 
                    ************************************************ 
 
     Center  Label                x              y              z                     x              y              z
        1      H1               0.000000       0.000000       0.000000              0.000000       0.000000       0.000000
        2      H2               0.000000       0.000000       3.332789              0.000000       0.000000       1.763636
        3      H3               0.000000       0.000000       6.665580              0.000000       0.000000       3.527273
        4      H4               0.000000       0.000000       9.998369              0.000000       0.000000       5.290909
        5      H5               0.000000       0.000000      13.331158              0.000000       0.000000       7.054545
        6      H6               0.000000       0.000000      16.663949              0.000000       0.000000       8.818182
        7      H7               0.000000       0.000000      19.996738              0.000000       0.000000      10.581818
        8      H8               0.000000       0.000000      23.329529              0.000000       0.000000      12.345455
        9      H9               0.000000       0.000000      26.662318              0.000000       0.000000      14.109091
       10      H10              0.000000       0.000000      29.995107              0.000000       0.000000      15.872727
 
                    *************************************** 
                    *    InterNuclear Distances / Bohr    * 
                    *************************************** 
 
               1 H1            2 H2            3 H3            4 H4            5 H5            6 H6    
    1 H1       0.000000
    2 H2       3.332789        0.000000
    3 H3       6.665580        3.332791        0.000000
    4 H4       9.998369        6.665580        3.332789        0.000000
    5 H5      13.331158        9.998369        6.665578        3.332789        0.000000
    6 H6      16.663949       13.331160        9.998369        6.665580        3.332791        0.000000
    7 H7      19.996738       16.663949       13.331158        9.998369        6.665580        3.332789
    8 H8      23.329529       19.996740       16.663949       13.331160        9.998371        6.665580
    9 H9      26.662318       23.329529       19.996738       16.663949       13.331160        9.998369
   10 H10     29.995107       26.662318       23.329527       19.996738       16.663949       13.331158
 
               7 H7            8 H8            9 H9           10 H10   
    7 H7       0.000000
    8 H8       3.332791        0.000000
    9 H9       6.665580        3.332789        0.000000
   10 H10      9.998369        6.665578        3.332789        0.000000
 
                    ******************************************* 
                    *    InterNuclear Distances / Angstrom    * 
                    ******************************************* 
 
               1 H1            2 H2            3 H3            4 H4            5 H5            6 H6    
    1 H1       0.000000
    2 H2       1.763636        0.000000
    3 H3       3.527273        1.763637        0.000000
    4 H4       5.290909        3.527273        1.763636        0.000000
    5 H5       7.054545        5.290909        3.527272        1.763636        0.000000
    6 H6       8.818182        7.054546        5.290909        3.527273        1.763637        0.000000
    7 H7      10.581818        8.818182        7.054545        5.290909        3.527273        1.763636
    8 H8      12.345455       10.581819        8.818182        7.054546        5.290910        3.527273
    9 H9      14.109091       12.345455       10.581818        8.818182        7.054546        5.290909
   10 H10     15.872727       14.109091       12.345454       10.581818        8.818182        7.054545
 
               7 H7            8 H8            9 H9           10 H10   
    7 H7       0.000000
    8 H8       1.763637        0.000000
    9 H9       3.527273        1.763636        0.000000
   10 H10      5.290909        3.527272        1.763636        0.000000
--
 
 
            Nuclear Potential Energy              5.78784870 au
 
--- Stop Module: gateway at Sun Oct 26 15:49:00 2025 /rc=_RC_ALL_IS_WELL_ ---
*** files: xmldump
    saved to directory ${LOCALHOME}/DDCASPT2/hydrogen_comps/rerun/H10_chain/H10_1.76

--- Start Module: seward at Sun Oct 26 15:49:00 2025 ---
 
()()()()()()()()()()()()()()()()()()()()()()()()()()()()()()()()()()()()()()()()()()()()()()()()()()

                                              &SEWARD

                                   only a single process is used
                       available to each process: 2.0 GB of memory, 1 thread?
()()()()()()()()()()()()()()()()()()()()()()()()()()()()()()()()()()()()()()()()()()()()()()()()()()
 
               SEWARD will generate:
                  Multipole Moment integrals up to order  2
                  Kinetic Energy integrals
                  Nuclear Attraction integrals (point charge)
                  One-Electron Hamiltonian integrals
                  Velocity integrals
                  Relativistic Douglas-Kroll-Hess integrals:
                    - Parametrization         : EXP
                    - DKH order of Hamiltonian: 2
                    - DKH order of Properties : 0
                         - multipole moment operators
                         - electric potential operators
                         - contact operators
                  Atomic mean-field integrals
                  Two-Electron Repulsion integrals
 
                   Integrals are discarded if absolute value <: 0.10E-13
                   Integral cutoff threshold is set to       <: 0.10E-15
 
            Nuclear Potential Energy              5.78784870 au
 
 
      Basis set specifications :
      Symmetry species         a  
      Basis functions           50
 
 
  Input file to MOLDEN was generated!
 
forrtl: warning (525): IEEE_DIVIDE_BY_ZERO is signaling
forrtl: warning (526): IEEE_INVALID is signaling
forrtl: warning (528): IEEE_UNDERFLOW is signaling
--- Stop Module: seward at Sun Oct 26 15:49:01 2025 /rc=_RC_ALL_IS_WELL_ ---
*** files: H10_1.76.GssOrb H10_1.76.guessorb.h5 H10_1.76.guessorb.molden xmldump
    saved to directory ${LOCALHOME}/DDCASPT2/hydrogen_comps/rerun/H10_chain/H10_1.76

*** symbolic link created: INPORB -> H10_1.76.GssOrb
--- Start Module: scf at Sun Oct 26 15:49:01 2025 ---
 
()()()()()()()()()()()()()()()()()()()()()()()()()()()()()()()()()()()()()()()()()()()()()()()()()()

                                                &SCF

                                   only a single process is used
                       available to each process: 2.0 GB of memory, 1 thread?
()()()()()()()()()()()()()()()()()()()()()()()()()()()()()()()()()()()()()()()()()()()()()()()()()()
 
++    Input section:
      --------------
 
      Header of the integral files:
      
       Integrals generated by seward 4.2.0  , Sun Oct 26 15:49:00 2025
 
 
      Cartesian coordinates in Angstrom:
      -----------------------------------------------------
      No.  Label        X            Y            Z        
      -----------------------------------------------------
       1   H1         0.00000000   0.00000000   0.00000000
       2   H2         0.00000000   0.00000000   1.76363600
       3   H3         0.00000000   0.00000000   3.52727300
       4   H4         0.00000000   0.00000000   5.29090900
       5   H5         0.00000000   0.00000000   7.05454500
       6   H6         0.00000000   0.00000000   8.81818200
       7   H7         0.00000000   0.00000000  10.58181800
       8   H8         0.00000000   0.00000000  12.34545500
       9   H9         0.00000000   0.00000000  14.10909100
      10   H10        0.00000000   0.00000000  15.87272700
      -----------------------------------------------------
      Nuclear repulsion energy =    5.78784870
--
 
++    Orbital specifications:
      -----------------------
 
      Symmetry species               1
                                     a
      Frozen orbitals                0
      Occupied orbitals              5
      Secondary orbitals            45
      Deleted orbitals               0
      Total number of orbitals      50
      Number of basis functions     50
--
 
      Molecular charge                           0.000
 
++    Optimization specifications:
      ----------------------------
 
      SCF Algorithm: Conventional
      Minimized density differences are used
      Number of density matrices in core                5
      Maximum number of NDDO SCF iterations           400
      Maximum number of HF SCF iterations             400
      Threshold for SCF energy change            0.10E-08
      Threshold for density matrix               0.10E-03
      Threshold for Fock matrix                  0.15E-03
      Threshold for linear dependence            0.10E-08
      Threshold at which DIIS is turned on       0.15E+00
      Threshold at which QNR/C2DIIS is turned on 0.75E-01
      Threshold for Norm(delta) (QNR/C2DIIS)     0.20E-04
      DIIS extrapolation of the SCF procedure
      All orbitals punched on: SCFORB
--
 
      Input vectors read from INPORB
      Orbital file label: *Guess orbitals
 
 
++ Convergence information
                                   SCF        iterations: Energy and convergence statistics
 
Iter     Tot. SCF        One-elec.       Two-elec.     Energy      Max Dij or  Max Fij      DNorm      TNorm      AccCon     Time
         Energy          Energy          Energy        Change      Delta Norm                                                in Sec.
   1    -4.621284144   -16.992580574     6.583447729   0.00E+00    0.28E+00*   0.88E-01*    0.44E+01   0.12E+02   None         0.
   2    -4.782902926   -16.961364607     6.390612981  -0.16E+00*   0.12E+00*   0.16E-01*    0.14E+01   0.12E+02   EDIIS        0.
   3    -4.791851042   -16.896681237     6.316981493  -0.89E-02*   0.58E-01*   0.82E-02*    0.30E+00   0.11E+02   EDIIS        0.
   4    -4.793724539   -16.894072287     6.312499047  -0.19E-02*   0.22E-01*   0.68E-02*    0.11E+00   0.11E+02   c2DIIS       0.
   5    -4.794585239   -16.887841564     6.305407623  -0.86E-03*   0.67E-02*   0.12E-02*    0.25E-01   0.11E+02   QNRc2DIIS    0.
   6    -4.794633482   -16.888831752     6.306349569  -0.48E-04*   0.89E-02*   0.61E-03*    0.40E-02   0.11E+02   QNRc2DIIS    0.
   7    -4.794656302   -16.888193362     6.305688358  -0.23E-04*   0.23E-03*   0.53E-04     0.16E-02   0.11E+02   QNRc2DIIS    0.
   8    -4.794656359   -16.888171670     6.305666610  -0.57E-07*   0.51E-04*   0.13E-04     0.36E-03   0.11E+02   QNRc2DIIS    0.
   9    -4.794656362   -16.888147122     6.305642059  -0.26E-08*   0.97E-05    0.25E-05     0.84E-04   0.11E+02   QNRc2DIIS    0.
  10    -4.794656362   -16.888142448     6.305637385  -0.95E-10    0.13E-05    0.25E-06     0.12E-04   0.11E+02   QNRc2DIIS    0.
 
       Convergence after 10 Macro Iterations
--
 
 *****************************************************************************************************************************
 *                                                                                                                           *
 *                                             SCF/KS-DFT Program, Final results                                             *
 *                                                                                                                           *
 *                                                                                                                           *
 *                                                                                                                           *
 *                                                       Final Results                                                       *
 *                                                                                                                           *
 *****************************************************************************************************************************
 
::    Total SCF energy                                 -4.7946563619
      One-electron energy                             -16.8881424483
      Two-electron energy                               6.3056373851
      Nuclear repulsion energy                          5.7878487013
      Kinetic energy (interpolated)                     3.5651263564
      Virial theorem                                    1.3448769784
      Total spin, S(S+1)                                0.0000000000
      Total spin, S                                     0.0000000000
      Max non-diagonal density matrix element           0.0000014808
      Max non-diagonal Fock matrix element              0.0000000372
 
 
      All orbitals with orbital energies smaller than  E(LUMO)+0.5 are printed
 
++    Molecular orbitals:
      -------------------
 
      Title: SCF orbitals

      Molecular orbitals for symmetry species 1: a  
 
          Orbital            1         2         3         4         5         6         7         8         9        10    
          Energy           -0.4892   -0.4696   -0.4378   -0.3948   -0.3471   -0.1242   -0.0609    0.0088    0.0778    0.1351
          Occ. No.          2.0000    2.0000    2.0000    2.0000    2.0000    0.0000    0.0000    0.0000    0.0000    0.0000
 
        1 H1     1s         0.1055   -0.2065    0.2926   -0.3415    0.2853   -0.3712    0.5222   -0.5249    0.4200   -0.2341
        2 H1     2s         0.0083   -0.0178    0.0306   -0.0467    0.0503   -0.1285    0.2121   -0.2483    0.2281   -0.1442
        3 H1     2px        0.0000   -0.0000    0.0000   -0.0000   -0.0000    0.0000   -0.0000    0.0000   -0.0000    0.0000
        4 H1     2py       -0.0000    0.0000    0.0000   -0.0000    0.0000    0.0000   -0.0000    0.0000   -0.0000    0.0000
        5 H1     2pz        0.0071   -0.0125    0.0147   -0.0133    0.0082    0.0015   -0.0097    0.0214   -0.0303    0.0257
        6 H2     1s         0.1634   -0.2950    0.3607   -0.3329    0.2018    0.1429   -0.4158    0.6537   -0.6899    0.4518
        7 H2     2s         0.0092   -0.0290    0.0598   -0.0850    0.0711    0.0413   -0.1646    0.2875   -0.3124    0.2006
        8 H2     2px       -0.0000    0.0000   -0.0000    0.0000   -0.0000   -0.0000    0.0000    0.0000   -0.0000   -0.0000
        9 H2     2py        0.0000   -0.0000    0.0000   -0.0000    0.0000    0.0000    0.0000    0.0000   -0.0000    0.0000
       10 H2     2pz        0.0016    0.0007   -0.0078    0.0160   -0.0166    0.0207   -0.0222    0.0081    0.0130   -0.0212
       11 H3     1s         0.2572   -0.3193    0.1179    0.2235   -0.3804    0.4532   -0.2578   -0.3071    0.7386   -0.6278
       12 H3     2s         0.0236   -0.0277   -0.0009    0.0614   -0.0990    0.1614   -0.0965   -0.1361    0.3294   -0.2807
       13 H3     2px        0.0000   -0.0000    0.0000    0.0000   -0.0000    0.0000   -0.0000    0.0000    0.0000   -0.0000
       14 H3     2py       -0.0000    0.0000   -0.0000   -0.0000    0.0000   -0.0000    0.0000    0.0000   -0.0000    0.0000
       15 H3     2pz        0.0064   -0.0025   -0.0092    0.0160   -0.0109   -0.0128    0.0262   -0.0240   -0.0002    0.0203
       16 H4     1s         0.2910   -0.2758   -0.0422    0.3428   -0.3105   -0.3101    0.5343   -0.1630   -0.5759    0.7573
       17 H4     2s         0.0201   -0.0363    0.0109    0.0627   -0.0902   -0.1044    0.2166   -0.0730   -0.2567    0.3332
       18 H4     2px       -0.0000   -0.0000    0.0000   -0.0000    0.0000   -0.0000    0.0000    0.0000    0.0000    0.0000
       19 H4     2py       -0.0000   -0.0000    0.0000    0.0000   -0.0000    0.0000   -0.0000    0.0000    0.0000   -0.0000
       20 H4     2pz       -0.0011    0.0091   -0.0116   -0.0030    0.0170   -0.0222    0.0032    0.0280   -0.0248   -0.0063
       21 H5     1s         0.3274   -0.0576   -0.3348    0.1013    0.3776   -0.4232   -0.2317    0.5970    0.1989   -0.8285
       22 H5     2s         0.0262    0.0067   -0.0524    0.0034    0.1029   -0.1477   -0.0994    0.2567    0.0874   -0.3661
       23 H5     2px       -0.0000   -0.0000   -0.0000   -0.0000    0.0000    0.0000    0.0000    0.0000    0.0000    0.0000
       24 H5     2py        0.0000   -0.0000   -0.0000   -0.0000   -0.0000    0.0000   -0.0000   -0.0000    0.0000    0.0000
       25 H5     2pz        0.0043    0.0084   -0.0088   -0.0108    0.0154    0.0193   -0.0193   -0.0167    0.0306    0.0083
       26 H6     1s         0.3274    0.0576   -0.3348   -0.1013    0.3776    0.4232   -0.2317   -0.5970    0.1989    0.8285
       27 H6     2s         0.0262   -0.0067   -0.0524   -0.0034    0.1029    0.1477   -0.0994   -0.2567    0.0874    0.3661
       28 H6     2px        0.0000   -0.0000   -0.0000   -0.0000   -0.0000   -0.0000   -0.0000    0.0000    0.0000    0.0000
       29 H6     2py        0.0000    0.0000   -0.0000    0.0000    0.0000   -0.0000    0.0000   -0.0000   -0.0000    0.0000
       30 H6     2pz       -0.0043    0.0084    0.0088   -0.0108   -0.0154    0.0193    0.0193   -0.0167   -0.0306    0.0083
       31 H7     1s         0.2910    0.2758   -0.0422   -0.3428   -0.3105    0.3101    0.5343    0.1630   -0.5759   -0.7573
       32 H7     2s         0.0201    0.0363    0.0109   -0.0627   -0.0902    0.1044    0.2166    0.0730   -0.2567   -0.3332
       33 H7     2px       -0.0000    0.0000    0.0000    0.0000    0.0000    0.0000    0.0000   -0.0000   -0.0000   -0.0000
       34 H7     2py       -0.0000   -0.0000    0.0000   -0.0000    0.0000   -0.0000   -0.0000    0.0000    0.0000    0.0000
       35 H7     2pz        0.0011    0.0091    0.0116   -0.0030   -0.0170   -0.0222   -0.0032    0.0280    0.0248   -0.0063
       36 H8     1s         0.2572    0.3193    0.1179   -0.2235   -0.3804   -0.4532   -0.2578    0.3071    0.7386    0.6278
       37 H8     2s         0.0236    0.0277   -0.0009   -0.0614   -0.0990   -0.1614   -0.0965    0.1361    0.3294    0.2807
       38 H8     2px        0.0000    0.0000    0.0000    0.0000   -0.0000   -0.0000    0.0000    0.0000    0.0000    0.0000
       39 H8     2py       -0.0000   -0.0000   -0.0000   -0.0000    0.0000   -0.0000   -0.0000    0.0000    0.0000    0.0000
       40 H8     2pz       -0.0064   -0.0025    0.0092    0.0160    0.0109   -0.0128   -0.0262   -0.0240    0.0002    0.0203
       41 H9     1s         0.1634    0.2950    0.3607    0.3329    0.2018   -0.1429   -0.4158   -0.6537   -0.6899   -0.4518
       42 H9     2s         0.0092    0.0290    0.0598    0.0850    0.0711   -0.0413   -0.1646   -0.2875   -0.3124   -0.2006
       43 H9     2px        0.0000   -0.0000    0.0000   -0.0000   -0.0000   -0.0000   -0.0000   -0.0000   -0.0000   -0.0000
       44 H9     2py       -0.0000   -0.0000   -0.0000    0.0000   -0.0000   -0.0000   -0.0000    0.0000    0.0000    0.0000
       45 H9     2pz       -0.0016    0.0007    0.0078    0.0160    0.0166    0.0207    0.0222    0.0081   -0.0130   -0.0212
       46 H10    1s         0.1055    0.2065    0.2926    0.3415    0.2853    0.3712    0.5222    0.5249    0.4200    0.2341
       47 H10    2s         0.0083    0.0178    0.0306    0.0467    0.0503    0.1285    0.2121    0.2483    0.2281    0.1442
       48 H10    2px       -0.0000   -0.0000   -0.0000   -0.0000   -0.0000    0.0000   -0.0000   -0.0000   -0.0000   -0.0000
       49 H10    2py        0.0000    0.0000    0.0000    0.0000    0.0000   -0.0000    0.0000   -0.0000    0.0000    0.0000
       50 H10    2pz       -0.0071   -0.0125   -0.0147   -0.0133   -0.0082    0.0015    0.0097    0.0214    0.0303    0.0257
 
          Orbital           11        12        13    
          Energy            0.2953    0.3160    0.3547
          Occ. No.          0.0000    0.0000    0.0000
 
        1 H1     1s        -0.1112    0.1681   -0.1345
        2 H1     2s         0.1885   -0.3475    0.4732
        3 H1     2px       -0.0000    0.0000   -0.0000
        4 H1     2py       -0.0000    0.0000   -0.0000
        5 H1     2pz       -0.0278    0.0427   -0.0434
        6 H2     1s        -0.1083    0.1255   -0.0617
        7 H2     2s         0.1659   -0.2486    0.1874
        8 H2     2px       -0.0000    0.0000   -0.0000
        9 H2     2py       -0.0000    0.0000   -0.0000
       10 H2     2pz        0.0032   -0.0200    0.0533
       11 H3     1s        -0.1686    0.1928   -0.0603
       12 H3     2s         0.2001   -0.2235    0.0244
       13 H3     2px       -0.0000   -0.0000   -0.0000
       14 H3     2py       -0.0000    0.0000    0.0000
       15 H3     2pz       -0.0120   -0.0031    0.0265
       16 H4     1s        -0.1583    0.0656    0.1085
       17 H4     2s         0.2279   -0.1721   -0.1599
       18 H4     2px       -0.0000    0.0000   -0.0000
       19 H4     2py       -0.0000   -0.0000    0.0000
       20 H4     2pz        0.0004   -0.0233    0.0385
       21 H5     1s        -0.1780    0.0680    0.1292
       22 H5     2s         0.2355   -0.0477   -0.2982
       23 H5     2px        0.0000   -0.0000   -0.0000
       24 H5     2py       -0.0000    0.0000    0.0000
       25 H5     2pz       -0.0047   -0.0230    0.0082
       26 H6     1s        -0.1780   -0.0680    0.1292
       27 H6     2s         0.2355    0.0477   -0.2982
       28 H6     2px       -0.0000   -0.0000   -0.0000
       29 H6     2py       -0.0000   -0.0000   -0.0000
       30 H6     2pz        0.0047   -0.0230   -0.0082
       31 H7     1s        -0.1583   -0.0656    0.1085
       32 H7     2s         0.2279    0.1721   -0.1599
       33 H7     2px        0.0000    0.0000    0.0000
       34 H7     2py        0.0000    0.0000    0.0000
       35 H7     2pz       -0.0004   -0.0233   -0.0385
       36 H8     1s        -0.1686   -0.1928   -0.0603
       37 H8     2s         0.2001    0.2235    0.0244
       38 H8     2px       -0.0000    0.0000    0.0000
       39 H8     2py       -0.0000    0.0000   -0.0000
       40 H8     2pz        0.0120   -0.0031   -0.0265
       41 H9     1s        -0.1083   -0.1255   -0.0617
       42 H9     2s         0.1659    0.2486    0.1874
       43 H9     2px       -0.0000   -0.0000   -0.0000
       44 H9     2py        0.0000   -0.0000   -0.0000
       45 H9     2pz       -0.0032   -0.0200   -0.0533
       46 H10    1s        -0.1112   -0.1681   -0.1345
       47 H10    2s         0.1885    0.3475    0.4732
       48 H10    2px        0.0000   -0.0000   -0.0000
       49 H10    2py       -0.0000    0.0000    0.0000
       50 H10    2pz        0.0278    0.0427    0.0434
--
 
 
++    Molecular charges:
      ------------------
 
      Mulliken charges per centre and basis function type
      ---------------------------------------------------
 
                H1      H2      H3      H4      H5      H6      H7      H8      H9      H10   
      1s       0.8897  0.9960  0.9546  0.9637  0.9590  0.9590  0.9637  0.9546  0.9960  0.8897
      2s       0.0385  0.0459  0.0237  0.0290  0.0278  0.0278  0.0290  0.0237  0.0459  0.0385
      2px      0.0000  0.0000  0.0000  0.0000  0.0000  0.0000  0.0000  0.0000  0.0000  0.0000
      2pz      0.0115  0.0157  0.0149  0.0149  0.0151  0.0151  0.0149  0.0149  0.0157  0.0115
      2py      0.0000  0.0000  0.0000  0.0000  0.0000  0.0000  0.0000  0.0000  0.0000  0.0000
      Total    0.9397  1.0576  0.9931  1.0077  1.0019  1.0019  1.0077  0.9931  1.0576  0.9397
 
      N-E      0.0603 -0.0576  0.0069 -0.0077 -0.0019 -0.0019 -0.0077  0.0069 -0.0576  0.0603
 
      Total electronic charge=   10.000000
 
      Total            charge=   -0.000000
--
 
 
  Input file to MOLDEN was generated!
 
 
++    Static properties:
      ------------------
 
 
      LoProp Charges per center
 

                   H1       H2       H3       H4       H5       H6       H7       H8       H9       H10   
      Nuclear      1.0000   1.0000   1.0000   1.0000   1.0000   1.0000   1.0000   1.0000   1.0000   1.0000
      Electronic  -0.9729  -1.0212  -0.9964  -1.0075  -1.0020  -1.0020  -1.0075  -0.9964  -1.0212  -0.9729
 
      Total        0.0271  -0.0212   0.0036  -0.0075  -0.0020  -0.0020  -0.0075   0.0036  -0.0212   0.0271
--
 
 
++    Natural Bond Order analysis
      ---------------------------
      Based on LoProp computed density
      -------------------------------------------------------------------------------------
      Atom A       Atom B       Bond Order
      -------------------------------------------------------------------------------------
      NBO located      0.944 non-bonded electrons on atom H1        
      NBO located      1.009 non-bonded electrons on atom H3        
      NBO located      1.020 non-bonded electrons on atom H4        
      NBO located      1.015 non-bonded electrons on atom H5        
      NBO located      1.015 non-bonded electrons on atom H6        
      NBO located      1.020 non-bonded electrons on atom H7        
      NBO located      1.009 non-bonded electrons on atom H8        
      NBO located      0.944 non-bonded electrons on atom H10       
      The remaining    2.025 electrons are to be considered as diffuse
--
 
 
++    Molecular properties:
      ---------------------
 
      Charge (e):
                      =   -0.0000
      Dipole Moment (Debye):
      Origin of the operator (Ang)=    0.0000    0.0000    0.0000
                   X= -2.0933E-14               Y= -1.3390E-14               Z=  5.9747E-07           Total=  5.9747E-07
      Quadrupole Moment (Debye*Ang):
      Origin of the operator (Ang)=    0.0000    0.0000    7.9364
                  XX= -1.8738E+01              XY=  1.2635E-29              XZ=  2.3833E-13              YY= -1.8738E+01
                  YZ=  1.2830E-13              ZZ=  4.2282E-01
      In traceless form (Debye*Ang)
                  XX= -9.5806E+00              XY=  1.8952E-29              XZ=  3.5749E-13              YY= -9.5806E+00
                  YZ=  1.9245E-13              ZZ=  1.9161E+01
--
 
 
  Input file to MOLDEN was generated!
 
 ###############################################################################
 ###############################################################################
 ###                                                                         ###
 ###                                                                         ###
 ###    RunFile label nBas                                                   ###
 ###    was used       78 times                                              ###
 ###                                                                         ###
 ###                                                                         ###
 ###############################################################################
 ###############################################################################
forrtl: warning (528): IEEE_UNDERFLOW is signaling
--- Stop Module: scf at Sun Oct 26 15:49:01 2025 /rc=_RC_ALL_IS_WELL_ ---
*** files: H10_1.76.LprOrb H10_1.76.LoProp.molden H10_1.76.scf.molden H10_1.76.ScfOrb H10_1.76.scf.h5 xmldump
    saved to directory ${LOCALHOME}/DDCASPT2/hydrogen_comps/rerun/H10_chain/H10_1.76

>>> COPY /tmp/H10_1.76/H10_1.76.scf.h5 ${LOCALHOME}/DDCASPT2/hydrogen_comps/rerun/H10_chain/H10_1.76/

*** symbolic link created: INPORB -> H10_1.76.ScfOrb
--- Start Module: rasscf at Sun Oct 26 15:49:01 2025 ---
 
()()()()()()()()()()()()()()()()()()()()()()()()()()()()()()()()()()()()()()()()()()()()()()()()()()

                                              &RASSCF

                                   only a single process is used
                       available to each process: 2.0 GB of memory, 1 thread?
()()()()()()()()()()()()()()()()()()()()()()()()()()()()()()()()()()()()()()()()()()()()()()()()()()
 
 
      Header of the ONEINT file:
      --------------------------
      
      Integrals generated by seward 4.2.0  , Sun Oct 26 15:49:00 2025
 
 
      OrdInt status: non-squared
 
 
      Cartesian coordinates in Angstrom:
      -----------------------------------------------------
      No.  Label        X            Y            Z        
      -----------------------------------------------------
       1   H1         0.00000000   0.00000000   0.00000000
       2   H2         0.00000000   0.00000000   1.76363600
       3   H3         0.00000000   0.00000000   3.52727300
       4   H4         0.00000000   0.00000000   5.29090900
       5   H5         0.00000000   0.00000000   7.05454500
       6   H6         0.00000000   0.00000000   8.81818200
       7   H7         0.00000000   0.00000000  10.58181800
       8   H8         0.00000000   0.00000000  12.34545500
       9   H9         0.00000000   0.00000000  14.10909100
      10   H10        0.00000000   0.00000000  15.87272700
      -----------------------------------------------------
      Nuclear repulsion energy =    5.78784870
 
++    Wave function specifications:
      -----------------------------
 
      Number of closed shell electrons           0
      Number of electrons in active shells      10
      Max number of holes in RAS1 space          0
      Max nr of electrons in RAS3 space          0
      Number of inactive orbitals                0
      Number of active orbitals                 10
      Number of secondary orbitals              40
      Spin quantum number                      0.0
      State symmetry                             1
--
 
++    Orbital specifications:
      -----------------------
 
      Symmetry species                           1
                                                 a
      Frozen orbitals                            0
      Inactive orbitals                          0
      Active orbitals                           10
      RAS1 orbitals                              0
      RAS2 orbitals                             10
      RAS3 orbitals                              0
      Secondary orbitals                        40
      Deleted orbitals                           0
      Number of basis functions                 50
--
 
++    CI expansion specifications:
      ----------------------------
 
      Number of CSFs                         19404
      Number of determinants                 31878
      Number of root(s) required                 1
      Root chosen for geometry opt.              1
      CI root used                               1
         
      highest root included in the CI            1
      max. size of the explicit Hamiltonian    200
--
 
++    Optimization specifications:
      ----------------------------
 
      RASSCF algorithm: Conventional
      Maximum number of macro iterations       200
      Maximum number of SX iterations          100
      Threshold for RASSCF energy            0.100E-07
      Threshold for max MO rotation          0.100E+00
      Threshold for max BLB element          0.100E-03
      Level shift parameter                  0.500E+00
      Make Quasi-Newton update
--
 
      The MO-coefficients are taken from the file:
      ${LOCALHOME}/DDCASPT2/hydrogen_comps/rerun/H10_chain/H10_0.60/H10_0.60.RasOrb                                               
      Title: RASSCF average (pseudo-natural) orbitals                                      
 
      Total molecular charge    0.00
 
      ************************************************************************************************************************
      *                                                                                                                      *
      *                                            Wave function control section                                             *
      *                                                                                                                      *
      ************************************************************************************************************************
 
 
                                         RASSCF iterations: Energy and convergence statistics
                                         ----------------------------------------------------
 
      Iter CI   SX   CI       RASSCF       Energy    max ROT     max BLB   max BLB  Level Ln srch  Step   QN   Walltime
          iter iter root      energy       change     param      element    value   shift minimum  type update hh:mm:ss
        No convergence in the CI section: MAXJT will be increased to 
 24
 Nr of preliminary CI iterations:  12
        No convergence in the CI section: MAXJT will be increased to 
 24
        1  12  100    1    -3.64925935    0.00E+00  -0.25E+00*   3  16 1  0.30E+00*  0.19   0.00    SX    NO    0:00:01
        2  21  100    1    -4.59917407   -0.95E+00* -0.23E+00*   3  16 1  0.31E+00*  0.03   0.00    SX    NO    0:00:01
        3   5  100    1    -4.95625000   -0.36E+00*  0.40E+00*   3  16 1  0.11E+00*  0.00   0.00    SX    NO    0:00:00
        4   4  100    1    -5.01274821   -0.56E-01*  0.72E-01    3  26 1 -0.34E-01*  0.00   0.00    SX    NO    0:00:00
        5   6   26    1    -5.02007107   -0.73E-02*  0.12E+00*   3  41 1  0.76E-02*  0.00   1.26    QN   YES    0:00:00
        6   7  100    1    -5.02311328   -0.30E-02* -0.61E+00*   8  17 1 -0.67E-02*  0.00   1.26    QN   YES    0:00:00
        7   5  100    1    -5.02270568    0.41E-03* -0.61E+00*   8  17 1  0.52E-02*  0.00   1.26    QN   YES    0:00:00
        8   8  100    1    -5.02215381    0.55E-03* -0.59E+00*  10  17 1 -0.32E-02*  0.00   1.26    QN   YES    0:00:00
        9   7  100    1    -5.02544663   -0.33E-02* -0.60E+00*  10  17 1  0.81E-02*  0.00   1.26    QN   YES    0:00:00
       10   6   50    1    -5.02092746    0.45E-02*  0.16E+00*   9  17 1  0.27E-02*  0.00   0.00    SX    NO    0:00:00
       11   6  100    1    -5.02541975   -0.45E-02* -0.61E+00*   8  17 1 -0.74E-02*  0.00   0.00    SX    NO    0:00:00
       12   6   40    1    -5.02151679    0.39E-02* -0.10E+00*   8  17 1  0.58E-02*  0.00   0.00    SX    NO    0:00:00
       13   9  100    1    -5.03292370   -0.11E-01* -0.95E-01    8  12 1  0.23E-01*  0.00   2.50    LS   YES    0:00:00
       14   7  100    1    -5.05024966   -0.17E-01* -0.23E+00*   8  12 1  0.24E-01*  0.00   2.28    QN   YES    0:00:00
       15   6  100    1    -5.05711680   -0.69E-02* -0.11E+00*   3  12 1  0.21E-01*  0.00   0.62    QN   YES    0:00:00
       16   6  100    1    -5.06239539   -0.53E-02* -0.22E+00*   2  16 1  0.19E-01*  0.00   1.70    QN   YES    0:00:00
 ###############################################################################
 ###############################################################################
 ###                                                                         ###
 ###                                                                         ###
 ###    Large orbital rotation.                                              ###
 ###                                                                         ###
 ###                                                                         ###
 ###############################################################################
 ###############################################################################
      Molecular orbital  10 of symmetry 1 MO space 2  weight is    0.076741
       17   6  100    1    -5.06613684   -0.37E-02* -0.60E+00*   2  17 1  0.19E-01*  0.00   1.70    QN   YES    0:00:00
       18  10   50    1    -5.09380030   -0.28E-01*  0.34E+00*  10  17 1 -0.26E-01*  0.00   0.00    SX    NO    0:00:00
       19  10   45    1    -5.13997109   -0.46E-01*  0.19E-01   10  37 1  0.14E-01*  0.00   0.92    QN   YES    0:00:00
       20   4   30    1    -5.14313453   -0.32E-02* -0.26E-01   10  17 1  0.13E-01*  0.00   1.40    QN   YES    0:00:00
       21   9   17    1    -5.14540579   -0.23E-02* -0.10E-01   10  17 1  0.57E-02*  0.00   1.42    LS   YES    0:00:00
       22   4   16    1    -5.14569119   -0.29E-03* -0.57E-02   10  17 1  0.23E-02*  0.00   1.22    QN   YES    0:00:00
       23   8   14    1    -5.14574783   -0.57E-04*  0.57E-03    9  29 1  0.24E-03*  0.00   1.05    QN   YES    0:00:00
       24   8   12    1    -5.14574994   -0.21E-05* -0.18E-03    9  29 1  0.76E-04   0.00   1.06    QN   YES    0:00:00
       25   8   10    1    -5.14575015   -0.21E-06* -0.51E-04   10  22 1  0.17E-04   0.00   1.03    QN   YES    0:00:00
       26   2    8    1    -5.14575015   -0.88E-08   0.97E-05    5  26 1  0.51E-05   0.00   0.91    QN   YES    0:00:00
      Convergence after 26 iterations
 
  Dmat in MO in SXCTL bf call to SXHAM                                                                                    
  mat. size =    10x   10
 
        1.7034038182951379
        0.0033387489101573      1.7439753358092527
       -0.1060560500070781      0.0037582482146470      1.5761351618642032
       -0.0015348418022145      0.0405854681496959     -0.0017330048741600      1.5503065485400467
       -0.0563789257233953      0.0010329760418161     -0.0690284050277183     -0.0003468938068580      1.4685580712739621
       -0.1520705848536155      0.0064265612612233     -0.3034741716203036     -0.0031946621134218      0.0475876703536993
        0.3860018668911099
        0.0072848531819174     -0.0587611447395572      0.0081741249910644      0.2041595228608613      0.0010307729956046
        0.0160490618551020      0.2705654838256482
        0.2537030869069122     -0.0129634902741300      0.1892802253564719      0.0059068263664385      0.0548652353749362
       -0.0297386806218933     -0.0271916697690769      0.4272725128723784
        0.0137311270540218     -0.0595501759097156      0.0154768782905176      0.1490972356074780      0.0031262940655047
        0.0284405458453112      0.0093842469841495     -0.0521508213556194      0.5776091423383931
        0.0004129099609673     -0.0133496913316325      0.0025094693275242      0.0120174594074858      0.0395687117647057
       -0.0579966931093577     -0.0234591849159741     -0.0359239107097342     -0.0335633821756734      0.2961720582898962
       27   1    8    1    -5.14575015   -0.47E-09   0.97E-05    5  33 1  0.11E-05   0.00   0.91    QN   YES    0:00:00
 
      ************************************************************************************************************************
                                                      Wave function printout:
                       occupation of active orbitals, and spin coupling of open shells (u,d: Spin up or down)
      ************************************************************************************************************************
 
      Note: transformation to natural orbitals
      has been made, which may change the order of the CSFs.
 
      printout of CI-coefficients larger than  0.05 for root  1
      energy=      -5.145750
      conf/sym  1111111111     Coeff  Weight
             1  2222200000  -0.60394 0.36475
            32  2222000200   0.06030 0.00364
            36  2222000020   0.24223 0.05868
            50  222ud00ud0   0.22601 0.05108
            62  22u2d00200   0.06585 0.00434
            70  22u2d000ud  -0.16495 0.02721
            76  2u22d0ud00   0.05778 0.00334
            78  2u22du00d0   0.13877 0.01926
            84  2u22d00u0d   0.06768 0.00458
            90  u222du0d00  -0.06876 0.00473
            94  u222d0u0d0  -0.15063 0.02269
           107  2220200200   0.12332 0.01521
           111  2220200020   0.06652 0.00443
           115  22202000ud  -0.06491 0.00421
           123  22ud2u00d0  -0.06730 0.00453
           125  22ud200ud0   0.05529 0.00306
           129  22ud200u0d  -0.13843 0.01916
           135  2u2d2u0d00   0.12263 0.01504
           139  2u2d20u0d0   0.06991 0.00489
           145  2u2d2000ud   0.05132 0.00263
           146  2u2d200002  -0.05021 0.00252
           151  u22d20ud00  -0.09523 0.00907
           153  u22d2u00d0  -0.06323 0.00400
           165  22022u0d00  -0.05078 0.00258
           176  2202200002   0.08518 0.00725
           187  2ud22u000d  -0.09407 0.00885
           189  2ud2200u0d   0.05164 0.00267
           203  u2d220u00d   0.08294 0.00688
           207  2022220000   0.06204 0.00385
           223  ud222ud000  -0.07879 0.00621
           239  0222202000   0.05862 0.00344
           257  222uu00dd0   0.06930 0.00480
           271  22u2u000dd   0.06256 0.00391
           275  2u22ud00d0   0.05707 0.00326
           286  u222u0d0d0  -0.06244 0.00390
          1971  2220000220  -0.09013 0.00812
          2041  22ud000u2d  -0.08339 0.00695
          2069  2u2d0u0d20  -0.06951 0.00483
          2120  u22d00ud20   0.05799 0.00336
          2201  2202000022  -0.05268 0.00278
          2239  2ud20u002d  -0.05319 0.00283
          2485  22u0d002ud  -0.06283 0.00395
 
      Natural orbitals and occupation numbers for root  1
      sym 1:   1.783197   1.753476   1.697109   1.600399   1.446158   0.236846   0.203602   0.407504   0.571191   0.300518

 
      ************************************************************************************************************************
      *                                                                                                                      *
      *                                                    Final results                                                     *
      *                                                                                                                      *
      ************************************************************************************************************************
 
 
++    Wave function specifications:
      -----------------------------
 
      Number of closed shell electrons           0
      Number of electrons in active shells      10
      Max number of holes in RAS1 space          0
      Max nr of electrons in RAS3 space          0
      Number of inactive orbitals                0
      Number of active orbitals                 10
      Number of secondary orbitals              40
      Spin quantum number                      0.0
      State symmetry                             1
--
 
++    Orbital specifications:
      -----------------------
 
      Symmetry species                           1
                                                 a
      Frozen orbitals                            0
      Inactive orbitals                          0
      Active orbitals                           10
      RAS1 orbitals                              0
      RAS2 orbitals                             10
      RAS3 orbitals                              0
      Secondary orbitals                        40
      Deleted orbitals                           0
      Number of basis functions                 50
--
 
++    CI expansion specifications:
      ----------------------------
 
      Number of CSFs                         19404
      Number of determinants                 31878
      Number of root(s) required                 1
      CI root used                               1
      highest root included in the CI            1
      Root passed to geometry opt.               1
--
 
++    Final optimization conditions:
      ------------------------------
 
      Average CI energy                              -5.14575015
      RASSCF energy for state  1                     -5.14575015
      Super-CI energy                                -0.00000000
      RASSCF energy change                            0.00000000
      Max change in MO coefficients               0.214E-04
      Max non-diagonal density matrix element     0.970E-05
      Maximum BLB matrix element                  0.114E-05
      (orbital pair   5,  33 in symmetry   1)
      Norm of electronic gradient            0.462E-05
--
 
 
      Final state energy(ies):
      ------------------------
 
::    RASSCF root number  1 Total energy:     -5.14575015
 
++    Molecular orbitals:
      -------------------
 
      Pseudonatural active orbitals and approximate occupation numbers
 
 
 
 
      Molecular orbitals for symmetry species 1: a  
 
 
      Orbital                1         2         3         4         5         6         7         8         9        10
      Energy            0.0000    0.0000    0.0000    0.0000    0.0000    0.0000    0.0000    0.0000    0.0000    0.0000
      Occ. No.          1.7832    1.7535    1.6971    1.6004    1.4462    0.2368    0.2036    0.4075    0.5712    0.3005
 
    1 H1     1s         0.1175    0.2293    0.3186   -0.3536    0.2828    0.3761    0.2079   -0.4715   -0.3377    0.4735
    2 H1     2s         0.0047    0.0105    0.0181   -0.0260    0.0259    0.0424    0.0252   -0.0461   -0.0333    0.0489
    3 H1     2px       -0.0000    0.0000    0.0000   -0.0000   -0.0000   -0.0000   -0.0000    0.0000    0.0000    0.0000
    4 H1     2py       -0.0000    0.0000    0.0000   -0.0000   -0.0000   -0.0000   -0.0000    0.0000    0.0000    0.0000
    5 H1     2pz        0.0039    0.0066    0.0073   -0.0058    0.0032    0.0050    0.0032   -0.0038   -0.0022    0.0050
    6 H2     1s         0.1780    0.3137    0.3662   -0.3140    0.1761   -0.5728   -0.3643    0.3625    0.1255   -0.5573
    7 H2     2s         0.0048    0.0166    0.0360   -0.0521    0.0456   -0.1080   -0.0746    0.0390   -0.0044   -0.0893
    8 H2     2px        0.0000    0.0000    0.0000   -0.0000    0.0000   -0.0000   -0.0000    0.0000    0.0000   -0.0000
    9 H2     2py        0.0000    0.0000    0.0000   -0.0000    0.0000   -0.0000   -0.0000    0.0000    0.0000   -0.0000
   10 H2     2pz        0.0026    0.0018   -0.0034    0.0092   -0.0100    0.0017    0.0013    0.0049    0.0072   -0.0005
   11 H3     1s         0.2613    0.3201    0.1073    0.2350   -0.3910    0.6048    0.5134    0.2688    0.4462    0.2297
   12 H3     2s         0.0114    0.0130   -0.0045    0.0402   -0.0617    0.1199    0.1027    0.0306    0.0654    0.0535
   13 H3     2px        0.0000    0.0000    0.0000   -0.0000    0.0000   -0.0000   -0.0000   -0.0000    0.0000    0.0000
   14 H3     2py        0.0000    0.0000    0.0000   -0.0000    0.0000   -0.0000   -0.0000    0.0000    0.0000    0.0000
   15 H3     2pz        0.0022   -0.0011   -0.0075    0.0094   -0.0050    0.0040    0.0030   -0.0041   -0.0028    0.0041
   16 H4     1s         0.2993    0.2663   -0.0716    0.3565   -0.3027   -0.4696   -0.6034   -0.5065   -0.3027    0.1624
   17 H4     2s         0.0099    0.0187    0.0046    0.0372   -0.0567   -0.0861   -0.1248   -0.0875   -0.0323    0.0408
   18 H4     2px       -0.0000    0.0000    0.0000   -0.0000    0.0000    0.0000    0.0000    0.0000    0.0000   -0.0000
   19 H4     2py       -0.0000    0.0000    0.0000   -0.0000    0.0000    0.0000    0.0000    0.0000    0.0000   -0.0000
   20 H4     2pz        0.0014   -0.0043   -0.0079   -0.0006    0.0099    0.0012    0.0030    0.0012   -0.0060   -0.0033
   21 H5     1s         0.3305    0.0653   -0.3296    0.1120    0.3887    0.1533    0.6562    0.2113   -0.4231   -0.5301
   22 H5     2s         0.0127   -0.0037   -0.0279    0.0001    0.0651    0.0369    0.1341    0.0498   -0.0559   -0.0934
   23 H5     2px       -0.0000    0.0000    0.0000   -0.0000    0.0000   -0.0000   -0.0000    0.0000    0.0000   -0.0000
   24 H5     2py       -0.0000    0.0000    0.0000   -0.0000    0.0000   -0.0000   -0.0000    0.0000    0.0000   -0.0000
   25 H5     2pz        0.0004   -0.0061   -0.0036   -0.0078    0.0084    0.0019    0.0031    0.0043    0.0047   -0.0010
   26 H6     1s         0.3305   -0.0654   -0.3296   -0.1118    0.3888    0.1532   -0.6562    0.2112    0.4231    0.5301
   27 H6     2s         0.0127    0.0037   -0.0279   -0.0001    0.0651    0.0368   -0.1341    0.0498    0.0560    0.0934
   28 H6     2px        0.0000    0.0000    0.0000   -0.0000    0.0000   -0.0000   -0.0000    0.0000    0.0000   -0.0000
   29 H6     2py        0.0000    0.0000    0.0000   -0.0000    0.0000   -0.0000   -0.0000    0.0000    0.0000   -0.0000
   30 H6     2pz       -0.0004   -0.0061    0.0036   -0.0079   -0.0084   -0.0019    0.0031   -0.0043    0.0047   -0.0010
   31 H7     1s         0.2992   -0.2663   -0.0716   -0.3565   -0.3026   -0.4696    0.6034   -0.5066    0.3026   -0.1625
   32 H7     2s         0.0099   -0.0187    0.0046   -0.0372   -0.0567   -0.0861    0.1248   -0.0875    0.0323   -0.0409
   33 H7     2px        0.0000    0.0000    0.0000   -0.0000    0.0000   -0.0000   -0.0000   -0.0000   -0.0000   -0.0000
   34 H7     2py        0.0000    0.0000    0.0000   -0.0000    0.0000   -0.0000   -0.0000   -0.0000   -0.0000   -0.0000
   35 H7     2pz       -0.0014   -0.0043    0.0079   -0.0006   -0.0099   -0.0012    0.0030   -0.0012   -0.0060   -0.0033
   36 H8     1s         0.2613   -0.3201    0.1072   -0.2352   -0.3910    0.6048   -0.5134    0.2689   -0.4462   -0.2296
   37 H8     2s         0.0114   -0.0130   -0.0045   -0.0402   -0.0617    0.1199   -0.1027    0.0306   -0.0654   -0.0535
   38 H8     2px        0.0000    0.0000    0.0000   -0.0000    0.0000    0.0000   -0.0000    0.0000   -0.0000   -0.0000
   39 H8     2py        0.0000    0.0000    0.0000   -0.0000    0.0000    0.0000   -0.0000    0.0000   -0.0000   -0.0000
   40 H8     2pz       -0.0022   -0.0011    0.0075    0.0094    0.0050   -0.0040    0.0030    0.0041   -0.0028    0.0041
   41 H9     1s         0.1779   -0.3137    0.3662    0.3140    0.1761   -0.5729    0.3643    0.3624   -0.1255    0.5573
   42 H9     2s         0.0048   -0.0166    0.0360    0.0521    0.0456   -0.1080    0.0746    0.0389    0.0044    0.0893
   43 H9     2px       -0.0000    0.0000   -0.0000   -0.0000   -0.0000    0.0000   -0.0000   -0.0000    0.0000   -0.0000
   44 H9     2py       -0.0000    0.0000   -0.0000   -0.0000   -0.0000    0.0000   -0.0000   -0.0000    0.0000   -0.0000
   45 H9     2pz       -0.0026    0.0018    0.0034    0.0092    0.0100   -0.0017    0.0013   -0.0049    0.0072   -0.0005
   46 H10    1s         0.1175   -0.2294    0.3187    0.3536    0.2827    0.3762   -0.2079   -0.4715    0.3376   -0.4736
   47 H10    2s         0.0047   -0.0105    0.0181    0.0260    0.0259    0.0424   -0.0252   -0.0461    0.0333   -0.0489
   48 H10    2px        0.0000   -0.0000    0.0000    0.0000   -0.0000    0.0000    0.0000    0.0000   -0.0000    0.0000
   49 H10    2py        0.0000   -0.0000    0.0000    0.0000   -0.0000   -0.0000    0.0000    0.0000   -0.0000    0.0000
   50 H10    2pz       -0.0039    0.0066   -0.0073   -0.0058   -0.0032   -0.0050    0.0032    0.0038   -0.0022    0.0050
 
 
      Orbital               11        12        13        14        15        16        17        18        19        20
      Energy            0.3015    0.3214    0.3581    0.4191    0.5124    0.6386    0.6980    0.6980    0.7258    0.7258
      Occ. No.          0.0000    0.0000    0.0000    0.0000    0.0000    0.0000    0.0000    0.0000    0.0000    0.0000
 
    1 H1     1s        -0.0694    0.0838   -0.0208    0.1036    0.2501   -0.3643    0.0000   -0.0000   -0.0000    0.0000
    2 H1     2s         0.2093   -0.3930    0.5277    0.6100    0.6454   -0.6106   -0.0000    0.0000   -0.0000    0.0000
    3 H1     2px        0.0000   -0.0000    0.0000    0.0000    0.0000   -0.0000    0.1028   -0.0104   -0.2010    0.0332
    4 H1     2py        0.0000   -0.0000    0.0000    0.0000    0.0000   -0.0000    0.0104    0.1028   -0.0332   -0.2010
    5 H1     2pz       -0.0279    0.0448   -0.0464   -0.0385   -0.0362    0.0604   -0.0000    0.0000   -0.0000    0.0000
    6 H2     1s        -0.1360    0.1940   -0.1599   -0.1002   -0.1179    0.2580   -0.0000    0.0000    0.0000   -0.0000
    7 H2     2s         0.1474   -0.2045    0.1195   -0.1108   -0.4546    0.8207   -0.0000    0.0000    0.0000   -0.0000
    8 H2     2px        0.0000   -0.0000    0.0000    0.0000    0.0000   -0.0000    0.1955   -0.0198   -0.3343    0.0552
    9 H2     2py        0.0000   -0.0000    0.0000    0.0000    0.0000   -0.0000    0.0198    0.1955   -0.0552   -0.3343
   10 H2     2pz        0.0020   -0.0202    0.0525    0.0804    0.0845   -0.0642   -0.0000    0.0000    0.0000   -0.0000
   11 H3     1s        -0.1362    0.1167    0.0209    0.0975    0.0216    0.0465    0.0000   -0.0000   -0.0000    0.0000
   12 H3     2s         0.2096   -0.2462    0.0516   -0.2706   -0.4774    0.2855    0.0000   -0.0000   -0.0000    0.0000
   13 H3     2px        0.0000   -0.0000    0.0000    0.0000    0.0000   -0.0000    0.2758   -0.0279   -0.3658    0.0604
   14 H3     2py        0.0000   -0.0000    0.0000    0.0000    0.0000   -0.0000    0.0279    0.2758   -0.0604   -0.3658
   15 H3     2pz       -0.0095   -0.0047    0.0286    0.0229   -0.0259    0.0671    0.0000   -0.0000   -0.0000    0.0000
   16 H4     1s        -0.1542    0.1025    0.0572    0.0856    0.0168   -0.1164   -0.0000    0.0000   -0.0000    0.0000
   17 H4     2s         0.2238   -0.1475   -0.1812   -0.3830   -0.0786   -0.5811   -0.0000    0.0000   -0.0000    0.0000
   18 H4     2px        0.0000   -0.0000    0.0000    0.0000    0.0000   -0.0000    0.3330   -0.0337   -0.2802    0.0463
   19 H4     2py        0.0000   -0.0000    0.0000    0.0000    0.0000   -0.0000    0.0337    0.3330   -0.0463   -0.2802
   20 H4     2pz       -0.0021   -0.0208    0.0318   -0.0097   -0.0547    0.0218   -0.0000    0.0000    0.0000   -0.0000
   21 H5     1s        -0.1622    0.0213    0.1276    0.0224   -0.0127   -0.1025   -0.0000    0.0000    0.0000   -0.0000
   22 H5     2s         0.2364   -0.0632   -0.2868   -0.1778    0.4255   -0.4824   -0.0000    0.0000    0.0000   -0.0000
   23 H5     2px        0.0000   -0.0000    0.0000    0.0000    0.0000   -0.0000    0.3635   -0.0368   -0.1042    0.0172
   24 H5     2py        0.0000   -0.0000    0.0000    0.0000    0.0000   -0.0000    0.0368    0.3635   -0.0172   -0.1042
   25 H5     2pz       -0.0024   -0.0224    0.0121   -0.0449   -0.0363   -0.0381    0.0000   -0.0000   -0.0000    0.0000
   26 H6     1s        -0.1622   -0.0213    0.1276   -0.0224   -0.0127    0.1025    0.0000   -0.0000    0.0000   -0.0000
   27 H6     2s         0.2364    0.0632   -0.2868    0.1778    0.4255    0.4824    0.0000   -0.0000    0.0000   -0.0000
   28 H6     2px        0.0000   -0.0000    0.0000    0.0000    0.0000   -0.0000    0.3635   -0.0368    0.1042   -0.0172
   29 H6     2py        0.0000   -0.0000    0.0000    0.0000    0.0000   -0.0000    0.0368    0.3635    0.0172    0.1042
   30 H6     2pz        0.0024   -0.0224   -0.0121   -0.0449    0.0363   -0.0381   -0.0000    0.0000    0.0000   -0.0000
   31 H7     1s        -0.1542   -0.1025    0.0572   -0.0856    0.0168    0.1164    0.0000   -0.0000   -0.0000    0.0000
   32 H7     2s         0.2238    0.1475   -0.1812    0.3830   -0.0785    0.5811    0.0000   -0.0000   -0.0000    0.0000
   33 H7     2px        0.0000   -0.0000    0.0000    0.0000    0.0000   -0.0000    0.3330   -0.0337    0.2802   -0.0463
   34 H7     2py        0.0000   -0.0000    0.0000    0.0000    0.0000   -0.0000    0.0337    0.3330    0.0463    0.2802
   35 H7     2pz        0.0021   -0.0208   -0.0318   -0.0097    0.0547    0.0218    0.0000   -0.0000   -0.0000    0.0000
   36 H8     1s        -0.1362   -0.1167    0.0209   -0.0975    0.0216   -0.0465   -0.0000    0.0000   -0.0000    0.0000
   37 H8     2s         0.2096    0.2462    0.0516    0.2706   -0.4774   -0.2855   -0.0000    0.0000   -0.0000    0.0000
   38 H8     2px       -0.0000   -0.0000    0.0000    0.0000    0.0000   -0.0000    0.2758   -0.0279    0.3658   -0.0604
   39 H8     2py       -0.0000   -0.0000    0.0000    0.0000    0.0000   -0.0000    0.0279    0.2758    0.0604    0.3658
   40 H8     2pz        0.0095   -0.0047   -0.0286    0.0229    0.0259    0.0671    0.0000   -0.0000    0.0000   -0.0000
   41 H9     1s        -0.1360   -0.1940   -0.1600    0.1002   -0.1179   -0.2580   -0.0000    0.0000    0.0000   -0.0000
   42 H9     2s         0.1474    0.2045    0.1195    0.1108   -0.4546   -0.8207   -0.0000    0.0000    0.0000   -0.0000
   43 H9     2px       -0.0000   -0.0000    0.0000    0.0000    0.0000   -0.0000    0.1955   -0.0198    0.3343   -0.0552
   44 H9     2py       -0.0000   -0.0000    0.0000    0.0000    0.0000   -0.0000    0.0198    0.1955    0.0552    0.3343
   45 H9     2pz       -0.0020   -0.0202   -0.0525    0.0804   -0.0845   -0.0642   -0.0000    0.0000    0.0000   -0.0000
   46 H10    1s        -0.0694   -0.0838   -0.0208   -0.1036    0.2501    0.3643    0.0000   -0.0000   -0.0000    0.0000
   47 H10    2s         0.2093    0.3930    0.5277   -0.6100    0.6454    0.6106    0.0000   -0.0000   -0.0000    0.0000
   48 H10    2px       -0.0000   -0.0000   -0.0000    0.0000    0.0000   -0.0000    0.1028   -0.0104    0.2010   -0.0332
   49 H10    2py       -0.0000   -0.0000    0.0000    0.0000    0.0000   -0.0000    0.0104    0.1028    0.0332    0.2010
   50 H10    2pz        0.0279    0.0448    0.0464   -0.0385    0.0362    0.0604    0.0000   -0.0000   -0.0000    0.0000
 
 
      Orbital               21        22        23        24        25        26        27        28        29        30
      Energy            0.7558    0.7712    0.7712    0.7872    0.8056    0.8337    0.8337    0.8641    0.8765    0.9113
      Occ. No.          0.0000    0.0000    0.0000    0.0000    0.0000    0.0000    0.0000    0.0000    0.0000    0.0000
 
    1 H1     1s        -0.0873    0.0000   -0.0000   -0.3910    0.0743    0.0000    0.0000   -0.1089   -0.2811   -0.0000
    2 H1     2s         0.0281    0.0000   -0.0000   -0.4889   -0.1351   -0.0000   -0.0000    0.0820   -0.2249   -0.0000
    3 H1     2px       -0.0000   -0.2935   -0.0296   -0.0000   -0.0000   -0.3679    0.0266   -0.0000   -0.0000    0.4133
    4 H1     2py       -0.0000   -0.0296    0.2935   -0.0000   -0.0000   -0.0266   -0.3679   -0.0000   -0.0000    0.0420
    5 H1     2pz        0.1606   -0.0000    0.0000    0.1197   -0.2651    0.0000    0.0000    0.2928    0.2277    0.0000
    6 H2     1s         0.0496   -0.0000    0.0000    0.4427   -0.0242    0.0000    0.0000    0.0973    0.3812   -0.0000
    7 H2     2s         0.0440   -0.0000    0.0000    1.0767    0.0396    0.0000    0.0000    0.1719    0.8260    0.0000
    8 H2     2px       -0.0000   -0.3788   -0.0382   -0.0000   -0.0000   -0.2999    0.0217   -0.0000   -0.0000    0.1133
    9 H2     2py       -0.0000   -0.0382    0.3788   -0.0000   -0.0000   -0.0217   -0.2999   -0.0000   -0.0000    0.0115
   10 H2     2pz       -0.2086    0.0000   -0.0000   -0.0236    0.3174   -0.0000   -0.0000   -0.2713   -0.0992   -0.0000
   11 H3     1s        -0.0058    0.0000   -0.0000   -0.1486    0.0697    0.0000    0.0000   -0.2115   -0.3568    0.0000
   12 H3     2s         0.0189    0.0000   -0.0000   -0.4248    0.1792   -0.0000   -0.0000   -0.5672   -0.8908   -0.0000
   13 H3     2px       -0.0000   -0.2072   -0.0209   -0.0000   -0.0000    0.1153   -0.0083    0.0000    0.0000   -0.3808
   14 H3     2py       -0.0000   -0.0209    0.2072   -0.0000   -0.0000    0.0083    0.1153    0.0000    0.0000   -0.0387
   15 H3     2pz        0.2670   -0.0000    0.0000   -0.0252   -0.3130   -0.0000   -0.0000    0.1272   -0.0703   -0.0000
   16 H4     1s        -0.0480    0.0000   -0.0000   -0.2406   -0.0903   -0.0000   -0.0000    0.2434    0.0350   -0.0000
   17 H4     2s        -0.1680    0.0000   -0.0000   -0.7258   -0.2928   -0.0000   -0.0000    0.6771    0.0680   -0.0000
   18 H4     2px       -0.0000    0.1061    0.0107    0.0000    0.0000    0.3940   -0.0285    0.0000    0.0000   -0.2247
   19 H4     2py       -0.0000    0.0107   -0.1061    0.0000    0.0000    0.0285    0.3940    0.0000    0.0000   -0.0229
   20 H4     2pz       -0.3073    0.0000   -0.0000    0.0541    0.2271    0.0000    0.0000    0.0934    0.1598    0.0000
   21 H5     1s         0.0319   -0.0000    0.0000    0.1869    0.0804   -0.0000   -0.0000   -0.1063    0.3195    0.0000
   22 H5     2s         0.1134   -0.0000    0.0000    0.5718    0.2807    0.0000    0.0000   -0.3068    0.8218    0.0000
   23 H5     2px        0.0000    0.3478    0.0351    0.0000    0.0000    0.2140   -0.0155   -0.0000   -0.0000    0.3162
   24 H5     2py        0.0000    0.0351   -0.3478    0.0000    0.0000    0.0155    0.2140   -0.0000   -0.0000    0.0322
   25 H5     2pz        0.3251    0.0000    0.0000   -0.0715   -0.0831   -0.0000   -0.0000   -0.2547   -0.0826   -0.0000
   26 H6     1s         0.0319   -0.0000    0.0000    0.1869   -0.0804    0.0000    0.0000   -0.1063   -0.3195   -0.0000
   27 H6     2s         0.1134   -0.0000    0.0000    0.5718   -0.2807    0.0000    0.0000   -0.3068   -0.8218   -0.0000
   28 H6     2px        0.0000    0.3478    0.0351    0.0000    0.0000   -0.2140    0.0155    0.0000   -0.0000    0.3162
   29 H6     2py        0.0000    0.0351   -0.3478    0.0000    0.0000   -0.0155   -0.2140    0.0000   -0.0000    0.0322
   30 H6     2pz       -0.3251    0.0000   -0.0000    0.0715   -0.0830    0.0000    0.0000    0.2547   -0.0826    0.0000
   31 H7     1s        -0.0480    0.0000   -0.0000   -0.2406    0.0903    0.0000    0.0000    0.2434   -0.0350    0.0000
   32 H7     2s        -0.1680    0.0000   -0.0000   -0.7258    0.2927   -0.0000   -0.0000    0.6771   -0.0680    0.0000
   33 H7     2px       -0.0000    0.1061    0.0107    0.0000    0.0000   -0.3940    0.0285    0.0000    0.0000   -0.2247
   34 H7     2py       -0.0000    0.0107   -0.1061    0.0000    0.0000   -0.0285   -0.3940    0.0000    0.0000   -0.0229
   35 H7     2pz        0.3073   -0.0000    0.0000   -0.0541    0.2271   -0.0000   -0.0000   -0.0934    0.1598    0.0000
   36 H8     1s        -0.0058    0.0000   -0.0000   -0.1486   -0.0697   -0.0000   -0.0000   -0.2115    0.3568    0.0000
   37 H8     2s         0.0189    0.0000   -0.0000   -0.4248   -0.1792   -0.0000   -0.0000   -0.5672    0.8908    0.0000
   38 H8     2px       -0.0000   -0.2072   -0.0209   -0.0000   -0.0000   -0.1153    0.0083    0.0000    0.0000   -0.3808
   39 H8     2py       -0.0000   -0.0209    0.2072   -0.0000   -0.0000   -0.0083   -0.1153    0.0000    0.0000   -0.0387
   40 H8     2pz       -0.2670    0.0000   -0.0000    0.0253   -0.3130   -0.0000   -0.0000   -0.1272   -0.0703   -0.0000
   41 H9     1s         0.0496   -0.0000    0.0000    0.4427    0.0242    0.0000    0.0000    0.0973   -0.3812   -0.0000
   42 H9     2s         0.0440   -0.0000    0.0000    1.0767   -0.0395    0.0000    0.0000    0.1719   -0.8260   -0.0000
   43 H9     2px       -0.0000   -0.3788   -0.0382   -0.0000   -0.0000    0.2999   -0.0217   -0.0000   -0.0000    0.1134
   44 H9     2py       -0.0000   -0.0382    0.3788   -0.0000   -0.0000    0.0217    0.2999   -0.0000   -0.0000    0.0115
   45 H9     2pz        0.2086   -0.0000    0.0000    0.0236    0.3174    0.0000    0.0000    0.2713   -0.0992   -0.0000
   46 H10    1s        -0.0873    0.0000   -0.0000   -0.3910   -0.0743   -0.0000   -0.0000   -0.1089    0.2811    0.0000
   47 H10    2s         0.0281    0.0000   -0.0000   -0.4889    0.1351   -0.0000   -0.0000    0.0820    0.2249    0.0000
   48 H10    2px       -0.0000   -0.2935   -0.0296   -0.0000   -0.0000    0.3679   -0.0266   -0.0000   -0.0000    0.4133
   49 H10    2py       -0.0000   -0.0296    0.2935   -0.0000   -0.0000    0.0266    0.3679   -0.0000   -0.0000    0.0420
   50 H10    2pz       -0.1606    0.0000   -0.0000   -0.1197   -0.2651   -0.0000   -0.0000   -0.2928    0.2277    0.0000
 
 
      Orbital               31        32        33        34        35        36        37        38        39        40
      Energy            0.9113    1.0031    1.0031    1.1005    1.1005    1.1960    1.1960    1.2779    1.2779    1.3335
      Occ. No.          0.0000    0.0000    0.0000    0.0000    0.0000    0.0000    0.0000    0.0000    0.0000    0.0000
 
    1 H1     1s         0.0000   -0.0000    0.0000   -0.0000    0.0000    0.0000   -0.0000    0.0000   -0.0000   -0.0000
    2 H1     2s         0.0000    0.0000   -0.0000    0.0000   -0.0000    0.0000   -0.0000    0.0000   -0.0000   -0.0000
    3 H1     2px       -0.0420   -0.4276    0.0669    0.4146   -0.0441   -0.3567    0.0539    0.2650   -0.0316   -0.1415
    4 H1     2py        0.4133   -0.0669   -0.4276    0.0441    0.4146   -0.0539   -0.3567    0.0316    0.2650   -0.0165
    5 H1     2pz       -0.0000   -0.0000    0.0000   -0.0000    0.0000    0.0000   -0.0000    0.0000   -0.0000   -0.0000
    6 H2     1s         0.0000    0.0000   -0.0000    0.0000   -0.0000   -0.0000    0.0000   -0.0000    0.0000    0.0000
    7 H2     2s        -0.0000   -0.0000    0.0000    0.0000   -0.0000   -0.0000    0.0000   -0.0000    0.0000    0.0000
    8 H2     2px       -0.0115    0.1293   -0.0202   -0.3527    0.0375    0.4758   -0.0719   -0.4535    0.0540    0.2758
    9 H2     2py        0.1133    0.0202    0.1293   -0.0375   -0.3527    0.0719    0.4758   -0.0540   -0.4535    0.0322
   10 H2     2pz        0.0000    0.0000   -0.0000    0.0000   -0.0000   -0.0000    0.0000   -0.0000    0.0000    0.0000
   11 H3     1s        -0.0000   -0.0000    0.0000   -0.0000    0.0000    0.0000   -0.0000    0.0000   -0.0000   -0.0000
   12 H3     2s         0.0000   -0.0000    0.0000   -0.0000    0.0000    0.0000   -0.0000    0.0000   -0.0000   -0.0000
   13 H3     2px        0.0387    0.3948   -0.0618   -0.1277    0.0136   -0.2608    0.0394    0.4944   -0.0589   -0.3860
   14 H3     2py       -0.3808    0.0618    0.3948   -0.0136   -0.1277   -0.0394   -0.2608    0.0589    0.4944   -0.0451
   15 H3     2pz        0.0000    0.0000   -0.0000    0.0000   -0.0000    0.0000   -0.0000    0.0000   -0.0000    0.0000
   16 H4     1s         0.0000    0.0000   -0.0000    0.0000   -0.0000   -0.0000    0.0000   -0.0000    0.0000    0.0000
   17 H4     2s         0.0000    0.0000   -0.0000    0.0000   -0.0000   -0.0000    0.0000   -0.0000    0.0000    0.0000
   18 H4     2px        0.0229   -0.2388    0.0373    0.4563   -0.0485   -0.1337    0.0202   -0.3782    0.0450    0.4647
   19 H4     2py       -0.2247   -0.0373   -0.2388    0.0485    0.4563   -0.0202   -0.1337   -0.0450   -0.3782    0.0543
   20 H4     2pz       -0.0000   -0.0000    0.0000   -0.0000    0.0000    0.0000   -0.0000    0.0000   -0.0000   -0.0000
   21 H5     1s        -0.0000   -0.0000    0.0000   -0.0000    0.0000    0.0000   -0.0000    0.0000   -0.0000    0.0000
   22 H5     2s        -0.0000   -0.0000    0.0000   -0.0000    0.0000    0.0000   -0.0000    0.0000   -0.0000    0.0000
   23 H5     2px       -0.0322   -0.3301    0.0516   -0.2489    0.0265    0.4367   -0.0660    0.1407   -0.0167   -0.5054
   24 H5     2py        0.3162   -0.0516   -0.3301   -0.0265   -0.2489    0.0660    0.4367    0.0167    0.1407   -0.0591
   25 H5     2pz        0.0000    0.0000   -0.0000    0.0000   -0.0000   -0.0000    0.0000   -0.0000    0.0000    0.0000
   26 H6     1s         0.0000    0.0000   -0.0000    0.0000   -0.0000   -0.0000    0.0000   -0.0000    0.0000   -0.0000
   27 H6     2s         0.0000    0.0000   -0.0000    0.0000   -0.0000   -0.0000    0.0000   -0.0000    0.0000   -0.0000
   28 H6     2px       -0.0322    0.3301   -0.0516   -0.2489    0.0265   -0.4367    0.0660    0.1407   -0.0167    0.5054
   29 H6     2py        0.3162    0.0516    0.3301   -0.0265   -0.2489   -0.0660   -0.4367    0.0167    0.1407    0.0591
   30 H6     2pz       -0.0000   -0.0000    0.0000   -0.0000    0.0000    0.0000   -0.0000    0.0000   -0.0000    0.0000
   31 H7     1s        -0.0000   -0.0000    0.0000   -0.0000    0.0000   -0.0000    0.0000    0.0000   -0.0000    0.0000
   32 H7     2s        -0.0000    0.0000   -0.0000   -0.0000    0.0000   -0.0000    0.0000   -0.0000    0.0000    0.0000
   33 H7     2px        0.0229    0.2388   -0.0373    0.4563   -0.0485    0.1337   -0.0202   -0.3782    0.0450   -0.4647
   34 H7     2py       -0.2247    0.0373    0.2388    0.0485    0.4563    0.0202    0.1337   -0.0450   -0.3782   -0.0543
   35 H7     2pz       -0.0000   -0.0000    0.0000   -0.0000    0.0000   -0.0000    0.0000    0.0000   -0.0000   -0.0000
   36 H8     1s        -0.0000   -0.0000    0.0000    0.0000   -0.0000    0.0000   -0.0000   -0.0000    0.0000    0.0000
   37 H8     2s        -0.0000   -0.0000    0.0000   -0.0000    0.0000    0.0000   -0.0000   -0.0000    0.0000    0.0000
   38 H8     2px        0.0387   -0.3948    0.0618   -0.1277    0.0136    0.2608   -0.0394    0.4944   -0.0589    0.3860
   39 H8     2py       -0.3808   -0.0618   -0.3948   -0.0136   -0.1277    0.0394    0.2608    0.0589    0.4944    0.0451
   40 H8     2pz        0.0000    0.0000   -0.0000    0.0000   -0.0000   -0.0000    0.0000   -0.0000    0.0000    0.0000
   41 H9     1s         0.0000    0.0000   -0.0000   -0.0000    0.0000   -0.0000    0.0000    0.0000   -0.0000   -0.0000
   42 H9     2s         0.0000   -0.0000    0.0000    0.0000   -0.0000   -0.0000    0.0000    0.0000   -0.0000   -0.0000
   43 H9     2px       -0.0115   -0.1293    0.0202   -0.3527    0.0375   -0.4758    0.0719   -0.4535    0.0540   -0.2758
   44 H9     2py        0.1134   -0.0202   -0.1293   -0.0375   -0.3527   -0.0719   -0.4758   -0.0540   -0.4535   -0.0322
   45 H9     2pz        0.0000    0.0000   -0.0000    0.0000   -0.0000    0.0000   -0.0000   -0.0000    0.0000    0.0000
   46 H10    1s        -0.0000   -0.0000    0.0000    0.0000   -0.0000    0.0000   -0.0000   -0.0000    0.0000    0.0000
   47 H10    2s        -0.0000    0.0000   -0.0000    0.0000   -0.0000    0.0000   -0.0000   -0.0000    0.0000    0.0000
   48 H10    2px       -0.0420    0.4276   -0.0669    0.4146   -0.0441    0.3567   -0.0539    0.2650   -0.0316    0.1415
   49 H10    2py        0.4133    0.0669    0.4276    0.0441    0.4146    0.0539    0.3567    0.0316    0.2650    0.0165
   50 H10    2pz       -0.0000   -0.0000    0.0000   -0.0000    0.0000   -0.0000    0.0000    0.0000   -0.0000   -0.0000
 
 
      Orbital               41        42        43        44        45        46        47        48        49        50
      Energy            1.3335    1.3343    1.3752    1.4041    1.4903    1.5160    1.6886    1.8839    2.0738    2.2176
      Occ. No.          0.0000    0.0000    0.0000    0.0000    0.0000    0.0000    0.0000    0.0000    0.0000    0.0000
 
    1 H1     1s         0.0000   -0.3759    0.1338    0.4754    0.1357   -0.3740    0.3061   -0.2735   -0.2137    0.1190
    2 H1     2s         0.0000   -0.5203    0.1877    0.6167    0.1759   -0.4193    0.2556   -0.1724   -0.1078    0.0524
    3 H1     2px        0.0165    0.0000    0.0000   -0.0000   -0.0000    0.0000    0.0000   -0.0000   -0.0000    0.0000
    4 H1     2py       -0.1415    0.0000    0.0000   -0.0000   -0.0000    0.0000    0.0000   -0.0000   -0.0000    0.0000
    5 H1     2pz        0.0000   -0.3601    0.3163    0.4245   -0.0120   -0.5319    0.4873   -0.4172   -0.3094    0.1661
    6 H2     1s        -0.0000    0.9317   -0.1506   -1.2277   -0.5431    0.6690   -0.2732    0.0682   -0.0537    0.0669
    7 H2     2s        -0.0000    1.1659   -0.0232   -1.5016   -0.7505    0.6291   -0.2041    0.0928    0.0430   -0.0180
    8 H2     2px       -0.0322   -0.0000   -0.0000    0.0000    0.0000   -0.0000   -0.0000   -0.0000   -0.0000    0.0000
    9 H2     2py        0.2758   -0.0000   -0.0000    0.0000    0.0000   -0.0000   -0.0000   -0.0000   -0.0000    0.0000
   10 H2     2pz       -0.0000    0.2175    0.1229   -0.2326   -0.2431   -0.2247    0.5346   -0.6700   -0.6212    0.3760
   11 H3     1s         0.0000   -0.8170   -0.5168    1.3711    1.2066   -0.1656   -0.2662    0.1717   -0.0061    0.0787
   12 H3     2s         0.0000   -0.9992   -0.7272    1.7569    1.5131   -0.3488   -0.0504    0.0024   -0.0269    0.0236
   13 H3     2px        0.0451    0.0000    0.0000   -0.0000   -0.0000    0.0000    0.0000   -0.0000   -0.0000    0.0000
   14 H3     2py       -0.3860    0.0000    0.0000   -0.0000   -0.0000    0.0000    0.0000   -0.0000   -0.0000    0.0000
   15 H3     2pz       -0.0000    0.2364   -0.5019   -0.1895    0.2507    0.4474   -0.1097   -0.4022   -0.7022    0.5440
   16 H4     1s        -0.0000   -0.0679    1.0624   -0.8734   -1.6046    0.1004   -0.1059    0.2813    0.1267    0.0419
   17 H4     2s        -0.0000   -0.1039    1.2378   -1.2297   -2.0237    0.3367   -0.0673    0.0900    0.0318    0.0004
   18 H4     2px       -0.0543   -0.0000   -0.0000    0.0000    0.0000   -0.0000   -0.0000    0.0000    0.0000   -0.0000
   19 H4     2py        0.4647   -0.0000   -0.0000    0.0000    0.0000   -0.0000   -0.0000    0.0000    0.0000   -0.0000
   20 H4     2pz        0.0000   -0.4999    0.1367    0.2736    0.0214    0.3364   -0.5895    0.1458   -0.5561    0.6723
   21 H5     1s        -0.0000    0.9421   -0.5667    0.2625    1.6340   -0.7049    0.2878    0.1008    0.1822    0.0145
   22 H5     2s        -0.0000    1.1738   -0.6332    0.4117    2.1687   -0.7338    0.1211    0.0147    0.0290    0.0046
   23 H5     2px        0.0591    0.0000    0.0000   -0.0000   -0.0000    0.0000    0.0000   -0.0000   -0.0000    0.0000
   24 H5     2py       -0.5054    0.0000    0.0000   -0.0000   -0.0000    0.0000    0.0000   -0.0000   -0.0000    0.0000
   25 H5     2pz       -0.0000    0.2560    0.5263   -0.0822   -0.0861   -0.4046   -0.3460    0.5957   -0.2077    0.7367
   26 H6     1s         0.0000   -0.9421   -0.5668    0.2625   -1.6340    0.7049    0.2878   -0.1008    0.1822   -0.0145
   27 H6     2s         0.0000   -1.1738   -0.6332    0.4117   -2.1687    0.7338    0.1211   -0.0147    0.0290   -0.0046
   28 H6     2px       -0.0591   -0.0000    0.0000   -0.0000   -0.0000    0.0000    0.0000   -0.0000   -0.0000    0.0000
   29 H6     2py        0.5054   -0.0000    0.0000   -0.0000   -0.0000    0.0000    0.0000   -0.0000   -0.0000    0.0000
   30 H6     2pz       -0.0000    0.2560   -0.5263    0.0822   -0.0861   -0.4046    0.3460    0.5957    0.2077    0.7367
   31 H7     1s        -0.0000    0.0679    1.0624   -0.8734    1.6046   -0.1004   -0.1059   -0.2813    0.1267   -0.0419
   32 H7     2s        -0.0000    0.1039    1.2378   -1.2297    2.0237   -0.3367   -0.0673   -0.0900    0.0318   -0.0004
   33 H7     2px        0.0543    0.0000    0.0000   -0.0000    0.0000   -0.0000   -0.0000    0.0000    0.0000   -0.0000
   34 H7     2py       -0.4647    0.0000    0.0000   -0.0000    0.0000   -0.0000   -0.0000    0.0000    0.0000   -0.0000
   35 H7     2pz        0.0000   -0.4999   -0.1367   -0.2736    0.0214    0.3364    0.5895    0.1458    0.5561    0.6723
   36 H8     1s        -0.0000    0.8170   -0.5168    1.3711   -1.2066    0.1656   -0.2662   -0.1717   -0.0061   -0.0787
   37 H8     2s        -0.0000    0.9992   -0.7272    1.7569   -1.5131    0.3488   -0.0504   -0.0024   -0.0269   -0.0236
   38 H8     2px       -0.0451   -0.0000   -0.0000    0.0000   -0.0000    0.0000    0.0000   -0.0000   -0.0000    0.0000
   39 H8     2py        0.3860   -0.0000   -0.0000    0.0000   -0.0000    0.0000    0.0000   -0.0000   -0.0000    0.0000
   40 H8     2pz       -0.0000    0.2364    0.5019    0.1895    0.2507    0.4474    0.1097   -0.4022    0.7022    0.5440
   41 H9     1s         0.0000   -0.9317   -0.1506   -1.2277    0.5431   -0.6691   -0.2732   -0.0682   -0.0537   -0.0669
   42 H9     2s         0.0000   -1.1659   -0.0232   -1.5016    0.7505   -0.6291   -0.2041   -0.0928    0.0430    0.0180
   43 H9     2px        0.0322    0.0000    0.0000   -0.0000    0.0000   -0.0000   -0.0000    0.0000    0.0000   -0.0000
   44 H9     2py       -0.2758    0.0000    0.0000   -0.0000    0.0000   -0.0000   -0.0000    0.0000    0.0000   -0.0000
   45 H9     2pz       -0.0000    0.2175   -0.1229    0.2326   -0.2431   -0.2247   -0.5346   -0.6700    0.6212    0.3760
   46 H10    1s        -0.0000    0.3759    0.1338    0.4754   -0.1357    0.3740    0.3061    0.2735   -0.2137   -0.1190
   47 H10    2s        -0.0000    0.5203    0.1877    0.6167   -0.1759    0.4193    0.2556    0.1724   -0.1078   -0.0524
   48 H10    2px       -0.0165   -0.0000   -0.0000    0.0000   -0.0000    0.0000    0.0000   -0.0000   -0.0000    0.0000
   49 H10    2py        0.1415   -0.0000   -0.0000    0.0000   -0.0000    0.0000    0.0000   -0.0000   -0.0000    0.0000
   50 H10    2pz        0.0000   -0.3601   -0.3164   -0.4245   -0.0120   -0.5319   -0.4873   -0.4172    0.3094    0.1661
--
 
      Von Neumann Entropy (Root  1) =  3.20549
 

      Mulliken population analysis for root number:  1
      -----------------------------------------------
 
 
++    Molecular charges:
      ------------------
 
      Mulliken charges per centre and basis function type
      ---------------------------------------------------
 
                H1      H2      H3      H4      H5      H6      H7      H8      H9      H10   
      1s       0.9720  1.0070  1.0015  0.9999  1.0003  1.0003  0.9999  1.0015  1.0070  0.9720
      2s       0.0074  0.0020 -0.0103 -0.0070 -0.0081 -0.0081 -0.0070 -0.0103  0.0020  0.0074
      2px      0.0000  0.0000  0.0000  0.0000  0.0000  0.0000  0.0000  0.0000  0.0000  0.0000
      2pz      0.0037  0.0085  0.0077  0.0077  0.0077  0.0077  0.0077  0.0077  0.0085  0.0037
      2py      0.0000  0.0000  0.0000  0.0000  0.0000  0.0000  0.0000  0.0000  0.0000  0.0000
      Total    0.9830  1.0175  0.9989  1.0006  1.0000  1.0000  1.0006  0.9989  1.0175  0.9830
 
      N-E      0.0170 -0.0175  0.0011 -0.0006 -0.0000 -0.0000 -0.0006  0.0011 -0.0175  0.0170
 
      Total electronic charge=   10.000000
 
      Total            charge=   -0.000000
--
 
 

      Expectation values of various properties for root number:  1
      -----------------------------------------------------------
 
 
++    Molecular properties:
      ---------------------
 
      Charge (e):
                      =   -0.0000
      Dipole Moment (Debye):
      Origin of the operator (Ang)=    0.0000    0.0000    0.0000
                   X= -7.4121E-08               Y= -7.8157E-09               Z= -3.5757E-05           Total=  3.5757E-05
      Quadrupole Moment (Debye*Ang):
      Origin of the operator (Ang)=    0.0000    0.0000    7.9364
                  XX= -1.5095E+01              XY= -9.3943E-13              XZ= -1.6427E-06              YY= -1.5095E+01
                  YZ= -1.6178E-07              ZZ= -9.7970E+00
      In traceless form (Debye*Ang)
                  XX= -2.6492E+00              XY= -1.4091E-12              XZ= -2.4640E-06              YY= -2.6492E+00
                  YZ= -2.4268E-07              ZZ=  5.2983E+00
--
 

      LoProp population analysis for root number:  1
      -----------------------------------------------
 
 
++    LoProp analysis:
      ----------------
 
 
 
  Input file to MOLDEN was generated!
 
 
++    Static properties:
      ------------------
 
 
      LoProp Charges per center
 

                   H1       H2       H3       H4       H5       H6       H7       H8       H9       H10   
      Nuclear      1.0000   1.0000   1.0000   1.0000   1.0000   1.0000   1.0000   1.0000   1.0000   1.0000
      Electronic  -0.9993  -1.0006  -0.9996  -1.0005  -1.0000  -1.0000  -1.0005  -0.9996  -1.0006  -0.9993
 
      Total        0.0007  -0.0006   0.0004  -0.0005  -0.0000  -0.0000  -0.0005   0.0004  -0.0006   0.0007
--
 
 
      Natural Bond Order analysis for root number:  1
 
++    Natural Bond Order analysis
      ---------------------------
      Based on LoProp computed density
      -------------------------------------------------------------------------------------
      Atom A       Atom B       Bond Order
      -------------------------------------------------------------------------------------
      NBO located      0.988 non-bonded electrons on atom H1        
      NBO located      1.018 non-bonded electrons on atom H3        
      NBO located      1.018 non-bonded electrons on atom H4        
      NBO located      1.018 non-bonded electrons on atom H5        
      NBO located      1.018 non-bonded electrons on atom H6        
      NBO located      1.018 non-bonded electrons on atom H7        
      NBO located      1.018 non-bonded electrons on atom H8        
      NBO located      0.988 non-bonded electrons on atom H10       
      The remaining    1.917 electrons are to be considered as diffuse
--
 
--
 
 
  Input file to MOLDEN was generated!
 
      Average orbitals are written to the RASORB file
      Natural orbitals for root   1 are written to the RASORB.1 file
      Spin density orbitals for root   1 are written to the SPDORB.1 file
 
forrtl: warning (525): IEEE_DIVIDE_BY_ZERO is signaling
forrtl: warning (526): IEEE_INVALID is signaling
forrtl: warning (528): IEEE_UNDERFLOW is signaling
--- Stop Module: rasscf at Sun Oct 26 15:49:21 2025 /rc=_RC_ALL_IS_WELL_ ---
*** files: H10_1.76.LprOrb H10_1.76.rasscf.molden H10_1.76.LoProp.molden H10_1.76.RasOrb.1 H10_1.76.RasOrb H10_1.76.rasscf.h5 H10_1.76.SpdOrb.1 xmldump
    saved to directory ${LOCALHOME}/DDCASPT2/hydrogen_comps/rerun/H10_chain/H10_1.76
--- Module rasscf spent 19 seconds ---

>>> COPY /tmp/H10_1.76/H10_1.76.rasscf.h5 ${LOCALHOME}/DDCASPT2/hydrogen_comps/rerun/H10_chain/H10_1.76/

>>> COPY /tmp/H10_1.76/DDCASPT2_Fock_MO.csv ${LOCALHOME}/DDCASPT2/hydrogen_comps/rerun/H10_chain/H10_1.76/H10_1.76.DDCASPT2_Fock_MO.csv

*** symbolic link created: INPORB -> H10_1.76.RasOrb
--- Start Module: motra at Sun Oct 26 15:49:21 2025 ---
 
()()()()()()()()()()()()()()()()()()()()()()()()()()()()()()()()()()()()()()()()()()()()()()()()()()

                                               &MOTRA

                                   only a single process is used
                       available to each process: 2.0 GB of memory, 1 thread?
()()()()()()()()()()()()()()()()()()()()()()()()()()()()()()()()()()()()()()()()()()()()()()()()()()
 
 
      *** WARNING: Default frozen orbitals is overwritten by user input.
      *** Default values:   0
 
      Header of the integral files:
      
       Integrals generated by seward 4.2.0  , Sun Oct 26 15:49:00 2025
 
 
      Header of MO coefficients source file:
      * RASSCF average (pseudo-natural) orbitals                                      
 
 
      Cartesian coordinates in Angstrom:
      -----------------------------------------------------
      No.  Label        X            Y            Z        
      -----------------------------------------------------
       1   H1         0.00000000   0.00000000   0.00000000
       2   H2         0.00000000   0.00000000   1.76363600
       3   H3         0.00000000   0.00000000   3.52727300
       4   H4         0.00000000   0.00000000   5.29090900
       5   H5         0.00000000   0.00000000   7.05454500
       6   H6         0.00000000   0.00000000   8.81818200
       7   H7         0.00000000   0.00000000  10.58181800
       8   H8         0.00000000   0.00000000  12.34545500
       9   H9         0.00000000   0.00000000  14.10909100
      10   H10        0.00000000   0.00000000  15.87272700
      -----------------------------------------------------
      Nuclear repulsion energy =    5.78784870
 
      Orbital specifications:
      -----------------------
 
      Symmetry species:              1
      Number of basis functions:    50
      Frozen orbitals:               0
      Deleted orbitals:              0
      Number of orbitals used:      50

       SYMMETRY  BASIS FUNCTIONS       ORBITALS      INTEGRALS   CPU(SEC)  I/O(SEC)
        1 1 1 1   50  50  50  50    50  50  50  50      813450       0.00      0.00

       TOTAL CPU TIME(SEC)    0.41TOTAL I/O TIME(SEC)    1.17
 
--- Stop Module: motra at Sun Oct 26 15:49:22 2025 /rc=_RC_ALL_IS_WELL_ ---
*** files: xmldump
    saved to directory ${LOCALHOME}/DDCASPT2/hydrogen_comps/rerun/H10_chain/H10_1.76
--- Module motra spent 1 second ---

>>> COPY /tmp/H10_1.76/DDCASPT2_one_int_indx.csv ${LOCALHOME}/DDCASPT2/hydrogen_comps/rerun/H10_chain/H10_1.76/H10_1.76.DDCASPT2_one_int_indx.csv

>>> COPY /tmp/H10_1.76/DDCASPT2_one_int.csv ${LOCALHOME}/DDCASPT2/hydrogen_comps/rerun/H10_chain/H10_1.76/H10_1.76.DDCASPT2_one_int.csv

>>> COPY /tmp/H10_1.76/DDCASPT2_two_int_indx.csv ${LOCALHOME}/DDCASPT2/hydrogen_comps/rerun/H10_chain/H10_1.76/H10_1.76.DDCASPT2_two_int_indx.csv

>>> COPY /tmp/H10_1.76/DDCASPT2_two_int.csv ${LOCALHOME}/DDCASPT2/hydrogen_comps/rerun/H10_chain/H10_1.76/H10_1.76.DDCASPT2_two_int.csv

*** symbolic link created: INPORB -> H10_1.76.RasOrb
--- Start Module: caspt2 at Sun Oct 26 15:49:22 2025 ---
 
()()()()()()()()()()()()()()()()()()()()()()()()()()()()()()()()()()()()()()()()()()()()()()()()()()

                                              &CASPT2

                                   only a single process is used
                       available to each process: 2.0 GB of memory, 1 thread?
()()()()()()()()()()()()()()()()()()()()()()()()()()()()()()()()()()()()()()()()()()()()()()()()()()
 
 Cholesky algorithm in CASPT2 =    1
 
 ###############################################################################
 ###############################################################################
 ###                                                                         ###
 ###                                                                         ###
 ###    User changed nr of frozen orbitals.                                  ###
 ###                                                                         ###
 ###                                                                         ###
 ###############################################################################
 ###############################################################################
 
++    Wave function specifications:
      -----------------------------
 
      Number of closed shell electrons           0
      Number of electrons in active shells      10
      Max number of holes in RAS1 space          0
      Max number of electrons in RAS3 space      0
      Number of inactive orbitals                0
      Number of active orbitals                 10
      Number of secondary orbitals              40
      Spin quantum number                      0.0
      State symmetry                             1
      Number of CSFs                         19404
      Number of root(s) available                1
      Root passed to geometry opt.               1
      A file JOBMIX will be created.
      This is a CASSCF or RASSCF reference function
--
 
++    Orbital specifications:
      -----------------------
 
      Symmetry species                           1
                                                 a
      Frozen orbitals                            0
      Inactive orbitals                          0
      Active orbitals                           10
      Secondary orbitals                        40
      Deleted orbitals                           0
      Number of basis functions                 50
--
 
      Type of Fock operator: STANDARD
      Type of 0-order Hamiltonian: STANDARD WITH DEFAULT IPEA
        "IP-EA" denominator shift =      0.25
      The input orbitals and the CI vector will be transformed.
 
--------------------------------------------------------------------------------
 Estimated memory requirements:
  POLY3 :                  3551880
  RHS:                      835500
  SIGMA :                   430400
  PRPCTL:                        0
 Available workspace:    230354915
 
++ CASPT2 computation for group   1
 
********************************************************************************
 Multi-State initialization phase begins for group   1
--------------------------------------------------------------------------------
********************************************************************************
 Compute H0 matrices for state    1
--------------------------------------------------------------------------------
--------------------------------------------------------------------------------
 H0 matrices have been computed.
 
********************************************************************************
  CASPT2 EQUATION SOLUTION
--------------------------------------------------------------------------------
 
  Total nr of CASPT2 parameters:
   Before reduction:      120200
   After  reduction:      119800
 
 The contributions to the second order correlation energy in atomic units.
-----------------------------------------------------------------------------------------------------------------------------
  IT.      VJTU        VJTI        ATVX        AIVX        VJAI        BVAT        BJAT        BJAI        TOTAL       RNORM  
-----------------------------------------------------------------------------------------------------------------------------
   1     0.000000    0.000000   -0.009272    0.000000    0.000000   -0.019678    0.000000    0.000000   -0.028950    0.001654
   2     0.000000    0.000000   -0.009359    0.000000    0.000000   -0.019704    0.000000    0.000000   -0.029064    0.000174
   3     0.000000    0.000000   -0.009362    0.000000    0.000000   -0.019705    0.000000    0.000000   -0.029067    0.000036
   4     0.000000    0.000000   -0.009361    0.000000    0.000000   -0.019705    0.000000    0.000000   -0.029066    0.000004
-------------------------------------------------------------------------------------------------------------------
 
  FINAL CASPT2 RESULT:
 
  Correlation energy /Case, /Symm, and sums:
 VJTU      0.00000000  0.00000000
 VJTIP     0.00000000  0.00000000
 VJTIM     0.00000000  0.00000000
 ATVX     -0.00936064 -0.00936064
 AIVX      0.00000000  0.00000000
 VJAIP     0.00000000  0.00000000
 VJAIM     0.00000000  0.00000000
 BVATP    -0.01870965 -0.01870965
 BVATM    -0.00099545 -0.00099545
 BJATP     0.00000000  0.00000000
 BJATM     0.00000000  0.00000000
 BJAIP     0.00000000  0.00000000
 BJAIM     0.00000000  0.00000000
 Summed:  -0.02906574 -0.02906574
 
      Reference energy:          -5.1457501543
      E2 (Non-variational):      -0.0290657389
      E2 (Variational):          -0.0290657547
      Total energy:              -5.1748159090
      Residual norm:              0.0000006703
      Reference weight:           0.98380
 
      Contributions to the CASPT2 correlation energy
      Active & Virtual Only:         -0.0290657389
      One Inactive Excited:           0.0000000000
      Two Inactive Excited:           0.0000000000
 
 
++ Denominators, etc.
----------------------------------------------------------------------------------------------------
 Report on small energy denominators, large coefficients, and large energy contributions.
CASE  SYMM ACTIVE-MIX  NON-ACTIVE INDICES          DENOMINATOR     RHS VALUE       COEFFICIENT     CONTRIBUTION
ATVX     1  Mu1.0001  Se1.011                       0.18617201     -0.00006757      0.00017226     -0.00000001
ATVX     1  Mu1.0002  Se1.011                       0.25022031     -0.00000036      0.00000151     -0.00000000
ATVX     1  Mu1.0001  Se1.012                       0.20610231     -0.00000037      0.00000189     -0.00000000
ATVX     1  Mu1.0002  Se1.012                       0.27015061      0.00002633     -0.00080582     -0.00000002
ATVX     1  Mu1.0001  Se1.013                       0.24277471     -0.00029112      0.00058174     -0.00000017
--
 
   (Skipping property calculation,
    use PROP keyword to activate)
--
 
  Total CASPT2 energies:
::    CASPT2 Root  1     Total energy:     -5.17481591
 
  A NEW JOBIPH FILE NAMED 'JOBMIX' IS PREPARED.
********************************************************************************
forrtl: warning (528): IEEE_UNDERFLOW is signaling
--- Stop Module: caspt2 at Sun Oct 26 15:49:28 2025 /rc=_RC_ALL_IS_WELL_ ---
*** files: xmldump
    saved to directory ${LOCALHOME}/DDCASPT2/hydrogen_comps/rerun/H10_chain/H10_1.76
--- Module caspt2 spent 6 seconds ---

>>> EXPORT i = B

>>> EXPORT j = P

>>> IF (-FILE DDCASPT2_e2_${i}_${j}_1_.csv)
(Skipped)

>>> END FOREACH

>>> EXPORT j = M

>>> IF (-FILE DDCASPT2_e2_${i}_${j}_1_.csv)
(Skipped)

>>> END FOREACH

>>> END FOREACH

>>> EXPORT i = E

>>> EXPORT j = P

>>> IF (-FILE DDCASPT2_e2_${i}_${j}_1_.csv)
(Skipped)

>>> END FOREACH

>>> EXPORT j = M

>>> IF (-FILE DDCASPT2_e2_${i}_${j}_1_.csv)
(Skipped)

>>> END FOREACH

>>> END FOREACH

>>> EXPORT i = F

>>> EXPORT j = P

>>> IF (-FILE DDCASPT2_e2_${i}_${j}_1_.csv)

>>> COPY /tmp/H10_1.76/DDCASPT2_RHS_F_P_1_.csv ${LOCALHOME}/DDCASPT2/hydrogen_comps/rerun/H10_chain/H10_1.76/DDCASPT2_RHS_F_P_1_.csv

>>> COPY /tmp/H10_1.76/DDCASPT2_IVECW_F_P_1_.csv ${LOCALHOME}/DDCASPT2/hydrogen_comps/rerun/H10_chain/H10_1.76/DDCASPT2_IVECW_F_P_1_.csv

>>> COPY /tmp/H10_1.76/DDCASPT2_IVECX_F_P_1_.csv ${LOCALHOME}/DDCASPT2/hydrogen_comps/rerun/H10_chain/H10_1.76/DDCASPT2_IVECX_F_P_1_.csv

>>> COPY /tmp/H10_1.76/DDCASPT2_IVECC2_F_P_1_.csv ${LOCALHOME}/DDCASPT2/hydrogen_comps/rerun/H10_chain/H10_1.76/DDCASPT2_IVECC2_F_P_1_.csv

>>> COPY /tmp/H10_1.76/DDCASPT2_e2_F_P_1_.csv ${LOCALHOME}/DDCASPT2/hydrogen_comps/rerun/H10_chain/H10_1.76/DDCASPT2_e2_F_P_1_.csv

>>> END FOREACH

>>> EXPORT j = M

>>> IF (-FILE DDCASPT2_e2_${i}_${j}_1_.csv)

>>> COPY /tmp/H10_1.76/DDCASPT2_RHS_F_M_1_.csv ${LOCALHOME}/DDCASPT2/hydrogen_comps/rerun/H10_chain/H10_1.76/DDCASPT2_RHS_F_M_1_.csv

>>> COPY /tmp/H10_1.76/DDCASPT2_IVECW_F_M_1_.csv ${LOCALHOME}/DDCASPT2/hydrogen_comps/rerun/H10_chain/H10_1.76/DDCASPT2_IVECW_F_M_1_.csv

>>> COPY /tmp/H10_1.76/DDCASPT2_IVECX_F_M_1_.csv ${LOCALHOME}/DDCASPT2/hydrogen_comps/rerun/H10_chain/H10_1.76/DDCASPT2_IVECX_F_M_1_.csv

>>> COPY /tmp/H10_1.76/DDCASPT2_IVECC2_F_M_1_.csv ${LOCALHOME}/DDCASPT2/hydrogen_comps/rerun/H10_chain/H10_1.76/DDCASPT2_IVECC2_F_M_1_.csv

>>> COPY /tmp/H10_1.76/DDCASPT2_e2_F_M_1_.csv ${LOCALHOME}/DDCASPT2/hydrogen_comps/rerun/H10_chain/H10_1.76/DDCASPT2_e2_F_M_1_.csv

>>> END FOREACH

>>> END FOREACH

>>> EXPORT i = G

>>> EXPORT j = P

>>> IF (-FILE DDCASPT2_e2_${i}_${j}_1_.csv)
(Skipped)

>>> END FOREACH

>>> EXPORT j = M

>>> IF (-FILE DDCASPT2_e2_${i}_${j}_1_.csv)
(Skipped)

>>> END FOREACH

>>> END FOREACH

>>> EXPORT i = H

>>> EXPORT j = P

>>> IF (-FILE DDCASPT2_e2_${i}_${j}_1_.csv)
(Skipped)

>>> END FOREACH

>>> EXPORT j = M

>>> IF (-FILE DDCASPT2_e2_${i}_${j}_1_.csv)
(Skipped)

>>> END FOREACH

>>> END FOREACH

>>> EXPORT i = A

>>> IF (-FILE DDCASPT2_e2_${i}_1_.csv)
(Skipped)

>>> END FOREACH

>>> EXPORT i = C

>>> IF (-FILE DDCASPT2_e2_${i}_1_.csv)

>>> COPY /tmp/H10_1.76/DDCASPT2_RHS_C_1_.csv ${LOCALHOME}/DDCASPT2/hydrogen_comps/rerun/H10_chain/H10_1.76/DDCASPT2_RHS_C_1_.csv

>>> COPY /tmp/H10_1.76/DDCASPT2_IVECW_C_1_.csv ${LOCALHOME}/DDCASPT2/hydrogen_comps/rerun/H10_chain/H10_1.76/DDCASPT2_IVECW_C_1_.csv

>>> COPY /tmp/H10_1.76/DDCASPT2_IVECX_C_1_.csv ${LOCALHOME}/DDCASPT2/hydrogen_comps/rerun/H10_chain/H10_1.76/DDCASPT2_IVECX_C_1_.csv

>>> COPY /tmp/H10_1.76/DDCASPT2_IVECC2_C_1_.csv ${LOCALHOME}/DDCASPT2/hydrogen_comps/rerun/H10_chain/H10_1.76/DDCASPT2_IVECC2_C_1_.csv

>>> COPY /tmp/H10_1.76/DDCASPT2_e2_C_1_.csv ${LOCALHOME}/DDCASPT2/hydrogen_comps/rerun/H10_chain/H10_1.76/DDCASPT2_e2_C_1_.csv

>>> END FOREACH

>>> EXPORT i = D

>>> IF (-FILE DDCASPT2_e2_${i}_1_.csv)
(Skipped)

>>> END FOREACH

.########################.
.# Non-zero return code #.
.########################.

    Timing: Wall=28.44 User=26.74 System=1.66
****************************************
*** WorkDir at /tmp/H10_1.76 cleaned ***
****************************************
