   This run of MOLCAS is using the pymolcas driver

                             OPE
                             OPE          NMOL  CASOP  ENMOLC A   SO
                 OPE        NMOLC        AS  OP EN  MO LC     AS  OP
                OPENM       OL CA        SO  PE NM  OL CA     SOP EN
                OP EN      MO   LC       AS  OP ENMOL  CASO   PENMOL
                OP  EN     MO   LC       AS  OP EN     MO     LC ASO
               OP   E  NMOL  C  AS       OP  EN MO     LC     AS  OP
               OP  E   NMO   LC AS        OPEN  MO     LCASOP EN   M
               O  PEN   MO  LCA  SO
            OPE   NMO   L   CAS    OP
        OPENMOL  CASOP     ENMOL   CASOPE
     OPENMOLCA   SOPENMOLCASOPEN   MOLCASOPE
    OPENMOLCAS   OP           EN   MOL    CAS
    OPENMOLCAS       OP  ENM        O     LCA
    OPENMOLCAS    OPEN  MOLCASO     P  E  NMO
    OPENMOLCAS     OP               E  N  MOL
    OPENMOLCA   SO           PENM   O  L  CAS    OPEN    MO    LCAS
    OPENMOLCA   SOP           ENM   O  L  CAS   OP  EN  MOLC  AS   O
    OPENMOLCA   SOPE           NM      O  LCA   S      OP  EN MO
    OPENMOLC                AS         O  PEN   M      OL  CA  SOPE
    OPENMO        LCASOPE  NMOL        C  ASO   P      ENMOLC     AS
    OPE     NMO      LCA  SO     P     E   NM   OL  CA SO  PE N   MO
          OPENMOLCA            SOPE   NMO        LCAS  O    P  ENMO
     OPENMOLCASOPENMOLCASOPENMOLCASOPENMOLCA
        OPENMOLCASOPENMOLCASOPENMOLCASOPE
            OPENMOLCASOPENMOLCASOPENM
               OPENMOLCASOPENMOLCA        version: f37762c57
                   OPENMOLCASO
                       OPE                tag:

 OpenMolcas is free software; you can redistribute it and/or modify it
 under the terms of the GNU Lesser General Public License version 2.1.
 OpenMolcas is distributed in the hope that it will be useful, but it
 is provided "as is" and without any express or implied warranties.
 For more details see the full text of the license in the file
 LICENSE or in <http://www.gnu.org/licenses/>.

                 Copyright (C) The OpenMolcas Authors
           For the author list and the recommended citation,
                   consult the file CONTRIBUTORS.md

           *************************************************
           * pymolcas version py2.28                       *
           *   build c4a6d18ded8cb6cad61d2372a9abd97c      *
           *   (after the EMIL interpreter by V. Veryazov) *
           *************************************************

configuration info
------------------
C Compiler ID: Intel
C flags: -std=gnu99 -gcc-sys
Fortran Compiler ID: IntelLLVM
Fortran flags: -standard-semantics -fltconsistency -fpp -i8 -heap-arrays
Definitions: _MOLCAS_;_I8_;_LINUX_
Parallel: OFF (GA=OFF)


   ----------------------------------------------------------------------------------------
  |
  |              Project: H10_1.40
  |       Submitted from: ${LOCALHOME}/DDCASPT2/hydrogen_comps/rerun/H10_chain/H10_1.40
  |         Scratch area: /tmp/H10_1.40
  |      Save outputs to: ${LOCALHOME}/DDCASPT2/hydrogen_comps/rerun/H10_chain/H10_1.40
  |               Molcas: ${LOCALHOME}/Test/build
  |
  | Scratch area is empty
  |
  |       MOLCAS_DRIVER = /usr/local/pymolcas
  | MOLCAS_KEEP_WORKDIR = NO
  |  MOLCAS_NEW_WORKDIR = YES
  |       MOLCAS_NPROCS = 1
  |        MOLCAS_PRINT = NORMAL
  |       MOLCAS_SOURCE = ${LOCALHOME}/Test
  |    MOLCAS_STRUCTURE = 0
  |
   ----------------------------------------------------------------------------------------

++ ---------   Input file   ---------

&GATEWAY
coord=H10_1.40.xyz
Basis = ANO-RCC-VDZP
Group = nosymm
End of Input

&SEWARD
End of Input

&SCF

>>> COPY $WorkDir/H10_1.40.scf.h5 $CurrDir/

&RASSCF
Title= RASSCF
FileOrb
${LOCALHOME}/DDCASPT2/hydrogen_comps/rerun/H10_chain/H10_0.60/H10_0.60.RasOrb
NACTEL
10 0 0
Inactive
0
RAS2
10
Symmetry
1
Spin
1
orblisting
all

>>> COPY $WorkDir/H10_1.40.rasscf.h5 $CurrDir/

>>> COPY $WorkDir/DDCASPT2_Fock_MO.csv $CurrDir/H10_1.40.DDCASPT2_Fock_MO.csv

&MOTRA
Frozen=0
LUMORB

>>> COPY $WorkDir/DDCASPT2_one_int_indx.csv $CurrDir/H10_1.40.DDCASPT2_one_int_indx.csv

>>> COPY $WorkDir/DDCASPT2_one_int.csv $CurrDir/H10_1.40.DDCASPT2_one_int.csv

>>> COPY $WorkDir/DDCASPT2_two_int_indx.csv $CurrDir/H10_1.40.DDCASPT2_two_int_indx.csv

>>> COPY $WorkDir/DDCASPT2_two_int.csv $CurrDir/H10_1.40.DDCASPT2_two_int.csv

&CASPT2
Frozen
0

MAXITER
50

>>> FOREACH i IN (B,E,F,G,H)

  >>> FOREACH j IN (P,M)

    >>> IF (-FILE DDCASPT2_e2_${i}_${j}_1_.csv)

      >>> COPY $WorkDir/DDCASPT2_RHS_${i}_${j}_1_.csv $CurrDir/DDCASPT2_RHS_${i}_${j}_1_.csv

      >>> COPY $WorkDir/DDCASPT2_IVECW_${i}_${j}_1_.csv $CurrDir/DDCASPT2_IVECW_${i}_${j}_1_.csv

      >>> COPY $WorkDir/DDCASPT2_IVECX_${i}_${j}_1_.csv $CurrDir/DDCASPT2_IVECX_${i}_${j}_1_.csv

      >>> COPY $WorkDir/DDCASPT2_IVECC2_${i}_${j}_1_.csv $CurrDir/DDCASPT2_IVECC2_${i}_${j}_1_.csv

      >>> COPY $WorkDir/DDCASPT2_e2_${i}_${j}_1_.csv $CurrDir/DDCASPT2_e2_${i}_${j}_1_.csv

    >>> END IF

  >>> END FOREACH

>>> END FOREACH

>>> FOREACH i IN (A,C,D)

  >>> IF (-FILE DDCASPT2_e2_${i}_1_.csv)

    >>> COPY $WorkDir/DDCASPT2_RHS_${i}_1_.csv $CurrDir/DDCASPT2_RHS_${i}_1_.csv

    >>> COPY $WorkDir/DDCASPT2_IVECW_${i}_1_.csv $CurrDir/DDCASPT2_IVECW_${i}_1_.csv

    >>> COPY $WorkDir/DDCASPT2_IVECX_${i}_1_.csv $CurrDir/DDCASPT2_IVECX_${i}_1_.csv

    >>> COPY $WorkDir/DDCASPT2_IVECC2_${i}_1_.csv $CurrDir/DDCASPT2_IVECC2_${i}_1_.csv

    >>> COPY $WorkDir/DDCASPT2_e2_${i}_1_.csv $CurrDir/DDCASPT2_e2_${i}_1_.csv

  >>> END IF

>>> END FOREACH

-- ----------------------------------

--- Start Module: gateway at Sun Oct 26 14:58:26 2025 ---
 
()()()()()()()()()()()()()()()()()()()()()()()()()()()()()()()()()()()()()()()()()()()()()()()()()()

                                              &GATEWAY

                                   only a single process is used
                       available to each process: 2.0 GB of memory, 1 thread?
()()()()()()()()()()()()()()()()()()()()()()()()()()()()()()()()()()()()()()()()()()()()()()()()()()
 
 
++    Symmetry information:
      ---------------------
 
                    Character Table for C1 
 
                             E  
                    a        1  x, y, xy, Rz, z, xz, Ry, yz, Rx, I
--
 
 
++    Basis set information:
      ----------------------
 
 
      Basis set label: H.ANO-RCC...2S1P.
 
      Electronic valence basis set:
      ------------------
      Associated Effective Charge   1.000000 au
      Associated Actual Charge      1.000000 au
      Nuclear Model: Point charge
 
      Shell  nPrim  nBasis  Cartesian Spherical Contaminant
         s       8       2        X                  
         p       4       1        X                  
--
 
 
++    Molecular structure info:
      -------------------------
 
                    ************************************************ 
                    **** Cartesian Coordinates / Bohr, Angstrom **** 
                    ************************************************ 
 
     Center  Label                x              y              z                     x              y              z
        1      H1               0.000000       0.000000       0.000000              0.000000       0.000000       0.000000
        2      H2               0.000000       0.000000       2.645617              0.000000       0.000000       1.400000
        3      H3               0.000000       0.000000       5.291233              0.000000       0.000000       2.800000
        4      H4               0.000000       0.000000       7.936850              0.000000       0.000000       4.200000
        5      H5               0.000000       0.000000      10.582466              0.000000       0.000000       5.600000
        6      H6               0.000000       0.000000      13.228083              0.000000       0.000000       7.000000
        7      H7               0.000000       0.000000      15.873699              0.000000       0.000000       8.400000
        8      H8               0.000000       0.000000      18.519316              0.000000       0.000000       9.800000
        9      H9               0.000000       0.000000      21.164933              0.000000       0.000000      11.200000
       10      H10              0.000000       0.000000      23.810549              0.000000       0.000000      12.600000
 
                    *************************************** 
                    *    InterNuclear Distances / Bohr    * 
                    *************************************** 
 
               1 H1            2 H2            3 H3            4 H4            5 H5            6 H6    
    1 H1       0.000000
    2 H2       2.645617        0.000000
    3 H3       5.291233        2.645617        0.000000
    4 H4       7.936850        5.291233        2.645617        0.000000
    5 H5      10.582466        7.936850        5.291233        2.645617        0.000000
    6 H6      13.228083       10.582466        7.936850        5.291233        2.645617        0.000000
    7 H7      15.873699       13.228083       10.582466        7.936850        5.291233        2.645617
    8 H8      18.519316       15.873699       13.228083       10.582466        7.936850        5.291233
    9 H9      21.164933       18.519316       15.873699       13.228083       10.582466        7.936850
   10 H10     23.810549       21.164933       18.519316       15.873699       13.228083       10.582466
 
               7 H7            8 H8            9 H9           10 H10   
    7 H7       0.000000
    8 H8       2.645617        0.000000
    9 H9       5.291233        2.645617        0.000000
   10 H10      7.936850        5.291233        2.645617        0.000000
 
                    ******************************************* 
                    *    InterNuclear Distances / Angstrom    * 
                    ******************************************* 
 
               1 H1            2 H2            3 H3            4 H4            5 H5            6 H6    
    1 H1       0.000000
    2 H2       1.400000        0.000000
    3 H3       2.800000        1.400000        0.000000
    4 H4       4.200000        2.800000        1.400000        0.000000
    5 H5       5.600000        4.200000        2.800000        1.400000        0.000000
    6 H6       7.000000        5.600000        4.200000        2.800000        1.400000        0.000000
    7 H7       8.400000        7.000000        5.600000        4.200000        2.800000        1.400000
    8 H8       9.800000        8.400000        7.000000        5.600000        4.200000        2.800000
    9 H9      11.200000        9.800000        8.400000        7.000000        5.600000        4.200000
   10 H10     12.600000       11.200000        9.800000        8.400000        7.000000        5.600000
 
               7 H7            8 H8            9 H9           10 H10   
    7 H7       0.000000
    8 H8       1.400000        0.000000
    9 H9       2.800000        1.400000        0.000000
   10 H10      4.200000        2.800000        1.400000        0.000000
 
                    ************************************** 
                    *    Valence Bond Angles / Degree    * 
                    ************************************** 
                          Atom centers                 Phi
                      1 H1       2 H2       3 H3       180.00
                      2 H2       3 H3       4 H4       180.00
                      3 H3       4 H4       5 H5       180.00
                      4 H4       5 H5       6 H6       180.00
                      5 H5       6 H6       7 H7       180.00
                      6 H6       7 H7       8 H8       180.00
                      7 H7       8 H8       9 H9       180.00
                      8 H8       9 H9      10 H10      180.00
--
 
 
            Nuclear Potential Energy              7.29118600 au
 
--- Stop Module: gateway at Sun Oct 26 14:58:26 2025 /rc=_RC_ALL_IS_WELL_ ---
*** files: xmldump
    saved to directory ${LOCALHOME}/DDCASPT2/hydrogen_comps/rerun/H10_chain/H10_1.40

--- Start Module: seward at Sun Oct 26 14:58:26 2025 ---
 
()()()()()()()()()()()()()()()()()()()()()()()()()()()()()()()()()()()()()()()()()()()()()()()()()()

                                              &SEWARD

                                   only a single process is used
                       available to each process: 2.0 GB of memory, 1 thread?
()()()()()()()()()()()()()()()()()()()()()()()()()()()()()()()()()()()()()()()()()()()()()()()()()()
 
               SEWARD will generate:
                  Multipole Moment integrals up to order  2
                  Kinetic Energy integrals
                  Nuclear Attraction integrals (point charge)
                  One-Electron Hamiltonian integrals
                  Velocity integrals
                  Relativistic Douglas-Kroll-Hess integrals:
                    - Parametrization         : EXP
                    - DKH order of Hamiltonian: 2
                    - DKH order of Properties : 0
                         - multipole moment operators
                         - electric potential operators
                         - contact operators
                  Atomic mean-field integrals
                  Two-Electron Repulsion integrals
 
                   Integrals are discarded if absolute value <: 0.10E-13
                   Integral cutoff threshold is set to       <: 0.10E-15
 
            Nuclear Potential Energy              7.29118600 au
 
 
      Basis set specifications :
      Symmetry species         a  
      Basis functions           50
 
 
  Input file to MOLDEN was generated!
 
forrtl: warning (525): IEEE_DIVIDE_BY_ZERO is signaling
forrtl: warning (526): IEEE_INVALID is signaling
forrtl: warning (528): IEEE_UNDERFLOW is signaling
--- Stop Module: seward at Sun Oct 26 14:58:27 2025 /rc=_RC_ALL_IS_WELL_ ---
*** files: H10_1.40.GssOrb H10_1.40.guessorb.h5 H10_1.40.guessorb.molden xmldump
    saved to directory ${LOCALHOME}/DDCASPT2/hydrogen_comps/rerun/H10_chain/H10_1.40

*** symbolic link created: INPORB -> H10_1.40.GssOrb
--- Start Module: scf at Sun Oct 26 14:58:27 2025 ---
 
()()()()()()()()()()()()()()()()()()()()()()()()()()()()()()()()()()()()()()()()()()()()()()()()()()

                                                &SCF

                                   only a single process is used
                       available to each process: 2.0 GB of memory, 1 thread?
()()()()()()()()()()()()()()()()()()()()()()()()()()()()()()()()()()()()()()()()()()()()()()()()()()
 
++    Input section:
      --------------
 
      Header of the integral files:
      
       Integrals generated by seward 4.2.0  , Sun Oct 26 14:58:26 2025
 
 
      Cartesian coordinates in Angstrom:
      -----------------------------------------------------
      No.  Label        X            Y            Z        
      -----------------------------------------------------
       1   H1         0.00000000   0.00000000   0.00000000
       2   H2         0.00000000   0.00000000   1.40000000
       3   H3         0.00000000   0.00000000   2.80000000
       4   H4         0.00000000   0.00000000   4.20000000
       5   H5         0.00000000   0.00000000   5.60000000
       6   H6         0.00000000   0.00000000   7.00000000
       7   H7         0.00000000   0.00000000   8.40000000
       8   H8         0.00000000   0.00000000   9.80000000
       9   H9         0.00000000   0.00000000  11.20000000
      10   H10        0.00000000   0.00000000  12.60000000
      -----------------------------------------------------
      Nuclear repulsion energy =    7.29118600
--
 
++    Orbital specifications:
      -----------------------
 
      Symmetry species               1
                                     a
      Frozen orbitals                0
      Occupied orbitals              5
      Secondary orbitals            45
      Deleted orbitals               0
      Total number of orbitals      50
      Number of basis functions     50
--
 
      Molecular charge                           0.000
 
++    Optimization specifications:
      ----------------------------
 
      SCF Algorithm: Conventional
      Minimized density differences are used
      Number of density matrices in core                5
      Maximum number of NDDO SCF iterations           400
      Maximum number of HF SCF iterations             400
      Threshold for SCF energy change            0.10E-08
      Threshold for density matrix               0.10E-03
      Threshold for Fock matrix                  0.15E-03
      Threshold for linear dependence            0.10E-08
      Threshold at which DIIS is turned on       0.15E+00
      Threshold at which QNR/C2DIIS is turned on 0.75E-01
      Threshold for Norm(delta) (QNR/C2DIIS)     0.20E-04
      DIIS extrapolation of the SCF procedure
      All orbitals punched on: SCFORB
--
 
      Input vectors read from INPORB
      Orbital file label: *Guess orbitals
 
 
++ Convergence information
                                   SCF        iterations: Energy and convergence statistics
 
Iter     Tot. SCF        One-elec.       Two-elec.     Energy      Max Dij or  Max Fij      DNorm      TNorm      AccCon     Time
         Energy          Energy          Energy        Change      Delta Norm                                                in Sec.
   1    -4.993194567   -20.014665757     7.730285189   0.00E+00    0.23E+00*   0.12E+00*    0.41E+01   0.14E+02   None         0.
   2    -5.096196064   -20.066971550     7.679589485  -0.10E+00*   0.96E-01*   0.17E-01*    0.15E+01   0.14E+02   EDIIS        0.
   3    -5.101670886   -20.018073847     7.625216960  -0.55E-02*   0.42E-01*   0.75E-02*    0.30E+00   0.14E+02   EDIIS        0.
   4    -5.102788587   -20.018122474     7.624147886  -0.11E-02*   0.14E-01*   0.58E-02*    0.10E+00   0.14E+02   c2DIIS       0.
   5    -5.103222134   -20.014524448     7.620116313  -0.43E-03*   0.32E-02*   0.86E-03*    0.18E-01   0.14E+02   QNRc2DIIS    0.
   6    -5.103235946   -20.015064893     7.620642946  -0.14E-04*   0.36E-02*   0.37E-03*    0.55E-02   0.14E+02   QNRc2DIIS    0.
   7    -5.103241119   -20.014873982     7.620446862  -0.52E-05*   0.99E-04*   0.32E-04     0.12E-02   0.14E+02   QNRc2DIIS    0.
   8    -5.103241138   -20.014771744     7.620344605  -0.18E-07*   0.19E-04    0.61E-05     0.19E-03   0.14E+02   QNRc2DIIS    0.
   9    -5.103241139   -20.014763592     7.620336453  -0.60E-09    0.22E-05    0.57E-06     0.21E-04   0.14E+02   QNRc2DIIS    0.
 
       Convergence after  9 Macro Iterations
--
 
 *****************************************************************************************************************************
 *                                                                                                                           *
 *                                             SCF/KS-DFT Program, Final results                                             *
 *                                                                                                                           *
 *                                                                                                                           *
 *                                                                                                                           *
 *                                                       Final Results                                                       *
 *                                                                                                                           *
 *****************************************************************************************************************************
 
::    Total SCF energy                                 -5.1032411385
      One-electron energy                             -20.0147635922
      Two-electron energy                               7.6203364530
      Nuclear repulsion energy                          7.2911860008
      Kinetic energy (interpolated)                     4.0065578134
      Virial theorem                                    1.2737220767
      Total spin, S(S+1)                                0.0000000000
      Total spin, S                                     0.0000000000
      Max non-diagonal density matrix element           0.0000021776
      Max non-diagonal Fock matrix element              0.0000001131
 
 
      All orbitals with orbital energies smaller than  E(LUMO)+0.5 are printed
 
++    Molecular orbitals:
      -------------------
 
      Title: SCF orbitals

      Molecular orbitals for symmetry species 1: a  
 
          Orbital            1         2         3         4         5         6         7         8         9        10    
          Energy           -0.5706   -0.5415   -0.4940   -0.4287   -0.3522   -0.0841    0.0115    0.1144    0.2184    0.2574
          Occ. No.          2.0000    2.0000    2.0000    2.0000    2.0000    0.0000    0.0000    0.0000    0.0000    0.0000
 
        1 H1     1s         0.0968   -0.1895    0.2717   -0.3314    0.3078   -0.4438    0.6248   -0.6361    0.4362   -0.2773
        2 H1     2s         0.0028   -0.0053    0.0111   -0.0278    0.0469   -0.1723    0.3149   -0.4230    0.4722   -0.0411
        3 H1     2px       -0.0000    0.0000    0.0000   -0.0000   -0.0000    0.0000   -0.0000   -0.0000    0.0000   -0.0000
        4 H1     2py       -0.0000   -0.0000   -0.0000    0.0000    0.0000    0.0000   -0.0000    0.0000   -0.0000    0.0000
        5 H1     2pz        0.0082   -0.0142    0.0162   -0.0138    0.0082    0.0021   -0.0126    0.0284   -0.0465   -0.0077
        6 H2     1s         0.1528   -0.2799    0.3518   -0.3385    0.2129    0.1719   -0.5521    0.8953   -0.8988    0.2372
        7 H2     2s        -0.0048   -0.0058    0.0383   -0.0779    0.0770    0.0570   -0.2478    0.4440   -0.4100    0.3082
        8 H2     2px        0.0000   -0.0000    0.0000   -0.0000   -0.0000    0.0000   -0.0000    0.0000   -0.0000   -0.0000
        9 H2     2py       -0.0000    0.0000   -0.0000    0.0000    0.0000   -0.0000    0.0000    0.0000   -0.0000    0.0000
       10 H2     2pz        0.0036   -0.0017   -0.0076    0.0190   -0.0213    0.0222   -0.0175   -0.0067    0.0409   -0.0213
       11 H3     1s         0.2439   -0.3068    0.1236    0.2098   -0.4058    0.5041   -0.2329   -0.4802    0.9348   -0.4420
       12 H3     2s         0.0062   -0.0041   -0.0117    0.0565   -0.1044    0.1885   -0.0922   -0.2468    0.5549    0.0173
       13 H3     2px        0.0000   -0.0000    0.0000    0.0000   -0.0000    0.0000   -0.0000   -0.0000   -0.0000   -0.0000
       14 H3     2py        0.0000   -0.0000    0.0000    0.0000   -0.0000    0.0000    0.0000   -0.0000   -0.0000   -0.0000
       15 H3     2pz        0.0070   -0.0011   -0.0135    0.0200   -0.0118   -0.0140    0.0282   -0.0257   -0.0021   -0.0181
       16 H4     1s         0.2772   -0.2661   -0.0404    0.3433   -0.3151   -0.3351    0.6313   -0.1613   -0.8210    0.1038
       17 H4     2s        -0.0016   -0.0193    0.0182    0.0480   -0.0902   -0.1192    0.2785   -0.0795   -0.3785    0.3512
       18 H4     2px       -0.0000    0.0000   -0.0000   -0.0000    0.0000   -0.0000    0.0000   -0.0000    0.0000   -0.0000
       19 H4     2py       -0.0000    0.0000   -0.0000   -0.0000   -0.0000   -0.0000   -0.0000   -0.0000   -0.0000    0.0000
       20 H4     2pz        0.0004    0.0107   -0.0164   -0.0012    0.0202   -0.0239    0.0013    0.0312   -0.0218    0.0008
       21 H5     1s         0.3118   -0.0571   -0.3242    0.1150    0.3891   -0.4580   -0.3059    0.7333    0.2666   -0.2365
       22 H5     2s         0.0027    0.0142   -0.0333   -0.0009    0.1041   -0.1689   -0.1396    0.3547    0.1767    0.1994
       23 H5     2px       -0.0000    0.0000    0.0000    0.0000    0.0000   -0.0000   -0.0000   -0.0000   -0.0000    0.0000
       24 H5     2py       -0.0000   -0.0000    0.0000    0.0000   -0.0000    0.0000    0.0000   -0.0000   -0.0000   -0.0000
       25 H5     2pz        0.0038    0.0121   -0.0097   -0.0153    0.0176    0.0205   -0.0214   -0.0185    0.0377   -0.0171
       26 H6     1s         0.3118    0.0571   -0.3242   -0.1150    0.3891    0.4580   -0.3059   -0.7333    0.2666   -0.2365
       27 H6     2s         0.0027   -0.0142   -0.0333    0.0009    0.1041    0.1689   -0.1396   -0.3547    0.1767    0.1994
       28 H6     2px        0.0000    0.0000   -0.0000   -0.0000   -0.0000    0.0000    0.0000   -0.0000   -0.0000   -0.0000
       29 H6     2py       -0.0000    0.0000   -0.0000   -0.0000    0.0000    0.0000    0.0000   -0.0000    0.0000    0.0000
       30 H6     2pz       -0.0038    0.0121    0.0097   -0.0153   -0.0176    0.0205    0.0214   -0.0185   -0.0377    0.0171
       31 H7     1s         0.2772    0.2661   -0.0404   -0.3433   -0.3151    0.3351    0.6313    0.1613   -0.8210    0.1038
       32 H7     2s        -0.0016    0.0193    0.0182   -0.0480   -0.0902    0.1192    0.2785    0.0795   -0.3785    0.3512
       33 H7     2px        0.0000    0.0000    0.0000   -0.0000   -0.0000    0.0000   -0.0000   -0.0000    0.0000    0.0000
       34 H7     2py       -0.0000    0.0000    0.0000   -0.0000   -0.0000   -0.0000    0.0000   -0.0000   -0.0000    0.0000
       35 H7     2pz       -0.0004    0.0107    0.0164   -0.0012   -0.0202   -0.0239   -0.0013    0.0312    0.0218   -0.0008
       36 H8     1s         0.2439    0.3068    0.1236   -0.2098   -0.4058   -0.5041   -0.2329    0.4802    0.9348   -0.4420
       37 H8     2s         0.0062    0.0041   -0.0117   -0.0565   -0.1044   -0.1885   -0.0922    0.2468    0.5549    0.0173
       38 H8     2px       -0.0000    0.0000   -0.0000   -0.0000    0.0000   -0.0000    0.0000    0.0000   -0.0000   -0.0000
       39 H8     2py        0.0000    0.0000   -0.0000   -0.0000   -0.0000    0.0000    0.0000   -0.0000    0.0000   -0.0000
       40 H8     2pz       -0.0070   -0.0011    0.0135    0.0200    0.0118   -0.0140   -0.0282   -0.0257    0.0021    0.0181
       41 H9     1s         0.1528    0.2799    0.3518    0.3385    0.2129   -0.1719   -0.5521   -0.8953   -0.8988    0.2372
       42 H9     2s        -0.0048    0.0058    0.0383    0.0779    0.0770   -0.0570   -0.2478   -0.4440   -0.4100    0.3082
       43 H9     2px        0.0000    0.0000    0.0000    0.0000   -0.0000    0.0000    0.0000   -0.0000    0.0000   -0.0000
       44 H9     2py       -0.0000   -0.0000   -0.0000    0.0000   -0.0000    0.0000   -0.0000    0.0000    0.0000    0.0000
       45 H9     2pz       -0.0036   -0.0017    0.0076    0.0190    0.0213    0.0222    0.0175   -0.0067   -0.0409    0.0213
       46 H10    1s         0.0968    0.1895    0.2717    0.3314    0.3078    0.4438    0.6248    0.6361    0.4362   -0.2773
       47 H10    2s         0.0028    0.0053    0.0111    0.0278    0.0469    0.1723    0.3149    0.4230    0.4722   -0.0411
       48 H10    2px        0.0000   -0.0000   -0.0000   -0.0000   -0.0000   -0.0000   -0.0000   -0.0000    0.0000    0.0000
       49 H10    2py        0.0000   -0.0000   -0.0000    0.0000    0.0000   -0.0000    0.0000    0.0000   -0.0000    0.0000
       50 H10    2pz       -0.0082   -0.0142   -0.0162   -0.0138   -0.0082    0.0021    0.0126    0.0284    0.0465    0.0077
 
          Orbital           11        12        13    
          Energy            0.2829    0.3464    0.3595
          Occ. No.          0.0000    0.0000    0.0000
 
        1 H1     1s         0.1262   -0.3900   -0.2963
        2 H1     2s        -0.3227   -0.2579    0.3492
        3 H1     2px        0.0000   -0.0000    0.0000
        4 H1     2py        0.0000    0.0000   -0.0000
        5 H1     2pz        0.0410    0.0244   -0.0159
        6 H2     1s         0.1718    0.5896    0.3092
        7 H2     2s        -0.1769    0.4772    0.4122
        8 H2     2px        0.0000    0.0000    0.0000
        9 H2     2py        0.0000    0.0000   -0.0000
       10 H2     2pz       -0.0335   -0.0604    0.0626
       11 H3     1s        -0.1296   -0.9162   -0.3610
       12 H3     2s        -0.3426   -0.2903   -0.1039
       13 H3     2px        0.0000    0.0000    0.0000
       14 H3     2py        0.0000    0.0000   -0.0000
       15 H3     2pz        0.0070    0.0303    0.0452
       16 H4     1s         0.4819    1.0379    0.2656
       17 H4     2s         0.0715    0.7138   -0.0353
       18 H4     2px       -0.0000    0.0000    0.0000
       19 H4     2py        0.0000    0.0000    0.0000
       20 H4     2pz       -0.0400    0.0030    0.0713
       21 H5     1s        -0.4941   -1.2038   -0.0176
       22 H5     2s        -0.3273   -0.5674   -0.3422
       23 H5     2px       -0.0000   -0.0000    0.0000
       24 H5     2py        0.0000    0.0000    0.0000
       25 H5     2pz       -0.0272    0.0414    0.0028
       26 H6     1s         0.4941    1.2038   -0.0176
       27 H6     2s         0.3273    0.5674   -0.3422
       28 H6     2px       -0.0000   -0.0000    0.0000
       29 H6     2py        0.0000    0.0000    0.0000
       30 H6     2pz       -0.0272    0.0414   -0.0028
       31 H7     1s        -0.4819   -1.0379    0.2656
       32 H7     2s        -0.0715   -0.7138   -0.0353
       33 H7     2px        0.0000   -0.0000    0.0000
       34 H7     2py       -0.0000    0.0000   -0.0000
       35 H7     2pz       -0.0400    0.0030   -0.0713
       36 H8     1s         0.1296    0.9162   -0.3610
       37 H8     2s         0.3426    0.2903   -0.1039
       38 H8     2px       -0.0000    0.0000    0.0000
       39 H8     2py       -0.0000    0.0000   -0.0000
       40 H8     2pz        0.0070    0.0303   -0.0452
       41 H9     1s        -0.1718   -0.5896    0.3092
       42 H9     2s         0.1769   -0.4772    0.4122
       43 H9     2px        0.0000   -0.0000    0.0000
       44 H9     2py       -0.0000    0.0000   -0.0000
       45 H9     2pz       -0.0335   -0.0604   -0.0626
       46 H10    1s        -0.1262    0.3900   -0.2963
       47 H10    2s         0.3227    0.2579    0.3492
       48 H10    2px        0.0000    0.0000    0.0000
       49 H10    2py        0.0000    0.0000    0.0000
       50 H10    2pz        0.0410    0.0244    0.0159
--
 
 
++    Molecular charges:
      ------------------
 
      Mulliken charges per centre and basis function type
      ---------------------------------------------------
 
                H1      H2      H3      H4      H5      H6      H7      H8      H9      H10   
      1s       0.9168  1.0285  0.9922  0.9925  0.9928  0.9928  0.9925  0.9922  1.0285  0.9168
      2s       0.0106  0.0057 -0.0260 -0.0153 -0.0172 -0.0172 -0.0153 -0.0260  0.0057  0.0106
      2px      0.0000  0.0000  0.0000  0.0000  0.0000  0.0000  0.0000  0.0000  0.0000  0.0000
      2pz      0.0159  0.0267  0.0254  0.0256  0.0258  0.0258  0.0256  0.0254  0.0267  0.0159
      2py      0.0000  0.0000  0.0000  0.0000  0.0000  0.0000  0.0000  0.0000  0.0000  0.0000
      Total    0.9432  1.0609  0.9916  1.0029  1.0014  1.0014  1.0029  0.9916  1.0609  0.9432
 
      N-E      0.0568 -0.0609  0.0084 -0.0029 -0.0014 -0.0014 -0.0029  0.0084 -0.0609  0.0568
 
      Total electronic charge=   10.000000
 
      Total            charge=   -0.000000
--
 
 
  Input file to MOLDEN was generated!
 
 
++    Static properties:
      ------------------
 
 
      LoProp Charges per center
 

                   H1       H2       H3       H4       H5       H6       H7       H8       H9       H10   
      Nuclear      1.0000   1.0000   1.0000   1.0000   1.0000   1.0000   1.0000   1.0000   1.0000   1.0000
      Electronic  -0.9839  -1.0137  -0.9970  -1.0042  -1.0012  -1.0012  -1.0042  -0.9970  -1.0137  -0.9839
 
      Total        0.0161  -0.0137   0.0030  -0.0042  -0.0012  -0.0012  -0.0042   0.0030  -0.0137   0.0161
--
 
 
++    Natural Bond Order analysis
      ---------------------------
      Based on LoProp computed density
      -------------------------------------------------------------------------------------
      Atom A       Atom B       Bond Order
      -------------------------------------------------------------------------------------
      NBO located      0.950 non-bonded electrons on atom H1        
      NBO located      1.016 non-bonded electrons on atom H3        
      NBO located      1.016 non-bonded electrons on atom H4        
      NBO located      1.017 non-bonded electrons on atom H5        
      NBO located      1.017 non-bonded electrons on atom H6        
      NBO located      1.016 non-bonded electrons on atom H7        
      NBO located      1.016 non-bonded electrons on atom H8        
      NBO located      0.950 non-bonded electrons on atom H10       
      The remaining    2.005 electrons are to be considered as diffuse
--
 
 
++    Molecular properties:
      ---------------------
 
      Charge (e):
                      =   -0.0000
      Dipole Moment (Debye):
      Origin of the operator (Ang)=    0.0000    0.0000    0.0000
                   X= -4.7051E-14               Y=  2.4249E-14               Z=  3.6120E-13           Total=  3.6506E-13
      Quadrupole Moment (Debye*Ang):
      Origin of the operator (Ang)=    0.0000    0.0000    6.3000
                  XX= -1.5154E+01              XY=  9.5407E-29              XZ=  1.7958E-13              YY= -1.5154E+01
                  YZ= -1.3367E-13              ZZ= -5.2186E+00
      In traceless form (Debye*Ang)
                  XX= -4.9677E+00              XY=  1.4311E-28              XZ=  2.6937E-13              YY= -4.9677E+00
                  YZ= -2.0050E-13              ZZ=  9.9355E+00
--
 
 
  Input file to MOLDEN was generated!
 
 ###############################################################################
 ###############################################################################
 ###                                                                         ###
 ###                                                                         ###
 ###    RunFile label nBas                                                   ###
 ###    was used       78 times                                              ###
 ###                                                                         ###
 ###                                                                         ###
 ###############################################################################
 ###############################################################################
forrtl: warning (528): IEEE_UNDERFLOW is signaling
--- Stop Module: scf at Sun Oct 26 14:58:28 2025 /rc=_RC_ALL_IS_WELL_ ---
*** files: H10_1.40.LprOrb H10_1.40.LoProp.molden H10_1.40.scf.molden H10_1.40.ScfOrb H10_1.40.scf.h5 xmldump
    saved to directory ${LOCALHOME}/DDCASPT2/hydrogen_comps/rerun/H10_chain/H10_1.40

>>> COPY /tmp/H10_1.40/H10_1.40.scf.h5 ${LOCALHOME}/DDCASPT2/hydrogen_comps/rerun/H10_chain/H10_1.40/

*** symbolic link created: INPORB -> H10_1.40.ScfOrb
--- Start Module: rasscf at Sun Oct 26 14:58:28 2025 ---
 
()()()()()()()()()()()()()()()()()()()()()()()()()()()()()()()()()()()()()()()()()()()()()()()()()()

                                              &RASSCF

                                   only a single process is used
                       available to each process: 2.0 GB of memory, 1 thread?
()()()()()()()()()()()()()()()()()()()()()()()()()()()()()()()()()()()()()()()()()()()()()()()()()()
 
 
      Header of the ONEINT file:
      --------------------------
      
      Integrals generated by seward 4.2.0  , Sun Oct 26 14:58:26 2025
 
 
      OrdInt status: non-squared
 
 
      Cartesian coordinates in Angstrom:
      -----------------------------------------------------
      No.  Label        X            Y            Z        
      -----------------------------------------------------
       1   H1         0.00000000   0.00000000   0.00000000
       2   H2         0.00000000   0.00000000   1.40000000
       3   H3         0.00000000   0.00000000   2.80000000
       4   H4         0.00000000   0.00000000   4.20000000
       5   H5         0.00000000   0.00000000   5.60000000
       6   H6         0.00000000   0.00000000   7.00000000
       7   H7         0.00000000   0.00000000   8.40000000
       8   H8         0.00000000   0.00000000   9.80000000
       9   H9         0.00000000   0.00000000  11.20000000
      10   H10        0.00000000   0.00000000  12.60000000
      -----------------------------------------------------
      Nuclear repulsion energy =    7.29118600
 
++    Wave function specifications:
      -----------------------------
 
      Number of closed shell electrons           0
      Number of electrons in active shells      10
      Max number of holes in RAS1 space          0
      Max nr of electrons in RAS3 space          0
      Number of inactive orbitals                0
      Number of active orbitals                 10
      Number of secondary orbitals              40
      Spin quantum number                      0.0
      State symmetry                             1
--
 
++    Orbital specifications:
      -----------------------
 
      Symmetry species                           1
                                                 a
      Frozen orbitals                            0
      Inactive orbitals                          0
      Active orbitals                           10
      RAS1 orbitals                              0
      RAS2 orbitals                             10
      RAS3 orbitals                              0
      Secondary orbitals                        40
      Deleted orbitals                           0
      Number of basis functions                 50
--
 
++    CI expansion specifications:
      ----------------------------
 
      Number of CSFs                         19404
      Number of determinants                 31878
      Number of root(s) required                 1
      Root chosen for geometry opt.              1
      CI root used                               1
         
      highest root included in the CI            1
      max. size of the explicit Hamiltonian    200
--
 
++    Optimization specifications:
      ----------------------------
 
      RASSCF algorithm: Conventional
      Maximum number of macro iterations       200
      Maximum number of SX iterations          100
      Threshold for RASSCF energy            0.100E-07
      Threshold for max MO rotation          0.100E+00
      Threshold for max BLB element          0.100E-03
      Level shift parameter                  0.500E+00
      Make Quasi-Newton update
--
 
      The MO-coefficients are taken from the file:
      ${LOCALHOME}/DDCASPT2/hydrogen_comps/rerun/H10_chain/H10_0.60/H10_0.60.RasOrb                                               
      Title: RASSCF average (pseudo-natural) orbitals                                      
 
      Total molecular charge    0.00
 
      ************************************************************************************************************************
      *                                                                                                                      *
      *                                            Wave function control section                                             *
      *                                                                                                                      *
      ************************************************************************************************************************
 
 
                                         RASSCF iterations: Energy and convergence statistics
                                         ----------------------------------------------------
 
      Iter CI   SX   CI       RASSCF       Energy    max ROT     max BLB   max BLB  Level Ln srch  Step   QN   Walltime
          iter iter root      energy       change     param      element    value   shift minimum  type update hh:mm:ss
 Nr of preliminary CI iterations:   9
        1   1  100    1    -4.15229494    0.00E+00  -0.20E+00*   2  46 1  0.79E+00*  0.01   0.00    SX    NO    0:00:01
        2   7  100    1    -5.06427756   -0.91E+00* -0.16E+00*   3  16 1  0.25E+00*  0.00   0.00    SX    NO    0:00:00
        3   3   78    1    -5.23977171   -0.18E+00* -0.73E-01    2  12 1  0.67E-01*  0.00   0.00    SX    NO    0:00:00
        4   4   31    1    -5.25353908   -0.14E-01* -0.30E-01    2  12 1  0.15E-01*  0.00   0.00    SX    NO    0:00:00
        5   4   39    1    -5.25493514   -0.14E-02* -0.53E-01    2  12 1  0.38E-02*  0.00   1.77    QN   YES    0:00:00
        6   7   60    1    -5.25669292   -0.18E-02* -0.58E-01    8  17 1  0.72E-02*  0.00   2.50    LS   YES    0:00:00
        7   7  100    1    -5.25883391   -0.21E-02* -0.20E+00*   2  12 1 -0.17E-01*  0.00   1.98    QN   YES    0:00:00
        8   8  100    1    -5.25604733    0.28E-02*  0.52E-01    2  12 1 -0.50E-01*  0.00   0.45    QN   YES    0:00:00
        9   6   50    1    -5.26333036   -0.73E-02* -0.12E+00*   2  12 1 -0.35E-01*  0.00   1.90    QN   YES    0:00:00
 ###############################################################################
 ###############################################################################
 ###                                                                         ###
 ###                                                                         ###
 ###    Large orbital rotation.                                              ###
 ###                                                                         ###
 ###                                                                         ###
 ###############################################################################
 ###############################################################################
      Molecular orbital  10 of symmetry 1 MO space 2  weight is    0.406301
       10   5   24    1    -5.26831676   -0.50E-02* -0.48E+00*   2  12 1 -0.25E-01*  0.00   1.90    QN   YES    0:00:00
       11   8   53    1    -5.30596049   -0.38E-01* -0.28E+00*  10  17 1  0.21E-01*  0.00   0.00    SX    NO    0:00:00
       12   5   27    1    -5.32696899   -0.21E-01* -0.59E-01    3  16 1 -0.67E-02*  0.00   1.07    QN   YES    0:00:00
       13   4   22    1    -5.32836188   -0.14E-02*  0.14E-01   10  12 1 -0.27E-02*  0.00   1.13    QN   YES    0:00:00
       14   4   20    1    -5.32862826   -0.27E-03*  0.79E-02   10  12 1 -0.13E-02*  0.00   1.59    LS   YES    0:00:00
       15   4   18    1    -5.32867659   -0.48E-04*  0.48E-02   10  17 1 -0.74E-03*  0.00   1.12    QN   YES    0:00:00
       16   6   16    1    -5.32869130   -0.15E-04*  0.50E-03    5  47 1  0.97E-04   0.00   1.09    QN   YES    0:00:00
       17   3   12    1    -5.32869165   -0.35E-06* -0.11E-03   10  12 1  0.20E-04   0.00   1.09    QN   YES    0:00:00
       18   6   11    1    -5.32869169   -0.41E-07* -0.73E-04    5  47 1  0.14E-04   0.00   1.09    QN   YES    0:00:00
       19   1   10    1    -5.32869169   -0.22E-08  -0.22E-04    5  33 1 -0.99E-05   0.00   0.63    QN   YES    0:00:00
      Convergence after 19 iterations
 
  Dmat in MO in SXCTL bf call to SXHAM                                                                                    
  mat. size =    10x   10
 
        1.8644355814534124
        0.0015496711463060      1.8957959168480214
       -0.0830435406908887      0.0022164956763457      1.7549914911325286
        0.0006731619750964      0.0128856758112001      0.0009529648993758      1.7854786298259813
       -0.0488521227165199      0.0006626040624458     -0.0759780426086459      0.0002491673027541      1.6816886127766555
       -0.1157732665200951      0.0046614426723989     -0.2670324591085487      0.0021704595447508      0.0058776342214121
        0.1684629626189571
       -0.0018451735654722      0.0498694676855549     -0.0026583512190891      0.1178473097914593     -0.0005669155935759
       -0.0065008155377734      0.1117262953166397
        0.2429824440953250     -0.0075688506917834      0.2888201333746284     -0.0032217297995617      0.1055867515540621
       -0.0230322724170940      0.0097825118704373      0.2721170147550245
       -0.0029524455884567     -0.0080240882001694     -0.0041825600796912      0.1370238195089846     -0.0010690378955258
       -0.0091370805343223     -0.0119597678970530      0.0146566705624887      0.3568858659862920
        0.0087692173395461     -0.0160952089281116      0.0040060781458253     -0.0112940045070344      0.0033228001760053
       -0.0187379044883723      0.0212921645897107     -0.0176250927723025      0.0288745379884798      0.1084176292864075
       20   1   10    1    -5.32869170   -0.13E-08  -0.22E-04    9  17 1 -0.33E-06   0.00   0.63    QN   YES    0:00:00
 
      ************************************************************************************************************************
                                                      Wave function printout:
                       occupation of active orbitals, and spin coupling of open shells (u,d: Spin up or down)
      ************************************************************************************************************************
 
      Note: transformation to natural orbitals
      has been made, which may change the order of the CSFs.
 
      printout of CI-coefficients larger than  0.05 for root  1
      energy=      -5.328692
      conf/sym  1111111111     Coeff  Weight
             1  2222200000  -0.79525 0.63243
            32  2222000200   0.05891 0.00347
            36  2222000020   0.24505 0.06005
            50  222ud00ud0   0.20345 0.04139
            62  22u2d00200   0.05227 0.00273
            64  22u2d0u0d0   0.14133 0.01997
            76  2u22d0ud00  -0.05219 0.00272
            78  2u22du00d0   0.11530 0.01329
           100  u222d000ud   0.11600 0.01346
           107  2220200200   0.10126 0.01025
           109  222020u0d0   0.05129 0.00263
           111  2220200020   0.07005 0.00491
           121  22ud20ud00   0.10605 0.01125
           123  22ud2u00d0  -0.05245 0.00275
           125  22ud200ud0   0.05862 0.00344
           135  2u2d2u0d00   0.08910 0.00794
           139  2u2d20u0d0  -0.05015 0.00252
           145  2u2d2000ud  -0.05066 0.00257
           153  u22d2u00d0  -0.05181 0.00268
           159  u22d200u0d   0.06738 0.00454
           164  2202202000   0.06192 0.00383
           178  2ud22ud000   0.06413 0.00411
           203  u2d220u00d   0.05603 0.00314
           232  ud222u000d   0.05107 0.00261
           257  222uu00dd0   0.07930 0.00629
           266  22u2u0d0d0   0.06127 0.00375
           275  2u22ud00d0   0.05023 0.00252
          1971  2220000220  -0.05961 0.00355
          2020  22ud00ud20  -0.05023 0.00252
 
      Natural orbitals and occupation numbers for root  1
      sym 1:   1.916704   1.899955   1.867341   1.803921   1.669496   0.090334   0.128413   0.202066   0.350232   0.071537

 
      ************************************************************************************************************************
      *                                                                                                                      *
      *                                                    Final results                                                     *
      *                                                                                                                      *
      ************************************************************************************************************************
 
 
++    Wave function specifications:
      -----------------------------
 
      Number of closed shell electrons           0
      Number of electrons in active shells      10
      Max number of holes in RAS1 space          0
      Max nr of electrons in RAS3 space          0
      Number of inactive orbitals                0
      Number of active orbitals                 10
      Number of secondary orbitals              40
      Spin quantum number                      0.0
      State symmetry                             1
--
 
++    Orbital specifications:
      -----------------------
 
      Symmetry species                           1
                                                 a
      Frozen orbitals                            0
      Inactive orbitals                          0
      Active orbitals                           10
      RAS1 orbitals                              0
      RAS2 orbitals                             10
      RAS3 orbitals                              0
      Secondary orbitals                        40
      Deleted orbitals                           0
      Number of basis functions                 50
--
 
++    CI expansion specifications:
      ----------------------------
 
      Number of CSFs                         19404
      Number of determinants                 31878
      Number of root(s) required                 1
      CI root used                               1
      highest root included in the CI            1
      Root passed to geometry opt.               1
--
 
++    Final optimization conditions:
      ------------------------------
 
      Average CI energy                              -5.32869170
      RASSCF energy for state  1                     -5.32869170
      Super-CI energy                                -0.00000000
      RASSCF energy change                            0.00000000
      Max change in MO coefficients              -0.763E-04
      Max non-diagonal density matrix element    -0.221E-04
      Maximum BLB matrix element                 -0.326E-06
      (orbital pair   9,  17 in symmetry   1)
      Norm of electronic gradient            0.144E-05
--
 
 
      Final state energy(ies):
      ------------------------
 
::    RASSCF root number  1 Total energy:     -5.32869170
 
++    Molecular orbitals:
      -------------------
 
      Pseudonatural active orbitals and approximate occupation numbers
 
 
 
 
      Molecular orbitals for symmetry species 1: a  
 
 
      Orbital                1         2         3         4         5         6         7         8         9        10
      Energy            0.0000    0.0000    0.0000    0.0000    0.0000    0.0000    0.0000    0.0000    0.0000    0.0000
      Occ. No.          1.9167    1.9000    1.8673    1.8039    1.6695    0.0903    0.1284    0.2021    0.3502    0.0715
 
    1 H1     1s         0.0981    0.1989    0.2885   -0.3420    0.3108    0.4267   -0.5185   -0.5107   -0.3836   -0.2443
    2 H1     2s         0.0010    0.0020    0.0058   -0.0167    0.0298    0.0416   -0.0372   -0.0284   -0.0251   -0.0298
    3 H1     2px       -0.0000   -0.0000   -0.0000    0.0000   -0.0000   -0.0000    0.0000    0.0000    0.0000    0.0000
    4 H1     2py       -0.0000   -0.0000   -0.0000    0.0000   -0.0000   -0.0000    0.0000    0.0000    0.0000    0.0000
    5 H1     2pz        0.0057    0.0100    0.0110   -0.0085    0.0043    0.0081   -0.0075   -0.0053   -0.0029   -0.0055
    6 H2     1s         0.1564    0.2882    0.3540   -0.3210    0.1910   -0.7136    0.6644    0.4102    0.1201    0.4718
    7 H2     2s        -0.0061   -0.0003    0.0234   -0.0539    0.0581   -0.1503    0.1103    0.0375   -0.0179    0.1136
    8 H2     2px        0.0000    0.0000    0.0000   -0.0000    0.0000   -0.0000    0.0000    0.0000    0.0000    0.0000
    9 H2     2py        0.0000    0.0000    0.0000   -0.0000    0.0000   -0.0000    0.0000    0.0000    0.0000    0.0000
   10 H2     2pz        0.0046    0.0038   -0.0041    0.0144   -0.0175    0.0031    0.0027    0.0119    0.0158   -0.0030
   11 H3     1s         0.2419    0.3086    0.1264    0.2042   -0.4080    0.7842   -0.3259    0.2471    0.4762   -0.6820
   12 H3     2s        -0.0002   -0.0023   -0.0109    0.0397   -0.0768    0.1737   -0.0781    0.0188    0.0678   -0.1616
   13 H3     2px        0.0000    0.0000    0.0000    0.0000   -0.0000    0.0000   -0.0000    0.0000    0.0000   -0.0000
   14 H3     2py        0.0000    0.0000    0.0000    0.0000   -0.0000    0.0000   -0.0000    0.0000    0.0000   -0.0000
   15 H3     2pz        0.0040   -0.0015   -0.0127    0.0162   -0.0079    0.0080   -0.0111   -0.0108   -0.0060   -0.0040
   16 H4     1s         0.2823    0.2583   -0.0606    0.3489   -0.3026   -0.6068   -0.1879   -0.5738   -0.3048    0.8158
   17 H4     2s        -0.0054    0.0086    0.0108    0.0320   -0.0658   -0.1248   -0.0537   -0.1027   -0.0270    0.2000
   18 H4     2px       -0.0000   -0.0000    0.0000   -0.0000    0.0000    0.0000    0.0000    0.0000    0.0000   -0.0000
   19 H4     2py       -0.0000   -0.0000    0.0000   -0.0000    0.0000    0.0000    0.0000    0.0000    0.0000   -0.0000
   20 H4     2pz        0.0025   -0.0072   -0.0139    0.0006    0.0163   -0.0008    0.0102    0.0024   -0.0131   -0.0061
   21 H5     1s         0.3166    0.0667   -0.3112    0.1272    0.3882    0.2101    0.6275    0.2718   -0.4286   -0.8923
   22 H5     2s        -0.0030   -0.0094   -0.0174   -0.0012    0.0764    0.0549    0.1161    0.0679   -0.0517   -0.2170
   23 H5     2px        0.0000    0.0000   -0.0000    0.0000    0.0000   -0.0000   -0.0000    0.0000   -0.0000   -0.0000
   24 H5     2py        0.0000    0.0000   -0.0000    0.0000    0.0000   -0.0000   -0.0000    0.0000   -0.0000   -0.0000
   25 H5     2pz        0.0010   -0.0104   -0.0060   -0.0138    0.0134    0.0077   -0.0004    0.0109    0.0102   -0.0052
   26 H6     1s         0.3166   -0.0668   -0.3112   -0.1272    0.3882    0.2101   -0.6275    0.2718    0.4286    0.8923
   27 H6     2s        -0.0030    0.0094   -0.0174    0.0012    0.0764    0.0549   -0.1161    0.0679    0.0517    0.2170
   28 H6     2px       -0.0000    0.0000    0.0000    0.0000   -0.0000    0.0000    0.0000    0.0000   -0.0000   -0.0000
   29 H6     2py       -0.0000    0.0000    0.0000    0.0000   -0.0000    0.0000    0.0000    0.0000   -0.0000   -0.0000
   30 H6     2pz       -0.0010   -0.0104    0.0060   -0.0138   -0.0134   -0.0077   -0.0004   -0.0109    0.0102   -0.0052
   31 H7     1s         0.2823   -0.2583   -0.0606   -0.3489   -0.3026   -0.6068    0.1879   -0.5738    0.3048   -0.8158
   32 H7     2s        -0.0054   -0.0086    0.0108   -0.0320   -0.0658   -0.1248    0.0537   -0.1027    0.0270   -0.2000
   33 H7     2px        0.0000   -0.0000   -0.0000   -0.0000   -0.0000    0.0000    0.0000   -0.0000    0.0000   -0.0000
   34 H7     2py        0.0000   -0.0000   -0.0000   -0.0000   -0.0000    0.0000    0.0000   -0.0000    0.0000   -0.0000
   35 H7     2pz       -0.0025   -0.0072    0.0139    0.0006   -0.0163    0.0008    0.0102   -0.0024   -0.0131   -0.0061
   36 H8     1s         0.2419   -0.3086    0.1264   -0.2042   -0.4080    0.7842    0.3259    0.2471   -0.4762    0.6820
   37 H8     2s        -0.0002    0.0023   -0.0109   -0.0397   -0.0768    0.1737    0.0781    0.0188   -0.0678    0.1616
   38 H8     2px       -0.0000    0.0000   -0.0000    0.0000    0.0000   -0.0000    0.0000   -0.0000    0.0000   -0.0000
   39 H8     2py       -0.0000    0.0000   -0.0000    0.0000    0.0000   -0.0000    0.0000   -0.0000    0.0000   -0.0000
   40 H8     2pz       -0.0040   -0.0015    0.0127    0.0162    0.0079   -0.0080   -0.0111    0.0108   -0.0060   -0.0040
   41 H9     1s         0.1564   -0.2882    0.3540    0.3210    0.1910   -0.7136   -0.6644    0.4102   -0.1201   -0.4718
   42 H9     2s        -0.0062    0.0003    0.0234    0.0539    0.0581   -0.1503   -0.1103    0.0375    0.0179   -0.1136
   43 H9     2px       -0.0000   -0.0000    0.0000    0.0000    0.0000   -0.0000   -0.0000    0.0000    0.0000   -0.0000
   44 H9     2py       -0.0000   -0.0000    0.0000    0.0000    0.0000   -0.0000   -0.0000    0.0000    0.0000   -0.0000
   45 H9     2pz       -0.0046    0.0038    0.0041    0.0144    0.0175   -0.0031    0.0027   -0.0119    0.0158   -0.0030
   46 H10    1s         0.0981   -0.1989    0.2885    0.3420    0.3107    0.4267    0.5185   -0.5107    0.3836    0.2443
   47 H10    2s         0.0010   -0.0020    0.0058    0.0167    0.0298    0.0416    0.0372   -0.0284    0.0251    0.0298
   48 H10    2px        0.0000   -0.0000    0.0000    0.0000    0.0000    0.0000    0.0000   -0.0000    0.0000    0.0000
   49 H10    2py        0.0000   -0.0000    0.0000    0.0000    0.0000    0.0000    0.0000   -0.0000    0.0000    0.0000
   50 H10    2pz       -0.0057    0.0100   -0.0110   -0.0085   -0.0043   -0.0081   -0.0075    0.0053   -0.0029   -0.0055
 
 
      Orbital               11        12        13        14        15        16        17        18        19        20
      Energy            0.2551    0.2852    0.3375    0.4256    0.5664    0.6124    0.6124    0.6517    0.6517    0.7168
      Occ. No.          0.0000    0.0000    0.0000    0.0000    0.0000    0.0000    0.0000    0.0000    0.0000    0.0000
 
    1 H1     1s        -0.0683    0.0570    0.0657    0.2760   -0.5068   -0.0000    0.0000    0.0000   -0.0000    0.0000
    2 H1     2s         0.1870   -0.3932    0.5890    0.7376   -0.8172   -0.0000    0.0000    0.0000   -0.0000    0.0000
    3 H1     2px        0.0000   -0.0000    0.0000    0.0000   -0.0000    0.0984   -0.0100   -0.1956    0.0202    0.2866
    4 H1     2py        0.0000   -0.0000    0.0000    0.0000   -0.0000    0.0100    0.0984   -0.0202   -0.1956    0.0296
    5 H1     2pz       -0.0251    0.0377   -0.0313   -0.0122    0.0029    0.0000   -0.0000   -0.0000    0.0000   -0.0000
    6 H2     1s        -0.1151    0.1741   -0.1695   -0.1759    0.3340    0.0000   -0.0000   -0.0000    0.0000   -0.0000
    7 H2     2s         0.1362   -0.1851    0.0758   -0.2218    0.6962    0.0000   -0.0000   -0.0000    0.0000   -0.0000
    8 H2     2px       -0.0000   -0.0000   -0.0000    0.0000   -0.0000    0.1805   -0.0183   -0.3127    0.0323    0.3533
    9 H2     2py       -0.0000   -0.0000   -0.0000    0.0000   -0.0000    0.0183    0.1805   -0.0323   -0.3127    0.0364
   10 H2     2pz       -0.0011   -0.0264    0.0801    0.1299   -0.1439   -0.0000    0.0000    0.0000   -0.0000    0.0000
   11 H3     1s        -0.1143    0.0737    0.0506    0.0574    0.0904   -0.0000    0.0000    0.0000   -0.0000    0.0000
   12 H3     2s         0.1964   -0.2479    0.0623   -0.2934    0.5320   -0.0000   -0.0000    0.0000   -0.0000   -0.0000
   13 H3     2px       -0.0000    0.0000   -0.0000   -0.0000   -0.0000    0.2520   -0.0255   -0.3382    0.0349    0.1871
   14 H3     2py       -0.0000    0.0000   -0.0000   -0.0000   -0.0000    0.0255    0.2520   -0.0349   -0.3382    0.0193
   15 H3     2pz       -0.0133   -0.0092    0.0440    0.0301    0.0656    0.0000   -0.0000   -0.0000    0.0000   -0.0000
   16 H4     1s        -0.1311    0.0945    0.0191    0.0120   -0.0150    0.0000   -0.0000   -0.0000    0.0000   -0.0000
   17 H4     2s         0.2085   -0.1313   -0.1967   -0.4176    0.0573    0.0000   -0.0000   -0.0000    0.0000    0.0000
   18 H4     2px        0.0000    0.0000   -0.0000   -0.0000   -0.0000    0.3025   -0.0306   -0.2571    0.0265   -0.1050
   19 H4     2py        0.0000    0.0000   -0.0000   -0.0000   -0.0000    0.0306    0.3025   -0.0265   -0.2571   -0.0108
   20 H4     2pz       -0.0044   -0.0315    0.0497   -0.0167    0.0999   -0.0000    0.0000   -0.0000    0.0000   -0.0000
   21 H5     1s        -0.1396    0.0022    0.0812   -0.0254   -0.0968   -0.0000    0.0000   -0.0000    0.0000    0.0000
   22 H5     2s         0.2227   -0.0692   -0.2836   -0.1895   -0.5190   -0.0000    0.0000    0.0000   -0.0000    0.0000
   23 H5     2px        0.0000    0.0000    0.0000   -0.0000   -0.0000    0.3295   -0.0334   -0.0955    0.0099   -0.3273
   24 H5     2py        0.0000    0.0000    0.0000   -0.0000   -0.0000    0.0334    0.3295   -0.0099   -0.0955   -0.0338
   25 H5     2pz       -0.0034   -0.0342    0.0157   -0.0749    0.0680    0.0000   -0.0000    0.0000   -0.0000    0.0000
   26 H6     1s        -0.1396   -0.0022    0.0812    0.0254   -0.0968    0.0000   -0.0000    0.0000   -0.0000   -0.0000
   27 H6     2s         0.2227    0.0692   -0.2836    0.1895   -0.5190    0.0000   -0.0000    0.0000   -0.0000   -0.0000
   28 H6     2px        0.0000    0.0000    0.0000   -0.0000   -0.0000    0.3295   -0.0334    0.0955   -0.0099   -0.3273
   29 H6     2py        0.0000    0.0000    0.0000   -0.0000   -0.0000    0.0334    0.3295    0.0099    0.0955   -0.0338
   30 H6     2pz        0.0034   -0.0342   -0.0157   -0.0749   -0.0680    0.0000   -0.0000    0.0000   -0.0000    0.0000
   31 H7     1s        -0.1311   -0.0945    0.0191   -0.0120   -0.0150   -0.0000    0.0000   -0.0000    0.0000   -0.0000
   32 H7     2s         0.2085    0.1313   -0.1967    0.4176    0.0574   -0.0000    0.0000   -0.0000    0.0000   -0.0000
   33 H7     2px       -0.0000   -0.0000   -0.0000    0.0000    0.0000    0.3025   -0.0306    0.2571   -0.0265   -0.1050
   34 H7     2py       -0.0000   -0.0000   -0.0000    0.0000    0.0000    0.0306    0.3025    0.0265    0.2571   -0.0108
   35 H7     2pz        0.0044   -0.0315   -0.0497   -0.0167   -0.0999   -0.0000    0.0000    0.0000   -0.0000   -0.0000
   36 H8     1s        -0.1143   -0.0737    0.0506   -0.0574    0.0904    0.0000   -0.0000    0.0000   -0.0000    0.0000
   37 H8     2s         0.1964    0.2479    0.0623    0.2934    0.5320    0.0000   -0.0000    0.0000   -0.0000    0.0000
   38 H8     2px        0.0000   -0.0000   -0.0000    0.0000    0.0000    0.2520   -0.0255    0.3382   -0.0349    0.1871
   39 H8     2py        0.0000   -0.0000   -0.0000    0.0000    0.0000    0.0255    0.2520    0.0349    0.3382    0.0193
   40 H8     2pz        0.0133   -0.0092   -0.0440    0.0301   -0.0656    0.0000   -0.0000    0.0000   -0.0000   -0.0000
   41 H9     1s        -0.1151   -0.1741   -0.1695    0.1759    0.3340   -0.0000   -0.0000    0.0000   -0.0000    0.0000
   42 H9     2s         0.1362    0.1851    0.0758    0.2218    0.6962   -0.0000   -0.0000    0.0000    0.0000    0.0000
   43 H9     2px        0.0000    0.0000   -0.0000    0.0000    0.0000    0.1805   -0.0183    0.3127   -0.0323    0.3533
   44 H9     2py        0.0000    0.0000   -0.0000    0.0000    0.0000    0.0183    0.1805    0.0323    0.3127    0.0364
   45 H9     2pz        0.0011   -0.0264   -0.0801    0.1299    0.1439   -0.0000   -0.0000   -0.0000    0.0000    0.0000
   46 H10    1s        -0.0683   -0.0570    0.0657   -0.2760   -0.5068    0.0000    0.0000   -0.0000    0.0000   -0.0000
   47 H10    2s         0.1870    0.3932    0.5890   -0.7376   -0.8172   -0.0000    0.0000    0.0000   -0.0000   -0.0000
   48 H10    2px       -0.0000   -0.0000   -0.0000    0.0000    0.0000    0.0984   -0.0100    0.1956   -0.0202    0.2866
   49 H10    2py       -0.0000   -0.0000   -0.0000    0.0000    0.0000    0.0100    0.0984    0.0202    0.1956    0.0296
   50 H10    2pz        0.0251    0.0377    0.0313   -0.0122   -0.0029    0.0000   -0.0000    0.0000   -0.0000   -0.0000
 
 
      Orbital               21        22        23        24        25        26        27        28        29        30
      Energy            0.7168    0.7601    0.8083    0.8083    0.9262    0.9262    0.9321    1.0027    1.0274    1.0717
      Occ. No.          0.0000    0.0000    0.0000    0.0000    0.0000    0.0000    0.0000    0.0000    0.0000    0.0000
 
    1 H1     1s        -0.0000    0.6595    0.0000   -0.0000    0.0000   -0.0000   -0.3213    0.5632    0.0548    0.0000
    2 H1     2s        -0.0000    0.7755    0.0000   -0.0000    0.0000   -0.0000   -0.1212    0.6259   -0.2518    0.0000
    3 H1     2px       -0.0296   -0.0000   -0.3638    0.0396    0.4177   -0.0438    0.0000   -0.0000    0.0000   -0.4439
    4 H1     2py        0.2866   -0.0000   -0.0396   -0.3638    0.0438    0.4177    0.0000   -0.0000    0.0000   -0.0472
    5 H1     2pz        0.0000   -0.0375   -0.0000    0.0000   -0.0000    0.0000    0.2317   -0.0059   -0.3683   -0.0000
    6 H2     1s         0.0000   -0.6655   -0.0000   -0.0000   -0.0000    0.0000    0.4592   -0.8934   -0.0846   -0.0000
    7 H2     2s         0.0000   -1.2131   -0.0000    0.0000   -0.0000    0.0000    0.6271   -1.4470   -0.0643   -0.0000
    8 H2     2px       -0.0364   -0.0000   -0.2773    0.0302    0.0936   -0.0098    0.0000   -0.0000   -0.0000    0.1563
    9 H2     2py        0.3533   -0.0000   -0.0302   -0.2773    0.0098    0.0936    0.0000    0.0000   -0.0000    0.0166
   10 H2     2pz       -0.0000    0.1155    0.0000   -0.0000    0.0000   -0.0000   -0.2024   -0.0606    0.2818   -0.0000
   11 H3     1s        -0.0000   -0.0933   -0.0000    0.0000    0.0000   -0.0000   -0.2694    0.3485    0.3334    0.0000
   12 H3     2s         0.0000   -0.2305   -0.0000    0.0000    0.0000   -0.0000   -0.4134    0.6777    0.6075    0.0000
   13 H3     2px       -0.0193   -0.0000    0.1222   -0.0133   -0.3866    0.0405   -0.0000    0.0000   -0.0000    0.4060
   14 H3     2py        0.1871   -0.0000    0.0133    0.1222   -0.0405   -0.3866   -0.0000    0.0000   -0.0000    0.0431
   15 H3     2pz        0.0000   -0.1777   -0.0000    0.0000   -0.0000    0.0000    0.3037    0.0189   -0.2733    0.0000
   16 H4     1s         0.0000    0.3534    0.0000   -0.0000    0.0000   -0.0000   -0.2219    0.5623   -0.1699    0.0000
   17 H4     2s        -0.0000    0.7874    0.0000   -0.0000    0.0000   -0.0000   -0.4383    0.8838   -0.4487    0.0000
   18 H4     2px        0.0108    0.0000    0.3805   -0.0414   -0.2171    0.0228   -0.0000    0.0000    0.0000   -0.2577
   19 H4     2py       -0.1050    0.0000    0.0414    0.3805   -0.0228   -0.2171   -0.0000    0.0000    0.0000   -0.0274
   20 H4     2pz        0.0000   -0.0481    0.0000   -0.0000    0.0000   -0.0000   -0.3004   -0.1227    0.2329   -0.0000
   21 H5     1s        -0.0000    0.2696    0.0000   -0.0000   -0.0000    0.0000    0.2190   -0.4506   -0.2222   -0.0000
   22 H5     2s        -0.0000    0.6239    0.0000   -0.0000   -0.0000    0.0000    0.4169   -0.7456   -0.1447   -0.0000
   23 H5     2px        0.0338    0.0000    0.2044   -0.0222    0.3180   -0.0333    0.0000   -0.0000    0.0000   -0.3430
   24 H5     2py       -0.3273    0.0000    0.0222    0.2044    0.0333    0.3180    0.0000   -0.0000    0.0000   -0.0364
   25 H5     2pz       -0.0000    0.1012    0.0000    0.0000    0.0000   -0.0000    0.2065    0.3102   -0.0983    0.0000
   26 H6     1s         0.0000   -0.2696   -0.0000    0.0000   -0.0000    0.0000    0.2190   -0.4506    0.2222    0.0000
   27 H6     2s         0.0000   -0.6239   -0.0000    0.0000   -0.0000    0.0000    0.4169   -0.7456    0.1447    0.0000
   28 H6     2px        0.0338    0.0000   -0.2044    0.0222    0.3180   -0.0333    0.0000   -0.0000   -0.0000    0.3430
   29 H6     2py       -0.3273    0.0000   -0.0222   -0.2044    0.0333    0.3180    0.0000   -0.0000   -0.0000    0.0364
   30 H6     2pz       -0.0000    0.1012    0.0000   -0.0000    0.0000   -0.0000   -0.2065   -0.3102   -0.0983   -0.0000
   31 H7     1s         0.0000   -0.3534    0.0000   -0.0000    0.0000   -0.0000   -0.2219    0.5623    0.1699    0.0000
   32 H7     2s         0.0000   -0.7874    0.0000   -0.0000    0.0000   -0.0000   -0.4383    0.8838    0.4487    0.0000
   33 H7     2px        0.0108    0.0000   -0.3805    0.0414   -0.2171    0.0228   -0.0000   -0.0000    0.0000    0.2577
   34 H7     2py       -0.1050    0.0000   -0.0414   -0.3805   -0.0228   -0.2171   -0.0000   -0.0000    0.0000    0.0274
   35 H7     2pz        0.0000   -0.0481   -0.0000    0.0000   -0.0000    0.0000    0.3004    0.1227    0.2329    0.0000
   36 H8     1s        -0.0000    0.0933    0.0000   -0.0000    0.0000   -0.0000   -0.2694    0.3485   -0.3334   -0.0000
   37 H8     2s        -0.0000    0.2305    0.0000   -0.0000    0.0000   -0.0000   -0.4134    0.6777   -0.6075   -0.0000
   38 H8     2px       -0.0193   -0.0000   -0.1222    0.0133   -0.3866    0.0405   -0.0000    0.0000    0.0000   -0.4060
   39 H8     2py        0.1871   -0.0000   -0.0133   -0.1222   -0.0405   -0.3866   -0.0000    0.0000    0.0000   -0.0431
   40 H8     2pz        0.0000   -0.1777   -0.0000    0.0000    0.0000   -0.0000   -0.3037   -0.0189   -0.2733    0.0000
   41 H9     1s        -0.0000    0.6655   -0.0000    0.0000   -0.0000    0.0000    0.4592   -0.8934    0.0846    0.0000
   42 H9     2s        -0.0000    1.2131    0.0000   -0.0000   -0.0000    0.0000    0.6271   -1.4470    0.0643    0.0000
   43 H9     2px       -0.0364   -0.0000    0.2773   -0.0302    0.0936   -0.0098    0.0000    0.0000    0.0000   -0.1563
   44 H9     2py        0.3533   -0.0000    0.0302    0.2773    0.0098    0.0936    0.0000    0.0000    0.0000   -0.0166
   45 H9     2pz       -0.0000    0.1155    0.0000   -0.0000   -0.0000    0.0000    0.2024    0.0606    0.2818    0.0000
   46 H10    1s         0.0000   -0.6595    0.0000   -0.0000    0.0000   -0.0000   -0.3213    0.5632   -0.0548   -0.0000
   47 H10    2s         0.0000   -0.7755   -0.0000    0.0000    0.0000   -0.0000   -0.1212    0.6259    0.2518    0.0000
   48 H10    2px       -0.0296   -0.0000    0.3638   -0.0396    0.4177   -0.0438    0.0000   -0.0000   -0.0000    0.4439
   49 H10    2py        0.2866   -0.0000    0.0396    0.3638    0.0438    0.4177    0.0000   -0.0000   -0.0000    0.0472
   50 H10    2pz        0.0000   -0.0375   -0.0000    0.0000    0.0000   -0.0000   -0.2317    0.0059   -0.3683   -0.0000
 
 
      Orbital               31        32        33        34        35        36        37        38        39        40
      Energy            1.0717    1.1596    1.1776    1.2362    1.2362    1.4089    1.4089    1.5682    1.5682    1.5777
      Occ. No.          0.0000    0.0000    0.0000    0.0000    0.0000    0.0000    0.0000    0.0000    0.0000    0.0000
 
    1 H1     1s        -0.0000    0.0883   -0.4184   -0.0000    0.0000    0.0000   -0.0000    0.0000    0.0000   -0.6919
    2 H1     2s        -0.0000    0.3118   -0.3935   -0.0000    0.0000    0.0000   -0.0000    0.0000   -0.0000   -0.7348
    3 H1     2px        0.0472    0.0000   -0.0000    0.4365   -0.0454   -0.3861    0.0399    0.2912   -0.0298   -0.0000
    4 H1     2py       -0.4439    0.0000   -0.0000    0.0454    0.4365   -0.0399   -0.3861    0.0298    0.2912    0.0000
    5 H1     2pz        0.0000    0.3644    0.1011   -0.0000    0.0000    0.0000   -0.0000    0.0000    0.0000   -0.5376
    6 H2     1s         0.0000   -0.1646    0.9042    0.0000   -0.0000   -0.0000    0.0000   -0.0000    0.0000    1.6819
    7 H2     2s         0.0000   -0.1350    1.3408    0.0000   -0.0000   -0.0000    0.0000   -0.0000    0.0000    1.5524
    8 H2     2px       -0.0166   -0.0000    0.0000   -0.3957    0.0412    0.5397   -0.0557   -0.5194    0.0532    0.0000
    9 H2     2py        0.1563   -0.0000    0.0000   -0.0412   -0.3957    0.0557    0.5397   -0.0532   -0.5194   -0.0000
   10 H2     2pz        0.0000   -0.2137    0.0813    0.0000   -0.0000   -0.0000    0.0000   -0.0000    0.0000    0.1823
   11 H3     1s        -0.0000   -0.3043   -0.9626   -0.0000    0.0000    0.0000   -0.0000    0.0000   -0.0000   -1.3283
   12 H3     2s        -0.0000   -0.6771   -1.4590   -0.0000    0.0000    0.0000   -0.0000    0.0000   -0.0000   -1.2238
   13 H3     2px       -0.0431   -0.0000    0.0000   -0.1217    0.0127   -0.3075    0.0318    0.5757   -0.0590    0.0000
   14 H3     2py        0.4060   -0.0000    0.0000   -0.0127   -0.1217   -0.0318   -0.3075    0.0590    0.5757    0.0000
   15 H3     2pz       -0.0000    0.0323   -0.1310   -0.0000    0.0000    0.0000   -0.0000    0.0000   -0.0000    0.3425
   16 H4     1s        -0.0000    0.6335    0.0951    0.0000   -0.0000   -0.0000    0.0000   -0.0000    0.0000   -0.2284
   17 H4     2s        -0.0000    1.1754    0.0684   -0.0000    0.0000   -0.0000    0.0000   -0.0000    0.0000   -0.2357
   18 H4     2px        0.0274    0.0000   -0.0000    0.4921   -0.0512   -0.1423    0.0147   -0.4437    0.0454   -0.0000
   19 H4     2py       -0.2577    0.0000   -0.0000    0.0512    0.4921   -0.0147   -0.1423   -0.0454   -0.4437   -0.0000
   20 H4     2pz        0.0000    0.1465    0.1014   -0.0000    0.0000    0.0000   -0.0000    0.0000    0.0000   -0.5771
   21 H5     1s         0.0000   -0.3301    0.8955    0.0000   -0.0000    0.0000   -0.0000   -0.0000    0.0000    1.6581
   22 H5     2s         0.0000   -0.5942    1.4772    0.0000   -0.0000    0.0000   -0.0000   -0.0000    0.0000    1.5589
   23 H5     2px        0.0364   -0.0000    0.0000   -0.2725    0.0284    0.4917   -0.0508    0.1658   -0.0170    0.0000
   24 H5     2py       -0.3430   -0.0000    0.0000   -0.0284   -0.2725    0.0508    0.4917    0.0170    0.1658    0.0000
   25 H5     2pz       -0.0000   -0.2427   -0.0368    0.0000   -0.0000   -0.0000    0.0000   -0.0000    0.0000    0.2794
   26 H6     1s        -0.0000   -0.3301   -0.8955   -0.0000    0.0000   -0.0000    0.0000    0.0000   -0.0000   -1.6581
   27 H6     2s        -0.0000   -0.5942   -1.4772   -0.0000    0.0000   -0.0000    0.0000    0.0000   -0.0000   -1.5589
   28 H6     2px       -0.0364   -0.0000    0.0000   -0.2725    0.0284   -0.4917    0.0508    0.1658   -0.0170   -0.0000
   29 H6     2py        0.3430   -0.0000    0.0000   -0.0284   -0.2725   -0.0508   -0.4917    0.0170    0.1658   -0.0000
   30 H6     2pz        0.0000    0.2427   -0.0368   -0.0000    0.0000    0.0000   -0.0000    0.0000   -0.0000    0.2794
   31 H7     1s        -0.0000    0.6335   -0.0951    0.0000   -0.0000    0.0000    0.0000   -0.0000    0.0000    0.2284
   32 H7     2s        -0.0000    1.1754   -0.0684    0.0000   -0.0000    0.0000   -0.0000   -0.0000    0.0000    0.2357
   33 H7     2px       -0.0274    0.0000    0.0000    0.4921   -0.0512    0.1423   -0.0147   -0.4437    0.0454    0.0000
   34 H7     2py        0.2577    0.0000    0.0000    0.0512    0.4921    0.0147    0.1423   -0.0454   -0.4437    0.0000
   35 H7     2pz       -0.0000   -0.1465    0.1014    0.0000   -0.0000   -0.0000    0.0000   -0.0000    0.0000   -0.5771
   36 H8     1s         0.0000   -0.3043    0.9626   -0.0000    0.0000    0.0000   -0.0000    0.0000   -0.0000    1.3283
   37 H8     2s         0.0000   -0.6771    1.4590    0.0000   -0.0000   -0.0000    0.0000    0.0000   -0.0000    1.2238
   38 H8     2px        0.0431    0.0000   -0.0000   -0.1217    0.0127    0.3075   -0.0318    0.5757   -0.0590   -0.0000
   39 H8     2py       -0.4060    0.0000   -0.0000   -0.0127   -0.1217    0.0318    0.3075    0.0590    0.5757   -0.0000
   40 H8     2pz       -0.0000   -0.0323   -0.1310    0.0000   -0.0000    0.0000   -0.0000   -0.0000    0.0000    0.3425
   41 H9     1s        -0.0000   -0.1646   -0.9042    0.0000   -0.0000   -0.0000    0.0000   -0.0000    0.0000   -1.6819
   42 H9     2s        -0.0000   -0.1350   -1.3408   -0.0000    0.0000    0.0000   -0.0000   -0.0000    0.0000   -1.5524
   43 H9     2px        0.0166    0.0000   -0.0000   -0.3957    0.0412   -0.5397    0.0557   -0.5194    0.0532    0.0000
   44 H9     2py       -0.1563    0.0000   -0.0000   -0.0412   -0.3957   -0.0557   -0.5397   -0.0532   -0.5194    0.0000
   45 H9     2pz       -0.0000    0.2137    0.0813   -0.0000    0.0000    0.0000   -0.0000    0.0000   -0.0000    0.1823
   46 H10    1s         0.0000    0.0883    0.4184   -0.0000    0.0000    0.0000   -0.0000    0.0000   -0.0000    0.6919
   47 H10    2s        -0.0000    0.3118    0.3935    0.0000   -0.0000    0.0000   -0.0000    0.0000   -0.0000    0.7348
   48 H10    2px       -0.0472   -0.0000    0.0000    0.4365   -0.0454    0.3861   -0.0399    0.2912   -0.0298   -0.0000
   49 H10    2py        0.4439   -0.0000    0.0000    0.0454    0.4365    0.0399    0.3861    0.0298    0.2912   -0.0000
   50 H10    2pz        0.0000   -0.3644    0.1011    0.0000   -0.0000   -0.0000    0.0000   -0.0000    0.0000   -0.5376
 
 
      Orbital               41        42        43        44        45        46        47        48        49        50
      Energy            1.6369    1.6836    1.6836    1.7389    1.8160    1.9835    2.2725    2.5979    2.9401    3.2275
      Occ. No.          0.0000    0.0000    0.0000    0.0000    0.0000    0.0000    0.0000    0.0000    0.0000    0.0000
 
    1 H1     1s         0.5955   -0.0000    0.0000    0.7029    0.4169   -0.5998    0.5426   -0.4892   -0.3905    0.2230
    2 H1     2s         0.6206   -0.0000    0.0000    0.6405    0.4159   -0.4123    0.2656   -0.1758   -0.1114    0.0558
    3 H1     2px       -0.0000   -0.1574    0.0163   -0.0000   -0.0000   -0.0000    0.0000    0.0000    0.0000   -0.0000
    4 H1     2py       -0.0000   -0.0163   -0.1574   -0.0000   -0.0000   -0.0000    0.0000    0.0000    0.0000   -0.0000
    5 H1     2pz        0.2326   -0.0000    0.0000    0.6398    0.1473   -0.5929    0.5346   -0.4600   -0.3498    0.1931
    6 H2     1s        -1.7943    0.0000   -0.0000   -1.4450   -1.3572    0.8134   -0.3376    0.0143   -0.1672    0.1585
    7 H2     2s        -1.9108    0.0000   -0.0000   -1.1045   -1.3991    0.4745   -0.1763    0.0840    0.0520   -0.0295
    8 H2     2px        0.0000    0.3193   -0.0330    0.0000    0.0000   -0.0000    0.0000   -0.0000   -0.0000    0.0000
    9 H2     2py        0.0000    0.0330    0.3193    0.0000    0.0000   -0.0000    0.0000   -0.0000   -0.0000    0.0000
   10 H2     2pz       -0.3118    0.0000   -0.0000    0.0874   -0.2295   -0.4523    0.7368   -0.8788   -0.8143    0.5001
   11 H3     1s         2.7285   -0.0000    0.0000    0.5910    2.4149    0.3129   -0.5762    0.3302   -0.0298    0.1714
   12 H3     2s         2.8644   -0.0000    0.0000    0.5850    2.4889   -0.0025   -0.0809   -0.0102   -0.0410    0.0295
   13 H3     2px       -0.0000   -0.4535    0.0469   -0.0000   -0.0000   -0.0000    0.0000    0.0000    0.0000   -0.0000
   14 H3     2py       -0.0000   -0.0469   -0.4535   -0.0000   -0.0000   -0.0000    0.0000    0.0000    0.0000   -0.0000
   15 H3     2pz        0.1559    0.0000   -0.0000   -0.6148    0.1680    0.5146   -0.0272   -0.6063   -0.9829    0.7625
   16 H4     1s        -2.5173    0.0000   -0.0000    0.5612   -3.1343   -0.3797   -0.2479    0.5741    0.2516    0.0932
   17 H4     2s        -2.5913    0.0000   -0.0000    0.2118   -3.2639   -0.0445   -0.1007    0.1174    0.0366   -0.0040
   18 H4     2px        0.0000    0.5498   -0.0568    0.0000    0.0000   -0.0000   -0.0000   -0.0000    0.0000   -0.0000
   19 H4     2py        0.0000    0.0568    0.5498    0.0000    0.0000   -0.0000   -0.0000   -0.0000    0.0000   -0.0000
   20 H4     2pz        0.1720   -0.0000    0.0000    0.2584   -0.0493    0.4663   -0.7370    0.1439   -0.7973    0.9608
   21 H5     1s         1.0214   -0.0000    0.0000   -0.4700    3.4341   -0.7302    0.5548    0.2116    0.3791    0.0339
   22 H5     2s         1.0426   -0.0000    0.0000   -0.2480    3.6223   -0.4199    0.1549    0.0075    0.0263    0.0060
   23 H5     2px       -0.0000   -0.5998    0.0620   -0.0000   -0.0000    0.0000    0.0000    0.0000   -0.0000   -0.0000
   24 H5     2py       -0.0000   -0.0620   -0.5998   -0.0000   -0.0000    0.0000    0.0000    0.0000   -0.0000   -0.0000
   25 H5     2pz       -0.4415   -0.0000    0.0000    0.4376   -0.0013   -0.4895   -0.4574    0.7861   -0.3016    1.0615
   26 H6     1s         1.0214    0.0000   -0.0000   -0.4700   -3.4341    0.7302    0.5548   -0.2116    0.3791   -0.0339
   27 H6     2s         1.0426    0.0000   -0.0000   -0.2480   -3.6223    0.4199    0.1549   -0.0075    0.0263   -0.0060
   28 H6     2px       -0.0000    0.5998   -0.0620    0.0000    0.0000    0.0000    0.0000   -0.0000    0.0000   -0.0000
   29 H6     2py       -0.0000    0.0620    0.5998    0.0000    0.0000    0.0000    0.0000   -0.0000    0.0000   -0.0000
   30 H6     2pz        0.4415    0.0000   -0.0000   -0.4376   -0.0013   -0.4895    0.4574    0.7861    0.3016    1.0615
   31 H7     1s        -2.5173   -0.0000    0.0000    0.5611    3.1342    0.3797   -0.2479   -0.5741    0.2516   -0.0932
   32 H7     2s        -2.5913   -0.0000    0.0000    0.2118    3.2639    0.0445   -0.1007   -0.1174    0.0366    0.0040
   33 H7     2px        0.0000   -0.5498    0.0568   -0.0000   -0.0000   -0.0000   -0.0000   -0.0000    0.0000    0.0000
   34 H7     2py        0.0000   -0.0568   -0.5498   -0.0000   -0.0000   -0.0000   -0.0000   -0.0000    0.0000    0.0000
   35 H7     2pz       -0.1720    0.0000   -0.0000   -0.2584   -0.0493    0.4663    0.7370    0.1439    0.7973    0.9608
   36 H8     1s         2.7285    0.0000   -0.0000    0.5910   -2.4149   -0.3129   -0.5762   -0.3302   -0.0298   -0.1714
   37 H8     2s         2.8644    0.0000   -0.0000    0.5850   -2.4889    0.0025   -0.0809    0.0102   -0.0410   -0.0295
   38 H8     2px       -0.0000    0.4535   -0.0469    0.0000    0.0000   -0.0000   -0.0000    0.0000   -0.0000   -0.0000
   39 H8     2py       -0.0000    0.0469    0.4535    0.0000    0.0000   -0.0000   -0.0000    0.0000   -0.0000   -0.0000
   40 H8     2pz       -0.1559   -0.0000    0.0000    0.6148    0.1680    0.5146    0.0272   -0.6063    0.9829    0.7625
   41 H9     1s        -1.7943   -0.0000    0.0000   -1.4450    1.3572   -0.8134   -0.3376   -0.0143   -0.1672   -0.1585
   42 H9     2s        -1.9108   -0.0000    0.0000   -1.1045    1.3991   -0.4745   -0.1763   -0.0840    0.0520    0.0295
   43 H9     2px        0.0000   -0.3193    0.0330   -0.0000   -0.0000    0.0000   -0.0000   -0.0000    0.0000    0.0000
   44 H9     2py        0.0000   -0.0330   -0.3193   -0.0000   -0.0000    0.0000   -0.0000   -0.0000    0.0000    0.0000
   45 H9     2pz        0.3118    0.0000   -0.0000   -0.0874   -0.2295   -0.4523   -0.7368   -0.8788    0.8143    0.5001
   46 H10    1s         0.5955    0.0000   -0.0000    0.7029   -0.4169    0.5998    0.5426    0.4892   -0.3905   -0.2230
   47 H10    2s         0.6206    0.0000   -0.0000    0.6405   -0.4159    0.4123    0.2656    0.1758   -0.1114   -0.0558
   48 H10    2px       -0.0000    0.1574   -0.0163    0.0000    0.0000   -0.0000   -0.0000   -0.0000    0.0000    0.0000
   49 H10    2py       -0.0000    0.0163    0.1574    0.0000    0.0000   -0.0000   -0.0000   -0.0000    0.0000    0.0000
   50 H10    2pz       -0.2326   -0.0000    0.0000   -0.6398    0.1473   -0.5929   -0.5346   -0.4600    0.3498    0.1931
--
 
      Von Neumann Entropy (Root  1) =  1.97573
 

      Mulliken population analysis for root number:  1
      -----------------------------------------------
 
 
++    Molecular charges:
      ------------------
 
      Mulliken charges per centre and basis function type
      ---------------------------------------------------
 
                H1      H2      H3      H4      H5      H6      H7      H8      H9      H10   
      1s       0.9659  1.0171  1.0100  1.0043  1.0066  1.0066  1.0043  1.0100  1.0171  0.9659
      2s       0.0004 -0.0107 -0.0326 -0.0245 -0.0264 -0.0264 -0.0245 -0.0326 -0.0107  0.0004
      2px      0.0000  0.0000  0.0000  0.0000  0.0000  0.0000  0.0000  0.0000  0.0000  0.0000
      2pz      0.0088  0.0212  0.0198  0.0200  0.0201  0.0201  0.0200  0.0198  0.0212  0.0088
      2py      0.0000  0.0000  0.0000  0.0000  0.0000  0.0000  0.0000  0.0000  0.0000  0.0000
      Total    0.9751  1.0276  0.9972  0.9999  1.0002  1.0002  0.9999  0.9972  1.0276  0.9751
 
      N-E      0.0249 -0.0276  0.0028  0.0001 -0.0002 -0.0002  0.0001  0.0028 -0.0276  0.0249
 
      Total electronic charge=   10.000000
 
      Total            charge=   -0.000000
--
 
 

      Expectation values of various properties for root number:  1
      -----------------------------------------------------------
 
 
++    Molecular properties:
      ---------------------
 
      Charge (e):
                      =   -0.0000
      Dipole Moment (Debye):
      Origin of the operator (Ang)=    0.0000    0.0000    0.0000
                   X=  1.4062E-06               Y=  1.4208E-07               Z= -2.6768E-05           Total=  2.6805E-05
      Quadrupole Moment (Debye*Ang):
      Origin of the operator (Ang)=    0.0000    0.0000    6.3000
                  XX= -1.3600E+01              XY= -2.4693E-13              XZ=  2.3978E-06              YY= -1.3600E+01
                  YZ=  2.4187E-07              ZZ= -8.7802E+00
      In traceless form (Debye*Ang)
                  XX= -2.4100E+00              XY= -3.7040E-13              XZ=  3.5967E-06              YY= -2.4100E+00
                  YZ=  3.6281E-07              ZZ=  4.8199E+00
--
 

      LoProp population analysis for root number:  1
      -----------------------------------------------
 
 
++    LoProp analysis:
      ----------------
 
 
 
  Input file to MOLDEN was generated!
 
 
++    Static properties:
      ------------------
 
 
      LoProp Charges per center
 

                   H1       H2       H3       H4       H5       H6       H7       H8       H9       H10   
      Nuclear      1.0000   1.0000   1.0000   1.0000   1.0000   1.0000   1.0000   1.0000   1.0000   1.0000
      Electronic  -1.0006  -0.9996  -0.9993  -1.0005  -1.0001  -1.0001  -1.0005  -0.9993  -0.9996  -1.0006
 
      Total       -0.0006   0.0004   0.0007  -0.0005  -0.0001  -0.0001  -0.0005   0.0007   0.0004  -0.0006
--
 
 
      Natural Bond Order analysis for root number:  1
 
++    Natural Bond Order analysis
      ---------------------------
      Based on LoProp computed density
      -------------------------------------------------------------------------------------
      Atom A       Atom B       Bond Order
      -------------------------------------------------------------------------------------
      NBO located      0.979 non-bonded electrons on atom H1        
      NBO located      1.019 non-bonded electrons on atom H3        
      NBO located      1.013 non-bonded electrons on atom H4        
      NBO located      1.016 non-bonded electrons on atom H5        
      NBO located      1.016 non-bonded electrons on atom H6        
      NBO located      1.013 non-bonded electrons on atom H7        
      NBO located      1.019 non-bonded electrons on atom H8        
      NBO located      0.979 non-bonded electrons on atom H10       
      The remaining    1.946 electrons are to be considered as diffuse
--
 
--
 
 
  Input file to MOLDEN was generated!
 
      Average orbitals are written to the RASORB file
      Natural orbitals for root   1 are written to the RASORB.1 file
      Spin density orbitals for root   1 are written to the SPDORB.1 file
 
forrtl: warning (525): IEEE_DIVIDE_BY_ZERO is signaling
forrtl: warning (526): IEEE_INVALID is signaling
forrtl: warning (528): IEEE_UNDERFLOW is signaling
--- Stop Module: rasscf at Sun Oct 26 14:58:39 2025 /rc=_RC_ALL_IS_WELL_ ---
*** files: H10_1.40.LprOrb H10_1.40.rasscf.molden H10_1.40.LoProp.molden H10_1.40.RasOrb.1 H10_1.40.RasOrb H10_1.40.rasscf.h5 H10_1.40.SpdOrb.1 xmldump
    saved to directory ${LOCALHOME}/DDCASPT2/hydrogen_comps/rerun/H10_chain/H10_1.40
--- Module rasscf spent 11 seconds ---

>>> COPY /tmp/H10_1.40/H10_1.40.rasscf.h5 ${LOCALHOME}/DDCASPT2/hydrogen_comps/rerun/H10_chain/H10_1.40/

>>> COPY /tmp/H10_1.40/DDCASPT2_Fock_MO.csv ${LOCALHOME}/DDCASPT2/hydrogen_comps/rerun/H10_chain/H10_1.40/H10_1.40.DDCASPT2_Fock_MO.csv

*** symbolic link created: INPORB -> H10_1.40.RasOrb
--- Start Module: motra at Sun Oct 26 14:58:39 2025 ---
 
()()()()()()()()()()()()()()()()()()()()()()()()()()()()()()()()()()()()()()()()()()()()()()()()()()

                                               &MOTRA

                                   only a single process is used
                       available to each process: 2.0 GB of memory, 1 thread?
()()()()()()()()()()()()()()()()()()()()()()()()()()()()()()()()()()()()()()()()()()()()()()()()()()
 
 
      *** WARNING: Default frozen orbitals is overwritten by user input.
      *** Default values:   0
 
      Header of the integral files:
      
       Integrals generated by seward 4.2.0  , Sun Oct 26 14:58:26 2025
 
 
      Header of MO coefficients source file:
      * RASSCF average (pseudo-natural) orbitals                                      
 
 
      Cartesian coordinates in Angstrom:
      -----------------------------------------------------
      No.  Label        X            Y            Z        
      -----------------------------------------------------
       1   H1         0.00000000   0.00000000   0.00000000
       2   H2         0.00000000   0.00000000   1.40000000
       3   H3         0.00000000   0.00000000   2.80000000
       4   H4         0.00000000   0.00000000   4.20000000
       5   H5         0.00000000   0.00000000   5.60000000
       6   H6         0.00000000   0.00000000   7.00000000
       7   H7         0.00000000   0.00000000   8.40000000
       8   H8         0.00000000   0.00000000   9.80000000
       9   H9         0.00000000   0.00000000  11.20000000
      10   H10        0.00000000   0.00000000  12.60000000
      -----------------------------------------------------
      Nuclear repulsion energy =    7.29118600
 
      Orbital specifications:
      -----------------------
 
      Symmetry species:              1
      Number of basis functions:    50
      Frozen orbitals:               0
      Deleted orbitals:              0
      Number of orbitals used:      50

       SYMMETRY  BASIS FUNCTIONS       ORBITALS      INTEGRALS   CPU(SEC)  I/O(SEC)
        1 1 1 1   50  50  50  50    50  50  50  50      813450       0.00      0.00

       TOTAL CPU TIME(SEC)    0.49TOTAL I/O TIME(SEC)    1.20
 
--- Stop Module: motra at Sun Oct 26 14:58:40 2025 /rc=_RC_ALL_IS_WELL_ ---
*** files: xmldump
    saved to directory ${LOCALHOME}/DDCASPT2/hydrogen_comps/rerun/H10_chain/H10_1.40
--- Module motra spent 1 second ---

>>> COPY /tmp/H10_1.40/DDCASPT2_one_int_indx.csv ${LOCALHOME}/DDCASPT2/hydrogen_comps/rerun/H10_chain/H10_1.40/H10_1.40.DDCASPT2_one_int_indx.csv

>>> COPY /tmp/H10_1.40/DDCASPT2_one_int.csv ${LOCALHOME}/DDCASPT2/hydrogen_comps/rerun/H10_chain/H10_1.40/H10_1.40.DDCASPT2_one_int.csv

>>> COPY /tmp/H10_1.40/DDCASPT2_two_int_indx.csv ${LOCALHOME}/DDCASPT2/hydrogen_comps/rerun/H10_chain/H10_1.40/H10_1.40.DDCASPT2_two_int_indx.csv

>>> COPY /tmp/H10_1.40/DDCASPT2_two_int.csv ${LOCALHOME}/DDCASPT2/hydrogen_comps/rerun/H10_chain/H10_1.40/H10_1.40.DDCASPT2_two_int.csv

*** symbolic link created: INPORB -> H10_1.40.RasOrb
--- Start Module: caspt2 at Sun Oct 26 14:58:40 2025 ---
 
()()()()()()()()()()()()()()()()()()()()()()()()()()()()()()()()()()()()()()()()()()()()()()()()()()

                                              &CASPT2

                                   only a single process is used
                       available to each process: 2.0 GB of memory, 1 thread?
()()()()()()()()()()()()()()()()()()()()()()()()()()()()()()()()()()()()()()()()()()()()()()()()()()
 
 Cholesky algorithm in CASPT2 =    1
 
 ###############################################################################
 ###############################################################################
 ###                                                                         ###
 ###                                                                         ###
 ###    User changed nr of frozen orbitals.                                  ###
 ###                                                                         ###
 ###                                                                         ###
 ###############################################################################
 ###############################################################################
 
++    Wave function specifications:
      -----------------------------
 
      Number of closed shell electrons           0
      Number of electrons in active shells      10
      Max number of holes in RAS1 space          0
      Max number of electrons in RAS3 space      0
      Number of inactive orbitals                0
      Number of active orbitals                 10
      Number of secondary orbitals              40
      Spin quantum number                      0.0
      State symmetry                             1
      Number of CSFs                         19404
      Number of root(s) available                1
      Root passed to geometry opt.               1
      A file JOBMIX will be created.
      This is a CASSCF or RASSCF reference function
--
 
++    Orbital specifications:
      -----------------------
 
      Symmetry species                           1
                                                 a
      Frozen orbitals                            0
      Inactive orbitals                          0
      Active orbitals                           10
      Secondary orbitals                        40
      Deleted orbitals                           0
      Number of basis functions                 50
--
 
      Type of Fock operator: STANDARD
      Type of 0-order Hamiltonian: STANDARD WITH DEFAULT IPEA
        "IP-EA" denominator shift =      0.25
      The input orbitals and the CI vector will be transformed.
 
--------------------------------------------------------------------------------
 Estimated memory requirements:
  POLY3 :                  3551880
  RHS:                      835500
  SIGMA :                   430400
  PRPCTL:                        0
 Available workspace:    230354915
 
++ CASPT2 computation for group   1
 
********************************************************************************
 Multi-State initialization phase begins for group   1
--------------------------------------------------------------------------------
********************************************************************************
 Compute H0 matrices for state    1
--------------------------------------------------------------------------------
--------------------------------------------------------------------------------
 H0 matrices have been computed.
 
********************************************************************************
  CASPT2 EQUATION SOLUTION
--------------------------------------------------------------------------------
 
  Total nr of CASPT2 parameters:
   Before reduction:      120200
   After  reduction:      119800
 
 The contributions to the second order correlation energy in atomic units.
-----------------------------------------------------------------------------------------------------------------------------
  IT.      VJTU        VJTI        ATVX        AIVX        VJAI        BVAT        BJAT        BJAI        TOTAL       RNORM  
-----------------------------------------------------------------------------------------------------------------------------
   1     0.000000    0.000000   -0.016605    0.000000    0.000000   -0.036233    0.000000    0.000000   -0.052837    0.002234
   2     0.000000    0.000000   -0.016774    0.000000    0.000000   -0.036270    0.000000    0.000000   -0.053044    0.000171
   3     0.000000    0.000000   -0.016775    0.000000    0.000000   -0.036271    0.000000    0.000000   -0.053046    0.000023
   4     0.000000    0.000000   -0.016774    0.000000    0.000000   -0.036271    0.000000    0.000000   -0.053045    0.000002
-------------------------------------------------------------------------------------------------------------------
 
  FINAL CASPT2 RESULT:
 
  Correlation energy /Case, /Symm, and sums:
 VJTU      0.00000000  0.00000000
 VJTIP     0.00000000  0.00000000
 VJTIM     0.00000000  0.00000000
 ATVX     -0.01677415 -0.01677415
 AIVX      0.00000000  0.00000000
 VJAIP     0.00000000  0.00000000
 VJAIM     0.00000000  0.00000000
 BVATP    -0.03437375 -0.03437375
 BVATM    -0.00189688 -0.00189688
 BJATP     0.00000000  0.00000000
 BJATM     0.00000000  0.00000000
 BJAIP     0.00000000  0.00000000
 BJAIM     0.00000000  0.00000000
 Summed:  -0.05304478 -0.05304478
 
      Reference energy:          -5.3286916962
      E2 (Non-variational):      -0.0530447790
      E2 (Variational):          -0.0530447850
      Total energy:              -5.3817364812
      Residual norm:              0.0000002371
      Reference weight:           0.97548
 
      Contributions to the CASPT2 correlation energy
      Active & Virtual Only:         -0.0530447790
      One Inactive Excited:           0.0000000000
      Two Inactive Excited:           0.0000000000
 
 
++ Denominators, etc.
----------------------------------------------------------------------------------------------------
 Report on small energy denominators, large coefficients, and large energy contributions.
CASE  SYMM ACTIVE-MIX  NON-ACTIVE INDICES          DENOMINATOR     RHS VALUE       COEFFICIENT     CONTRIBUTION
ATVX     1  Mu1.0001  Se1.011                       0.24301593     -0.00020192      0.00065610     -0.00000013
ATVX     1  Mu1.0001  Se1.012                       0.27305717      0.00000024     -0.00000088     -0.00000000
--
 
   (Skipping property calculation,
    use PROP keyword to activate)
--
 
  Total CASPT2 energies:
::    CASPT2 Root  1     Total energy:     -5.38173648
 
  A NEW JOBIPH FILE NAMED 'JOBMIX' IS PREPARED.
********************************************************************************
forrtl: warning (528): IEEE_UNDERFLOW is signaling
--- Stop Module: caspt2 at Sun Oct 26 14:58:46 2025 /rc=_RC_ALL_IS_WELL_ ---
*** files: xmldump
    saved to directory ${LOCALHOME}/DDCASPT2/hydrogen_comps/rerun/H10_chain/H10_1.40
--- Module caspt2 spent 5 seconds ---

>>> EXPORT i = B

>>> EXPORT j = P

>>> IF (-FILE DDCASPT2_e2_${i}_${j}_1_.csv)
(Skipped)

>>> END FOREACH

>>> EXPORT j = M

>>> IF (-FILE DDCASPT2_e2_${i}_${j}_1_.csv)
(Skipped)

>>> END FOREACH

>>> END FOREACH

>>> EXPORT i = E

>>> EXPORT j = P

>>> IF (-FILE DDCASPT2_e2_${i}_${j}_1_.csv)
(Skipped)

>>> END FOREACH

>>> EXPORT j = M

>>> IF (-FILE DDCASPT2_e2_${i}_${j}_1_.csv)
(Skipped)

>>> END FOREACH

>>> END FOREACH

>>> EXPORT i = F

>>> EXPORT j = P

>>> IF (-FILE DDCASPT2_e2_${i}_${j}_1_.csv)

>>> COPY /tmp/H10_1.40/DDCASPT2_RHS_F_P_1_.csv ${LOCALHOME}/DDCASPT2/hydrogen_comps/rerun/H10_chain/H10_1.40/DDCASPT2_RHS_F_P_1_.csv

>>> COPY /tmp/H10_1.40/DDCASPT2_IVECW_F_P_1_.csv ${LOCALHOME}/DDCASPT2/hydrogen_comps/rerun/H10_chain/H10_1.40/DDCASPT2_IVECW_F_P_1_.csv

>>> COPY /tmp/H10_1.40/DDCASPT2_IVECX_F_P_1_.csv ${LOCALHOME}/DDCASPT2/hydrogen_comps/rerun/H10_chain/H10_1.40/DDCASPT2_IVECX_F_P_1_.csv

>>> COPY /tmp/H10_1.40/DDCASPT2_IVECC2_F_P_1_.csv ${LOCALHOME}/DDCASPT2/hydrogen_comps/rerun/H10_chain/H10_1.40/DDCASPT2_IVECC2_F_P_1_.csv

>>> COPY /tmp/H10_1.40/DDCASPT2_e2_F_P_1_.csv ${LOCALHOME}/DDCASPT2/hydrogen_comps/rerun/H10_chain/H10_1.40/DDCASPT2_e2_F_P_1_.csv

>>> END FOREACH

>>> EXPORT j = M

>>> IF (-FILE DDCASPT2_e2_${i}_${j}_1_.csv)

>>> COPY /tmp/H10_1.40/DDCASPT2_RHS_F_M_1_.csv ${LOCALHOME}/DDCASPT2/hydrogen_comps/rerun/H10_chain/H10_1.40/DDCASPT2_RHS_F_M_1_.csv

>>> COPY /tmp/H10_1.40/DDCASPT2_IVECW_F_M_1_.csv ${LOCALHOME}/DDCASPT2/hydrogen_comps/rerun/H10_chain/H10_1.40/DDCASPT2_IVECW_F_M_1_.csv

>>> COPY /tmp/H10_1.40/DDCASPT2_IVECX_F_M_1_.csv ${LOCALHOME}/DDCASPT2/hydrogen_comps/rerun/H10_chain/H10_1.40/DDCASPT2_IVECX_F_M_1_.csv

>>> COPY /tmp/H10_1.40/DDCASPT2_IVECC2_F_M_1_.csv ${LOCALHOME}/DDCASPT2/hydrogen_comps/rerun/H10_chain/H10_1.40/DDCASPT2_IVECC2_F_M_1_.csv

>>> COPY /tmp/H10_1.40/DDCASPT2_e2_F_M_1_.csv ${LOCALHOME}/DDCASPT2/hydrogen_comps/rerun/H10_chain/H10_1.40/DDCASPT2_e2_F_M_1_.csv

>>> END FOREACH

>>> END FOREACH

>>> EXPORT i = G

>>> EXPORT j = P

>>> IF (-FILE DDCASPT2_e2_${i}_${j}_1_.csv)
(Skipped)

>>> END FOREACH

>>> EXPORT j = M

>>> IF (-FILE DDCASPT2_e2_${i}_${j}_1_.csv)
(Skipped)

>>> END FOREACH

>>> END FOREACH

>>> EXPORT i = H

>>> EXPORT j = P

>>> IF (-FILE DDCASPT2_e2_${i}_${j}_1_.csv)
(Skipped)

>>> END FOREACH

>>> EXPORT j = M

>>> IF (-FILE DDCASPT2_e2_${i}_${j}_1_.csv)
(Skipped)

>>> END FOREACH

>>> END FOREACH

>>> EXPORT i = A

>>> IF (-FILE DDCASPT2_e2_${i}_1_.csv)
(Skipped)

>>> END FOREACH

>>> EXPORT i = C

>>> IF (-FILE DDCASPT2_e2_${i}_1_.csv)

>>> COPY /tmp/H10_1.40/DDCASPT2_RHS_C_1_.csv ${LOCALHOME}/DDCASPT2/hydrogen_comps/rerun/H10_chain/H10_1.40/DDCASPT2_RHS_C_1_.csv

>>> COPY /tmp/H10_1.40/DDCASPT2_IVECW_C_1_.csv ${LOCALHOME}/DDCASPT2/hydrogen_comps/rerun/H10_chain/H10_1.40/DDCASPT2_IVECW_C_1_.csv

>>> COPY /tmp/H10_1.40/DDCASPT2_IVECX_C_1_.csv ${LOCALHOME}/DDCASPT2/hydrogen_comps/rerun/H10_chain/H10_1.40/DDCASPT2_IVECX_C_1_.csv

>>> COPY /tmp/H10_1.40/DDCASPT2_IVECC2_C_1_.csv ${LOCALHOME}/DDCASPT2/hydrogen_comps/rerun/H10_chain/H10_1.40/DDCASPT2_IVECC2_C_1_.csv

>>> COPY /tmp/H10_1.40/DDCASPT2_e2_C_1_.csv ${LOCALHOME}/DDCASPT2/hydrogen_comps/rerun/H10_chain/H10_1.40/DDCASPT2_e2_C_1_.csv

>>> END FOREACH

>>> EXPORT i = D

>>> IF (-FILE DDCASPT2_e2_${i}_1_.csv)
(Skipped)

>>> END FOREACH

.########################.
.# Non-zero return code #.
.########################.

    Timing: Wall=19.65 User=18.16 System=1.47
****************************************
*** WorkDir at /tmp/H10_1.40 cleaned ***
****************************************
