   This run of MOLCAS is using the pymolcas driver

                             OPE
                             OPE          NMOL  CASOP  ENMOLC A   SO
                 OPE        NMOLC        AS  OP EN  MO LC     AS  OP
                OPENM       OL CA        SO  PE NM  OL CA     SOP EN
                OP EN      MO   LC       AS  OP ENMOL  CASO   PENMOL
                OP  EN     MO   LC       AS  OP EN     MO     LC ASO
               OP   E  NMOL  C  AS       OP  EN MO     LC     AS  OP
               OP  E   NMO   LC AS        OPEN  MO     LCASOP EN   M
               O  PEN   MO  LCA  SO
            OPE   NMO   L   CAS    OP
        OPENMOL  CASOP     ENMOL   CASOPE
     OPENMOLCA   SOPENMOLCASOPEN   MOLCASOPE
    OPENMOLCAS   OP           EN   MOL    CAS
    OPENMOLCAS       OP  ENM        O     LCA
    OPENMOLCAS    OPEN  MOLCASO     P  E  NMO
    OPENMOLCAS     OP               E  N  MOL
    OPENMOLCA   SO           PENM   O  L  CAS    OPEN    MO    LCAS
    OPENMOLCA   SOP           ENM   O  L  CAS   OP  EN  MOLC  AS   O
    OPENMOLCA   SOPE           NM      O  LCA   S      OP  EN MO
    OPENMOLC                AS         O  PEN   M      OL  CA  SOPE
    OPENMO        LCASOPE  NMOL        C  ASO   P      ENMOLC     AS
    OPE     NMO      LCA  SO     P     E   NM   OL  CA SO  PE N   MO
          OPENMOLCA            SOPE   NMO        LCAS  O    P  ENMO
     OPENMOLCASOPENMOLCASOPENMOLCASOPENMOLCA
        OPENMOLCASOPENMOLCASOPENMOLCASOPE
            OPENMOLCASOPENMOLCASOPENM
               OPENMOLCASOPENMOLCA        version: f37762c57
                   OPENMOLCASO
                       OPE                tag:

 OpenMolcas is free software; you can redistribute it and/or modify it
 under the terms of the GNU Lesser General Public License version 2.1.
 OpenMolcas is distributed in the hope that it will be useful, but it
 is provided "as is" and without any express or implied warranties.
 For more details see the full text of the license in the file
 LICENSE or in <http://www.gnu.org/licenses/>.

                 Copyright (C) The OpenMolcas Authors
           For the author list and the recommended citation,
                   consult the file CONTRIBUTORS.md

           *************************************************
           * pymolcas version py2.28                       *
           *   build c4a6d18ded8cb6cad61d2372a9abd97c      *
           *   (after the EMIL interpreter by V. Veryazov) *
           *************************************************

configuration info
------------------
C Compiler ID: Intel
C flags: -std=gnu99 -gcc-sys
Fortran Compiler ID: IntelLLVM
Fortran flags: -standard-semantics -fltconsistency -fpp -i8 -heap-arrays
Definitions: _MOLCAS_;_I8_;_LINUX_
Parallel: OFF (GA=OFF)


   ----------------------------------------------------------------------------------------
  |
  |              Project: H10_2.25
  |       Submitted from: /home/grierjones/DDCASPT2/hydrogen_comps/rerun/H10_chain/H10_2.25
  |         Scratch area: /tmp/H10_2.25
  |      Save outputs to: /home/grierjones/DDCASPT2/hydrogen_comps/rerun/H10_chain/H10_2.25
  |               Molcas: /home/grierjones/Test/build
  |
  | Scratch area is empty
  |
  |       MOLCAS_DRIVER = /usr/local/pymolcas
  | MOLCAS_KEEP_WORKDIR = NO
  |  MOLCAS_NEW_WORKDIR = YES
  |       MOLCAS_NPROCS = 1
  |        MOLCAS_PRINT = NORMAL
  |       MOLCAS_SOURCE = /home/grierjones/Test
  |    MOLCAS_STRUCTURE = 0
  |
   ----------------------------------------------------------------------------------------

++ ---------   Input file   ---------

&GATEWAY
coord=H10_2.25.xyz
Basis = ANO-RCC-VDZP
Group = nosymm
End of Input

&SEWARD
End of Input

&SCF

>>> COPY $WorkDir/H10_2.25.scf.h5 $CurrDir/

&RASSCF
Title= RASSCF
FileOrb
/home/grierjones/DDCASPT2/hydrogen_comps/rerun/H10_chain/H10_0.60/H10_0.60.RasOrb
NACTEL
10 0 0
Inactive
0
RAS2
10
Symmetry
1
Spin
1
orblisting
all

>>> COPY $WorkDir/H10_2.25.rasscf.h5 $CurrDir/

>>> COPY $WorkDir/GMJ_Fock_MO.csv $CurrDir/H10_2.25.GMJ_Fock_MO.csv

&MOTRA
Frozen=0
LUMORB

>>> COPY $WorkDir/GMJ_one_int_indx.csv $CurrDir/H10_2.25.GMJ_one_int_indx.csv

>>> COPY $WorkDir/GMJ_one_int.csv $CurrDir/H10_2.25.GMJ_one_int.csv

>>> COPY $WorkDir/GMJ_two_int_indx.csv $CurrDir/H10_2.25.GMJ_two_int_indx.csv

>>> COPY $WorkDir/GMJ_two_int.csv $CurrDir/H10_2.25.GMJ_two_int.csv

&CASPT2
Frozen
0

MAXITER
50

>>> FOREACH i IN (B,E,F,G,H)

  >>> FOREACH j IN (P,M)

    >>> IF (-FILE GMJ_e2_${i}_${j}_1_.csv)

      >>> COPY $WorkDir/GMJ_RHS_${i}_${j}_1_.csv $CurrDir/GMJ_RHS_${i}_${j}_1_.csv

      >>> COPY $WorkDir/GMJ_IVECW_${i}_${j}_1_.csv $CurrDir/GMJ_IVECW_${i}_${j}_1_.csv

      >>> COPY $WorkDir/GMJ_IVECX_${i}_${j}_1_.csv $CurrDir/GMJ_IVECX_${i}_${j}_1_.csv

      >>> COPY $WorkDir/GMJ_IVECC2_${i}_${j}_1_.csv $CurrDir/GMJ_IVECC2_${i}_${j}_1_.csv

      >>> COPY $WorkDir/GMJ_e2_${i}_${j}_1_.csv $CurrDir/GMJ_e2_${i}_${j}_1_.csv

    >>> END IF

  >>> END FOREACH

>>> END FOREACH

>>> FOREACH i IN (A,C,D)

  >>> IF (-FILE GMJ_e2_${i}_1_.csv)

    >>> COPY $WorkDir/GMJ_RHS_${i}_1_.csv $CurrDir/GMJ_RHS_${i}_1_.csv

    >>> COPY $WorkDir/GMJ_IVECW_${i}_1_.csv $CurrDir/GMJ_IVECW_${i}_1_.csv

    >>> COPY $WorkDir/GMJ_IVECX_${i}_1_.csv $CurrDir/GMJ_IVECX_${i}_1_.csv

    >>> COPY $WorkDir/GMJ_IVECC2_${i}_1_.csv $CurrDir/GMJ_IVECC2_${i}_1_.csv

    >>> COPY $WorkDir/GMJ_e2_${i}_1_.csv $CurrDir/GMJ_e2_${i}_1_.csv

  >>> END IF

>>> END FOREACH

-- ----------------------------------

--- Start Module: gateway at Sun Oct 26 16:57:29 2025 ---
 
()()()()()()()()()()()()()()()()()()()()()()()()()()()()()()()()()()()()()()()()()()()()()()()()()()

                                              &GATEWAY

                                   only a single process is used
                       available to each process: 2.0 GB of memory, 1 thread?
()()()()()()()()()()()()()()()()()()()()()()()()()()()()()()()()()()()()()()()()()()()()()()()()()()
 
 
++    Symmetry information:
      ---------------------
 
                    Character Table for C1 
 
                             E  
                    a        1  x, y, xy, Rz, z, xz, Ry, yz, Rx, I
--
 
 
++    Basis set information:
      ----------------------
 
 
      Basis set label: H.ANO-RCC...2S1P.
 
      Electronic valence basis set:
      ------------------
      Associated Effective Charge   1.000000 au
      Associated Actual Charge      1.000000 au
      Nuclear Model: Point charge
 
      Shell  nPrim  nBasis  Cartesian Spherical Contaminant
         s       8       2        X                  
         p       4       1        X                  
--
 
 
++    Molecular structure info:
      -------------------------
 
                    ************************************************ 
                    **** Cartesian Coordinates / Bohr, Angstrom **** 
                    ************************************************ 
 
     Center  Label                x              y              z                     x              y              z
        1      H1               0.000000       0.000000       0.000000              0.000000       0.000000       0.000000
        2      H2               0.000000       0.000000       4.249021              0.000000       0.000000       2.248485
        3      H3               0.000000       0.000000       8.498042              0.000000       0.000000       4.496970
        4      H4               0.000000       0.000000      12.747063              0.000000       0.000000       6.745455
        5      H5               0.000000       0.000000      16.996081              0.000000       0.000000       8.993939
        6      H6               0.000000       0.000000      21.245102              0.000000       0.000000      11.242424
        7      H7               0.000000       0.000000      25.494123              0.000000       0.000000      13.490909
        8      H8               0.000000       0.000000      29.743144              0.000000       0.000000      15.739394
        9      H9               0.000000       0.000000      33.992165              0.000000       0.000000      17.987879
       10      H10              0.000000       0.000000      38.241186              0.000000       0.000000      20.236364
 
                    *************************************** 
                    *    InterNuclear Distances / Bohr    * 
                    *************************************** 
 
               1 H1            2 H2            3 H3            4 H4            5 H5            6 H6    
    1 H1       0.000000
    2 H2       4.249021        0.000000
    3 H3       8.498042        4.249021        0.000000
    4 H4      12.747063        8.498042        4.249021        0.000000
    5 H5      16.996081       12.747061        8.498040        4.249019        0.000000
    6 H6      21.245102       16.996081       12.747061        8.498040        4.249021        0.000000
    7 H7      25.494123       21.245102       16.996081       12.747061        8.498042        4.249021
    8 H8      29.743144       25.494123       21.245102       16.996081       12.747063        8.498042
    9 H9      33.992165       29.743144       25.494123       21.245102       16.996083       12.747063
   10 H10     38.241186       33.992165       29.743144       25.494123       21.245104       16.996083
 
               7 H7            8 H8            9 H9           10 H10   
    7 H7       0.000000
    8 H8       4.249021        0.000000
    9 H9       8.498042        4.249021        0.000000
   10 H10     12.747063        8.498042        4.249021        0.000000
 
                    ******************************************* 
                    *    InterNuclear Distances / Angstrom    * 
                    ******************************************* 
 
               1 H1            2 H2            3 H3            4 H4            5 H5            6 H6    
    1 H1       0.000000
    2 H2       2.248485        0.000000
    3 H3       4.496970        2.248485        0.000000
    4 H4       6.745455        4.496970        2.248485        0.000000
    5 H5       8.993939        6.745454        4.496969        2.248484        0.000000
    6 H6      11.242424        8.993939        6.745454        4.496969        2.248485        0.000000
    7 H7      13.490909       11.242424        8.993939        6.745454        4.496970        2.248485
    8 H8      15.739394       13.490909       11.242424        8.993939        6.745455        4.496970
    9 H9      17.987879       15.739394       13.490909       11.242424        8.993940        6.745455
   10 H10     20.236364       17.987879       15.739394       13.490909       11.242425        8.993940
 
               7 H7            8 H8            9 H9           10 H10   
    7 H7       0.000000
    8 H8       2.248485        0.000000
    9 H9       4.496970        2.248485        0.000000
   10 H10      6.745455        4.496970        2.248485        0.000000
--
 
 
            Nuclear Potential Energy              4.53979501 au
 
--- Stop Module: gateway at Sun Oct 26 16:57:29 2025 /rc=_RC_ALL_IS_WELL_ ---
*** files: xmldump
    saved to directory /home/grierjones/DDCASPT2/hydrogen_comps/rerun/H10_chain/H10_2.25

--- Start Module: seward at Sun Oct 26 16:57:29 2025 ---
 
()()()()()()()()()()()()()()()()()()()()()()()()()()()()()()()()()()()()()()()()()()()()()()()()()()

                                              &SEWARD

                                   only a single process is used
                       available to each process: 2.0 GB of memory, 1 thread?
()()()()()()()()()()()()()()()()()()()()()()()()()()()()()()()()()()()()()()()()()()()()()()()()()()
 
               SEWARD will generate:
                  Multipole Moment integrals up to order  2
                  Kinetic Energy integrals
                  Nuclear Attraction integrals (point charge)
                  One-Electron Hamiltonian integrals
                  Velocity integrals
                  Relativistic Douglas-Kroll-Hess integrals:
                    - Parametrization         : EXP
                    - DKH order of Hamiltonian: 2
                    - DKH order of Properties : 0
                         - multipole moment operators
                         - electric potential operators
                         - contact operators
                  Atomic mean-field integrals
                  Two-Electron Repulsion integrals
 
                   Integrals are discarded if absolute value <: 0.10E-13
                   Integral cutoff threshold is set to       <: 0.10E-15
 
            Nuclear Potential Energy              4.53979501 au
 
 
      Basis set specifications :
      Symmetry species         a  
      Basis functions           50
 
 
  Input file to MOLDEN was generated!
 
forrtl: warning (525): IEEE_DIVIDE_BY_ZERO is signaling
forrtl: warning (526): IEEE_INVALID is signaling
forrtl: warning (528): IEEE_UNDERFLOW is signaling
--- Stop Module: seward at Sun Oct 26 16:57:30 2025 /rc=_RC_ALL_IS_WELL_ ---
*** files: H10_2.25.GssOrb H10_2.25.guessorb.h5 H10_2.25.guessorb.molden xmldump
    saved to directory /home/grierjones/DDCASPT2/hydrogen_comps/rerun/H10_chain/H10_2.25

*** symbolic link created: INPORB -> H10_2.25.GssOrb
--- Start Module: scf at Sun Oct 26 16:57:30 2025 ---
 
()()()()()()()()()()()()()()()()()()()()()()()()()()()()()()()()()()()()()()()()()()()()()()()()()()

                                                &SCF

                                   only a single process is used
                       available to each process: 2.0 GB of memory, 1 thread?
()()()()()()()()()()()()()()()()()()()()()()()()()()()()()()()()()()()()()()()()()()()()()()()()()()
 
++    Input section:
      --------------
 
      Header of the integral files:
      
       Integrals generated by seward 4.2.0  , Sun Oct 26 16:57:29 2025
 
 
      Cartesian coordinates in Angstrom:
      -----------------------------------------------------
      No.  Label        X            Y            Z        
      -----------------------------------------------------
       1   H1         0.00000000   0.00000000   0.00000000
       2   H2         0.00000000   0.00000000   2.24848500
       3   H3         0.00000000   0.00000000   4.49697000
       4   H4         0.00000000   0.00000000   6.74545500
       5   H5         0.00000000   0.00000000   8.99393900
       6   H6         0.00000000   0.00000000  11.24242400
       7   H7         0.00000000   0.00000000  13.49090900
       8   H8         0.00000000   0.00000000  15.73939400
       9   H9         0.00000000   0.00000000  17.98787900
      10   H10        0.00000000   0.00000000  20.23636400
      -----------------------------------------------------
      Nuclear repulsion energy =    4.53979501
--
 
++    Orbital specifications:
      -----------------------
 
      Symmetry species               1
                                     a
      Frozen orbitals                0
      Occupied orbitals              5
      Secondary orbitals            45
      Deleted orbitals               0
      Total number of orbitals      50
      Number of basis functions     50
--
 
      Molecular charge                           0.000
 
++    Optimization specifications:
      ----------------------------
 
      SCF Algorithm: Conventional
      Minimized density differences are used
      Number of density matrices in core                5
      Maximum number of NDDO SCF iterations           400
      Maximum number of HF SCF iterations             400
      Threshold for SCF energy change            0.10E-08
      Threshold for density matrix               0.10E-03
      Threshold for Fock matrix                  0.15E-03
      Threshold for linear dependence            0.10E-08
      Threshold at which DIIS is turned on       0.15E+00
      Threshold at which QNR/C2DIIS is turned on 0.75E-01
      Threshold for Norm(delta) (QNR/C2DIIS)     0.20E-04
      DIIS extrapolation of the SCF procedure
      All orbitals punched on: SCFORB
--
 
      Input vectors read from INPORB
      Orbital file label: *Guess orbitals
 
 
++ Convergence information
                                   SCF        iterations: Energy and convergence statistics
 
Iter     Tot. SCF        One-elec.       Two-elec.     Energy      Max Dij or  Max Fij      DNorm      TNorm      AccCon     Time
         Energy          Energy          Energy        Change      Delta Norm                                                in Sec.
   1    -4.203489248   -14.326840457     5.583556200   0.00E+00    0.36E+00*   0.12E+00*    0.48E+01   0.99E+01   None         0.
   2    -4.452213856   -14.279262210     5.287253346  -0.25E+00*   0.14E+00*   0.22E-01*    0.14E+01   0.96E+01   EDIIS        0.
   3    -4.465710143   -14.206019244     5.200514093  -0.13E-01*   0.81E-01*   0.88E-02*    0.34E+00   0.95E+01   EDIIS        0.
   4    -4.468724562   -14.205427029     5.196907459  -0.30E-02*   0.41E-01*   0.73E-02*    0.14E+00   0.95E+01   c2DIIS       0.
   5    -4.470233619   -14.195126898     5.185098271  -0.15E-02*   0.17E-01*   0.25E-02*    0.46E-01   0.95E+01   QNRc2DIIS    0.
   6    -4.470441040   -14.198648845     5.188412796  -0.21E-03*   0.23E-01*   0.14E-02*    0.15E-01   0.95E+01   QNRc2DIIS    0.
   7    -4.470554126   -14.197115136     5.186766001  -0.11E-03*   0.17E-02*   0.25E-03*    0.72E-02   0.95E+01   QNRc2DIIS    0.
   8    -4.470555306   -14.196253687     5.185903372  -0.12E-05*   0.47E-03*   0.81E-04     0.19E-02   0.95E+01   QNRc2DIIS    0.
   9    -4.470555482   -14.196337516     5.185987025  -0.18E-06*   0.87E-04*   0.98E-05     0.30E-03   0.95E+01   QNRc2DIIS    0.
  10    -4.470555486   -14.196325590     5.185975095  -0.41E-08*   0.30E-04*   0.26E-05     0.16E-03   0.95E+01   QNRc2DIIS    0.
  11    -4.470555487   -14.196328141     5.185977646  -0.34E-09    0.41E-05    0.61E-06     0.11E-04   0.95E+01   QNRc2DIIS    0.
 
       Convergence after 11 Macro Iterations
--
 
 *****************************************************************************************************************************
 *                                                                                                                           *
 *                                             SCF/KS-DFT Program, Final results                                             *
 *                                                                                                                           *
 *                                                                                                                           *
 *                                                                                                                           *
 *                                                       Final Results                                                       *
 *                                                                                                                           *
 *****************************************************************************************************************************
 
::    Total SCF energy                                 -4.4705554865
      One-electron energy                             -14.1963281410
      Two-electron energy                               5.1859776459
      Nuclear repulsion energy                          4.5397950086
      Kinetic energy (interpolated)                     3.3271559207
      Virial theorem                                    1.3436567426
      Total spin, S(S+1)                                0.0000000000
      Total spin, S                                     0.0000000000
      Max non-diagonal density matrix element           0.0000036887
      Max non-diagonal Fock matrix element              0.0000002642
 
 
      All orbitals with orbital energies smaller than  E(LUMO)+0.5 are printed
 
++    Molecular orbitals:
      -------------------
 
      Title: SCF orbitals

      Molecular orbitals for symmetry species 1: a  
 
          Orbital            1         2         3         4         5         6         7         8         9        10    
          Energy           -0.4205   -0.4077   -0.3876   -0.3614   -0.3350   -0.1477   -0.1115   -0.0713   -0.0344   -0.0078
          Occ. No.          2.0000    2.0000    2.0000    2.0000    2.0000    0.0000    0.0000    0.0000    0.0000    0.0000
 
        1 H1     1s         0.1177   -0.2303    0.3199   -0.3535    0.2654   -0.3155    0.4607   -0.4632    0.3657   -0.2010
        2 H1     2s         0.0177   -0.0361    0.0539   -0.0656    0.0539   -0.1006    0.1588   -0.1711    0.1410   -0.0789
        3 H1     2px       -0.0000   -0.0000   -0.0000   -0.0000    0.0000   -0.0000    0.0000   -0.0000    0.0000   -0.0000
        4 H1     2py        0.0000   -0.0000    0.0000   -0.0000    0.0000   -0.0000    0.0000    0.0000   -0.0000    0.0000
        5 H1     2pz        0.0056   -0.0099    0.0120   -0.0110    0.0068    0.0017   -0.0071    0.0137   -0.0169    0.0122
        6 H2     1s         0.1687   -0.3040    0.3670   -0.3307    0.1959    0.1412   -0.3528    0.5245   -0.5341    0.3383
        7 H2     2s         0.0211   -0.0478    0.0757   -0.0885    0.0646    0.0384   -0.1214    0.1975   -0.2053    0.1285
        8 H2     2px        0.0000   -0.0000    0.0000   -0.0000    0.0000    0.0000   -0.0000    0.0000   -0.0000    0.0000
        9 H2     2py        0.0000    0.0000    0.0000   -0.0000    0.0000    0.0000   -0.0000    0.0000   -0.0000    0.0000
       10 H2     2pz        0.0000    0.0023   -0.0073    0.0126   -0.0118    0.0159   -0.0187    0.0099    0.0026   -0.0072
       11 H3     1s         0.2727   -0.3311    0.1057    0.2455   -0.3626    0.4128   -0.2747   -0.2030    0.5639   -0.4779
       12 H3     2s         0.0428   -0.0500    0.0056    0.0684   -0.0946    0.1365   -0.0923   -0.0802    0.2140   -0.1786
       13 H3     2px       -0.0000    0.0000    0.0000   -0.0000   -0.0000   -0.0000    0.0000   -0.0000   -0.0000    0.0000
       14 H3     2py       -0.0000    0.0000    0.0000   -0.0000   -0.0000    0.0000   -0.0000    0.0000   -0.0000   -0.0000
       15 H3     2pz        0.0058   -0.0035   -0.0056    0.0123   -0.0096   -0.0108    0.0200   -0.0162   -0.0009    0.0111
       16 H4     1s         0.3035   -0.2901   -0.0334    0.3389   -0.3123   -0.3036    0.4613   -0.1329   -0.4434    0.5559
       17 H4     2s         0.0417   -0.0541    0.0077    0.0724   -0.0894   -0.0950    0.1672   -0.0539   -0.1672    0.2083
       18 H4     2px       -0.0000    0.0000    0.0000    0.0000    0.0000    0.0000    0.0000    0.0000   -0.0000   -0.0000
       19 H4     2py       -0.0000   -0.0000    0.0000    0.0000   -0.0000    0.0000    0.0000   -0.0000   -0.0000   -0.0000
       20 H4     2pz       -0.0025    0.0076   -0.0074   -0.0044    0.0134   -0.0181    0.0046    0.0179   -0.0161   -0.0005
       21 H5     1s         0.3449   -0.0518   -0.3470    0.0802    0.3732   -0.4045   -0.1677    0.5025    0.1348   -0.6067
       22 H5     2s         0.0508    0.0023   -0.0699    0.0043    0.1015   -0.1309   -0.0666    0.1874    0.0525   -0.2269
       23 H5     2px       -0.0000    0.0000    0.0000   -0.0000   -0.0000   -0.0000   -0.0000   -0.0000    0.0000    0.0000
       24 H5     2py        0.0000    0.0000    0.0000    0.0000    0.0000    0.0000    0.0000    0.0000   -0.0000    0.0000
       25 H5     2pz        0.0049    0.0052   -0.0079   -0.0067    0.0128    0.0162   -0.0137   -0.0126    0.0170    0.0061
       26 H6     1s         0.3449    0.0518   -0.3470   -0.0802    0.3732    0.4045   -0.1677   -0.5025    0.1348    0.6067
       27 H6     2s         0.0508   -0.0023   -0.0699   -0.0043    0.1015    0.1309   -0.0666   -0.1874    0.0525    0.2269
       28 H6     2px        0.0000   -0.0000    0.0000   -0.0000   -0.0000    0.0000    0.0000   -0.0000   -0.0000    0.0000
       29 H6     2py       -0.0000    0.0000   -0.0000    0.0000    0.0000    0.0000    0.0000    0.0000   -0.0000    0.0000
       30 H6     2pz       -0.0049    0.0052    0.0079   -0.0067   -0.0128    0.0162    0.0137   -0.0126   -0.0170    0.0061
       31 H7     1s         0.3035    0.2901   -0.0334   -0.3389   -0.3123    0.3036    0.4613    0.1329   -0.4434   -0.5559
       32 H7     2s         0.0417    0.0541    0.0077   -0.0724   -0.0894    0.0950    0.1672    0.0539   -0.1672   -0.2083
       33 H7     2px       -0.0000   -0.0000    0.0000    0.0000   -0.0000   -0.0000   -0.0000   -0.0000    0.0000   -0.0000
       34 H7     2py       -0.0000   -0.0000   -0.0000    0.0000   -0.0000    0.0000    0.0000   -0.0000   -0.0000    0.0000
       35 H7     2pz        0.0025    0.0076    0.0074   -0.0044   -0.0134   -0.0181   -0.0046    0.0179    0.0161   -0.0005
       36 H8     1s         0.2727    0.3311    0.1057   -0.2455   -0.3626   -0.4128   -0.2747    0.2030    0.5639    0.4779
       37 H8     2s         0.0428    0.0500    0.0056   -0.0684   -0.0946   -0.1365   -0.0923    0.0802    0.2140    0.1786
       38 H8     2px        0.0000    0.0000    0.0000   -0.0000    0.0000   -0.0000    0.0000   -0.0000   -0.0000   -0.0000
       39 H8     2py        0.0000    0.0000    0.0000    0.0000   -0.0000   -0.0000   -0.0000   -0.0000    0.0000   -0.0000
       40 H8     2pz       -0.0058   -0.0035    0.0056    0.0123    0.0096   -0.0108   -0.0200   -0.0162    0.0009    0.0111
       41 H9     1s         0.1687    0.3040    0.3670    0.3307    0.1959   -0.1412   -0.3528   -0.5245   -0.5341   -0.3383
       42 H9     2s         0.0211    0.0478    0.0757    0.0885    0.0646   -0.0384   -0.1214   -0.1975   -0.2053   -0.1285
       43 H9     2px        0.0000   -0.0000   -0.0000   -0.0000   -0.0000   -0.0000    0.0000   -0.0000   -0.0000   -0.0000
       44 H9     2py       -0.0000    0.0000    0.0000    0.0000    0.0000    0.0000    0.0000    0.0000   -0.0000   -0.0000
       45 H9     2pz       -0.0000    0.0023    0.0073    0.0126    0.0118    0.0159    0.0187    0.0099   -0.0026   -0.0072
       46 H10    1s         0.1177    0.2303    0.3198    0.3535    0.2654    0.3155    0.4607    0.4632    0.3657    0.2010
       47 H10    2s         0.0177    0.0361    0.0539    0.0656    0.0539    0.1006    0.1588    0.1711    0.1410    0.0789
       48 H10    2px       -0.0000    0.0000   -0.0000   -0.0000   -0.0000    0.0000   -0.0000   -0.0000   -0.0000    0.0000
       49 H10    2py        0.0000    0.0000   -0.0000   -0.0000    0.0000    0.0000    0.0000   -0.0000    0.0000    0.0000
       50 H10    2pz       -0.0056   -0.0099   -0.0120   -0.0110   -0.0068    0.0017    0.0071    0.0137    0.0169    0.0122
 
          Orbital           11        12    
          Energy            0.3196    0.3315
          Occ. No.          0.0000    0.0000
 
        1 H1     1s        -0.0969    0.1503
        2 H1     2s         0.1984   -0.3494
        3 H1     2px        0.0000   -0.0000
        4 H1     2py        0.0000   -0.0000
        5 H1     2pz       -0.0181    0.0282
        6 H2     1s        -0.1507    0.2050
        7 H2     2s         0.1696   -0.2479
        8 H2     2px        0.0000   -0.0000
        9 H2     2py       -0.0000    0.0000
       10 H2     2pz        0.0031   -0.0094
       11 H3     1s        -0.1649    0.1732
       12 H3     2s         0.2190   -0.2504
       13 H3     2px        0.0000   -0.0000
       14 H3     2py       -0.0000   -0.0000
       15 H3     2pz       -0.0060   -0.0003
       16 H4     1s        -0.1860    0.1156
       17 H4     2s         0.2372   -0.1658
       18 H4     2px        0.0000   -0.0000
       19 H4     2py        0.0000    0.0000
       20 H4     2pz        0.0018   -0.0092
       21 H5     1s        -0.1931    0.0468
       22 H5     2s         0.2501   -0.0616
       23 H5     2px       -0.0000   -0.0000
       24 H5     2py        0.0000    0.0000
       25 H5     2pz       -0.0036   -0.0083
       26 H6     1s        -0.1931   -0.0468
       27 H6     2s         0.2501    0.0616
       28 H6     2px       -0.0000   -0.0000
       29 H6     2py        0.0000   -0.0000
       30 H6     2pz        0.0036   -0.0083
       31 H7     1s        -0.1860   -0.1156
       32 H7     2s         0.2372    0.1658
       33 H7     2px        0.0000   -0.0000
       34 H7     2py       -0.0000    0.0000
       35 H7     2pz       -0.0018   -0.0092
       36 H8     1s        -0.1649   -0.1732
       37 H8     2s         0.2190    0.2504
       38 H8     2px       -0.0000   -0.0000
       39 H8     2py        0.0000   -0.0000
       40 H8     2pz        0.0060   -0.0003
       41 H9     1s        -0.1507   -0.2050
       42 H9     2s         0.1696    0.2479
       43 H9     2px       -0.0000   -0.0000
       44 H9     2py       -0.0000   -0.0000
       45 H9     2pz       -0.0031   -0.0094
       46 H10    1s        -0.0969   -0.1503
       47 H10    2s         0.1984    0.3494
       48 H10    2px        0.0000    0.0000
       49 H10    2py        0.0000   -0.0000
       50 H10    2pz        0.0181    0.0282
--
 
 
++    Molecular charges:
      ------------------
 
      Mulliken charges per centre and basis function type
      ---------------------------------------------------
 
                H1      H2      H3      H4      H5      H6      H7      H8      H9      H10   
      1s       0.8793  0.9502  0.9189  0.9278  0.9231  0.9231  0.9278  0.9189  0.9502  0.8793
      2s       0.0717  0.0818  0.0685  0.0716  0.0707  0.0707  0.0716  0.0685  0.0818  0.0717
      2px      0.0000  0.0000  0.0000  0.0000  0.0000  0.0000  0.0000  0.0000  0.0000  0.0000
      2pz      0.0063  0.0076  0.0075  0.0074  0.0074  0.0074  0.0074  0.0075  0.0076  0.0063
      2py      0.0000  0.0000  0.0000  0.0000  0.0000  0.0000  0.0000  0.0000  0.0000  0.0000
      Total    0.9573  1.0396  0.9949  1.0068  1.0013  1.0013  1.0068  0.9949  1.0396  0.9573
 
      N-E      0.0427 -0.0396  0.0051 -0.0068 -0.0013 -0.0013 -0.0068  0.0051 -0.0396  0.0427
 
      Total electronic charge=   10.000000
 
      Total            charge=   -0.000000
--
 
 
  Input file to MOLDEN was generated!
 
 
++    Static properties:
      ------------------
 
 
      LoProp Charges per center
 

                   H1       H2       H3       H4       H5       H6       H7       H8       H9       H10   
      Nuclear      1.0000   1.0000   1.0000   1.0000   1.0000   1.0000   1.0000   1.0000   1.0000   1.0000
      Electronic  -0.9755  -1.0198  -0.9967  -1.0065  -1.0014  -1.0014  -1.0065  -0.9967  -1.0198  -0.9755
 
      Total        0.0245  -0.0198   0.0033  -0.0065  -0.0014  -0.0014  -0.0065   0.0033  -0.0198   0.0245
--
 
 
++    Natural Bond Order analysis
      ---------------------------
      Based on LoProp computed density
      -------------------------------------------------------------------------------------
      Atom A       Atom B       Bond Order
      -------------------------------------------------------------------------------------
      NBO located      0.959 non-bonded electrons on atom H1        
      NBO located      1.005 non-bonded electrons on atom H3        
      NBO located      1.015 non-bonded electrons on atom H4        
      NBO located      1.010 non-bonded electrons on atom H5        
      NBO located      1.010 non-bonded electrons on atom H6        
      NBO located      1.015 non-bonded electrons on atom H7        
      NBO located      1.005 non-bonded electrons on atom H8        
      NBO located      0.959 non-bonded electrons on atom H10       
      The remaining    2.022 electrons are to be considered as diffuse
--
 
 
++    Molecular properties:
      ---------------------
 
      Charge (e):
                      =   -0.0000
      Dipole Moment (Debye):
      Origin of the operator (Ang)=    0.0000    0.0000    0.0000
                   X= -8.9137E-14               Y= -1.2756E-13               Z= -1.3670E-07           Total=  1.3670E-07
      Quadrupole Moment (Debye*Ang):
      Origin of the operator (Ang)=    0.0000    0.0000   10.1182
                  XX= -2.2357E+01              XY= -5.0683E-28              XZ=  8.8726E-13              YY= -2.2357E+01
                  YZ=  1.1622E-12              ZZ=  3.4466E+00
      In traceless form (Debye*Ang)
                  XX= -1.2902E+01              XY= -7.6025E-28              XZ=  1.3309E-12              YY= -1.2902E+01
                  YZ=  1.7434E-12              ZZ=  2.5804E+01
--
 
 
  Input file to MOLDEN was generated!
 
 ###############################################################################
 ###############################################################################
 ###                                                                         ###
 ###                                                                         ###
 ###    RunFile label nBas                                                   ###
 ###    was used       78 times                                              ###
 ###                                                                         ###
 ###                                                                         ###
 ###############################################################################
 ###############################################################################
forrtl: warning (528): IEEE_UNDERFLOW is signaling
--- Stop Module: scf at Sun Oct 26 16:57:30 2025 /rc=_RC_ALL_IS_WELL_ ---
*** files: H10_2.25.LprOrb H10_2.25.LoProp.molden H10_2.25.scf.molden H10_2.25.ScfOrb H10_2.25.scf.h5 xmldump
    saved to directory /home/grierjones/DDCASPT2/hydrogen_comps/rerun/H10_chain/H10_2.25

>>> COPY /tmp/H10_2.25/H10_2.25.scf.h5 /home/grierjones/DDCASPT2/hydrogen_comps/rerun/H10_chain/H10_2.25/

*** symbolic link created: INPORB -> H10_2.25.ScfOrb
--- Start Module: rasscf at Sun Oct 26 16:57:30 2025 ---
 
()()()()()()()()()()()()()()()()()()()()()()()()()()()()()()()()()()()()()()()()()()()()()()()()()()

                                              &RASSCF

                                   only a single process is used
                       available to each process: 2.0 GB of memory, 1 thread?
()()()()()()()()()()()()()()()()()()()()()()()()()()()()()()()()()()()()()()()()()()()()()()()()()()
 
 
      Header of the ONEINT file:
      --------------------------
      
      Integrals generated by seward 4.2.0  , Sun Oct 26 16:57:29 2025
 
 
      OrdInt status: non-squared
 
 
      Cartesian coordinates in Angstrom:
      -----------------------------------------------------
      No.  Label        X            Y            Z        
      -----------------------------------------------------
       1   H1         0.00000000   0.00000000   0.00000000
       2   H2         0.00000000   0.00000000   2.24848500
       3   H3         0.00000000   0.00000000   4.49697000
       4   H4         0.00000000   0.00000000   6.74545500
       5   H5         0.00000000   0.00000000   8.99393900
       6   H6         0.00000000   0.00000000  11.24242400
       7   H7         0.00000000   0.00000000  13.49090900
       8   H8         0.00000000   0.00000000  15.73939400
       9   H9         0.00000000   0.00000000  17.98787900
      10   H10        0.00000000   0.00000000  20.23636400
      -----------------------------------------------------
      Nuclear repulsion energy =    4.53979501
 
++    Wave function specifications:
      -----------------------------
 
      Number of closed shell electrons           0
      Number of electrons in active shells      10
      Max number of holes in RAS1 space          0
      Max nr of electrons in RAS3 space          0
      Number of inactive orbitals                0
      Number of active orbitals                 10
      Number of secondary orbitals              40
      Spin quantum number                      0.0
      State symmetry                             1
--
 
++    Orbital specifications:
      -----------------------
 
      Symmetry species                           1
                                                 a
      Frozen orbitals                            0
      Inactive orbitals                          0
      Active orbitals                           10
      RAS1 orbitals                              0
      RAS2 orbitals                             10
      RAS3 orbitals                              0
      Secondary orbitals                        40
      Deleted orbitals                           0
      Number of basis functions                 50
--
 
++    CI expansion specifications:
      ----------------------------
 
      Number of CSFs                         19404
      Number of determinants                 31878
      Number of root(s) required                 1
      Root chosen for geometry opt.              1
      CI root used                               1
         
      highest root included in the CI            1
      max. size of the explicit Hamiltonian    200
--
 
++    Optimization specifications:
      ----------------------------
 
      RASSCF algorithm: Conventional
      Maximum number of macro iterations       200
      Maximum number of SX iterations          100
      Threshold for RASSCF energy            0.100E-07
      Threshold for max MO rotation          0.100E+00
      Threshold for max BLB element          0.100E-03
      Level shift parameter                  0.500E+00
      Make Quasi-Newton update
--
 
      The MO-coefficients are taken from the file:
      /home/grierjones/DDCASPT2/hydrogen_comps/rerun/H10_chain/H10_0.60/H10_0.60.RasOrb                                               
      Title: RASSCF average (pseudo-natural) orbitals                                      
 
      Total molecular charge    0.00
 
      ************************************************************************************************************************
      *                                                                                                                      *
      *                                            Wave function control section                                             *
      *                                                                                                                      *
      ************************************************************************************************************************
 
 
                                         RASSCF iterations: Energy and convergence statistics
                                         ----------------------------------------------------
 
      Iter CI   SX   CI       RASSCF       Energy    max ROT     max BLB   max BLB  Level Ln srch  Step   QN   Walltime
          iter iter root      energy       change     param      element    value   shift minimum  type update hh:mm:ss
        No convergence in the CI section: MAXJT will be increased to 
 24
 Nr of preliminary CI iterations:  12
        No convergence in the CI section: MAXJT will be increased to 
 24
        1  12  100    1    -3.40479914    0.00E+00  -0.20E+00*   1  26 1 -0.27E+00*  0.37   0.00    SX    NO    0:00:01
        2  11  100    1    -4.19682799   -0.79E+00* -0.24E+00*   3  16 1  0.22E+00*  0.25   0.00    SX    NO    0:00:00
 ###############################################################################
 ###############################################################################
 ###                                                                         ###
 ###                                                                         ###
 ###    Large orbital rotation.                                              ###
 ###                                                                         ###
 ###                                                                         ###
 ###############################################################################
 ###############################################################################
      Molecular orbital  10 of symmetry 1 MO space 2  weight is    0.040559
 ###############################################################################
 ###############################################################################
 ###                                                                         ###
 ###                                                                         ###
 ###    Large orbital rotation.                                              ###
 ###                                                                         ###
 ###                                                                         ###
 ###############################################################################
 ###############################################################################
      Molecular orbital  12 of symmetry 1 MO space 3  weight is    0.409612
        3   7  100    1    -4.59594463   -0.40E+00*  0.76E+00*   3  16 1  0.17E+00*  0.20   0.00    SX    NO    0:00:00
        4  30  100    1    -4.75431911   -0.16E+00* -0.31E+00*   2  12 1 -0.12E+00*  0.10   0.00    SX    NO    0:00:01
        5  12  100    1    -4.87881074   -0.12E+00* -0.25E+00*  10  17 1 -0.45E-01*  0.06   1.45    QN   YES    0:00:00
        6   6  100    1    -4.87397594    0.48E-02*  0.72E-01    2  12 1  0.69E-01*  0.05   0.46    LS   YES    0:00:00
        7  18  100    1    -4.89359919   -0.20E-01*  0.64E-01    2  12 1  0.46E-01*  0.05   1.70    QN   YES    0:00:01
        8   6   37    1    -4.90713359   -0.14E-01*  0.20E-01   10  17 1 -0.22E-01*  0.05   1.31    QN   YES    0:00:00
        9   5   36    1    -4.91188164   -0.47E-02*  0.29E-01   10  17 1 -0.15E-01*  0.05   1.55    QN   YES    0:00:00
       10  10   40    1    -4.91355189   -0.17E-02* -0.16E-01    3  12 1  0.39E-02*  0.04   1.01    QN   YES    0:00:00
       11  10   45    1    -4.91373503   -0.18E-03* -0.96E-02    4  11 1  0.25E-02*  0.04   0.64    QN   YES    0:00:00
       12  16   42    1    -4.91389377   -0.16E-03* -0.25E-01    3  11 1  0.39E-03*  0.04   1.15    QN   YES    0:00:00
       13   4   44    1    -4.91394680   -0.53E-04* -0.25E+00*   6  11 1  0.44E-03*  0.03   2.50    QN   YES    0:00:00
 ###############################################################################
 ###############################################################################
 ###                                                                         ###
 ###                                                                         ###
 ###    Large orbital rotation.                                              ###
 ###                                                                         ###
 ###                                                                         ###
 ###############################################################################
 ###############################################################################
      Molecular orbital   8 of symmetry 1 MO space 2  weight is    0.329104
       14  42  100    1    -4.91588358   -0.19E-02*  0.43E+00*   3  11 1 -0.99E-02*  0.00   2.50    QN   YES    0:00:02
       15   9  100    1    -4.96473465   -0.49E-01*  0.20E+00*   8  17 1 -0.46E-01*  0.00   0.00    SX    NO    0:00:00
       16   6  100    1    -5.02270665   -0.58E-01*  0.39E-01    2  16 1 -0.14E-01*  0.00   1.05    QN   YES    0:00:00
       17   9   16    1    -5.02663208   -0.39E-02* -0.16E-01    8  17 1  0.12E-01*  0.00   0.81    QN   YES    0:00:00
       18   9   13    1    -5.02782578   -0.12E-02*  0.43E-02    8  11 1 -0.29E-02*  0.00   1.10    QN   YES    0:00:00
       19  10   11    1    -5.02795274   -0.13E-03* -0.33E-03    8  41 1  0.23E-03*  0.00   1.02    QN   YES    0:00:00
       20  10   10    1    -5.02796693   -0.14E-04*  0.84E-03    8  26 1 -0.20E-03*  0.00   1.02    QN   YES    0:00:00
       21  35   11    1    -5.02796954   -0.26E-05* -0.35E-03    8  37 1  0.17E-03*  0.00   0.82    QN   YES    0:00:01
       22  11    9    1    -5.02797051   -0.97E-06*  0.12E-03    9  29 1  0.75E-04   0.00   0.89    QN   YES    0:00:00
       23  16    9    1    -5.02797069   -0.18E-06* -0.43E-04    3  29 1  0.23E-04   0.00   1.17    QN   YES    0:00:00
       24   9    6    1    -5.02797072   -0.34E-07*  0.63E-05    3  17 1 -0.35E-05   0.00   1.03    QN   YES    0:00:00
       25   1    6    1    -5.02797072   -0.20E-09  -0.22E-05    5  23 1 -0.18E-05   0.00   0.69    QN   YES    0:00:00
      Convergence after 25 iterations
 
  Dmat in MO in SXCTL bf call to SXHAM                                                                                    
  mat. size =    10x   10
 
        1.4784283681680150
        0.0126665386867367      1.4243228659098235
       -0.0538868273157819      0.0155648215761378      1.3499502880987586
       -0.0008732971233513      0.0570472846075212      0.0002368704275897      1.2552105407107095
       -0.0301077039756849     -0.0047039474003003     -0.0281584584445606     -0.0000933681058512      1.2325819830257225
       -0.0987298171591182     -0.0056315158134159     -0.1782266792818838     -0.0084657388140017      0.0458336189402560
        0.6089252312565778
       -0.0023740602521174     -0.1088303302182943      0.0002040579664222      0.2008948204614419      0.0000752379842416
       -0.0179971843682382      0.5761249767436967
        0.0501630633750929      0.0143423902704116     -0.0698796227051026      0.0128338527402410      0.0087371410133079
        0.0487246539206405      0.0262025350869477      0.6583492385436015
       -0.0022117320433054     -0.0881402686858909      0.0020276662118366      0.0894336769425033     -0.0006893426260643
       -0.0304754681510318      0.0268413244029526      0.0455928216239627      0.7876267536151558
        0.0830327121522187     -0.1442967674495527      0.0906889901290439     -0.0088284574661505     -0.0336982109859039
        0.0148655567367923     -0.0173707970741693      0.0182792550414662     -0.0417039910762840      0.6284797539279612
       26   1    6    1    -5.02797072   -0.55E-10  -0.22E-05    4  49 1 -0.11E-06   0.00   0.69    QN   YES    0:00:00
 
      ************************************************************************************************************************
                                                      Wave function printout:
                       occupation of active orbitals, and spin coupling of open shells (u,d: Spin up or down)
      ************************************************************************************************************************
 
      Note: transformation to natural orbitals
      has been made, which may change the order of the CSFs.
 
      printout of CI-coefficients larger than  0.05 for root  1
      energy=      -5.027971
      conf/sym  1111111111     Coeff  Weight
             1  2222200000   0.36673 0.13449
            36  2222000020  -0.17771 0.03158
            50  222ud00ud0  -0.18420 0.03393
            62  22u2d00200  -0.05773 0.00333
            70  22u2d000ud   0.14318 0.02050
            76  2u22d0ud00  -0.05644 0.00319
            78  2u22du00d0  -0.12387 0.01534
            84  2u22d00u0d  -0.06159 0.00379
            90  u222du0d00   0.06869 0.00472
            94  u222d0u0d0   0.14326 0.02052
           107  2220200200  -0.11113 0.01235
           115  22202000ud   0.05739 0.00329
           123  22ud2u00d0   0.06136 0.00376
           129  22ud200u0d   0.13262 0.01759
           135  2u2d2u0d00  -0.12543 0.01573
           139  2u2d20u0d0  -0.06906 0.00477
           146  2u2d200002   0.05296 0.00281
           151  u22d20ud00   0.10238 0.01048
           153  u22d2u00d0   0.05834 0.00340
           165  22022u0d00   0.05314 0.00282
           176  2202200002  -0.08927 0.00797
           187  2ud22u000d   0.10554 0.01114
           203  u2d220u00d  -0.09562 0.00914
           207  2022220000  -0.07209 0.00520
           223  ud222ud000   0.09554 0.00913
           239  0222202000  -0.07311 0.00535
           257  222uu00dd0  -0.05123 0.00262
           271  22u2u000dd  -0.05071 0.00257
           275  2u22ud00d0  -0.05025 0.00252
           286  u222u0d0d0   0.05966 0.00356
          1971  2220000220   0.09511 0.00905
          2041  22ud000u2d   0.09517 0.00906
          2069  2u2d0u0d20   0.08473 0.00718
          2120  u22d00ud20  -0.07381 0.00545
          2201  2202000022   0.06442 0.00415
          2239  2ud20u002d   0.07041 0.00496
          2290  u2d200u02d  -0.06045 0.00365
          2316  2022020020   0.05046 0.00255
          2367  ud220ud020  -0.05822 0.00339
          2418  0222002020   0.05145 0.00265
          2485  22u0d002ud   0.07713 0.00595
          2514  2u20du02d0   0.06043 0.00365
          2565  u220d0u2d0  -0.06212 0.00386
          2650  220ud00ud2   0.06411 0.00411
          2687  2ududu0udd   0.06973 0.00486
          2738  u2dud0uudd  -0.06281 0.00395
          2760  202ud20ud0   0.05043 0.00254
          2811  ud2ududud0  -0.06362 0.00405
          2933  2uuddu0dud  -0.06136 0.00376
          2984  u2udd0udud   0.05296 0.00281
          3013  uu2dduudd0   0.07524 0.00566
          3149  u202d0u0d2   0.05524 0.00305
          3231  udu2dud0ud   0.05672 0.00322
          3336  uud2duu0dd   0.05321 0.00283
          3497  2200200202   0.05022 0.00252
          3528  2ud02u020d   0.05035 0.00254
          3795  2u0d2u0d02  -0.05672 0.00322
          3925  udud2udu0d   0.05532 0.00306
          4027  uudd2uud0d   0.05204 0.00271
         12251  2200000222  -0.05134 0.00264
         12280  2ud00u022d   0.05231 0.00274
 
      Natural orbitals and occupation numbers for root  1
      sym 1:   1.510451   1.475130   1.414201   1.326975   1.219676   0.519853   0.481685   0.677811   0.788709   0.585509

 
      ************************************************************************************************************************
      *                                                                                                                      *
      *                                                    Final results                                                     *
      *                                                                                                                      *
      ************************************************************************************************************************
 
 
++    Wave function specifications:
      -----------------------------
 
      Number of closed shell electrons           0
      Number of electrons in active shells      10
      Max number of holes in RAS1 space          0
      Max nr of electrons in RAS3 space          0
      Number of inactive orbitals                0
      Number of active orbitals                 10
      Number of secondary orbitals              40
      Spin quantum number                      0.0
      State symmetry                             1
--
 
++    Orbital specifications:
      -----------------------
 
      Symmetry species                           1
                                                 a
      Frozen orbitals                            0
      Inactive orbitals                          0
      Active orbitals                           10
      RAS1 orbitals                              0
      RAS2 orbitals                             10
      RAS3 orbitals                              0
      Secondary orbitals                        40
      Deleted orbitals                           0
      Number of basis functions                 50
--
 
++    CI expansion specifications:
      ----------------------------
 
      Number of CSFs                         19404
      Number of determinants                 31878
      Number of root(s) required                 1
      CI root used                               1
      highest root included in the CI            1
      Root passed to geometry opt.               1
--
 
++    Final optimization conditions:
      ------------------------------
 
      Average CI energy                              -5.02797072
      RASSCF energy for state  1                     -5.02797072
      Super-CI energy                                -0.00000000
      RASSCF energy change                            0.00000000
      Max change in MO coefficients              -0.330E-05
      Max non-diagonal density matrix element    -0.225E-05
      Maximum BLB matrix element                 -0.105E-06
      (orbital pair   4,  49 in symmetry   1)
      Norm of electronic gradient            0.489E-06
--
 
 
      Final state energy(ies):
      ------------------------
 
::    RASSCF root number  1 Total energy:     -5.02797072
 
++    Molecular orbitals:
      -------------------
 
      Pseudonatural active orbitals and approximate occupation numbers
 
 
 
 
      Molecular orbitals for symmetry species 1: a  
 
 
      Orbital                1         2         3         4         5         6         7         8         9        10
      Energy            0.0000    0.0000    0.0000    0.0000    0.0000    0.0000    0.0000    0.0000    0.0000    0.0000
      Occ. No.          1.5105    1.4751    1.4142    1.3270    1.2197    0.5199    0.4817    0.6778    0.7887    0.5855
 
    1 H1     1s         0.1421    0.2659    0.3486   -0.3609    0.2679    0.3519    0.1950   -0.4293   -0.2997    0.4392
    2 H1     2s         0.0098    0.0190    0.0263   -0.0291    0.0231    0.0446    0.0258   -0.0478   -0.0314    0.0524
    3 H1     2px        0.0000    0.0000    0.0000   -0.0000    0.0000    0.0000    0.0000   -0.0000   -0.0000    0.0000
    4 H1     2py        0.0000    0.0000    0.0000   -0.0000    0.0000    0.0000    0.0000   -0.0000   -0.0000    0.0000
    5 H1     2pz        0.0017    0.0028    0.0030   -0.0023    0.0012    0.0026    0.0017   -0.0018   -0.0009    0.0025
    6 H2     1s         0.2002    0.3411    0.3798   -0.3067    0.1583   -0.4906   -0.3089    0.3288    0.1279   -0.4858
    7 H2     2s         0.0115    0.0246    0.0371   -0.0417    0.0304   -0.0838   -0.0567    0.0357    0.0037   -0.0718
    8 H2     2px       -0.0000   -0.0000   -0.0000    0.0000   -0.0000    0.0000    0.0000   -0.0000   -0.0000    0.0000
    9 H2     2py       -0.0000   -0.0000   -0.0000    0.0000   -0.0000    0.0000    0.0000   -0.0000   -0.0000    0.0000
   10 H2     2pz        0.0011    0.0006   -0.0015    0.0037   -0.0036    0.0007    0.0004    0.0009    0.0019    0.0004
   11 H3     1s         0.2838    0.3333    0.0900    0.2599   -0.3882    0.4932    0.4242    0.2821    0.4229    0.1579
   12 H3     2s         0.0191    0.0208   -0.0016    0.0350   -0.0473    0.0886    0.0766    0.0342    0.0549    0.0333
   13 H3     2px        0.0000    0.0000    0.0000    0.0000   -0.0000    0.0000    0.0000    0.0000    0.0000    0.0000
   14 H3     2py        0.0000    0.0000    0.0000    0.0000   -0.0000    0.0000    0.0000    0.0000    0.0000    0.0000
   15 H3     2pz        0.0007   -0.0007   -0.0031    0.0036   -0.0018    0.0014    0.0016   -0.0006   -0.0007    0.0006
   16 H4     1s         0.3192    0.2769   -0.0852    0.3727   -0.2996   -0.3859   -0.4879   -0.4609   -0.2992    0.1449
   17 H4     2s         0.0194    0.0233    0.0002    0.0354   -0.0425   -0.0648   -0.0906   -0.0698   -0.0317    0.0305
   18 H4     2px        0.0000   -0.0000    0.0000   -0.0000   -0.0000    0.0000   -0.0000    0.0000    0.0000   -0.0000
   19 H4     2py        0.0000   -0.0000    0.0000   -0.0000   -0.0000    0.0000   -0.0000    0.0000    0.0000   -0.0000
   20 H4     2pz        0.0007   -0.0017   -0.0031   -0.0003    0.0037    0.0012    0.0011    0.0005   -0.0015   -0.0003
   21 H5     1s         0.3492    0.0634   -0.3508    0.1094    0.3928    0.1145    0.5282    0.1692   -0.4150   -0.4652
   22 H5     2s         0.0224   -0.0006   -0.0310    0.0023    0.0503    0.0249    0.0972    0.0335   -0.0504   -0.0746
   23 H5     2px        0.0000   -0.0000    0.0000    0.0000    0.0000    0.0000    0.0000    0.0000   -0.0000   -0.0000
   24 H5     2py        0.0000   -0.0000    0.0000    0.0000    0.0000    0.0000    0.0000    0.0000   -0.0000   -0.0000
   25 H5     2pz       -0.0000   -0.0024   -0.0013   -0.0030    0.0031   -0.0001    0.0014    0.0009    0.0012   -0.0009
   26 H6     1s         0.3492   -0.0633   -0.3508   -0.1097    0.3927    0.1144   -0.5283    0.1694    0.4148    0.4652
   27 H6     2s         0.0224    0.0006   -0.0310   -0.0023    0.0503    0.0248   -0.0972    0.0335    0.0504    0.0746
   28 H6     2px       -0.0000   -0.0000    0.0000    0.0000    0.0000    0.0000   -0.0000    0.0000   -0.0000   -0.0000
   29 H6     2py       -0.0000   -0.0000    0.0000    0.0000   -0.0000    0.0000    0.0000    0.0000   -0.0000   -0.0000
   30 H6     2pz        0.0000   -0.0024    0.0013   -0.0030   -0.0031    0.0001    0.0014   -0.0009    0.0012   -0.0009
   31 H7     1s         0.3193   -0.2768   -0.0852   -0.3725   -0.2997   -0.3858    0.4880   -0.4608    0.2994   -0.1449
   32 H7     2s         0.0194   -0.0232    0.0002   -0.0354   -0.0425   -0.0647    0.0907   -0.0698    0.0318   -0.0305
   33 H7     2px        0.0000   -0.0000   -0.0000   -0.0000   -0.0000    0.0000   -0.0000   -0.0000   -0.0000   -0.0000
   34 H7     2py        0.0000   -0.0000   -0.0000   -0.0000   -0.0000   -0.0000   -0.0000   -0.0000    0.0000   -0.0000
   35 H7     2pz       -0.0007   -0.0017    0.0031   -0.0003   -0.0037   -0.0012    0.0011   -0.0005   -0.0015   -0.0003
   36 H8     1s         0.2839   -0.3333    0.0901   -0.2597   -0.3884    0.4931   -0.4243    0.2819   -0.4230   -0.1580
   37 H8     2s         0.0191   -0.0208   -0.0015   -0.0350   -0.0473    0.0886   -0.0767    0.0342   -0.0549   -0.0333
   38 H8     2px       -0.0000    0.0000   -0.0000   -0.0000    0.0000   -0.0000    0.0000   -0.0000    0.0000    0.0000
   39 H8     2py       -0.0000    0.0000   -0.0000   -0.0000    0.0000   -0.0000    0.0000   -0.0000    0.0000    0.0000
   40 H8     2pz       -0.0007   -0.0007    0.0031    0.0036    0.0018   -0.0014    0.0016    0.0006   -0.0007    0.0006
   41 H9     1s         0.2003   -0.3411    0.3798    0.3067    0.1584   -0.4906    0.3090    0.3288   -0.1280    0.4858
   42 H9     2s         0.0115   -0.0246    0.0371    0.0417    0.0304   -0.0838    0.0567    0.0357   -0.0037    0.0718
   43 H9     2px        0.0000   -0.0000   -0.0000   -0.0000   -0.0000   -0.0000   -0.0000    0.0000   -0.0000    0.0000
   44 H9     2py        0.0000   -0.0000    0.0000    0.0000    0.0000   -0.0000    0.0000    0.0000   -0.0000    0.0000
   45 H9     2pz       -0.0011    0.0006    0.0015    0.0037    0.0036   -0.0007    0.0004   -0.0009    0.0019    0.0004
   46 H10    1s         0.1422   -0.2659    0.3485    0.3608    0.2681    0.3519   -0.1950   -0.4292    0.2999   -0.4391
   47 H10    2s         0.0098   -0.0190    0.0263    0.0291    0.0231    0.0446   -0.0258   -0.0478    0.0314   -0.0523
   48 H10    2px        0.0000    0.0000   -0.0000   -0.0000   -0.0000   -0.0000    0.0000    0.0000   -0.0000   -0.0000
   49 H10    2py        0.0000    0.0000   -0.0000   -0.0000   -0.0000   -0.0000    0.0000    0.0000   -0.0000   -0.0000
   50 H10    2pz       -0.0017    0.0028   -0.0030   -0.0023   -0.0012   -0.0026    0.0017    0.0018   -0.0009    0.0025
 
 
      Orbital               11        12        13        14        15        16        17        18        19        20
      Energy            0.3303    0.3423    0.3648    0.4008    0.4527    0.5196    0.6024    0.6709    0.6984    0.7414
      Occ. No.          0.0000    0.0000    0.0000    0.0000    0.0000    0.0000    0.0000    0.0000    0.0000    0.0000
 
    1 H1     1s        -0.0712    0.1029   -0.0799   -0.0132    0.0742    0.1508    0.1941    0.1673    0.0621    0.1764
    2 H1     2s         0.1978   -0.3536    0.4534    0.5072    0.5267    0.4998    0.4258    0.2926    0.1043    0.1754
    3 H1     2px       -0.0000    0.0000   -0.0000   -0.0000   -0.0000   -0.0000   -0.0000   -0.0000   -0.0000   -0.0000
    4 H1     2py       -0.0000    0.0000   -0.0000   -0.0000   -0.0000   -0.0000   -0.0000   -0.0000   -0.0000   -0.0000
    5 H1     2pz       -0.0152    0.0245   -0.0265   -0.0249   -0.0261   -0.0364   -0.0613   -0.0735   -0.0113   -0.3377
    6 H2     1s        -0.1325    0.1865   -0.1471   -0.0674   -0.0230   -0.0578   -0.1548   -0.2000   -0.1045   -0.1622
    7 H2     2s         0.1709   -0.2495    0.1946    0.0182   -0.2402   -0.5033   -0.6938   -0.6437   -0.2888   -0.4043
    8 H2     2px        0.0000   -0.0000    0.0000   -0.0000   -0.0000   -0.0000   -0.0000   -0.0000   -0.0000   -0.0000
    9 H2     2py        0.0000    0.0000    0.0000   -0.0000   -0.0000   -0.0000   -0.0000   -0.0000   -0.0000   -0.0000
   10 H2     2pz        0.0002   -0.0057    0.0144    0.0173    0.0059   -0.0173   -0.0365   -0.0387   -0.0566    0.3545
   11 H3     1s        -0.1413    0.1386   -0.0090    0.0963    0.0736   -0.0082    0.0109    0.1353    0.1338    0.1464
   12 H3     2s         0.2212   -0.2555    0.0584   -0.2475   -0.4496   -0.3500    0.0840    0.4946    0.3928    0.3998
   13 H3     2px       -0.0000    0.0000   -0.0000    0.0000    0.0000    0.0000   -0.0000   -0.0000   -0.0000   -0.0000
   14 H3     2py       -0.0000    0.0000   -0.0000    0.0000    0.0000    0.0000   -0.0000   -0.0000   -0.0000   -0.0000
   15 H3     2pz       -0.0032   -0.0026    0.0113    0.0096    0.0024    0.0217    0.0989    0.1879    0.1794   -0.2489
   16 H4     1s        -0.1584    0.1053    0.0702    0.1188    0.0253    0.0154    0.1143    0.0381   -0.1134   -0.0959
   17 H4     2s         0.2420   -0.1690   -0.1659   -0.3674   -0.1089    0.4363    0.6530    0.1312   -0.3332   -0.2383
   18 H4     2px       -0.0000   -0.0000   -0.0000    0.0000    0.0000    0.0000   -0.0000    0.0000   -0.0000   -0.0000
   19 H4     2py       -0.0000   -0.0000   -0.0000    0.0000    0.0000    0.0000   -0.0000    0.0000   -0.0000   -0.0000
   20 H4     2pz       -0.0009   -0.0073    0.0098   -0.0033   -0.0052    0.0129   -0.0385   -0.2313   -0.3125    0.1230
   21 H5     1s        -0.1663    0.0316    0.1429    0.0477   -0.0594    0.0133   -0.0718   -0.1995    0.0429    0.0509
   22 H5     2s         0.2539   -0.0638   -0.2959   -0.1768    0.3647    0.3919   -0.4319   -0.6839    0.1316    0.1026
   23 H5     2px       -0.0000   -0.0000   -0.0000    0.0000   -0.0000   -0.0000    0.0000    0.0000   -0.0000    0.0000
   24 H5     2py       -0.0000   -0.0000   -0.0000    0.0000    0.0000   -0.0000    0.0000    0.0000   -0.0000    0.0000
   25 H5     2pz       -0.0010   -0.0084    0.0051   -0.0102   -0.0032   -0.0157   -0.0654    0.1044    0.3980   -0.0337
   26 H6     1s        -0.1663   -0.0316    0.1429   -0.0477   -0.0594   -0.0133   -0.0718    0.1995    0.0429   -0.0509
   27 H6     2s         0.2539    0.0638   -0.2959    0.1768    0.3647   -0.3919   -0.4319    0.6839    0.1316   -0.1026
   28 H6     2px        0.0000   -0.0000   -0.0000    0.0000    0.0000   -0.0000   -0.0000    0.0000   -0.0000    0.0000
   29 H6     2py        0.0000   -0.0000   -0.0000    0.0000    0.0000   -0.0000   -0.0000    0.0000   -0.0000    0.0000
   30 H6     2pz        0.0010   -0.0084   -0.0051   -0.0102    0.0032   -0.0157    0.0654    0.1044   -0.3980   -0.0337
   31 H7     1s        -0.1584   -0.1053    0.0702   -0.1188    0.0253   -0.0154    0.1143   -0.0381   -0.1134    0.0959
   32 H7     2s         0.2420    0.1690   -0.1659    0.3674   -0.1089   -0.4362    0.6530   -0.1312   -0.3332    0.2383
   33 H7     2px       -0.0000   -0.0000    0.0000    0.0000    0.0000    0.0000   -0.0000    0.0000    0.0000    0.0000
   34 H7     2py       -0.0000   -0.0000    0.0000   -0.0000    0.0000    0.0000   -0.0000    0.0000    0.0000   -0.0000
   35 H7     2pz        0.0009   -0.0073   -0.0098   -0.0033    0.0052    0.0129    0.0385   -0.2313    0.3125    0.1230
   36 H8     1s        -0.1413   -0.1386   -0.0090   -0.0963    0.0736    0.0082    0.0109   -0.1353    0.1338   -0.1464
   37 H8     2s         0.2212    0.2555    0.0584    0.2475   -0.4496    0.3500    0.0840   -0.4946    0.3928   -0.3999
   38 H8     2px        0.0000    0.0000    0.0000   -0.0000   -0.0000    0.0000   -0.0000    0.0000    0.0000   -0.0000
   39 H8     2py        0.0000    0.0000    0.0000   -0.0000   -0.0000    0.0000   -0.0000   -0.0000    0.0000   -0.0000
   40 H8     2pz        0.0032   -0.0026   -0.0113    0.0096   -0.0024    0.0217   -0.0989    0.1879   -0.1794   -0.2489
   41 H9     1s        -0.1325   -0.1865   -0.1471    0.0674   -0.0230    0.0578   -0.1548    0.2000   -0.1045    0.1622
   42 H9     2s         0.1709    0.2495    0.1946   -0.0182   -0.2402    0.5033   -0.6938    0.6437   -0.2888    0.4044
   43 H9     2px        0.0000   -0.0000    0.0000   -0.0000    0.0000   -0.0000    0.0000    0.0000    0.0000   -0.0000
   44 H9     2py       -0.0000   -0.0000    0.0000   -0.0000    0.0000   -0.0000    0.0000   -0.0000    0.0000   -0.0000
   45 H9     2pz       -0.0002   -0.0057   -0.0144    0.0173   -0.0059   -0.0173    0.0365   -0.0387    0.0566    0.3546
   46 H10    1s        -0.0712   -0.1029   -0.0799    0.0132    0.0742   -0.1508    0.1941   -0.1673    0.0621   -0.1764
   47 H10    2s         0.1978    0.3536    0.4534   -0.5072    0.5267   -0.4998    0.4258   -0.2926    0.1043   -0.1754
   48 H10    2px        0.0000    0.0000    0.0000   -0.0000    0.0000   -0.0000    0.0000    0.0000    0.0000    0.0000
   49 H10    2py        0.0000    0.0000    0.0000   -0.0000    0.0000   -0.0000    0.0000    0.0000    0.0000   -0.0000
   50 H10    2pz        0.0152    0.0245    0.0265   -0.0249    0.0261   -0.0364    0.0613   -0.0735    0.0113   -0.3377
 
 
      Orbital               21        22        23        24        25        26        27        28        29        30
      Energy            0.7421    0.8040    0.8040    0.8202    0.8202    0.8465    0.8465    0.8815    0.8815    0.9234
      Occ. No.          0.0000    0.0000    0.0000    0.0000    0.0000    0.0000    0.0000    0.0000    0.0000    0.0000
 
    1 H1     1s        -0.1834    0.0000    0.0000    0.0000    0.0000   -0.0000   -0.0000    0.0000    0.0000    0.0000
    2 H1     2s        -0.1846   -0.0000    0.0000   -0.0000   -0.0000    0.0000    0.0000   -0.0000   -0.0000   -0.0000
    3 H1     2px        0.0000    0.0442    0.1005   -0.1240   -0.1738    0.1433    0.2683   -0.2139   -0.3073   -0.3624
    4 H1     2py        0.0000    0.1005   -0.0442   -0.1738    0.1240    0.2683   -0.1433   -0.3073    0.2139   -0.2026
    5 H1     2pz        0.3424   -0.0000   -0.0000    0.0000    0.0000   -0.0000   -0.0000    0.0000    0.0000   -0.0000
    6 H2     1s         0.1758    0.0000    0.0000   -0.0000   -0.0000    0.0000    0.0000   -0.0000   -0.0000    0.0000
    7 H2     2s         0.4368    0.0000   -0.0000    0.0000    0.0000   -0.0000   -0.0000    0.0000    0.0000   -0.0000
    8 H2     2px        0.0000    0.0856    0.1945   -0.2104   -0.2949    0.1895    0.3549   -0.1804   -0.2593   -0.1089
    9 H2     2py        0.0000    0.1945   -0.0856   -0.2949    0.2104    0.3549   -0.1895   -0.2593    0.1804   -0.0609
   10 H2     2pz       -0.3512    0.0000    0.0000   -0.0000   -0.0000    0.0000    0.0000   -0.0000   -0.0000    0.0000
   11 H3     1s        -0.1685   -0.0000   -0.0000    0.0000    0.0000   -0.0000   -0.0000   -0.0000   -0.0000   -0.0000
   12 H3     2s        -0.4603   -0.0000   -0.0000   -0.0000   -0.0000    0.0000    0.0000    0.0000   -0.0000    0.0000
   13 H3     2px        0.0000    0.1205    0.2738   -0.2304   -0.3229    0.1044    0.1955    0.0654    0.0940    0.3340
   14 H3     2py        0.0000    0.2738   -0.1205   -0.3229    0.2304    0.1955   -0.1044    0.0940   -0.0654    0.1867
   15 H3     2pz        0.2258   -0.0000   -0.0000    0.0000    0.0000    0.0000    0.0000   -0.0000   -0.0000    0.0000
   16 H4     1s         0.1161    0.0000    0.0000   -0.0000   -0.0000   -0.0000   -0.0000    0.0000    0.0000   -0.0000
   17 H4     2s         0.3057    0.0000    0.0000   -0.0000   -0.0000    0.0000    0.0000   -0.0000   -0.0000   -0.0000
   18 H4     2px        0.0000    0.1453    0.3303   -0.1766   -0.2475   -0.0525   -0.0983    0.2331    0.3349    0.2019
   19 H4     2py        0.0000    0.3303   -0.1453   -0.2475    0.1766   -0.0983    0.0525    0.3349   -0.2331    0.1129
   20 H4     2pz       -0.0769    0.0000    0.0000    0.0000    0.0000   -0.0000   -0.0000    0.0000    0.0000   -0.0000
   21 H5     1s        -0.0391   -0.0000   -0.0000    0.0000    0.0000    0.0000    0.0000   -0.0000   -0.0000    0.0000
   22 H5     2s        -0.1026   -0.0000   -0.0000    0.0000    0.0000   -0.0000   -0.0000    0.0000    0.0000   -0.0000
   23 H5     2px        0.0000    0.1584    0.3600   -0.0656   -0.0920   -0.1738   -0.3254    0.1271    0.1827   -0.2789
   24 H5     2py        0.0000    0.3600   -0.1584   -0.0920    0.0656   -0.3254    0.1738    0.1827   -0.1271   -0.1559
   25 H5     2pz       -0.0128    0.0000    0.0000   -0.0000   -0.0000    0.0000    0.0000    0.0000    0.0000    0.0000
   26 H6     1s        -0.0391    0.0000    0.0000   -0.0000   -0.0000   -0.0000   -0.0000   -0.0000   -0.0000   -0.0000
   27 H6     2s        -0.1026   -0.0000   -0.0000   -0.0000   -0.0000    0.0000    0.0000   -0.0000   -0.0000    0.0000
   28 H6     2px        0.0000    0.1584    0.3600    0.0656    0.0920   -0.1738   -0.3254   -0.1271   -0.1827   -0.2789
   29 H6     2py        0.0000    0.3600   -0.1584    0.0920   -0.0656   -0.3254    0.1738   -0.1827    0.1271   -0.1559
   30 H6     2pz        0.0128   -0.0000   -0.0000    0.0000    0.0000    0.0000    0.0000   -0.0000   -0.0000    0.0000
   31 H7     1s         0.1161   -0.0000   -0.0000   -0.0000   -0.0000   -0.0000   -0.0000    0.0000    0.0000   -0.0000
   32 H7     2s         0.3056   -0.0000   -0.0000    0.0000    0.0000    0.0000    0.0000   -0.0000   -0.0000    0.0000
   33 H7     2px        0.0000    0.1453    0.3303    0.1766    0.2475   -0.0525   -0.0983   -0.2331   -0.3349    0.2019
   34 H7     2py       -0.0000    0.3303   -0.1453    0.2475   -0.1766   -0.0983    0.0525   -0.3349    0.2331    0.1129
   35 H7     2pz        0.0769    0.0000    0.0000   -0.0000   -0.0000   -0.0000   -0.0000    0.0000    0.0000   -0.0000
   36 H8     1s        -0.1684   -0.0000   -0.0000    0.0000    0.0000    0.0000    0.0000   -0.0000   -0.0000    0.0000
   37 H8     2s        -0.4602    0.0000    0.0000   -0.0000   -0.0000   -0.0000   -0.0000   -0.0000   -0.0000   -0.0000
   38 H8     2px       -0.0000    0.1205    0.2738    0.2304    0.3229    0.1044    0.1955   -0.0654   -0.0940    0.3340
   39 H8     2py       -0.0000    0.2738   -0.1205    0.3229   -0.2304    0.1955   -0.1044   -0.0940    0.0654    0.1867
   40 H8     2pz       -0.2258   -0.0000   -0.0000   -0.0000   -0.0000    0.0000    0.0000    0.0000    0.0000    0.0000
   41 H9     1s         0.1758   -0.0000    0.0000   -0.0000   -0.0000   -0.0000   -0.0000    0.0000    0.0000   -0.0000
   42 H9     2s         0.4367   -0.0000   -0.0000    0.0000    0.0000    0.0000    0.0000    0.0000    0.0000    0.0000
   43 H9     2px       -0.0000    0.0856    0.1945    0.2104    0.2949    0.1895    0.3549    0.1804    0.2593   -0.1089
   44 H9     2py       -0.0000    0.1945   -0.0856    0.2949   -0.2104    0.3549   -0.1895    0.2593   -0.1804   -0.0609
   45 H9     2pz        0.3511   -0.0000   -0.0000    0.0000    0.0000    0.0000    0.0000   -0.0000   -0.0000    0.0000
   46 H10    1s        -0.1834   -0.0000   -0.0000    0.0000    0.0000    0.0000    0.0000   -0.0000   -0.0000    0.0000
   47 H10    2s        -0.1846    0.0000    0.0000   -0.0000   -0.0000   -0.0000   -0.0000   -0.0000   -0.0000   -0.0000
   48 H10    2px       -0.0000    0.0442    0.1005    0.1240    0.1738    0.1433    0.2683    0.2139    0.3073   -0.3624
   49 H10    2py       -0.0000    0.1005   -0.0442    0.1738   -0.1240    0.2683   -0.1433    0.3073   -0.2139   -0.2026
   50 H10    2pz       -0.3424    0.0000    0.0000   -0.0000   -0.0000   -0.0000   -0.0000    0.0000    0.0000   -0.0000
 
 
      Orbital               31        32        33        34        35        36        37        38        39        40
      Energy            0.9234    0.9706    0.9706    1.0179    1.0179    1.0618    1.0618    1.0977    1.0977    1.1212
      Occ. No.          0.0000    0.0000    0.0000    0.0000    0.0000    0.0000    0.0000    0.0000    0.0000    0.0000
 
    1 H1     1s        -0.0000    0.0000   -0.0000   -0.0000   -0.0000    0.0000    0.0000   -0.0000   -0.0000    0.0000
    2 H1     2s        -0.0000   -0.0000    0.0000    0.0000    0.0000   -0.0000   -0.0000   -0.0000   -0.0000    0.0000
    3 H1     2px       -0.2026   -0.3647    0.2205    0.1192    0.3862   -0.0835   -0.3338    0.0492    0.2460   -0.0024
    4 H1     2py        0.3624   -0.2205   -0.3647    0.3862   -0.1192   -0.3338    0.0835    0.2460   -0.0492   -0.1324
    5 H1     2pz       -0.0000   -0.0000    0.0000    0.0000    0.0000   -0.0000   -0.0000   -0.0000   -0.0000    0.0000
    6 H2     1s         0.0000    0.0000   -0.0000   -0.0000   -0.0000    0.0000    0.0000    0.0000   -0.0000   -0.0000
    7 H2     2s        -0.0000    0.0000   -0.0000   -0.0000   -0.0000    0.0000    0.0000    0.0000    0.0000   -0.0000
    8 H2     2px       -0.0609    0.1004   -0.0607   -0.0976   -0.3161    0.1081    0.4323   -0.0820   -0.4098    0.0046
    9 H2     2py        0.1089    0.0607    0.1004   -0.3161    0.0976    0.4323   -0.1081   -0.4098    0.0820    0.2516
   10 H2     2pz        0.0000    0.0000   -0.0000   -0.0000   -0.0000    0.0000    0.0000    0.0000    0.0000   -0.0000
   11 H3     1s        -0.0000   -0.0000    0.0000    0.0000    0.0000    0.0000   -0.0000   -0.0000   -0.0000    0.0000
   12 H3     2s         0.0000   -0.0000    0.0000    0.0000    0.0000   -0.0000   -0.0000   -0.0000   -0.0000    0.0000
   13 H3     2px        0.1867    0.3378   -0.2043   -0.0383   -0.1240   -0.0582   -0.2327    0.0888    0.4438   -0.0065
   14 H3     2py       -0.3340    0.2043    0.3378   -0.1240    0.0383   -0.2327    0.0582    0.4438   -0.0888   -0.3504
   15 H3     2pz        0.0000   -0.0000   -0.0000    0.0000    0.0000   -0.0000   -0.0000   -0.0000   -0.0000    0.0000
   16 H4     1s        -0.0000    0.0000   -0.0000   -0.0000   -0.0000    0.0000    0.0000    0.0000    0.0000   -0.0000
   17 H4     2s        -0.0000    0.0000   -0.0000   -0.0000   -0.0000    0.0000    0.0000    0.0000    0.0000   -0.0000
   18 H4     2px        0.1129   -0.1992    0.1205    0.1290    0.4179   -0.0312   -0.1247   -0.0677   -0.3384    0.0078
   19 H4     2py       -0.2019   -0.1205   -0.1992    0.4179   -0.1290   -0.1247    0.0312   -0.3384    0.0677    0.4208
   20 H4     2pz       -0.0000   -0.0000    0.0000   -0.0000    0.0000   -0.0000   -0.0000   -0.0000    0.0000    0.0000
   21 H5     1s         0.0000    0.0000   -0.0000    0.0000    0.0000   -0.0000   -0.0000   -0.0000   -0.0000    0.0000
   22 H5     2s        -0.0000   -0.0000    0.0000    0.0000    0.0000    0.0000    0.0000   -0.0000   -0.0000    0.0000
   23 H5     2px       -0.1559   -0.2809    0.1698   -0.0699   -0.2264    0.0996    0.3982    0.0251    0.1256   -0.0085
   24 H5     2py        0.2789   -0.1698   -0.2809   -0.2264    0.0699    0.3982   -0.0996    0.1256   -0.0251   -0.4575
   25 H5     2pz        0.0000    0.0000   -0.0000   -0.0000   -0.0000    0.0000    0.0000    0.0000    0.0000   -0.0000
   26 H6     1s        -0.0000    0.0000   -0.0000   -0.0000   -0.0000   -0.0000   -0.0000    0.0000    0.0000    0.0000
   27 H6     2s         0.0000    0.0000   -0.0000   -0.0000   -0.0000   -0.0000   -0.0000    0.0000    0.0000    0.0000
   28 H6     2px       -0.1559    0.2809   -0.1698   -0.0699   -0.2264   -0.0996   -0.3982    0.0251    0.1256    0.0085
   29 H6     2py        0.2789    0.1698    0.2809   -0.2264    0.0699   -0.3982    0.0996    0.1256   -0.0251    0.4575
   30 H6     2pz        0.0000   -0.0000    0.0000    0.0000    0.0000   -0.0000   -0.0000   -0.0000   -0.0000    0.0000
   31 H7     1s        -0.0000   -0.0000    0.0000   -0.0000   -0.0000    0.0000    0.0000   -0.0000   -0.0000   -0.0000
   32 H7     2s         0.0000   -0.0000    0.0000    0.0000    0.0000    0.0000    0.0000   -0.0000   -0.0000   -0.0000
   33 H7     2px        0.1129    0.1992   -0.1205    0.1290    0.4179    0.0312    0.1247   -0.0677   -0.3384   -0.0078
   34 H7     2py       -0.2019    0.1205    0.1992    0.4179   -0.1290    0.1247   -0.0312   -0.3384    0.0677   -0.4208
   35 H7     2pz       -0.0000   -0.0000    0.0000   -0.0000   -0.0000    0.0000   -0.0000    0.0000    0.0000    0.0000
   36 H8     1s         0.0000    0.0000   -0.0000   -0.0000   -0.0000   -0.0000   -0.0000    0.0000    0.0000    0.0000
   37 H8     2s        -0.0000    0.0000   -0.0000   -0.0000   -0.0000   -0.0000   -0.0000    0.0000    0.0000    0.0000
   38 H8     2px        0.1867   -0.3378    0.2043   -0.0383   -0.1240    0.0582    0.2327    0.0888    0.4438    0.0065
   39 H8     2py       -0.3340   -0.2043   -0.3378   -0.1240    0.0383    0.2327   -0.0582    0.4438   -0.0888    0.3504
   40 H8     2pz        0.0000    0.0000   -0.0000    0.0000    0.0000    0.0000    0.0000   -0.0000   -0.0000   -0.0000
   41 H9     1s        -0.0000   -0.0000    0.0000    0.0000    0.0000    0.0000    0.0000   -0.0000   -0.0000   -0.0000
   42 H9     2s         0.0000   -0.0000   -0.0000   -0.0000   -0.0000    0.0000    0.0000   -0.0000   -0.0000   -0.0000
   43 H9     2px       -0.0609   -0.1004    0.0607   -0.0976   -0.3161   -0.1081   -0.4323   -0.0820   -0.4098   -0.0046
   44 H9     2py        0.1089   -0.0607   -0.1004   -0.3161    0.0976   -0.4323    0.1081   -0.4098    0.0820   -0.2516
   45 H9     2pz        0.0000    0.0000   -0.0000    0.0000    0.0000   -0.0000   -0.0000    0.0000    0.0000    0.0000
   46 H10    1s         0.0000    0.0000   -0.0000    0.0000    0.0000   -0.0000   -0.0000   -0.0000   -0.0000    0.0000
   47 H10    2s        -0.0000   -0.0000    0.0000    0.0000    0.0000   -0.0000   -0.0000    0.0000    0.0000    0.0000
   48 H10    2px       -0.2026    0.3647   -0.2205    0.1192    0.3862    0.0835    0.3338    0.0492    0.2460    0.0024
   49 H10    2py        0.3624    0.2205    0.3647    0.3862   -0.1192    0.3338   -0.0835    0.2460   -0.0492    0.1324
   50 H10    2pz       -0.0000   -0.0000    0.0000   -0.0000   -0.0000    0.0000    0.0000   -0.0000   -0.0000   -0.0000
 
 
      Orbital               41        42        43        44        45        46        47        48        49        50
      Energy            1.1212    1.1433    1.1579    1.1799    1.2050    1.2468    1.3368    1.4334    1.5204    1.5816
      Occ. No.          0.0000    0.0000    0.0000    0.0000    0.0000    0.0000    0.0000    0.0000    0.0000    0.0000
 
    1 H1     1s         0.0000   -0.1658    0.0789    0.2263    0.1052   -0.1766    0.1519   -0.1315    0.0999    0.0546
    2 H1     2s         0.0000   -0.3048    0.1199    0.4056    0.1678   -0.2972    0.2164   -0.1535    0.0981    0.0478
    3 H1     2px       -0.1324    0.0000    0.0000    0.0000    0.0000   -0.0000   -0.0000    0.0000   -0.0000   -0.0000
    4 H1     2py        0.0024   -0.0000    0.0000    0.0000    0.0000   -0.0000    0.0000    0.0000   -0.0000   -0.0000
    5 H1     2pz        0.0000   -0.2886    0.0011    0.4449    0.0771   -0.4647    0.4396   -0.3760    0.2752    0.1457
    6 H2     1s        -0.0000    0.4058   -0.2672   -0.5273   -0.3298    0.3070   -0.1576    0.0528    0.0109    0.0235
    7 H2     2s        -0.0000    0.6964   -0.4947   -0.8506   -0.5680    0.4222   -0.1906    0.0794   -0.0258   -0.0056
    8 H2     2px        0.2516   -0.0000   -0.0000    0.0000   -0.0000   -0.0000    0.0000    0.0000    0.0000    0.0000
    9 H2     2py       -0.0046    0.0000   -0.0000   -0.0000   -0.0000    0.0000   -0.0000    0.0000    0.0000   -0.0000
   10 H2     2pz       -0.0000    0.2103   -0.2131   -0.1620   -0.2065   -0.1681    0.4207   -0.5448    0.5045    0.3026
   11 H3     1s         0.0000   -0.3589    0.5581    0.4226    0.6134   -0.0299   -0.1034    0.0715    0.0029    0.0332
   12 H3     2s         0.0000   -0.6012    0.9840    0.7028    1.0383   -0.0946   -0.0550    0.0212    0.0173    0.0227
   13 H3     2px       -0.3504   -0.0000    0.0000    0.0000    0.0000   -0.0000    0.0000   -0.0000   -0.0000   -0.0000
   14 H3     2py        0.0065   -0.0000    0.0000    0.0000    0.0000   -0.0000    0.0000   -0.0000   -0.0000   -0.0000
   15 H3     2pz        0.0000    0.2043    0.2843   -0.3799    0.1775    0.4478   -0.1415   -0.2952    0.5464    0.4230
   16 H4     1s        -0.0000   -0.0489   -0.6429   -0.0731   -0.7933   -0.0601   -0.0431    0.1221   -0.0565    0.0153
   17 H4     2s        -0.0000   -0.0953   -1.0970   -0.1815   -1.3511   -0.0160   -0.0491    0.0872   -0.0352    0.0023
   18 H4     2px        0.4208    0.0000   -0.0000   -0.0000   -0.0000   -0.0000    0.0000    0.0000   -0.0000   -0.0000
   19 H4     2py       -0.0078    0.0000   -0.0000   -0.0000   -0.0000    0.0000    0.0000    0.0000   -0.0000   -0.0000
   20 H4     2pz        0.0000   -0.4741    0.0405    0.3010   -0.0249    0.2624   -0.4995    0.1381    0.4263    0.5158
   21 H5     1s         0.0000    0.4619    0.2910   -0.0468    0.8422   -0.2052    0.1291    0.0411   -0.0753    0.0067
   22 H5     2s         0.0000    0.7885    0.4913   -0.0363    1.4557   -0.2775    0.1111    0.0213   -0.0359    0.0058
   23 H5     2px       -0.4575    0.0000    0.0000    0.0000    0.0000    0.0000    0.0000   -0.0000   -0.0000    0.0000
   24 H5     2py        0.0085   -0.0000    0.0000    0.0000    0.0000    0.0000    0.0000   -0.0000   -0.0000    0.0000
   25 H5     2pz       -0.0000    0.2483   -0.4612    0.1898   -0.0277   -0.3636   -0.2841    0.4870    0.1573    0.5619
   26 H6     1s         0.0000   -0.4619    0.2910   -0.0468   -0.8422    0.2052    0.1291   -0.0411   -0.0753   -0.0067
   27 H6     2s         0.0000   -0.7885    0.4913   -0.0363   -1.4557    0.2775    0.1111   -0.0213   -0.0359   -0.0058
   28 H6     2px        0.4575    0.0000   -0.0000   -0.0000    0.0000   -0.0000   -0.0000    0.0000   -0.0000    0.0000
   29 H6     2py       -0.0085    0.0000   -0.0000   -0.0000    0.0000   -0.0000   -0.0000    0.0000   -0.0000    0.0000
   30 H6     2pz        0.0000    0.2483    0.4612   -0.1898   -0.0277   -0.3636    0.2841    0.4870   -0.1573    0.5619
   31 H7     1s        -0.0000    0.0489   -0.6429   -0.0731    0.7933    0.0601   -0.0431   -0.1221   -0.0565   -0.0153
   32 H7     2s        -0.0000    0.0954   -1.0970   -0.1815    1.3511    0.0160   -0.0491   -0.0872   -0.0352   -0.0023
   33 H7     2px       -0.4208   -0.0000    0.0000    0.0000   -0.0000    0.0000    0.0000   -0.0000   -0.0000    0.0000
   34 H7     2py        0.0078   -0.0000    0.0000    0.0000   -0.0000    0.0000    0.0000   -0.0000   -0.0000    0.0000
   35 H7     2pz       -0.0000   -0.4741   -0.0405   -0.3010   -0.0249    0.2624    0.4995    0.1381   -0.4263    0.5158
   36 H8     1s         0.0000    0.3589    0.5581    0.4226   -0.6133    0.0299   -0.1034   -0.0715    0.0029   -0.0332
   37 H8     2s         0.0000    0.6012    0.9840    0.7028   -1.0383    0.0946   -0.0550   -0.0212    0.0173   -0.0227
   38 H8     2px        0.3504    0.0000   -0.0000   -0.0000    0.0000   -0.0000   -0.0000    0.0000    0.0000   -0.0000
   39 H8     2py       -0.0065    0.0000   -0.0000   -0.0000    0.0000   -0.0000   -0.0000    0.0000    0.0000   -0.0000
   40 H8     2pz       -0.0000    0.2043   -0.2843    0.3799    0.1775    0.4478    0.1415   -0.2952   -0.5464    0.4230
   41 H9     1s        -0.0000   -0.4058   -0.2672   -0.5273    0.3298   -0.3070   -0.1576   -0.0528    0.0109   -0.0235
   42 H9     2s        -0.0000   -0.6964   -0.4947   -0.8506    0.5680   -0.4222   -0.1906   -0.0794   -0.0258    0.0056
   43 H9     2px       -0.2516   -0.0000    0.0000    0.0000   -0.0000    0.0000    0.0000    0.0000   -0.0000    0.0000
   44 H9     2py        0.0046   -0.0000    0.0000   -0.0000   -0.0000    0.0000    0.0000    0.0000    0.0000    0.0000
   45 H9     2pz        0.0000    0.2103    0.2131    0.1620   -0.2065   -0.1681   -0.4207   -0.5448   -0.5046    0.3026
   46 H10    1s         0.0000    0.1658    0.0790    0.2263   -0.1052    0.1766    0.1519    0.1315    0.0999   -0.0546
   47 H10    2s         0.0000    0.3048    0.1199    0.4056   -0.1678    0.2972    0.2164    0.1535    0.0981   -0.0478
   48 H10    2px        0.1324    0.0000   -0.0000   -0.0000    0.0000   -0.0000   -0.0000   -0.0000    0.0000   -0.0000
   49 H10    2py       -0.0024    0.0000   -0.0000   -0.0000    0.0000   -0.0000    0.0000   -0.0000    0.0000   -0.0000
   50 H10    2pz       -0.0000   -0.2886   -0.0011   -0.4449    0.0771   -0.4647   -0.4396   -0.3760   -0.2753    0.1457
--
 
      Von Neumann Entropy (Root  1) =  4.38833
 

      Mulliken population analysis for root number:  1
      -----------------------------------------------
 
 
++    Molecular charges:
      ------------------
 
      Mulliken charges per centre and basis function type
      ---------------------------------------------------
 
                H1      H2      H3      H4      H5      H6      H7      H8      H9      H10   
      1s       0.9871  1.0019  1.0017  1.0010  1.0012  1.0012  1.0010  1.0017  1.0019  0.9871
      2s       0.0075  0.0015 -0.0034 -0.0023 -0.0027 -0.0027 -0.0023 -0.0034  0.0015  0.0075
      2px      0.0000  0.0000  0.0000  0.0000  0.0000  0.0000  0.0000  0.0000  0.0000  0.0000
      2pz      0.0005  0.0017  0.0015  0.0014  0.0014  0.0014  0.0014  0.0015  0.0017  0.0005
      2py      0.0000  0.0000  0.0000  0.0000  0.0000  0.0000  0.0000  0.0000  0.0000  0.0000
      Total    0.9952  1.0050  0.9997  1.0001  1.0000  1.0000  1.0001  0.9997  1.0050  0.9952
 
      N-E      0.0048 -0.0050  0.0003 -0.0001  0.0000  0.0000 -0.0001  0.0003 -0.0050  0.0048
 
      Total electronic charge=   10.000000
 
      Total            charge=   -0.000000
--
 
 

      Expectation values of various properties for root number:  1
      -----------------------------------------------------------
 
 
++    Molecular properties:
      ---------------------
 
      Charge (e):
                      =   -0.0000
      Dipole Moment (Debye):
      Origin of the operator (Ang)=    0.0000    0.0000    0.0000
                   X= -2.8099E-09               Y= -1.2272E-09               Z= -2.6839E-05           Total=  2.6839E-05
      Quadrupole Moment (Debye*Ang):
      Origin of the operator (Ang)=    0.0000    0.0000   10.1182
                  XX= -1.5358E+01              XY= -4.3919E-18              XZ=  3.6075E-08              YY= -1.5358E+01
                  YZ=  1.1915E-08              ZZ= -1.3237E+01
      In traceless form (Debye*Ang)
                  XX= -1.0604E+00              XY= -6.5879E-18              XZ=  5.4113E-08              YY= -1.0604E+00
                  YZ=  1.7873E-08              ZZ=  2.1207E+00
--
 

      LoProp population analysis for root number:  1
      -----------------------------------------------
 
 
++    LoProp analysis:
      ----------------
 
 
 
  Input file to MOLDEN was generated!
 
 
++    Static properties:
      ------------------
 
 
      LoProp Charges per center
 

                   H1       H2       H3       H4       H5       H6       H7       H8       H9       H10   
      Nuclear      1.0000   1.0000   1.0000   1.0000   1.0000   1.0000   1.0000   1.0000   1.0000   1.0000
      Electronic  -1.0001  -1.0000  -0.9999  -1.0001  -1.0000  -1.0000  -1.0001  -0.9999  -1.0000  -1.0001
 
      Total       -0.0001  -0.0000   0.0001  -0.0001   0.0000   0.0000  -0.0001   0.0001  -0.0000  -0.0001
--
 
 
      Natural Bond Order analysis for root number:  1
 
++    Natural Bond Order analysis
      ---------------------------
      Based on LoProp computed density
      -------------------------------------------------------------------------------------
      Atom A       Atom B       Bond Order
      -------------------------------------------------------------------------------------
      The remaining   10.000 electrons are to be considered as diffuse
--
 
--
 
 
  Input file to MOLDEN was generated!
 
      Average orbitals are written to the RASORB file
      Natural orbitals for root   1 are written to the RASORB.1 file
      Spin density orbitals for root   1 are written to the SPDORB.1 file
 
forrtl: warning (525): IEEE_DIVIDE_BY_ZERO is signaling
forrtl: warning (526): IEEE_INVALID is signaling
forrtl: warning (528): IEEE_UNDERFLOW is signaling
--- Stop Module: rasscf at Sun Oct 26 16:57:54 2025 /rc=_RC_ALL_IS_WELL_ ---
*** files: H10_2.25.LprOrb H10_2.25.rasscf.molden H10_2.25.LoProp.molden H10_2.25.RasOrb.1 H10_2.25.RasOrb H10_2.25.rasscf.h5 H10_2.25.SpdOrb.1 xmldump
    saved to directory /home/grierjones/DDCASPT2/hydrogen_comps/rerun/H10_chain/H10_2.25
--- Module rasscf spent 23 seconds ---

>>> COPY /tmp/H10_2.25/H10_2.25.rasscf.h5 /home/grierjones/DDCASPT2/hydrogen_comps/rerun/H10_chain/H10_2.25/

>>> COPY /tmp/H10_2.25/GMJ_Fock_MO.csv /home/grierjones/DDCASPT2/hydrogen_comps/rerun/H10_chain/H10_2.25/H10_2.25.GMJ_Fock_MO.csv

*** symbolic link created: INPORB -> H10_2.25.RasOrb
--- Start Module: motra at Sun Oct 26 16:57:54 2025 ---
 
()()()()()()()()()()()()()()()()()()()()()()()()()()()()()()()()()()()()()()()()()()()()()()()()()()

                                               &MOTRA

                                   only a single process is used
                       available to each process: 2.0 GB of memory, 1 thread?
()()()()()()()()()()()()()()()()()()()()()()()()()()()()()()()()()()()()()()()()()()()()()()()()()()
 
 
      *** WARNING: Default frozen orbitals is overwritten by user input.
      *** Default values:   0
 
      Header of the integral files:
      
       Integrals generated by seward 4.2.0  , Sun Oct 26 16:57:29 2025
 
 
      Header of MO coefficients source file:
      * RASSCF average (pseudo-natural) orbitals                                      
 
 
      Cartesian coordinates in Angstrom:
      -----------------------------------------------------
      No.  Label        X            Y            Z        
      -----------------------------------------------------
       1   H1         0.00000000   0.00000000   0.00000000
       2   H2         0.00000000   0.00000000   2.24848500
       3   H3         0.00000000   0.00000000   4.49697000
       4   H4         0.00000000   0.00000000   6.74545500
       5   H5         0.00000000   0.00000000   8.99393900
       6   H6         0.00000000   0.00000000  11.24242400
       7   H7         0.00000000   0.00000000  13.49090900
       8   H8         0.00000000   0.00000000  15.73939400
       9   H9         0.00000000   0.00000000  17.98787900
      10   H10        0.00000000   0.00000000  20.23636400
      -----------------------------------------------------
      Nuclear repulsion energy =    4.53979501
 
      Orbital specifications:
      -----------------------
 
      Symmetry species:              1
      Number of basis functions:    50
      Frozen orbitals:               0
      Deleted orbitals:              0
      Number of orbitals used:      50

       SYMMETRY  BASIS FUNCTIONS       ORBITALS      INTEGRALS   CPU(SEC)  I/O(SEC)
        1 1 1 1   50  50  50  50    50  50  50  50      813450       0.00      0.00

       TOTAL CPU TIME(SEC)    0.51TOTAL I/O TIME(SEC)    1.18
 
--- Stop Module: motra at Sun Oct 26 16:57:55 2025 /rc=_RC_ALL_IS_WELL_ ---
*** files: xmldump
    saved to directory /home/grierjones/DDCASPT2/hydrogen_comps/rerun/H10_chain/H10_2.25
--- Module motra spent 1 second ---

>>> COPY /tmp/H10_2.25/GMJ_one_int_indx.csv /home/grierjones/DDCASPT2/hydrogen_comps/rerun/H10_chain/H10_2.25/H10_2.25.GMJ_one_int_indx.csv

>>> COPY /tmp/H10_2.25/GMJ_one_int.csv /home/grierjones/DDCASPT2/hydrogen_comps/rerun/H10_chain/H10_2.25/H10_2.25.GMJ_one_int.csv

>>> COPY /tmp/H10_2.25/GMJ_two_int_indx.csv /home/grierjones/DDCASPT2/hydrogen_comps/rerun/H10_chain/H10_2.25/H10_2.25.GMJ_two_int_indx.csv

>>> COPY /tmp/H10_2.25/GMJ_two_int.csv /home/grierjones/DDCASPT2/hydrogen_comps/rerun/H10_chain/H10_2.25/H10_2.25.GMJ_two_int.csv

*** symbolic link created: INPORB -> H10_2.25.RasOrb
--- Start Module: caspt2 at Sun Oct 26 16:57:55 2025 ---
 
()()()()()()()()()()()()()()()()()()()()()()()()()()()()()()()()()()()()()()()()()()()()()()()()()()

                                              &CASPT2

                                   only a single process is used
                       available to each process: 2.0 GB of memory, 1 thread?
()()()()()()()()()()()()()()()()()()()()()()()()()()()()()()()()()()()()()()()()()()()()()()()()()()
 
 Cholesky algorithm in CASPT2 =    1
 
 ###############################################################################
 ###############################################################################
 ###                                                                         ###
 ###                                                                         ###
 ###    User changed nr of frozen orbitals.                                  ###
 ###                                                                         ###
 ###                                                                         ###
 ###############################################################################
 ###############################################################################
 
++    Wave function specifications:
      -----------------------------
 
      Number of closed shell electrons           0
      Number of electrons in active shells      10
      Max number of holes in RAS1 space          0
      Max number of electrons in RAS3 space      0
      Number of inactive orbitals                0
      Number of active orbitals                 10
      Number of secondary orbitals              40
      Spin quantum number                      0.0
      State symmetry                             1
      Number of CSFs                         19404
      Number of root(s) available                1
      Root passed to geometry opt.               1
      A file JOBMIX will be created.
      This is a CASSCF or RASSCF reference function
--
 
++    Orbital specifications:
      -----------------------
 
      Symmetry species                           1
                                                 a
      Frozen orbitals                            0
      Inactive orbitals                          0
      Active orbitals                           10
      Secondary orbitals                        40
      Deleted orbitals                           0
      Number of basis functions                 50
--
 
      Type of Fock operator: STANDARD
      Type of 0-order Hamiltonian: STANDARD WITH DEFAULT IPEA
        "IP-EA" denominator shift =      0.25
      The input orbitals and the CI vector will be transformed.
 
--------------------------------------------------------------------------------
 Estimated memory requirements:
  POLY3 :                  3551880
  RHS:                      835500
  SIGMA :                   430400
  PRPCTL:                        0
 Available workspace:    230354915
 
++ CASPT2 computation for group   1
 
********************************************************************************
 Multi-State initialization phase begins for group   1
--------------------------------------------------------------------------------
********************************************************************************
 Compute H0 matrices for state    1
--------------------------------------------------------------------------------
--------------------------------------------------------------------------------
 H0 matrices have been computed.
 
********************************************************************************
  CASPT2 EQUATION SOLUTION
--------------------------------------------------------------------------------
 
  Total nr of CASPT2 parameters:
   Before reduction:      120200
   After  reduction:      119720
 
 The contributions to the second order correlation energy in atomic units.
-----------------------------------------------------------------------------------------------------------------------------
  IT.      VJTU        VJTI        ATVX        AIVX        VJAI        BVAT        BJAT        BJAI        TOTAL       RNORM  
-----------------------------------------------------------------------------------------------------------------------------
   1     0.000000    0.000000   -0.002706    0.000000    0.000000   -0.006168    0.000000    0.000000   -0.008874    0.001227
   2     0.000000    0.000000   -0.002731    0.000000    0.000000   -0.006176    0.000000    0.000000   -0.008907    0.000224
   3     0.000000    0.000000   -0.002735    0.000000    0.000000   -0.006177    0.000000    0.000000   -0.008912    0.000061
   4     0.000000    0.000000   -0.002734    0.000000    0.000000   -0.006177    0.000000    0.000000   -0.008911    0.000011
   5     0.000000    0.000000   -0.002734    0.000000    0.000000   -0.006177    0.000000    0.000000   -0.008911    0.000002
-------------------------------------------------------------------------------------------------------------------
 
  FINAL CASPT2 RESULT:
 
  Correlation energy /Case, /Symm, and sums:
 VJTU      0.00000000  0.00000000
 VJTIP     0.00000000  0.00000000
 VJTIM     0.00000000  0.00000000
 ATVX     -0.00273359 -0.00273359
 AIVX      0.00000000  0.00000000
 VJAIP     0.00000000  0.00000000
 VJAIM     0.00000000  0.00000000
 BVATP    -0.00573213 -0.00573213
 BVATM    -0.00044499 -0.00044499
 BJATP     0.00000000  0.00000000
 BJATM     0.00000000  0.00000000
 BJAIP     0.00000000  0.00000000
 BJAIM     0.00000000  0.00000000
 Summed:  -0.00891071 -0.00891071
 
      Reference energy:          -5.0279707219
      E2 (Non-variational):      -0.0089107112
      E2 (Variational):          -0.0089107108
      Total energy:              -5.0368814327
      Residual norm:              0.0000003285
      Reference weight:           0.99428
 
      Contributions to the CASPT2 correlation energy
      Active & Virtual Only:         -0.0089107112
      One Inactive Excited:           0.0000000000
      Two Inactive Excited:           0.0000000000
 
 
++ Denominators, etc.
----------------------------------------------------------------------------------------------------
 Report on small energy denominators, large coefficients, and large energy contributions.
CASE  SYMM ACTIVE-MIX  NON-ACTIVE INDICES          DENOMINATOR     RHS VALUE       COEFFICIENT     CONTRIBUTION
ATVX     1  Mu1.0001  Se1.011                       0.27928396      0.00004007     -0.00021738     -0.00000001
ATVX     1  Mu1.0001  Se1.012                       0.29123844      0.00000007     -0.00000026     -0.00000000
--
 
   (Skipping property calculation,
    use PROP keyword to activate)
--
 
  Total CASPT2 energies:
::    CASPT2 Root  1     Total energy:     -5.03688143
 
  A NEW JOBIPH FILE NAMED 'JOBMIX' IS PREPARED.
********************************************************************************
forrtl: warning (528): IEEE_UNDERFLOW is signaling
--- Stop Module: caspt2 at Sun Oct 26 16:58:01 2025 /rc=_RC_ALL_IS_WELL_ ---
*** files: xmldump
    saved to directory /home/grierjones/DDCASPT2/hydrogen_comps/rerun/H10_chain/H10_2.25
--- Module caspt2 spent 6 seconds ---

>>> EXPORT i = B

>>> EXPORT j = P

>>> IF (-FILE GMJ_e2_${i}_${j}_1_.csv)
(Skipped)

>>> END FOREACH

>>> EXPORT j = M

>>> IF (-FILE GMJ_e2_${i}_${j}_1_.csv)
(Skipped)

>>> END FOREACH

>>> END FOREACH

>>> EXPORT i = E

>>> EXPORT j = P

>>> IF (-FILE GMJ_e2_${i}_${j}_1_.csv)
(Skipped)

>>> END FOREACH

>>> EXPORT j = M

>>> IF (-FILE GMJ_e2_${i}_${j}_1_.csv)
(Skipped)

>>> END FOREACH

>>> END FOREACH

>>> EXPORT i = F

>>> EXPORT j = P

>>> IF (-FILE GMJ_e2_${i}_${j}_1_.csv)

>>> COPY /tmp/H10_2.25/GMJ_RHS_F_P_1_.csv /home/grierjones/DDCASPT2/hydrogen_comps/rerun/H10_chain/H10_2.25/GMJ_RHS_F_P_1_.csv

>>> COPY /tmp/H10_2.25/GMJ_IVECW_F_P_1_.csv /home/grierjones/DDCASPT2/hydrogen_comps/rerun/H10_chain/H10_2.25/GMJ_IVECW_F_P_1_.csv

>>> COPY /tmp/H10_2.25/GMJ_IVECX_F_P_1_.csv /home/grierjones/DDCASPT2/hydrogen_comps/rerun/H10_chain/H10_2.25/GMJ_IVECX_F_P_1_.csv

>>> COPY /tmp/H10_2.25/GMJ_IVECC2_F_P_1_.csv /home/grierjones/DDCASPT2/hydrogen_comps/rerun/H10_chain/H10_2.25/GMJ_IVECC2_F_P_1_.csv

>>> COPY /tmp/H10_2.25/GMJ_e2_F_P_1_.csv /home/grierjones/DDCASPT2/hydrogen_comps/rerun/H10_chain/H10_2.25/GMJ_e2_F_P_1_.csv

>>> END FOREACH

>>> EXPORT j = M

>>> IF (-FILE GMJ_e2_${i}_${j}_1_.csv)

>>> COPY /tmp/H10_2.25/GMJ_RHS_F_M_1_.csv /home/grierjones/DDCASPT2/hydrogen_comps/rerun/H10_chain/H10_2.25/GMJ_RHS_F_M_1_.csv

>>> COPY /tmp/H10_2.25/GMJ_IVECW_F_M_1_.csv /home/grierjones/DDCASPT2/hydrogen_comps/rerun/H10_chain/H10_2.25/GMJ_IVECW_F_M_1_.csv

>>> COPY /tmp/H10_2.25/GMJ_IVECX_F_M_1_.csv /home/grierjones/DDCASPT2/hydrogen_comps/rerun/H10_chain/H10_2.25/GMJ_IVECX_F_M_1_.csv

>>> COPY /tmp/H10_2.25/GMJ_IVECC2_F_M_1_.csv /home/grierjones/DDCASPT2/hydrogen_comps/rerun/H10_chain/H10_2.25/GMJ_IVECC2_F_M_1_.csv

>>> COPY /tmp/H10_2.25/GMJ_e2_F_M_1_.csv /home/grierjones/DDCASPT2/hydrogen_comps/rerun/H10_chain/H10_2.25/GMJ_e2_F_M_1_.csv

>>> END FOREACH

>>> END FOREACH

>>> EXPORT i = G

>>> EXPORT j = P

>>> IF (-FILE GMJ_e2_${i}_${j}_1_.csv)
(Skipped)

>>> END FOREACH

>>> EXPORT j = M

>>> IF (-FILE GMJ_e2_${i}_${j}_1_.csv)
(Skipped)

>>> END FOREACH

>>> END FOREACH

>>> EXPORT i = H

>>> EXPORT j = P

>>> IF (-FILE GMJ_e2_${i}_${j}_1_.csv)
(Skipped)

>>> END FOREACH

>>> EXPORT j = M

>>> IF (-FILE GMJ_e2_${i}_${j}_1_.csv)
(Skipped)

>>> END FOREACH

>>> END FOREACH

>>> EXPORT i = A

>>> IF (-FILE GMJ_e2_${i}_1_.csv)
(Skipped)

>>> END FOREACH

>>> EXPORT i = C

>>> IF (-FILE GMJ_e2_${i}_1_.csv)

>>> COPY /tmp/H10_2.25/GMJ_RHS_C_1_.csv /home/grierjones/DDCASPT2/hydrogen_comps/rerun/H10_chain/H10_2.25/GMJ_RHS_C_1_.csv

>>> COPY /tmp/H10_2.25/GMJ_IVECW_C_1_.csv /home/grierjones/DDCASPT2/hydrogen_comps/rerun/H10_chain/H10_2.25/GMJ_IVECW_C_1_.csv

>>> COPY /tmp/H10_2.25/GMJ_IVECX_C_1_.csv /home/grierjones/DDCASPT2/hydrogen_comps/rerun/H10_chain/H10_2.25/GMJ_IVECX_C_1_.csv

>>> COPY /tmp/H10_2.25/GMJ_IVECC2_C_1_.csv /home/grierjones/DDCASPT2/hydrogen_comps/rerun/H10_chain/H10_2.25/GMJ_IVECC2_C_1_.csv

>>> COPY /tmp/H10_2.25/GMJ_e2_C_1_.csv /home/grierjones/DDCASPT2/hydrogen_comps/rerun/H10_chain/H10_2.25/GMJ_e2_C_1_.csv

>>> END FOREACH

>>> EXPORT i = D

>>> IF (-FILE GMJ_e2_${i}_1_.csv)
(Skipped)

>>> END FOREACH

.########################.
.# Non-zero return code #.
.########################.

    Timing: Wall=32.24 User=30.83 System=1.38
****************************************
*** WorkDir at /tmp/H10_2.25 cleaned ***
****************************************
