   This run of MOLCAS is using the pymolcas driver

                             OPE
                             OPE          NMOL  CASOP  ENMOLC A   SO
                 OPE        NMOLC        AS  OP EN  MO LC     AS  OP
                OPENM       OL CA        SO  PE NM  OL CA     SOP EN
                OP EN      MO   LC       AS  OP ENMOL  CASO   PENMOL
                OP  EN     MO   LC       AS  OP EN     MO     LC ASO
               OP   E  NMOL  C  AS       OP  EN MO     LC     AS  OP
               OP  E   NMO   LC AS        OPEN  MO     LCASOP EN   M
               O  PEN   MO  LCA  SO
            OPE   NMO   L   CAS    OP
        OPENMOL  CASOP     ENMOL   CASOPE
     OPENMOLCA   SOPENMOLCASOPEN   MOLCASOPE
    OPENMOLCAS   OP           EN   MOL    CAS
    OPENMOLCAS       OP  ENM        O     LCA
    OPENMOLCAS    OPEN  MOLCASO     P  E  NMO
    OPENMOLCAS     OP               E  N  MOL
    OPENMOLCA   SO           PENM   O  L  CAS    OPEN    MO    LCAS
    OPENMOLCA   SOP           ENM   O  L  CAS   OP  EN  MOLC  AS   O
    OPENMOLCA   SOPE           NM      O  LCA   S      OP  EN MO
    OPENMOLC                AS         O  PEN   M      OL  CA  SOPE
    OPENMO        LCASOPE  NMOL        C  ASO   P      ENMOLC     AS
    OPE     NMO      LCA  SO     P     E   NM   OL  CA SO  PE N   MO
          OPENMOLCA            SOPE   NMO        LCAS  O    P  ENMO
     OPENMOLCASOPENMOLCASOPENMOLCASOPENMOLCA
        OPENMOLCASOPENMOLCASOPENMOLCASOPE
            OPENMOLCASOPENMOLCASOPENM
               OPENMOLCASOPENMOLCA        version: f37762c57
                   OPENMOLCASO
                       OPE                tag:

 OpenMolcas is free software; you can redistribute it and/or modify it
 under the terms of the GNU Lesser General Public License version 2.1.
 OpenMolcas is distributed in the hope that it will be useful, but it
 is provided "as is" and without any express or implied warranties.
 For more details see the full text of the license in the file
 LICENSE or in <http://www.gnu.org/licenses/>.

                 Copyright (C) The OpenMolcas Authors
           For the author list and the recommended citation,
                   consult the file CONTRIBUTORS.md

           *************************************************
           * pymolcas version py2.28                       *
           *   build c4a6d18ded8cb6cad61d2372a9abd97c      *
           *   (after the EMIL interpreter by V. Veryazov) *
           *************************************************

configuration info
------------------
C Compiler ID: Intel
C flags: -std=gnu99 -gcc-sys
Fortran Compiler ID: IntelLLVM
Fortran flags: -standard-semantics -fltconsistency -fpp -i8 -heap-arrays
Definitions: _MOLCAS_;_I8_;_LINUX_
Parallel: OFF (GA=OFF)


   ----------------------------------------------------------------------------------------
  |
  |              Project: H10_2.64
  |       Submitted from: /home/grierjones/DDCASPT2/hydrogen_comps/rerun/H10_chain/H10_2.64
  |         Scratch area: /tmp/H10_2.64
  |      Save outputs to: /home/grierjones/DDCASPT2/hydrogen_comps/rerun/H10_chain/H10_2.64
  |               Molcas: /home/grierjones/Test/build
  |
  | Scratch area is empty
  |
  |       MOLCAS_DRIVER = /usr/local/pymolcas
  | MOLCAS_KEEP_WORKDIR = NO
  |  MOLCAS_NEW_WORKDIR = YES
  |       MOLCAS_NPROCS = 1
  |        MOLCAS_PRINT = NORMAL
  |       MOLCAS_SOURCE = /home/grierjones/Test
  |    MOLCAS_STRUCTURE = 0
  |
   ----------------------------------------------------------------------------------------

++ ---------   Input file   ---------

&GATEWAY
coord=H10_2.64.xyz
Basis = ANO-RCC-VDZP
Group = nosymm
End of Input

&SEWARD
End of Input

&SCF

>>> COPY $WorkDir/H10_2.64.scf.h5 $CurrDir/

&RASSCF
Title= RASSCF
FileOrb
/home/grierjones/DDCASPT2/hydrogen_comps/rerun/H10_chain/H10_0.60/H10_0.60.RasOrb
NACTEL
10 0 0
Inactive
0
RAS2
10
Symmetry
1
Spin
1
orblisting
all

>>> COPY $WorkDir/H10_2.64.rasscf.h5 $CurrDir/

>>> COPY $WorkDir/GMJ_Fock_MO.csv $CurrDir/H10_2.64.GMJ_Fock_MO.csv

&MOTRA
Frozen=0
LUMORB

>>> COPY $WorkDir/GMJ_one_int_indx.csv $CurrDir/H10_2.64.GMJ_one_int_indx.csv

>>> COPY $WorkDir/GMJ_one_int.csv $CurrDir/H10_2.64.GMJ_one_int.csv

>>> COPY $WorkDir/GMJ_two_int_indx.csv $CurrDir/H10_2.64.GMJ_two_int_indx.csv

>>> COPY $WorkDir/GMJ_two_int.csv $CurrDir/H10_2.64.GMJ_two_int.csv

&CASPT2
Frozen
0

MAXITER
50

>>> FOREACH i IN (B,E,F,G,H)

  >>> FOREACH j IN (P,M)

    >>> IF (-FILE GMJ_e2_${i}_${j}_1_.csv)

      >>> COPY $WorkDir/GMJ_RHS_${i}_${j}_1_.csv $CurrDir/GMJ_RHS_${i}_${j}_1_.csv

      >>> COPY $WorkDir/GMJ_IVECW_${i}_${j}_1_.csv $CurrDir/GMJ_IVECW_${i}_${j}_1_.csv

      >>> COPY $WorkDir/GMJ_IVECX_${i}_${j}_1_.csv $CurrDir/GMJ_IVECX_${i}_${j}_1_.csv

      >>> COPY $WorkDir/GMJ_IVECC2_${i}_${j}_1_.csv $CurrDir/GMJ_IVECC2_${i}_${j}_1_.csv

      >>> COPY $WorkDir/GMJ_e2_${i}_${j}_1_.csv $CurrDir/GMJ_e2_${i}_${j}_1_.csv

    >>> END IF

  >>> END FOREACH

>>> END FOREACH

>>> FOREACH i IN (A,C,D)

  >>> IF (-FILE GMJ_e2_${i}_1_.csv)

    >>> COPY $WorkDir/GMJ_RHS_${i}_1_.csv $CurrDir/GMJ_RHS_${i}_1_.csv

    >>> COPY $WorkDir/GMJ_IVECW_${i}_1_.csv $CurrDir/GMJ_IVECW_${i}_1_.csv

    >>> COPY $WorkDir/GMJ_IVECX_${i}_1_.csv $CurrDir/GMJ_IVECX_${i}_1_.csv

    >>> COPY $WorkDir/GMJ_IVECC2_${i}_1_.csv $CurrDir/GMJ_IVECC2_${i}_1_.csv

    >>> COPY $WorkDir/GMJ_e2_${i}_1_.csv $CurrDir/GMJ_e2_${i}_1_.csv

  >>> END IF

>>> END FOREACH

-- ----------------------------------

--- Start Module: gateway at Sun Oct 26 17:55:31 2025 ---
 
()()()()()()()()()()()()()()()()()()()()()()()()()()()()()()()()()()()()()()()()()()()()()()()()()()

                                              &GATEWAY

                                   only a single process is used
                       available to each process: 2.0 GB of memory, 1 thread?
()()()()()()()()()()()()()()()()()()()()()()()()()()()()()()()()()()()()()()()()()()()()()()()()()()
 
 
++    Symmetry information:
      ---------------------
 
                    Character Table for C1 
 
                             E  
                    a        1  x, y, xy, Rz, z, xz, Ry, yz, Rx, I
--
 
 
++    Basis set information:
      ----------------------
 
 
      Basis set label: H.ANO-RCC...2S1P.
 
      Electronic valence basis set:
      ------------------
      Associated Effective Charge   1.000000 au
      Associated Actual Charge      1.000000 au
      Nuclear Model: Point charge
 
      Shell  nPrim  nBasis  Cartesian Spherical Contaminant
         s       8       2        X                  
         p       4       1        X                  
--
 
 
++    Molecular structure info:
      -------------------------
 
                    ************************************************ 
                    **** Cartesian Coordinates / Bohr, Angstrom **** 
                    ************************************************ 
 
     Center  Label                x              y              z                     x              y              z
        1      H1               0.000000       0.000000       0.000000              0.000000       0.000000       0.000000
        2      H2               0.000000       0.000000       4.982006              0.000000       0.000000       2.636364
        3      H3               0.000000       0.000000       9.964010              0.000000       0.000000       5.272727
        4      H4               0.000000       0.000000      14.946016              0.000000       0.000000       7.909091
        5      H5               0.000000       0.000000      19.928022              0.000000       0.000000      10.545455
        6      H6               0.000000       0.000000      24.910026              0.000000       0.000000      13.181818
        7      H7               0.000000       0.000000      29.892032              0.000000       0.000000      15.818182
        8      H8               0.000000       0.000000      34.874036              0.000000       0.000000      18.454545
        9      H9               0.000000       0.000000      39.856042              0.000000       0.000000      21.090909
       10      H10              0.000000       0.000000      44.838048              0.000000       0.000000      23.727273
 
                    *************************************** 
                    *    InterNuclear Distances / Bohr    * 
                    *************************************** 
 
               1 H1            2 H2            3 H3            4 H4            5 H5            6 H6    
    1 H1       0.000000
    2 H2       4.982006        0.000000
    3 H3       9.964010        4.982004        0.000000
    4 H4      14.946016        9.964010        4.982006        0.000000
    5 H5      19.928022       14.946016        9.964012        4.982006        0.000000
    6 H6      24.910026       19.928020       14.946016        9.964010        4.982004        0.000000
    7 H7      29.892032       24.910026       19.928022       14.946016        9.964010        4.982006
    8 H8      34.874036       29.892030       24.910026       19.928020       14.946014        9.964010
    9 H9      39.856042       34.874036       29.892032       24.910026       19.928020       14.946016
   10 H10     44.838048       39.856042       34.874038       29.892032       24.910026       19.928022
 
               7 H7            8 H8            9 H9           10 H10   
    7 H7       0.000000
    8 H8       4.982004        0.000000
    9 H9       9.964010        4.982006        0.000000
   10 H10     14.946016        9.964012        4.982006        0.000000
 
                    ******************************************* 
                    *    InterNuclear Distances / Angstrom    * 
                    ******************************************* 
 
               1 H1            2 H2            3 H3            4 H4            5 H5            6 H6    
    1 H1       0.000000
    2 H2       2.636364        0.000000
    3 H3       5.272727        2.636363        0.000000
    4 H4       7.909091        5.272727        2.636364        0.000000
    5 H5      10.545455        7.909091        5.272728        2.636364        0.000000
    6 H6      13.181818       10.545454        7.909091        5.272727        2.636363        0.000000
    7 H7      15.818182       13.181818       10.545455        7.909091        5.272727        2.636364
    8 H8      18.454545       15.818181       13.181818       10.545454        7.909090        5.272727
    9 H9      21.090909       18.454545       15.818182       13.181818       10.545454        7.909091
   10 H10     23.727273       21.090909       18.454546       15.818182       13.181818       10.545455
 
               7 H7            8 H8            9 H9           10 H10   
    7 H7       0.000000
    8 H8       2.636363        0.000000
    9 H9       5.272727        2.636364        0.000000
   10 H10      7.909091        5.272728        2.636364        0.000000
--
 
 
            Nuclear Potential Energy              3.87187118 au
 
--- Stop Module: gateway at Sun Oct 26 17:55:31 2025 /rc=_RC_ALL_IS_WELL_ ---
*** files: xmldump
    saved to directory /home/grierjones/DDCASPT2/hydrogen_comps/rerun/H10_chain/H10_2.64

--- Start Module: seward at Sun Oct 26 17:55:31 2025 ---
 
()()()()()()()()()()()()()()()()()()()()()()()()()()()()()()()()()()()()()()()()()()()()()()()()()()

                                              &SEWARD

                                   only a single process is used
                       available to each process: 2.0 GB of memory, 1 thread?
()()()()()()()()()()()()()()()()()()()()()()()()()()()()()()()()()()()()()()()()()()()()()()()()()()
 
               SEWARD will generate:
                  Multipole Moment integrals up to order  2
                  Kinetic Energy integrals
                  Nuclear Attraction integrals (point charge)
                  One-Electron Hamiltonian integrals
                  Velocity integrals
                  Relativistic Douglas-Kroll-Hess integrals:
                    - Parametrization         : EXP
                    - DKH order of Hamiltonian: 2
                    - DKH order of Properties : 0
                         - multipole moment operators
                         - electric potential operators
                         - contact operators
                  Atomic mean-field integrals
                  Two-Electron Repulsion integrals
 
                   Integrals are discarded if absolute value <: 0.10E-13
                   Integral cutoff threshold is set to       <: 0.10E-15
 
            Nuclear Potential Energy              3.87187118 au
 
 
      Basis set specifications :
      Symmetry species         a  
      Basis functions           50
 
 
  Input file to MOLDEN was generated!
 
forrtl: warning (525): IEEE_DIVIDE_BY_ZERO is signaling
forrtl: warning (526): IEEE_INVALID is signaling
forrtl: warning (528): IEEE_UNDERFLOW is signaling
--- Stop Module: seward at Sun Oct 26 17:55:32 2025 /rc=_RC_ALL_IS_WELL_ ---
*** files: H10_2.64.GssOrb H10_2.64.guessorb.h5 H10_2.64.guessorb.molden xmldump
    saved to directory /home/grierjones/DDCASPT2/hydrogen_comps/rerun/H10_chain/H10_2.64

*** symbolic link created: INPORB -> H10_2.64.GssOrb
--- Start Module: scf at Sun Oct 26 17:55:32 2025 ---
 
()()()()()()()()()()()()()()()()()()()()()()()()()()()()()()()()()()()()()()()()()()()()()()()()()()

                                                &SCF

                                   only a single process is used
                       available to each process: 2.0 GB of memory, 1 thread?
()()()()()()()()()()()()()()()()()()()()()()()()()()()()()()()()()()()()()()()()()()()()()()()()()()
 
++    Input section:
      --------------
 
      Header of the integral files:
      
       Integrals generated by seward 4.2.0  , Sun Oct 26 17:55:31 2025
 
 
      Cartesian coordinates in Angstrom:
      -----------------------------------------------------
      No.  Label        X            Y            Z        
      -----------------------------------------------------
       1   H1         0.00000000   0.00000000   0.00000000
       2   H2         0.00000000   0.00000000   2.63636400
       3   H3         0.00000000   0.00000000   5.27272700
       4   H4         0.00000000   0.00000000   7.90909100
       5   H5         0.00000000   0.00000000  10.54545500
       6   H6         0.00000000   0.00000000  13.18181800
       7   H7         0.00000000   0.00000000  15.81818200
       8   H8         0.00000000   0.00000000  18.45454500
       9   H9         0.00000000   0.00000000  21.09090900
      10   H10        0.00000000   0.00000000  23.72727300
      -----------------------------------------------------
      Nuclear repulsion energy =    3.87187118
--
 
++    Orbital specifications:
      -----------------------
 
      Symmetry species               1
                                     a
      Frozen orbitals                0
      Occupied orbitals              5
      Secondary orbitals            45
      Deleted orbitals               0
      Total number of orbitals      50
      Number of basis functions     50
--
 
      Molecular charge                           0.000
 
++    Optimization specifications:
      ----------------------------
 
      SCF Algorithm: Conventional
      Minimized density differences are used
      Number of density matrices in core                5
      Maximum number of NDDO SCF iterations           400
      Maximum number of HF SCF iterations             400
      Threshold for SCF energy change            0.10E-08
      Threshold for density matrix               0.10E-03
      Threshold for Fock matrix                  0.15E-03
      Threshold for linear dependence            0.10E-08
      Threshold at which DIIS is turned on       0.15E+00
      Threshold at which QNR/C2DIIS is turned on 0.75E-01
      Threshold for Norm(delta) (QNR/C2DIIS)     0.20E-04
      DIIS extrapolation of the SCF procedure
      All orbitals punched on: SCFORB
--
 
      Input vectors read from INPORB
      Orbital file label: *Guess orbitals
 
 
++ Convergence information
                                   SCF        iterations: Energy and convergence statistics
 
Iter     Tot. SCF        One-elec.       Two-elec.     Energy      Max Dij or  Max Fij      DNorm      TNorm      AccCon     Time
         Energy          Energy          Energy        Change      Delta Norm                                                in Sec.
   1    -3.962897337   -12.873156773     5.038388258   0.00E+00    0.40E+00*   0.13E+00*    0.50E+01   0.89E+01   None         0.
   2    -4.262801036   -12.829026447     4.694354233  -0.30E+00*   0.16E+00*   0.25E-01*    0.15E+01   0.86E+01   EDIIS        0.
   3    -4.278514338   -12.754380667     4.603995152  -0.16E-01*   0.10E+00*   0.93E-02*    0.38E+00   0.85E+01   EDIIS        0.
   4    -4.282389507   -12.758426557     4.604165872  -0.39E-02*   0.61E-01*   0.72E-02*    0.19E+00   0.85E+01   c2DIIS       0.
   5    -4.284198998   -12.744253807     4.588183632  -0.18E-02*   0.32E-01*   0.43E-02*    0.62E-01   0.85E+01   QNRc2DIIS    0.
   6    -4.284740723   -12.751634547     4.595022646  -0.54E-03*   0.37E-01*   0.28E-02*    0.32E-01   0.85E+01   QNRc2DIIS    0.
   7    -4.285087033   -12.748801600     4.591843390  -0.35E-03*   0.90E-02*   0.73E-03*    0.12E-01   0.85E+01   QNRc2DIIS    0.
   8    -4.285102385   -12.746076146     4.589102583  -0.15E-04*   0.20E-02*   0.33E-03*    0.51E-02   0.85E+01   QNRc2DIIS    0.
   9    -4.285104985   -12.746625152     4.589648989  -0.26E-05*   0.29E-03*   0.26E-04     0.17E-02   0.85E+01   QNRc2DIIS    0.
  10    -4.285105019   -12.746636392     4.589660196  -0.33E-07*   0.99E-04*   0.70E-05     0.54E-03   0.85E+01   QNRc2DIIS    0.
  11    -4.285105022   -12.746635513     4.589659313  -0.33E-08*   0.34E-04*   0.22E-05     0.92E-04   0.85E+01   QNRc2DIIS    0.
  12    -4.285105022   -12.746636033     4.589659833  -0.32E-09    0.11E-05    0.16E-06     0.15E-04   0.85E+01   QNRc2DIIS    0.
 
       Convergence after 12 Macro Iterations
--
 
 *****************************************************************************************************************************
 *                                                                                                                           *
 *                                             SCF/KS-DFT Program, Final results                                             *
 *                                                                                                                           *
 *                                                                                                                           *
 *                                                                                                                           *
 *                                                       Final Results                                                       *
 *                                                                                                                           *
 *****************************************************************************************************************************
 
::    Total SCF energy                                 -4.2851050224
      One-electron energy                             -12.7466360330
      Two-electron energy                               4.5896598331
      Nuclear repulsion energy                          3.8718711775
      Kinetic energy (interpolated)                     3.2839097334
      Virial theorem                                    1.3048790528
      Total spin, S(S+1)                                0.0000000000
      Total spin, S                                     0.0000000000
      Max non-diagonal density matrix element           0.0000011515
      Max non-diagonal Fock matrix element              0.0000000311
 
 
      All orbitals with orbital energies smaller than  E(LUMO)+0.5 are printed
 
++    Molecular orbitals:
      -------------------
 
      Title: SCF orbitals

      Molecular orbitals for symmetry species 1: a  
 
          Orbital            1         2         3         4         5         6         7         8         9        10    
          Energy           -0.3833   -0.3739   -0.3596   -0.3418   -0.3252   -0.1569   -0.1340   -0.1082   -0.0852   -0.0695
          Occ. No.          2.0000    2.0000    2.0000    2.0000    2.0000    0.0000    0.0000    0.0000    0.0000    0.0000
 
        1 H1     1s         0.1271   -0.2478    0.3381   -0.3594    0.2533   -0.2840    0.4307   -0.4404    0.3497   -0.1929
        2 H1     2s         0.0242   -0.0481    0.0679   -0.0754    0.0554   -0.0864    0.1367   -0.1452    0.1177   -0.0652
        3 H1     2px       -0.0000    0.0000   -0.0000    0.0000   -0.0000   -0.0000    0.0000   -0.0000    0.0000   -0.0000
        4 H1     2py        0.0000   -0.0000    0.0000   -0.0000    0.0000   -0.0000    0.0000   -0.0000    0.0000    0.0000
        5 H1     2pz        0.0043   -0.0078    0.0095   -0.0086    0.0052    0.0019   -0.0056    0.0095   -0.0108    0.0074
        6 H2     1s         0.1705   -0.3082    0.3712   -0.3326    0.1964    0.1475   -0.3337    0.4751   -0.4745    0.2980
        7 H2     2s         0.0273   -0.0574    0.0833   -0.0898    0.0613    0.0395   -0.1054    0.1623   -0.1660    0.1040
        8 H2     2px       -0.0000    0.0000   -0.0000   -0.0000    0.0000   -0.0000    0.0000    0.0000    0.0000    0.0000
        9 H2     2py       -0.0000    0.0000   -0.0000    0.0000   -0.0000    0.0000    0.0000   -0.0000    0.0000   -0.0000
       10 H2     2pz       -0.0007    0.0028   -0.0065    0.0098   -0.0084    0.0114   -0.0140    0.0084   -0.0004   -0.0029
       11 H3     1s         0.2844   -0.3384    0.0946    0.2625   -0.3545    0.3929   -0.2887   -0.1510    0.4931   -0.4250
       12 H3     2s         0.0544   -0.0622    0.0078    0.0729   -0.0924    0.1227   -0.0903   -0.0560    0.1712   -0.1456
       13 H3     2px        0.0000    0.0000   -0.0000    0.0000   -0.0000   -0.0000    0.0000   -0.0000   -0.0000   -0.0000
       14 H3     2py       -0.0000    0.0000   -0.0000    0.0000    0.0000   -0.0000    0.0000   -0.0000   -0.0000    0.0000
       15 H3     2pz        0.0052   -0.0037   -0.0035    0.0095   -0.0079   -0.0087    0.0144   -0.0103   -0.0016    0.0073
       16 H4     1s         0.3113   -0.3019   -0.0229    0.3357   -0.3168   -0.3074    0.4278   -0.1121   -0.3958    0.4835
       17 H4     2s         0.0539   -0.0646    0.0073    0.0765   -0.0891   -0.0914    0.1431   -0.0428   -0.1357    0.1669
       18 H4     2px        0.0000   -0.0000   -0.0000    0.0000   -0.0000   -0.0000    0.0000    0.0000   -0.0000   -0.0000
       19 H4     2py       -0.0000    0.0000    0.0000    0.0000    0.0000   -0.0000    0.0000    0.0000    0.0000    0.0000
       20 H4     2pz       -0.0030    0.0065   -0.0050   -0.0045    0.0102   -0.0138    0.0048    0.0110   -0.0109    0.0013
       21 H5     1s         0.3574   -0.0449   -0.3562    0.0635    0.3732   -0.4000   -0.1301    0.4642    0.1044   -0.5283
       22 H5     2s         0.0652    0.0010   -0.0794    0.0036    0.1008   -0.1225   -0.0489    0.1580    0.0384   -0.1816
       23 H5     2px       -0.0000   -0.0000   -0.0000   -0.0000    0.0000   -0.0000    0.0000   -0.0000   -0.0000   -0.0000
       24 H5     2py        0.0000   -0.0000    0.0000    0.0000   -0.0000   -0.0000   -0.0000    0.0000   -0.0000    0.0000
       25 H5     2pz        0.0048    0.0034   -0.0069   -0.0043    0.0101    0.0128   -0.0090   -0.0094    0.0098    0.0049
       26 H6     1s         0.3574    0.0449   -0.3562   -0.0635    0.3732    0.4000   -0.1301   -0.4642    0.1044    0.5283
       27 H6     2s         0.0652   -0.0010   -0.0794   -0.0036    0.1008    0.1225   -0.0489   -0.1580    0.0384    0.1816
       28 H6     2px       -0.0000   -0.0000   -0.0000    0.0000    0.0000   -0.0000   -0.0000   -0.0000    0.0000   -0.0000
       29 H6     2py       -0.0000   -0.0000   -0.0000   -0.0000   -0.0000    0.0000    0.0000    0.0000    0.0000    0.0000
       30 H6     2pz       -0.0048    0.0034    0.0069   -0.0043   -0.0101    0.0128    0.0090   -0.0094   -0.0098    0.0049
       31 H7     1s         0.3113    0.3019   -0.0229   -0.3357   -0.3168    0.3074    0.4278    0.1121   -0.3958   -0.4835
       32 H7     2s         0.0539    0.0646    0.0073   -0.0765   -0.0891    0.0914    0.1431    0.0428   -0.1357   -0.1669
       33 H7     2px       -0.0000    0.0000    0.0000    0.0000    0.0000   -0.0000   -0.0000    0.0000    0.0000   -0.0000
       34 H7     2py        0.0000   -0.0000    0.0000    0.0000    0.0000   -0.0000   -0.0000   -0.0000   -0.0000   -0.0000
       35 H7     2pz        0.0030    0.0065    0.0050   -0.0045   -0.0102   -0.0138   -0.0048    0.0110    0.0109    0.0013
       36 H8     1s         0.2844    0.3384    0.0946   -0.2625   -0.3545   -0.3929   -0.2887    0.1510    0.4931    0.4250
       37 H8     2s         0.0544    0.0622    0.0078   -0.0729   -0.0924   -0.1227   -0.0903    0.0560    0.1712    0.1456
       38 H8     2px        0.0000    0.0000   -0.0000   -0.0000    0.0000    0.0000    0.0000    0.0000   -0.0000   -0.0000
       39 H8     2py       -0.0000    0.0000   -0.0000   -0.0000    0.0000    0.0000    0.0000   -0.0000   -0.0000    0.0000
       40 H8     2pz       -0.0052   -0.0037    0.0035    0.0095    0.0079   -0.0087   -0.0144   -0.0103    0.0016    0.0073
       41 H9     1s         0.1705    0.3082    0.3712    0.3326    0.1964   -0.1475   -0.3337   -0.4751   -0.4745   -0.2980
       42 H9     2s         0.0273    0.0574    0.0833    0.0898    0.0613   -0.0395   -0.1054   -0.1623   -0.1660   -0.1040
       43 H9     2px        0.0000    0.0000   -0.0000    0.0000    0.0000    0.0000   -0.0000   -0.0000   -0.0000   -0.0000
       44 H9     2py        0.0000    0.0000    0.0000    0.0000    0.0000   -0.0000   -0.0000   -0.0000    0.0000    0.0000
       45 H9     2pz        0.0007    0.0028    0.0065    0.0098    0.0084    0.0114    0.0140    0.0084    0.0004   -0.0029
       46 H10    1s         0.1271    0.2478    0.3381    0.3594    0.2533    0.2840    0.4307    0.4404    0.3497    0.1929
       47 H10    2s         0.0242    0.0481    0.0679    0.0754    0.0554    0.0864    0.1367    0.1452    0.1177    0.0652
       48 H10    2px        0.0000   -0.0000    0.0000   -0.0000   -0.0000    0.0000   -0.0000    0.0000    0.0000   -0.0000
       49 H10    2py        0.0000    0.0000   -0.0000   -0.0000   -0.0000    0.0000    0.0000    0.0000   -0.0000   -0.0000
       50 H10    2pz       -0.0043   -0.0078   -0.0095   -0.0086   -0.0052    0.0019    0.0056    0.0095    0.0108    0.0074
 
          Orbital           11        12        13    
          Energy            0.3179    0.3266    0.3421
          Occ. No.          0.0000    0.0000    0.0000
 
        1 H1     1s        -0.0868    0.1438   -0.1543
        2 H1     2s         0.1640   -0.3001    0.3895
        3 H1     2px       -0.0000    0.0000   -0.0000
        4 H1     2py        0.0000   -0.0000    0.0000
        5 H1     2pz       -0.0057    0.0089   -0.0092
        6 H2     1s        -0.1441    0.2083   -0.1688
        7 H2     2s         0.1765   -0.2729    0.2467
        8 H2     2px       -0.0000    0.0000    0.0000
        9 H2     2py        0.0000   -0.0000    0.0000
       10 H2     2pz        0.0019   -0.0026   -0.0001
       11 H3     1s        -0.1647    0.1822   -0.0495
       12 H3     2s         0.2242   -0.2681    0.0849
       13 H3     2px       -0.0000   -0.0000    0.0000
       14 H3     2py        0.0000    0.0000    0.0000
       15 H3     2pz       -0.0025    0.0020   -0.0018
       16 H4     1s        -0.1905    0.1276    0.0896
       17 H4     2s         0.2533   -0.1850   -0.1468
       18 H4     2px       -0.0000    0.0000   -0.0000
       19 H4     2py       -0.0000   -0.0000    0.0000
       20 H4     2pz        0.0026   -0.0016   -0.0031
       21 H5     1s        -0.2004    0.0495    0.1742
       22 H5     2s         0.2694   -0.0702   -0.2934
       23 H5     2px       -0.0000   -0.0000   -0.0000
       24 H5     2py        0.0000    0.0000    0.0000
       25 H5     2pz       -0.0030    0.0006    0.0011
       26 H6     1s        -0.2004   -0.0495    0.1742
       27 H6     2s         0.2694    0.0702   -0.2934
       28 H6     2px        0.0000    0.0000   -0.0000
       29 H6     2py        0.0000    0.0000   -0.0000
       30 H6     2pz        0.0030    0.0006   -0.0011
       31 H7     1s        -0.1905   -0.1276    0.0896
       32 H7     2s         0.2533    0.1850   -0.1468
       33 H7     2px        0.0000    0.0000   -0.0000
       34 H7     2py        0.0000    0.0000   -0.0000
       35 H7     2pz       -0.0026   -0.0016    0.0031
       36 H8     1s        -0.1647   -0.1822   -0.0495
       37 H8     2s         0.2242    0.2681    0.0849
       38 H8     2px        0.0000    0.0000   -0.0000
       39 H8     2py        0.0000   -0.0000    0.0000
       40 H8     2pz        0.0025    0.0020    0.0018
       41 H9     1s        -0.1441   -0.2083   -0.1688
       42 H9     2s         0.1765    0.2729    0.2467
       43 H9     2px        0.0000   -0.0000    0.0000
       44 H9     2py       -0.0000   -0.0000   -0.0000
       45 H9     2pz       -0.0019   -0.0026    0.0001
       46 H10    1s        -0.0868   -0.1438   -0.1543
       47 H10    2s         0.1640    0.3001    0.3895
       48 H10    2px       -0.0000    0.0000    0.0000
       49 H10    2py        0.0000    0.0000    0.0000
       50 H10    2pz        0.0057    0.0089    0.0092
--
 
 
++    Molecular charges:
      ------------------
 
      Mulliken charges per centre and basis function type
      ---------------------------------------------------
 
                H1      H2      H3      H4      H5      H6      H7      H8      H9      H10   
      1s       0.8805  0.9277  0.9055  0.9120  0.9085  0.9085  0.9120  0.9055  0.9277  0.8805
      2s       0.0870  0.0951  0.0869  0.0889  0.0882  0.0882  0.0889  0.0869  0.0951  0.0870
      2px      0.0000  0.0000  0.0000  0.0000  0.0000  0.0000  0.0000  0.0000  0.0000  0.0000
      2pz      0.0035  0.0041  0.0040  0.0040  0.0040  0.0040  0.0040  0.0040  0.0041  0.0035
      2py      0.0000  0.0000  0.0000  0.0000  0.0000  0.0000  0.0000  0.0000  0.0000  0.0000
      Total    0.9711  1.0268  0.9964  1.0049  1.0008  1.0008  1.0049  0.9964  1.0268  0.9711
 
      N-E      0.0289 -0.0268  0.0036 -0.0049 -0.0008 -0.0008 -0.0049  0.0036 -0.0268  0.0289
 
      Total electronic charge=   10.000000
 
      Total            charge=   -0.000000
--
 
 
  Input file to MOLDEN was generated!
 
 
++    Static properties:
      ------------------
 
 
      LoProp Charges per center
 

                   H1       H2       H3       H4       H5       H6       H7       H8       H9       H10   
      Nuclear      1.0000   1.0000   1.0000   1.0000   1.0000   1.0000   1.0000   1.0000   1.0000   1.0000
      Electronic  -0.9813  -1.0157  -0.9974  -1.0047  -1.0008  -1.0008  -1.0047  -0.9974  -1.0157  -0.9813
 
      Total        0.0187  -0.0157   0.0026  -0.0047  -0.0008  -0.0008  -0.0047   0.0026  -0.0157   0.0187
--
 
 
++    Natural Bond Order analysis
      ---------------------------
      Based on LoProp computed density
      -------------------------------------------------------------------------------------
      Atom A       Atom B       Bond Order
      -------------------------------------------------------------------------------------
      NBO located      0.972 non-bonded electrons on atom H1        
      NBO located      1.003 non-bonded electrons on atom H3        
      NBO located      1.011 non-bonded electrons on atom H4        
      NBO located      1.007 non-bonded electrons on atom H5        
      NBO located      1.007 non-bonded electrons on atom H6        
      NBO located      1.011 non-bonded electrons on atom H7        
      NBO located      1.003 non-bonded electrons on atom H8        
      NBO located      0.972 non-bonded electrons on atom H10       
      The remaining    2.013 electrons are to be considered as diffuse
--
 
 
++    Molecular properties:
      ---------------------
 
      Charge (e):
                      =   -0.0000
      Dipole Moment (Debye):
      Origin of the operator (Ang)=    0.0000    0.0000    0.0000
                   X=  1.4682E-13               Y= -7.4926E-14               Z= -4.2336E-07           Total=  4.2336E-07
      Quadrupole Moment (Debye*Ang):
      Origin of the operator (Ang)=    0.0000    0.0000   11.8636
                  XX= -2.4100E+01              XY=  1.0246E-27              XZ= -1.7448E-12              YY= -2.4100E+01
                  YZ=  9.5034E-13              ZZ=  2.7037E+00
      In traceless form (Debye*Ang)
                  XX= -1.3402E+01              XY=  1.5369E-27              XZ= -2.6172E-12              YY= -1.3402E+01
                  YZ=  1.4255E-12              ZZ=  2.6803E+01
--
 
 
  Input file to MOLDEN was generated!
 
 ###############################################################################
 ###############################################################################
 ###                                                                         ###
 ###                                                                         ###
 ###    RunFile label nBas                                                   ###
 ###    was used       78 times                                              ###
 ###                                                                         ###
 ###                                                                         ###
 ###############################################################################
 ###############################################################################
forrtl: warning (528): IEEE_UNDERFLOW is signaling
--- Stop Module: scf at Sun Oct 26 17:55:32 2025 /rc=_RC_ALL_IS_WELL_ ---
*** files: H10_2.64.LprOrb H10_2.64.LoProp.molden H10_2.64.scf.molden H10_2.64.ScfOrb H10_2.64.scf.h5 xmldump
    saved to directory /home/grierjones/DDCASPT2/hydrogen_comps/rerun/H10_chain/H10_2.64

>>> COPY /tmp/H10_2.64/H10_2.64.scf.h5 /home/grierjones/DDCASPT2/hydrogen_comps/rerun/H10_chain/H10_2.64/

*** symbolic link created: INPORB -> H10_2.64.ScfOrb
--- Start Module: rasscf at Sun Oct 26 17:55:32 2025 ---
 
()()()()()()()()()()()()()()()()()()()()()()()()()()()()()()()()()()()()()()()()()()()()()()()()()()

                                              &RASSCF

                                   only a single process is used
                       available to each process: 2.0 GB of memory, 1 thread?
()()()()()()()()()()()()()()()()()()()()()()()()()()()()()()()()()()()()()()()()()()()()()()()()()()
 
 
      Header of the ONEINT file:
      --------------------------
      
      Integrals generated by seward 4.2.0  , Sun Oct 26 17:55:31 2025
 
 
      OrdInt status: non-squared
 
 
      Cartesian coordinates in Angstrom:
      -----------------------------------------------------
      No.  Label        X            Y            Z        
      -----------------------------------------------------
       1   H1         0.00000000   0.00000000   0.00000000
       2   H2         0.00000000   0.00000000   2.63636400
       3   H3         0.00000000   0.00000000   5.27272700
       4   H4         0.00000000   0.00000000   7.90909100
       5   H5         0.00000000   0.00000000  10.54545500
       6   H6         0.00000000   0.00000000  13.18181800
       7   H7         0.00000000   0.00000000  15.81818200
       8   H8         0.00000000   0.00000000  18.45454500
       9   H9         0.00000000   0.00000000  21.09090900
      10   H10        0.00000000   0.00000000  23.72727300
      -----------------------------------------------------
      Nuclear repulsion energy =    3.87187118
 
++    Wave function specifications:
      -----------------------------
 
      Number of closed shell electrons           0
      Number of electrons in active shells      10
      Max number of holes in RAS1 space          0
      Max nr of electrons in RAS3 space          0
      Number of inactive orbitals                0
      Number of active orbitals                 10
      Number of secondary orbitals              40
      Spin quantum number                      0.0
      State symmetry                             1
--
 
++    Orbital specifications:
      -----------------------
 
      Symmetry species                           1
                                                 a
      Frozen orbitals                            0
      Inactive orbitals                          0
      Active orbitals                           10
      RAS1 orbitals                              0
      RAS2 orbitals                             10
      RAS3 orbitals                              0
      Secondary orbitals                        40
      Deleted orbitals                           0
      Number of basis functions                 50
--
 
++    CI expansion specifications:
      ----------------------------
 
      Number of CSFs                         19404
      Number of determinants                 31878
      Number of root(s) required                 1
      Root chosen for geometry opt.              1
      CI root used                               1
         
      highest root included in the CI            1
      max. size of the explicit Hamiltonian    200
--
 
++    Optimization specifications:
      ----------------------------
 
      RASSCF algorithm: Conventional
      Maximum number of macro iterations       200
      Maximum number of SX iterations          100
      Threshold for RASSCF energy            0.100E-07
      Threshold for max MO rotation          0.100E+00
      Threshold for max BLB element          0.100E-03
      Level shift parameter                  0.500E+00
      Make Quasi-Newton update
--
 
      The MO-coefficients are taken from the file:
      /home/grierjones/DDCASPT2/hydrogen_comps/rerun/H10_chain/H10_0.60/H10_0.60.RasOrb                                               
      Title: RASSCF average (pseudo-natural) orbitals                                      
 
      Total molecular charge    0.00
 
      ************************************************************************************************************************
      *                                                                                                                      *
      *                                            Wave function control section                                             *
      *                                                                                                                      *
      ************************************************************************************************************************
 
 
                                         RASSCF iterations: Energy and convergence statistics
                                         ----------------------------------------------------
 
      Iter CI   SX   CI       RASSCF       Energy    max ROT     max BLB   max BLB  Level Ln srch  Step   QN   Walltime
          iter iter root      energy       change     param      element    value   shift minimum  type update hh:mm:ss
        No convergence in the CI section: MAXJT will be increased to 
 24
 Nr of preliminary CI iterations:  12
        1  12  100    1    -3.31701427    0.00E+00  -0.18E+00*   9  29 1  0.27E+00*  0.43   0.00    SX    NO    0:00:01
        2  15  100    1    -4.06927018   -0.75E+00* -0.38E+00*   3  16 1  0.18E+00*  0.32   0.00    SX    NO    0:00:01
        3   7  100    1    -4.46794883   -0.40E+00* -0.48E+00*   3  16 1  0.16E+00*  0.21   0.00    SX    NO    0:00:00
 ###############################################################################
 ###############################################################################
 ###                                                                         ###
 ###                                                                         ###
 ###    Large orbital rotation.                                              ###
 ###                                                                         ###
 ###                                                                         ###
 ###############################################################################
 ###############################################################################
      Molecular orbital  10 of symmetry 1 MO space 2  weight is    0.420513
        4   7  100    1    -4.68148241   -0.21E+00*  0.40E+00*   2  29 1  0.52E-01*  0.00   0.00    SX    NO    0:00:00
 ###############################################################################
 ###############################################################################
 ###                                                                         ###
 ###                                                                         ###
 ###    Large orbital rotation.                                              ###
 ###                                                                         ###
 ###                                                                         ###
 ###############################################################################
 ###############################################################################
      Molecular orbital   8 of symmetry 1 MO space 2  weight is    0.449498
        5   6  100    1    -4.76360868   -0.82E-01*  0.65E+00*  10  16 1 -0.51E-01*  0.00   0.00    SX    NO    0:00:00
        No convergence in the CI section: MAXJT will be increased to 
 84
        6  72  100    1    -4.83830189   -0.75E-01* -0.40E+00*   7  12 1  0.49E-01*  0.00   0.00    SX    NO    0:00:03
        7   6  100    1    -4.91567121   -0.77E-01*  0.43E-01    8  12 1 -0.60E-01*  0.00   0.75    QN   YES    0:00:00
        8   5  100    1    -4.93964278   -0.24E-01*  0.51E-01    8  12 1 -0.67E-01*  0.00   2.50    LS   YES    0:00:00
        9  18  100    1    -4.96745406   -0.28E-01*  0.12E+00*   8  12 1 -0.61E-01*  0.00   2.12    QN   YES    0:00:01
       10   6   14    1    -4.99310499   -0.26E-01* -0.17E-01    2  17 1 -0.13E-01*  0.00   0.85    QN   YES    0:00:00
       11   4   14    1    -4.99557966   -0.25E-02* -0.28E-02    8  12 1 -0.61E-02*  0.00   1.08    QN   YES    0:00:00
       12  11   13    1    -4.99641779   -0.84E-03*  0.57E-02    8  12 1 -0.51E-02*  0.00   1.06    QN   YES    0:00:00
       13  29   11    1    -4.99668821   -0.27E-03*  0.11E-02    8  31 1 -0.11E-02*  0.00   0.95    QN   YES    0:00:01
       14  22    9    1    -4.99671744   -0.29E-04* -0.25E-03    6  26 1 -0.18E-03*  0.00   1.00    QN   YES    0:00:01
       15  35    9    1    -4.99672519   -0.77E-05*  0.57E-03    6  26 1 -0.14E-03*  0.00   1.01    QN   YES    0:00:01
       16  60    9    1    -4.99672665   -0.15E-05* -0.29E-03    6  26 1  0.15E-03*  0.00   0.84    QN   YES    0:00:03
       17  18    8    1    -4.99672717   -0.52E-06*  0.50E-04    8  48 1 -0.47E-04   0.00   0.90    QN   YES    0:00:01
       18  17    7    1    -4.99672728   -0.10E-06*  0.32E-04    8  48 1 -0.21E-04   0.00   1.10    QN   YES    0:00:01
       19  10    5    1    -4.99672731   -0.35E-07*  0.44E-05    4  17 1 -0.28E-05   0.00   1.01    QN   YES    0:00:00
       20   1    5    1    -4.99672731   -0.82E-10  -0.17E-05    4  17 1  0.17E-05   0.00   0.74    QN   YES    0:00:00
      Convergence after 20 iterations
 
  Dmat in MO in SXCTL bf call to SXHAM                                                                                    
  mat. size =    10x   10
 
        1.2573363167626421
        0.0190188132132833      1.2494698818686714
       -0.0874414025752623      0.0213959096576862      1.1410133361262988
        0.0002297575060539      0.0496731288894459      0.0000287745758528      1.1225383566125846
       -0.0116005518049689      0.0001861148432282     -0.0058735940906383     -0.0000532168831321      1.1232659452262592
       -0.0309949064684877      0.0174688564224778     -0.0847255858355603      0.0035014653484549     -0.0023027936989891
        0.8233430823839690
        0.0022053039582597     -0.0862204055473871      0.0029527931216304      0.1469578831148404      0.0020418018372124
        0.0099603194570448      0.7681778338999523
       -0.0429676896464397     -0.0311578998571183     -0.1027560097761953     -0.0041919540849534      0.0409204378714411
        0.0182439843001793     -0.0167796003163273      0.7650872775100570
        0.0067777051863351     -0.0655811349093426      0.0073236912398453      0.0486952897974293      0.0022533779912742
        0.0193007725448979      0.0276467325018821     -0.0309606072347445      0.8835988529238337
        0.1311692332703122     -0.0629861956224204      0.1391840495842723     -0.0025402303992322     -0.0271122296247454
       -0.0163186149729351     -0.0109158593649353     -0.0258134963050306     -0.0213339864587193      0.8661691166857686
       21   1    5    1    -4.99672731   -0.16E-10  -0.17E-05    2  12 1  0.86E-07   0.00   0.74    QN   YES    0:00:00
 
      ************************************************************************************************************************
                                                      Wave function printout:
                       occupation of active orbitals, and spin coupling of open shells (u,d: Spin up or down)
      ************************************************************************************************************************
 
      Note: transformation to natural orbitals
      has been made, which may change the order of the CSFs.
 
      printout of CI-coefficients larger than  0.05 for root  1
      energy=      -4.996727
      conf/sym  1111111111     Coeff  Weight
             1  2222200000  -0.25701 0.06605
            36  2222000020   0.13380 0.01790
            48  222udu00d0   0.14574 0.02124
            70  22u2d000ud  -0.11749 0.01380
            80  2u22d00ud0   0.10357 0.01073
            82  2u22du000d   0.05156 0.00266
            90  u222du0d00  -0.05986 0.00358
            94  u222d0u0d0  -0.12297 0.01512
           102  2220220000   0.09195 0.00846
           125  22ud200ud0  -0.05147 0.00265
           127  22ud2u000d  -0.11335 0.01285
           135  2u2d2u0d00   0.11096 0.01231
           139  2u2d20u0d0   0.05998 0.00360
           148  u22d2ud000  -0.09340 0.00872
           176  2202200002   0.08005 0.00641
           189  2ud2200u0d  -0.09810 0.00962
           203  u2d220u00d   0.09095 0.00827
           212  2022200200   0.06896 0.00475
           226  ud2220ud00  -0.09358 0.00876
           239  0222202000   0.07295 0.00532
           286  u222u0d0d0  -0.05158 0.00266
          1966  2220020020  -0.08345 0.00696
          2039  22ud0u002d  -0.08684 0.00754
          2069  2u2d0u0d20  -0.08019 0.00643
          2117  u22d0ud020   0.07165 0.00513
          2201  2202000022  -0.06136 0.00377
          2241  2ud2000u2d  -0.06975 0.00487
          2290  u2d200u02d   0.06128 0.00375
          2321  2022000220  -0.05128 0.00263
          2370  ud2200ud20   0.06056 0.00367
          2418  0222002020  -0.05417 0.00293
          2480  22u0d200ud  -0.07341 0.00539
          2510  2u20d20ud0   0.05920 0.00350
          2558  u220d2u0d0  -0.06307 0.00398
          2648  220udu00d2  -0.06416 0.00412
          2687  2ududu0udd   0.07186 0.00516
          2736  u2duduu0dd  -0.06589 0.00434
          2764  202udu02d0   0.05373 0.00289
          2813  ud2uduudd0  -0.06602 0.00436
          2859  022udu20d0   0.05490 0.00301
          2933  2uuddu0dud   0.06197 0.00384
          2981  u2uddud0ud  -0.05585 0.00312
          3011  uu2ddudud0   0.06393 0.00409
          3013  uu2dduudd0  -0.05123 0.00263
          3149  u202d0u0d2  -0.06001 0.00360
          3234  udu2d0udud  -0.06413 0.00411
          3338  uud2d0uudd   0.06001 0.00360
          3365  u022d0u2d0   0.05008 0.00251
          3492  2200220002  -0.05171 0.00267
          3524  2ud0220u0d   0.05489 0.00301
          3795  2u0d2u0d02   0.06325 0.00400
          3927  udud2uud0d   0.05512 0.00304
          4025  uudd2udu0d   0.05559 0.00309
         12246  2200020022   0.05609 0.00315
         12276  2ud0020u2d   0.05955 0.00355
         12324  u2d002u02d  -0.05539 0.00307
         12549  2u0d0u0d22  -0.05550 0.00308
         12679  udud0uud2d   0.05181 0.00268
         12777  uudd0udu2d   0.05171 0.00267
         12858  0u2d0u2d20  -0.05004 0.00250
         13366  udu0d2udud  -0.05358 0.00287
         18953  ud0002ud22   0.05460 0.00298
         19085  u000d2u2d2   0.05042 0.00254
         19404  0000022222   0.06276 0.00394
 
      Natural orbitals and occupation numbers for root  1
      sym 1:   1.314265   1.287699   1.244152   1.186167   1.120132   0.815933   0.682252   0.710216   0.883295   0.755888

 
      ************************************************************************************************************************
      *                                                                                                                      *
      *                                                    Final results                                                     *
      *                                                                                                                      *
      ************************************************************************************************************************
 
 
++    Wave function specifications:
      -----------------------------
 
      Number of closed shell electrons           0
      Number of electrons in active shells      10
      Max number of holes in RAS1 space          0
      Max nr of electrons in RAS3 space          0
      Number of inactive orbitals                0
      Number of active orbitals                 10
      Number of secondary orbitals              40
      Spin quantum number                      0.0
      State symmetry                             1
--
 
++    Orbital specifications:
      -----------------------
 
      Symmetry species                           1
                                                 a
      Frozen orbitals                            0
      Inactive orbitals                          0
      Active orbitals                           10
      RAS1 orbitals                              0
      RAS2 orbitals                             10
      RAS3 orbitals                              0
      Secondary orbitals                        40
      Deleted orbitals                           0
      Number of basis functions                 50
--
 
++    CI expansion specifications:
      ----------------------------
 
      Number of CSFs                         19404
      Number of determinants                 31878
      Number of root(s) required                 1
      CI root used                               1
      highest root included in the CI            1
      Root passed to geometry opt.               1
--
 
++    Final optimization conditions:
      ------------------------------
 
      Average CI energy                              -4.99672731
      RASSCF energy for state  1                     -4.99672731
      Super-CI energy                                -0.00000000
      RASSCF energy change                            0.00000000
      Max change in MO coefficients              -0.187E-05
      Max non-diagonal density matrix element    -0.168E-05
      Maximum BLB matrix element                  0.855E-07
      (orbital pair   2,  12 in symmetry   1)
      Norm of electronic gradient            0.308E-06
--
 
 
      Final state energy(ies):
      ------------------------
 
::    RASSCF root number  1 Total energy:     -4.99672731
 
++    Molecular orbitals:
      -------------------
 
      Pseudonatural active orbitals and approximate occupation numbers
 
 
 
 
      Molecular orbitals for symmetry species 1: a  
 
 
      Orbital                1         2         3         4         5         6         7         8         9        10
      Energy            0.0000    0.0000    0.0000    0.0000    0.0000    0.0000    0.0000    0.0000    0.0000    0.0000
      Occ. No.          1.3143    1.2877    1.2442    1.1862    1.1201    0.8159    0.6823    0.7102    0.8833    0.7559
 
    1 H1     1s         0.1541    0.2836    0.3624   -0.3660    0.2661   -0.4099    0.1891    0.3401   -0.2862    0.4213
    2 H1     2s         0.0115    0.0215    0.0281   -0.0293    0.0222   -0.0450    0.0252    0.0432   -0.0291    0.0500
    3 H1     2px        0.0000    0.0000   -0.0000   -0.0000    0.0000   -0.0000    0.0000    0.0000   -0.0000    0.0000
    4 H1     2py        0.0000    0.0000    0.0000   -0.0000    0.0000   -0.0000    0.0000    0.0000   -0.0000    0.0000
    5 H1     2pz        0.0006    0.0010    0.0009   -0.0007    0.0003   -0.0011    0.0013    0.0019   -0.0005    0.0018
    6 H2     1s         0.2132    0.3584    0.3891   -0.3035    0.1484    0.3167   -0.2855   -0.4564    0.1288   -0.4570
    7 H2     2s         0.0136    0.0263    0.0350   -0.0350    0.0229    0.0333   -0.0483   -0.0716    0.0066   -0.0623
    8 H2     2px       -0.0000    0.0000   -0.0000   -0.0000    0.0000    0.0000   -0.0000   -0.0000    0.0000   -0.0000
    9 H2     2py       -0.0000   -0.0000   -0.0000    0.0000   -0.0000   -0.0000    0.0000    0.0000   -0.0000    0.0000
   10 H2     2pz        0.0005    0.0004   -0.0004    0.0011   -0.0010   -0.0005   -0.0001    0.0003    0.0001    0.0006
   11 H3     1s         0.2974    0.3449    0.0881    0.2678   -0.3902    0.2828    0.3884    0.4481    0.4128    0.1312
   12 H3     2s         0.0212    0.0231    0.0006    0.0305   -0.0409    0.0327    0.0648    0.0735    0.0482    0.0246
   13 H3     2px       -0.0000   -0.0000   -0.0000   -0.0000    0.0000   -0.0000   -0.0000   -0.0000   -0.0000   -0.0000
   14 H3     2py       -0.0000   -0.0000   -0.0000   -0.0000    0.0000   -0.0000   -0.0000   -0.0000   -0.0000    0.0000
   15 H3     2pz        0.0001   -0.0005   -0.0012    0.0010   -0.0003    0.0006    0.0010    0.0006    0.0001   -0.0005
   16 H4     1s         0.3333    0.2847   -0.0957    0.3846   -0.2955   -0.4418   -0.4425   -0.3536   -0.2953    0.1362
   17 H4     2s         0.0222    0.0235   -0.0024    0.0336   -0.0349   -0.0597   -0.0756   -0.0546   -0.0298    0.0249
   18 H4     2px       -0.0000   -0.0000   -0.0000   -0.0000   -0.0000    0.0000   -0.0000    0.0000   -0.0000    0.0000
   19 H4     2py       -0.0000    0.0000   -0.0000   -0.0000   -0.0000    0.0000   -0.0000    0.0000   -0.0000   -0.0000
   20 H4     2pz        0.0004   -0.0005   -0.0011    0.0001    0.0009    0.0004    0.0005    0.0011    0.0002    0.0007
   21 H5     1s         0.3632    0.0659   -0.3633    0.1146    0.3947    0.1533    0.4786    0.0992   -0.4094   -0.4373
   22 H5     2s         0.0250    0.0010   -0.0305    0.0044    0.0430    0.0260    0.0811    0.0193   -0.0455   -0.0638
   23 H5     2px        0.0000   -0.0000   -0.0000    0.0000    0.0000    0.0000   -0.0000    0.0000   -0.0000   -0.0000
   24 H5     2py        0.0000   -0.0000   -0.0000   -0.0000    0.0000    0.0000   -0.0000    0.0000   -0.0000   -0.0000
   25 H5     2pz       -0.0002   -0.0009   -0.0003   -0.0011    0.0007   -0.0004    0.0008   -0.0007   -0.0002   -0.0009
   26 H6     1s         0.3634   -0.0654   -0.3632   -0.1171    0.3938    0.1558   -0.4789    0.0989    0.4084    0.4371
   27 H6     2s         0.0250   -0.0010   -0.0305   -0.0047    0.0429    0.0263   -0.0811    0.0193    0.0454    0.0637
   28 H6     2px        0.0000    0.0000   -0.0000   -0.0000    0.0000   -0.0000   -0.0000   -0.0000   -0.0000   -0.0000
   29 H6     2py        0.0000    0.0000   -0.0000   -0.0000    0.0000   -0.0000   -0.0000   -0.0000   -0.0000   -0.0000
   30 H6     2pz        0.0002   -0.0009    0.0003   -0.0011   -0.0007    0.0004    0.0008    0.0007   -0.0002   -0.0009
   31 H7     1s         0.3339   -0.2839   -0.0951   -0.3834   -0.2973   -0.4407    0.4430   -0.3529    0.2972   -0.1355
   32 H7     2s         0.0222   -0.0234   -0.0024   -0.0334   -0.0351   -0.0596    0.0756   -0.0545    0.0301   -0.0247
   33 H7     2px       -0.0000    0.0000    0.0000   -0.0000   -0.0000   -0.0000    0.0000    0.0000   -0.0000    0.0000
   34 H7     2py        0.0000    0.0000    0.0000   -0.0000   -0.0000    0.0000    0.0000   -0.0000    0.0000   -0.0000
   35 H7     2pz       -0.0004   -0.0005    0.0011    0.0001   -0.0009   -0.0004    0.0005   -0.0011    0.0002    0.0007
   36 H8     1s         0.2981   -0.3444    0.0891   -0.2654   -0.3914    0.2805   -0.3890    0.4476   -0.4140   -0.1323
   37 H8     2s         0.0212   -0.0230    0.0007   -0.0302   -0.0410    0.0324   -0.0649    0.0734   -0.0484   -0.0247
   38 H8     2px        0.0000   -0.0000    0.0000   -0.0000   -0.0000    0.0000   -0.0000    0.0000   -0.0000   -0.0000
   39 H8     2py        0.0000   -0.0000   -0.0000   -0.0000   -0.0000    0.0000   -0.0000    0.0000   -0.0000    0.0000
   40 H8     2pz       -0.0001   -0.0005    0.0011    0.0010    0.0003   -0.0006    0.0010   -0.0005    0.0001   -0.0005
   41 H9     1s         0.2140   -0.3579    0.3887    0.3033    0.1496    0.3168    0.2861   -0.4559   -0.1300    0.4567
   42 H9     2s         0.0136   -0.0262    0.0350    0.0349    0.0230    0.0334    0.0484   -0.0715   -0.0068    0.0623
   43 H9     2px       -0.0000    0.0000   -0.0000   -0.0000   -0.0000   -0.0000   -0.0000    0.0000    0.0000   -0.0000
   44 H9     2py       -0.0000    0.0000   -0.0000   -0.0000   -0.0000   -0.0000   -0.0000    0.0000    0.0000   -0.0000
   45 H9     2pz       -0.0005    0.0004    0.0004    0.0011    0.0010    0.0005   -0.0001   -0.0003    0.0001    0.0006
   46 H10    1s         0.1545   -0.2829    0.3617    0.3656    0.2682   -0.4095   -0.1894    0.3394    0.2883   -0.4206
   47 H10    2s         0.0115   -0.0214    0.0280    0.0292    0.0224   -0.0449   -0.0252    0.0431    0.0293   -0.0500
   48 H10    2px        0.0000   -0.0000   -0.0000   -0.0000    0.0000   -0.0000   -0.0000   -0.0000    0.0000   -0.0000
   49 H10    2py        0.0000    0.0000    0.0000   -0.0000    0.0000   -0.0000   -0.0000   -0.0000   -0.0000    0.0000
   50 H10    2pz       -0.0006    0.0010   -0.0009   -0.0007   -0.0003    0.0011    0.0013   -0.0019   -0.0005    0.0018
 
 
      Orbital               11        12        13        14        15        16        17        18        19        20
      Energy            0.3286    0.3369    0.3524    0.3767    0.4117    0.4582    0.5218    0.5972    0.6765    0.7497
      Occ. No.          0.0000    0.0000    0.0000    0.0000    0.0000    0.0000    0.0000    0.0000    0.0000    0.0000
 
    1 H1     1s        -0.0644    0.0999    0.0946   -0.0547    0.0058   -0.0682   -0.1195   -0.1432   -0.1273    0.1156
    2 H1     2s         0.1689   -0.3034   -0.3927    0.4445    0.4693   -0.4611   -0.4260   -0.3660   -0.2646    0.2018
    3 H1     2px       -0.0000    0.0000   -0.0000   -0.0000   -0.0000    0.0000    0.0000    0.0000    0.0000    0.0000
    4 H1     2py       -0.0000    0.0000    0.0000   -0.0000   -0.0000    0.0000    0.0000    0.0000    0.0000   -0.0000
    5 H1     2pz       -0.0037    0.0059    0.0066   -0.0077   -0.0124    0.0242    0.0496    0.0933    0.1522   -0.3180
    6 H2     1s        -0.1146    0.1637    0.1324   -0.0597   -0.0048    0.0106    0.0805    0.1629    0.1770   -0.1277
    7 H2     2s         0.1847   -0.2827   -0.2551    0.1122   -0.1110    0.3538    0.5648    0.6555    0.5406   -0.3482
    8 H2     2px        0.0000    0.0000   -0.0000   -0.0000   -0.0000    0.0000   -0.0000   -0.0000   -0.0000    0.0000
    9 H2     2py        0.0000   -0.0000   -0.0000   -0.0000   -0.0000    0.0000    0.0000    0.0000    0.0000    0.0000
   10 H2     2pz       -0.0001    0.0000    0.0020   -0.0099   -0.0254    0.0416    0.0436    0.0063   -0.0889    0.3408
   11 H3     1s        -0.1322    0.1394    0.0292    0.0744    0.0744   -0.0057    0.0060   -0.1031   -0.1976    0.1369
   12 H3     2s         0.2295   -0.2719   -0.0823   -0.2192   -0.4323    0.3770    0.0156   -0.4421   -0.6115    0.3691
   13 H3     2px        0.0000   -0.0000   -0.0000   -0.0000   -0.0000    0.0000    0.0000   -0.0000   -0.0000    0.0000
   14 H3     2py        0.0000   -0.0000   -0.0000   -0.0000   -0.0000    0.0000    0.0000   -0.0000   -0.0000    0.0000
   15 H3     2pz       -0.0001    0.0000    0.0020   -0.0057    0.0008   -0.0347   -0.0986   -0.1388   -0.0614   -0.2586
   16 H4     1s        -0.1484    0.1016   -0.0625    0.1155    0.0291    0.0042   -0.0712   -0.0316    0.1529   -0.1322
   17 H4     2s         0.2570   -0.1889    0.1520   -0.3680   -0.1425   -0.3591   -0.5858   -0.1364    0.4675   -0.3451
   18 H4     2px        0.0000   -0.0000   -0.0000   -0.0000    0.0000    0.0000    0.0000   -0.0000   -0.0000    0.0000
   19 H4     2py        0.0000    0.0000   -0.0000   -0.0000    0.0000    0.0000   -0.0000   -0.0000    0.0000    0.0000
   20 H4     2pz        0.0001    0.0002    0.0027   -0.0002    0.0200   -0.0341    0.0288    0.1769    0.2136    0.1529
   21 H5     1s        -0.1569    0.0338   -0.1331    0.0520   -0.0606    0.0053    0.0415    0.1480   -0.0564    0.1261
   22 H5     2s         0.2709   -0.0695    0.3029   -0.1807    0.3418   -0.3658    0.3602    0.6108   -0.1746    0.3256
   23 H5     2px       -0.0000   -0.0000   -0.0000    0.0000   -0.0000    0.0000   -0.0000   -0.0000    0.0000    0.0000
   24 H5     2py       -0.0000   -0.0000   -0.0000    0.0000   -0.0000    0.0000   -0.0000   -0.0000    0.0000    0.0000
   25 H5     2pz       -0.0002    0.0003    0.0005    0.0080    0.0124    0.0336    0.0782   -0.0796   -0.3052   -0.0500
   26 H6     1s        -0.1569   -0.0338   -0.1331   -0.0520   -0.0606   -0.0053    0.0415   -0.1480   -0.0564   -0.1261
   27 H6     2s         0.2708    0.0695    0.3029    0.1806    0.3418    0.3659    0.3602   -0.6108   -0.1747   -0.3256
   28 H6     2px       -0.0000    0.0000   -0.0000    0.0000   -0.0000    0.0000   -0.0000   -0.0000   -0.0000    0.0000
   29 H6     2py       -0.0000    0.0000   -0.0000   -0.0000   -0.0000    0.0000   -0.0000   -0.0000    0.0000    0.0000
   30 H6     2pz        0.0002    0.0003   -0.0005    0.0080   -0.0124    0.0336   -0.0782   -0.0796    0.3052   -0.0500
   31 H7     1s        -0.1484   -0.1016   -0.0625   -0.1155    0.0291   -0.0042   -0.0712    0.0316    0.1529    0.1322
   32 H7     2s         0.2570    0.1890    0.1520    0.3680   -0.1426    0.3590   -0.5858    0.1363    0.4675    0.3451
   33 H7     2px        0.0000    0.0000    0.0000   -0.0000    0.0000    0.0000    0.0000   -0.0000    0.0000   -0.0000
   34 H7     2py       -0.0000    0.0000   -0.0000   -0.0000    0.0000   -0.0000    0.0000   -0.0000   -0.0000    0.0000
   35 H7     2pz       -0.0001    0.0002   -0.0027   -0.0002   -0.0200   -0.0341   -0.0288    0.1769   -0.2136    0.1529
   36 H8     1s        -0.1322   -0.1394    0.0292   -0.0744    0.0744    0.0057    0.0059    0.1031   -0.1976   -0.1369
   37 H8     2s         0.2294    0.2719   -0.0823    0.2192   -0.4323   -0.3771    0.0156    0.4421   -0.6115   -0.3691
   38 H8     2px       -0.0000   -0.0000    0.0000   -0.0000    0.0000    0.0000    0.0000   -0.0000    0.0000    0.0000
   39 H8     2py       -0.0000   -0.0000   -0.0000   -0.0000    0.0000    0.0000    0.0000   -0.0000    0.0000    0.0000
   40 H8     2pz        0.0001    0.0000   -0.0020   -0.0057   -0.0008   -0.0347    0.0986   -0.1388    0.0614   -0.2587
   41 H9     1s        -0.1146   -0.1637    0.1324    0.0596   -0.0048   -0.0105    0.0805   -0.1629    0.1770    0.1277
   42 H9     2s         0.1847    0.2827   -0.2551   -0.1122   -0.1109   -0.3537    0.5649   -0.6555    0.5406    0.3482
   43 H9     2px        0.0000    0.0000   -0.0000   -0.0000   -0.0000   -0.0000    0.0000   -0.0000    0.0000    0.0000
   44 H9     2py        0.0000    0.0000   -0.0000   -0.0000   -0.0000   -0.0000    0.0000   -0.0000    0.0000    0.0000
   45 H9     2pz        0.0001    0.0000   -0.0020   -0.0099    0.0254    0.0416   -0.0436    0.0063    0.0890    0.3408
   46 H10    1s        -0.0644   -0.0999    0.0946    0.0547    0.0058    0.0682   -0.1195    0.1432   -0.1272   -0.1156
   47 H10    2s         0.1689    0.3035   -0.3928   -0.4445    0.4692    0.4611   -0.4261    0.3660   -0.2646   -0.2018
   48 H10    2px        0.0000    0.0000   -0.0000   -0.0000   -0.0000   -0.0000    0.0000   -0.0000    0.0000    0.0000
   49 H10    2py       -0.0000    0.0000    0.0000   -0.0000   -0.0000    0.0000    0.0000   -0.0000   -0.0000    0.0000
   50 H10    2pz        0.0037    0.0059   -0.0066   -0.0077    0.0124    0.0242   -0.0496    0.0933   -0.1522   -0.3180
 
 
      Orbital               21        22        23        24        25        26        27        28        29        30
      Energy            0.7596    0.8637    0.8637    0.8735    0.8735    0.8892    0.8892    0.9099    0.9099    0.9342
      Occ. No.          0.0000    0.0000    0.0000    0.0000    0.0000    0.0000    0.0000    0.0000    0.0000    0.0000
 
    1 H1     1s        -0.0898    0.0000    0.0000   -0.0000   -0.0000   -0.0000   -0.0000   -0.0000    0.0000   -0.0000
    2 H1     2s        -0.1515   -0.0000   -0.0000    0.0000   -0.0000    0.0000    0.0000    0.0000   -0.0000    0.0000
    3 H1     2px       -0.0000    0.1021    0.0495   -0.2186    0.0117    0.3020    0.0664    0.2549   -0.2787   -0.1843
    4 H1     2py        0.0000   -0.0495    0.1021   -0.0117   -0.2186   -0.0664    0.3020   -0.2787   -0.2549    0.3733
    5 H1     2pz        0.2910    0.0000    0.0000   -0.0000   -0.0000   -0.0000   -0.0000   -0.0000    0.0000   -0.0000
    6 H2     1s         0.0846   -0.0000   -0.0000   -0.0000   -0.0000    0.0000    0.0000   -0.0000    0.0000    0.0000
    7 H2     2s         0.2325    0.0000    0.0000    0.0000    0.0000   -0.0000   -0.0000    0.0000   -0.0000   -0.0000
    8 H2     2px       -0.0000    0.1985    0.0963   -0.3731    0.0200    0.4024    0.0884    0.2171   -0.2374   -0.0566
    9 H2     2py        0.0000   -0.0963    0.1985   -0.0200   -0.3731   -0.0884    0.4024   -0.2374   -0.2171    0.1146
   10 H2     2pz       -0.3297   -0.0000   -0.0000    0.0000    0.0000   -0.0000   -0.0000   -0.0000   -0.0000   -0.0000
   11 H3     1s        -0.0721    0.0000    0.0000   -0.0000   -0.0000    0.0000    0.0000   -0.0000    0.0000    0.0000
   12 H3     2s        -0.1977   -0.0000   -0.0000   -0.0000    0.0000    0.0000    0.0000    0.0000    0.0000    0.0000
   13 H3     2px       -0.0000    0.2785    0.1351   -0.4078    0.0218    0.2215    0.0487   -0.0778    0.0851    0.1699
   14 H3     2py       -0.0000   -0.1351    0.2785   -0.0218   -0.4078   -0.0487    0.2215    0.0851    0.0778   -0.3441
   15 H3     2pz        0.2883   -0.0000   -0.0000   -0.0000   -0.0000    0.0000    0.0000    0.0000   -0.0000    0.0000
   16 H4     1s         0.0461   -0.0000   -0.0000    0.0000    0.0000    0.0000    0.0000    0.0000   -0.0000    0.0000
   17 H4     2s         0.1205    0.0000    0.0000    0.0000    0.0000   -0.0000   -0.0000   -0.0000   -0.0000   -0.0000
   18 H4     2px        0.0000    0.3354    0.1627   -0.3122    0.0167   -0.1121   -0.0246   -0.2798    0.3059    0.1031
   19 H4     2py        0.0000   -0.1627    0.3354   -0.0167   -0.3122    0.0246   -0.1121    0.3059    0.2798   -0.2089
   20 H4     2pz       -0.2422    0.0000    0.0000   -0.0000   -0.0000   -0.0000   -0.0000   -0.0000    0.0000   -0.0000
   21 H5     1s        -0.0151   -0.0000   -0.0000    0.0000    0.0000    0.0000    0.0000    0.0000   -0.0000    0.0000
   22 H5     2s        -0.0395    0.0000    0.0000   -0.0000   -0.0000    0.0000    0.0000   -0.0000    0.0000    0.0000
   23 H5     2px        0.0000    0.3651    0.1771   -0.1161    0.0062   -0.3692   -0.0811   -0.1529    0.1671   -0.1420
   24 H5     2py        0.0000   -0.1771    0.3651   -0.0062   -0.1161    0.0811   -0.3692    0.1671    0.1529    0.2877
   25 H5     2pz        0.2171   -0.0000   -0.0000    0.0000    0.0000    0.0000    0.0000    0.0000   -0.0000   -0.0000
   26 H6     1s        -0.0151    0.0000   -0.0000    0.0000    0.0000   -0.0000   -0.0000    0.0000   -0.0000    0.0000
   27 H6     2s        -0.0395   -0.0000   -0.0000    0.0000   -0.0000   -0.0000   -0.0000    0.0000   -0.0000   -0.0000
   28 H6     2px       -0.0000    0.3651    0.1771    0.1160   -0.0062   -0.3693   -0.0811    0.1529   -0.1671   -0.1420
   29 H6     2py        0.0000   -0.1771    0.3651    0.0062    0.1160    0.0811   -0.3693   -0.1671   -0.1529    0.2877
   30 H6     2pz       -0.2171   -0.0000   -0.0000   -0.0000   -0.0000    0.0000    0.0000    0.0000   -0.0000    0.0000
   31 H7     1s         0.0461   -0.0000   -0.0000   -0.0000   -0.0000    0.0000    0.0000   -0.0000    0.0000    0.0000
   32 H7     2s         0.1205    0.0000    0.0000   -0.0000    0.0000    0.0000    0.0000   -0.0000    0.0000    0.0000
   33 H7     2px        0.0000    0.3354    0.1627    0.3121   -0.0167   -0.1121   -0.0246    0.2798   -0.3059    0.1031
   34 H7     2py        0.0000   -0.1627    0.3354    0.0167    0.3121    0.0246   -0.1121   -0.3059   -0.2798   -0.2090
   35 H7     2pz        0.2422    0.0000    0.0000    0.0000    0.0000   -0.0000   -0.0000   -0.0000    0.0000   -0.0000
   36 H8     1s        -0.0721   -0.0000   -0.0000    0.0000   -0.0000    0.0000    0.0000    0.0000   -0.0000    0.0000
   37 H8     2s        -0.1977    0.0000    0.0000    0.0000   -0.0000   -0.0000   -0.0000    0.0000   -0.0000   -0.0000
   38 H8     2px        0.0000    0.2786    0.1351    0.4078   -0.0218    0.2215    0.0487    0.0778   -0.0850    0.1699
   39 H8     2py        0.0000   -0.1351    0.2786    0.0218    0.4078   -0.0487    0.2215   -0.0850   -0.0778   -0.3441
   40 H8     2pz       -0.2883   -0.0000   -0.0000   -0.0000   -0.0000    0.0000    0.0000   -0.0000    0.0000    0.0000
   41 H9     1s         0.0846    0.0000    0.0000    0.0000    0.0000   -0.0000   -0.0000   -0.0000    0.0000   -0.0000
   42 H9     2s         0.2325   -0.0000   -0.0000   -0.0000   -0.0000    0.0000    0.0000   -0.0000    0.0000    0.0000
   43 H9     2px        0.0000    0.1985    0.0963    0.3731   -0.0200    0.4024    0.0884   -0.2171    0.2374   -0.0566
   44 H9     2py        0.0000   -0.0963    0.1985    0.0200    0.3731   -0.0884    0.4024    0.2374    0.2171    0.1146
   45 H9     2pz        0.3297   -0.0000   -0.0000   -0.0000   -0.0000    0.0000    0.0000    0.0000   -0.0000    0.0000
   46 H10    1s        -0.0897    0.0000    0.0000   -0.0000   -0.0000    0.0000   -0.0000    0.0000   -0.0000    0.0000
   47 H10    2s        -0.1514    0.0000    0.0000    0.0000    0.0000   -0.0000   -0.0000    0.0000   -0.0000   -0.0000
   48 H10    2px        0.0000    0.1021    0.0495    0.2186   -0.0117    0.3020    0.0664   -0.2549    0.2787   -0.1843
   49 H10    2py       -0.0000   -0.0495    0.1021    0.0117    0.2186   -0.0664    0.3020    0.2787    0.2549    0.3733
   50 H10    2pz       -0.2910    0.0000    0.0000    0.0000    0.0000   -0.0000   -0.0000   -0.0000    0.0000   -0.0000
 
 
      Orbital               31        32        33        34        35        36        37        38        39        40
      Energy            0.9342    0.9608    0.9608    0.9868    0.9868    1.0103    1.0103    1.0292    1.0292    1.0333
      Occ. No.          0.0000    0.0000    0.0000    0.0000    0.0000    0.0000    0.0000    0.0000    0.0000    0.0000
 
    1 H1     1s         0.0000    0.0000   -0.0000    0.0000   -0.0000   -0.0000    0.0000    0.0000    0.0000    0.0506
    2 H1     2s        -0.0000   -0.0000    0.0000    0.0000   -0.0000    0.0000   -0.0000    0.0000    0.0000    0.0965
    3 H1     2px        0.3733    0.1825   -0.3832   -0.2411    0.3185    0.2342   -0.2429    0.2315    0.0776   -0.0000
    4 H1     2py        0.1843   -0.3832   -0.1825    0.3185    0.2411   -0.2429   -0.2342   -0.0776    0.2315   -0.0000
    5 H1     2pz        0.0000   -0.0000    0.0000    0.0000   -0.0000    0.0000   -0.0000    0.0000    0.0000    0.0924
    6 H2     1s        -0.0000    0.0000   -0.0000   -0.0000    0.0000   -0.0000    0.0000   -0.0000   -0.0000   -0.1602
    7 H2     2s         0.0000    0.0000   -0.0000   -0.0000    0.0000   -0.0000    0.0000   -0.0000   -0.0000   -0.3374
    8 H2     2px        0.1146   -0.0488    0.1025    0.1950   -0.2577   -0.3006    0.3118   -0.3825   -0.1282    0.0000
    9 H2     2py        0.0566    0.1025    0.0488   -0.2577   -0.1950    0.3118    0.3006    0.1282   -0.3825    0.0000
   10 H2     2pz        0.0000    0.0000   -0.0000   -0.0000    0.0000   -0.0000    0.0000   -0.0000   -0.0000   -0.1781
   11 H3     1s        -0.0000   -0.0000    0.0000    0.0000   -0.0000    0.0000   -0.0000    0.0000    0.0000    0.3134
   12 H3     2s        -0.0000   -0.0000    0.0000    0.0000   -0.0000    0.0000   -0.0000    0.0000    0.0000    0.6721
   13 H3     2px       -0.3441   -0.1689    0.3546    0.0776   -0.1026    0.1616   -0.1676    0.4142    0.1388   -0.0000
   14 H3     2py       -0.1699    0.3546    0.1689   -0.1026   -0.0776   -0.1676   -0.1616   -0.1388    0.4142   -0.0000
   15 H3     2pz       -0.0000   -0.0000    0.0000   -0.0000    0.0000    0.0000   -0.0000    0.0000    0.0000    0.2122
   16 H4     1s        -0.0000    0.0000   -0.0000   -0.0000    0.0000   -0.0000    0.0000   -0.0000   -0.0000   -0.4604
   17 H4     2s         0.0000    0.0000   -0.0000   -0.0000   -0.0000   -0.0000    0.0000   -0.0000   -0.0000   -0.9969
   18 H4     2px       -0.2089    0.0990   -0.2077   -0.2592    0.3425    0.0869   -0.0901   -0.3159   -0.1059    0.0000
   19 H4     2py       -0.1031   -0.2077   -0.0990    0.3425    0.2592   -0.0901   -0.0869    0.1059   -0.3159    0.0000
   20 H4     2pz        0.0000    0.0000   -0.0000    0.0000   -0.0000   -0.0000    0.0000    0.0000   -0.0000   -0.1728
   21 H5     1s        -0.0000   -0.0000    0.0000   -0.0000    0.0000    0.0000   -0.0000    0.0000    0.0000    0.5515
   22 H5     2s        -0.0000   -0.0000    0.0000   -0.0000    0.0000    0.0000   -0.0000    0.0000    0.0000    1.1963
   23 H5     2px        0.2877    0.1402   -0.2943    0.1404   -0.1854   -0.2769    0.2872    0.1173    0.0393   -0.0000
   24 H5     2py        0.1420   -0.2943   -0.1402   -0.1854   -0.1404    0.2872    0.2769   -0.0393    0.1173   -0.0000
   25 H5     2pz        0.0000    0.0000   -0.0000   -0.0000    0.0000   -0.0000    0.0000   -0.0000   -0.0000    0.0656
   26 H6     1s        -0.0000   -0.0000    0.0000   -0.0000    0.0000   -0.0000    0.0000   -0.0000   -0.0000   -0.5515
   27 H6     2s         0.0000    0.0000   -0.0000    0.0000   -0.0000   -0.0000    0.0000   -0.0000   -0.0000   -1.1964
   28 H6     2px        0.2877   -0.1402    0.2943    0.1404   -0.1854    0.2769   -0.2872    0.1173    0.0393    0.0000
   29 H6     2py        0.1420    0.2943    0.1402   -0.1854   -0.1404   -0.2872   -0.2769   -0.0393    0.1173    0.0000
   30 H6     2pz       -0.0000   -0.0000    0.0000   -0.0000    0.0000    0.0000   -0.0000    0.0000    0.0000    0.0656
   31 H7     1s        -0.0000    0.0000   -0.0000   -0.0000   -0.0000    0.0000   -0.0000    0.0000    0.0000    0.4605
   32 H7     2s        -0.0000    0.0000   -0.0000    0.0000   -0.0000    0.0000   -0.0000    0.0000    0.0000    0.9970
   33 H7     2px       -0.2090   -0.0990    0.2077   -0.2592    0.3425   -0.0869    0.0901   -0.3159   -0.1059   -0.0000
   34 H7     2py       -0.1031    0.2077    0.0990    0.3425    0.2592    0.0901    0.0869    0.1059   -0.3159    0.0000
   35 H7     2pz        0.0000    0.0000   -0.0000    0.0000   -0.0000   -0.0000    0.0000   -0.0000   -0.0000   -0.1727
   36 H8     1s        -0.0000   -0.0000    0.0000   -0.0000    0.0000    0.0000   -0.0000   -0.0000   -0.0000   -0.3135
   37 H8     2s         0.0000   -0.0000    0.0000   -0.0000    0.0000   -0.0000    0.0000   -0.0000   -0.0000   -0.6721
   38 H8     2px       -0.3441    0.1689   -0.3546    0.0776   -0.1026   -0.1616    0.1676    0.4142    0.1388    0.0000
   39 H8     2py       -0.1699   -0.3546   -0.1689   -0.1026   -0.0776    0.1676    0.1616   -0.1388    0.4142   -0.0000
   40 H8     2pz       -0.0000   -0.0000    0.0000   -0.0000    0.0000    0.0000   -0.0000    0.0000    0.0000    0.2122
   41 H9     1s         0.0000    0.0000   -0.0000    0.0000   -0.0000    0.0000   -0.0000    0.0000    0.0000    0.1602
   42 H9     2s        -0.0000    0.0000   -0.0000    0.0000   -0.0000   -0.0000    0.0000    0.0000    0.0000    0.3375
   43 H9     2px        0.1146    0.0488   -0.1025    0.1950   -0.2577    0.3006   -0.3118   -0.3825   -0.1282   -0.0000
   44 H9     2py        0.0566   -0.1025   -0.0488   -0.2577   -0.1950   -0.3118   -0.3006    0.1282   -0.3825    0.0000
   45 H9     2pz       -0.0000   -0.0000    0.0000   -0.0000    0.0000    0.0000   -0.0000   -0.0000   -0.0000   -0.1781
   46 H10    1s        -0.0000   -0.0000    0.0000   -0.0000    0.0000    0.0000   -0.0000   -0.0000   -0.0000   -0.0506
   47 H10    2s         0.0000   -0.0000    0.0000   -0.0000    0.0000    0.0000   -0.0000   -0.0000   -0.0000   -0.0965
   48 H10    2px        0.3733   -0.1826    0.3832   -0.2411    0.3185   -0.2342    0.2429    0.2315    0.0776    0.0000
   49 H10    2py        0.1843    0.3832    0.1826    0.3185    0.2411    0.2429    0.2342   -0.0776    0.2315   -0.0000
   50 H10    2pz        0.0000    0.0000   -0.0000    0.0000   -0.0000   -0.0000    0.0000    0.0000    0.0000    0.0924
 
 
      Orbital               41        42        43        44        45        46        47        48        49        50
      Energy            1.0366    1.0414    1.0414    1.0556    1.0906    1.1388    1.1933    1.2477    1.2943    1.3259
      Occ. No.          0.0000    0.0000    0.0000    0.0000    0.0000    0.0000    0.0000    0.0000    0.0000    0.0000
 
    1 H1     1s        -0.0885   -0.0000   -0.0000    0.1040    0.1001   -0.0929    0.0841   -0.0717   -0.0533    0.0287
    2 H1     2s        -0.1830   -0.0000   -0.0000    0.2278    0.2258   -0.2031    0.1686   -0.1279   -0.0853    0.0425
    3 H1     2px        0.0000   -0.1264   -0.0202   -0.0000    0.0000   -0.0000    0.0000    0.0000   -0.0000    0.0000
    4 H1     2py        0.0000    0.0202   -0.1264   -0.0000    0.0000   -0.0000    0.0000   -0.0000   -0.0000    0.0000
    5 H1     2pz       -0.2216   -0.0000   -0.0000    0.3306    0.3941   -0.4198    0.4043   -0.3468   -0.2534    0.1337
    6 H2     1s         0.2509    0.0000    0.0000   -0.2606   -0.2078    0.1448   -0.0821    0.0293   -0.0033    0.0104
    7 H2     2s         0.5438    0.0000    0.0000   -0.5638   -0.4301    0.2744   -0.1434    0.0556    0.0104    0.0029
    8 H2     2px       -0.0000    0.2385    0.0382    0.0000    0.0000    0.0000   -0.0000    0.0000    0.0000   -0.0000
    9 H2     2py       -0.0000   -0.0382    0.2385    0.0000    0.0000    0.0000   -0.0000    0.0000    0.0000   -0.0000
   10 H2     2pz        0.2792    0.0000    0.0000   -0.2417   -0.0614   -0.1769    0.3898   -0.4990   -0.4588    0.2736
   11 H3     1s        -0.3711   -0.0000   -0.0000    0.2636    0.0918    0.0186   -0.0574    0.0369   -0.0013    0.0162
   12 H3     2s        -0.8146   -0.0000   -0.0000    0.5720    0.1884    0.0290   -0.0799    0.0388   -0.0082    0.0201
   13 H3     2px        0.0000   -0.3324   -0.0532   -0.0000   -0.0000   -0.0000    0.0000    0.0000   -0.0000    0.0000
   14 H3     2py        0.0000    0.0532   -0.3324   -0.0000   -0.0000   -0.0000    0.0000    0.0000   -0.0000    0.0000
   15 H3     2pz       -0.1117   -0.0000   -0.0000   -0.1796   -0.4437    0.4344   -0.1369   -0.2645   -0.4915    0.3789
   16 H4     1s         0.3379    0.0000    0.0000   -0.0719    0.1004   -0.0709   -0.0192    0.0609    0.0281    0.0072
   17 H4     2s         0.7450    0.0000    0.0000   -0.1507    0.2077   -0.1263   -0.0310    0.0804    0.0338    0.0049
   18 H4     2px       -0.0000    0.3995    0.0640    0.0000    0.0000    0.0000   -0.0000   -0.0000   -0.0000    0.0000
   19 H4     2py       -0.0000   -0.0640    0.3995    0.0000    0.0000    0.0000   -0.0000    0.0000   -0.0000    0.0000
   20 H4     2pz       -0.1696   -0.0000   -0.0000    0.4397    0.2494    0.2537   -0.4688    0.1309   -0.3816    0.4603
   21 H5     1s        -0.1360   -0.0000   -0.0000   -0.1304   -0.0850   -0.0752    0.0666    0.0211    0.0370    0.0033
   22 H5     2s        -0.3020   -0.0000   -0.0000   -0.2922   -0.1753   -0.1372    0.1015    0.0262    0.0398    0.0051
   23 H5     2px        0.0000   -0.4346   -0.0696   -0.0000   -0.0000   -0.0000    0.0000    0.0000   -0.0000    0.0000
   24 H5     2py       -0.0000    0.0696   -0.4346   -0.0000   -0.0000   -0.0000    0.0000    0.0000   -0.0000    0.0000
   25 H5     2pz        0.3819    0.0000    0.0000   -0.2296    0.3365   -0.3506   -0.2626    0.4463   -0.1406    0.5007
   26 H6     1s        -0.1359    0.0000    0.0000    0.1304   -0.0850    0.0752    0.0666   -0.0211    0.0370   -0.0033
   27 H6     2s        -0.3018    0.0000    0.0000    0.2922   -0.1753    0.1372    0.1015   -0.0262    0.0398   -0.0051
   28 H6     2px       -0.0000    0.4346    0.0696    0.0000   -0.0000    0.0000   -0.0000   -0.0000   -0.0000   -0.0000
   29 H6     2py       -0.0000   -0.0696    0.4346    0.0000    0.0000    0.0000   -0.0000   -0.0000   -0.0000   -0.0000
   30 H6     2pz       -0.3820   -0.0000   -0.0000   -0.2296   -0.3365   -0.3506    0.2626    0.4463    0.1406    0.5007
   31 H7     1s         0.3378   -0.0000   -0.0000    0.0719    0.1004    0.0709   -0.0192   -0.0609    0.0281   -0.0072
   32 H7     2s         0.7449   -0.0000   -0.0000    0.1507    0.2077    0.1263   -0.0311   -0.0804    0.0338   -0.0049
   33 H7     2px        0.0000   -0.3995   -0.0640   -0.0000    0.0000   -0.0000    0.0000    0.0000    0.0000    0.0000
   34 H7     2py        0.0000    0.0640   -0.3995   -0.0000    0.0000   -0.0000    0.0000    0.0000    0.0000    0.0000
   35 H7     2pz        0.1696    0.0000    0.0000    0.4397   -0.2494    0.2537    0.4688    0.1309    0.3816    0.4603
   36 H8     1s        -0.3711    0.0000    0.0000   -0.2636    0.0918   -0.0186   -0.0574   -0.0369   -0.0013   -0.0162
   37 H8     2s        -0.8145    0.0000    0.0000   -0.5719    0.1884   -0.0290   -0.0799   -0.0388   -0.0082   -0.0201
   38 H8     2px       -0.0000    0.3324    0.0532   -0.0000   -0.0000    0.0000   -0.0000   -0.0000   -0.0000   -0.0000
   39 H8     2py       -0.0000   -0.0532    0.3324    0.0000   -0.0000   -0.0000   -0.0000    0.0000   -0.0000   -0.0000
   40 H8     2pz        0.1117   -0.0000   -0.0000   -0.1796    0.4437    0.4344    0.1369   -0.2645    0.4915    0.3789
   41 H9     1s         0.2509   -0.0000   -0.0000    0.2606   -0.2078   -0.1448   -0.0821   -0.0293   -0.0033   -0.0104
   42 H9     2s         0.5438   -0.0000   -0.0000    0.5638   -0.4301   -0.2744   -0.1433   -0.0556    0.0104   -0.0029
   43 H9     2px        0.0000   -0.2385   -0.0382   -0.0000    0.0000    0.0000    0.0000    0.0000   -0.0000   -0.0000
   44 H9     2py       -0.0000    0.0382   -0.2385   -0.0000    0.0000    0.0000    0.0000    0.0000   -0.0000    0.0000
   45 H9     2pz       -0.2792    0.0000    0.0000   -0.2417    0.0614   -0.1769   -0.3898   -0.4990    0.4588    0.2736
   46 H10    1s        -0.0885    0.0000    0.0000   -0.1040    0.1001    0.0929    0.0841    0.0717   -0.0533   -0.0287
   47 H10    2s        -0.1830    0.0000    0.0000   -0.2278    0.2258    0.2031    0.1686    0.1279   -0.0853   -0.0425
   48 H10    2px       -0.0000    0.1264    0.0202    0.0000   -0.0000   -0.0000   -0.0000   -0.0000    0.0000    0.0000
   49 H10    2py        0.0000   -0.0202    0.1264    0.0000   -0.0000   -0.0000   -0.0000    0.0000    0.0000   -0.0000
   50 H10    2pz        0.2216   -0.0000   -0.0000    0.3305   -0.3942   -0.4198   -0.4043   -0.3468    0.2534    0.1337
--
 
      Von Neumann Entropy (Root  1) =  4.78712
 

      Mulliken population analysis for root number:  1
      -----------------------------------------------
 
 
++    Molecular charges:
      ------------------
 
      Mulliken charges per centre and basis function type
      ---------------------------------------------------
 
                H1      H2      H3      H4      H5      H6      H7      H8      H9      H10   
      1s       0.9928  1.0012  1.0018  1.0015  1.0017  1.0016  1.0015  1.0018  1.0012  0.9928
      2s       0.0058  0.0001 -0.0020 -0.0016 -0.0018 -0.0018 -0.0016 -0.0020  0.0002  0.0058
      2px      0.0000  0.0000  0.0000  0.0000  0.0000  0.0000  0.0000  0.0000  0.0000  0.0000
      2pz     -0.0001  0.0002  0.0001  0.0001  0.0001  0.0001  0.0001  0.0001  0.0002 -0.0001
      2py      0.0000  0.0000  0.0000  0.0000  0.0000  0.0000  0.0000  0.0000  0.0000  0.0000
      Total    0.9985  1.0015  1.0000  1.0000  1.0000  1.0000  1.0000  1.0000  1.0015  0.9985
 
      N-E      0.0015 -0.0015  0.0000  0.0000  0.0000  0.0000  0.0000  0.0000 -0.0015  0.0015
 
      Total electronic charge=   10.000000
 
      Total            charge=   -0.000000
--
 
 

      Expectation values of various properties for root number:  1
      -----------------------------------------------------------
 
 
++    Molecular properties:
      ---------------------
 
      Charge (e):
                      =   -0.0000
      Dipole Moment (Debye):
      Origin of the operator (Ang)=    0.0000    0.0000    0.0000
                   X= -9.4421E-09               Y= -1.2328E-09               Z=  7.3520E-06           Total=  7.3520E-06
      Quadrupole Moment (Debye*Ang):
      Origin of the operator (Ang)=    0.0000    0.0000   11.8636
                  XX= -1.5163E+01              XY= -2.6324E-18              XZ= -2.4771E-10              YY= -1.5163E+01
                  YZ=  5.2293E-09              ZZ= -1.4956E+01
      In traceless form (Debye*Ang)
                  XX= -1.0342E-01              XY= -3.9485E-18              XZ= -3.7157E-10              YY= -1.0342E-01
                  YZ=  7.8439E-09              ZZ=  2.0685E-01
--
 

      LoProp population analysis for root number:  1
      -----------------------------------------------
 
 
++    LoProp analysis:
      ----------------
 
 
 
  Input file to MOLDEN was generated!
 
 
++    Static properties:
      ------------------
 
 
      LoProp Charges per center
 

                   H1       H2       H3       H4       H5       H6       H7       H8       H9       H10   
      Nuclear      1.0000   1.0000   1.0000   1.0000   1.0000   1.0000   1.0000   1.0000   1.0000   1.0000
      Electronic  -1.0001  -0.9999  -1.0000  -1.0000  -1.0000  -1.0000  -1.0000  -1.0000  -0.9999  -1.0001
 
      Total       -0.0001   0.0001   0.0000  -0.0000   0.0000   0.0000  -0.0000   0.0000   0.0001  -0.0001
--
 
 
      Natural Bond Order analysis for root number:  1
 
++    Natural Bond Order analysis
      ---------------------------
      Based on LoProp computed density
      -------------------------------------------------------------------------------------
      Atom A       Atom B       Bond Order
      -------------------------------------------------------------------------------------
      The remaining   10.000 electrons are to be considered as diffuse
--
 
--
 
 
  Input file to MOLDEN was generated!
 
      Average orbitals are written to the RASORB file
      Natural orbitals for root   1 are written to the RASORB.1 file
      Spin density orbitals for root   1 are written to the SPDORB.1 file
 
forrtl: warning (525): IEEE_DIVIDE_BY_ZERO is signaling
forrtl: warning (526): IEEE_INVALID is signaling
forrtl: warning (528): IEEE_UNDERFLOW is signaling
--- Stop Module: rasscf at Sun Oct 26 17:55:57 2025 /rc=_RC_ALL_IS_WELL_ ---
*** files: H10_2.64.LprOrb H10_2.64.rasscf.molden H10_2.64.LoProp.molden H10_2.64.RasOrb.1 H10_2.64.RasOrb H10_2.64.rasscf.h5 H10_2.64.SpdOrb.1 xmldump
    saved to directory /home/grierjones/DDCASPT2/hydrogen_comps/rerun/H10_chain/H10_2.64
--- Module rasscf spent 24 seconds ---

>>> COPY /tmp/H10_2.64/H10_2.64.rasscf.h5 /home/grierjones/DDCASPT2/hydrogen_comps/rerun/H10_chain/H10_2.64/

>>> COPY /tmp/H10_2.64/GMJ_Fock_MO.csv /home/grierjones/DDCASPT2/hydrogen_comps/rerun/H10_chain/H10_2.64/H10_2.64.GMJ_Fock_MO.csv

*** symbolic link created: INPORB -> H10_2.64.RasOrb
--- Start Module: motra at Sun Oct 26 17:55:57 2025 ---
 
()()()()()()()()()()()()()()()()()()()()()()()()()()()()()()()()()()()()()()()()()()()()()()()()()()

                                               &MOTRA

                                   only a single process is used
                       available to each process: 2.0 GB of memory, 1 thread?
()()()()()()()()()()()()()()()()()()()()()()()()()()()()()()()()()()()()()()()()()()()()()()()()()()
 
 
      *** WARNING: Default frozen orbitals is overwritten by user input.
      *** Default values:   0
 
      Header of the integral files:
      
       Integrals generated by seward 4.2.0  , Sun Oct 26 17:55:31 2025
 
 
      Header of MO coefficients source file:
      * RASSCF average (pseudo-natural) orbitals                                      
 
 
      Cartesian coordinates in Angstrom:
      -----------------------------------------------------
      No.  Label        X            Y            Z        
      -----------------------------------------------------
       1   H1         0.00000000   0.00000000   0.00000000
       2   H2         0.00000000   0.00000000   2.63636400
       3   H3         0.00000000   0.00000000   5.27272700
       4   H4         0.00000000   0.00000000   7.90909100
       5   H5         0.00000000   0.00000000  10.54545500
       6   H6         0.00000000   0.00000000  13.18181800
       7   H7         0.00000000   0.00000000  15.81818200
       8   H8         0.00000000   0.00000000  18.45454500
       9   H9         0.00000000   0.00000000  21.09090900
      10   H10        0.00000000   0.00000000  23.72727300
      -----------------------------------------------------
      Nuclear repulsion energy =    3.87187118
 
      Orbital specifications:
      -----------------------
 
      Symmetry species:              1
      Number of basis functions:    50
      Frozen orbitals:               0
      Deleted orbitals:              0
      Number of orbitals used:      50

       SYMMETRY  BASIS FUNCTIONS       ORBITALS      INTEGRALS   CPU(SEC)  I/O(SEC)
        1 1 1 1   50  50  50  50    50  50  50  50      813450       0.00      0.00

       TOTAL CPU TIME(SEC)    0.52TOTAL I/O TIME(SEC)    1.18
 
--- Stop Module: motra at Sun Oct 26 17:55:58 2025 /rc=_RC_ALL_IS_WELL_ ---
*** files: xmldump
    saved to directory /home/grierjones/DDCASPT2/hydrogen_comps/rerun/H10_chain/H10_2.64
--- Module motra spent 1 second ---

>>> COPY /tmp/H10_2.64/GMJ_one_int_indx.csv /home/grierjones/DDCASPT2/hydrogen_comps/rerun/H10_chain/H10_2.64/H10_2.64.GMJ_one_int_indx.csv

>>> COPY /tmp/H10_2.64/GMJ_one_int.csv /home/grierjones/DDCASPT2/hydrogen_comps/rerun/H10_chain/H10_2.64/H10_2.64.GMJ_one_int.csv

>>> COPY /tmp/H10_2.64/GMJ_two_int_indx.csv /home/grierjones/DDCASPT2/hydrogen_comps/rerun/H10_chain/H10_2.64/H10_2.64.GMJ_two_int_indx.csv

>>> COPY /tmp/H10_2.64/GMJ_two_int.csv /home/grierjones/DDCASPT2/hydrogen_comps/rerun/H10_chain/H10_2.64/H10_2.64.GMJ_two_int.csv

*** symbolic link created: INPORB -> H10_2.64.RasOrb
--- Start Module: caspt2 at Sun Oct 26 17:55:58 2025 ---
 
()()()()()()()()()()()()()()()()()()()()()()()()()()()()()()()()()()()()()()()()()()()()()()()()()()

                                              &CASPT2

                                   only a single process is used
                       available to each process: 2.0 GB of memory, 1 thread?
()()()()()()()()()()()()()()()()()()()()()()()()()()()()()()()()()()()()()()()()()()()()()()()()()()
 
 Cholesky algorithm in CASPT2 =    1
 
 ###############################################################################
 ###############################################################################
 ###                                                                         ###
 ###                                                                         ###
 ###    User changed nr of frozen orbitals.                                  ###
 ###                                                                         ###
 ###                                                                         ###
 ###############################################################################
 ###############################################################################
 
++    Wave function specifications:
      -----------------------------
 
      Number of closed shell electrons           0
      Number of electrons in active shells      10
      Max number of holes in RAS1 space          0
      Max number of electrons in RAS3 space      0
      Number of inactive orbitals                0
      Number of active orbitals                 10
      Number of secondary orbitals              40
      Spin quantum number                      0.0
      State symmetry                             1
      Number of CSFs                         19404
      Number of root(s) available                1
      Root passed to geometry opt.               1
      A file JOBMIX will be created.
      This is a CASSCF or RASSCF reference function
--
 
++    Orbital specifications:
      -----------------------
 
      Symmetry species                           1
                                                 a
      Frozen orbitals                            0
      Inactive orbitals                          0
      Active orbitals                           10
      Secondary orbitals                        40
      Deleted orbitals                           0
      Number of basis functions                 50
--
 
      Type of Fock operator: STANDARD
      Type of 0-order Hamiltonian: STANDARD WITH DEFAULT IPEA
        "IP-EA" denominator shift =      0.25
      The input orbitals and the CI vector will be transformed.
 
--------------------------------------------------------------------------------
 Estimated memory requirements:
  POLY3 :                  3551880
  RHS:                      835500
  SIGMA :                   430400
  PRPCTL:                        0
 Available workspace:    230354915
 
++ CASPT2 computation for group   1
 
********************************************************************************
 Multi-State initialization phase begins for group   1
--------------------------------------------------------------------------------
********************************************************************************
 Compute H0 matrices for state    1
--------------------------------------------------------------------------------
--------------------------------------------------------------------------------
 H0 matrices have been computed.
 
********************************************************************************
  CASPT2 EQUATION SOLUTION
--------------------------------------------------------------------------------
 
  Total nr of CASPT2 parameters:
   Before reduction:      120200
   After  reduction:      119400
 
 The contributions to the second order correlation energy in atomic units.
-----------------------------------------------------------------------------------------------------------------------------
  IT.      VJTU        VJTI        ATVX        AIVX        VJAI        BVAT        BJAT        BJAI        TOTAL       RNORM  
-----------------------------------------------------------------------------------------------------------------------------
   1     0.000000    0.000000   -0.000800    0.000000    0.000000   -0.002104    0.000000    0.000000   -0.002904    0.000706
   2     0.000000    0.000000   -0.000808    0.000000    0.000000   -0.002106    0.000000    0.000000   -0.002915    0.000137
   3     0.000000    0.000000   -0.000810    0.000000    0.000000   -0.002107    0.000000    0.000000   -0.002917    0.000041
   4     0.000000    0.000000   -0.000809    0.000000    0.000000   -0.002107    0.000000    0.000000   -0.002916    0.000008
   5     0.000000    0.000000   -0.000809    0.000000    0.000000   -0.002107    0.000000    0.000000   -0.002916    0.000002
-------------------------------------------------------------------------------------------------------------------
 
  FINAL CASPT2 RESULT:
 
  Correlation energy /Case, /Symm, and sums:
 VJTU      0.00000000  0.00000000
 VJTIP     0.00000000  0.00000000
 VJTIM     0.00000000  0.00000000
 ATVX     -0.00080917 -0.00080917
 AIVX      0.00000000  0.00000000
 VJAIP     0.00000000  0.00000000
 VJAIM     0.00000000  0.00000000
 BVATP    -0.00187717 -0.00187717
 BVATM    -0.00022962 -0.00022962
 BJATP     0.00000000  0.00000000
 BJATM     0.00000000  0.00000000
 BJAIP     0.00000000  0.00000000
 BJAIM     0.00000000  0.00000000
 Summed:  -0.00291596 -0.00291596
 
      Reference energy:          -4.9967273103
      E2 (Non-variational):      -0.0029159613
      E2 (Variational):          -0.0029159609
      Total energy:              -4.9996432712
      Residual norm:              0.0000003059
      Reference weight:           0.99810
 
      Contributions to the CASPT2 correlation energy
      Active & Virtual Only:         -0.0029159613
      One Inactive Excited:           0.0000000000
      Two Inactive Excited:           0.0000000000
 
 
++ Denominators, etc.
----------------------------------------------------------------------------------------------------
 Report on small energy denominators, large coefficients, and large energy contributions.
CASE  SYMM ACTIVE-MIX  NON-ACTIVE INDICES          DENOMINATOR     RHS VALUE       COEFFICIENT     CONTRIBUTION
--
 
   (Skipping property calculation,
    use PROP keyword to activate)
--
 
  Total CASPT2 energies:
::    CASPT2 Root  1     Total energy:     -4.99964327
 
  A NEW JOBIPH FILE NAMED 'JOBMIX' IS PREPARED.
********************************************************************************
forrtl: warning (528): IEEE_UNDERFLOW is signaling
--- Stop Module: caspt2 at Sun Oct 26 17:56:04 2025 /rc=_RC_ALL_IS_WELL_ ---
*** files: xmldump
    saved to directory /home/grierjones/DDCASPT2/hydrogen_comps/rerun/H10_chain/H10_2.64
--- Module caspt2 spent 5 seconds ---

>>> EXPORT i = B

>>> EXPORT j = P

>>> IF (-FILE GMJ_e2_${i}_${j}_1_.csv)
(Skipped)

>>> END FOREACH

>>> EXPORT j = M

>>> IF (-FILE GMJ_e2_${i}_${j}_1_.csv)
(Skipped)

>>> END FOREACH

>>> END FOREACH

>>> EXPORT i = E

>>> EXPORT j = P

>>> IF (-FILE GMJ_e2_${i}_${j}_1_.csv)
(Skipped)

>>> END FOREACH

>>> EXPORT j = M

>>> IF (-FILE GMJ_e2_${i}_${j}_1_.csv)
(Skipped)

>>> END FOREACH

>>> END FOREACH

>>> EXPORT i = F

>>> EXPORT j = P

>>> IF (-FILE GMJ_e2_${i}_${j}_1_.csv)

>>> COPY /tmp/H10_2.64/GMJ_RHS_F_P_1_.csv /home/grierjones/DDCASPT2/hydrogen_comps/rerun/H10_chain/H10_2.64/GMJ_RHS_F_P_1_.csv

>>> COPY /tmp/H10_2.64/GMJ_IVECW_F_P_1_.csv /home/grierjones/DDCASPT2/hydrogen_comps/rerun/H10_chain/H10_2.64/GMJ_IVECW_F_P_1_.csv

>>> COPY /tmp/H10_2.64/GMJ_IVECX_F_P_1_.csv /home/grierjones/DDCASPT2/hydrogen_comps/rerun/H10_chain/H10_2.64/GMJ_IVECX_F_P_1_.csv

>>> COPY /tmp/H10_2.64/GMJ_IVECC2_F_P_1_.csv /home/grierjones/DDCASPT2/hydrogen_comps/rerun/H10_chain/H10_2.64/GMJ_IVECC2_F_P_1_.csv

>>> COPY /tmp/H10_2.64/GMJ_e2_F_P_1_.csv /home/grierjones/DDCASPT2/hydrogen_comps/rerun/H10_chain/H10_2.64/GMJ_e2_F_P_1_.csv

>>> END FOREACH

>>> EXPORT j = M

>>> IF (-FILE GMJ_e2_${i}_${j}_1_.csv)

>>> COPY /tmp/H10_2.64/GMJ_RHS_F_M_1_.csv /home/grierjones/DDCASPT2/hydrogen_comps/rerun/H10_chain/H10_2.64/GMJ_RHS_F_M_1_.csv

>>> COPY /tmp/H10_2.64/GMJ_IVECW_F_M_1_.csv /home/grierjones/DDCASPT2/hydrogen_comps/rerun/H10_chain/H10_2.64/GMJ_IVECW_F_M_1_.csv

>>> COPY /tmp/H10_2.64/GMJ_IVECX_F_M_1_.csv /home/grierjones/DDCASPT2/hydrogen_comps/rerun/H10_chain/H10_2.64/GMJ_IVECX_F_M_1_.csv

>>> COPY /tmp/H10_2.64/GMJ_IVECC2_F_M_1_.csv /home/grierjones/DDCASPT2/hydrogen_comps/rerun/H10_chain/H10_2.64/GMJ_IVECC2_F_M_1_.csv

>>> COPY /tmp/H10_2.64/GMJ_e2_F_M_1_.csv /home/grierjones/DDCASPT2/hydrogen_comps/rerun/H10_chain/H10_2.64/GMJ_e2_F_M_1_.csv

>>> END FOREACH

>>> END FOREACH

>>> EXPORT i = G

>>> EXPORT j = P

>>> IF (-FILE GMJ_e2_${i}_${j}_1_.csv)
(Skipped)

>>> END FOREACH

>>> EXPORT j = M

>>> IF (-FILE GMJ_e2_${i}_${j}_1_.csv)
(Skipped)

>>> END FOREACH

>>> END FOREACH

>>> EXPORT i = H

>>> EXPORT j = P

>>> IF (-FILE GMJ_e2_${i}_${j}_1_.csv)
(Skipped)

>>> END FOREACH

>>> EXPORT j = M

>>> IF (-FILE GMJ_e2_${i}_${j}_1_.csv)
(Skipped)

>>> END FOREACH

>>> END FOREACH

>>> EXPORT i = A

>>> IF (-FILE GMJ_e2_${i}_1_.csv)
(Skipped)

>>> END FOREACH

>>> EXPORT i = C

>>> IF (-FILE GMJ_e2_${i}_1_.csv)

>>> COPY /tmp/H10_2.64/GMJ_RHS_C_1_.csv /home/grierjones/DDCASPT2/hydrogen_comps/rerun/H10_chain/H10_2.64/GMJ_RHS_C_1_.csv

>>> COPY /tmp/H10_2.64/GMJ_IVECW_C_1_.csv /home/grierjones/DDCASPT2/hydrogen_comps/rerun/H10_chain/H10_2.64/GMJ_IVECW_C_1_.csv

>>> COPY /tmp/H10_2.64/GMJ_IVECX_C_1_.csv /home/grierjones/DDCASPT2/hydrogen_comps/rerun/H10_chain/H10_2.64/GMJ_IVECX_C_1_.csv

>>> COPY /tmp/H10_2.64/GMJ_IVECC2_C_1_.csv /home/grierjones/DDCASPT2/hydrogen_comps/rerun/H10_chain/H10_2.64/GMJ_IVECC2_C_1_.csv

>>> COPY /tmp/H10_2.64/GMJ_e2_C_1_.csv /home/grierjones/DDCASPT2/hydrogen_comps/rerun/H10_chain/H10_2.64/GMJ_e2_C_1_.csv

>>> END FOREACH

>>> EXPORT i = D

>>> IF (-FILE GMJ_e2_${i}_1_.csv)
(Skipped)

>>> END FOREACH

.########################.
.# Non-zero return code #.
.########################.

    Timing: Wall=33.17 User=31.76 System=1.40
****************************************
*** WorkDir at /tmp/H10_2.64 cleaned ***
****************************************
