   This run of MOLCAS is using the pymolcas driver

                             OPE
                             OPE          NMOL  CASOP  ENMOLC A   SO
                 OPE        NMOLC        AS  OP EN  MO LC     AS  OP
                OPENM       OL CA        SO  PE NM  OL CA     SOP EN
                OP EN      MO   LC       AS  OP ENMOL  CASO   PENMOL
                OP  EN     MO   LC       AS  OP EN     MO     LC ASO
               OP   E  NMOL  C  AS       OP  EN MO     LC     AS  OP
               OP  E   NMO   LC AS        OPEN  MO     LCASOP EN   M
               O  PEN   MO  LCA  SO
            OPE   NMO   L   CAS    OP
        OPENMOL  CASOP     ENMOL   CASOPE
     OPENMOLCA   SOPENMOLCASOPEN   MOLCASOPE
    OPENMOLCAS   OP           EN   MOL    CAS
    OPENMOLCAS       OP  ENM        O     LCA
    OPENMOLCAS    OPEN  MOLCASO     P  E  NMO
    OPENMOLCAS     OP               E  N  MOL
    OPENMOLCA   SO           PENM   O  L  CAS    OPEN    MO    LCAS
    OPENMOLCA   SOP           ENM   O  L  CAS   OP  EN  MOLC  AS   O
    OPENMOLCA   SOPE           NM      O  LCA   S      OP  EN MO
    OPENMOLC                AS         O  PEN   M      OL  CA  SOPE
    OPENMO        LCASOPE  NMOL        C  ASO   P      ENMOLC     AS
    OPE     NMO      LCA  SO     P     E   NM   OL  CA SO  PE N   MO
          OPENMOLCA            SOPE   NMO        LCAS  O    P  ENMO
     OPENMOLCASOPENMOLCASOPENMOLCASOPENMOLCA
        OPENMOLCASOPENMOLCASOPENMOLCASOPE
            OPENMOLCASOPENMOLCASOPENM
               OPENMOLCASOPENMOLCA        version: f37762c57
                   OPENMOLCASO
                       OPE                tag:

 OpenMolcas is free software; you can redistribute it and/or modify it
 under the terms of the GNU Lesser General Public License version 2.1.
 OpenMolcas is distributed in the hope that it will be useful, but it
 is provided "as is" and without any express or implied warranties.
 For more details see the full text of the license in the file
 LICENSE or in <http://www.gnu.org/licenses/>.

                 Copyright (C) The OpenMolcas Authors
           For the author list and the recommended citation,
                   consult the file CONTRIBUTORS.md

           *************************************************
           * pymolcas version py2.28                       *
           *   build c4a6d18ded8cb6cad61d2372a9abd97c      *
           *   (after the EMIL interpreter by V. Veryazov) *
           *************************************************

configuration info
------------------
C Compiler ID: Intel
C flags: -std=gnu99 -gcc-sys
Fortran Compiler ID: IntelLLVM
Fortran flags: -standard-semantics -fltconsistency -fpp -i8 -heap-arrays
Definitions: _MOLCAS_;_I8_;_LINUX_
Parallel: OFF (GA=OFF)


   ----------------------------------------------------------------------------------------
  |
  |              Project: H12_0.79
  |       Submitted from: /home/grierjones/DDCASPT2/hydrogen_comps/rerun/H12_chain/H12_0.79
  |         Scratch area: /tmp/H12_0.79
  |      Save outputs to: /home/grierjones/DDCASPT2/hydrogen_comps/rerun/H12_chain/H12_0.79
  |               Molcas: /home/grierjones/Test/build
  |
  | Scratch area is empty
  |
  |       MOLCAS_DRIVER = /usr/local/pymolcas
  | MOLCAS_KEEP_WORKDIR = NO
  |  MOLCAS_NEW_WORKDIR = YES
  |       MOLCAS_NPROCS = 1
  |        MOLCAS_PRINT = NORMAL
  |       MOLCAS_SOURCE = /home/grierjones/Test
  |    MOLCAS_STRUCTURE = 0
  |
   ----------------------------------------------------------------------------------------

++ ---------   Input file   ---------

&GATEWAY
coord=H12_0.79.xyz
Basis = ANO-RCC-VDZP
Group = nosymm
End of Input

&SEWARD
End of Input

&SCF

>>> COPY $WorkDir/H12_0.79.scf.h5 $CurrDir/

&RASSCF
Title= RASSCF
FileOrb
/home/grierjones/DDCASPT2/hydrogen_comps/rerun/H12_chain/H12_0.60/H12_0.60.RasOrb
NACTEL
12 0 0
Inactive
0
RAS2
12
Symmetry
1
Spin
1
orblisting
all

>>> COPY $WorkDir/H12_0.79.rasscf.h5 $CurrDir/

>>> COPY $WorkDir/GMJ_Fock_MO.csv $CurrDir/H12_0.79.GMJ_Fock_MO.csv

&MOTRA
Frozen=0
LUMORB

>>> COPY $WorkDir/GMJ_one_int_indx.csv $CurrDir/H12_0.79.GMJ_one_int_indx.csv

>>> COPY $WorkDir/GMJ_one_int.csv $CurrDir/H12_0.79.GMJ_one_int.csv

>>> COPY $WorkDir/GMJ_two_int_indx.csv $CurrDir/H12_0.79.GMJ_two_int_indx.csv

>>> COPY $WorkDir/GMJ_two_int.csv $CurrDir/H12_0.79.GMJ_two_int.csv

&CASPT2
Frozen
0

MAXITER
50

>>> FOREACH i IN (B,E,F,G,H)

  >>> FOREACH j IN (P,M)

    >>> IF (-FILE GMJ_e2_${i}_${j}_1_.csv)

      >>> COPY $WorkDir/GMJ_RHS_${i}_${j}_1_.csv $CurrDir/GMJ_RHS_${i}_${j}_1_.csv

      >>> COPY $WorkDir/GMJ_IVECW_${i}_${j}_1_.csv $CurrDir/GMJ_IVECW_${i}_${j}_1_.csv

      >>> COPY $WorkDir/GMJ_IVECX_${i}_${j}_1_.csv $CurrDir/GMJ_IVECX_${i}_${j}_1_.csv

      >>> COPY $WorkDir/GMJ_IVECC2_${i}_${j}_1_.csv $CurrDir/GMJ_IVECC2_${i}_${j}_1_.csv

      >>> COPY $WorkDir/GMJ_e2_${i}_${j}_1_.csv $CurrDir/GMJ_e2_${i}_${j}_1_.csv

    >>> END IF

  >>> END FOREACH

>>> END FOREACH

>>> FOREACH i IN (A,C,D)

  >>> IF (-FILE GMJ_e2_${i}_1_.csv)

    >>> COPY $WorkDir/GMJ_RHS_${i}_1_.csv $CurrDir/GMJ_RHS_${i}_1_.csv

    >>> COPY $WorkDir/GMJ_IVECW_${i}_1_.csv $CurrDir/GMJ_IVECW_${i}_1_.csv

    >>> COPY $WorkDir/GMJ_IVECX_${i}_1_.csv $CurrDir/GMJ_IVECX_${i}_1_.csv

    >>> COPY $WorkDir/GMJ_IVECC2_${i}_1_.csv $CurrDir/GMJ_IVECC2_${i}_1_.csv

    >>> COPY $WorkDir/GMJ_e2_${i}_1_.csv $CurrDir/GMJ_e2_${i}_1_.csv

  >>> END IF

>>> END FOREACH

-- ----------------------------------

--- Start Module: gateway at Sun Oct 26 15:32:39 2025 ---
 
()()()()()()()()()()()()()()()()()()()()()()()()()()()()()()()()()()()()()()()()()()()()()()()()()()

                                              &GATEWAY

                                   only a single process is used
                       available to each process: 2.0 GB of memory, 1 thread?
()()()()()()()()()()()()()()()()()()()()()()()()()()()()()()()()()()()()()()()()()()()()()()()()()()
 
 
++    Symmetry information:
      ---------------------
 
                    Character Table for C1 
 
                             E  
                    a        1  x, y, xy, Rz, z, xz, Ry, yz, Rx, I
--
 
 
++    Basis set information:
      ----------------------
 
 
      Basis set label: H.ANO-RCC...2S1P.
 
      Electronic valence basis set:
      ------------------
      Associated Effective Charge   1.000000 au
      Associated Actual Charge      1.000000 au
      Nuclear Model: Point charge
 
      Shell  nPrim  nBasis  Cartesian Spherical Contaminant
         s       8       2        X                  
         p       4       1        X                  
--
 
 
++    Molecular structure info:
      -------------------------
 
                    ************************************************ 
                    **** Cartesian Coordinates / Bohr, Angstrom **** 
                    ************************************************ 
 
     Center  Label                x              y              z                     x              y              z
        1      H1               0.000000       0.000000       0.000000              0.000000       0.000000       0.000000
        2      H2               0.000000       0.000000       1.500327              0.000000       0.000000       0.793939
        3      H3               0.000000       0.000000       3.000656              0.000000       0.000000       1.587879
        4      H4               0.000000       0.000000       4.500984              0.000000       0.000000       2.381818
        5      H5               0.000000       0.000000       6.001313              0.000000       0.000000       3.175758
        6      H6               0.000000       0.000000       7.501640              0.000000       0.000000       3.969697
        7      H7               0.000000       0.000000       9.001967              0.000000       0.000000       4.763636
        8      H8               0.000000       0.000000      10.502297              0.000000       0.000000       5.557576
        9      H9               0.000000       0.000000      12.002624              0.000000       0.000000       6.351515
       10      H10              0.000000       0.000000      13.502953              0.000000       0.000000       7.145455
       11      H11              0.000000       0.000000      15.003280              0.000000       0.000000       7.939394
       12      H12              0.000000       0.000000      16.503608              0.000000       0.000000       8.733333
 
                    *************************************** 
                    *    InterNuclear Distances / Bohr    * 
                    *************************************** 
 
               1 H1            2 H2            3 H3            4 H4            5 H5            6 H6    
    1 H1       0.000000
    2 H2       1.500327        0.000000
    3 H3       3.000656        1.500329        0.000000
    4 H4       4.500984        3.000656        1.500327        0.000000
    5 H5       6.001313        4.500986        3.000656        1.500329        0.000000
    6 H6       7.501640        6.001313        4.500984        3.000656        1.500327        0.000000
    7 H7       9.001967        7.501640        6.001311        4.500984        3.000655        1.500327
    8 H8      10.502297        9.001969        7.501640        6.001313        4.500984        3.000656
    9 H9      12.002624       10.502297        9.001967        7.501640        6.001311        4.500984
   10 H10     13.502953       12.002626       10.502297        9.001969        7.501640        6.001313
   11 H11     15.003280       13.502953       12.002624       10.502297        9.001967        7.501640
   12 H12     16.503608       15.003280       13.502951       12.002624       10.502295        9.001967
 
               7 H7            8 H8            9 H9           10 H10          11 H11          12 H12   
    7 H7       0.000000
    8 H8       1.500329        0.000000
    9 H9       3.000656        1.500327        0.000000
   10 H10      4.500986        3.000656        1.500329        0.000000
   11 H11      6.001313        4.500984        3.000656        1.500327        0.000000
   12 H12      7.501640        6.001311        4.500984        3.000655        1.500327        0.000000
 
                    ******************************************* 
                    *    InterNuclear Distances / Angstrom    * 
                    ******************************************* 
 
               1 H1            2 H2            3 H3            4 H4            5 H5            6 H6    
    1 H1       0.000000
    2 H2       0.793939        0.000000
    3 H3       1.587879        0.793940        0.000000
    4 H4       2.381818        1.587879        0.793939        0.000000
    5 H5       3.175758        2.381819        1.587879        0.793940        0.000000
    6 H6       3.969697        3.175758        2.381818        1.587879        0.793939        0.000000
    7 H7       4.763636        3.969697        3.175757        2.381818        1.587878        0.793939
    8 H8       5.557576        4.763637        3.969697        3.175758        2.381818        1.587879
    9 H9       6.351515        5.557576        4.763636        3.969697        3.175757        2.381818
   10 H10      7.145455        6.351516        5.557576        4.763637        3.969697        3.175758
   11 H11      7.939394        7.145455        6.351515        5.557576        4.763636        3.969697
   12 H12      8.733333        7.939394        7.145454        6.351515        5.557575        4.763636
 
               7 H7            8 H8            9 H9           10 H10          11 H11          12 H12   
    7 H7       0.000000
    8 H8       0.793940        0.000000
    9 H9       1.587879        0.793939        0.000000
   10 H10      2.381819        1.587879        0.793940        0.000000
   11 H11      3.175758        2.381818        1.587879        0.793939        0.000000
   12 H12      3.969697        3.175757        2.381818        1.587878        0.793939        0.000000
 
                    ************************************** 
                    *    Valence Bond Angles / Degree    * 
                    ************************************** 
                          Atom centers                 Phi
                      1 H1       2 H2       3 H3       180.00
                      2 H2       3 H3       4 H4       180.00
                      3 H3       4 H4       5 H5       180.00
                      4 H4       5 H5       6 H6       180.00
                      5 H5       6 H6       7 H7       180.00
                      6 H6       7 H7       8 H8       180.00
                      7 H7       8 H8       9 H9       180.00
                      8 H8       9 H9      10 H10      180.00
                      9 H9      10 H10     11 H11      180.00
                     10 H10     11 H11     12 H12      180.00
--
 
 
            Nuclear Potential Energy             16.82200703 au
 
--- Stop Module: gateway at Sun Oct 26 15:32:39 2025 /rc=_RC_ALL_IS_WELL_ ---
*** files: xmldump
    saved to directory /home/grierjones/DDCASPT2/hydrogen_comps/rerun/H12_chain/H12_0.79

--- Start Module: seward at Sun Oct 26 15:32:39 2025 ---
 
()()()()()()()()()()()()()()()()()()()()()()()()()()()()()()()()()()()()()()()()()()()()()()()()()()

                                              &SEWARD

                                   only a single process is used
                       available to each process: 2.0 GB of memory, 1 thread?
()()()()()()()()()()()()()()()()()()()()()()()()()()()()()()()()()()()()()()()()()()()()()()()()()()
 
               SEWARD will generate:
                  Multipole Moment integrals up to order  2
                  Kinetic Energy integrals
                  Nuclear Attraction integrals (point charge)
                  One-Electron Hamiltonian integrals
                  Velocity integrals
                  Relativistic Douglas-Kroll-Hess integrals:
                    - Parametrization         : EXP
                    - DKH order of Hamiltonian: 2
                    - DKH order of Properties : 0
                         - multipole moment operators
                         - electric potential operators
                         - contact operators
                  Atomic mean-field integrals
                  Two-Electron Repulsion integrals
 
                   Integrals are discarded if absolute value <: 0.10E-13
                   Integral cutoff threshold is set to       <: 0.10E-15
 
            Nuclear Potential Energy             16.82200703 au
 
 
      Basis set specifications :
      Symmetry species         a  
      Basis functions           60
 
 
  Input file to MOLDEN was generated!
 
forrtl: warning (525): IEEE_DIVIDE_BY_ZERO is signaling
forrtl: warning (526): IEEE_INVALID is signaling
forrtl: warning (528): IEEE_UNDERFLOW is signaling
--- Stop Module: seward at Sun Oct 26 15:32:41 2025 /rc=_RC_ALL_IS_WELL_ ---
*** files: H12_0.79.GssOrb H12_0.79.guessorb.h5 H12_0.79.guessorb.molden xmldump
    saved to directory /home/grierjones/DDCASPT2/hydrogen_comps/rerun/H12_chain/H12_0.79
--- Module seward spent 1 second ---

*** symbolic link created: INPORB -> H12_0.79.GssOrb
--- Start Module: scf at Sun Oct 26 15:32:41 2025 ---
 
()()()()()()()()()()()()()()()()()()()()()()()()()()()()()()()()()()()()()()()()()()()()()()()()()()

                                                &SCF

                                   only a single process is used
                       available to each process: 2.0 GB of memory, 1 thread?
()()()()()()()()()()()()()()()()()()()()()()()()()()()()()()()()()()()()()()()()()()()()()()()()()()
 
++    Input section:
      --------------
 
      Header of the integral files:
      
       Integrals generated by seward 4.2.0  , Sun Oct 26 15:32:39 2025
 
 
      Cartesian coordinates in Angstrom:
      -----------------------------------------------------
      No.  Label        X            Y            Z        
      -----------------------------------------------------
       1   H1         0.00000000   0.00000000   0.00000000
       2   H2         0.00000000   0.00000000   0.79393900
       3   H3         0.00000000   0.00000000   1.58787900
       4   H4         0.00000000   0.00000000   2.38181800
       5   H5         0.00000000   0.00000000   3.17575800
       6   H6         0.00000000   0.00000000   3.96969700
       7   H7         0.00000000   0.00000000   4.76363600
       8   H8         0.00000000   0.00000000   5.55757600
       9   H9         0.00000000   0.00000000   6.35151500
      10   H10        0.00000000   0.00000000   7.14545500
      11   H11        0.00000000   0.00000000   7.93939400
      12   H12        0.00000000   0.00000000   8.73333300
      -----------------------------------------------------
      Nuclear repulsion energy =   16.82200703
--
 
++    Orbital specifications:
      -----------------------
 
      Symmetry species               1
                                     a
      Frozen orbitals                0
      Occupied orbitals              6
      Secondary orbitals            54
      Deleted orbitals               0
      Total number of orbitals      60
      Number of basis functions     60
--
 
      Molecular charge                           0.000
 
++    Optimization specifications:
      ----------------------------
 
      SCF Algorithm: Conventional
      Minimized density differences are used
      Number of density matrices in core                5
      Maximum number of NDDO SCF iterations           400
      Maximum number of HF SCF iterations             400
      Threshold for SCF energy change            0.10E-08
      Threshold for density matrix               0.10E-03
      Threshold for Fock matrix                  0.15E-03
      Threshold for linear dependence            0.10E-08
      Threshold at which DIIS is turned on       0.15E+00
      Threshold at which QNR/C2DIIS is turned on 0.75E-01
      Threshold for Norm(delta) (QNR/C2DIIS)     0.20E-04
      DIIS extrapolation of the SCF procedure
      All orbitals punched on: SCFORB
--
 
      Input vectors read from INPORB
      Orbital file label: *Guess orbitals
 
 
++ Convergence information
                                   SCF        iterations: Energy and convergence statistics
 
Iter     Tot. SCF        One-elec.       Two-elec.     Energy      Max Dij or  Max Fij      DNorm      TNorm      AccCon     Time
         Energy          Energy          Energy        Change      Delta Norm                                                in Sec.
   1    -6.093056385   -37.921815765    15.006752346   0.00E+00    0.30E+00*   0.21E+00*    0.53E+01   0.27E+02   None         0.
   2    -6.322815456   -38.761140639    15.616318149  -0.23E+00*   0.60E-01*   0.27E-01*    0.28E+01   0.27E+02   EDIIS        0.
   3    -6.331849124   -38.730973225    15.577117067  -0.90E-02*   0.17E-01*   0.70E-02*    0.82E+00   0.27E+02   EDIIS        0.
   4    -6.332433465   -38.743600574    15.589160075  -0.58E-03*   0.60E-02*   0.21E-02*    0.18E+00   0.27E+02   c2DIIS       0.
   5    -6.332505570   -38.743359747    15.588847144  -0.72E-04*   0.15E-02*   0.47E-03*    0.42E-01   0.27E+02   QNRc2DIIS    0.
   6    -6.332509653   -38.744214188    15.589697502  -0.41E-05*   0.11E-02*   0.19E-03*    0.68E-02   0.27E+02   QNRc2DIIS    0.
   7    -6.332510636   -38.744205519    15.589687850  -0.98E-06*   0.53E-04*   0.17E-04     0.16E-02   0.27E+02   QNRc2DIIS    0.
   8    -6.332510639   -38.744178236    15.589660563  -0.38E-08*   0.87E-05    0.26E-05     0.15E-03   0.27E+02   QNRc2DIIS    0.
   9    -6.332510639   -38.744181514    15.589663841  -0.94E-10    0.11E-05    0.28E-06     0.21E-04   0.27E+02   QNRc2DIIS    0.
 
       Convergence after  9 Macro Iterations
--
 
 *****************************************************************************************************************************
 *                                                                                                                           *
 *                                             SCF/KS-DFT Program, Final results                                             *
 *                                                                                                                           *
 *                                                                                                                           *
 *                                                                                                                           *
 *                                                       Final Results                                                       *
 *                                                                                                                           *
 *****************************************************************************************************************************
 
::    Total SCF energy                                 -6.3325106394
      One-electron energy                             -38.7441815144
      Two-electron energy                              15.5896638413
      Nuclear repulsion energy                         16.8220070337
      Kinetic energy (interpolated)                     7.4240020330
      Virial theorem                                    0.8529780314
      Total spin, S(S+1)                                0.0000000000
      Total spin, S                                     0.0000000000
      Max non-diagonal density matrix element           0.0000013577
      Max non-diagonal Fock matrix element              0.0000001046
 
 
      All orbitals with orbital energies smaller than  E(LUMO)+0.5 are printed
 
++    Molecular orbitals:
      -------------------
 
      Title: SCF orbitals

      Molecular orbitals for symmetry species 1: a  
 
          Orbital            1         2         3         4         5         6         7         8         9        10    
          Energy           -0.8739   -0.8210   -0.7344   -0.6131   -0.4589   -0.2810    0.0974    0.1656    0.1789    0.2861
          Occ. No.          2.0000    2.0000    2.0000    2.0000    2.0000    2.0000    0.0000    0.0000    0.0000    0.0000
 
        1 H1     1s         0.0690   -0.1668    0.2536   -0.2979    0.3456   -0.4041    0.9679   -0.3588   -0.9135   -0.7529
        2 H1     2s         0.0182   -0.0377    0.0381   -0.0123    0.0118   -0.0819    0.6592   -0.1219   -0.8671   -0.9210
        3 H1     2px        0.0000   -0.0000    0.0000   -0.0000    0.0000   -0.0000    0.0000    0.0000   -0.0000   -0.0000
        4 H1     2py       -0.0000    0.0000   -0.0000    0.0000   -0.0000    0.0000   -0.0000   -0.0000    0.0000    0.0000
        5 H1     2pz        0.0062   -0.0188    0.0264   -0.0224    0.0130   -0.0055    0.0311   -0.0170   -0.0583   -0.1073
        6 H2     1s         0.0590   -0.1231    0.1700   -0.2356    0.2884   -0.1800   -0.8778    0.1106    1.3580    1.4139
        7 H2     2s        -0.0348    0.0786   -0.1117    0.0697    0.0347   -0.0692   -0.4721    0.1833    0.7155    0.8418
        8 H2     2px        0.0000   -0.0000    0.0000   -0.0000   -0.0000   -0.0000    0.0000    0.0000   -0.0000   -0.0000
        9 H2     2py        0.0000   -0.0000    0.0000    0.0000   -0.0000    0.0000   -0.0000   -0.0000    0.0000    0.0000
       10 H2     2pz        0.0003   -0.0136    0.0118    0.0094   -0.0318    0.0364    0.0132   -0.0238   -0.0715   -0.1662
       11 H3     1s         0.1743   -0.2707    0.2259   -0.0409   -0.2607    0.4935   -0.1972    0.1305   -0.6608   -1.5571
       12 H3     2s        -0.0060    0.0309   -0.0434    0.0275   -0.0480    0.1196    0.0714    0.1795   -0.6143   -1.0530
       13 H3     2px        0.0000   -0.0000    0.0000   -0.0000    0.0000    0.0000   -0.0000    0.0000   -0.0000   -0.0000
       14 H3     2py       -0.0000    0.0000   -0.0000    0.0000    0.0000   -0.0000    0.0000    0.0000    0.0000    0.0000
       15 H3     2pz       -0.0010   -0.0109   -0.0038    0.0284   -0.0334    0.0151    0.0370   -0.0414   -0.0664   -0.1179
       16 H4     1s         0.1743   -0.2451    0.1122    0.1328   -0.3472    0.3188    0.1355   -0.1131    0.0790    0.6998
       17 H4     2s        -0.0459    0.0481   -0.0009   -0.0495   -0.0087    0.1008   -0.0059    0.1409    0.0667    0.5157
       18 H4     2px       -0.0000    0.0000    0.0000   -0.0000    0.0000    0.0000   -0.0000    0.0000   -0.0000   -0.0000
       19 H4     2py        0.0000   -0.0000    0.0000    0.0000   -0.0000    0.0000    0.0000    0.0000   -0.0000    0.0000
       20 H4     2pz       -0.0040   -0.0043   -0.0173    0.0225    0.0079   -0.0359    0.0431   -0.0440   -0.0549   -0.0921
       21 H5     1s         0.2456   -0.1425   -0.1509    0.2586    0.0078   -0.4826    0.6304   -0.3102   -0.1227    0.4712
       22 H5     2s        -0.0283    0.0580    0.0016   -0.0575    0.0393   -0.1266    0.3264    0.0455   -0.2035    0.3014
       23 H5     2px       -0.0000   -0.0000    0.0000   -0.0000    0.0000    0.0000   -0.0000    0.0000   -0.0000   -0.0000
       24 H5     2py       -0.0000    0.0000    0.0000   -0.0000    0.0000   -0.0000    0.0000   -0.0000   -0.0000    0.0000
       25 H5     2pz       -0.0008   -0.0033   -0.0185   -0.0021    0.0337   -0.0238   -0.0193   -0.0135   -0.0393   -0.0821
       26 H6     1s         0.2454   -0.1121   -0.2148    0.2015    0.2337   -0.4111   -0.5280    0.1567    0.5950   -0.3175
       27 H6     2s        -0.0438   -0.0171    0.0689    0.0188   -0.0177   -0.1121   -0.2077    0.2798    0.3339    0.0357
       28 H6     2px       -0.0000    0.0000   -0.0000   -0.0000    0.0000    0.0000   -0.0000    0.0000   -0.0000   -0.0000
       29 H6     2py        0.0000   -0.0000   -0.0000    0.0000   -0.0000   -0.0000    0.0000   -0.0000   -0.0000    0.0000
       30 H6     2pz       -0.0023   -0.0004   -0.0061   -0.0301    0.0176    0.0327   -0.0213    0.0017   -0.0694   -0.0535
       31 H7     1s         0.2454    0.1121   -0.2148   -0.2015    0.2337    0.4111   -0.5280    0.1567   -0.5950   -0.3175
       32 H7     2s        -0.0438    0.0171    0.0689   -0.0188   -0.0177    0.1121   -0.2077    0.2798   -0.3339    0.0357
       33 H7     2px        0.0000   -0.0000    0.0000   -0.0000   -0.0000   -0.0000   -0.0000    0.0000    0.0000    0.0000
       34 H7     2py        0.0000   -0.0000    0.0000    0.0000    0.0000    0.0000   -0.0000    0.0000   -0.0000    0.0000
       35 H7     2pz        0.0023   -0.0004    0.0061   -0.0301   -0.0176    0.0327    0.0213   -0.0017   -0.0694    0.0535
       36 H8     1s         0.2456    0.1425   -0.1509   -0.2586    0.0078    0.4826    0.6304   -0.3102    0.1227    0.4712
       37 H8     2s        -0.0283   -0.0580    0.0016    0.0575    0.0393    0.1266    0.3264    0.0455    0.2035    0.3014
       38 H8     2px        0.0000    0.0000    0.0000    0.0000    0.0000   -0.0000    0.0000   -0.0000   -0.0000   -0.0000
       39 H8     2py        0.0000    0.0000   -0.0000    0.0000    0.0000   -0.0000    0.0000   -0.0000    0.0000    0.0000
       40 H8     2pz        0.0008   -0.0033    0.0185   -0.0021   -0.0337   -0.0238    0.0193    0.0135   -0.0393    0.0821
       41 H9     1s         0.1743    0.2451    0.1122   -0.1328   -0.3472   -0.3188    0.1355   -0.1132   -0.0790    0.6998
       42 H9     2s        -0.0459   -0.0481   -0.0009    0.0495   -0.0087   -0.1008   -0.0059    0.1409   -0.0667    0.5157
       43 H9     2px       -0.0000   -0.0000    0.0000   -0.0000   -0.0000   -0.0000   -0.0000   -0.0000    0.0000   -0.0000
       44 H9     2py        0.0000   -0.0000   -0.0000   -0.0000   -0.0000    0.0000    0.0000    0.0000   -0.0000    0.0000
       45 H9     2pz        0.0040   -0.0043    0.0173    0.0225   -0.0079   -0.0359   -0.0431    0.0440   -0.0549    0.0921
       46 H10    1s         0.1743    0.2707    0.2259    0.0409   -0.2607   -0.4935   -0.1972    0.1305    0.6608   -1.5570
       47 H10    2s        -0.0060   -0.0309   -0.0434   -0.0275   -0.0480   -0.1196    0.0714    0.1795    0.6143   -1.0530
       48 H10    2px       -0.0000    0.0000    0.0000   -0.0000    0.0000    0.0000    0.0000    0.0000    0.0000   -0.0000
       49 H10    2py       -0.0000   -0.0000    0.0000    0.0000   -0.0000    0.0000    0.0000   -0.0000    0.0000    0.0000
       50 H10    2pz        0.0010   -0.0109    0.0038    0.0284    0.0334    0.0151   -0.0370    0.0414   -0.0664    0.1179
       51 H11    1s         0.0590    0.1231    0.1700    0.2356    0.2883    0.1800   -0.8778    0.1106   -1.3580    1.4138
       52 H11    2s        -0.0348   -0.0786   -0.1117   -0.0697    0.0347    0.0692   -0.4721    0.1833   -0.7155    0.8418
       53 H11    2px       -0.0000    0.0000   -0.0000    0.0000    0.0000   -0.0000   -0.0000   -0.0000    0.0000    0.0000
       54 H11    2py       -0.0000   -0.0000   -0.0000    0.0000    0.0000   -0.0000   -0.0000    0.0000   -0.0000    0.0000
       55 H11    2pz       -0.0003   -0.0136   -0.0118    0.0094    0.0318    0.0364   -0.0132    0.0238   -0.0715    0.1662
       56 H12    1s         0.0690    0.1668    0.2536    0.2979    0.3456    0.4041    0.9679   -0.3588    0.9135   -0.7528
       57 H12    2s         0.0182    0.0377    0.0381    0.0123    0.0118    0.0819    0.6592   -0.1219    0.8671   -0.9209
       58 H12    2px        0.0000   -0.0000   -0.0000   -0.0000   -0.0000    0.0000    0.0000    0.0000   -0.0000   -0.0000
       59 H12    2py        0.0000    0.0000    0.0000    0.0000   -0.0000   -0.0000    0.0000   -0.0000    0.0000   -0.0000
       60 H12    2pz       -0.0062   -0.0188   -0.0264   -0.0224   -0.0130   -0.0055   -0.0311    0.0170   -0.0583    0.1073
 
          Orbital           11        12        13        14        15        16        17    
          Energy            0.2915    0.4838    0.4851    0.4851    0.4927    0.5533    0.5533
          Occ. No.          0.0000    0.0000    0.0000    0.0000    0.0000    0.0000    0.0000
 
        1 H1     1s        -1.4949    0.5114   -0.0000   -0.0000    2.0130   -0.0000   -0.0000
        2 H1     2s        -0.9933    0.8401   -0.0000   -0.0000    1.3862   -0.0000   -0.0000
        3 H1     2px        0.0000    0.0000    0.0433    0.0521    0.0000    0.0056   -0.1456
        4 H1     2py       -0.0000   -0.0000   -0.0521    0.0433    0.0000   -0.1456   -0.0056
        5 H1     2pz       -0.0731    0.1674   -0.0000    0.0000    0.0787   -0.0000   -0.0000
        6 H2     1s         1.7513   -0.9936    0.0000    0.0000   -3.1879    0.0000    0.0000
        7 H2     2s         1.3211   -0.7426    0.0000    0.0000   -2.4838    0.0000    0.0000
        8 H2     2px        0.0000    0.0000    0.0695    0.0837    0.0000    0.0079   -0.2072
        9 H2     2py        0.0000   -0.0000   -0.0837    0.0695   -0.0000   -0.2072   -0.0079
       10 H2     2pz       -0.0788    0.2377   -0.0000    0.0000    0.0586   -0.0000   -0.0000
       11 H3     1s        -0.6237    2.0116   -0.0000   -0.0000    1.8083   -0.0000    0.0000
       12 H3     2s        -0.2758    1.2588   -0.0000   -0.0000    0.9729   -0.0000    0.0000
       13 H3     2px        0.0000    0.0000    0.0996    0.1199    0.0000    0.0094   -0.2474
       14 H3     2py       -0.0000   -0.0000   -0.1199    0.0996    0.0000   -0.2474   -0.0094
       15 H3     2pz       -0.0410    0.1100   -0.0000    0.0000   -0.0865   -0.0000    0.0000
       16 H4     1s         0.0365   -2.4042    0.0000   -0.0000   -0.6110    0.0000   -0.0000
       17 H4     2s         0.3899   -1.7283    0.0000   -0.0000   -0.6064    0.0000   -0.0000
       18 H4     2px        0.0000    0.0000    0.1237    0.1489    0.0000    0.0088   -0.2303
       19 H4     2py       -0.0000   -0.0000   -0.1489    0.1237   -0.0000   -0.2303   -0.0088
       20 H4     2pz        0.0303    0.0569   -0.0000    0.0000   -0.1777   -0.0000    0.0000
       21 H5     1s        -0.1229    0.4845   -0.0000    0.0000   -0.4840   -0.0000    0.0000
       22 H5     2s         0.0241    0.1595   -0.0000    0.0000   -0.0816    0.0000    0.0000
       23 H5     2px        0.0000    0.0000    0.1414    0.1702    0.0000    0.0062   -0.1628
       24 H5     2py       -0.0000   -0.0000   -0.1702    0.1414   -0.0000   -0.1628   -0.0062
       25 H5     2pz        0.1155   -0.0105    0.0000    0.0000   -0.1640   -0.0000    0.0000
       26 H6     1s         0.8476    0.7148   -0.0000   -0.0000    0.7432   -0.0000   -0.0000
       27 H6     2s         0.5768    0.2624   -0.0000   -0.0000    0.7078   -0.0000   -0.0000
       28 H6     2px        0.0000    0.0000    0.1506    0.1813    0.0000    0.0022   -0.0589
       29 H6     2py       -0.0000   -0.0000   -0.1813    0.1506   -0.0000   -0.0589   -0.0022
       30 H6     2pz        0.1125   -0.1230    0.0000   -0.0000   -0.0357    0.0000    0.0000
       31 H7     1s        -0.8476   -0.7148    0.0000   -0.0000    0.7432    0.0000   -0.0000
       32 H7     2s        -0.5768   -0.2624    0.0000   -0.0000    0.7078    0.0000   -0.0000
       33 H7     2px        0.0000    0.0000    0.1506    0.1813    0.0000   -0.0022    0.0589
       34 H7     2py       -0.0000   -0.0000   -0.1813    0.1506   -0.0000    0.0589    0.0022
       35 H7     2pz        0.1125   -0.1230    0.0000   -0.0000    0.0357    0.0000   -0.0000
       36 H8     1s         0.1229   -0.4845    0.0000    0.0000   -0.4840    0.0000   -0.0000
       37 H8     2s        -0.0241   -0.1595    0.0000    0.0000   -0.0816    0.0000   -0.0000
       38 H8     2px        0.0000    0.0000    0.1414    0.1702    0.0000   -0.0062    0.1628
       39 H8     2py        0.0000   -0.0000   -0.1702    0.1414   -0.0000    0.1628    0.0062
       40 H8     2pz        0.1155   -0.0105   -0.0000   -0.0000    0.1640    0.0000   -0.0000
       41 H9     1s        -0.0366    2.4042   -0.0000    0.0000   -0.6110   -0.0000    0.0000
       42 H9     2s        -0.3899    1.7283   -0.0000    0.0000   -0.6064   -0.0000    0.0000
       43 H9     2px        0.0000    0.0000    0.1237    0.1489    0.0000   -0.0088    0.2303
       44 H9     2py       -0.0000   -0.0000   -0.1489    0.1237   -0.0000    0.2303    0.0088
       45 H9     2pz        0.0303    0.0568   -0.0000   -0.0000    0.1777    0.0000   -0.0000
       46 H10    1s         0.6238   -2.0117    0.0000   -0.0000    1.8083    0.0000   -0.0000
       47 H10    2s         0.2758   -1.2588    0.0000   -0.0000    0.9728    0.0000   -0.0000
       48 H10    2px        0.0000    0.0000    0.0996    0.1199    0.0000   -0.0094    0.2474
       49 H10    2py        0.0000   -0.0000   -0.1199    0.0996   -0.0000    0.2474    0.0094
       50 H10    2pz       -0.0410    0.1100   -0.0000   -0.0000    0.0865   -0.0000   -0.0000
       51 H11    1s        -1.7513    0.9937   -0.0000    0.0000   -3.1879   -0.0000    0.0000
       52 H11    2s        -1.3212    0.7426   -0.0000    0.0000   -2.4838   -0.0000    0.0000
       53 H11    2px       -0.0000    0.0000    0.0695    0.0837    0.0000   -0.0079    0.2072
       54 H11    2py       -0.0000   -0.0000   -0.0837    0.0695   -0.0000    0.2072    0.0079
       55 H11    2pz       -0.0789    0.2377   -0.0000    0.0000   -0.0586   -0.0000    0.0000
       56 H12    1s         1.4949   -0.5115    0.0000   -0.0000    2.0130    0.0000   -0.0000
       57 H12    2s         0.9933   -0.8401    0.0000   -0.0000    1.3862    0.0000   -0.0000
       58 H12    2px        0.0000    0.0000    0.0433    0.0521    0.0000   -0.0056    0.1456
       59 H12    2py        0.0000   -0.0000   -0.0521    0.0433   -0.0000    0.1456    0.0056
       60 H12    2pz       -0.0731    0.1674   -0.0000    0.0000   -0.0787   -0.0000    0.0000
--
 
 
++    Molecular charges:
      ------------------
 
      Mulliken charges per centre and basis function type
      ---------------------------------------------------
 
                H1      H2      H3      H4      H5      H6      H7      H8      H9      H10     H11     H12   
      1s       1.2047  0.7361  1.0495  0.9100  0.9624  0.9568  0.9568  0.9624  0.9100  1.0495  0.7361  1.2047
      2s       0.0072  0.0025 -0.0872 -0.0389 -0.0254 -0.0304 -0.0304 -0.0254 -0.0389 -0.0872  0.0025  0.0072
      2px      0.0000  0.0000  0.0000  0.0000  0.0000  0.0000  0.0000  0.0000  0.0000  0.0000  0.0000  0.0000
      2pz      0.0302  0.0742  0.0662  0.0624  0.0584  0.0614  0.0614  0.0584  0.0624  0.0662  0.0742  0.0302
      2py      0.0000  0.0000 -0.0000  0.0000 -0.0000  0.0000  0.0000  0.0000  0.0000  0.0000  0.0000  0.0000
      Total    1.2421  0.8128  1.0285  0.9336  0.9953  0.9878  0.9878  0.9953  0.9336  1.0285  0.8128  1.2421
 
      N-E     -0.2421  0.1872 -0.0285  0.0664  0.0047  0.0122  0.0122  0.0047  0.0664 -0.0285  0.1872 -0.2421
 
      Total electronic charge=   12.000000
 
      Total            charge=   -0.000000
--
 
 
  Input file to MOLDEN was generated!
 
 
++    Static properties:
      ------------------
 
 
      LoProp Charges per center
 

                   H1       H2       H3       H4       H5       H6       H7       H8       H9       H10   
      Nuclear      1.0000   1.0000   1.0000   1.0000   1.0000   1.0000   1.0000   1.0000   1.0000   1.0000
      Electronic  -1.0938  -0.9638  -0.9958  -0.9698  -0.9936  -0.9832  -0.9832  -0.9936  -0.9698  -0.9958
 
      Total       -0.0938   0.0362   0.0042   0.0302   0.0064   0.0168   0.0168   0.0064   0.0302   0.0042
 

                   H11      H12   
      Nuclear      1.0000   1.0000
      Electronic  -0.9638  -1.0938
 
      Total        0.0362  -0.0938
--
 
 
++    Natural Bond Order analysis
      ---------------------------
      Based on LoProp computed density
      -------------------------------------------------------------------------------------
      Atom A       Atom B       Bond Order | Atom A       Atom B       Bond Order
        H1           H2             0.973  |   H9           H10            0.934
        H11          H12            0.973  |   H5           H6             0.924
        H3           H4             0.934  |   H7           H8             0.924
      -------------------------------------------------------------------------------------
      NBO located     11.325 electrons involved in    6 bonds.
      The remaining    0.675 electrons are to be considered as diffuse
--
 
 
++    Molecular properties:
      ---------------------
 
      Charge (e):
                      =   -0.0000
      Dipole Moment (Debye):
      Origin of the operator (Ang)=    0.0000    0.0000    0.0000
                   X= -2.5448E-13               Y=  1.8954E-13               Z= -6.3428E-06           Total=  6.3428E-06
      Quadrupole Moment (Debye*Ang):
      Origin of the operator (Ang)=    0.0000    0.0000    4.3667
                  XX= -1.1664E+01              XY=  2.2716E-27              XZ=  1.0475E-12              YY= -1.1664E+01
                  YZ= -8.5262E-13              ZZ= -2.5738E+01
      In traceless form (Debye*Ang)
                  XX=  7.0372E+00              XY=  3.4074E-27              XZ=  1.5713E-12              YY=  7.0372E+00
                  YZ= -1.2789E-12              ZZ= -1.4074E+01
--
 
 
  Input file to MOLDEN was generated!
 
 ###############################################################################
 ###############################################################################
 ###                                                                         ###
 ###                                                                         ###
 ###    RunFile label nBas                                                   ###
 ###    was used       78 times                                              ###
 ###                                                                         ###
 ###                                                                         ###
 ###############################################################################
 ###############################################################################
forrtl: warning (528): IEEE_UNDERFLOW is signaling
--- Stop Module: scf at Sun Oct 26 15:32:41 2025 /rc=_RC_ALL_IS_WELL_ ---
*** files: H12_0.79.LprOrb H12_0.79.LoProp.molden H12_0.79.scf.molden H12_0.79.ScfOrb H12_0.79.scf.h5 xmldump
    saved to directory /home/grierjones/DDCASPT2/hydrogen_comps/rerun/H12_chain/H12_0.79

>>> COPY /tmp/H12_0.79/H12_0.79.scf.h5 /home/grierjones/DDCASPT2/hydrogen_comps/rerun/H12_chain/H12_0.79/

*** symbolic link created: INPORB -> H12_0.79.ScfOrb
--- Start Module: rasscf at Sun Oct 26 15:32:41 2025 ---
 
()()()()()()()()()()()()()()()()()()()()()()()()()()()()()()()()()()()()()()()()()()()()()()()()()()

                                              &RASSCF

                                   only a single process is used
                       available to each process: 2.0 GB of memory, 1 thread?
()()()()()()()()()()()()()()()()()()()()()()()()()()()()()()()()()()()()()()()()()()()()()()()()()()
 
 
      Header of the ONEINT file:
      --------------------------
      
      Integrals generated by seward 4.2.0  , Sun Oct 26 15:32:39 2025
 
 
      OrdInt status: non-squared
 
 
      Cartesian coordinates in Angstrom:
      -----------------------------------------------------
      No.  Label        X            Y            Z        
      -----------------------------------------------------
       1   H1         0.00000000   0.00000000   0.00000000
       2   H2         0.00000000   0.00000000   0.79393900
       3   H3         0.00000000   0.00000000   1.58787900
       4   H4         0.00000000   0.00000000   2.38181800
       5   H5         0.00000000   0.00000000   3.17575800
       6   H6         0.00000000   0.00000000   3.96969700
       7   H7         0.00000000   0.00000000   4.76363600
       8   H8         0.00000000   0.00000000   5.55757600
       9   H9         0.00000000   0.00000000   6.35151500
      10   H10        0.00000000   0.00000000   7.14545500
      11   H11        0.00000000   0.00000000   7.93939400
      12   H12        0.00000000   0.00000000   8.73333300
      -----------------------------------------------------
      Nuclear repulsion energy =   16.82200703
 
++    Wave function specifications:
      -----------------------------
 
      Number of closed shell electrons           0
      Number of electrons in active shells      12
      Max number of holes in RAS1 space          0
      Max nr of electrons in RAS3 space          0
      Number of inactive orbitals                0
      Number of active orbitals                 12
      Number of secondary orbitals              48
      Spin quantum number                      0.0
      State symmetry                             1
--
 
++    Orbital specifications:
      -----------------------
 
      Symmetry species                           1
                                                 a
      Frozen orbitals                            0
      Inactive orbitals                          0
      Active orbitals                           12
      RAS1 orbitals                              0
      RAS2 orbitals                             12
      RAS3 orbitals                              0
      Secondary orbitals                        48
      Deleted orbitals                           0
      Number of basis functions                 60
--
 
++    CI expansion specifications:
      ----------------------------
 
      Number of CSFs                        226512
      Number of determinants                427350
      Number of root(s) required                 1
      Root chosen for geometry opt.              1
      CI root used                               1
         
      highest root included in the CI            1
      max. size of the explicit Hamiltonian    200
--
 
++    Optimization specifications:
      ----------------------------
 
      RASSCF algorithm: Conventional
      Maximum number of macro iterations       200
      Maximum number of SX iterations          100
      Threshold for RASSCF energy            0.100E-07
      Threshold for max MO rotation          0.100E+00
      Threshold for max BLB element          0.100E-03
      Level shift parameter                  0.500E+00
      Make Quasi-Newton update
--
 
      The MO-coefficients are taken from the file:
      /home/grierjones/DDCASPT2/hydrogen_comps/rerun/H12_chain/H12_0.60/H12_0.60.RasOrb                                               
      Title: RASSCF average (pseudo-natural) orbitals                                      
 
      Total molecular charge    0.00
 
      ************************************************************************************************************************
      *                                                                                                                      *
      *                                            Wave function control section                                             *
      *                                                                                                                      *
      ************************************************************************************************************************
 
 
                                         RASSCF iterations: Energy and convergence statistics
                                         ----------------------------------------------------
 
      Iter CI   SX   CI       RASSCF       Energy    max ROT     max BLB   max BLB  Level Ln srch  Step   QN   Walltime
          iter iter root      energy       change     param      element    value   shift minimum  type update hh:mm:ss
 Nr of preliminary CI iterations:   5
        1   1  100    1    -6.29271114    0.00E+00   0.68E-01    2  56 1  0.68E+00*  0.12   0.00    SX    NO    0:00:27
        2   4   22    1    -6.42191368   -0.13E+00* -0.54E-01    2  14 1 -0.60E-01*  0.10   0.00    SX    NO    0:00:15
        3   3   14    1    -6.43186919   -0.10E-01* -0.42E-01    2  14 1 -0.17E-01*  0.09   0.00    SX    NO    0:00:10
        4   3   14    1    -6.43344961   -0.16E-02* -0.28E-01    6  24 1 -0.57E-02*  0.09   0.00    SX    NO    0:00:11
        5   4   14    1    -6.43392802   -0.48E-03* -0.34E-01    6  24 1 -0.29E-02*  0.09   2.45    LS   YES    0:00:16
        6   4   13    1    -6.43419000   -0.26E-03* -0.13E-01    2  14 1  0.29E-02*  0.09   1.22    QN   YES    0:00:16
        7   4   12    1    -6.43424274   -0.53E-04* -0.67E-02    2  14 1  0.15E-02*  0.09   1.55    LS   YES    0:00:15
        8   4   12    1    -6.43425050   -0.78E-05* -0.24E-02    1  13 1  0.81E-03*  0.09   1.04    QN   YES    0:00:16
        9   4   11    1    -6.43425635   -0.59E-05* -0.13E-02    6  45 1 -0.25E-03*  0.09   1.54    LS   YES    0:00:16
       10   4   11    1    -6.43425717   -0.82E-06* -0.11E-02    2  14 1 -0.43E-03*  0.09   1.01    QN   YES    0:00:16
       11   4   10    1    -6.43425813   -0.96E-06* -0.13E-02    2  14 1 -0.21E-03*  0.09   2.15    LS   YES    0:00:16
       12   4   10    1    -6.43425851   -0.38E-06* -0.32E-03    4  21 1 -0.73E-04   0.09   1.00    QN   YES    0:00:16
       13   3    9    1    -6.43425857   -0.57E-07* -0.38E-03    4  21 1 -0.22E-04   0.09   2.19    LS   YES    0:00:13
       14   3    8    1    -6.43425859   -0.24E-07* -0.29E-03    6  52 1 -0.62E-04   0.09   1.00    QN   YES    0:00:13
       15   3    8    1    -6.43425862   -0.24E-07* -0.17E-02    6  52 1 -0.25E-04   0.09   2.50    QN   YES    0:00:11
       16   5    9    1    -6.43425879   -0.17E-06* -0.20E-01    6  52 1  0.12E-03*  0.09   2.50    QN   YES    0:00:15
       17   7   13    1    -6.43425623    0.26E-05* -0.94E-02    6  52 1  0.17E-02*  0.09   0.17    SX   YES    0:00:22
       18   5   12    1    -6.43429696   -0.41E-04* -0.13E-01    6  52 1  0.69E-03*  0.09   2.50    LS   YES    0:00:15
       19   5   12    1    -6.43437804   -0.81E-04* -0.18E-01    6  52 1 -0.76E-03*  0.09   2.50    LS   YES    0:00:12
       20   4   13    1    -6.43453159   -0.15E-03*  0.44E-01    6  52 1 -0.27E-02*  0.09   2.50    QN   YES    0:00:13
       21   5   14    1    -6.43423974    0.29E-03* -0.18E+00*   6  52 1 -0.62E-02*  0.09  -0.50    QN   YES    0:00:18
       22   6   15    1    -6.43537228   -0.11E-02* -0.83E-01    6  52 1  0.74E-02*  0.09   1.89    SX   YES    0:00:20
       23   5   15    1    -6.43834536   -0.30E-02* -0.74E-01    6  45 1  0.42E-02*  0.09   2.50    LS   YES    0:00:18
       24   4   15    1    -6.44134457   -0.30E-02* -0.70E-01   11  20 1  0.25E-02*  0.09   2.50    LS   YES    0:00:15
       25   4   15    1    -6.44398256   -0.26E-02*  0.18E+00*   6  52 1 -0.47E-02*  0.09   2.50    QN   YES    0:00:12
       26   5   34    1    -6.44084743    0.31E-02* -0.83E-01    6  45 1 -0.20E-01*  0.10  -0.08    LS   YES    0:00:13
       27   4   15    1    -6.44283232   -0.20E-02* -0.94E-01    6  45 1 -0.12E-01*  0.10   2.43    QN   YES    0:00:13
       28   5   15    1    -6.44513941   -0.23E-02* -0.86E-01    6  52 1 -0.67E-02*  0.10   1.99    QN   YES    0:00:18
       29   4   15    1    -6.44769207   -0.26E-02* -0.85E-01    6  52 1 -0.56E-02*  0.10   2.11    QN   YES    0:00:15
       30   4   15    1    -6.45015407   -0.25E-02* -0.12E+00*   6  52 1 -0.25E-02*  0.10   2.49    QN   YES    0:00:16
       31   5   16    1    -6.45297677   -0.28E-02* -0.76E-01   11  45 1  0.24E-02*  0.10   1.47    QN   YES    0:00:17
       32   4   22    1    -6.45418340   -0.12E-02* -0.58E-01    6  52 1  0.34E-02*  0.10   1.53    QN   YES    0:00:15
       33   4   17    1    -6.45538328   -0.12E-02* -0.80E-01    6  52 1  0.49E-02*  0.10   2.50    QN   YES    0:00:16
       34   4   15    1    -6.45738949   -0.20E-02* -0.70E-01    6  52 1  0.41E-02*  0.10   2.26    QN   YES    0:00:16
       35   4   16    1    -6.45903261   -0.16E-02* -0.62E-01    6  52 1  0.58E-02*  0.10   1.86    QN   YES    0:00:15
       36   3   15    1    -6.45995052   -0.92E-03*  0.36E-01    6  54 1  0.26E-02*  0.10   1.16    QN   YES    0:00:13
       37   3   14    1    -6.46028767   -0.34E-03*  0.12E-01    6  45 1  0.16E-02*  0.10   1.09    QN   YES    0:00:12
       38   3   13    1    -6.46034713   -0.59E-04*  0.61E-02    6  52 1  0.65E-03*  0.10   1.53    LS   YES    0:00:10
       39   3   13    1    -6.46035527   -0.81E-05*  0.44E-02    6  60 1 -0.22E-03*  0.10   1.06    QN   YES    0:00:12
       40   4   13    1    -6.46036204   -0.68E-05*  0.15E-02    6  52 1 -0.35E-03*  0.10   0.96    QN   YES    0:00:16
       41   3   11    1    -6.46036367   -0.16E-05* -0.59E-03    6  45 1 -0.11E-03*  0.10   1.08    QN   YES    0:00:13
       42   3    9    1    -6.46036383   -0.16E-06* -0.24E-03    6  45 1 -0.37E-04   0.10   1.41    LS   YES    0:00:13
       43   2    8    1    -6.46036385   -0.15E-07*  0.16E-03    5  59 1 -0.14E-04   0.10   1.00    QN   YES    0:00:11
       44   2    7    1    -6.46036386   -0.10E-07*  0.77E-04    6  24 1  0.40E-05   0.10   1.35    QN   YES    0:00:11
       45   1    5    1    -6.46036386   -0.12E-08   0.62E-05    6  45 1  0.17E-05   0.10   1.03    QN   YES    0:00:09
      Convergence after 45 iterations
 
  Dmat in MO in SXCTL bf call to SXHAM                                                                                    
  mat. size =    12x   12
 
        1.9887476876280075
       -0.0000004097023111      1.9850177979640506
       -0.0033375392095335      0.0000005720764618      1.9823594391863091
        0.0000001914295469      0.0040727276205855     -0.0000003407796271      1.9718856384825043
        0.0006878421177458     -0.0000002082731016     -0.0065677382154426     -0.0000003203416440      1.9551576350617097
        0.0000011507349923      0.0115778077849686     -0.0000012972859346     -0.0105971727161705      0.0000002109798794
        1.8980851247988300
       -0.0295061813666290     -0.0000037352115154     -0.0243527724271421     -0.0000038773252105     -0.0182472313411695
        0.0000140908103551      0.0259247718630720
       -0.0000053557385878     -0.0321740854008384      0.0000081022629343      0.0255162031123228      0.0000120198969936
        0.0576611211842740     -0.0000046439999602      0.0193993605360453
        0.0057673734412506     -0.0000036948752321      0.0001760809573158     -0.0000020556554128     -0.0298112468825751
        0.0000078609398374      0.0081739382936125      0.0000026321541028      0.1001643666536329
        0.0000075033062107      0.0522642593328292     -0.0000134059687201     -0.0350202107850311      0.0000042371706615
       -0.1524003360730938     -0.0000035750241280      0.0033537625599062     -0.0000037161436633      0.0583696060264195
       -0.0006512102827444      0.0009916387852800     -0.0001517801443696      0.0011619988120935     -0.0007004914077750
       -0.0015599428563355     -0.0018769930205371      0.0012128198219919     -0.0018279568112120      0.0007195202050484
        0.0074919524549339
        0.0006732592518164      0.0010251207245362      0.0000772002378679      0.0011583572969707      0.0010269188194215
       -0.0014705361100162      0.0018847756877338      0.0012786976614326      0.0020140153982683      0.0007316424748103
       -0.0014996528744337      0.0073966193456397
       46   1    5    1    -6.46036386   -0.47E-10   0.62E-05    6  45 1  0.39E-06   0.10   1.03    QN   YES    0:00:10
 
      ************************************************************************************************************************
                                                      Wave function printout:
                       occupation of active orbitals, and spin coupling of open shells (u,d: Spin up or down)
      ************************************************************************************************************************
 
      Note: transformation to natural orbitals
      has been made, which may change the order of the CSFs.
 
      printout of CI-coefficients larger than  0.05 for root  1
      energy=      -6.460364
      conf/sym  111111111111     Coeff  Weight
             1  222222000000   0.95024 0.90296
            43  222220002000  -0.15241 0.02323
            67  2222ud00ud00  -0.09040 0.00817
            83  222u2du0d000   0.05766 0.00332
           169  222202002000  -0.05656 0.00320
           484  2222uu00dd00   0.08153 0.00665
 
      Natural orbitals and occupation numbers for root  1
      sym 1:   1.990661   1.987824   1.982634   1.973402   1.954391   1.911011   0.024523   0.014109   0.100607   0.046731
               0.008483   0.005623
 
      ************************************************************************************************************************
      *                                                                                                                      *
      *                                                    Final results                                                     *
      *                                                                                                                      *
      ************************************************************************************************************************
 
 
++    Wave function specifications:
      -----------------------------
 
      Number of closed shell electrons           0
      Number of electrons in active shells      12
      Max number of holes in RAS1 space          0
      Max nr of electrons in RAS3 space          0
      Number of inactive orbitals                0
      Number of active orbitals                 12
      Number of secondary orbitals              48
      Spin quantum number                      0.0
      State symmetry                             1
--
 
++    Orbital specifications:
      -----------------------
 
      Symmetry species                           1
                                                 a
      Frozen orbitals                            0
      Inactive orbitals                          0
      Active orbitals                           12
      RAS1 orbitals                              0
      RAS2 orbitals                             12
      RAS3 orbitals                              0
      Secondary orbitals                        48
      Deleted orbitals                           0
      Number of basis functions                 60
--
 
++    CI expansion specifications:
      ----------------------------
 
      Number of CSFs                        226512
      Number of determinants                427350
      Number of root(s) required                 1
      CI root used                               1
      highest root included in the CI            1
      Root passed to geometry opt.               1
--
 
++    Final optimization conditions:
      ------------------------------
 
      Average CI energy                              -6.46036386
      RASSCF energy for state  1                     -6.46036386
      Super-CI energy                                -0.00000000
      RASSCF energy change                            0.00000000
      Max change in MO coefficients               0.617E-04
      Max non-diagonal density matrix element     0.625E-05
      Maximum BLB matrix element                  0.388E-06
      (orbital pair   6,  45 in symmetry   1)
      Norm of electronic gradient            0.154E-05
--
 
 
      Final state energy(ies):
      ------------------------
 
::    RASSCF root number  1 Total energy:     -6.46036386
 
++    Molecular orbitals:
      -------------------
 
      Pseudonatural active orbitals and approximate occupation numbers
 
 
 
 
      Molecular orbitals for symmetry species 1: a  
 
 
      Orbital                1         2         3         4         5         6         7         8         9        10
      Energy            0.0000    0.0000    0.0000    0.0000    0.0000    0.0000    0.0000    0.0000    0.0000    0.0000
      Occ. No.          1.9907    1.9878    1.9826    1.9734    1.9544    1.9110    0.0245    0.0141    0.1006    0.0467
 
    1 H1     1s         0.0814    0.1949    0.2799   -0.3243    0.3261   -0.3887    0.5353    0.6201   -0.3570   -0.4548
    2 H1     2s         0.0193    0.0411    0.0409   -0.0198    0.0081   -0.0749   -0.0427    0.0522    0.0527    0.0532
    3 H1     2px       -0.0000   -0.0000   -0.0000    0.0000   -0.0000    0.0000   -0.0000   -0.0000    0.0000    0.0000
    4 H1     2py        0.0000    0.0000    0.0000   -0.0000    0.0000   -0.0000    0.0000    0.0000   -0.0000   -0.0000
    5 H1     2pz        0.0064    0.0190    0.0255   -0.0194    0.0079    0.0013   -0.0581   -0.0642    0.0239    0.0424
    6 H2     1s         0.0726    0.1431    0.1831   -0.2203    0.2430   -0.1327   -0.5637   -1.0057   -0.0289    0.2273
    7 H2     2s        -0.0365   -0.0834   -0.1173    0.0791    0.0176   -0.0600    0.1134   -0.0899   -0.1343   -0.1577
    8 H2     2px        0.0000    0.0000    0.0000   -0.0000    0.0000   -0.0000   -0.0000   -0.0000    0.0000    0.0000
    9 H2     2py       -0.0000   -0.0000   -0.0000    0.0000   -0.0000   -0.0000    0.0000    0.0000   -0.0000   -0.0000
   10 H2     2pz        0.0001    0.0127    0.0109    0.0113   -0.0313    0.0380   -0.0101    0.0417    0.0571    0.0440
   11 H3     1s         0.1729    0.2639    0.2143   -0.0103   -0.2414    0.4902   -0.0888    0.8062    0.5939    0.5381
   12 H3     2s        -0.0117   -0.0346   -0.0387    0.0182   -0.0193    0.0986   -0.1865    0.0353    0.0850    0.1792
   13 H3     2px       -0.0000   -0.0000   -0.0000   -0.0000    0.0000   -0.0000   -0.0000   -0.0000   -0.0000   -0.0000
   14 H3     2py        0.0000    0.0000    0.0000   -0.0000    0.0000    0.0000   -0.0000    0.0000    0.0000    0.0000
   15 H3     2pz       -0.0031    0.0075   -0.0067    0.0301   -0.0326    0.0114    0.0838    0.0567   -0.0204   -0.0644
   16 H4     1s         0.1774    0.2219    0.0579    0.1953   -0.3568    0.2792    0.8618   -0.0726   -0.2950   -0.8323
   17 H4     2s        -0.0434   -0.0532   -0.0131   -0.0355    0.0012    0.0820    0.2946    0.1217   -0.0101   -0.1611
   18 H4     2px        0.0000    0.0000    0.0000    0.0000   -0.0000    0.0000    0.0000   -0.0000   -0.0000   -0.0000
   19 H4     2py       -0.0000   -0.0000   -0.0000   -0.0000    0.0000   -0.0000   -0.0000    0.0000    0.0000    0.0000
   20 H4     2pz       -0.0041    0.0054   -0.0149    0.0200    0.0072   -0.0373   -0.0828   -0.0976   -0.0478    0.0092
   21 H5     1s         0.2374    0.1500   -0.1416    0.2221   -0.0096   -0.4763   -1.1080   -0.9686   -0.4432    0.2484
   22 H5     2s        -0.0303   -0.0434    0.0178   -0.0798    0.0300   -0.0989   -0.3088   -0.4108    0.0120    0.0990
   23 H5     2px        0.0000    0.0000    0.0000    0.0000   -0.0000    0.0000   -0.0000   -0.0000   -0.0000   -0.0000
   24 H5     2py        0.0000    0.0000    0.0000    0.0000   -0.0000   -0.0000   -0.0000    0.0000   -0.0000    0.0000
   25 H5     2pz       -0.0023    0.0044   -0.0142   -0.0052    0.0361   -0.0217   -0.0157    0.0787    0.0375    0.0783
   26 H6     1s         0.2438    0.0929   -0.2106    0.1599    0.2595   -0.3940    0.5182    1.7195    0.3655    0.4955
   27 H6     2s        -0.0415    0.0076    0.0669    0.0016   -0.0249   -0.0890    0.1315    0.7072   -0.0131    0.0063
   28 H6     2px       -0.0000   -0.0000    0.0000   -0.0000   -0.0000    0.0000   -0.0000   -0.0000   -0.0000   -0.0000
   29 H6     2py       -0.0000   -0.0000    0.0000   -0.0000   -0.0000   -0.0000   -0.0000    0.0000   -0.0000    0.0000
   30 H6     2pz       -0.0013    0.0033   -0.0051   -0.0263    0.0201    0.0346    0.0688   -0.0415    0.0479   -0.0464
   31 H7     1s         0.2438   -0.0929   -0.2106   -0.1599    0.2595    0.3940    0.5182   -1.7195    0.3655   -0.4955
   32 H7     2s        -0.0415   -0.0076    0.0669   -0.0016   -0.0249    0.0890    0.1315   -0.7072   -0.0131   -0.0063
   33 H7     2px        0.0000   -0.0000   -0.0000   -0.0000    0.0000    0.0000    0.0000    0.0000    0.0000    0.0000
   34 H7     2py        0.0000   -0.0000   -0.0000   -0.0000    0.0000    0.0000   -0.0000   -0.0000   -0.0000   -0.0000
   35 H7     2pz        0.0013    0.0033    0.0051   -0.0263   -0.0201    0.0346   -0.0688   -0.0415   -0.0479   -0.0464
   36 H8     1s         0.2374   -0.1500   -0.1416   -0.2221   -0.0096    0.4763   -1.1080    0.9686   -0.4432   -0.2484
   37 H8     2s        -0.0303    0.0434    0.0178    0.0798    0.0300    0.0989   -0.3088    0.4108    0.0120   -0.0990
   38 H8     2px       -0.0000    0.0000   -0.0000    0.0000    0.0000   -0.0000    0.0000    0.0000    0.0000    0.0000
   39 H8     2py        0.0000    0.0000   -0.0000    0.0000    0.0000    0.0000   -0.0000   -0.0000    0.0000   -0.0000
   40 H8     2pz        0.0023    0.0044    0.0142   -0.0052   -0.0361   -0.0217    0.0157    0.0787   -0.0375    0.0783
   41 H9     1s         0.1774   -0.2219    0.0579   -0.1953   -0.3568   -0.2792    0.8618    0.0727   -0.2950    0.8323
   42 H9     2s        -0.0434    0.0532   -0.0131    0.0355    0.0012   -0.0820    0.2946   -0.1217   -0.0101    0.1611
   43 H9     2px        0.0000   -0.0000    0.0000   -0.0000   -0.0000   -0.0000    0.0000    0.0000   -0.0000    0.0000
   44 H9     2py       -0.0000    0.0000   -0.0000    0.0000    0.0000    0.0000   -0.0000   -0.0000    0.0000   -0.0000
   45 H9     2pz        0.0041    0.0054    0.0149    0.0200   -0.0072   -0.0373    0.0828   -0.0976    0.0478    0.0092
   46 H10    1s         0.1729   -0.2639    0.2143    0.0103   -0.2414   -0.4902   -0.0888   -0.8063    0.5939   -0.5381
   47 H10    2s        -0.0117    0.0346   -0.0387   -0.0182   -0.0193   -0.0986   -0.1865   -0.0353    0.0850   -0.1792
   48 H10    2px       -0.0000    0.0000   -0.0000   -0.0000    0.0000    0.0000    0.0000    0.0000   -0.0000    0.0000
   49 H10    2py        0.0000   -0.0000    0.0000   -0.0000   -0.0000   -0.0000    0.0000   -0.0000    0.0000   -0.0000
   50 H10    2pz        0.0031    0.0075    0.0067    0.0301    0.0326    0.0114   -0.0838    0.0567    0.0204   -0.0644
   51 H11    1s         0.0726   -0.1431    0.1831    0.2203    0.2430    0.1327   -0.5637    1.0057   -0.0289   -0.2273
   52 H11    2s        -0.0365    0.0834   -0.1173   -0.0791    0.0176    0.0600    0.1134    0.0899   -0.1343    0.1577
   53 H11    2px        0.0000   -0.0000    0.0000    0.0000    0.0000   -0.0000   -0.0000    0.0000    0.0000   -0.0000
   54 H11    2py       -0.0000    0.0000   -0.0000   -0.0000   -0.0000   -0.0000    0.0000   -0.0000   -0.0000    0.0000
   55 H11    2pz       -0.0001    0.0127   -0.0109    0.0113    0.0313    0.0380    0.0101    0.0417   -0.0571    0.0440
   56 H12    1s         0.0814   -0.1948    0.2799    0.3243    0.3261    0.3887    0.5353   -0.6202   -0.3570    0.4548
   57 H12    2s         0.0193   -0.0411    0.0409    0.0198    0.0081    0.0749   -0.0427   -0.0523    0.0527   -0.0532
   58 H12    2px       -0.0000    0.0000   -0.0000   -0.0000   -0.0000   -0.0000   -0.0000    0.0000    0.0000   -0.0000
   59 H12    2py        0.0000   -0.0000    0.0000    0.0000    0.0000    0.0000    0.0000   -0.0000   -0.0000    0.0000
   60 H12    2pz       -0.0064    0.0190   -0.0255   -0.0194   -0.0079    0.0013    0.0581   -0.0642   -0.0239    0.0424
 
 
      Orbital               11        12        13        14        15        16        17        18        19        20
      Energy            0.0000    0.0000    0.1628    0.2268    0.3147    0.4545    0.4899    0.4899    0.5576    0.5576
      Occ. No.          0.0085    0.0056    0.0000    0.0000    0.0000    0.0000    0.0000    0.0000    0.0000    0.0000
 
    1 H1     1s         0.6702   -0.5534   -0.1661   -0.1900   -0.3238    1.0253   -0.0000   -0.0000    0.0000   -0.0000
    2 H1     2s         0.1307   -0.1903    0.0125    0.1516   -0.6694    1.2420   -0.0000   -0.0000    0.0000    0.0000
    3 H1     2px       -0.0000    0.0000    0.0000    0.0000   -0.0000    0.0000   -0.0583   -0.0365   -0.0920   -0.1145
    4 H1     2py        0.0000   -0.0000   -0.0000   -0.0000    0.0000   -0.0000   -0.0365    0.0583   -0.1145    0.0920
    5 H1     2pz       -0.0597    0.0374   -0.0029    0.0354   -0.1375    0.2484    0.0000   -0.0000    0.0000    0.0000
    6 H2     1s        -1.4793    1.4346    0.0568    0.1322    0.2090   -0.8061    0.0000    0.0001   -0.0000    0.0001
    7 H2     2s        -0.4423    0.6210    0.1663    0.2992   -0.0011   -0.6390    0.0000    0.0000   -0.0000    0.0000
    8 H2     2px       -0.0000    0.0000    0.0000    0.0000   -0.0000    0.0000   -0.0930   -0.0581   -0.1303   -0.1622
    9 H2     2py        0.0000   -0.0000   -0.0000   -0.0000    0.0000   -0.0000   -0.0581    0.0930   -0.1622    0.1303
   10 H2     2pz        0.0712   -0.0668   -0.0186    0.0380   -0.1746    0.2828    0.0000   -0.0000    0.0000    0.0000
   11 H3     1s         2.0994   -2.4805   -0.1134   -0.0684   -0.2180    0.3365   -0.0000   -0.0000    0.0000   -0.0001
   12 H3     2s         0.7606   -1.1891    0.0838    0.1912   -0.3125    0.1973   -0.0000   -0.0000    0.0000   -0.0001
   13 H3     2px       -0.0000    0.0000    0.0000    0.0000   -0.0000    0.0000   -0.1328   -0.0830   -0.1551   -0.1931
   14 H3     2py        0.0000   -0.0000   -0.0000   -0.0000    0.0000   -0.0000   -0.0830    0.1328   -0.1931    0.1551
   15 H3     2pz       -0.0033    0.0410   -0.0299    0.0407   -0.1477    0.1629    0.0000    0.0000   -0.0000    0.0000
   16 H4     1s        -2.2018    3.4644   -0.0079    0.0718    0.1593   -0.4857    0.0000    0.0000   -0.0000    0.0001
   17 H4     2s        -0.9072    1.8083    0.1789    0.2315    0.1612   -0.6687    0.0000    0.0000   -0.0000    0.0000
   18 H4     2px       -0.0000    0.0000    0.0000    0.0000   -0.0000    0.0000   -0.1642   -0.1027   -0.1438   -0.1790
   19 H4     2py        0.0000   -0.0000   -0.0000   -0.0000    0.0000   -0.0000   -0.1027    0.1642   -0.1790    0.1438
   20 H4     2pz       -0.0208   -0.0521   -0.0242    0.0758   -0.1636    0.0835    0.0000    0.0000   -0.0000    0.0000
   21 H5     1s         1.6285   -4.1650   -0.0682   -0.0323    0.0235   -0.2679   -0.0000   -0.0000    0.0000   -0.0001
   22 H5     2s         0.6929   -2.2176    0.1575    0.1177    0.1422   -0.3760   -0.0000   -0.0000    0.0000   -0.0001
   23 H5     2px       -0.0000   -0.0000    0.0000    0.0000   -0.0000    0.0000   -0.1872   -0.1171   -0.1016   -0.1264
   24 H5     2py        0.0000    0.0000   -0.0000   -0.0000    0.0000    0.0000   -0.1171    0.1872   -0.1264    0.1016
   25 H5     2pz        0.0773    0.0169   -0.0180    0.0949   -0.0990   -0.0726    0.0000    0.0000   -0.0000   -0.0000
   26 H6     1s        -0.6003    4.4563   -0.0444   -0.0142    0.1495   -0.0939    0.0000   -0.0000   -0.0000    0.0001
   27 H6     2s        -0.2381    2.3633    0.1839    0.0374    0.3164   -0.1966    0.0000   -0.0000    0.0000    0.0000
   28 H6     2px        0.0000   -0.0000   -0.0000    0.0000   -0.0000    0.0000   -0.1991   -0.1245   -0.0367   -0.0457
   29 H6     2py       -0.0000    0.0000   -0.0000    0.0000    0.0000    0.0000   -0.1245    0.1991   -0.0457    0.0367
   30 H6     2pz       -0.0929   -0.0319   -0.0055    0.1125   -0.0473   -0.1460   -0.0000    0.0000   -0.0000   -0.0000
   31 H7     1s        -0.6003   -4.4563   -0.0444    0.0142    0.1495    0.0939   -0.0000    0.0001   -0.0000   -0.0001
   32 H7     2s        -0.2382   -2.3633    0.1839   -0.0374    0.3164    0.1966   -0.0000    0.0000    0.0000   -0.0000
   33 H7     2px        0.0000    0.0000    0.0000   -0.0000   -0.0000   -0.0000   -0.1991   -0.1245    0.0367    0.0457
   34 H7     2py       -0.0000   -0.0000    0.0000    0.0000    0.0000    0.0000   -0.1245    0.1991    0.0457   -0.0367
   35 H7     2pz        0.0929   -0.0319    0.0055    0.1125    0.0474   -0.1460   -0.0000   -0.0000    0.0000   -0.0000
   36 H8     1s         1.6286    4.1650   -0.0682    0.0323    0.0236    0.2679    0.0000   -0.0001    0.0000    0.0001
   37 H8     2s         0.6929    2.2176    0.1575   -0.1176    0.1422    0.3761    0.0000   -0.0001    0.0000    0.0001
   38 H8     2px       -0.0000    0.0000    0.0000   -0.0000   -0.0000   -0.0000   -0.1872   -0.1171    0.1016    0.1264
   39 H8     2py        0.0000    0.0000   -0.0000    0.0000    0.0000    0.0000   -0.1171    0.1872    0.1264   -0.1016
   40 H8     2pz       -0.0773    0.0169    0.0180    0.0949    0.0990   -0.0726   -0.0000   -0.0000    0.0000   -0.0000
   41 H9     1s        -2.2018   -3.4644   -0.0078   -0.0718    0.1593    0.4856    0.0000    0.0001   -0.0000   -0.0001
   42 H9     2s        -0.9072   -1.8083    0.1790   -0.2315    0.1611    0.6687    0.0000    0.0001   -0.0000   -0.0000
   43 H9     2px       -0.0000   -0.0000    0.0000   -0.0000   -0.0000   -0.0000   -0.1642   -0.1027    0.1438    0.1790
   44 H9     2py        0.0000    0.0000   -0.0000    0.0000    0.0000    0.0000   -0.1027    0.1642    0.1790   -0.1438
   45 H9     2pz        0.0208   -0.0521    0.0242    0.0758    0.1636    0.0835   -0.0000   -0.0000    0.0000    0.0000
   46 H10    1s         2.0994    2.4804   -0.1135    0.0685   -0.2180   -0.3365   -0.0000   -0.0001    0.0000    0.0001
   47 H10    2s         0.7606    1.1891    0.0838   -0.1912   -0.3125   -0.1973   -0.0000   -0.0000    0.0000    0.0001
   48 H10    2px       -0.0000   -0.0000    0.0000   -0.0000   -0.0000   -0.0000   -0.1328   -0.0830    0.1551    0.1931
   49 H10    2py        0.0000    0.0000   -0.0000    0.0000    0.0000    0.0000   -0.0830    0.1328    0.1931   -0.1551
   50 H10    2pz        0.0033    0.0410    0.0299    0.0407    0.1477    0.1629    0.0000   -0.0000    0.0000    0.0000
   51 H11    1s        -1.4793   -1.4346    0.0569   -0.1323    0.2089    0.8060    0.0000    0.0001   -0.0000   -0.0001
   52 H11    2s        -0.4423   -0.6210    0.1663   -0.2992   -0.0012    0.6390    0.0000    0.0000   -0.0000   -0.0000
   53 H11    2px       -0.0000   -0.0000    0.0000   -0.0000   -0.0000   -0.0000   -0.0930   -0.0581    0.1303    0.1622
   54 H11    2py        0.0000    0.0000   -0.0000    0.0000    0.0000    0.0000   -0.0581    0.0930    0.1622   -0.1303
   55 H11    2pz       -0.0713   -0.0668    0.0186    0.0380    0.1746    0.2828    0.0000   -0.0000   -0.0000    0.0000
   56 H12    1s         0.6702    0.5534   -0.1661    0.1901   -0.3237   -1.0252   -0.0000   -0.0000    0.0000    0.0000
   57 H12    2s         0.1307    0.1903    0.0125   -0.1516   -0.6694   -1.2420   -0.0000   -0.0000    0.0000   -0.0000
   58 H12    2px       -0.0000   -0.0000    0.0000   -0.0000   -0.0000   -0.0000   -0.0583   -0.0365    0.0920    0.1145
   59 H12    2py        0.0000    0.0000   -0.0000    0.0000    0.0000    0.0000   -0.0365    0.0583    0.1145   -0.0920
   60 H12    2pz        0.0597    0.0374    0.0029    0.0354    0.1375    0.2484    0.0000   -0.0000   -0.0000    0.0000
 
 
      Orbital               21        22        23        24        25        26        27        28        29        30
      Energy            0.6295    0.6641    0.6641    0.8099    0.8099    0.8755    0.9965    0.9965    1.1190    1.2260
      Occ. No.          0.0000    0.0000    0.0000    0.0000    0.0000    0.0000    0.0000    0.0000    0.0000    0.0000
 
    1 H1     1s        -1.9571   -0.0000    0.0001   -0.0000    0.0000    2.4513   -0.0000   -0.0000   -2.5515   -0.0000
    2 H1     2s        -1.8197   -0.0000    0.0001   -0.0000   -0.0000    2.0521   -0.0000   -0.0000   -1.9370   -0.0000
    3 H1     2px       -0.0000    0.1594   -0.1704   -0.2342   -0.2193   -0.0000    0.3841   -0.1142    0.0000   -0.3215
    4 H1     2py        0.0000    0.1704    0.1594    0.2193   -0.2342    0.0000   -0.1142   -0.3841    0.0000   -0.3356
    5 H1     2pz       -0.3031   -0.0000    0.0000   -0.0000   -0.0000    0.3012    0.0000    0.0000   -0.2038   -0.0000
    6 H2     1s         2.2163    0.0000   -0.0000    0.0000   -0.0000   -3.6626    0.0000    0.0000    5.0417    0.0000
    7 H2     2s         1.9812    0.0000   -0.0001    0.0000   -0.0000   -3.2821    0.0000    0.0000    4.3524    0.0000
    8 H2     2px       -0.0000    0.1829   -0.1955   -0.1875   -0.1756   -0.0000    0.1495   -0.0444    0.0000    0.0230
    9 H2     2py        0.0000    0.1955    0.1829    0.1756   -0.1875    0.0000   -0.0444   -0.1495   -0.0000    0.0240
   10 H2     2pz       -0.2763   -0.0000    0.0000   -0.0000   -0.0000    0.1602    0.0000   -0.0000    0.0300   -0.0000
   11 H3     1s        -0.6395   -0.0000   -0.0000   -0.0000   -0.0000    1.0906   -0.0000   -0.0000   -2.4976   -0.0000
   12 H3     2s        -0.2354   -0.0000   -0.0000   -0.0000    0.0000    0.6516   -0.0000   -0.0000   -1.9997   -0.0000
   13 H3     2px       -0.0000    0.1442   -0.1542   -0.0221   -0.0207   -0.0000   -0.2195    0.0652    0.0000    0.2982
   14 H3     2py        0.0000    0.1542    0.1442    0.0207   -0.0221    0.0000    0.0652    0.2195   -0.0000    0.3113
   15 H3     2pz        0.0150    0.0000    0.0000    0.0000   -0.0000   -0.2326    0.0000    0.0000    0.3777    0.0000
   16 H4     1s         1.0234    0.0000    0.0000    0.0000    0.0000   -0.6352    0.0000    0.0000   -0.4008   -0.0000
   17 H4     2s         1.0091    0.0000   -0.0000    0.0000    0.0000   -0.3591    0.0000    0.0000   -0.7671   -0.0000
   18 H4     2px       -0.0000    0.0336   -0.0360    0.1679    0.1572    0.0000   -0.3402    0.1011    0.0000    0.0976
   19 H4     2py       -0.0000    0.0360    0.0336   -0.1572    0.1679   -0.0000    0.1011    0.3402   -0.0000    0.1019
   20 H4     2pz        0.1221    0.0000   -0.0000    0.0000    0.0000   -0.2048   -0.0000   -0.0000    0.0009    0.0000
   21 H5     1s        -0.4435   -0.0000   -0.0000   -0.0000   -0.0000    1.7107   -0.0000   -0.0000   -1.5312   -0.0000
   22 H5     2s        -0.4510   -0.0000   -0.0000   -0.0000   -0.0000    1.7644   -0.0000   -0.0000   -1.3512   -0.0000
   23 H5     2px        0.0000   -0.0925    0.0989    0.2241    0.2098    0.0000   -0.0546    0.0162    0.0000   -0.2656
   24 H5     2py       -0.0000   -0.0989   -0.0925   -0.2098    0.2241   -0.0000    0.0162    0.0546    0.0000   -0.2773
   25 H5     2pz        0.2262    0.0000   -0.0000   -0.0000    0.0000   -0.0300   -0.0000   -0.0000   -0.2641   -0.0000
   26 H6     1s        -0.3943    0.0000    0.0001    0.0000   -0.0000   -0.0170    0.0000    0.0000    1.7483    0.0000
   27 H6     2s        -0.6022    0.0000    0.0001    0.0000   -0.0000    0.1841    0.0000    0.0000    1.7149    0.0000
   28 H6     2px        0.0000   -0.1749    0.1870    0.1022    0.0957    0.0000    0.2941   -0.0874   -0.0000   -0.1948
   29 H6     2py       -0.0000   -0.1870   -0.1749   -0.0957    0.1022   -0.0000   -0.0874   -0.2941    0.0000   -0.2034
   30 H6     2pz        0.0678   -0.0000   -0.0000   -0.0000    0.0000    0.2373    0.0000   -0.0000   -0.2294   -0.0000
   31 H7     1s        -0.3943   -0.0000    0.0000   -0.0000    0.0000    0.0169    0.0000   -0.0000    1.7483    0.0000
   32 H7     2s        -0.6022   -0.0000    0.0000   -0.0000    0.0000   -0.1841    0.0000   -0.0000    1.7148    0.0000
   33 H7     2px        0.0000   -0.1749    0.1870   -0.1022   -0.0957   -0.0000    0.2941   -0.0874   -0.0000    0.1948
   34 H7     2py       -0.0000   -0.1870   -0.1749    0.0957   -0.1022   -0.0000   -0.0874   -0.2941   -0.0000    0.2034
   35 H7     2pz       -0.0678   -0.0000    0.0000   -0.0000   -0.0000    0.2373    0.0000   -0.0000    0.2294    0.0000
   36 H8     1s        -0.4434    0.0000    0.0000    0.0000   -0.0000   -1.7106   -0.0000    0.0000   -1.5312   -0.0000
   37 H8     2s        -0.4510    0.0000    0.0000    0.0000   -0.0000   -1.7643   -0.0000    0.0000   -1.3512   -0.0000
   38 H8     2px        0.0000   -0.0925    0.0989   -0.2241   -0.2098   -0.0000   -0.0546    0.0162   -0.0000    0.2656
   39 H8     2py       -0.0000   -0.0989   -0.0925    0.2098   -0.2241    0.0000    0.0162    0.0546   -0.0000    0.2773
   40 H8     2pz       -0.2262   -0.0000    0.0000    0.0000   -0.0000   -0.0300    0.0000    0.0000    0.2641    0.0000
   41 H9     1s         1.0234   -0.0000   -0.0000   -0.0000    0.0000    0.6351    0.0000   -0.0000   -0.4008   -0.0000
   42 H9     2s         1.0091   -0.0000   -0.0000   -0.0000    0.0000    0.3590    0.0000   -0.0000   -0.7671   -0.0000
   43 H9     2px        0.0000    0.0336   -0.0360   -0.1679   -0.1572   -0.0000   -0.3402    0.1011    0.0000   -0.0976
   44 H9     2py        0.0000    0.0360    0.0336    0.1572   -0.1679    0.0000    0.1011    0.3402   -0.0000   -0.1019
   45 H9     2pz       -0.1221    0.0000    0.0000    0.0000   -0.0000   -0.2048    0.0000   -0.0000   -0.0009    0.0000
   46 H10    1s        -0.6394    0.0000   -0.0000    0.0000   -0.0000   -1.0906   -0.0000   -0.0000   -2.4976   -0.0000
   47 H10    2s        -0.2353    0.0000   -0.0000    0.0000   -0.0000   -0.6516   -0.0000   -0.0000   -1.9997   -0.0000
   48 H10    2px       -0.0000    0.1442   -0.1542    0.0221    0.0207    0.0000   -0.2195    0.0652    0.0000   -0.2982
   49 H10    2py        0.0000    0.1542    0.1442   -0.0207    0.0221   -0.0000    0.0652    0.2195   -0.0000   -0.3113
   50 H10    2pz       -0.0150    0.0000   -0.0000    0.0000    0.0000   -0.2326   -0.0000   -0.0000   -0.3777   -0.0000
   51 H11    1s         2.2163   -0.0000   -0.0001   -0.0000    0.0000    3.6626    0.0000    0.0000    5.0417    0.0000
   52 H11    2s         1.9812   -0.0000   -0.0001   -0.0000    0.0000    3.2821    0.0000    0.0000    4.3524    0.0000
   53 H11    2px       -0.0000    0.1829   -0.1955    0.1875    0.1756    0.0000    0.1495   -0.0444    0.0000   -0.0230
   54 H11    2py        0.0000    0.1955    0.1829   -0.1756    0.1875   -0.0000   -0.0444   -0.1495   -0.0000   -0.0240
   55 H11    2pz        0.2763    0.0000   -0.0000   -0.0000    0.0000    0.1602   -0.0000   -0.0000   -0.0300    0.0000
   56 H12    1s        -1.9571    0.0000    0.0001    0.0000   -0.0000   -2.4513   -0.0000   -0.0000   -2.5515   -0.0000
   57 H12    2s        -1.8197   -0.0000    0.0001    0.0000   -0.0000   -2.0521   -0.0000   -0.0000   -1.9370   -0.0000
   58 H12    2px       -0.0000    0.1594   -0.1704    0.2342    0.2193    0.0000    0.3841   -0.1142   -0.0000    0.3215
   59 H12    2py        0.0000    0.1704    0.1594   -0.2193    0.2342   -0.0000   -0.1142   -0.3841   -0.0000    0.3356
   60 H12    2pz        0.3031    0.0000   -0.0000   -0.0000    0.0000    0.3012   -0.0000   -0.0000    0.2038    0.0000
 
 
      Orbital               31        32        33        34        35        36        37        38        39        40
      Energy            1.2260    1.4016    1.5062    1.5062    1.6991    1.8362    1.8362    2.0337    2.1558    2.2297
      Occ. No.          0.0000    0.0000    0.0000    0.0000    0.0000    0.0000    0.0000    0.0000    0.0000    0.0000
 
    1 H1     1s         0.0000   -2.4836   -0.0000    0.0000   -2.0478   -0.0000   -0.0000    1.1507   -1.8977    0.0000
    2 H1     2s         0.0000   -1.7921    0.0000    0.0000   -1.4386   -0.0000   -0.0000    0.8288   -1.2741    0.0000
    3 H1     2px       -0.3356    0.0000   -0.3321    0.3887    0.0000    0.3152   -0.4306   -0.0000    0.0000    0.4214
    4 H1     2py        0.3215    0.0000    0.3887    0.3321   -0.0000   -0.4306   -0.3152    0.0000    0.0000   -0.3085
    5 H1     2pz       -0.0000   -0.1116    0.0000    0.0000    0.0592   -0.0000   -0.0000   -0.3541   -0.9640    0.0000
    6 H2     1s        -0.0000    6.3183    0.0000   -0.0000    6.7887   -0.0000    0.0000   -5.7660    2.8772   -0.0000
    7 H2     2s        -0.0000    5.2486    0.0000   -0.0000    5.4703   -0.0000    0.0000   -4.6203    2.0062   -0.0000
    8 H2     2px        0.0240    0.0000    0.1878   -0.2199   -0.0000   -0.3323    0.4541    0.0000   -0.0000   -0.6388
    9 H2     2py       -0.0230   -0.0000   -0.2199   -0.1878   -0.0000    0.4541    0.3323   -0.0000   -0.0000    0.4677
   10 H2     2pz       -0.0000    0.1946    0.0000   -0.0000    0.2903   -0.0000    0.0000   -0.3052    0.0498    0.0000
   11 H3     1s         0.0000   -5.2286   -0.0000    0.0000   -8.5463    0.0000   -0.0000   10.8484   -0.1199    0.0000
   12 H3     2s         0.0000   -4.3905   -0.0000    0.0000   -7.0399    0.0000   -0.0000    8.7324   -0.0811    0.0000
   13 H3     2px        0.3113    0.0000    0.2817   -0.3298    0.0000   -0.0938    0.1281   -0.0000   -0.0000    0.2763
   14 H3     2py       -0.2982   -0.0000   -0.3298   -0.2817    0.0000    0.1281    0.0938    0.0000    0.0000   -0.2023
   15 H3     2pz       -0.0000    0.3334   -0.0000   -0.0000    0.1866   -0.0000    0.0000   -0.0249   -0.2805   -0.0000
   16 H4     1s        -0.0000   -0.2639    0.0000    0.0000    2.7913   -0.0001   -0.0000   -9.2607   -3.2554   -0.0000
   17 H4     2s        -0.0000   -0.5391    0.0000    0.0000    2.2290   -0.0000   -0.0000   -7.5952   -2.7574   -0.0000
   18 H4     2px        0.1019    0.0000   -0.2089    0.2445    0.0000    0.3801   -0.5193   -0.0000   -0.0000    0.3457
   19 H4     2py       -0.0976    0.0000    0.2445    0.2089   -0.0000   -0.5193   -0.3801    0.0000    0.0000   -0.2531
   20 H4     2pz        0.0000   -0.3054   -0.0000    0.0000   -0.4681    0.0000   -0.0000    0.2752    0.0729    0.0000
   21 H5     1s         0.0001    1.0275   -0.0000   -0.0000    3.7538    0.0001    0.0000    1.0384    4.5493    0.0000
   22 H5     2s         0.0000    1.1428   -0.0000   -0.0000    3.3290    0.0000    0.0000    0.8964    3.6816    0.0000
   23 H5     2px       -0.2773    0.0000   -0.2626    0.3074    0.0000   -0.1263    0.1725    0.0000   -0.0000   -0.6332
   24 H5     2py        0.2656    0.0000    0.3074    0.2626   -0.0000    0.1725    0.1263    0.0000    0.0000    0.4636
   25 H5     2pz       -0.0000   -0.2260    0.0000    0.0000    0.2400   -0.0000    0.0000   -0.5110   -0.3209    0.0000
   26 H6     1s        -0.0001    3.1047    0.0000    0.0000   -2.8878   -0.0001   -0.0000    6.8018   -2.0523   -0.0000
   27 H6     2s        -0.0000    2.7473   -0.0000   -0.0000   -2.4961   -0.0000   -0.0000    5.4745   -1.6930   -0.0000
   28 H6     2px       -0.2034   -0.0000    0.2373   -0.2778   -0.0000   -0.3058    0.4179    0.0000    0.0000    0.3110
   29 H6     2py        0.1948   -0.0000   -0.2778   -0.2373    0.0000    0.4179    0.3058   -0.0000   -0.0000   -0.2277
   30 H6     2pz       -0.0000    0.2624    0.0000   -0.0000    0.2645    0.0000    0.0000    0.2208    0.4125   -0.0000
   31 H7     1s         0.0001   -3.1047   -0.0000   -0.0000   -2.8878    0.0000   -0.0000   -6.8018   -2.0520    0.0000
   32 H7     2s         0.0000   -2.7474   -0.0000   -0.0000   -2.4961    0.0000   -0.0000   -5.4745   -1.6928    0.0000
   33 H7     2px        0.2034   -0.0000    0.2373   -0.2778   -0.0000    0.3058   -0.4179   -0.0000    0.0000    0.3110
   34 H7     2py       -0.1948   -0.0000   -0.2778   -0.2373    0.0000   -0.4179   -0.3058    0.0000   -0.0000   -0.2277
   35 H7     2pz       -0.0000    0.2624   -0.0000   -0.0000   -0.2645    0.0000   -0.0000    0.2208   -0.4125    0.0000
   36 H8     1s        -0.0001   -1.0275   -0.0000    0.0000    3.7538   -0.0000    0.0000   -1.0383    4.5493   -0.0000
   37 H8     2s        -0.0000   -1.1428   -0.0000    0.0000    3.3290   -0.0000    0.0000   -0.8962    3.6815   -0.0000
   38 H8     2px        0.2773    0.0000   -0.2626    0.3074    0.0000    0.1263   -0.1725    0.0000   -0.0000   -0.6332
   39 H8     2py       -0.2656    0.0000    0.3074    0.2626   -0.0000   -0.1725   -0.1263    0.0000    0.0000    0.4636
   40 H8     2pz       -0.0000   -0.2260   -0.0000    0.0000   -0.2400   -0.0000   -0.0000   -0.5110    0.3209   -0.0000
   41 H9     1s         0.0000    0.2639    0.0000   -0.0000    2.7912    0.0000    0.0000    9.2606   -3.2557   -0.0000
   42 H9     2s         0.0000    0.5391    0.0000   -0.0000    2.2290    0.0000    0.0000    7.5952   -2.7576   -0.0000
   43 H9     2px       -0.1019    0.0000   -0.2089    0.2445    0.0000   -0.3801    0.5193    0.0000   -0.0000    0.3457
   44 H9     2py        0.0976    0.0000    0.2445    0.2089   -0.0000    0.5193    0.3801   -0.0000    0.0000   -0.2531
   45 H9     2pz        0.0000   -0.3054    0.0000    0.0000    0.4681    0.0000    0.0000    0.2752   -0.0729   -0.0000
   46 H10    1s        -0.0000    5.2286   -0.0000   -0.0000   -8.5463   -0.0000   -0.0000  -10.8485   -0.1195    0.0000
   47 H10    2s        -0.0000    4.3905   -0.0000   -0.0000   -7.0399   -0.0000   -0.0000   -8.7325   -0.0808    0.0000
   48 H10    2px       -0.3113   -0.0000    0.2817   -0.3298    0.0000    0.0938   -0.1281    0.0000    0.0000    0.2763
   49 H10    2py        0.2982   -0.0000   -0.3298   -0.2817    0.0000   -0.1281   -0.0938   -0.0000    0.0000   -0.2023
   50 H10    2pz       -0.0000    0.3334   -0.0000   -0.0000   -0.1866   -0.0000   -0.0000   -0.0249    0.2805   -0.0000
   51 H11    1s         0.0000   -6.3183    0.0000    0.0000    6.7887    0.0000    0.0000    5.7661    2.8769   -0.0000
   52 H11    2s         0.0000   -5.2487    0.0000    0.0000    5.4703    0.0000    0.0000    4.6204    2.0059   -0.0000
   53 H11    2px       -0.0240   -0.0000    0.1878   -0.2199    0.0000    0.3323   -0.4541    0.0000   -0.0000   -0.6388
   54 H11    2py        0.0230   -0.0000   -0.2199   -0.1878    0.0000   -0.4541   -0.3323    0.0000    0.0000    0.4677
   55 H11    2pz       -0.0000    0.1946   -0.0000   -0.0000   -0.2903   -0.0000   -0.0000   -0.3052   -0.0498    0.0000
   56 H12    1s        -0.0000    2.4836   -0.0000   -0.0000   -2.0478   -0.0000   -0.0000   -1.1507   -1.8976    0.0000
   57 H12    2s        -0.0000    1.7922   -0.0000   -0.0000   -1.4386    0.0000   -0.0000   -0.8289   -1.2741    0.0000
   58 H12    2px        0.3356    0.0000   -0.3321    0.3887    0.0000   -0.3152    0.4306    0.0000    0.0000    0.4214
   59 H12    2py       -0.3215    0.0000    0.3887    0.3321   -0.0000    0.4306    0.3152   -0.0000   -0.0000   -0.3085
   60 H12    2pz       -0.0000   -0.1116   -0.0000    0.0000   -0.0591   -0.0000    0.0000   -0.3541    0.9640   -0.0000
 
 
      Orbital               41        42        43        44        45        46        47        48        49        50
      Energy            2.2297    2.3400    2.5766    2.6873    2.6873    2.8458    3.1773    3.1773    3.2549    3.3683
      Occ. No.          0.0000    0.0000    0.0000    0.0000    0.0000    0.0000    0.0000    0.0000    0.0000    0.0000
 
    1 H1     1s         0.0000    3.1902   -2.2053   -0.0000   -0.0000   -2.7322   -0.0000   -0.0000    0.9652    2.9181
    2 H1     2s         0.0000    2.0555   -1.5431   -0.0000   -0.0000   -1.4914   -0.0000   -0.0000    0.8514    1.4228
    3 H1     2px        0.3085    0.0000    0.0000    0.1981   -0.4268    0.0000    0.3222    0.1764    0.0000    0.0000
    4 H1     2py        0.4214   -0.0000   -0.0000   -0.4268   -0.1981    0.0000   -0.1764    0.3222   -0.0000   -0.0000
    5 H1     2pz        0.0000    1.1382   -0.1852   -0.0000   -0.0000   -0.9616   -0.0000   -0.0000   -0.1520    0.9195
    6 H2     1s        -0.0000   -7.4015    8.4064    0.0000    0.0000    6.4478    0.0000    0.0000   -5.6517   -6.9160
    7 H2     2s        -0.0000   -5.2321    6.4041    0.0000    0.0000    4.0349    0.0000    0.0000   -4.5137   -4.1524
    8 H2     2px       -0.4677   -0.0000   -0.0000   -0.3797    0.8180   -0.0000   -0.7169   -0.3926   -0.0000   -0.0000
    9 H2     2py       -0.6388    0.0000    0.0000    0.8180    0.3797   -0.0000    0.3926   -0.7169    0.0000    0.0000
   10 H2     2pz       -0.0000   -0.2030    0.4197    0.0000    0.0000   -0.0454    0.0000   -0.0000   -0.4807    0.2971
   11 H3     1s         0.0000    8.0993  -16.0806   -0.0000   -0.0000   -8.2542   -0.0000   -0.0000   14.3124    9.4458
   12 H3     2s         0.0000    6.0987  -12.4984   -0.0000   -0.0000   -5.6928   -0.0000   -0.0000   10.9474    6.6774
   13 H3     2px        0.2023    0.0000    0.0000    0.3619   -0.7796    0.0000    0.9508    0.5206    0.0000    0.0000
   14 H3     2py        0.2763   -0.0000   -0.0000   -0.7796   -0.3619    0.0000   -0.5206    0.9508   -0.0000   -0.0000
   15 H3     2pz        0.0000    0.3967   -0.4185   -0.0000   -0.0000   -0.0777   -0.0000    0.0000    0.5396   -0.2259
   16 H4     1s        -0.0000   -5.2967   19.8967    0.0000    0.0000    8.4133    0.0000   -0.0000  -23.8749  -11.3364
   17 H4     2s        -0.0000   -3.7184   15.5244    0.0000    0.0000    5.7862    0.0000   -0.0000  -18.0948   -8.5208
   18 H4     2px        0.2531    0.0000    0.0000   -0.1407    0.3031   -0.0000   -0.9392   -0.5143   -0.0000   -0.0000
   19 H4     2py        0.3457   -0.0000   -0.0000    0.3031    0.1407    0.0000    0.5143   -0.9392    0.0000    0.0000
   20 H4     2pz        0.0000    0.0699    0.2022    0.0000    0.0000   -0.4403    0.0000   -0.0000   -0.6302    0.6353
   21 H5     1s        -0.0000    0.0883  -16.4668   -0.0000   -0.0000   -6.0813   -0.0000    0.0000   31.9376   11.9349
   22 H5     2s        -0.0000   -0.3113  -12.8677   -0.0000   -0.0000   -4.2918   -0.0000    0.0000   24.0130    9.6471
   23 H5     2px       -0.4636   -0.0000   -0.0000   -0.1600    0.3447   -0.0000    0.6832    0.3741    0.0000    0.0000
   24 H5     2py       -0.6332    0.0000   -0.0000    0.3447    0.1600    0.0000   -0.3741    0.6832   -0.0000   -0.0000
   25 H5     2pz       -0.0000   -0.0550    0.0785    0.0000    0.0000    0.5682   -0.0000    0.0000    0.4331   -0.4631
   26 H6     1s         0.0000    3.7042    6.3779    0.0000    0.0000    2.2646    0.0000   -0.0000  -36.4519  -12.1572
   27 H6     2s         0.0000    3.3610    4.9875    0.0000    0.0000    1.5739    0.0000   -0.0000  -27.3353  -10.1353
   28 H6     2px        0.2277   -0.0000    0.0000    0.3697   -0.7965    0.0000   -0.2494   -0.1366    0.0000    0.0000
   29 H6     2py        0.3110    0.0000    0.0000   -0.7965   -0.3697   -0.0000    0.1366   -0.2494   -0.0000   -0.0000
   30 H6     2pz        0.0000    0.0674   -0.2611    0.0000   -0.0000   -0.7401    0.0000   -0.0000   -0.1725    0.1959
   31 H7     1s        -0.0000   -3.7042    6.3779   -0.0000    0.0000    2.2645   -0.0000    0.0000   36.4519   12.1572
   32 H7     2s        -0.0000   -3.3610    4.9875   -0.0000    0.0000    1.5739   -0.0000    0.0000   27.3353   10.1353
   33 H7     2px        0.2277    0.0000   -0.0000   -0.3697    0.7965   -0.0000   -0.2494   -0.1366   -0.0000   -0.0000
   34 H7     2py        0.3110    0.0000   -0.0000    0.7965    0.3697   -0.0000    0.1366   -0.2494    0.0000   -0.0000
   35 H7     2pz        0.0000    0.0674    0.2611   -0.0000    0.0000    0.7401    0.0000   -0.0000   -0.1725    0.1959
   36 H8     1s         0.0000   -0.0884  -16.4668    0.0000   -0.0000   -6.0812    0.0000   -0.0000  -31.9376  -11.9349
   37 H8     2s         0.0000    0.3113  -12.8677    0.0000   -0.0000   -4.2917    0.0000   -0.0000  -24.0130   -9.6471
   38 H8     2px       -0.4636    0.0000    0.0000    0.1600   -0.3447   -0.0000    0.6832    0.3741    0.0000    0.0000
   39 H8     2py       -0.6332   -0.0000   -0.0000   -0.3447   -0.1600    0.0000   -0.3741    0.6832   -0.0000    0.0000
   40 H8     2pz       -0.0000   -0.0550   -0.0785    0.0000   -0.0000   -0.5682   -0.0000    0.0000    0.4331   -0.4631
   41 H9     1s         0.0000    5.2967   19.8967   -0.0000    0.0000    8.4133   -0.0000    0.0000   23.8749   11.3365
   42 H9     2s         0.0000    3.7184   15.5244   -0.0000    0.0000    5.7862   -0.0000    0.0000   18.0948    8.5209
   43 H9     2px        0.2531   -0.0000    0.0000    0.1407   -0.3031   -0.0000   -0.9392   -0.5143   -0.0000    0.0000
   44 H9     2py        0.3457    0.0000   -0.0000   -0.3031   -0.1407    0.0000    0.5143   -0.9392   -0.0000   -0.0000
   45 H9     2pz        0.0000    0.0699   -0.2022    0.0000    0.0000    0.4403    0.0000   -0.0000   -0.6302    0.6353
   46 H10    1s        -0.0000   -8.0993  -16.0805    0.0000   -0.0000   -8.2542    0.0000   -0.0000  -14.3124   -9.4458
   47 H10    2s        -0.0000   -6.0987  -12.4984    0.0000   -0.0000   -5.6928    0.0000   -0.0000  -10.9474   -6.6774
   48 H10    2px        0.2023   -0.0000   -0.0000   -0.3619    0.7796   -0.0000    0.9508    0.5206    0.0000    0.0000
   49 H10    2py        0.2763    0.0000   -0.0000    0.7796    0.3619    0.0000   -0.5206    0.9508   -0.0000    0.0000
   50 H10    2pz       -0.0000    0.3967    0.4185   -0.0000    0.0000    0.0777   -0.0000    0.0000    0.5396   -0.2259
   51 H11    1s         0.0000    7.4015    8.4064   -0.0000    0.0000    6.4478   -0.0000   -0.0000    5.6517    6.9160
   52 H11    2s         0.0000    5.2322    6.4041   -0.0000    0.0000    4.0349   -0.0000   -0.0000    4.5137    4.1525
   53 H11    2px       -0.4677    0.0000    0.0000    0.3797   -0.8180    0.0000   -0.7169   -0.3926   -0.0000   -0.0000
   54 H11    2py       -0.6388   -0.0000    0.0000   -0.8180   -0.3797    0.0000    0.3926   -0.7169   -0.0000   -0.0000
   55 H11    2pz       -0.0000   -0.2030   -0.4197    0.0000   -0.0000    0.0454    0.0000   -0.0000   -0.4807    0.2971
   56 H12    1s        -0.0000   -3.1902   -2.2053    0.0000   -0.0000   -2.7322    0.0000    0.0000   -0.9652   -2.9181
   57 H12    2s        -0.0000   -2.0555   -1.5431    0.0000   -0.0000   -1.4914    0.0000    0.0000   -0.8514   -1.4228
   58 H12    2px        0.3085   -0.0000   -0.0000   -0.1981    0.4268   -0.0000    0.3222    0.1764    0.0000   -0.0000
   59 H12    2py        0.4214    0.0000   -0.0000    0.4268    0.1981   -0.0000   -0.1764    0.3222    0.0000    0.0000
   60 H12    2pz       -0.0000    1.1382    0.1852   -0.0000    0.0000    0.9616   -0.0000   -0.0000   -0.1520    0.9195
 
 
      Orbital               51        52        53        54        55        56        57        58        59        60
      Energy            3.5932    3.5932    3.8759    4.4196    4.9797    5.5570    6.1476    6.6931    7.2617    8.4586
      Occ. No.          0.0000    0.0000    0.0000    0.0000    0.0000    0.0000    0.0000    0.0000    0.0000    0.0000
 
    1 H1     1s         0.0000   -0.0000   -2.2741    2.1794    1.9897    1.7447   -1.3590    0.8196   -0.6731    0.7250
    2 H1     2s         0.0000   -0.0000   -0.7680    0.5662    0.3591    0.1697    0.0388   -0.2360    0.2509   -0.1049
    3 H1     2px       -0.1471   -0.1434   -0.0000    0.0000    0.0000    0.0000   -0.0000    0.0000   -0.0000    0.0000
    4 H1     2py        0.1434   -0.1471    0.0000   -0.0000   -0.0000   -0.0000    0.0000   -0.0000    0.0000   -0.0000
    5 H1     2pz        0.0000   -0.0000   -0.8829    0.8339    0.7581    0.6579   -0.5210    0.3323   -0.2495    0.2490
    6 H2     1s        -0.0000    0.0000    3.0520   -1.7657   -0.2682    1.0328   -2.1188    2.5057   -2.2365    1.5435
    7 H2     2s        -0.0000    0.0000    1.2426   -0.5489    0.0752    0.4741   -0.7555    0.7842   -0.4310    0.1312
    8 H2     2px        0.3559    0.3469   -0.0000    0.0000    0.0000    0.0000   -0.0000    0.0000   -0.0000    0.0000
    9 H2     2py       -0.3469    0.3559    0.0000   -0.0000   -0.0000   -0.0000    0.0000   -0.0000    0.0000   -0.0000
   10 H2     2pz        0.0000    0.0000   -0.8954    1.3435    1.7590    2.0423   -2.1103    1.8000   -1.5658    1.2925
   11 H3     1s         0.0000   -0.0000   -0.2736   -2.0064   -3.4496   -3.2821    1.9850   -0.1989   -1.3292    1.4558
   12 H3     2s         0.0000   -0.0000   -0.3764   -0.4755   -0.9348   -0.7627    0.4585   -0.0861   -0.1666    0.1759
   13 H3     2px       -0.5527   -0.5387   -0.0000   -0.0000   -0.0000    0.0000   -0.0000    0.0000   -0.0000    0.0000
   14 H3     2py        0.5387   -0.5527   -0.0000    0.0000    0.0000    0.0000   -0.0000   -0.0000    0.0000   -0.0000
   15 H3     2pz       -0.0000   -0.0000    0.6960   -0.6129   -0.0239    0.9718   -2.0956    2.6951   -2.9910    2.4789
   16 H4     1s        -0.0000    0.0000   -2.2246    2.6061    0.9334   -2.0848    3.3740   -2.3149    0.0736    0.7721
   17 H4     2s        -0.0000    0.0000   -0.7798    0.7228    0.2348   -0.5592    0.6531   -0.2313   -0.0278   -0.1124
   18 H4     2px        0.7137    0.6956    0.0000   -0.0000    0.0000   -0.0000    0.0000    0.0000   -0.0000    0.0000
   19 H4     2py       -0.6956    0.7137   -0.0000    0.0000    0.0000    0.0000    0.0000   -0.0000    0.0000   -0.0000
   20 H4     2pz        0.0000    0.0000   -0.6388   -0.2090   -1.1093   -1.3041    0.1225    1.6828   -3.5351    3.4143
   21 H5     1s         0.0000   -0.0000    3.1705    0.1924    3.0445    2.8052    0.8675   -3.3366    1.5972    0.7110
   22 H5     2s         0.0000   -0.0000    1.1777    0.4011    1.0300    0.8626    0.1634   -0.5683    0.1054    0.1293
   23 H5     2px       -0.8272   -0.8062   -0.0000   -0.0000   -0.0000    0.0000   -0.0000    0.0000   -0.0000   -0.0000
   24 H5     2py        0.8062   -0.8272   -0.0000   -0.0000   -0.0000   -0.0000    0.0000   -0.0000    0.0000    0.0000
   25 H5     2pz       -0.0000   -0.0000   -0.2317    1.0738    0.7069   -1.0116    1.9400   -0.7078   -2.8318    4.0294
   26 H6     1s        -0.0000    0.0000   -1.3970   -3.7542   -2.2915    2.0259   -2.7173   -1.4342    2.6040    0.0144
   27 H6     2s        -0.0000    0.0000   -0.5609   -1.6686   -0.7087    0.4277   -0.6070   -0.1987    0.2359   -0.1295
   28 H6     2px        0.8858    0.8633    0.0000   -0.0000   -0.0000    0.0000    0.0000    0.0000    0.0000    0.0000
   29 H6     2py       -0.8633    0.8858    0.0000    0.0000    0.0000   -0.0000   -0.0000   -0.0000   -0.0000    0.0000
   30 H6     2pz        0.0000   -0.0000    0.7768   -0.5946    1.0139    1.0952    1.1519   -2.6874   -1.0815    4.3302
   31 H7     1s         0.0000   -0.0000   -1.3970    3.7542   -2.2915   -2.0259   -2.7173    1.4342    2.6040   -0.0145
   32 H7     2s         0.0000   -0.0000   -0.5609    1.6686   -0.7087   -0.4277   -0.6070    0.1987    0.2359    0.1295
   33 H7     2px       -0.8858   -0.8633    0.0000    0.0000    0.0000   -0.0000    0.0000   -0.0000    0.0000    0.0000
   34 H7     2py        0.8633   -0.8858   -0.0000   -0.0000    0.0000    0.0000   -0.0000    0.0000   -0.0000   -0.0000
   35 H7     2pz        0.0000    0.0000   -0.7768   -0.5946   -1.0139    1.0952   -1.1519   -2.6874    1.0815    4.3301
   36 H8     1s        -0.0000    0.0000    3.1705   -0.1923    3.0445   -2.8052    0.8675    3.3366    1.5973   -0.7110
   37 H8     2s        -0.0000    0.0000    1.1777   -0.4011    1.0300   -0.8626    0.1634    0.5683    0.1055   -0.1292
   38 H8     2px        0.8272    0.8062    0.0000   -0.0000    0.0000   -0.0000    0.0000   -0.0000   -0.0000    0.0000
   39 H8     2py       -0.8062    0.8272    0.0000   -0.0000    0.0000    0.0000    0.0000    0.0000    0.0000    0.0000
   40 H8     2pz       -0.0000   -0.0000    0.2317    1.0738   -0.7069   -1.0116   -1.9400   -0.7078    2.8318    4.0294
   41 H9     1s         0.0000   -0.0000   -2.2246   -2.6061    0.9334    2.0848    3.3740    2.3149    0.0736   -0.7721
   42 H9     2s         0.0000   -0.0000   -0.7798   -0.7228    0.2348    0.5592    0.6531    0.2313   -0.0278    0.1124
   43 H9     2px       -0.7137   -0.6956    0.0000    0.0000   -0.0000    0.0000   -0.0000   -0.0000   -0.0000   -0.0000
   44 H9     2py        0.6956   -0.7137   -0.0000   -0.0000   -0.0000   -0.0000   -0.0000    0.0000    0.0000    0.0000
   45 H9     2pz        0.0000    0.0000    0.6388   -0.2090    1.1093   -1.3041   -0.1225    1.6828    3.5351    3.4143
   46 H10    1s        -0.0000    0.0000   -0.2736    2.0064   -3.4496    3.2821    1.9850    0.1989   -1.3292   -1.4557
   47 H10    2s        -0.0000    0.0000   -0.3764    0.4755   -0.9348    0.7627    0.4585    0.0861   -0.1666   -0.1759
   48 H10    2px        0.5527    0.5387    0.0000    0.0000   -0.0000    0.0000   -0.0000   -0.0000   -0.0000   -0.0000
   49 H10    2py       -0.5387    0.5527    0.0000   -0.0000    0.0000    0.0000    0.0000    0.0000    0.0000    0.0000
   50 H10    2pz       -0.0000   -0.0000   -0.6960   -0.6129    0.0239    0.9718    2.0956    2.6951    2.9910    2.4789
   51 H11    1s         0.0000   -0.0000    3.0520    1.7657   -0.2682   -1.0328   -2.1188   -2.5058   -2.2365   -1.5436
   52 H11    2s         0.0000   -0.0000    1.2426    0.5489    0.0752   -0.4741   -0.7555   -0.7842   -0.4310   -0.1312
   53 H11    2px       -0.3559   -0.3469   -0.0000   -0.0000    0.0000   -0.0000   -0.0000   -0.0000   -0.0000   -0.0000
   54 H11    2py        0.3469   -0.3559    0.0000    0.0000   -0.0000    0.0000    0.0000    0.0000    0.0000    0.0000
   55 H11    2pz        0.0000    0.0000    0.8954    1.3435   -1.7590    2.0423    2.1103    1.8000    1.5658    1.2925
   56 H12    1s        -0.0000    0.0000   -2.2741   -2.1794    1.9897   -1.7447   -1.3590   -0.8196   -0.6731   -0.7250
   57 H12    2s        -0.0000    0.0000   -0.7680   -0.5662    0.3591   -0.1697    0.0388    0.2360    0.2509    0.1049
   58 H12    2px        0.1471    0.1434   -0.0000   -0.0000    0.0000   -0.0000   -0.0000   -0.0000   -0.0000   -0.0000
   59 H12    2py       -0.1434    0.1471    0.0000   -0.0000   -0.0000    0.0000    0.0000    0.0000    0.0000    0.0000
   60 H12    2pz        0.0000   -0.0000    0.8829    0.8339   -0.7581    0.6579    0.5210    0.3323    0.2495    0.2490
--
 
      Von Neumann Entropy (Root  1) =  0.67140
 

      Mulliken population analysis for root number:  1
      -----------------------------------------------
 
 
++    Molecular charges:
      ------------------
 
      Mulliken charges per centre and basis function type
      ---------------------------------------------------
 
                H1      H2      H3      H4      H5      H6      H7      H8      H9      H10     H11     H12   
      1s       1.2158  0.6973  1.0440  0.9133  0.9464  0.9507  0.9507  0.9464  0.9133  1.0440  0.6973  1.2158
      2s       0.0076  0.0120 -0.0700 -0.0330 -0.0146 -0.0219 -0.0219 -0.0146 -0.0330 -0.0700  0.0120  0.0076
      2px      0.0000  0.0000  0.0000  0.0000  0.0000  0.0000  0.0000  0.0000  0.0000  0.0000  0.0000  0.0000
      2pz      0.0309  0.0750  0.0661  0.0609  0.0583  0.0613  0.0613  0.0583  0.0609  0.0661  0.0750  0.0309
      2py      0.0000  0.0000  0.0000  0.0000  0.0000  0.0000  0.0000  0.0000  0.0000  0.0000  0.0000  0.0000
      Total    1.2543  0.7843  1.0401  0.9411  0.9901  0.9901  0.9901  0.9901  0.9411  1.0401  0.7843  1.2543
 
      N-E     -0.2543  0.2157 -0.0401  0.0589  0.0099  0.0099  0.0099  0.0099  0.0589 -0.0401  0.2157 -0.2543
 
      Total electronic charge=   12.000000
 
      Total            charge=   -0.000000
--
 
 

      Expectation values of various properties for root number:  1
      -----------------------------------------------------------
 
 
++    Molecular properties:
      ---------------------
 
      Charge (e):
                      =   -0.0000
      Dipole Moment (Debye):
      Origin of the operator (Ang)=    0.0000    0.0000    0.0000
                   X=  2.3760E-07               Y= -4.7642E-07               Z= -6.8472E-05           Total=  6.8474E-05
      Quadrupole Moment (Debye*Ang):
      Origin of the operator (Ang)=    0.0000    0.0000    4.3667
                  XX= -1.1409E+01              XY=  2.9685E-12              XZ=  3.9480E-06              YY= -1.1409E+01
                  YZ=  4.4754E-06              ZZ= -2.5385E+01
      In traceless form (Debye*Ang)
                  XX=  6.9880E+00              XY=  4.4528E-12              XZ=  5.9220E-06              YY=  6.9880E+00
                  YZ=  6.7131E-06              ZZ= -1.3976E+01
--
 

      LoProp population analysis for root number:  1
      -----------------------------------------------
 
 
++    LoProp analysis:
      ----------------
 
 
 
  Input file to MOLDEN was generated!
 
 
++    Static properties:
      ------------------
 
 
      LoProp Charges per center
 

                   H1       H2       H3       H4       H5       H6       H7       H8       H9       H10   
      Nuclear      1.0000   1.0000   1.0000   1.0000   1.0000   1.0000   1.0000   1.0000   1.0000   1.0000
      Electronic  -1.0897  -0.9668  -0.9927  -0.9740  -0.9921  -0.9847  -0.9847  -0.9921  -0.9740  -0.9927
 
      Total       -0.0897   0.0332   0.0073   0.0260   0.0079   0.0153   0.0153   0.0079   0.0260   0.0073
 

                   H11      H12   
      Nuclear      1.0000   1.0000
      Electronic  -0.9668  -1.0897
 
      Total        0.0332  -0.0897
--
 
 
      Natural Bond Order analysis for root number:  1
 
++    Natural Bond Order analysis
      ---------------------------
      Based on LoProp computed density
      -------------------------------------------------------------------------------------
      Atom A       Atom B       Bond Order | Atom A       Atom B       Bond Order
        H1           H2             0.941  |   H9           H10            0.899
        H11          H12            0.941  |   H5           H6             0.884
        H3           H4             0.899  |   H7           H8             0.884
      -------------------------------------------------------------------------------------
      NBO located     10.895 electrons involved in    6 bonds.
      The remaining    1.105 electrons are to be considered as diffuse
--
 
--
 
 
  Input file to MOLDEN was generated!
 
      Average orbitals are written to the RASORB file
      Natural orbitals for root   1 are written to the RASORB.1 file
      Spin density orbitals for root   1 are written to the SPDORB.1 file
 
 ###############################################################################
 ###############################################################################
 ###                                                                         ###
 ###                                                                         ###
 ###    RunFile label BirthCertificate                                       ###
 ###    was used       51 times                                              ###
 ###                                                                         ###
 ###                                                                         ###
 ###############################################################################
 ###############################################################################
forrtl: warning (525): IEEE_DIVIDE_BY_ZERO is signaling
forrtl: warning (526): IEEE_INVALID is signaling
forrtl: warning (528): IEEE_UNDERFLOW is signaling
--- Stop Module: rasscf at Sun Oct 26 15:44:22 2025 /rc=_RC_ALL_IS_WELL_ ---
*** files: H12_0.79.LprOrb H12_0.79.rasscf.molden H12_0.79.LoProp.molden H12_0.79.RasOrb.1 H12_0.79.RasOrb H12_0.79.rasscf.h5 H12_0.79.SpdOrb.1 xmldump
    saved to directory /home/grierjones/DDCASPT2/hydrogen_comps/rerun/H12_chain/H12_0.79
--- Module rasscf spent 11 minutes 40 seconds ---

>>> COPY /tmp/H12_0.79/H12_0.79.rasscf.h5 /home/grierjones/DDCASPT2/hydrogen_comps/rerun/H12_chain/H12_0.79/

>>> COPY /tmp/H12_0.79/GMJ_Fock_MO.csv /home/grierjones/DDCASPT2/hydrogen_comps/rerun/H12_chain/H12_0.79/H12_0.79.GMJ_Fock_MO.csv

*** symbolic link created: INPORB -> H12_0.79.RasOrb
--- Start Module: motra at Sun Oct 26 15:44:22 2025 ---
 
()()()()()()()()()()()()()()()()()()()()()()()()()()()()()()()()()()()()()()()()()()()()()()()()()()

                                               &MOTRA

                                   only a single process is used
                       available to each process: 2.0 GB of memory, 1 thread?
()()()()()()()()()()()()()()()()()()()()()()()()()()()()()()()()()()()()()()()()()()()()()()()()()()
 
 
      *** WARNING: Default frozen orbitals is overwritten by user input.
      *** Default values:   0
 
      Header of the integral files:
      
       Integrals generated by seward 4.2.0  , Sun Oct 26 15:32:39 2025
 
 
      Header of MO coefficients source file:
      * RASSCF average (pseudo-natural) orbitals                                      
 
 
      Cartesian coordinates in Angstrom:
      -----------------------------------------------------
      No.  Label        X            Y            Z        
      -----------------------------------------------------
       1   H1         0.00000000   0.00000000   0.00000000
       2   H2         0.00000000   0.00000000   0.79393900
       3   H3         0.00000000   0.00000000   1.58787900
       4   H4         0.00000000   0.00000000   2.38181800
       5   H5         0.00000000   0.00000000   3.17575800
       6   H6         0.00000000   0.00000000   3.96969700
       7   H7         0.00000000   0.00000000   4.76363600
       8   H8         0.00000000   0.00000000   5.55757600
       9   H9         0.00000000   0.00000000   6.35151500
      10   H10        0.00000000   0.00000000   7.14545500
      11   H11        0.00000000   0.00000000   7.93939400
      12   H12        0.00000000   0.00000000   8.73333300
      -----------------------------------------------------
      Nuclear repulsion energy =   16.82200703
 
      Orbital specifications:
      -----------------------
 
      Symmetry species:              1
      Number of basis functions:    60
      Frozen orbitals:               0
      Deleted orbitals:              0
      Number of orbitals used:      60

       SYMMETRY  BASIS FUNCTIONS       ORBITALS      INTEGRALS   CPU(SEC)  I/O(SEC)
        1 1 1 1   60  60  60  60    60  60  60  60     1675365       0.00      0.00

       TOTAL CPU TIME(SEC)    1.12TOTAL I/O TIME(SEC)    2.48
 
--- Stop Module: motra at Sun Oct 26 15:44:24 2025 /rc=_RC_ALL_IS_WELL_ ---
*** files: xmldump
    saved to directory /home/grierjones/DDCASPT2/hydrogen_comps/rerun/H12_chain/H12_0.79
--- Module motra spent 2 seconds ---

>>> COPY /tmp/H12_0.79/GMJ_one_int_indx.csv /home/grierjones/DDCASPT2/hydrogen_comps/rerun/H12_chain/H12_0.79/H12_0.79.GMJ_one_int_indx.csv

>>> COPY /tmp/H12_0.79/GMJ_one_int.csv /home/grierjones/DDCASPT2/hydrogen_comps/rerun/H12_chain/H12_0.79/H12_0.79.GMJ_one_int.csv

>>> COPY /tmp/H12_0.79/GMJ_two_int_indx.csv /home/grierjones/DDCASPT2/hydrogen_comps/rerun/H12_chain/H12_0.79/H12_0.79.GMJ_two_int_indx.csv

>>> COPY /tmp/H12_0.79/GMJ_two_int.csv /home/grierjones/DDCASPT2/hydrogen_comps/rerun/H12_chain/H12_0.79/H12_0.79.GMJ_two_int.csv

*** symbolic link created: INPORB -> H12_0.79.RasOrb
--- Start Module: caspt2 at Sun Oct 26 15:44:24 2025 ---
 
()()()()()()()()()()()()()()()()()()()()()()()()()()()()()()()()()()()()()()()()()()()()()()()()()()

                                              &CASPT2

                                   only a single process is used
                       available to each process: 2.0 GB of memory, 1 thread?
()()()()()()()()()()()()()()()()()()()()()()()()()()()()()()()()()()()()()()()()()()()()()()()()()()
 
 Cholesky algorithm in CASPT2 =    1
 
 ###############################################################################
 ###############################################################################
 ###                                                                         ###
 ###                                                                         ###
 ###    User changed nr of frozen orbitals.                                  ###
 ###                                                                         ###
 ###                                                                         ###
 ###############################################################################
 ###############################################################################
 
++    Wave function specifications:
      -----------------------------
 
      Number of closed shell electrons           0
      Number of electrons in active shells      12
      Max number of holes in RAS1 space          0
      Max number of electrons in RAS3 space      0
      Number of inactive orbitals                0
      Number of active orbitals                 12
      Number of secondary orbitals              48
      Spin quantum number                      0.0
      State symmetry                             1
      Number of CSFs                        226512
      Number of root(s) available                1
      Root passed to geometry opt.               1
      A file JOBMIX will be created.
      This is a CASSCF or RASSCF reference function
--
 
++    Orbital specifications:
      -----------------------
 
      Symmetry species                           1
                                                 a
      Frozen orbitals                            0
      Inactive orbitals                          0
      Active orbitals                           12
      Secondary orbitals                        48
      Deleted orbitals                           0
      Number of basis functions                 60
--
 
      Type of Fock operator: STANDARD
      Type of 0-order Hamiltonian: STANDARD WITH DEFAULT IPEA
        "IP-EA" denominator shift =      0.25
      The input orbitals and the CI vector will be transformed.
 
--------------------------------------------------------------------------------
 Estimated memory requirements:
  POLY3 :                 54392696
  RHS:                     1916944
  SIGMA :                   616912
  PRPCTL:                        0
 Available workspace:    230179958
 
++ CASPT2 computation for group   1
 
********************************************************************************
 Multi-State initialization phase begins for group   1
--------------------------------------------------------------------------------
********************************************************************************
 Compute H0 matrices for state    1
--------------------------------------------------------------------------------
--------------------------------------------------------------------------------
 H0 matrices have been computed.
 
********************************************************************************
  CASPT2 EQUATION SOLUTION
--------------------------------------------------------------------------------
 
  Total nr of CASPT2 parameters:
   Before reduction:      249120
   After  reduction:      248544
 
 The contributions to the second order correlation energy in atomic units.
-----------------------------------------------------------------------------------------------------------------------------
  IT.      VJTU        VJTI        ATVX        AIVX        VJAI        BVAT        BJAT        BJAI        TOTAL       RNORM  
-----------------------------------------------------------------------------------------------------------------------------
   1     0.000000    0.000000   -0.028665    0.000000    0.000000   -0.080310    0.000000    0.000000   -0.108975    0.006085
   2     0.000000    0.000000   -0.028961    0.000000    0.000000   -0.080407    0.000000    0.000000   -0.109368    0.001211
   3     0.000000    0.000000   -0.028979    0.000000    0.000000   -0.080420    0.000000    0.000000   -0.109399    0.000230
   4     0.000000    0.000000   -0.028966    0.000000    0.000000   -0.080421    0.000000    0.000000   -0.109387    0.000039
   5     0.000000    0.000000   -0.028965    0.000000    0.000000   -0.080421    0.000000    0.000000   -0.109386    0.000008
   6     0.000000    0.000000   -0.028965    0.000000    0.000000   -0.080421    0.000000    0.000000   -0.109386    0.000001
-------------------------------------------------------------------------------------------------------------------
 
  FINAL CASPT2 RESULT:
 
  Correlation energy /Case, /Symm, and sums:
 VJTU      0.00000000  0.00000000
 VJTIP     0.00000000  0.00000000
 VJTIM     0.00000000  0.00000000
 ATVX     -0.02896543 -0.02896543
 AIVX      0.00000000  0.00000000
 VJAIP     0.00000000  0.00000000
 VJAIM     0.00000000  0.00000000
 BVATP    -0.07247526 -0.07247526
 BVATM    -0.00794566 -0.00794566
 BJATP     0.00000000  0.00000000
 BJATM     0.00000000  0.00000000
 BJAIP     0.00000000  0.00000000
 BJAIM     0.00000000  0.00000000
 Summed:  -0.10938636 -0.10938636
 
      Reference energy:          -6.4603638609
      E2 (Non-variational):      -0.1093863557
      E2 (Variational):          -0.1093863489
      Total energy:              -6.5697502097
      Residual norm:              0.0000002530
      Reference weight:           0.96579
 
      Contributions to the CASPT2 correlation energy
      Active & Virtual Only:         -0.1093863557
      One Inactive Excited:           0.0000000000
      Two Inactive Excited:           0.0000000000
 
 
++ Denominators, etc.
----------------------------------------------------------------------------------------------------
 Report on small energy denominators, large coefficients, and large energy contributions.
CASE  SYMM ACTIVE-MIX  NON-ACTIVE INDICES          DENOMINATOR     RHS VALUE       COEFFICIENT     CONTRIBUTION
ATVX     1  Mu1.0001  Se1.013                       0.26840075      0.00000007     -0.00000025     -0.00000000
--
 
   (Skipping property calculation,
    use PROP keyword to activate)
--
 
  Total CASPT2 energies:
::    CASPT2 Root  1     Total energy:     -6.56975021
 
  A NEW JOBIPH FILE NAMED 'JOBMIX' IS PREPARED.
********************************************************************************
forrtl: warning (528): IEEE_UNDERFLOW is signaling
--- Stop Module: caspt2 at Sun Oct 26 15:46:19 2025 /rc=_RC_ALL_IS_WELL_ ---
*** files: xmldump
    saved to directory /home/grierjones/DDCASPT2/hydrogen_comps/rerun/H12_chain/H12_0.79
--- Module caspt2 spent 1 minute 54 seconds ---

>>> EXPORT i = B

>>> EXPORT j = P

>>> IF (-FILE GMJ_e2_${i}_${j}_1_.csv)
(Skipped)

>>> END FOREACH

>>> EXPORT j = M

>>> IF (-FILE GMJ_e2_${i}_${j}_1_.csv)
(Skipped)

>>> END FOREACH

>>> END FOREACH

>>> EXPORT i = E

>>> EXPORT j = P

>>> IF (-FILE GMJ_e2_${i}_${j}_1_.csv)
(Skipped)

>>> END FOREACH

>>> EXPORT j = M

>>> IF (-FILE GMJ_e2_${i}_${j}_1_.csv)
(Skipped)

>>> END FOREACH

>>> END FOREACH

>>> EXPORT i = F

>>> EXPORT j = P

>>> IF (-FILE GMJ_e2_${i}_${j}_1_.csv)

>>> COPY /tmp/H12_0.79/GMJ_RHS_F_P_1_.csv /home/grierjones/DDCASPT2/hydrogen_comps/rerun/H12_chain/H12_0.79/GMJ_RHS_F_P_1_.csv

>>> COPY /tmp/H12_0.79/GMJ_IVECW_F_P_1_.csv /home/grierjones/DDCASPT2/hydrogen_comps/rerun/H12_chain/H12_0.79/GMJ_IVECW_F_P_1_.csv

>>> COPY /tmp/H12_0.79/GMJ_IVECX_F_P_1_.csv /home/grierjones/DDCASPT2/hydrogen_comps/rerun/H12_chain/H12_0.79/GMJ_IVECX_F_P_1_.csv

>>> COPY /tmp/H12_0.79/GMJ_IVECC2_F_P_1_.csv /home/grierjones/DDCASPT2/hydrogen_comps/rerun/H12_chain/H12_0.79/GMJ_IVECC2_F_P_1_.csv

>>> COPY /tmp/H12_0.79/GMJ_e2_F_P_1_.csv /home/grierjones/DDCASPT2/hydrogen_comps/rerun/H12_chain/H12_0.79/GMJ_e2_F_P_1_.csv

>>> END FOREACH

>>> EXPORT j = M

>>> IF (-FILE GMJ_e2_${i}_${j}_1_.csv)

>>> COPY /tmp/H12_0.79/GMJ_RHS_F_M_1_.csv /home/grierjones/DDCASPT2/hydrogen_comps/rerun/H12_chain/H12_0.79/GMJ_RHS_F_M_1_.csv

>>> COPY /tmp/H12_0.79/GMJ_IVECW_F_M_1_.csv /home/grierjones/DDCASPT2/hydrogen_comps/rerun/H12_chain/H12_0.79/GMJ_IVECW_F_M_1_.csv

>>> COPY /tmp/H12_0.79/GMJ_IVECX_F_M_1_.csv /home/grierjones/DDCASPT2/hydrogen_comps/rerun/H12_chain/H12_0.79/GMJ_IVECX_F_M_1_.csv

>>> COPY /tmp/H12_0.79/GMJ_IVECC2_F_M_1_.csv /home/grierjones/DDCASPT2/hydrogen_comps/rerun/H12_chain/H12_0.79/GMJ_IVECC2_F_M_1_.csv

>>> COPY /tmp/H12_0.79/GMJ_e2_F_M_1_.csv /home/grierjones/DDCASPT2/hydrogen_comps/rerun/H12_chain/H12_0.79/GMJ_e2_F_M_1_.csv

>>> END FOREACH

>>> END FOREACH

>>> EXPORT i = G

>>> EXPORT j = P

>>> IF (-FILE GMJ_e2_${i}_${j}_1_.csv)
(Skipped)

>>> END FOREACH

>>> EXPORT j = M

>>> IF (-FILE GMJ_e2_${i}_${j}_1_.csv)
(Skipped)

>>> END FOREACH

>>> END FOREACH

>>> EXPORT i = H

>>> EXPORT j = P

>>> IF (-FILE GMJ_e2_${i}_${j}_1_.csv)
(Skipped)

>>> END FOREACH

>>> EXPORT j = M

>>> IF (-FILE GMJ_e2_${i}_${j}_1_.csv)
(Skipped)

>>> END FOREACH

>>> END FOREACH

>>> EXPORT i = A

>>> IF (-FILE GMJ_e2_${i}_1_.csv)
(Skipped)

>>> END FOREACH

>>> EXPORT i = C

>>> IF (-FILE GMJ_e2_${i}_1_.csv)

>>> COPY /tmp/H12_0.79/GMJ_RHS_C_1_.csv /home/grierjones/DDCASPT2/hydrogen_comps/rerun/H12_chain/H12_0.79/GMJ_RHS_C_1_.csv

>>> COPY /tmp/H12_0.79/GMJ_IVECW_C_1_.csv /home/grierjones/DDCASPT2/hydrogen_comps/rerun/H12_chain/H12_0.79/GMJ_IVECW_C_1_.csv

>>> COPY /tmp/H12_0.79/GMJ_IVECX_C_1_.csv /home/grierjones/DDCASPT2/hydrogen_comps/rerun/H12_chain/H12_0.79/GMJ_IVECX_C_1_.csv

>>> COPY /tmp/H12_0.79/GMJ_IVECC2_C_1_.csv /home/grierjones/DDCASPT2/hydrogen_comps/rerun/H12_chain/H12_0.79/GMJ_IVECC2_C_1_.csv

>>> COPY /tmp/H12_0.79/GMJ_e2_C_1_.csv /home/grierjones/DDCASPT2/hydrogen_comps/rerun/H12_chain/H12_0.79/GMJ_e2_C_1_.csv

>>> END FOREACH

>>> EXPORT i = D

>>> IF (-FILE GMJ_e2_${i}_1_.csv)
(Skipped)

>>> END FOREACH

.########################.
.# Non-zero return code #.
.########################.

    Timing: Wall=820.51 User=815.70 System=4.70
****************************************
*** WorkDir at /tmp/H12_0.79 cleaned ***
****************************************
