   This run of MOLCAS is using the pymolcas driver

                             OPE
                             OPE          NMOL  CASOP  ENMOLC A   SO
                 OPE        NMOLC        AS  OP EN  MO LC     AS  OP
                OPENM       OL CA        SO  PE NM  OL CA     SOP EN
                OP EN      MO   LC       AS  OP ENMOL  CASO   PENMOL
                OP  EN     MO   LC       AS  OP EN     MO     LC ASO
               OP   E  NMOL  C  AS       OP  EN MO     LC     AS  OP
               OP  E   NMO   LC AS        OPEN  MO     LCASOP EN   M
               O  PEN   MO  LCA  SO
            OPE   NMO   L   CAS    OP
        OPENMOL  CASOP     ENMOL   CASOPE
     OPENMOLCA   SOPENMOLCASOPEN   MOLCASOPE
    OPENMOLCAS   OP           EN   MOL    CAS
    OPENMOLCAS       OP  ENM        O     LCA
    OPENMOLCAS    OPEN  MOLCASO     P  E  NMO
    OPENMOLCAS     OP               E  N  MOL
    OPENMOLCA   SO           PENM   O  L  CAS    OPEN    MO    LCAS
    OPENMOLCA   SOP           ENM   O  L  CAS   OP  EN  MOLC  AS   O
    OPENMOLCA   SOPE           NM      O  LCA   S      OP  EN MO
    OPENMOLC                AS         O  PEN   M      OL  CA  SOPE
    OPENMO        LCASOPE  NMOL        C  ASO   P      ENMOLC     AS
    OPE     NMO      LCA  SO     P     E   NM   OL  CA SO  PE N   MO
          OPENMOLCA            SOPE   NMO        LCAS  O    P  ENMO
     OPENMOLCASOPENMOLCASOPENMOLCASOPENMOLCA
        OPENMOLCASOPENMOLCASOPENMOLCASOPE
            OPENMOLCASOPENMOLCASOPENM
               OPENMOLCASOPENMOLCA        version: f37762c57
                   OPENMOLCASO
                       OPE                tag:

 OpenMolcas is free software; you can redistribute it and/or modify it
 under the terms of the GNU Lesser General Public License version 2.1.
 OpenMolcas is distributed in the hope that it will be useful, but it
 is provided "as is" and without any express or implied warranties.
 For more details see the full text of the license in the file
 LICENSE or in <http://www.gnu.org/licenses/>.

                 Copyright (C) The OpenMolcas Authors
           For the author list and the recommended citation,
                   consult the file CONTRIBUTORS.md

           *************************************************
           * pymolcas version py2.28                       *
           *   build c4a6d18ded8cb6cad61d2372a9abd97c      *
           *   (after the EMIL interpreter by V. Veryazov) *
           *************************************************

configuration info
------------------
C Compiler ID: Intel
C flags: -std=gnu99 -gcc-sys
Fortran Compiler ID: IntelLLVM
Fortran flags: -standard-semantics -fltconsistency -fpp -i8 -heap-arrays
Definitions: _MOLCAS_;_I8_;_LINUX_
Parallel: OFF (GA=OFF)


   ----------------------------------------------------------------------------------------
  |
  |              Project: H10_2.66
  |       Submitted from: /home/grierjones/DDCASPT2/hydrogen_comps/rerun/H10_chain/H10_2.66
  |         Scratch area: /tmp/H10_2.66
  |      Save outputs to: /home/grierjones/DDCASPT2/hydrogen_comps/rerun/H10_chain/H10_2.66
  |               Molcas: /home/grierjones/Test/build
  |
  | Scratch area is empty
  |
  |       MOLCAS_DRIVER = /usr/local/pymolcas
  | MOLCAS_KEEP_WORKDIR = NO
  |  MOLCAS_NEW_WORKDIR = YES
  |       MOLCAS_NPROCS = 1
  |        MOLCAS_PRINT = NORMAL
  |       MOLCAS_SOURCE = /home/grierjones/Test
  |    MOLCAS_STRUCTURE = 0
  |
   ----------------------------------------------------------------------------------------

++ ---------   Input file   ---------

&GATEWAY
coord=H10_2.66.xyz
Basis = ANO-RCC-VDZP
Group = nosymm
End of Input

&SEWARD
End of Input

&SCF

>>> COPY $WorkDir/H10_2.66.scf.h5 $CurrDir/

&RASSCF
Title= RASSCF
FileOrb
/home/grierjones/DDCASPT2/hydrogen_comps/rerun/H10_chain/H10_0.60/H10_0.60.RasOrb
NACTEL
10 0 0
Inactive
0
RAS2
10
Symmetry
1
Spin
1
orblisting
all

>>> COPY $WorkDir/H10_2.66.rasscf.h5 $CurrDir/

>>> COPY $WorkDir/GMJ_Fock_MO.csv $CurrDir/H10_2.66.GMJ_Fock_MO.csv

&MOTRA
Frozen=0
LUMORB

>>> COPY $WorkDir/GMJ_one_int_indx.csv $CurrDir/H10_2.66.GMJ_one_int_indx.csv

>>> COPY $WorkDir/GMJ_one_int.csv $CurrDir/H10_2.66.GMJ_one_int.csv

>>> COPY $WorkDir/GMJ_two_int_indx.csv $CurrDir/H10_2.66.GMJ_two_int_indx.csv

>>> COPY $WorkDir/GMJ_two_int.csv $CurrDir/H10_2.66.GMJ_two_int.csv

&CASPT2
Frozen
0

MAXITER
50

>>> FOREACH i IN (B,E,F,G,H)

  >>> FOREACH j IN (P,M)

    >>> IF (-FILE GMJ_e2_${i}_${j}_1_.csv)

      >>> COPY $WorkDir/GMJ_RHS_${i}_${j}_1_.csv $CurrDir/GMJ_RHS_${i}_${j}_1_.csv

      >>> COPY $WorkDir/GMJ_IVECW_${i}_${j}_1_.csv $CurrDir/GMJ_IVECW_${i}_${j}_1_.csv

      >>> COPY $WorkDir/GMJ_IVECX_${i}_${j}_1_.csv $CurrDir/GMJ_IVECX_${i}_${j}_1_.csv

      >>> COPY $WorkDir/GMJ_IVECC2_${i}_${j}_1_.csv $CurrDir/GMJ_IVECC2_${i}_${j}_1_.csv

      >>> COPY $WorkDir/GMJ_e2_${i}_${j}_1_.csv $CurrDir/GMJ_e2_${i}_${j}_1_.csv

    >>> END IF

  >>> END FOREACH

>>> END FOREACH

>>> FOREACH i IN (A,C,D)

  >>> IF (-FILE GMJ_e2_${i}_1_.csv)

    >>> COPY $WorkDir/GMJ_RHS_${i}_1_.csv $CurrDir/GMJ_RHS_${i}_1_.csv

    >>> COPY $WorkDir/GMJ_IVECW_${i}_1_.csv $CurrDir/GMJ_IVECW_${i}_1_.csv

    >>> COPY $WorkDir/GMJ_IVECX_${i}_1_.csv $CurrDir/GMJ_IVECX_${i}_1_.csv

    >>> COPY $WorkDir/GMJ_IVECC2_${i}_1_.csv $CurrDir/GMJ_IVECC2_${i}_1_.csv

    >>> COPY $WorkDir/GMJ_e2_${i}_1_.csv $CurrDir/GMJ_e2_${i}_1_.csv

  >>> END IF

>>> END FOREACH

-- ----------------------------------

--- Start Module: gateway at Sun Oct 26 17:58:47 2025 ---
 
()()()()()()()()()()()()()()()()()()()()()()()()()()()()()()()()()()()()()()()()()()()()()()()()()()

                                              &GATEWAY

                                   only a single process is used
                       available to each process: 2.0 GB of memory, 1 thread?
()()()()()()()()()()()()()()()()()()()()()()()()()()()()()()()()()()()()()()()()()()()()()()()()()()
 
 
++    Symmetry information:
      ---------------------
 
                    Character Table for C1 
 
                             E  
                    a        1  x, y, xy, Rz, z, xz, Ry, yz, Rx, I
--
 
 
++    Basis set information:
      ----------------------
 
 
      Basis set label: H.ANO-RCC...2S1P.
 
      Electronic valence basis set:
      ------------------
      Associated Effective Charge   1.000000 au
      Associated Actual Charge      1.000000 au
      Nuclear Model: Point charge
 
      Shell  nPrim  nBasis  Cartesian Spherical Contaminant
         s       8       2        X                  
         p       4       1        X                  
--
 
 
++    Molecular structure info:
      -------------------------
 
                    ************************************************ 
                    **** Cartesian Coordinates / Bohr, Angstrom **** 
                    ************************************************ 
 
     Center  Label                x              y              z                     x              y              z
        1      H1               0.000000       0.000000       0.000000              0.000000       0.000000       0.000000
        2      H2               0.000000       0.000000       5.027817              0.000000       0.000000       2.660606
        3      H3               0.000000       0.000000      10.055633              0.000000       0.000000       5.321212
        4      H4               0.000000       0.000000      15.083450              0.000000       0.000000       7.981818
        5      H5               0.000000       0.000000      20.111267              0.000000       0.000000      10.642424
        6      H6               0.000000       0.000000      25.139083              0.000000       0.000000      13.303030
        7      H7               0.000000       0.000000      30.166900              0.000000       0.000000      15.963636
        8      H8               0.000000       0.000000      35.194717              0.000000       0.000000      18.624242
        9      H9               0.000000       0.000000      40.222533              0.000000       0.000000      21.284848
       10      H10              0.000000       0.000000      45.250352              0.000000       0.000000      23.945455
 
                    *************************************** 
                    *    InterNuclear Distances / Bohr    * 
                    *************************************** 
 
               1 H1            2 H2            3 H3            4 H4            5 H5            6 H6    
    1 H1       0.000000
    2 H2       5.027817        0.000000
    3 H3      10.055633        5.027817        0.000000
    4 H4      15.083450       10.055633        5.027817        0.000000
    5 H5      20.111267       15.083450       10.055633        5.027817        0.000000
    6 H6      25.139083       20.111267       15.083450       10.055633        5.027817        0.000000
    7 H7      30.166900       25.139083       20.111267       15.083450       10.055633        5.027817
    8 H8      35.194717       30.166900       25.139083       20.111267       15.083450       10.055633
    9 H9      40.222533       35.194717       30.166900       25.139083       20.111267       15.083450
   10 H10     45.250352       40.222535       35.194719       30.166902       25.139085       20.111269
 
               7 H7            8 H8            9 H9           10 H10   
    7 H7       0.000000
    8 H8       5.027817        0.000000
    9 H9      10.055633        5.027817        0.000000
   10 H10     15.083452       10.055635        5.027819        0.000000
 
                    ******************************************* 
                    *    InterNuclear Distances / Angstrom    * 
                    ******************************************* 
 
               1 H1            2 H2            3 H3            4 H4            5 H5            6 H6    
    1 H1       0.000000
    2 H2       2.660606        0.000000
    3 H3       5.321212        2.660606        0.000000
    4 H4       7.981818        5.321212        2.660606        0.000000
    5 H5      10.642424        7.981818        5.321212        2.660606        0.000000
    6 H6      13.303030       10.642424        7.981818        5.321212        2.660606        0.000000
    7 H7      15.963636       13.303030       10.642424        7.981818        5.321212        2.660606
    8 H8      18.624242       15.963636       13.303030       10.642424        7.981818        5.321212
    9 H9      21.284848       18.624242       15.963636       13.303030       10.642424        7.981818
   10 H10     23.945455       21.284849       18.624243       15.963637       13.303031       10.642425
 
               7 H7            8 H8            9 H9           10 H10   
    7 H7       0.000000
    8 H8       2.660606        0.000000
    9 H9       5.321212        2.660606        0.000000
   10 H10      7.981819        5.321213        2.660607        0.000000
--
 
 
            Nuclear Potential Energy              3.83659215 au
 
--- Stop Module: gateway at Sun Oct 26 17:58:47 2025 /rc=_RC_ALL_IS_WELL_ ---
*** files: xmldump
    saved to directory /home/grierjones/DDCASPT2/hydrogen_comps/rerun/H10_chain/H10_2.66

--- Start Module: seward at Sun Oct 26 17:58:47 2025 ---
 
()()()()()()()()()()()()()()()()()()()()()()()()()()()()()()()()()()()()()()()()()()()()()()()()()()

                                              &SEWARD

                                   only a single process is used
                       available to each process: 2.0 GB of memory, 1 thread?
()()()()()()()()()()()()()()()()()()()()()()()()()()()()()()()()()()()()()()()()()()()()()()()()()()
 
               SEWARD will generate:
                  Multipole Moment integrals up to order  2
                  Kinetic Energy integrals
                  Nuclear Attraction integrals (point charge)
                  One-Electron Hamiltonian integrals
                  Velocity integrals
                  Relativistic Douglas-Kroll-Hess integrals:
                    - Parametrization         : EXP
                    - DKH order of Hamiltonian: 2
                    - DKH order of Properties : 0
                         - multipole moment operators
                         - electric potential operators
                         - contact operators
                  Atomic mean-field integrals
                  Two-Electron Repulsion integrals
 
                   Integrals are discarded if absolute value <: 0.10E-13
                   Integral cutoff threshold is set to       <: 0.10E-15
 
            Nuclear Potential Energy              3.83659215 au
 
 
      Basis set specifications :
      Symmetry species         a  
      Basis functions           50
 
 
  Input file to MOLDEN was generated!
 
forrtl: warning (525): IEEE_DIVIDE_BY_ZERO is signaling
forrtl: warning (526): IEEE_INVALID is signaling
forrtl: warning (528): IEEE_UNDERFLOW is signaling
--- Stop Module: seward at Sun Oct 26 17:58:48 2025 /rc=_RC_ALL_IS_WELL_ ---
*** files: H10_2.66.GssOrb H10_2.66.guessorb.h5 H10_2.66.guessorb.molden xmldump
    saved to directory /home/grierjones/DDCASPT2/hydrogen_comps/rerun/H10_chain/H10_2.66

*** symbolic link created: INPORB -> H10_2.66.GssOrb
--- Start Module: scf at Sun Oct 26 17:58:48 2025 ---
 
()()()()()()()()()()()()()()()()()()()()()()()()()()()()()()()()()()()()()()()()()()()()()()()()()()

                                                &SCF

                                   only a single process is used
                       available to each process: 2.0 GB of memory, 1 thread?
()()()()()()()()()()()()()()()()()()()()()()()()()()()()()()()()()()()()()()()()()()()()()()()()()()
 
++    Input section:
      --------------
 
      Header of the integral files:
      
       Integrals generated by seward 4.2.0  , Sun Oct 26 17:58:47 2025
 
 
      Cartesian coordinates in Angstrom:
      -----------------------------------------------------
      No.  Label        X            Y            Z        
      -----------------------------------------------------
       1   H1         0.00000000   0.00000000   0.00000000
       2   H2         0.00000000   0.00000000   2.66060600
       3   H3         0.00000000   0.00000000   5.32121200
       4   H4         0.00000000   0.00000000   7.98181800
       5   H5         0.00000000   0.00000000  10.64242400
       6   H6         0.00000000   0.00000000  13.30303000
       7   H7         0.00000000   0.00000000  15.96363600
       8   H8         0.00000000   0.00000000  18.62424200
       9   H9         0.00000000   0.00000000  21.28484800
      10   H10        0.00000000   0.00000000  23.94545500
      -----------------------------------------------------
      Nuclear repulsion energy =    3.83659215
--
 
++    Orbital specifications:
      -----------------------
 
      Symmetry species               1
                                     a
      Frozen orbitals                0
      Occupied orbitals              5
      Secondary orbitals            45
      Deleted orbitals               0
      Total number of orbitals      50
      Number of basis functions     50
--
 
      Molecular charge                           0.000
 
++    Optimization specifications:
      ----------------------------
 
      SCF Algorithm: Conventional
      Minimized density differences are used
      Number of density matrices in core                5
      Maximum number of NDDO SCF iterations           400
      Maximum number of HF SCF iterations             400
      Threshold for SCF energy change            0.10E-08
      Threshold for density matrix               0.10E-03
      Threshold for Fock matrix                  0.15E-03
      Threshold for linear dependence            0.10E-08
      Threshold at which DIIS is turned on       0.15E+00
      Threshold at which QNR/C2DIIS is turned on 0.75E-01
      Threshold for Norm(delta) (QNR/C2DIIS)     0.20E-04
      DIIS extrapolation of the SCF procedure
      All orbitals punched on: SCFORB
--
 
      Input vectors read from INPORB
      Orbital file label: *Guess orbitals
 
 
++ Convergence information
                                   SCF        iterations: Energy and convergence statistics
 
Iter     Tot. SCF        One-elec.       Two-elec.     Energy      Max Dij or  Max Fij      DNorm      TNorm      AccCon     Time
         Energy          Energy          Energy        Change      Delta Norm                                                in Sec.
   1    -3.950431529   -12.796512186     5.009488507   0.00E+00    0.41E+00*   0.13E+00*    0.50E+01   0.88E+01   None         0.
   2    -4.252841229   -12.752577045     4.663143665  -0.30E+00*   0.16E+00*   0.25E-01*    0.15E+01   0.85E+01   EDIIS        0.
   3    -4.268647131   -12.677937841     4.572698559  -0.16E-01*   0.10E+00*   0.93E-02*    0.38E+00   0.84E+01   EDIIS        0.
   4    -4.272569691   -12.682325779     4.573163937  -0.39E-02*   0.62E-01*   0.71E-02*    0.19E+00   0.84E+01   c2DIIS       0.
   5    -4.274385765   -12.667959872     4.556981957  -0.18E-02*   0.33E-01*   0.44E-02*    0.63E-01   0.84E+01   QNRc2DIIS    0.
   6    -4.274955556   -12.675525815     4.563978109  -0.57E-03*   0.38E-01*   0.29E-02*    0.33E-01   0.84E+01   QNRc2DIIS    0.
   7    -4.275325179   -12.672556777     4.560639448  -0.37E-03*   0.94E-02*   0.75E-03*    0.12E-01   0.84E+01   QNRc2DIIS    0.
   8    -4.275341614   -12.669759737     4.557825972  -0.16E-04*   0.21E-02*   0.35E-03*    0.54E-02   0.84E+01   QNRc2DIIS    0.
   9    -4.275344569   -12.670345406     4.558408686  -0.30E-05*   0.30E-03*   0.28E-04     0.19E-02   0.84E+01   QNRc2DIIS    0.
  10    -4.275344607   -12.670359948     4.558423191  -0.37E-07*   0.10E-03*   0.74E-05     0.57E-03   0.84E+01   QNRc2DIIS    0.
  11    -4.275344610   -12.670358824     4.558422063  -0.37E-08*   0.38E-04*   0.23E-05     0.10E-03   0.84E+01   QNRc2DIIS    0.
  12    -4.275344611   -12.670359147     4.558422386  -0.38E-09    0.13E-05    0.18E-06     0.17E-04   0.84E+01   QNRc2DIIS    0.
 
       Convergence after 12 Macro Iterations
--
 
 *****************************************************************************************************************************
 *                                                                                                                           *
 *                                             SCF/KS-DFT Program, Final results                                             *
 *                                                                                                                           *
 *                                                                                                                           *
 *                                                                                                                           *
 *                                                       Final Results                                                       *
 *                                                                                                                           *
 *****************************************************************************************************************************
 
::    Total SCF energy                                 -4.2753446109
      One-electron energy                             -12.6703591471
      Two-electron energy                               4.5584223859
      Nuclear repulsion energy                          3.8365921504
      Kinetic energy (interpolated)                     3.2836900488
      Virial theorem                                    1.3019939603
      Total spin, S(S+1)                                0.0000000000
      Total spin, S                                     0.0000000000
      Max non-diagonal density matrix element           0.0000013156
      Max non-diagonal Fock matrix element              0.0000000360
 
 
      All orbitals with orbital energies smaller than  E(LUMO)+0.5 are printed
 
++    Molecular orbitals:
      -------------------
 
      Title: SCF orbitals

      Molecular orbitals for symmetry species 1: a  
 
          Orbital            1         2         3         4         5         6         7         8         9        10    
          Energy           -0.3813   -0.3721   -0.3581   -0.3407   -0.3246   -0.1573   -0.1351   -0.1100   -0.0876   -0.0724
          Occ. No.          2.0000    2.0000    2.0000    2.0000    2.0000    0.0000    0.0000    0.0000    0.0000    0.0000
 
        1 H1     1s         0.1276   -0.2488    0.3391   -0.3597    0.2527   -0.2823    0.4291   -0.4394    0.3492   -0.1927
        2 H1     2s         0.0246   -0.0488    0.0686   -0.0759    0.0554   -0.0857    0.1357   -0.1440    0.1167   -0.0648
        3 H1     2px        0.0000   -0.0000    0.0000   -0.0000    0.0000    0.0000   -0.0000    0.0000   -0.0000    0.0000
        4 H1     2py       -0.0000   -0.0000   -0.0000    0.0000   -0.0000    0.0000   -0.0000   -0.0000    0.0000   -0.0000
        5 H1     2pz        0.0043   -0.0077    0.0093   -0.0085    0.0052    0.0019   -0.0055    0.0093   -0.0105    0.0071
        6 H2     1s         0.1706   -0.3084    0.3714   -0.3328    0.1965    0.1480   -0.3329    0.4728   -0.4717    0.2962
        7 H2     2s         0.0276   -0.0579    0.0837   -0.0899    0.0611    0.0396   -0.1046    0.1607   -0.1642    0.1029
        8 H2     2px        0.0000   -0.0000    0.0000    0.0000   -0.0000    0.0000   -0.0000    0.0000    0.0000   -0.0000
        9 H2     2py        0.0000    0.0000    0.0000    0.0000   -0.0000    0.0000    0.0000   -0.0000    0.0000    0.0000
       10 H2     2pz       -0.0007    0.0028   -0.0064    0.0097   -0.0082    0.0111   -0.0137    0.0083   -0.0005   -0.0027
       11 H3     1s         0.2851   -0.3388    0.0939    0.2635   -0.3541    0.3919   -0.2896   -0.1482    0.4897   -0.4227
       12 H3     2s         0.0550   -0.0629    0.0079    0.0731   -0.0922    0.1220   -0.0902   -0.0548    0.1693   -0.1442
       13 H3     2px       -0.0000   -0.0000   -0.0000   -0.0000    0.0000    0.0000   -0.0000   -0.0000    0.0000   -0.0000
       14 H3     2py        0.0000   -0.0000    0.0000   -0.0000   -0.0000   -0.0000    0.0000    0.0000    0.0000    0.0000
       15 H3     2pz        0.0051   -0.0037   -0.0034    0.0093   -0.0077   -0.0085    0.0141   -0.0100   -0.0017    0.0072
       16 H4     1s         0.3118   -0.3026   -0.0222    0.3355   -0.3171   -0.3078    0.4262   -0.1109   -0.3937    0.4801
       17 H4     2s         0.0545   -0.0651    0.0073    0.0767   -0.0890   -0.0913    0.1419   -0.0422   -0.1343    0.1650
       18 H4     2px       -0.0000   -0.0000    0.0000   -0.0000   -0.0000    0.0000    0.0000   -0.0000   -0.0000   -0.0000
       19 H4     2py        0.0000    0.0000   -0.0000    0.0000    0.0000    0.0000    0.0000    0.0000    0.0000   -0.0000
       20 H4     2pz       -0.0030    0.0064   -0.0048   -0.0044    0.0100   -0.0135    0.0047    0.0107   -0.0106    0.0014
       21 H5     1s         0.3581   -0.0444   -0.3568    0.0625    0.3733   -0.3999   -0.1281    0.4624    0.1028   -0.5247
       22 H5     2s         0.0660    0.0009   -0.0798    0.0036    0.1007   -0.1221   -0.0480    0.1566    0.0377   -0.1796
       23 H5     2px       -0.0000    0.0000   -0.0000   -0.0000   -0.0000    0.0000    0.0000   -0.0000   -0.0000   -0.0000
       24 H5     2py       -0.0000    0.0000   -0.0000   -0.0000    0.0000    0.0000   -0.0000   -0.0000   -0.0000    0.0000
       25 H5     2pz        0.0048    0.0033   -0.0068   -0.0041    0.0099    0.0125   -0.0087   -0.0092    0.0095    0.0049
       26 H6     1s         0.3581    0.0444   -0.3568   -0.0625    0.3733    0.3999   -0.1281   -0.4624    0.1028    0.5247
       27 H6     2s         0.0660   -0.0009   -0.0798   -0.0036    0.1007    0.1221   -0.0480   -0.1566    0.0377    0.1796
       28 H6     2px       -0.0000   -0.0000   -0.0000   -0.0000    0.0000   -0.0000   -0.0000    0.0000    0.0000    0.0000
       29 H6     2py        0.0000   -0.0000   -0.0000    0.0000   -0.0000   -0.0000    0.0000    0.0000    0.0000    0.0000
       30 H6     2pz       -0.0048    0.0033    0.0068   -0.0041   -0.0099    0.0125    0.0087   -0.0092   -0.0095    0.0049
       31 H7     1s         0.3118    0.3026   -0.0222   -0.3355   -0.3171    0.3078    0.4262    0.1109   -0.3937   -0.4801
       32 H7     2s         0.0545    0.0651    0.0073   -0.0767   -0.0890    0.0913    0.1419    0.0422   -0.1343   -0.1650
       33 H7     2px       -0.0000    0.0000    0.0000    0.0000    0.0000   -0.0000    0.0000   -0.0000    0.0000    0.0000
       34 H7     2py       -0.0000    0.0000    0.0000   -0.0000    0.0000    0.0000   -0.0000   -0.0000   -0.0000    0.0000
       35 H7     2pz        0.0030    0.0064    0.0048   -0.0044   -0.0100   -0.0135   -0.0047    0.0107    0.0106    0.0014
       36 H8     1s         0.2851    0.3388    0.0939   -0.2635   -0.3541   -0.3919   -0.2896    0.1482    0.4897    0.4227
       37 H8     2s         0.0550    0.0629    0.0079   -0.0731   -0.0922   -0.1220   -0.0902    0.0548    0.1693    0.1442
       38 H8     2px       -0.0000   -0.0000   -0.0000    0.0000    0.0000    0.0000    0.0000    0.0000    0.0000   -0.0000
       39 H8     2py       -0.0000    0.0000   -0.0000   -0.0000   -0.0000   -0.0000    0.0000    0.0000    0.0000   -0.0000
       40 H8     2pz       -0.0051   -0.0037    0.0034    0.0093    0.0077   -0.0085   -0.0141   -0.0100    0.0017    0.0072
       41 H9     1s         0.1706    0.3084    0.3714    0.3328    0.1965   -0.1480   -0.3329   -0.4728   -0.4717   -0.2962
       42 H9     2s         0.0276    0.0579    0.0837    0.0899    0.0611   -0.0396   -0.1046   -0.1607   -0.1642   -0.1029
       43 H9     2px        0.0000    0.0000    0.0000    0.0000   -0.0000    0.0000    0.0000   -0.0000   -0.0000   -0.0000
       44 H9     2py       -0.0000    0.0000   -0.0000   -0.0000    0.0000    0.0000   -0.0000   -0.0000    0.0000    0.0000
       45 H9     2pz        0.0007    0.0028    0.0064    0.0097    0.0082    0.0111    0.0137    0.0083    0.0005   -0.0027
       46 H10    1s         0.1276    0.2488    0.3391    0.3597    0.2527    0.2823    0.4291    0.4394    0.3492    0.1927
       47 H10    2s         0.0246    0.0488    0.0686    0.0759    0.0554    0.0857    0.1357    0.1440    0.1167    0.0648
       48 H10    2px       -0.0000   -0.0000    0.0000    0.0000   -0.0000   -0.0000   -0.0000    0.0000    0.0000    0.0000
       49 H10    2py        0.0000   -0.0000   -0.0000   -0.0000   -0.0000    0.0000   -0.0000    0.0000   -0.0000    0.0000
       50 H10    2pz       -0.0043   -0.0077   -0.0093   -0.0085   -0.0052    0.0019    0.0055    0.0093    0.0105    0.0071
 
          Orbital           11        12        13    
          Energy            0.3175    0.3260    0.3412
          Occ. No.          0.0000    0.0000    0.0000
 
        1 H1     1s        -0.0860    0.1430   -0.1545
        2 H1     2s         0.1617   -0.2967    0.3862
        3 H1     2px        0.0000   -0.0000    0.0000
        4 H1     2py        0.0000    0.0000   -0.0000
        5 H1     2pz       -0.0051    0.0079   -0.0082
        6 H2     1s        -0.1432    0.2078   -0.1695
        7 H2     2s         0.1767   -0.2743    0.2499
        8 H2     2px        0.0000   -0.0000    0.0000
        9 H2     2py        0.0000   -0.0000   -0.0000
       10 H2     2pz        0.0019   -0.0024   -0.0007
       11 H3     1s        -0.1645    0.1826   -0.0509
       12 H3     2s         0.2245   -0.2694    0.0872
       13 H3     2px       -0.0000    0.0000   -0.0000
       14 H3     2py       -0.0000   -0.0000    0.0000
       15 H3     2pz       -0.0023    0.0021   -0.0026
       16 H4     1s        -0.1905    0.1282    0.0887
       17 H4     2s         0.2543   -0.1864   -0.1457
       18 H4     2px       -0.0000    0.0000    0.0000
       19 H4     2py        0.0000   -0.0000   -0.0000
       20 H4     2pz        0.0027   -0.0012   -0.0038
       21 H5     1s        -0.2006    0.0497    0.1739
       22 H5     2s         0.2707   -0.0708   -0.2934
       23 H5     2px       -0.0000   -0.0000   -0.0000
       24 H5     2py        0.0000   -0.0000   -0.0000
       25 H5     2pz       -0.0029    0.0011    0.0008
       26 H6     1s        -0.2006   -0.0497    0.1739
       27 H6     2s         0.2707    0.0708   -0.2934
       28 H6     2px       -0.0000    0.0000    0.0000
       29 H6     2py       -0.0000   -0.0000   -0.0000
       30 H6     2pz        0.0029    0.0011   -0.0008
       31 H7     1s        -0.1905   -0.1282    0.0887
       32 H7     2s         0.2543    0.1864   -0.1457
       33 H7     2px        0.0000   -0.0000   -0.0000
       34 H7     2py        0.0000   -0.0000   -0.0000
       35 H7     2pz       -0.0027   -0.0012    0.0038
       36 H8     1s        -0.1645   -0.1826   -0.0509
       37 H8     2s         0.2245    0.2694    0.0872
       38 H8     2px        0.0000   -0.0000    0.0000
       39 H8     2py        0.0000    0.0000    0.0000
       40 H8     2pz        0.0023    0.0021    0.0026
       41 H9     1s        -0.1432   -0.2078   -0.1695
       42 H9     2s         0.1767    0.2743    0.2499
       43 H9     2px        0.0000    0.0000    0.0000
       44 H9     2py        0.0000    0.0000   -0.0000
       45 H9     2pz       -0.0019   -0.0024    0.0007
       46 H10    1s        -0.0860   -0.1430   -0.1545
       47 H10    2s         0.1617    0.2967    0.3862
       48 H10    2px       -0.0000   -0.0000   -0.0000
       49 H10    2py        0.0000   -0.0000   -0.0000
       50 H10    2pz        0.0051    0.0079    0.0082
--
 
 
++    Molecular charges:
      ------------------
 
      Mulliken charges per centre and basis function type
      ---------------------------------------------------
 
                H1      H2      H3      H4      H5      H6      H7      H8      H9      H10   
      1s       0.8808  0.9267  0.9050  0.9114  0.9080  0.9080  0.9114  0.9050  0.9267  0.8808
      2s       0.0877  0.0956  0.0876  0.0896  0.0889  0.0889  0.0896  0.0876  0.0956  0.0877
      2px      0.0000  0.0000  0.0000  0.0000  0.0000  0.0000  0.0000  0.0000  0.0000  0.0000
      2pz      0.0034  0.0039  0.0039  0.0038  0.0038  0.0038  0.0038  0.0039  0.0039  0.0034
      2py      0.0000  0.0000  0.0000  0.0000  0.0000  0.0000  0.0000  0.0000  0.0000  0.0000
      Total    0.9719  1.0262  0.9965  1.0048  1.0007  1.0007  1.0048  0.9965  1.0262  0.9719
 
      N-E      0.0281 -0.0262  0.0035 -0.0048 -0.0007 -0.0007 -0.0048  0.0035 -0.0262  0.0281
 
      Total electronic charge=   10.000000
 
      Total            charge=   -0.000000
--
 
 
  Input file to MOLDEN was generated!
 
 
++    Static properties:
      ------------------
 
 
      LoProp Charges per center
 

                   H1       H2       H3       H4       H5       H6       H7       H8       H9       H10   
      Nuclear      1.0000   1.0000   1.0000   1.0000   1.0000   1.0000   1.0000   1.0000   1.0000   1.0000
      Electronic  -0.9817  -1.0154  -0.9975  -1.0046  -1.0008  -1.0008  -1.0046  -0.9975  -1.0154  -0.9817
 
      Total        0.0183  -0.0154   0.0025  -0.0046  -0.0008  -0.0008  -0.0046   0.0025  -0.0154   0.0183
--
 
 
++    Natural Bond Order analysis
      ---------------------------
      Based on LoProp computed density
      -------------------------------------------------------------------------------------
      Atom A       Atom B       Bond Order
      -------------------------------------------------------------------------------------
      NBO located      0.972 non-bonded electrons on atom H1        
      NBO located      1.003 non-bonded electrons on atom H3        
      NBO located      1.011 non-bonded electrons on atom H4        
      NBO located      1.007 non-bonded electrons on atom H5        
      NBO located      1.007 non-bonded electrons on atom H6        
      NBO located      1.011 non-bonded electrons on atom H7        
      NBO located      1.003 non-bonded electrons on atom H8        
      NBO located      0.972 non-bonded electrons on atom H10       
      The remaining    2.013 electrons are to be considered as diffuse
--
 
 
++    Molecular properties:
      ---------------------
 
      Charge (e):
                      =   -0.0000
      Dipole Moment (Debye):
      Origin of the operator (Ang)=    0.0000    0.0000    0.0000
                   X= -3.9763E-13               Y=  1.8408E-14               Z=  3.3864E-07           Total=  3.3864E-07
      Quadrupole Moment (Debye*Ang):
      Origin of the operator (Ang)=    0.0000    0.0000   11.9727
                  XX= -2.4178E+01              XY=  3.4958E-28              XZ=  4.7473E-12              YY= -2.4178E+01
                  YZ= -1.5203E-13              ZZ=  2.5929E+00
      In traceless form (Debye*Ang)
                  XX= -1.3386E+01              XY=  5.2437E-28              XZ=  7.1210E-12              YY= -1.3386E+01
                  YZ= -2.2804E-13              ZZ=  2.6771E+01
--
 
 
  Input file to MOLDEN was generated!
 
 ###############################################################################
 ###############################################################################
 ###                                                                         ###
 ###                                                                         ###
 ###    RunFile label nBas                                                   ###
 ###    was used       78 times                                              ###
 ###                                                                         ###
 ###                                                                         ###
 ###############################################################################
 ###############################################################################
forrtl: warning (528): IEEE_UNDERFLOW is signaling
--- Stop Module: scf at Sun Oct 26 17:58:48 2025 /rc=_RC_ALL_IS_WELL_ ---
*** files: H10_2.66.LprOrb H10_2.66.LoProp.molden H10_2.66.scf.molden H10_2.66.ScfOrb H10_2.66.scf.h5 xmldump
    saved to directory /home/grierjones/DDCASPT2/hydrogen_comps/rerun/H10_chain/H10_2.66

>>> COPY /tmp/H10_2.66/H10_2.66.scf.h5 /home/grierjones/DDCASPT2/hydrogen_comps/rerun/H10_chain/H10_2.66/

*** symbolic link created: INPORB -> H10_2.66.ScfOrb
--- Start Module: rasscf at Sun Oct 26 17:58:48 2025 ---
 
()()()()()()()()()()()()()()()()()()()()()()()()()()()()()()()()()()()()()()()()()()()()()()()()()()

                                              &RASSCF

                                   only a single process is used
                       available to each process: 2.0 GB of memory, 1 thread?
()()()()()()()()()()()()()()()()()()()()()()()()()()()()()()()()()()()()()()()()()()()()()()()()()()
 
 
      Header of the ONEINT file:
      --------------------------
      
      Integrals generated by seward 4.2.0  , Sun Oct 26 17:58:47 2025
 
 
      OrdInt status: non-squared
 
 
      Cartesian coordinates in Angstrom:
      -----------------------------------------------------
      No.  Label        X            Y            Z        
      -----------------------------------------------------
       1   H1         0.00000000   0.00000000   0.00000000
       2   H2         0.00000000   0.00000000   2.66060600
       3   H3         0.00000000   0.00000000   5.32121200
       4   H4         0.00000000   0.00000000   7.98181800
       5   H5         0.00000000   0.00000000  10.64242400
       6   H6         0.00000000   0.00000000  13.30303000
       7   H7         0.00000000   0.00000000  15.96363600
       8   H8         0.00000000   0.00000000  18.62424200
       9   H9         0.00000000   0.00000000  21.28484800
      10   H10        0.00000000   0.00000000  23.94545500
      -----------------------------------------------------
      Nuclear repulsion energy =    3.83659215
 
++    Wave function specifications:
      -----------------------------
 
      Number of closed shell electrons           0
      Number of electrons in active shells      10
      Max number of holes in RAS1 space          0
      Max nr of electrons in RAS3 space          0
      Number of inactive orbitals                0
      Number of active orbitals                 10
      Number of secondary orbitals              40
      Spin quantum number                      0.0
      State symmetry                             1
--
 
++    Orbital specifications:
      -----------------------
 
      Symmetry species                           1
                                                 a
      Frozen orbitals                            0
      Inactive orbitals                          0
      Active orbitals                           10
      RAS1 orbitals                              0
      RAS2 orbitals                             10
      RAS3 orbitals                              0
      Secondary orbitals                        40
      Deleted orbitals                           0
      Number of basis functions                 50
--
 
++    CI expansion specifications:
      ----------------------------
 
      Number of CSFs                         19404
      Number of determinants                 31878
      Number of root(s) required                 1
      Root chosen for geometry opt.              1
      CI root used                               1
         
      highest root included in the CI            1
      max. size of the explicit Hamiltonian    200
--
 
++    Optimization specifications:
      ----------------------------
 
      RASSCF algorithm: Conventional
      Maximum number of macro iterations       200
      Maximum number of SX iterations          100
      Threshold for RASSCF energy            0.100E-07
      Threshold for max MO rotation          0.100E+00
      Threshold for max BLB element          0.100E-03
      Level shift parameter                  0.500E+00
      Make Quasi-Newton update
--
 
      The MO-coefficients are taken from the file:
      /home/grierjones/DDCASPT2/hydrogen_comps/rerun/H10_chain/H10_0.60/H10_0.60.RasOrb                                               
      Title: RASSCF average (pseudo-natural) orbitals                                      
 
      Total molecular charge    0.00
 
      ************************************************************************************************************************
      *                                                                                                                      *
      *                                            Wave function control section                                             *
      *                                                                                                                      *
      ************************************************************************************************************************
 
 
                                         RASSCF iterations: Energy and convergence statistics
                                         ----------------------------------------------------
 
      Iter CI   SX   CI       RASSCF       Energy    max ROT     max BLB   max BLB  Level Ln srch  Step   QN   Walltime
          iter iter root      energy       change     param      element    value   shift minimum  type update hh:mm:ss
        No convergence in the CI section: MAXJT will be increased to 
 24
 Nr of preliminary CI iterations:  12
        No convergence in the CI section: MAXJT will be increased to 
 24
        1  12  100    1    -3.31353076    0.00E+00  -0.18E+00*   9  29 1  0.27E+00*  0.44   0.00    SX    NO    0:00:01
        2  11  100    1    -4.06422266   -0.75E+00* -0.21E+00*   3  16 1  0.18E+00*  0.32   0.00    SX    NO    0:00:00
 ###############################################################################
 ###############################################################################
 ###                                                                         ###
 ###                                                                         ###
 ###    Large orbital rotation.                                              ###
 ###                                                                         ###
 ###                                                                         ###
 ###############################################################################
 ###############################################################################
      Molecular orbital  10 of symmetry 1 MO space 2  weight is    0.308585
        3   6  100    1    -4.44283481   -0.38E+00* -0.63E+00*   3  16 1  0.16E+00*  0.23   0.00    SX    NO    0:00:00
 ###############################################################################
 ###############################################################################
 ###                                                                         ###
 ###                                                                         ###
 ###    Large orbital rotation.                                              ###
 ###                                                                         ###
 ###                                                                         ###
 ###############################################################################
 ###############################################################################
      Molecular orbital  10 of symmetry 1 MO space 2  weight is    0.089268
        4   5  100    1    -4.55002019   -0.11E+00* -0.65E+00*   2  12 1 -0.16E+00*  0.13   0.00    SX    NO    0:00:00
        5   7   30    1    -4.70759662   -0.16E+00*  0.25E+00*   3  22 1  0.64E-01*  0.12   0.00    SX    NO    0:00:00
        6   6   21    1    -4.82328767   -0.12E+00*  0.83E-01   10  37 1  0.30E-01*  0.13   1.22    QN   YES    0:00:00
        7   5   27    1    -4.83555423   -0.12E-01* -0.35E-01   10  22 1  0.31E-01*  0.12   0.76    QN   YES    0:00:00
        No convergence in the CI section: MAXJT will be increased to 
 108
        8  96   31    1    -4.84809326   -0.13E-01* -0.17E-01    1  11 1 -0.69E-02*  0.13   1.01    QN   YES    0:00:04
        9  23   28    1    -4.84944307   -0.13E-02*  0.67E-02   10  22 1 -0.58E-02*  0.13   0.93    QN   YES    0:00:01
       10  48   27    1    -4.84985730   -0.41E-03* -0.35E-02   10  22 1 -0.15E-02*  0.13   1.03    QN   YES    0:00:02
       11  23   26    1    -4.84990226   -0.45E-04*  0.33E-02    8  16 1 -0.26E-03*  0.13   0.99    QN   YES    0:00:01
       12  53   25    1    -4.84991780   -0.16E-04*  0.55E-02   10  22 1  0.25E-03*  0.13   1.03    QN   YES    0:00:02
       13  47   26    1    -4.84992725   -0.95E-05*  0.95E-01    3  16 1 -0.32E-03*  0.13   1.58    QN   YES    0:00:02
       14 122   29    1    -4.85021968   -0.29E-03*  0.83E-01    1  26 1  0.25E-02*  0.12   2.50    LS   YES    0:00:05
       15   6   35    1    -4.85125232   -0.10E-02*  0.77E-01    6  16 1  0.51E-02*  0.11   2.50    LS   YES    0:00:00
       16   6  100    1    -4.85363616   -0.24E-02* -0.86E-01    6  16 1  0.90E-02*  0.09   2.50    QN   YES    0:00:00
       17   5   36    1    -4.85119175    0.24E-02*  0.63E-01    6  16 1  0.47E-02*  0.11  -0.50    LS   YES    0:00:00
       18   5   38    1    -4.85279187   -0.16E-02*  0.66E-01    6  16 1  0.77E-02*  0.10   2.50    LS   YES    0:00:00
       19   6  100    1    -4.85573730   -0.29E-02* -0.81E-01    6  16 1  0.12E-01*  0.08   2.50    QN   YES    0:00:00
       20   6   49    1    -4.85242640    0.33E-02*  0.63E-01    6  16 1  0.67E-02*  0.11  -0.50    LS   YES    0:00:00
       21   5   38    1    -4.85473221   -0.23E-02*  0.67E-01    6  16 1  0.10E-01*  0.09   2.50    LS   YES    0:00:00
       22   6  100    1    -4.85908696   -0.44E-02*  0.78E-01    6  16 1  0.15E-01*  0.06   2.50    QN   YES    0:00:00
       23   6   96    1    -4.85525703    0.38E-02* -0.62E-01    6  16 1  0.10E-01*  0.09  -0.50    LS   YES    0:00:00
       24   5  100    1    -4.85811580   -0.29E-02* -0.69E-01    6  16 1  0.14E-01*  0.07   2.50    LS   YES    0:00:00
       25   7  100    1    -4.86343513   -0.53E-02*  0.53E-01    6  16 1  0.19E-01*  0.04   2.50    QN   YES    0:00:00
       26   5  100    1    -4.86125336    0.22E-02* -0.90E-01    6  16 1  0.16E-01*  0.06  -0.50    SX   YES    0:00:00
       27   7  100    1    -4.87749582   -0.16E-01* -0.86E-01    8  11 1  0.24E-01*  0.02   2.50    LS   YES    0:00:00
       28   7  100    1    -4.90273575   -0.25E-01* -0.84E-01    8  11 1  0.46E-01*  0.00   2.50    LS   YES    0:00:00
       29   7  100    1    -4.93270113   -0.30E-01* -0.23E+00*   8  11 1  0.59E-01*  0.00   2.36    QN   YES    0:00:00
       30   6  100    1    -4.93812749   -0.54E-02*  0.63E-01    6  16 1 -0.55E-01*  0.00   0.55    SX   YES    0:00:00
       31  19   46    1    -4.98614208   -0.48E-01*  0.27E-01    6  16 1 -0.21E-01*  0.00   1.50    LS   YES    0:00:01
       32   3   21    1    -4.99361360   -0.75E-02* -0.52E-01    2  17 1  0.11E-01*  0.00   1.27    QN   YES    0:00:00
       33   6  100    1    -4.97481412    0.19E-01*  0.30E-01    8  16 1  0.47E-01*  0.00  -0.01    LS   YES    0:00:00
       34   4   13    1    -4.99028368   -0.15E-01*  0.19E-01    8  16 1  0.23E-01*  0.00   1.70    LS   YES    0:00:00
       35   3   14    1    -4.99357834   -0.33E-02* -0.43E-02    2  17 1  0.11E-01*  0.00   1.16    QN   YES    0:00:00
       36  10   13    1    -4.99403867   -0.46E-03* -0.14E-01    2  17 1  0.98E-02*  0.00   1.35    QN   YES    0:00:00
       37  42   10    1    -4.99422556   -0.19E-03* -0.97E-02    8  31 1  0.12E-01*  0.00   0.56    QN   YES    0:00:02
       38  31   12    1    -4.99531951   -0.11E-02* -0.44E-02    6  17 1  0.44E-02*  0.00   1.28    QN   YES    0:00:01
       39   4   11    1    -4.99559507   -0.28E-03* -0.21E-02    2  17 1  0.16E-02*  0.00   1.41    QN   YES    0:00:00
       40   4   10    1    -4.99565209   -0.57E-04* -0.54E-03    8  31 1 -0.41E-03*  0.00   1.08    QN   YES    0:00:00
       41  35    9    1    -4.99566428   -0.12E-04*  0.19E-03    8  31 1 -0.19E-03*  0.00   1.00    QN   YES    0:00:01
       42  47    9    1    -4.99566697   -0.27E-05* -0.15E-03    6  11 1 -0.14E-03*  0.00   1.02    QN   YES    0:00:02
       43  60    8    1    -4.99566769   -0.72E-06* -0.69E-04    6  11 1 -0.49E-04   0.00   1.02    QN   YES    0:00:02
       44  16    7    1    -4.99566778   -0.93E-07*  0.98E-05    6  45 1 -0.13E-04   0.00   1.01    QN   YES    0:00:00
       45   1    6    1    -4.99566778   -0.34E-08   0.10E-04    8  11 1 -0.63E-05   0.00   1.38    QN   YES    0:00:00
      Convergence after 45 iterations
 
  Dmat in MO in SXCTL bf call to SXHAM                                                                                    
  mat. size =    10x   10
 
        1.2839314070176839
       -0.0044200182256802      1.2440640318461844
       -0.0429633367989835     -0.0023232370473780      1.1842778137199648
       -0.0000312829145739      0.0499051392953197     -0.0000488879813494      1.1169545227231499
       -0.0137498484965627     -0.0009136223867398     -0.0097221376802052      0.0000799205120794      1.1163068555579854
       -0.0358050187086445     -0.0188572362637231     -0.0845286700483966     -0.0001536546117076     -0.0047316154380915
        0.8319210783182927
       -0.0025096904623059     -0.0865407960010541     -0.0013185102754784      0.1431004822504834     -0.0000585329334674
       -0.0095705140768979      0.7770209541111937
       -0.0516339646031262      0.0243537515405444     -0.1134941172523666     -0.0002146944839361      0.0477110708044024
        0.0171461146207021      0.0124781810782514      0.7727070891378006
       -0.0032064126545760     -0.0641780464029629     -0.0009768709584865      0.0468605242827685     -0.0006105041517693
       -0.0166627186918068      0.0270871310923434      0.0219160046569974      0.8877638608447280
       -0.0522452332054648     -0.0490372699750917     -0.0387516487265484     -0.0076030588476696      0.0230755692948583
       -0.0134167733410642     -0.0166549292782816     -0.0050107074807603     -0.0339711937448446      0.7850523867230405
       46   2    6    1    -4.99566778   -0.16E-08   0.10E-04    8  49 1  0.25E-05   0.00   1.38    QN   YES    0:00:00
 
      ************************************************************************************************************************
                                                      Wave function printout:
                       occupation of active orbitals, and spin coupling of open shells (u,d: Spin up or down)
      ************************************************************************************************************************
 
      Note: transformation to natural orbitals
      has been made, which may change the order of the CSFs.
 
      printout of CI-coefficients larger than  0.05 for root  1
      energy=      -4.995668
      conf/sym  1111111111     Coeff  Weight
             1  2222200000  -0.25224 0.06362
            36  2222000020   0.13166 0.01733
            48  222udu00d0   0.14379 0.02068
            70  22u2d000ud  -0.11612 0.01348
            80  2u22d00ud0   0.10245 0.01050
            82  2u22du000d   0.05104 0.00261
            90  u222du0d00  -0.05937 0.00352
            94  u222d0u0d0  -0.12179 0.01483
           102  2220220000   0.09087 0.00826
           125  22ud200ud0  -0.05096 0.00260
           127  22ud2u000d  -0.11223 0.01259
           135  2u2d2u0d00   0.11004 0.01211
           139  2u2d20u0d0   0.05949 0.00354
           148  u22d2ud000  -0.09276 0.00860
           176  2202200002   0.07944 0.00631
           189  2ud2200u0d  -0.09751 0.00951
           203  u2d220u00d   0.09053 0.00820
           212  2022200200   0.06864 0.00471
           226  ud2220ud00  -0.09330 0.00870
           239  0222202000   0.07278 0.00530
           286  u222u0d0d0  -0.05110 0.00261
          1966  2220020020  -0.08271 0.00684
          2039  22ud0u002d  -0.08622 0.00743
          2069  2u2d0u0d20  -0.07975 0.00636
          2117  u22d0ud020   0.07135 0.00509
          2201  2202000022  -0.06104 0.00373
          2241  2ud2000u2d  -0.06951 0.00483
          2290  u2d200u02d   0.06114 0.00374
          2321  2022000220  -0.05118 0.00262
          2370  ud2200ud20   0.06052 0.00366
          2418  0222002020  -0.05415 0.00293
          2480  22u0d200ud  -0.07304 0.00534
          2510  2u20d20ud0   0.05898 0.00348
          2558  u220d2u0d0  -0.06293 0.00396
          2648  220udu00d2  -0.06398 0.00409
          2687  2ududu0udd   0.07177 0.00515
          2736  u2duduu0dd  -0.06587 0.00434
          2764  202udu02d0   0.05374 0.00289
          2813  ud2uduudd0  -0.06612 0.00437
          2859  022udu20d0   0.05504 0.00303
          2933  2uuddu0dud   0.06184 0.00382
          2981  u2uddud0ud  -0.05583 0.00312
          3011  uu2ddudud0   0.06398 0.00409
          3013  uu2dduudd0  -0.05129 0.00263
          3149  u202d0u0d2  -0.06009 0.00361
          3234  udu2d0udud  -0.06435 0.00414
          3338  uud2d0uudd   0.06018 0.00362
          3365  u022d0u2d0   0.05031 0.00253
          3492  2200220002  -0.05163 0.00267
          3524  2ud0220u0d   0.05494 0.00302
          3795  2u0d2u0d02   0.06339 0.00402
          3927  udud2uud0d   0.05542 0.00307
          4025  uudd2udu0d   0.05591 0.00313
         12246  2200020022   0.05616 0.00315
         12276  2ud0020u2d   0.05974 0.00357
         12324  u2d002u02d  -0.05564 0.00310
         12549  2u0d0u0d22  -0.05576 0.00311
         12630  20ud0u022d  -0.05004 0.00250
         12679  udud0uud2d   0.05222 0.00273
         12777  uudd0udu2d   0.05216 0.00272
         12858  0u2d0u2d20  -0.05056 0.00256
         13366  udu0d2udud  -0.05411 0.00293
         18953  ud0002ud22   0.05549 0.00308
         19085  u000d2u2d2   0.05152 0.00265
         19404  0000022222   0.06471 0.00419
 
      Natural orbitals and occupation numbers for root  1
      sym 1:   1.304096   1.278209   1.235841   1.179582   1.115709   0.822398   0.692617   0.719830   0.887518   0.764201

 
      ************************************************************************************************************************
      *                                                                                                                      *
      *                                                    Final results                                                     *
      *                                                                                                                      *
      ************************************************************************************************************************
 
 
++    Wave function specifications:
      -----------------------------
 
      Number of closed shell electrons           0
      Number of electrons in active shells      10
      Max number of holes in RAS1 space          0
      Max nr of electrons in RAS3 space          0
      Number of inactive orbitals                0
      Number of active orbitals                 10
      Number of secondary orbitals              40
      Spin quantum number                      0.0
      State symmetry                             1
--
 
++    Orbital specifications:
      -----------------------
 
      Symmetry species                           1
                                                 a
      Frozen orbitals                            0
      Inactive orbitals                          0
      Active orbitals                           10
      RAS1 orbitals                              0
      RAS2 orbitals                             10
      RAS3 orbitals                              0
      Secondary orbitals                        40
      Deleted orbitals                           0
      Number of basis functions                 50
--
 
++    CI expansion specifications:
      ----------------------------
 
      Number of CSFs                         19404
      Number of determinants                 31878
      Number of root(s) required                 1
      CI root used                               1
      highest root included in the CI            1
      Root passed to geometry opt.               1
--
 
++    Final optimization conditions:
      ------------------------------
 
      Average CI energy                              -4.99566778
      RASSCF energy for state  1                     -4.99566778
      Super-CI energy                                -0.00000000
      RASSCF energy change                            0.00000000
      Max change in MO coefficients              -0.136E-04
      Max non-diagonal density matrix element     0.102E-04
      Maximum BLB matrix element                  0.246E-05
      (orbital pair   8,  49 in symmetry   1)
      Norm of electronic gradient            0.852E-05
--
 
 
      Final state energy(ies):
      ------------------------
 
::    RASSCF root number  1 Total energy:     -4.99566778
 
++    Molecular orbitals:
      -------------------
 
      Pseudonatural active orbitals and approximate occupation numbers
 
 
 
 
      Molecular orbitals for symmetry species 1: a  
 
 
      Orbital                1         2         3         4         5         6         7         8         9        10
      Energy            0.0000    0.0000    0.0000    0.0000    0.0000    0.0000    0.0000    0.0000    0.0000    0.0000
      Occ. No.          1.3041    1.2782    1.2358    1.1796    1.1157    0.8224    0.6926    0.7198    0.8875    0.7642
 
    1 H1     1s         0.1551    0.2836    0.3623   -0.3658    0.2685   -0.4086    0.1891    0.3387   -0.2881    0.4196
    2 H1     2s         0.0116    0.0215    0.0280   -0.0292    0.0224   -0.0448    0.0251    0.0430   -0.0292    0.0498
    3 H1     2px       -0.0000    0.0000    0.0000   -0.0000    0.0000   -0.0000   -0.0000    0.0000    0.0000   -0.0000
    4 H1     2py       -0.0000    0.0000   -0.0000    0.0000    0.0000   -0.0000   -0.0000    0.0000    0.0000   -0.0000
    5 H1     2pz        0.0006    0.0009    0.0008   -0.0006    0.0003   -0.0011    0.0013    0.0019   -0.0005    0.0018
    6 H2     1s         0.2148    0.3587    0.3892   -0.3032    0.1493    0.3163   -0.2851   -0.4542    0.1302   -0.4554
    7 H2     2s         0.0137    0.0263    0.0348   -0.0346    0.0227    0.0333   -0.0480   -0.0709    0.0069   -0.0618
    8 H2     2px        0.0000   -0.0000   -0.0000    0.0000   -0.0000    0.0000    0.0000   -0.0000   -0.0000    0.0000
    9 H2     2py        0.0000   -0.0000    0.0000    0.0000   -0.0000    0.0000    0.0000   -0.0000    0.0000   -0.0000
   10 H2     2pz        0.0005    0.0004   -0.0003    0.0010   -0.0009   -0.0005   -0.0001    0.0002   -0.0000    0.0006
   11 H3     1s         0.2989    0.3451    0.0893    0.2654   -0.3916    0.2802    0.3875    0.4455    0.4136    0.1313
   12 H3     2s         0.0213    0.0231    0.0009    0.0300   -0.0407    0.0322    0.0643    0.0726    0.0480    0.0243
   13 H3     2px       -0.0000   -0.0000   -0.0000    0.0000    0.0000   -0.0000   -0.0000    0.0000    0.0000   -0.0000
   14 H3     2py        0.0000   -0.0000    0.0000    0.0000    0.0000   -0.0000   -0.0000    0.0000    0.0000   -0.0000
   15 H3     2pz        0.0000   -0.0005   -0.0011    0.0009   -0.0002    0.0007    0.0010    0.0005    0.0001   -0.0006
   16 H4     1s         0.3347    0.2843   -0.0956    0.3839   -0.2973   -0.4397   -0.4410   -0.3514   -0.2972    0.1349
   17 H4     2s         0.0224    0.0234   -0.0025    0.0333   -0.0347   -0.0591   -0.0749   -0.0539   -0.0300    0.0244
   18 H4     2px        0.0000   -0.0000   -0.0000   -0.0000   -0.0000    0.0000    0.0000   -0.0000   -0.0000    0.0000
   19 H4     2py        0.0000   -0.0000    0.0000   -0.0000   -0.0000    0.0000    0.0000   -0.0000   -0.0000    0.0000
   20 H4     2pz        0.0004   -0.0004   -0.0010    0.0001    0.0008    0.0004    0.0004    0.0011    0.0003    0.0007
   21 H5     1s         0.3642    0.0655   -0.3639    0.1177    0.3938    0.1554    0.4766    0.0982   -0.4080   -0.4358
   22 H5     2s         0.0251    0.0011   -0.0305    0.0048    0.0426    0.0259    0.0803    0.0190   -0.0451   -0.0632
   23 H5     2px        0.0000    0.0000    0.0000   -0.0000   -0.0000    0.0000   -0.0000   -0.0000   -0.0000    0.0000
   24 H5     2py        0.0000    0.0000    0.0000   -0.0000    0.0000    0.0000    0.0000   -0.0000   -0.0000    0.0000
   25 H5     2pz       -0.0002   -0.0009   -0.0002   -0.0010    0.0006   -0.0004    0.0008   -0.0008   -0.0003   -0.0008
   26 H6     1s         0.3639   -0.0662   -0.3641   -0.1147    0.3948    0.1524   -0.4763    0.0986    0.4091    0.4360
   27 H6     2s         0.0251   -0.0011   -0.0305   -0.0045    0.0426    0.0256   -0.0802    0.0191    0.0453    0.0632
   28 H6     2px        0.0000    0.0000    0.0000   -0.0000   -0.0000    0.0000    0.0000   -0.0000   -0.0000    0.0000
   29 H6     2py        0.0000    0.0000    0.0000   -0.0000   -0.0000    0.0000    0.0000   -0.0000   -0.0000    0.0000
   30 H6     2pz        0.0002   -0.0009    0.0002   -0.0010   -0.0006    0.0004    0.0008    0.0008   -0.0003   -0.0008
   31 H7     1s         0.3340   -0.2852   -0.0963   -0.3853   -0.2952   -0.4410    0.4403   -0.3522    0.2950   -0.1358
   32 H7     2s         0.0223   -0.0235   -0.0025   -0.0335   -0.0346   -0.0592    0.0748   -0.0541    0.0297   -0.0246
   33 H7     2px        0.0000   -0.0000   -0.0000    0.0000   -0.0000    0.0000    0.0000   -0.0000   -0.0000    0.0000
   34 H7     2py        0.0000   -0.0000    0.0000   -0.0000   -0.0000    0.0000    0.0000   -0.0000   -0.0000    0.0000
   35 H7     2pz       -0.0004   -0.0004    0.0010    0.0001   -0.0008   -0.0004    0.0004   -0.0011    0.0003    0.0007
   36 H8     1s         0.2980   -0.3457    0.0881   -0.2682   -0.3902    0.2829   -0.3867    0.4461   -0.4122   -0.1300
   37 H8     2s         0.0213   -0.0232    0.0007   -0.0303   -0.0406    0.0325   -0.0642    0.0727   -0.0479   -0.0242
   38 H8     2px        0.0000   -0.0000    0.0000    0.0000    0.0000   -0.0000   -0.0000    0.0000    0.0000   -0.0000
   39 H8     2py       -0.0000    0.0000   -0.0000    0.0000    0.0000   -0.0000   -0.0000    0.0000    0.0000   -0.0000
   40 H8     2pz       -0.0000   -0.0005    0.0011    0.0009    0.0002   -0.0007    0.0010   -0.0005    0.0001   -0.0006
   41 H9     1s         0.2139   -0.3593    0.3896    0.3034    0.1478    0.3161    0.2843   -0.4548   -0.1288    0.4556
   42 H9     2s         0.0136   -0.0263    0.0349    0.0347    0.0225    0.0332    0.0479   -0.0710   -0.0068    0.0618
   43 H9     2px        0.0000   -0.0000    0.0000    0.0000    0.0000   -0.0000   -0.0000   -0.0000    0.0000   -0.0000
   44 H9     2py       -0.0000   -0.0000   -0.0000    0.0000   -0.0000   -0.0000    0.0000   -0.0000   -0.0000    0.0000
   45 H9     2pz       -0.0005    0.0004    0.0003    0.0010    0.0009    0.0005   -0.0001   -0.0002   -0.0000    0.0006
   46 H10    1s         0.1547   -0.2844    0.3631    0.3663    0.2660   -0.4090   -0.1888    0.3395    0.2855   -0.4204
   47 H10    2s         0.0116   -0.0215    0.0281    0.0293    0.0221   -0.0448   -0.0251    0.0431    0.0290   -0.0498
   48 H10    2px       -0.0000    0.0000   -0.0000   -0.0000    0.0000   -0.0000   -0.0000    0.0000    0.0000   -0.0000
   49 H10    2py       -0.0000    0.0000   -0.0000   -0.0000   -0.0000   -0.0000   -0.0000    0.0000    0.0000   -0.0000
   50 H10    2pz       -0.0006    0.0009   -0.0008   -0.0006   -0.0003    0.0011    0.0013   -0.0019   -0.0005    0.0018
 
 
      Orbital               11        12        13        14        15        16        17        18        19        20
      Energy            0.3280    0.3362    0.3514    0.3752    0.4095    0.4553    0.5181    0.5936    0.6749    0.7506
      Occ. No.          0.0000    0.0000    0.0000    0.0000    0.0000    0.0000    0.0000    0.0000    0.0000    0.0000
 
    1 H1     1s        -0.0638    0.0993    0.0948   -0.0563    0.0029    0.0645    0.1159    0.1407   -0.1270    0.1131
    2 H1     2s         0.1669   -0.3003   -0.3893    0.4413    0.4666    0.4598    0.4267    0.3690   -0.2705    0.2034
    3 H1     2px        0.0000    0.0000    0.0000    0.0000   -0.0000    0.0000   -0.0000    0.0000    0.0000    0.0000
    4 H1     2py        0.0000   -0.0000    0.0000    0.0000   -0.0000    0.0000   -0.0000    0.0000    0.0000    0.0000
    5 H1     2pz       -0.0032    0.0050    0.0057   -0.0068   -0.0117   -0.0237   -0.0490   -0.0928    0.1539   -0.3160
    6 H2     1s        -0.1133    0.1622    0.1315   -0.0594   -0.0044   -0.0091   -0.0775   -0.1601    0.1775   -0.1272
    7 H2     2s         0.1852   -0.2843   -0.2584    0.1174   -0.1042   -0.3466   -0.5589   -0.6541    0.5473   -0.3490
    8 H2     2px        0.0000   -0.0000   -0.0000   -0.0000    0.0000   -0.0000    0.0000   -0.0000   -0.0000   -0.0000
    9 H2     2py       -0.0000   -0.0000    0.0000    0.0000    0.0000    0.0000    0.0000    0.0000   -0.0000    0.0000
   10 H2     2pz        0.0000    0.0001    0.0025   -0.0109   -0.0265   -0.0424   -0.0438   -0.0060   -0.0910    0.3384
   11 H3     1s        -0.1314    0.1391    0.0302    0.0730    0.0740    0.0063   -0.0063    0.1010   -0.1979    0.1379
   12 H3     2s         0.2300   -0.2731   -0.0843   -0.2171   -0.4310   -0.3782   -0.0201    0.4383   -0.6174    0.3735
   13 H3     2px        0.0000   -0.0000   -0.0000    0.0000   -0.0000    0.0000   -0.0000   -0.0000    0.0000   -0.0000
   14 H3     2py       -0.0000   -0.0000    0.0000    0.0000   -0.0000    0.0000   -0.0000    0.0000    0.0000    0.0000
   15 H3     2pz        0.0000    0.0002    0.0027   -0.0066    0.0004    0.0348    0.0980    0.1367   -0.0579   -0.2575
   16 H4     1s        -0.1476    0.1013   -0.0617    0.1148    0.0292   -0.0048    0.0693    0.0314    0.1530   -0.1351
   17 H4     2s         0.2580   -0.1903    0.1510   -0.3682   -0.1447    0.3551    0.5825    0.1370    0.4719   -0.3553
   18 H4     2px       -0.0000    0.0000   -0.0000   -0.0000    0.0000   -0.0000    0.0000   -0.0000   -0.0000   -0.0000
   19 H4     2py       -0.0000   -0.0000   -0.0000   -0.0000    0.0000   -0.0000    0.0000   -0.0000   -0.0000   -0.0000
   20 H4     2pz        0.0001    0.0005    0.0033   -0.0001    0.0210    0.0349   -0.0283   -0.1738    0.2079    0.1530
   21 H5     1s        -0.1561    0.0339   -0.1322    0.0520   -0.0602   -0.0059   -0.0402   -0.1453   -0.0564    0.1303
   22 H5     2s         0.2720   -0.0700    0.3033   -0.1810    0.3407    0.3647   -0.3568   -0.6076   -0.1763    0.3394
   23 H5     2px       -0.0000    0.0000    0.0000   -0.0000    0.0000   -0.0000    0.0000   -0.0000   -0.0000    0.0000
   24 H5     2py       -0.0000    0.0000    0.0000   -0.0000    0.0000   -0.0000    0.0000   -0.0000   -0.0000   -0.0000
   25 H5     2pz       -0.0002    0.0008    0.0008    0.0088    0.0131   -0.0341   -0.0780    0.0781   -0.2983   -0.0502
   26 H6     1s        -0.1561   -0.0339   -0.1322   -0.0520   -0.0602    0.0059   -0.0402    0.1453   -0.0564   -0.1303
   27 H6     2s         0.2720    0.0700    0.3033    0.1810    0.3407   -0.3646   -0.3568    0.6076   -0.1763   -0.3394
   28 H6     2px       -0.0000    0.0000   -0.0000   -0.0000    0.0000   -0.0000    0.0000   -0.0000   -0.0000   -0.0000
   29 H6     2py       -0.0000    0.0000   -0.0000   -0.0000    0.0000   -0.0000    0.0000   -0.0000   -0.0000   -0.0000
   30 H6     2pz        0.0002    0.0008   -0.0008    0.0088   -0.0131   -0.0341    0.0780    0.0781    0.2983   -0.0502
   31 H7     1s        -0.1476   -0.1013   -0.0617   -0.1148    0.0292    0.0048    0.0693   -0.0314    0.1530    0.1351
   32 H7     2s         0.2580    0.1903    0.1510    0.3682   -0.1446   -0.3552    0.5824   -0.1370    0.4719    0.3553
   33 H7     2px       -0.0000   -0.0000   -0.0000   -0.0000    0.0000   -0.0000    0.0000   -0.0000   -0.0000   -0.0000
   34 H7     2py       -0.0000    0.0000   -0.0000   -0.0000    0.0000   -0.0000    0.0000   -0.0000   -0.0000   -0.0000
   35 H7     2pz       -0.0001    0.0005   -0.0033   -0.0001   -0.0210    0.0349    0.0283   -0.1738   -0.2079    0.1530
   36 H8     1s        -0.1314   -0.1391    0.0302   -0.0730    0.0740   -0.0062   -0.0063   -0.1009   -0.1979   -0.1379
   37 H8     2s         0.2300    0.2731   -0.0843    0.2170   -0.4311    0.3782   -0.0200   -0.4383   -0.6174   -0.3735
   38 H8     2px       -0.0000   -0.0000   -0.0000    0.0000    0.0000   -0.0000    0.0000   -0.0000   -0.0000   -0.0000
   39 H8     2py        0.0000   -0.0000    0.0000    0.0000   -0.0000    0.0000   -0.0000    0.0000    0.0000    0.0000
   40 H8     2pz       -0.0000    0.0002   -0.0027   -0.0066   -0.0004    0.0348   -0.0980    0.1367    0.0579   -0.2575
   41 H9     1s        -0.1133   -0.1622    0.1315    0.0594   -0.0045    0.0091   -0.0775    0.1601    0.1775    0.1272
   42 H9     2s         0.1852    0.2843   -0.2584   -0.1174   -0.1042    0.3466   -0.5589    0.6541    0.5473    0.3490
   43 H9     2px       -0.0000   -0.0000    0.0000    0.0000   -0.0000    0.0000    0.0000   -0.0000   -0.0000   -0.0000
   44 H9     2py        0.0000   -0.0000   -0.0000    0.0000    0.0000   -0.0000   -0.0000   -0.0000   -0.0000   -0.0000
   45 H9     2pz       -0.0000    0.0001   -0.0025   -0.0109    0.0265   -0.0424    0.0438   -0.0060    0.0910    0.3384
   46 H10    1s        -0.0638   -0.0993    0.0949    0.0563    0.0029   -0.0645    0.1159   -0.1407   -0.1270   -0.1131
   47 H10    2s         0.1669    0.3003   -0.3893   -0.4413    0.4667   -0.4598    0.4266   -0.3690   -0.2705   -0.2034
   48 H10    2px       -0.0000   -0.0000    0.0000    0.0000   -0.0000    0.0000   -0.0000    0.0000    0.0000    0.0000
   49 H10    2py        0.0000    0.0000   -0.0000   -0.0000    0.0000    0.0000   -0.0000    0.0000   -0.0000   -0.0000
   50 H10    2pz        0.0032    0.0050   -0.0057   -0.0068    0.0117   -0.0237    0.0490   -0.0928   -0.1539   -0.3160
 
 
      Orbital               21        22        23        24        25        26        27        28        29        30
      Energy            0.7622    0.8667    0.8667    0.8761    0.8761    0.8913    0.8913    0.9113    0.9113    0.9348
      Occ. No.          0.0000    0.0000    0.0000    0.0000    0.0000    0.0000    0.0000    0.0000    0.0000    0.0000
 
    1 H1     1s        -0.0856    0.0000    0.0000    0.0000   -0.0000   -0.0000    0.0000    0.0000   -0.0000    0.0000
    2 H1     2s        -0.1486   -0.0000   -0.0000    0.0000    0.0000    0.0000    0.0000   -0.0000    0.0000    0.0000
    3 H1     2px        0.0000    0.1121   -0.0183   -0.2146   -0.0444    0.3094   -0.0069   -0.3677   -0.0867    0.3979
    4 H1     2py        0.0000    0.0183    0.1121    0.0444   -0.2146    0.0069    0.3094    0.0867   -0.3677   -0.1226
    5 H1     2pz        0.2882    0.0000    0.0000   -0.0000   -0.0000   -0.0000   -0.0000    0.0000    0.0000    0.0000
    6 H2     1s         0.0809   -0.0000   -0.0000    0.0000    0.0000    0.0000    0.0000   -0.0000    0.0000   -0.0000
    7 H2     2s         0.2238    0.0000    0.0000    0.0000   -0.0000   -0.0000   -0.0000   -0.0000   -0.0000   -0.0000
    8 H2     2px       -0.0000    0.2181   -0.0356   -0.3664   -0.0759    0.4123   -0.0092   -0.3134   -0.0739    0.1222
    9 H2     2py       -0.0000    0.0356    0.2181    0.0759   -0.3664    0.0092    0.4123    0.0739   -0.3134   -0.0376
   10 H2     2pz       -0.3277   -0.0000   -0.0000    0.0000    0.0000    0.0000    0.0000   -0.0000   -0.0000   -0.0000
   11 H3     1s        -0.0686   -0.0000   -0.0000   -0.0000    0.0000    0.0000    0.0000    0.0000    0.0000    0.0000
   12 H3     2s        -0.1886    0.0000   -0.0000   -0.0000   -0.0000   -0.0000   -0.0000    0.0000    0.0000    0.0000
   13 H3     2px       -0.0000    0.3060   -0.0499   -0.4004   -0.0829    0.2269   -0.0051    0.1122    0.0264   -0.3668
   14 H3     2py       -0.0000    0.0499    0.3060    0.0829   -0.4004    0.0051    0.2269   -0.0264    0.1122    0.1130
   15 H3     2pz        0.2896    0.0000   -0.0000   -0.0000    0.0000   -0.0000   -0.0000    0.0000    0.0000    0.0000
   16 H4     1s         0.0438   -0.0000    0.0000   -0.0000   -0.0000    0.0000    0.0000   -0.0000   -0.0000   -0.0000
   17 H4     2s         0.1147   -0.0000    0.0000    0.0000    0.0000    0.0000    0.0000   -0.0000   -0.0000   -0.0000
   18 H4     2px       -0.0000    0.3685   -0.0601   -0.3065   -0.0635   -0.1149    0.0026    0.4038    0.0952   -0.2228
   19 H4     2py       -0.0000    0.0601    0.3685    0.0635   -0.3065   -0.0026   -0.1149   -0.0952    0.4038    0.0686
   20 H4     2pz       -0.2470    0.0000    0.0000    0.0000   -0.0000   -0.0000   -0.0000    0.0000    0.0000   -0.0000
   21 H5     1s        -0.0143    0.0000   -0.0000   -0.0000   -0.0000   -0.0000   -0.0000    0.0000    0.0000    0.0000
   22 H5     2s        -0.0376   -0.0000   -0.0000   -0.0000   -0.0000   -0.0000   -0.0000    0.0000   -0.0000    0.0000
   23 H5     2px       -0.0000    0.4011   -0.0654   -0.1139   -0.0236   -0.3784    0.0085    0.2206    0.0520    0.3066
   24 H5     2py       -0.0000    0.0654    0.4011    0.0236   -0.1139   -0.0085   -0.3784   -0.0520    0.2206   -0.0944
   25 H5     2pz        0.2240   -0.0000   -0.0000   -0.0000    0.0000    0.0000    0.0000   -0.0000   -0.0000   -0.0000
   26 H6     1s        -0.0143   -0.0000    0.0000    0.0000   -0.0000    0.0000    0.0000   -0.0000    0.0000   -0.0000
   27 H6     2s        -0.0376    0.0000    0.0000    0.0000    0.0000   -0.0000   -0.0000   -0.0000    0.0000   -0.0000
   28 H6     2px       -0.0000    0.4011   -0.0654    0.1140    0.0236   -0.3784    0.0085   -0.2206   -0.0520    0.3067
   29 H6     2py       -0.0000    0.0654    0.4011   -0.0236    0.1140   -0.0085   -0.3784    0.0520   -0.2206   -0.0944
   30 H6     2pz       -0.2240    0.0000    0.0000    0.0000    0.0000   -0.0000   -0.0000    0.0000    0.0000    0.0000
   31 H7     1s         0.0438   -0.0000   -0.0000   -0.0000    0.0000    0.0000    0.0000   -0.0000   -0.0000    0.0000
   32 H7     2s         0.1147   -0.0000   -0.0000   -0.0000   -0.0000    0.0000    0.0000    0.0000   -0.0000    0.0000
   33 H7     2px       -0.0000    0.3684   -0.0601    0.3065    0.0635   -0.1149    0.0026   -0.4039   -0.0952   -0.2228
   34 H7     2py       -0.0000    0.0601    0.3684   -0.0635    0.3065   -0.0026   -0.1149    0.0952   -0.4039    0.0686
   35 H7     2pz        0.2470   -0.0000    0.0000   -0.0000   -0.0000    0.0000    0.0000    0.0000   -0.0000   -0.0000
   36 H8     1s        -0.0686    0.0000    0.0000    0.0000   -0.0000   -0.0000   -0.0000   -0.0000    0.0000   -0.0000
   37 H8     2s        -0.1886    0.0000    0.0000    0.0000    0.0000   -0.0000   -0.0000   -0.0000    0.0000   -0.0000
   38 H8     2px       -0.0000    0.3060   -0.0499    0.4004    0.0830    0.2269   -0.0051   -0.1122   -0.0265   -0.3668
   39 H8     2py        0.0000    0.0499    0.3060   -0.0830    0.4004    0.0051    0.2269    0.0265   -0.1122    0.1130
   40 H8     2pz       -0.2896    0.0000   -0.0000   -0.0000    0.0000   -0.0000   -0.0000   -0.0000   -0.0000    0.0000
   41 H9     1s         0.0809   -0.0000   -0.0000   -0.0000   -0.0000    0.0000    0.0000    0.0000   -0.0000   -0.0000
   42 H9     2s         0.2238    0.0000   -0.0000    0.0000    0.0000   -0.0000   -0.0000   -0.0000   -0.0000    0.0000
   43 H9     2px       -0.0000    0.2181   -0.0356    0.3664    0.0759    0.4123   -0.0092    0.3134    0.0739    0.1222
   44 H9     2py       -0.0000    0.0356    0.2181   -0.0759    0.3664    0.0092    0.4123   -0.0739    0.3134   -0.0376
   45 H9     2pz        0.3277    0.0000    0.0000    0.0000    0.0000   -0.0000   -0.0000   -0.0000    0.0000   -0.0000
   46 H10    1s        -0.0856    0.0000   -0.0000    0.0000    0.0000   -0.0000   -0.0000   -0.0000    0.0000    0.0000
   47 H10    2s        -0.1486   -0.0000    0.0000   -0.0000   -0.0000    0.0000    0.0000    0.0000   -0.0000   -0.0000
   48 H10    2px        0.0000    0.1121   -0.0183    0.2146    0.0445    0.3094   -0.0069    0.3677    0.0867    0.3979
   49 H10    2py       -0.0000    0.0183    0.1121   -0.0445    0.2146    0.0069    0.3094   -0.0867    0.3677   -0.1225
   50 H10    2pz       -0.2882   -0.0000   -0.0000   -0.0000   -0.0000    0.0000    0.0000    0.0000   -0.0000   -0.0000
 
 
      Orbital               31        32        33        34        35        36        37        38        39        40
      Energy            0.9348    0.9604    0.9604    0.9854    0.9854    1.0080    1.0080    1.0244    1.0261    1.0261
      Occ. No.          0.0000    0.0000    0.0000    0.0000    0.0000    0.0000    0.0000    0.0000    0.0000    0.0000
 
    1 H1     1s         0.0000    0.0000    0.0000   -0.0000   -0.0000   -0.0000    0.0000    0.0519   -0.0000   -0.0000
    2 H1     2s         0.0000   -0.0000   -0.0000   -0.0000   -0.0000    0.0000    0.0000    0.1014   -0.0000   -0.0000
    3 H1     2px        0.1226   -0.4149   -0.0892    0.3924    0.0737   -0.3275   -0.0799    0.0000    0.2411    0.0371
    4 H1     2py        0.3979    0.0892   -0.4149   -0.0737    0.3924    0.0799   -0.3275    0.0000   -0.0371    0.2411
    5 H1     2pz        0.0000   -0.0000   -0.0000   -0.0000   -0.0000    0.0000    0.0000    0.1080   -0.0000   -0.0000
    6 H2     1s        -0.0000    0.0000    0.0000    0.0000    0.0000    0.0000   -0.0000   -0.1629    0.0000    0.0000
    7 H2     2s        -0.0000    0.0000    0.0000    0.0000    0.0000   -0.0000   -0.0000   -0.3484    0.0000    0.0000
    8 H2     2px        0.0376    0.1109    0.0238   -0.3173   -0.0596    0.4202    0.1025   -0.0000   -0.3981   -0.0613
    9 H2     2py        0.1222   -0.0238    0.1109    0.0596   -0.3173   -0.1025    0.4202   -0.0000    0.0613   -0.3981
   10 H2     2pz       -0.0000    0.0000    0.0000    0.0000    0.0000   -0.0000   -0.0000   -0.1895    0.0000    0.0000
   11 H3     1s         0.0000   -0.0000   -0.0000   -0.0000   -0.0000    0.0000    0.0000    0.3108   -0.0000   -0.0000
   12 H3     2s         0.0000   -0.0000   -0.0000   -0.0000   -0.0000    0.0000    0.0000    0.6765   -0.0000   -0.0000
   13 H3     2px       -0.1130    0.3840    0.0825   -0.1263   -0.0237   -0.2259   -0.0551    0.0000    0.4311    0.0663
   14 H3     2py       -0.3668   -0.0825    0.3840    0.0237   -0.1263    0.0551   -0.2259    0.0000   -0.0663    0.4311
   15 H3     2pz        0.0000   -0.0000   -0.0000   -0.0000   -0.0000    0.0000   -0.0000    0.2093   -0.0000   -0.0000
   16 H4     1s        -0.0000    0.0000    0.0000    0.0000    0.0000    0.0000    0.0000   -0.4468    0.0000    0.0000
   17 H4     2s        -0.0000    0.0000    0.0000    0.0000    0.0000   -0.0000   -0.0000   -0.9817    0.0000    0.0000
   18 H4     2px       -0.0686   -0.2249   -0.0483    0.4218    0.0792   -0.1215   -0.0296   -0.0000   -0.3288   -0.0506
   19 H4     2py       -0.2228    0.0483   -0.2249   -0.0792    0.4218    0.0296   -0.1215   -0.0000    0.0506   -0.3288
   20 H4     2pz        0.0000   -0.0000   -0.0000    0.0000    0.0000    0.0000    0.0000   -0.1617    0.0000    0.0000
   21 H5     1s         0.0000   -0.0000   -0.0000   -0.0000   -0.0000    0.0000   -0.0000    0.5287   -0.0000   -0.0000
   22 H5     2s         0.0000   -0.0000   -0.0000   -0.0000   -0.0000    0.0000   -0.0000    1.1638   -0.0000   -0.0000
   23 H5     2px        0.0944   -0.3186   -0.0685   -0.2284   -0.0429    0.3871    0.0945    0.0000    0.1221    0.0188
   24 H5     2py        0.3066    0.0685   -0.3186    0.0429   -0.2284   -0.0945    0.3871    0.0000   -0.0188    0.1221
   25 H5     2pz       -0.0000    0.0000    0.0000   -0.0000    0.0000   -0.0000   -0.0000    0.0598   -0.0000    0.0000
   26 H6     1s        -0.0000   -0.0000   -0.0000    0.0000    0.0000    0.0000    0.0000   -0.5287    0.0000    0.0000
   27 H6     2s        -0.0000    0.0000    0.0000    0.0000    0.0000   -0.0000    0.0000   -1.1638    0.0000    0.0000
   28 H6     2px        0.0944    0.3186    0.0685   -0.2284   -0.0429   -0.3871   -0.0945    0.0000    0.1221    0.0188
   29 H6     2py        0.3067   -0.0685    0.3186    0.0429   -0.2284    0.0945   -0.3871    0.0000   -0.0188    0.1221
   30 H6     2pz        0.0000   -0.0000   -0.0000   -0.0000   -0.0000   -0.0000    0.0000    0.0598   -0.0000   -0.0000
   31 H7     1s         0.0000    0.0000    0.0000   -0.0000   -0.0000    0.0000   -0.0000    0.4467   -0.0000   -0.0000
   32 H7     2s         0.0000   -0.0000   -0.0000   -0.0000   -0.0000    0.0000   -0.0000    0.9816   -0.0000   -0.0000
   33 H7     2px       -0.0686    0.2249    0.0483    0.4218    0.0792    0.1215    0.0296   -0.0000   -0.3288   -0.0506
   34 H7     2py       -0.2228   -0.0483    0.2249   -0.0792    0.4218   -0.0296    0.1215   -0.0000    0.0506   -0.3288
   35 H7     2pz       -0.0000   -0.0000   -0.0000    0.0000    0.0000    0.0000    0.0000   -0.1618    0.0000    0.0000
   36 H8     1s        -0.0000   -0.0000   -0.0000    0.0000    0.0000   -0.0000    0.0000   -0.3107    0.0000    0.0000
   37 H8     2s        -0.0000    0.0000    0.0000    0.0000    0.0000   -0.0000    0.0000   -0.6764    0.0000    0.0000
   38 H8     2px       -0.1130   -0.3840   -0.0825   -0.1263   -0.0237    0.2259    0.0551    0.0000    0.4311    0.0663
   39 H8     2py       -0.3668    0.0825   -0.3840    0.0237   -0.1263   -0.0551    0.2259    0.0000   -0.0663    0.4311
   40 H8     2pz        0.0000    0.0000    0.0000   -0.0000   -0.0000   -0.0000   -0.0000    0.2093   -0.0000   -0.0000
   41 H9     1s        -0.0000   -0.0000   -0.0000   -0.0000   -0.0000    0.0000   -0.0000    0.1629   -0.0000   -0.0000
   42 H9     2s         0.0000    0.0000   -0.0000   -0.0000   -0.0000    0.0000   -0.0000    0.3484   -0.0000   -0.0000
   43 H9     2px        0.0376   -0.1109   -0.0238   -0.3173   -0.0596   -0.4202   -0.1025   -0.0000   -0.3981   -0.0613
   44 H9     2py        0.1222    0.0238   -0.1109    0.0596   -0.3173    0.1025   -0.4202   -0.0000    0.0613   -0.3981
   45 H9     2pz       -0.0000    0.0000    0.0000    0.0000    0.0000   -0.0000    0.0000   -0.1895    0.0000    0.0000
   46 H10    1s         0.0000    0.0000    0.0000    0.0000    0.0000   -0.0000    0.0000   -0.0519    0.0000   -0.0000
   47 H10    2s        -0.0000   -0.0000   -0.0000    0.0000    0.0000   -0.0000    0.0000   -0.1014    0.0000    0.0000
   48 H10    2px        0.1225    0.4149    0.0892    0.3924    0.0737    0.3275    0.0799    0.0000    0.2410    0.0371
   49 H10    2py        0.3979   -0.0892    0.4149   -0.0737    0.3924   -0.0799    0.3275    0.0000   -0.0371    0.2410
   50 H10    2pz       -0.0000   -0.0000   -0.0000   -0.0000   -0.0000    0.0000   -0.0000    0.1080   -0.0000   -0.0000
 
 
      Orbital               41        42        43        44        45        46        47        48        49        50
      Energy            1.0309    1.0379    1.0379    1.0515    1.0866    1.1337    1.1864    1.2389    1.2837    1.3141
      Occ. No.          0.0000    0.0000    0.0000    0.0000    0.0000    0.0000    0.0000    0.0000    0.0000    0.0000
 
    1 H1     1s         0.0855   -0.0000    0.0000    0.0985    0.0959   -0.0894    0.0810    0.0689   -0.0512    0.0275
    2 H1     2s         0.1791   -0.0000   -0.0000    0.2188    0.2191   -0.1985    0.1657    0.1262   -0.0844    0.0421
    3 H1     2px        0.0000   -0.1217   -0.0390   -0.0000    0.0000    0.0000    0.0000    0.0000    0.0000    0.0000
    4 H1     2py        0.0000    0.0390   -0.1217   -0.0000    0.0000    0.0000    0.0000    0.0000    0.0000    0.0000
    5 H1     2pz        0.2282   -0.0000   -0.0000    0.3299    0.3924   -0.4176    0.4023    0.3451   -0.2522    0.1330
    6 H2     1s        -0.2426    0.0000    0.0000   -0.2459   -0.1981    0.1384   -0.0786   -0.0280   -0.0031    0.0099
    7 H2     2s        -0.5329    0.0000    0.0000   -0.5405   -0.4175    0.2680   -0.1404   -0.0541    0.0095    0.0034
    8 H2     2px       -0.0000    0.2296    0.0736    0.0000   -0.0000   -0.0000   -0.0000   -0.0000   -0.0000   -0.0000
    9 H2     2py       -0.0000   -0.0736    0.2296    0.0000   -0.0000   -0.0000   -0.0000    0.0000   -0.0000    0.0000
   10 H2     2pz       -0.2813    0.0000    0.0000   -0.2357   -0.0586   -0.1776    0.3888    0.4971   -0.4567    0.2723
   11 H3     1s         0.3572   -0.0000   -0.0000    0.2439    0.0854    0.0192   -0.0555   -0.0354   -0.0012    0.0155
   12 H3     2s         0.7956   -0.0000    0.0000    0.5382    0.1781    0.0324   -0.0812   -0.0397   -0.0076    0.0199
   13 H3     2px        0.0000   -0.3200   -0.1025   -0.0000    0.0000    0.0000    0.0000    0.0000    0.0000    0.0000
   14 H3     2py        0.0000    0.1025   -0.3200   -0.0000    0.0000    0.0000    0.0000    0.0000    0.0000    0.0000
   15 H3     2pz        0.1084    0.0000    0.0000   -0.1872   -0.4439    0.4331   -0.1362    0.2635   -0.4891    0.3770
   16 H4     1s        -0.3239    0.0000   -0.0000   -0.0552    0.0993   -0.0692   -0.0182   -0.0582    0.0268    0.0069
   17 H4     2s        -0.7250    0.0000   -0.0000   -0.1167    0.2106   -0.1276   -0.0302   -0.0799    0.0337    0.0051
   18 H4     2px       -0.0000    0.3847    0.1232    0.0000   -0.0000   -0.0000   -0.0000   -0.0000   -0.0000   -0.0000
   19 H4     2py       -0.0000   -0.1232    0.3847    0.0000   -0.0000   -0.0000   -0.0000   -0.0000   -0.0000   -0.0000
   20 H4     2pz        0.1726   -0.0000   -0.0000    0.4441    0.2473    0.2539   -0.4676   -0.1305   -0.3797    0.4578
   21 H5     1s         0.1300    0.0000    0.0000   -0.1415   -0.0828   -0.0717    0.0639   -0.0202    0.0354    0.0032
   22 H5     2s         0.2932    0.0000    0.0000   -0.3214   -0.1748   -0.1343    0.1008   -0.0264    0.0400    0.0050
   23 H5     2px       -0.0000   -0.4185   -0.1340   -0.0000   -0.0000   -0.0000   -0.0000   -0.0000    0.0000    0.0000
   24 H5     2py        0.0000    0.1340   -0.4185   -0.0000   -0.0000   -0.0000   -0.0000   -0.0000    0.0000   -0.0000
   25 H5     2pz       -0.3818    0.0000    0.0000   -0.2307    0.3384   -0.3500   -0.2618   -0.4445   -0.1399    0.4981
   26 H6     1s         0.1301   -0.0000   -0.0000    0.1415   -0.0828    0.0717    0.0639    0.0202    0.0354   -0.0032
   27 H6     2s         0.2933   -0.0000   -0.0000    0.3214   -0.1748    0.1343    0.1008    0.0264    0.0400   -0.0050
   28 H6     2px        0.0000    0.4185    0.1341    0.0000   -0.0000   -0.0000    0.0000   -0.0000   -0.0000   -0.0000
   29 H6     2py        0.0000   -0.1341    0.4185    0.0000   -0.0000   -0.0000    0.0000   -0.0000   -0.0000   -0.0000
   30 H6     2pz        0.3818   -0.0000    0.0000   -0.2307   -0.3385   -0.3500    0.2618   -0.4445    0.1399    0.4981
   31 H7     1s        -0.3240    0.0000    0.0000    0.0552    0.0993    0.0692   -0.0182    0.0582    0.0268   -0.0069
   32 H7     2s        -0.7251    0.0000    0.0000    0.1167    0.2106    0.1276   -0.0302    0.0799    0.0337   -0.0051
   33 H7     2px       -0.0000   -0.3847   -0.1232    0.0000   -0.0000   -0.0000   -0.0000    0.0000   -0.0000   -0.0000
   34 H7     2py       -0.0000    0.1232   -0.3847    0.0000   -0.0000   -0.0000   -0.0000    0.0000   -0.0000   -0.0000
   35 H7     2pz       -0.1726   -0.0000   -0.0000    0.4441   -0.2473    0.2539    0.4676   -0.1305    0.3797    0.4579
   36 H8     1s         0.3572   -0.0000    0.0000   -0.2439    0.0854   -0.0192   -0.0555    0.0354   -0.0012   -0.0155
   37 H8     2s         0.7957   -0.0000    0.0000   -0.5382    0.1781   -0.0324   -0.0812    0.0397   -0.0076   -0.0199
   38 H8     2px        0.0000    0.3201    0.1025   -0.0000    0.0000    0.0000    0.0000    0.0000    0.0000    0.0000
   39 H8     2py        0.0000   -0.1025    0.3201   -0.0000    0.0000    0.0000    0.0000   -0.0000   -0.0000   -0.0000
   40 H8     2pz       -0.1084    0.0000    0.0000   -0.1872    0.4439    0.4331    0.1362    0.2635    0.4891    0.3770
   41 H9     1s        -0.2426   -0.0000   -0.0000    0.2460   -0.1981   -0.1384   -0.0786    0.0280   -0.0031   -0.0099
   42 H9     2s        -0.5329    0.0000   -0.0000    0.5405   -0.4175   -0.2680   -0.1404    0.0541    0.0095   -0.0034
   43 H9     2px       -0.0000   -0.2296   -0.0736    0.0000   -0.0000   -0.0000   -0.0000    0.0000    0.0000    0.0000
   44 H9     2py       -0.0000    0.0736   -0.2296    0.0000   -0.0000   -0.0000   -0.0000    0.0000   -0.0000    0.0000
   45 H9     2pz        0.2813   -0.0000    0.0000   -0.2357    0.0586   -0.1776   -0.3888    0.4971    0.4567    0.2723
   46 H10    1s         0.0855    0.0000    0.0000   -0.0985    0.0959    0.0894    0.0810   -0.0689   -0.0512   -0.0275
   47 H10    2s         0.1791   -0.0000    0.0000   -0.2188    0.2191    0.1985    0.1657   -0.1262   -0.0844   -0.0421
   48 H10    2px        0.0000    0.1217    0.0390   -0.0000    0.0000    0.0000    0.0000   -0.0000    0.0000   -0.0000
   49 H10    2py        0.0000   -0.0390    0.1217   -0.0000    0.0000    0.0000    0.0000    0.0000    0.0000    0.0000
   50 H10    2pz       -0.2282   -0.0000   -0.0000    0.3299   -0.3924   -0.4176   -0.4023    0.3451    0.2522    0.1330
--
 
      Von Neumann Entropy (Root  1) =  4.80132
 

      Mulliken population analysis for root number:  1
      -----------------------------------------------
 
 
++    Molecular charges:
      ------------------
 
      Mulliken charges per centre and basis function type
      ---------------------------------------------------
 
                H1      H2      H3      H4      H5      H6      H7      H8      H9      H10   
      1s       0.9930  1.0011  1.0018  1.0015  1.0016  1.0016  1.0015  1.0018  1.0011  0.9930
      2s       0.0057  0.0001 -0.0019 -0.0015 -0.0017 -0.0017 -0.0015 -0.0019  0.0001  0.0057
      2px      0.0000  0.0000  0.0000  0.0000  0.0000  0.0000  0.0000  0.0000  0.0000  0.0000
      2pz     -0.0001  0.0002  0.0001  0.0001  0.0001  0.0001  0.0001  0.0001  0.0002 -0.0001
      2py      0.0000  0.0000  0.0000  0.0000  0.0000  0.0000  0.0000  0.0000  0.0000  0.0000
      Total    0.9986  1.0014  1.0000  1.0000  1.0000  1.0000  1.0000  1.0000  1.0014  0.9986
 
      N-E      0.0014 -0.0014  0.0000  0.0000  0.0000  0.0000  0.0000  0.0000 -0.0014  0.0014
 
      Total electronic charge=   10.000000
 
      Total            charge=   -0.000000
--
 
 

      Expectation values of various properties for root number:  1
      -----------------------------------------------------------
 
 
++    Molecular properties:
      ---------------------
 
      Charge (e):
                      =   -0.0000
      Dipole Moment (Debye):
      Origin of the operator (Ang)=    0.0000    0.0000    0.0000
                   X= -7.0695E-08               Y= -1.8412E-08               Z=  2.7164E-05           Total=  2.7164E-05
      Quadrupole Moment (Debye*Ang):
      Origin of the operator (Ang)=    0.0000    0.0000   11.9727
                  XX= -1.5151E+01              XY= -9.9812E-15              XZ= -6.0129E-07              YY= -1.5151E+01
                  YZ= -1.0688E-07              ZZ= -1.5026E+01
      In traceless form (Debye*Ang)
                  XX= -6.2964E-02              XY= -1.4972E-14              XZ= -9.0193E-07              YY= -6.2964E-02
                  YZ= -1.6031E-07              ZZ=  1.2593E-01
--
 

      LoProp population analysis for root number:  1
      -----------------------------------------------
 
 
++    LoProp analysis:
      ----------------
 
 
 
  Input file to MOLDEN was generated!
 
 
++    Static properties:
      ------------------
 
 
      LoProp Charges per center
 

                   H1       H2       H3       H4       H5       H6       H7       H8       H9       H10   
      Nuclear      1.0000   1.0000   1.0000   1.0000   1.0000   1.0000   1.0000   1.0000   1.0000   1.0000
      Electronic  -1.0001  -0.9999  -1.0000  -1.0000  -1.0000  -1.0000  -1.0000  -1.0000  -0.9999  -1.0001
 
      Total       -0.0001   0.0001   0.0000  -0.0000   0.0000   0.0000  -0.0000   0.0000   0.0001  -0.0001
--
 
 
      Natural Bond Order analysis for root number:  1
 
++    Natural Bond Order analysis
      ---------------------------
      Based on LoProp computed density
      -------------------------------------------------------------------------------------
      Atom A       Atom B       Bond Order
      -------------------------------------------------------------------------------------
      The remaining   10.000 electrons are to be considered as diffuse
--
 
--
 
 
  Input file to MOLDEN was generated!
 
      Average orbitals are written to the RASORB file
      Natural orbitals for root   1 are written to the RASORB.1 file
      Spin density orbitals for root   1 are written to the SPDORB.1 file
 
 ###############################################################################
 ###############################################################################
 ###                                                                         ###
 ###                                                                         ###
 ###    RunFile label BirthCertificate                                       ###
 ###    was used       51 times                                              ###
 ###                                                                         ###
 ###                                                                         ###
 ###############################################################################
 ###############################################################################
forrtl: warning (525): IEEE_DIVIDE_BY_ZERO is signaling
forrtl: warning (526): IEEE_INVALID is signaling
forrtl: warning (528): IEEE_UNDERFLOW is signaling
--- Stop Module: rasscf at Sun Oct 26 17:59:42 2025 /rc=_RC_ALL_IS_WELL_ ---
*** files: H10_2.66.LprOrb H10_2.66.rasscf.molden H10_2.66.LoProp.molden H10_2.66.RasOrb.1 H10_2.66.RasOrb H10_2.66.rasscf.h5 H10_2.66.SpdOrb.1 xmldump
    saved to directory /home/grierjones/DDCASPT2/hydrogen_comps/rerun/H10_chain/H10_2.66
--- Module rasscf spent 53 seconds ---

>>> COPY /tmp/H10_2.66/H10_2.66.rasscf.h5 /home/grierjones/DDCASPT2/hydrogen_comps/rerun/H10_chain/H10_2.66/

>>> COPY /tmp/H10_2.66/GMJ_Fock_MO.csv /home/grierjones/DDCASPT2/hydrogen_comps/rerun/H10_chain/H10_2.66/H10_2.66.GMJ_Fock_MO.csv

*** symbolic link created: INPORB -> H10_2.66.RasOrb
--- Start Module: motra at Sun Oct 26 17:59:42 2025 ---
 
()()()()()()()()()()()()()()()()()()()()()()()()()()()()()()()()()()()()()()()()()()()()()()()()()()

                                               &MOTRA

                                   only a single process is used
                       available to each process: 2.0 GB of memory, 1 thread?
()()()()()()()()()()()()()()()()()()()()()()()()()()()()()()()()()()()()()()()()()()()()()()()()()()
 
 
      *** WARNING: Default frozen orbitals is overwritten by user input.
      *** Default values:   0
 
      Header of the integral files:
      
       Integrals generated by seward 4.2.0  , Sun Oct 26 17:58:47 2025
 
 
      Header of MO coefficients source file:
      * RASSCF average (pseudo-natural) orbitals                                      
 
 
      Cartesian coordinates in Angstrom:
      -----------------------------------------------------
      No.  Label        X            Y            Z        
      -----------------------------------------------------
       1   H1         0.00000000   0.00000000   0.00000000
       2   H2         0.00000000   0.00000000   2.66060600
       3   H3         0.00000000   0.00000000   5.32121200
       4   H4         0.00000000   0.00000000   7.98181800
       5   H5         0.00000000   0.00000000  10.64242400
       6   H6         0.00000000   0.00000000  13.30303000
       7   H7         0.00000000   0.00000000  15.96363600
       8   H8         0.00000000   0.00000000  18.62424200
       9   H9         0.00000000   0.00000000  21.28484800
      10   H10        0.00000000   0.00000000  23.94545500
      -----------------------------------------------------
      Nuclear repulsion energy =    3.83659215
 
      Orbital specifications:
      -----------------------
 
      Symmetry species:              1
      Number of basis functions:    50
      Frozen orbitals:               0
      Deleted orbitals:              0
      Number of orbitals used:      50

       SYMMETRY  BASIS FUNCTIONS       ORBITALS      INTEGRALS   CPU(SEC)  I/O(SEC)
        1 1 1 1   50  50  50  50    50  50  50  50      813450       0.00      0.00

       TOTAL CPU TIME(SEC)    0.44TOTAL I/O TIME(SEC)    1.17
 
--- Stop Module: motra at Sun Oct 26 17:59:43 2025 /rc=_RC_ALL_IS_WELL_ ---
*** files: xmldump
    saved to directory /home/grierjones/DDCASPT2/hydrogen_comps/rerun/H10_chain/H10_2.66
--- Module motra spent 1 second ---

>>> COPY /tmp/H10_2.66/GMJ_one_int_indx.csv /home/grierjones/DDCASPT2/hydrogen_comps/rerun/H10_chain/H10_2.66/H10_2.66.GMJ_one_int_indx.csv

>>> COPY /tmp/H10_2.66/GMJ_one_int.csv /home/grierjones/DDCASPT2/hydrogen_comps/rerun/H10_chain/H10_2.66/H10_2.66.GMJ_one_int.csv

>>> COPY /tmp/H10_2.66/GMJ_two_int_indx.csv /home/grierjones/DDCASPT2/hydrogen_comps/rerun/H10_chain/H10_2.66/H10_2.66.GMJ_two_int_indx.csv

>>> COPY /tmp/H10_2.66/GMJ_two_int.csv /home/grierjones/DDCASPT2/hydrogen_comps/rerun/H10_chain/H10_2.66/H10_2.66.GMJ_two_int.csv

*** symbolic link created: INPORB -> H10_2.66.RasOrb
--- Start Module: caspt2 at Sun Oct 26 17:59:43 2025 ---
 
()()()()()()()()()()()()()()()()()()()()()()()()()()()()()()()()()()()()()()()()()()()()()()()()()()

                                              &CASPT2

                                   only a single process is used
                       available to each process: 2.0 GB of memory, 1 thread?
()()()()()()()()()()()()()()()()()()()()()()()()()()()()()()()()()()()()()()()()()()()()()()()()()()
 
 Cholesky algorithm in CASPT2 =    1
 
 ###############################################################################
 ###############################################################################
 ###                                                                         ###
 ###                                                                         ###
 ###    User changed nr of frozen orbitals.                                  ###
 ###                                                                         ###
 ###                                                                         ###
 ###############################################################################
 ###############################################################################
 
++    Wave function specifications:
      -----------------------------
 
      Number of closed shell electrons           0
      Number of electrons in active shells      10
      Max number of holes in RAS1 space          0
      Max number of electrons in RAS3 space      0
      Number of inactive orbitals                0
      Number of active orbitals                 10
      Number of secondary orbitals              40
      Spin quantum number                      0.0
      State symmetry                             1
      Number of CSFs                         19404
      Number of root(s) available                1
      Root passed to geometry opt.               1
      A file JOBMIX will be created.
      This is a CASSCF or RASSCF reference function
--
 
++    Orbital specifications:
      -----------------------
 
      Symmetry species                           1
                                                 a
      Frozen orbitals                            0
      Inactive orbitals                          0
      Active orbitals                           10
      Secondary orbitals                        40
      Deleted orbitals                           0
      Number of basis functions                 50
--
 
      Type of Fock operator: STANDARD
      Type of 0-order Hamiltonian: STANDARD WITH DEFAULT IPEA
        "IP-EA" denominator shift =      0.25
      The input orbitals and the CI vector will be transformed.
 
--------------------------------------------------------------------------------
 Estimated memory requirements:
  POLY3 :                  3551880
  RHS:                      835500
  SIGMA :                   430400
  PRPCTL:                        0
 Available workspace:    230354915
 
++ CASPT2 computation for group   1
 
********************************************************************************
 Multi-State initialization phase begins for group   1
--------------------------------------------------------------------------------
********************************************************************************
 Compute H0 matrices for state    1
--------------------------------------------------------------------------------
--------------------------------------------------------------------------------
 H0 matrices have been computed.
 
********************************************************************************
  CASPT2 EQUATION SOLUTION
--------------------------------------------------------------------------------
 
  Total nr of CASPT2 parameters:
   Before reduction:      120200
   After  reduction:      119400
 
 The contributions to the second order correlation energy in atomic units.
-----------------------------------------------------------------------------------------------------------------------------
  IT.      VJTU        VJTI        ATVX        AIVX        VJAI        BVAT        BJAT        BJAI        TOTAL       RNORM  
-----------------------------------------------------------------------------------------------------------------------------
   1     0.000000    0.000000   -0.000739    0.000000    0.000000   -0.001966    0.000000    0.000000   -0.002705    0.000679
   2     0.000000    0.000000   -0.000747    0.000000    0.000000   -0.001968    0.000000    0.000000   -0.002715    0.000132
   3     0.000000    0.000000   -0.000748    0.000000    0.000000   -0.001969    0.000000    0.000000   -0.002717    0.000040
   4     0.000000    0.000000   -0.000748    0.000000    0.000000   -0.001969    0.000000    0.000000   -0.002716    0.000008
   5     0.000000    0.000000   -0.000747    0.000000    0.000000   -0.001969    0.000000    0.000000   -0.002716    0.000002
-------------------------------------------------------------------------------------------------------------------
 
  FINAL CASPT2 RESULT:
 
  Correlation energy /Case, /Symm, and sums:
 VJTU      0.00000000  0.00000000
 VJTIP     0.00000000  0.00000000
 VJTIM     0.00000000  0.00000000
 ATVX     -0.00074750 -0.00074750
 AIVX      0.00000000  0.00000000
 VJAIP     0.00000000  0.00000000
 VJAIM     0.00000000  0.00000000
 BVATP    -0.00174868 -0.00174868
 BVATM    -0.00022016 -0.00022016
 BJATP     0.00000000  0.00000000
 BJATM     0.00000000  0.00000000
 BJAIP     0.00000000  0.00000000
 BJAIM     0.00000000  0.00000000
 Summed:  -0.00271635 -0.00271635
 
      Reference energy:          -4.9956677845
      E2 (Non-variational):      -0.0027163471
      E2 (Variational):          -0.0027163467
      Total energy:              -4.9983841313
      Residual norm:              0.0000002991
      Reference weight:           0.99823
 
      Contributions to the CASPT2 correlation energy
      Active & Virtual Only:         -0.0027163471
      One Inactive Excited:           0.0000000000
      Two Inactive Excited:           0.0000000000
 
 
++ Denominators, etc.
----------------------------------------------------------------------------------------------------
 Report on small energy denominators, large coefficients, and large energy contributions.
CASE  SYMM ACTIVE-MIX  NON-ACTIVE INDICES          DENOMINATOR     RHS VALUE       COEFFICIENT     CONTRIBUTION
--
 
   (Skipping property calculation,
    use PROP keyword to activate)
--
 
  Total CASPT2 energies:
::    CASPT2 Root  1     Total energy:     -4.99838413
 
  A NEW JOBIPH FILE NAMED 'JOBMIX' IS PREPARED.
********************************************************************************
forrtl: warning (528): IEEE_UNDERFLOW is signaling
--- Stop Module: caspt2 at Sun Oct 26 17:59:49 2025 /rc=_RC_ALL_IS_WELL_ ---
*** files: xmldump
    saved to directory /home/grierjones/DDCASPT2/hydrogen_comps/rerun/H10_chain/H10_2.66
--- Module caspt2 spent 6 seconds ---

>>> EXPORT i = B

>>> EXPORT j = P

>>> IF (-FILE GMJ_e2_${i}_${j}_1_.csv)
(Skipped)

>>> END FOREACH

>>> EXPORT j = M

>>> IF (-FILE GMJ_e2_${i}_${j}_1_.csv)
(Skipped)

>>> END FOREACH

>>> END FOREACH

>>> EXPORT i = E

>>> EXPORT j = P

>>> IF (-FILE GMJ_e2_${i}_${j}_1_.csv)
(Skipped)

>>> END FOREACH

>>> EXPORT j = M

>>> IF (-FILE GMJ_e2_${i}_${j}_1_.csv)
(Skipped)

>>> END FOREACH

>>> END FOREACH

>>> EXPORT i = F

>>> EXPORT j = P

>>> IF (-FILE GMJ_e2_${i}_${j}_1_.csv)

>>> COPY /tmp/H10_2.66/GMJ_RHS_F_P_1_.csv /home/grierjones/DDCASPT2/hydrogen_comps/rerun/H10_chain/H10_2.66/GMJ_RHS_F_P_1_.csv

>>> COPY /tmp/H10_2.66/GMJ_IVECW_F_P_1_.csv /home/grierjones/DDCASPT2/hydrogen_comps/rerun/H10_chain/H10_2.66/GMJ_IVECW_F_P_1_.csv

>>> COPY /tmp/H10_2.66/GMJ_IVECX_F_P_1_.csv /home/grierjones/DDCASPT2/hydrogen_comps/rerun/H10_chain/H10_2.66/GMJ_IVECX_F_P_1_.csv

>>> COPY /tmp/H10_2.66/GMJ_IVECC2_F_P_1_.csv /home/grierjones/DDCASPT2/hydrogen_comps/rerun/H10_chain/H10_2.66/GMJ_IVECC2_F_P_1_.csv

>>> COPY /tmp/H10_2.66/GMJ_e2_F_P_1_.csv /home/grierjones/DDCASPT2/hydrogen_comps/rerun/H10_chain/H10_2.66/GMJ_e2_F_P_1_.csv

>>> END FOREACH

>>> EXPORT j = M

>>> IF (-FILE GMJ_e2_${i}_${j}_1_.csv)

>>> COPY /tmp/H10_2.66/GMJ_RHS_F_M_1_.csv /home/grierjones/DDCASPT2/hydrogen_comps/rerun/H10_chain/H10_2.66/GMJ_RHS_F_M_1_.csv

>>> COPY /tmp/H10_2.66/GMJ_IVECW_F_M_1_.csv /home/grierjones/DDCASPT2/hydrogen_comps/rerun/H10_chain/H10_2.66/GMJ_IVECW_F_M_1_.csv

>>> COPY /tmp/H10_2.66/GMJ_IVECX_F_M_1_.csv /home/grierjones/DDCASPT2/hydrogen_comps/rerun/H10_chain/H10_2.66/GMJ_IVECX_F_M_1_.csv

>>> COPY /tmp/H10_2.66/GMJ_IVECC2_F_M_1_.csv /home/grierjones/DDCASPT2/hydrogen_comps/rerun/H10_chain/H10_2.66/GMJ_IVECC2_F_M_1_.csv

>>> COPY /tmp/H10_2.66/GMJ_e2_F_M_1_.csv /home/grierjones/DDCASPT2/hydrogen_comps/rerun/H10_chain/H10_2.66/GMJ_e2_F_M_1_.csv

>>> END FOREACH

>>> END FOREACH

>>> EXPORT i = G

>>> EXPORT j = P

>>> IF (-FILE GMJ_e2_${i}_${j}_1_.csv)
(Skipped)

>>> END FOREACH

>>> EXPORT j = M

>>> IF (-FILE GMJ_e2_${i}_${j}_1_.csv)
(Skipped)

>>> END FOREACH

>>> END FOREACH

>>> EXPORT i = H

>>> EXPORT j = P

>>> IF (-FILE GMJ_e2_${i}_${j}_1_.csv)
(Skipped)

>>> END FOREACH

>>> EXPORT j = M

>>> IF (-FILE GMJ_e2_${i}_${j}_1_.csv)
(Skipped)

>>> END FOREACH

>>> END FOREACH

>>> EXPORT i = A

>>> IF (-FILE GMJ_e2_${i}_1_.csv)
(Skipped)

>>> END FOREACH

>>> EXPORT i = C

>>> IF (-FILE GMJ_e2_${i}_1_.csv)

>>> COPY /tmp/H10_2.66/GMJ_RHS_C_1_.csv /home/grierjones/DDCASPT2/hydrogen_comps/rerun/H10_chain/H10_2.66/GMJ_RHS_C_1_.csv

>>> COPY /tmp/H10_2.66/GMJ_IVECW_C_1_.csv /home/grierjones/DDCASPT2/hydrogen_comps/rerun/H10_chain/H10_2.66/GMJ_IVECW_C_1_.csv

>>> COPY /tmp/H10_2.66/GMJ_IVECX_C_1_.csv /home/grierjones/DDCASPT2/hydrogen_comps/rerun/H10_chain/H10_2.66/GMJ_IVECX_C_1_.csv

>>> COPY /tmp/H10_2.66/GMJ_IVECC2_C_1_.csv /home/grierjones/DDCASPT2/hydrogen_comps/rerun/H10_chain/H10_2.66/GMJ_IVECC2_C_1_.csv

>>> COPY /tmp/H10_2.66/GMJ_e2_C_1_.csv /home/grierjones/DDCASPT2/hydrogen_comps/rerun/H10_chain/H10_2.66/GMJ_e2_C_1_.csv

>>> END FOREACH

>>> EXPORT i = D

>>> IF (-FILE GMJ_e2_${i}_1_.csv)
(Skipped)

>>> END FOREACH

.########################.
.# Non-zero return code #.
.########################.

    Timing: Wall=62.27 User=60.49 System=1.76
****************************************
*** WorkDir at /tmp/H10_2.66 cleaned ***
****************************************
