   This run of MOLCAS is using the pymolcas driver

                             OPE
                             OPE          NMOL  CASOP  ENMOLC A   SO
                 OPE        NMOLC        AS  OP EN  MO LC     AS  OP
                OPENM       OL CA        SO  PE NM  OL CA     SOP EN
                OP EN      MO   LC       AS  OP ENMOL  CASO   PENMOL
                OP  EN     MO   LC       AS  OP EN     MO     LC ASO
               OP   E  NMOL  C  AS       OP  EN MO     LC     AS  OP
               OP  E   NMO   LC AS        OPEN  MO     LCASOP EN   M
               O  PEN   MO  LCA  SO
            OPE   NMO   L   CAS    OP
        OPENMOL  CASOP     ENMOL   CASOPE
     OPENMOLCA   SOPENMOLCASOPEN   MOLCASOPE
    OPENMOLCAS   OP           EN   MOL    CAS
    OPENMOLCAS       OP  ENM        O     LCA
    OPENMOLCAS    OPEN  MOLCASO     P  E  NMO
    OPENMOLCAS     OP               E  N  MOL
    OPENMOLCA   SO           PENM   O  L  CAS    OPEN    MO    LCAS
    OPENMOLCA   SOP           ENM   O  L  CAS   OP  EN  MOLC  AS   O
    OPENMOLCA   SOPE           NM      O  LCA   S      OP  EN MO
    OPENMOLC                AS         O  PEN   M      OL  CA  SOPE
    OPENMO        LCASOPE  NMOL        C  ASO   P      ENMOLC     AS
    OPE     NMO      LCA  SO     P     E   NM   OL  CA SO  PE N   MO
          OPENMOLCA            SOPE   NMO        LCAS  O    P  ENMO
     OPENMOLCASOPENMOLCASOPENMOLCASOPENMOLCA
        OPENMOLCASOPENMOLCASOPENMOLCASOPE
            OPENMOLCASOPENMOLCASOPENM
               OPENMOLCASOPENMOLCA        version: f37762c57
                   OPENMOLCASO
                       OPE                tag:

 OpenMolcas is free software; you can redistribute it and/or modify it
 under the terms of the GNU Lesser General Public License version 2.1.
 OpenMolcas is distributed in the hope that it will be useful, but it
 is provided "as is" and without any express or implied warranties.
 For more details see the full text of the license in the file
 LICENSE or in <http://www.gnu.org/licenses/>.

                 Copyright (C) The OpenMolcas Authors
           For the author list and the recommended citation,
                   consult the file CONTRIBUTORS.md

           *************************************************
           * pymolcas version py2.28                       *
           *   build c4a6d18ded8cb6cad61d2372a9abd97c      *
           *   (after the EMIL interpreter by V. Veryazov) *
           *************************************************

configuration info
------------------
C Compiler ID: Intel
C flags: -std=gnu99 -gcc-sys
Fortran Compiler ID: IntelLLVM
Fortran flags: -standard-semantics -fltconsistency -fpp -i8 -heap-arrays
Definitions: _MOLCAS_;_I8_;_LINUX_
Parallel: OFF (GA=OFF)


   ----------------------------------------------------------------------------------------
  |
  |              Project: H10_1.62
  |       Submitted from: /home/grierjones/DDCASPT2/hydrogen_comps/rerun/H10_chain/H10_1.62
  |         Scratch area: /tmp/H10_1.62
  |      Save outputs to: /home/grierjones/DDCASPT2/hydrogen_comps/rerun/H10_chain/H10_1.62
  |               Molcas: /home/grierjones/Test/build
  |
  | Scratch area is empty
  |
  |       MOLCAS_DRIVER = /usr/local/pymolcas
  | MOLCAS_KEEP_WORKDIR = NO
  |  MOLCAS_NEW_WORKDIR = YES
  |       MOLCAS_NPROCS = 1
  |        MOLCAS_PRINT = NORMAL
  |       MOLCAS_SOURCE = /home/grierjones/Test
  |    MOLCAS_STRUCTURE = 0
  |
   ----------------------------------------------------------------------------------------

++ ---------   Input file   ---------

&GATEWAY
coord=H10_1.62.xyz
Basis = ANO-RCC-VDZP
Group = nosymm
End of Input

&SEWARD
End of Input

&SCF

>>> COPY $WorkDir/H10_1.62.scf.h5 $CurrDir/

&RASSCF
Title= RASSCF
FileOrb
/home/grierjones/DDCASPT2/hydrogen_comps/rerun/H10_chain/H10_0.60/H10_0.60.RasOrb
NACTEL
10 0 0
Inactive
0
RAS2
10
Symmetry
1
Spin
1
orblisting
all

>>> COPY $WorkDir/H10_1.62.rasscf.h5 $CurrDir/

>>> COPY $WorkDir/GMJ_Fock_MO.csv $CurrDir/H10_1.62.GMJ_Fock_MO.csv

&MOTRA
Frozen=0
LUMORB

>>> COPY $WorkDir/GMJ_one_int_indx.csv $CurrDir/H10_1.62.GMJ_one_int_indx.csv

>>> COPY $WorkDir/GMJ_one_int.csv $CurrDir/H10_1.62.GMJ_one_int.csv

>>> COPY $WorkDir/GMJ_two_int_indx.csv $CurrDir/H10_1.62.GMJ_two_int_indx.csv

>>> COPY $WorkDir/GMJ_two_int.csv $CurrDir/H10_1.62.GMJ_two_int.csv

&CASPT2
Frozen
0

MAXITER
50

>>> FOREACH i IN (B,E,F,G,H)

  >>> FOREACH j IN (P,M)

    >>> IF (-FILE GMJ_e2_${i}_${j}_1_.csv)

      >>> COPY $WorkDir/GMJ_RHS_${i}_${j}_1_.csv $CurrDir/GMJ_RHS_${i}_${j}_1_.csv

      >>> COPY $WorkDir/GMJ_IVECW_${i}_${j}_1_.csv $CurrDir/GMJ_IVECW_${i}_${j}_1_.csv

      >>> COPY $WorkDir/GMJ_IVECX_${i}_${j}_1_.csv $CurrDir/GMJ_IVECX_${i}_${j}_1_.csv

      >>> COPY $WorkDir/GMJ_IVECC2_${i}_${j}_1_.csv $CurrDir/GMJ_IVECC2_${i}_${j}_1_.csv

      >>> COPY $WorkDir/GMJ_e2_${i}_${j}_1_.csv $CurrDir/GMJ_e2_${i}_${j}_1_.csv

    >>> END IF

  >>> END FOREACH

>>> END FOREACH

>>> FOREACH i IN (A,C,D)

  >>> IF (-FILE GMJ_e2_${i}_1_.csv)

    >>> COPY $WorkDir/GMJ_RHS_${i}_1_.csv $CurrDir/GMJ_RHS_${i}_1_.csv

    >>> COPY $WorkDir/GMJ_IVECW_${i}_1_.csv $CurrDir/GMJ_IVECW_${i}_1_.csv

    >>> COPY $WorkDir/GMJ_IVECX_${i}_1_.csv $CurrDir/GMJ_IVECX_${i}_1_.csv

    >>> COPY $WorkDir/GMJ_IVECC2_${i}_1_.csv $CurrDir/GMJ_IVECC2_${i}_1_.csv

    >>> COPY $WorkDir/GMJ_e2_${i}_1_.csv $CurrDir/GMJ_e2_${i}_1_.csv

  >>> END IF

>>> END FOREACH

-- ----------------------------------

--- Start Module: gateway at Sun Oct 26 15:29:40 2025 ---
 
()()()()()()()()()()()()()()()()()()()()()()()()()()()()()()()()()()()()()()()()()()()()()()()()()()

                                              &GATEWAY

                                   only a single process is used
                       available to each process: 2.0 GB of memory, 1 thread?
()()()()()()()()()()()()()()()()()()()()()()()()()()()()()()()()()()()()()()()()()()()()()()()()()()
 
 
++    Symmetry information:
      ---------------------
 
                    Character Table for C1 
 
                             E  
                    a        1  x, y, xy, Rz, z, xz, Ry, yz, Rx, I
--
 
 
++    Basis set information:
      ----------------------
 
 
      Basis set label: H.ANO-RCC...2S1P.
 
      Electronic valence basis set:
      ------------------
      Associated Effective Charge   1.000000 au
      Associated Actual Charge      1.000000 au
      Nuclear Model: Point charge
 
      Shell  nPrim  nBasis  Cartesian Spherical Contaminant
         s       8       2        X                  
         p       4       1        X                  
--
 
 
++    Molecular structure info:
      -------------------------
 
                    ************************************************ 
                    **** Cartesian Coordinates / Bohr, Angstrom **** 
                    ************************************************ 
 
     Center  Label                x              y              z                     x              y              z
        1      H1               0.000000       0.000000       0.000000              0.000000       0.000000       0.000000
        2      H2               0.000000       0.000000       3.057921              0.000000       0.000000       1.618182
        3      H3               0.000000       0.000000       6.115842              0.000000       0.000000       3.236364
        4      H4               0.000000       0.000000       9.173761              0.000000       0.000000       4.854545
        5      H5               0.000000       0.000000      12.231681              0.000000       0.000000       6.472727
        6      H6               0.000000       0.000000      15.289602              0.000000       0.000000       8.090909
        7      H7               0.000000       0.000000      18.347523              0.000000       0.000000       9.709091
        8      H8               0.000000       0.000000      21.405444              0.000000       0.000000      11.327273
        9      H9               0.000000       0.000000      24.463365              0.000000       0.000000      12.945455
       10      H10              0.000000       0.000000      27.521283              0.000000       0.000000      14.563636
 
                    *************************************** 
                    *    InterNuclear Distances / Bohr    * 
                    *************************************** 
 
               1 H1            2 H2            3 H3            4 H4            5 H5            6 H6    
    1 H1       0.000000
    2 H2       3.057921        0.000000
    3 H3       6.115842        3.057921        0.000000
    4 H4       9.173761        6.115840        3.057919        0.000000
    5 H5      12.231681        9.173761        6.115840        3.057921        0.000000
    6 H6      15.289602       12.231681        9.173761        6.115842        3.057921        0.000000
    7 H7      18.347523       15.289602       12.231681        9.173762        6.115842        3.057921
    8 H8      21.405444       18.347523       15.289602       12.231683        9.173762        6.115842
    9 H9      24.463365       21.405444       18.347523       15.289604       12.231683        9.173762
   10 H10     27.521283       24.463363       21.405442       18.347523       15.289602       12.231681
 
               7 H7            8 H8            9 H9           10 H10   
    7 H7       0.000000
    8 H8       3.057921        0.000000
    9 H9       6.115842        3.057921        0.000000
   10 H10      9.173761        6.115840        3.057919        0.000000
 
                    ******************************************* 
                    *    InterNuclear Distances / Angstrom    * 
                    ******************************************* 
 
               1 H1            2 H2            3 H3            4 H4            5 H5            6 H6    
    1 H1       0.000000
    2 H2       1.618182        0.000000
    3 H3       3.236364        1.618182        0.000000
    4 H4       4.854545        3.236363        1.618181        0.000000
    5 H5       6.472727        4.854545        3.236363        1.618182        0.000000
    6 H6       8.090909        6.472727        4.854545        3.236364        1.618182        0.000000
    7 H7       9.709091        8.090909        6.472727        4.854546        3.236364        1.618182
    8 H8      11.327273        9.709091        8.090909        6.472728        4.854546        3.236364
    9 H9      12.945455       11.327273        9.709091        8.090910        6.472728        4.854546
   10 H10     14.563636       12.945454       11.327272        9.709091        8.090909        6.472727
 
               7 H7            8 H8            9 H9           10 H10   
    7 H7       0.000000
    8 H8       1.618182        0.000000
    9 H9       3.236364        1.618182        0.000000
   10 H10      4.854545        3.236363        1.618181        0.000000
--
 
 
            Nuclear Potential Energy              6.30810482 au
 
--- Stop Module: gateway at Sun Oct 26 15:29:41 2025 /rc=_RC_ALL_IS_WELL_ ---
*** files: xmldump
    saved to directory /home/grierjones/DDCASPT2/hydrogen_comps/rerun/H10_chain/H10_1.62

--- Start Module: seward at Sun Oct 26 15:29:41 2025 ---
 
()()()()()()()()()()()()()()()()()()()()()()()()()()()()()()()()()()()()()()()()()()()()()()()()()()

                                              &SEWARD

                                   only a single process is used
                       available to each process: 2.0 GB of memory, 1 thread?
()()()()()()()()()()()()()()()()()()()()()()()()()()()()()()()()()()()()()()()()()()()()()()()()()()
 
               SEWARD will generate:
                  Multipole Moment integrals up to order  2
                  Kinetic Energy integrals
                  Nuclear Attraction integrals (point charge)
                  One-Electron Hamiltonian integrals
                  Velocity integrals
                  Relativistic Douglas-Kroll-Hess integrals:
                    - Parametrization         : EXP
                    - DKH order of Hamiltonian: 2
                    - DKH order of Properties : 0
                         - multipole moment operators
                         - electric potential operators
                         - contact operators
                  Atomic mean-field integrals
                  Two-Electron Repulsion integrals
 
                   Integrals are discarded if absolute value <: 0.10E-13
                   Integral cutoff threshold is set to       <: 0.10E-15
 
            Nuclear Potential Energy              6.30810482 au
 
 
      Basis set specifications :
      Symmetry species         a  
      Basis functions           50
 
 
  Input file to MOLDEN was generated!
 
forrtl: warning (525): IEEE_DIVIDE_BY_ZERO is signaling
forrtl: warning (526): IEEE_INVALID is signaling
forrtl: warning (528): IEEE_UNDERFLOW is signaling
--- Stop Module: seward at Sun Oct 26 15:29:41 2025 /rc=_RC_ALL_IS_WELL_ ---
*** files: H10_1.62.GssOrb H10_1.62.guessorb.h5 H10_1.62.guessorb.molden xmldump
    saved to directory /home/grierjones/DDCASPT2/hydrogen_comps/rerun/H10_chain/H10_1.62

*** symbolic link created: INPORB -> H10_1.62.GssOrb
--- Start Module: scf at Sun Oct 26 15:29:41 2025 ---
 
()()()()()()()()()()()()()()()()()()()()()()()()()()()()()()()()()()()()()()()()()()()()()()()()()()

                                                &SCF

                                   only a single process is used
                       available to each process: 2.0 GB of memory, 1 thread?
()()()()()()()()()()()()()()()()()()()()()()()()()()()()()()()()()()()()()()()()()()()()()()()()()()
 
++    Input section:
      --------------
 
      Header of the integral files:
      
       Integrals generated by seward 4.2.0  , Sun Oct 26 15:29:41 2025
 
 
      Cartesian coordinates in Angstrom:
      -----------------------------------------------------
      No.  Label        X            Y            Z        
      -----------------------------------------------------
       1   H1         0.00000000   0.00000000   0.00000000
       2   H2         0.00000000   0.00000000   1.61818200
       3   H3         0.00000000   0.00000000   3.23636400
       4   H4         0.00000000   0.00000000   4.85454500
       5   H5         0.00000000   0.00000000   6.47272700
       6   H6         0.00000000   0.00000000   8.09090900
       7   H7         0.00000000   0.00000000   9.70909100
       8   H8         0.00000000   0.00000000  11.32727300
       9   H9         0.00000000   0.00000000  12.94545500
      10   H10        0.00000000   0.00000000  14.56363600
      -----------------------------------------------------
      Nuclear repulsion energy =    6.30810482
--
 
++    Orbital specifications:
      -----------------------
 
      Symmetry species               1
                                     a
      Frozen orbitals                0
      Occupied orbitals              5
      Secondary orbitals            45
      Deleted orbitals               0
      Total number of orbitals      50
      Number of basis functions     50
--
 
      Molecular charge                           0.000
 
++    Optimization specifications:
      ----------------------------
 
      SCF Algorithm: Conventional
      Minimized density differences are used
      Number of density matrices in core                5
      Maximum number of NDDO SCF iterations           400
      Maximum number of HF SCF iterations             400
      Threshold for SCF energy change            0.10E-08
      Threshold for density matrix               0.10E-03
      Threshold for Fock matrix                  0.15E-03
      Threshold for linear dependence            0.10E-08
      Threshold at which DIIS is turned on       0.15E+00
      Threshold at which QNR/C2DIIS is turned on 0.75E-01
      Threshold for Norm(delta) (QNR/C2DIIS)     0.20E-04
      DIIS extrapolation of the SCF procedure
      All orbitals punched on: SCFORB
--
 
      Input vectors read from INPORB
      Orbital file label: *Guess orbitals
 
 
++ Convergence information
                                   SCF        iterations: Energy and convergence statistics
 
Iter     Tot. SCF        One-elec.       Two-elec.     Energy      Max Dij or  Max Fij      DNorm      TNorm      AccCon     Time
         Energy          Energy          Energy        Change      Delta Norm                                                in Sec.
   1    -4.768263416   -18.064907406     6.988539175   0.00E+00    0.26E+00*   0.93E-01*    0.42E+01   0.13E+02   None         0.
   2    -4.903459607   -18.054692836     6.843128413  -0.14E+00*   0.11E+00*   0.16E-01*    0.14E+01   0.12E+02   EDIIS        0.
   3    -4.910899335   -17.995135655     6.776131505  -0.74E-02*   0.51E-01*   0.79E-02*    0.30E+00   0.12E+02   EDIIS        0.
   4    -4.912454060   -17.993099865     6.772540989  -0.16E-02*   0.18E-01*   0.65E-02*    0.11E+00   0.12E+02   c2DIIS       0.
   5    -4.913130170   -17.987892340     6.766657354  -0.68E-03*   0.50E-02*   0.11E-02*    0.22E-01   0.12E+02   QNRc2DIIS    0.
   6    -4.913159857   -17.988635745     6.767371073  -0.30E-04*   0.64E-02*   0.50E-03*    0.53E-02   0.12E+02   QNRc2DIIS    0.
   7    -4.913172847   -17.988270289     6.766992627  -0.13E-04*   0.25E-03*   0.48E-04     0.18E-02   0.12E+02   QNRc2DIIS    0.
   8    -4.913172916   -17.988173188     6.766895457  -0.69E-07*   0.41E-04*   0.10E-04     0.33E-03   0.12E+02   QNRc2DIIS    0.
   9    -4.913172918   -17.988159764     6.766882031  -0.24E-08*   0.61E-05    0.14E-05     0.47E-04   0.12E+02   QNRc2DIIS    0.
  10    -4.913172918   -17.988154882     6.766877148  -0.31E-10    0.46E-06    0.96E-07     0.76E-05   0.12E+02   QNRc2DIIS    0.
 
       Convergence after 10 Macro Iterations
--
 
 *****************************************************************************************************************************
 *                                                                                                                           *
 *                                             SCF/KS-DFT Program, Final results                                             *
 *                                                                                                                           *
 *                                                                                                                           *
 *                                                                                                                           *
 *                                                       Final Results                                                       *
 *                                                                                                                           *
 *****************************************************************************************************************************
 
::    Total SCF energy                                 -4.9131729180
      One-electron energy                             -17.9881548817
      Two-electron energy                               6.7668771484
      Nuclear repulsion energy                          6.3081048153
      Kinetic energy (interpolated)                     3.7045723352
      Virial theorem                                    1.3262456428
      Total spin, S(S+1)                                0.0000000000
      Total spin, S                                     0.0000000000
      Max non-diagonal density matrix element           0.0000003750
      Max non-diagonal Fock matrix element              0.0000000129
 
 
      All orbitals with orbital energies smaller than  E(LUMO)+0.5 are printed
 
++    Molecular orbitals:
      -------------------
 
      Title: SCF orbitals

      Molecular orbitals for symmetry species 1: a  
 
          Orbital            1         2         3         4         5         6         7         8         9        10    
          Energy           -0.5174   -0.4948   -0.4578   -0.4073   -0.3499   -0.1116   -0.0370    0.0449    0.1282    0.2024
          Occ. No.          2.0000    2.0000    2.0000    2.0000    2.0000    0.0000    0.0000    0.0000    0.0000    0.0000
 
        1 H1     1s         0.1019   -0.1994    0.2840   -0.3373    0.2931   -0.3949    0.5531   -0.5592    0.4483   -0.2444
        2 H1     2s         0.0056   -0.0123    0.0227   -0.0395    0.0489   -0.1418    0.2415   -0.2961    0.2909   -0.2083
        3 H1     2px        0.0000   -0.0000   -0.0000   -0.0000    0.0000   -0.0000    0.0000    0.0000   -0.0000    0.0000
        4 H1     2py        0.0000   -0.0000    0.0000   -0.0000    0.0000   -0.0000   -0.0000   -0.0000   -0.0000   -0.0000
        5 H1     2pz        0.0076   -0.0132    0.0154   -0.0136    0.0084    0.0016   -0.0108    0.0243   -0.0363    0.0342
        6 H2     1s         0.1603   -0.2904    0.3580   -0.3348    0.2055    0.1494   -0.4543    0.7254   -0.7743    0.5146
        7 H2     2s         0.0042   -0.0209    0.0527   -0.0829    0.0734    0.0450   -0.1887    0.3357   -0.3688    0.2318
        8 H2     2px       -0.0000    0.0000   -0.0000   -0.0000    0.0000    0.0000   -0.0000    0.0000    0.0000    0.0000
        9 H2     2py        0.0000   -0.0000    0.0000   -0.0000    0.0000    0.0000   -0.0000   -0.0000   -0.0000   -0.0000
       10 H2     2pz        0.0023   -0.0001   -0.0078    0.0171   -0.0183    0.0216   -0.0216    0.0048    0.0203   -0.0318
       11 H3     1s         0.2521   -0.3149    0.1208    0.2174   -0.3887    0.4708   -0.2513   -0.3590    0.8295   -0.7024
       12 H3     2s         0.0168   -0.0191   -0.0042    0.0593   -0.1009    0.1712   -0.0971   -0.1666    0.3956   -0.3471
       13 H3     2px        0.0000   -0.0000    0.0000   -0.0000   -0.0000    0.0000   -0.0000    0.0000    0.0000   -0.0000
       14 H3     2py       -0.0000    0.0000   -0.0000   -0.0000   -0.0000   -0.0000    0.0000   -0.0000   -0.0000   -0.0000
       15 H3     2pz        0.0067   -0.0020   -0.0107    0.0174   -0.0112   -0.0132    0.0273   -0.0255   -0.0003    0.0245
       16 H4     1s         0.2862   -0.2718   -0.0427    0.3435   -0.3116   -0.3171    0.5676   -0.1700   -0.6533    0.8756
       17 H4     2s         0.0120   -0.0299    0.0130    0.0580   -0.0904   -0.1092    0.2381   -0.0787   -0.3089    0.4062
       18 H4     2px        0.0000    0.0000   -0.0000   -0.0000   -0.0000   -0.0000    0.0000    0.0000    0.0000   -0.0000
       19 H4     2py       -0.0000    0.0000   -0.0000    0.0000    0.0000    0.0000    0.0000    0.0000   -0.0000    0.0000
       20 H4     2pz       -0.0006    0.0097   -0.0133   -0.0024    0.0181   -0.0229    0.0025    0.0305   -0.0268   -0.0109
       21 H5     1s         0.3215   -0.0582   -0.3308    0.1072    0.3810   -0.4341   -0.2574    0.6434    0.2318   -0.9589
       22 H5     2s         0.0173    0.0091   -0.0455    0.0023    0.1034   -0.1549   -0.1132    0.2901    0.1069   -0.4544
       23 H5     2px       -0.0000    0.0000    0.0000   -0.0000    0.0000    0.0000    0.0000    0.0000   -0.0000   -0.0000
       24 H5     2py       -0.0000   -0.0000   -0.0000    0.0000   -0.0000    0.0000   -0.0000   -0.0000   -0.0000   -0.0000
       25 H5     2pz        0.0041    0.0098   -0.0091   -0.0124    0.0162    0.0198   -0.0205   -0.0176    0.0352    0.0087
       26 H6     1s         0.3215    0.0582   -0.3308   -0.1072    0.3810    0.4341   -0.2574   -0.6434    0.2318    0.9589
       27 H6     2s         0.0173   -0.0091   -0.0455   -0.0023    0.1034    0.1549   -0.1132   -0.2901    0.1069    0.4544
       28 H6     2px       -0.0000   -0.0000   -0.0000    0.0000    0.0000   -0.0000    0.0000    0.0000    0.0000   -0.0000
       29 H6     2py       -0.0000   -0.0000    0.0000   -0.0000    0.0000    0.0000    0.0000    0.0000   -0.0000   -0.0000
       30 H6     2pz       -0.0041    0.0098    0.0091   -0.0124   -0.0162    0.0198    0.0205   -0.0176   -0.0352    0.0087
       31 H7     1s         0.2862    0.2718   -0.0427   -0.3435   -0.3116    0.3171    0.5676    0.1700   -0.6533   -0.8756
       32 H7     2s         0.0120    0.0299    0.0130   -0.0580   -0.0904    0.1092    0.2381    0.0787   -0.3089   -0.4062
       33 H7     2px        0.0000    0.0000    0.0000   -0.0000   -0.0000    0.0000    0.0000   -0.0000    0.0000    0.0000
       34 H7     2py        0.0000    0.0000    0.0000    0.0000    0.0000   -0.0000   -0.0000   -0.0000   -0.0000    0.0000
       35 H7     2pz        0.0006    0.0097    0.0133   -0.0024   -0.0181   -0.0229   -0.0025    0.0305    0.0268   -0.0109
       36 H8     1s         0.2521    0.3149    0.1208   -0.2174   -0.3887   -0.4708   -0.2513    0.3590    0.8295    0.7024
       37 H8     2s         0.0168    0.0191   -0.0042   -0.0593   -0.1009   -0.1712   -0.0971    0.1666    0.3956    0.3471
       38 H8     2px        0.0000   -0.0000    0.0000    0.0000    0.0000   -0.0000   -0.0000    0.0000    0.0000    0.0000
       39 H8     2py       -0.0000   -0.0000   -0.0000    0.0000    0.0000    0.0000   -0.0000   -0.0000    0.0000   -0.0000
       40 H8     2pz       -0.0067   -0.0020    0.0107    0.0174    0.0112   -0.0132   -0.0273   -0.0255    0.0003    0.0245
       41 H9     1s         0.1603    0.2904    0.3580    0.3348    0.2055   -0.1494   -0.4543   -0.7254   -0.7743   -0.5146
       42 H9     2s         0.0042    0.0209    0.0527    0.0829    0.0734   -0.0450   -0.1887   -0.3357   -0.3688   -0.2318
       43 H9     2px        0.0000    0.0000   -0.0000   -0.0000   -0.0000    0.0000    0.0000    0.0000    0.0000    0.0000
       44 H9     2py       -0.0000   -0.0000    0.0000    0.0000   -0.0000    0.0000    0.0000   -0.0000    0.0000   -0.0000
       45 H9     2pz       -0.0023   -0.0001    0.0078    0.0171    0.0183    0.0216    0.0216    0.0048   -0.0203   -0.0318
       46 H10    1s         0.1019    0.1994    0.2840    0.3373    0.2931    0.3949    0.5531    0.5592    0.4483    0.2444
       47 H10    2s         0.0056    0.0123    0.0227    0.0395    0.0489    0.1418    0.2415    0.2961    0.2909    0.2083
       48 H10    2px       -0.0000    0.0000    0.0000    0.0000    0.0000   -0.0000    0.0000    0.0000   -0.0000   -0.0000
       49 H10    2py        0.0000    0.0000   -0.0000   -0.0000    0.0000    0.0000    0.0000   -0.0000   -0.0000    0.0000
       50 H10    2pz       -0.0076   -0.0132   -0.0154   -0.0136   -0.0084    0.0016    0.0108    0.0243    0.0363    0.0342
 
          Orbital           11        12        13    
          Energy            0.2809    0.3073    0.3529
          Occ. No.          0.0000    0.0000    0.0000
 
        1 H1     1s        -0.1290    0.2057   -0.1563
        2 H1     2s         0.1564   -0.3020    0.4616
        3 H1     2px       -0.0000    0.0000   -0.0000
        4 H1     2py        0.0000   -0.0000    0.0000
        5 H1     2pz       -0.0254    0.0374   -0.0387
        6 H2     1s        -0.0648    0.0365    0.0105
        7 H2     2s         0.1776   -0.2874    0.2249
        8 H2     2px       -0.0000    0.0000   -0.0000
        9 H2     2py        0.0000   -0.0000    0.0000
       10 H2     2pz       -0.0003   -0.0166    0.0615
       11 H3     1s        -0.1857    0.2558   -0.1108
       12 H3     2s         0.1823   -0.1904    0.0055
       13 H3     2px       -0.0000    0.0000   -0.0000
       14 H3     2py        0.0000    0.0000    0.0000
       15 H3     2pz       -0.0140   -0.0061    0.0324
       16 H4     1s        -0.1333   -0.0120    0.1250
       17 H4     2s         0.2349   -0.2122   -0.1415
       18 H4     2px        0.0000    0.0000   -0.0000
       19 H4     2py       -0.0000   -0.0000   -0.0000
       20 H4     2pz       -0.0004   -0.0276    0.0494
       21 H5     1s        -0.1755    0.1342    0.0962
       22 H5     2s         0.2329   -0.0168   -0.3042
       23 H5     2px       -0.0000    0.0000    0.0000
       24 H5     2py        0.0000    0.0000    0.0000
       25 H5     2pz       -0.0059   -0.0295    0.0076
       26 H6     1s        -0.1755   -0.1342    0.0962
       27 H6     2s         0.2329    0.0168   -0.3042
       28 H6     2px        0.0000    0.0000   -0.0000
       29 H6     2py        0.0000   -0.0000   -0.0000
       30 H6     2pz        0.0059   -0.0295   -0.0076
       31 H7     1s        -0.1333    0.0120    0.1250
       32 H7     2s         0.2349    0.2122   -0.1415
       33 H7     2px        0.0000    0.0000   -0.0000
       34 H7     2py        0.0000   -0.0000   -0.0000
       35 H7     2pz        0.0004   -0.0276   -0.0494
       36 H8     1s        -0.1857   -0.2558   -0.1108
       37 H8     2s         0.1823    0.1904    0.0055
       38 H8     2px        0.0000   -0.0000   -0.0000
       39 H8     2py        0.0000   -0.0000   -0.0000
       40 H8     2pz        0.0140   -0.0061   -0.0324
       41 H9     1s        -0.0648   -0.0365    0.0105
       42 H9     2s         0.1776    0.2874    0.2249
       43 H9     2px        0.0000    0.0000   -0.0000
       44 H9     2py        0.0000   -0.0000    0.0000
       45 H9     2pz        0.0003   -0.0166   -0.0615
       46 H10    1s        -0.1290   -0.2057   -0.1563
       47 H10    2s         0.1564    0.3020    0.4616
       48 H10    2px       -0.0000   -0.0000    0.0000
       49 H10    2py       -0.0000   -0.0000   -0.0000
       50 H10    2pz        0.0254    0.0374    0.0387
--
 
 
++    Molecular charges:
      ------------------
 
      Mulliken charges per centre and basis function type
      ---------------------------------------------------
 
                H1      H2      H3      H4      H5      H6      H7      H8      H9      H10   
      1s       0.8976  1.0112  0.9692  0.9764  0.9729  0.9729  0.9764  0.9692  1.0112  0.8976
      2s       0.0268  0.0307  0.0051  0.0118  0.0104  0.0104  0.0118  0.0051  0.0307  0.0268
      2px      0.0000  0.0000 -0.0000  0.0000  0.0000  0.0000  0.0000  0.0000  0.0000  0.0000
      2pz      0.0132  0.0193  0.0183  0.0184  0.0186  0.0186  0.0184  0.0183  0.0193  0.0132
      2py      0.0000  0.0000  0.0000  0.0000  0.0000  0.0000  0.0000  0.0000  0.0000  0.0000
      Total    0.9376  1.0612  0.9926  1.0067  1.0018  1.0018  1.0067  0.9926  1.0612  0.9376
 
      N-E      0.0624 -0.0612  0.0074 -0.0067 -0.0018 -0.0018 -0.0067  0.0074 -0.0612  0.0624
 
      Total electronic charge=   10.000000
 
      Total            charge=   -0.000000
--
 
 
  Input file to MOLDEN was generated!
 
 
++    Static properties:
      ------------------
 
 
      LoProp Charges per center
 

                   H1       H2       H3       H4       H5       H6       H7       H8       H9       H10   
      Nuclear      1.0000   1.0000   1.0000   1.0000   1.0000   1.0000   1.0000   1.0000   1.0000   1.0000
      Electronic  -0.9752  -1.0195  -0.9966  -1.0068  -1.0019  -1.0019  -1.0068  -0.9966  -1.0195  -0.9752
 
      Total        0.0248  -0.0195   0.0034  -0.0068  -0.0019  -0.0019  -0.0068   0.0034  -0.0195   0.0248
--
 
 
++    Natural Bond Order analysis
      ---------------------------
      Based on LoProp computed density
      -------------------------------------------------------------------------------------
      Atom A       Atom B       Bond Order
      -------------------------------------------------------------------------------------
      NBO located      0.943 non-bonded electrons on atom H1        
      NBO located      1.012 non-bonded electrons on atom H3        
      NBO located      1.020 non-bonded electrons on atom H4        
      NBO located      1.016 non-bonded electrons on atom H5        
      NBO located      1.016 non-bonded electrons on atom H6        
      NBO located      1.020 non-bonded electrons on atom H7        
      NBO located      1.012 non-bonded electrons on atom H8        
      NBO located      0.943 non-bonded electrons on atom H10       
      The remaining    2.020 electrons are to be considered as diffuse
--
 
 
++    Molecular properties:
      ---------------------
 
      Charge (e):
                      =   -0.0000
      Dipole Moment (Debye):
      Origin of the operator (Ang)=    0.0000    0.0000    0.0000
                   X= -8.1966E-16               Y= -1.1914E-13               Z=  9.2478E-07           Total=  9.2478E-07
      Quadrupole Moment (Debye*Ang):
      Origin of the operator (Ang)=    0.0000    0.0000    7.2818
                  XX= -1.7361E+01              XY=  1.0052E-29              XZ=  3.9067E-14              YY= -1.7361E+01
                  YZ=  9.1001E-13              ZZ= -1.5150E+00
      In traceless form (Debye*Ang)
                  XX= -7.9229E+00              XY=  1.5078E-29              XZ=  5.8600E-14              YY= -7.9229E+00
                  YZ=  1.3650E-12              ZZ=  1.5846E+01
--
 
 
  Input file to MOLDEN was generated!
 
 ###############################################################################
 ###############################################################################
 ###                                                                         ###
 ###                                                                         ###
 ###    RunFile label nBas                                                   ###
 ###    was used       78 times                                              ###
 ###                                                                         ###
 ###                                                                         ###
 ###############################################################################
 ###############################################################################
forrtl: warning (528): IEEE_UNDERFLOW is signaling
--- Stop Module: scf at Sun Oct 26 15:29:42 2025 /rc=_RC_ALL_IS_WELL_ ---
*** files: H10_1.62.LprOrb H10_1.62.LoProp.molden H10_1.62.scf.molden H10_1.62.ScfOrb H10_1.62.scf.h5 xmldump
    saved to directory /home/grierjones/DDCASPT2/hydrogen_comps/rerun/H10_chain/H10_1.62

>>> COPY /tmp/H10_1.62/H10_1.62.scf.h5 /home/grierjones/DDCASPT2/hydrogen_comps/rerun/H10_chain/H10_1.62/

*** symbolic link created: INPORB -> H10_1.62.ScfOrb
--- Start Module: rasscf at Sun Oct 26 15:29:42 2025 ---
 
()()()()()()()()()()()()()()()()()()()()()()()()()()()()()()()()()()()()()()()()()()()()()()()()()()

                                              &RASSCF

                                   only a single process is used
                       available to each process: 2.0 GB of memory, 1 thread?
()()()()()()()()()()()()()()()()()()()()()()()()()()()()()()()()()()()()()()()()()()()()()()()()()()
 
 
      Header of the ONEINT file:
      --------------------------
      
      Integrals generated by seward 4.2.0  , Sun Oct 26 15:29:41 2025
 
 
      OrdInt status: non-squared
 
 
      Cartesian coordinates in Angstrom:
      -----------------------------------------------------
      No.  Label        X            Y            Z        
      -----------------------------------------------------
       1   H1         0.00000000   0.00000000   0.00000000
       2   H2         0.00000000   0.00000000   1.61818200
       3   H3         0.00000000   0.00000000   3.23636400
       4   H4         0.00000000   0.00000000   4.85454500
       5   H5         0.00000000   0.00000000   6.47272700
       6   H6         0.00000000   0.00000000   8.09090900
       7   H7         0.00000000   0.00000000   9.70909100
       8   H8         0.00000000   0.00000000  11.32727300
       9   H9         0.00000000   0.00000000  12.94545500
      10   H10        0.00000000   0.00000000  14.56363600
      -----------------------------------------------------
      Nuclear repulsion energy =    6.30810482
 
++    Wave function specifications:
      -----------------------------
 
      Number of closed shell electrons           0
      Number of electrons in active shells      10
      Max number of holes in RAS1 space          0
      Max nr of electrons in RAS3 space          0
      Number of inactive orbitals                0
      Number of active orbitals                 10
      Number of secondary orbitals              40
      Spin quantum number                      0.0
      State symmetry                             1
--
 
++    Orbital specifications:
      -----------------------
 
      Symmetry species                           1
                                                 a
      Frozen orbitals                            0
      Inactive orbitals                          0
      Active orbitals                           10
      RAS1 orbitals                              0
      RAS2 orbitals                             10
      RAS3 orbitals                              0
      Secondary orbitals                        40
      Deleted orbitals                           0
      Number of basis functions                 50
--
 
++    CI expansion specifications:
      ----------------------------
 
      Number of CSFs                         19404
      Number of determinants                 31878
      Number of root(s) required                 1
      Root chosen for geometry opt.              1
      CI root used                               1
         
      highest root included in the CI            1
      max. size of the explicit Hamiltonian    200
--
 
++    Optimization specifications:
      ----------------------------
 
      RASSCF algorithm: Conventional
      Maximum number of macro iterations       200
      Maximum number of SX iterations          100
      Threshold for RASSCF energy            0.100E-07
      Threshold for max MO rotation          0.100E+00
      Threshold for max BLB element          0.100E-03
      Level shift parameter                  0.500E+00
      Make Quasi-Newton update
--
 
      The MO-coefficients are taken from the file:
      /home/grierjones/DDCASPT2/hydrogen_comps/rerun/H10_chain/H10_0.60/H10_0.60.RasOrb                                               
      Title: RASSCF average (pseudo-natural) orbitals                                      
 
      Total molecular charge    0.00
 
      ************************************************************************************************************************
      *                                                                                                                      *
      *                                            Wave function control section                                             *
      *                                                                                                                      *
      ************************************************************************************************************************
 
 
                                         RASSCF iterations: Energy and convergence statistics
                                         ----------------------------------------------------
 
      Iter CI   SX   CI       RASSCF       Energy    max ROT     max BLB   max BLB  Level Ln srch  Step   QN   Walltime
          iter iter root      energy       change     param      element    value   shift minimum  type update hh:mm:ss
        No convergence in the CI section: MAXJT will be increased to 
 24
 Nr of preliminary CI iterations:  12
        1   8  100    1    -3.78146125    0.00E+00  -0.26E+00*   3  16 1  0.44E+00*  0.11   0.00    SX    NO    0:00:01
        2  14  100    1    -4.76969988   -0.99E+00* -0.26E+00*   3  16 1  0.31E+00*  0.03   0.00    SX    NO    0:00:01
        3   5  100    1    -5.06700758   -0.30E+00* -0.22E+00*   2  12 1  0.94E-01*  0.00   0.00    SX    NO    0:00:00
        4   4   27    1    -5.10332250   -0.36E-01* -0.32E-01    2  12 1  0.18E-01*  0.00   0.00    SX    NO    0:00:00
        5   5   29    1    -5.10575797   -0.24E-02*  0.16E+00*   3  41 1  0.47E-02*  0.00   1.38    QN   YES    0:00:00
 ###############################################################################
 ###############################################################################
 ###                                                                         ###
 ###                                                                         ###
 ###    Large orbital rotation.                                              ###
 ###                                                                         ###
 ###                                                                         ###
 ###############################################################################
 ###############################################################################
      Molecular orbital  10 of symmetry 1 MO space 2  weight is    0.395244
        6   7   41    1    -5.10913475   -0.34E-02* -0.50E+00*  10  17 1 -0.63E-02*  0.00   1.38    QN   YES    0:00:00
 ###############################################################################
 ###############################################################################
 ###                                                                         ###
 ###                                                                         ###
 ###    Large orbital rotation.                                              ###
 ###                                                                         ###
 ###                                                                         ###
 ###############################################################################
 ###############################################################################
      Molecular orbital  10 of symmetry 1 MO space 2  weight is    0.000949
        7   6  100    1    -5.11994392   -0.11E-01* -0.63E+00*  10  17 1  0.17E-01*  0.00   1.38    QN   YES    0:00:00
        8   7  100    1    -5.15048847   -0.31E-01*  0.39E+00*  10  17 1 -0.34E-01*  0.00   0.00    SX    NO    0:00:00
        9   9   23    1    -5.20484006   -0.54E-01* -0.24E-01    3  16 1 -0.15E-01*  0.00   0.92    QN   YES    0:00:00
       10   3   19    1    -5.20783120   -0.30E-02* -0.29E-01   10  37 1  0.81E-02*  0.00   1.67    QN   YES    0:00:00
       11   8   18    1    -5.20913624   -0.13E-02* -0.49E-02   10  37 1  0.12E-02*  0.00   1.12    QN   YES    0:00:00
       12   4   15    1    -5.20917196   -0.36E-04*  0.43E-03    5  16 1  0.13E-03*  0.00   1.03    QN   YES    0:00:00
       13   8   14    1    -5.20917552   -0.36E-05* -0.11E-02    9  29 1  0.17E-03*  0.00   1.03    QN   YES    0:00:00
       14   9   16    1    -5.20917453    0.99E-06*  0.48E-03    4  37 1  0.21E-03*  0.00   0.35    LS   YES    0:00:00
       15   9   15    1    -5.20917578   -0.13E-05*  0.20E-03    5  16 1 -0.14E-03*  0.00   1.42    LS   YES    0:00:00
       16   7   13    1    -5.20917592   -0.13E-06*  0.92E-04    5  16 1 -0.11E-03*  0.00   1.05    QN   YES    0:00:00
       17   3   12    1    -5.20917599   -0.73E-07*  0.68E-04    5  33 1  0.46E-04   0.00   1.74    LS   YES    0:00:00
       18   1   11    1    -5.20917601   -0.17E-07* -0.84E-04    5  23 1  0.36E-04   0.00   1.02    QN   YES    0:00:00
       19   3   10    1    -5.20917603   -0.18E-07* -0.46E-04   10  17 1  0.94E-05   0.00   1.19    QN   YES    0:00:00
       20   1    7    1    -5.20917603   -0.16E-08   0.41E-05    4  44 1  0.23E-05   0.00   0.89    QN   YES    0:00:00
      Convergence after 20 iterations
 
  Dmat in MO in SXCTL bf call to SXHAM                                                                                    
  mat. size =    10x   10
 
        1.7632752226999926
       -0.0000708133891467      1.8173547346193177
       -0.1154174732428684     -0.0000876226923869      1.6382469246882891
       -0.0000187388666110      0.0264531186340364     -0.0000206929809199      1.6508536827616505
       -0.0543609911498915     -0.0000259534013383     -0.0740186886050764      0.0000131108529857      1.5585548043402047
       -0.1584044734858949     -0.0001354705630620     -0.3079617121951583      0.0000003169943055      0.0377133910008664
        0.2778756030192622
        0.0000129639077193      0.0024882081810226     -0.0000035008394796      0.1860513947732421     -0.0000568797770641
       -0.0003539534847442      0.1915972796469913
        0.2775046119775197      0.0002884426153517      0.2602283071688543     -0.0000787670419646      0.0554330914278645
       -0.0307609005341141      0.0006369141197339      0.4048769146615037
       -0.0002508385356253     -0.0446271617847572     -0.0003225795913021      0.1491042688597368     -0.0001122983228229
       -0.0006406620860207     -0.0055419004204902      0.0012494729910240      0.4854045428017664
       -0.0000757980680183     -0.0130771548540488     -0.0001743423852594      0.0074206777394047     -0.0008665576946564
        0.0012615015637338     -0.0333211563108267      0.0007926755990965     -0.0697556271833011      0.2119602907609366
       21   1    7    1    -5.20917603   -0.65E-10   0.41E-05    8  41 1  0.29E-06   0.00   0.89    QN   YES    0:00:00
 
      ************************************************************************************************************************
                                                      Wave function printout:
                       occupation of active orbitals, and spin coupling of open shells (u,d: Spin up or down)
      ************************************************************************************************************************
 
      Note: transformation to natural orbitals
      has been made, which may change the order of the CSFs.
 
      printout of CI-coefficients larger than  0.05 for root  1
      energy=      -5.209176
      conf/sym  1111111111     Coeff  Weight
             1  2222200000  -0.68523 0.46954
            32  2222000200   0.06094 0.00371
            36  2222000020   0.25099 0.06300
            50  222ud00ud0   0.22446 0.05038
            62  22u2d00200   0.06292 0.00396
            70  22u2d000ud  -0.16057 0.02578
            76  2u22d0ud00   0.05372 0.00289
            78  2u22du00d0   0.13368 0.01787
            84  2u22d00u0d   0.06392 0.00409
            90  u222du0d00  -0.06272 0.00393
            94  u222d0u0d0  -0.14110 0.01991
           107  2220200200   0.11793 0.01391
           111  2220200020   0.06916 0.00478
           115  22202000ud  -0.06184 0.00382
           123  22ud2u00d0  -0.06366 0.00405
           125  22ud200ud0   0.05805 0.00337
           129  22ud200u0d  -0.12915 0.01668
           135  2u2d2u0d00   0.11194 0.01253
           139  2u2d20u0d0   0.06415 0.00412
           145  2u2d2000ud   0.05230 0.00274
           151  u22d20ud00  -0.08581 0.00736
           153  u22d2u00d0  -0.06023 0.00363
           176  2202200002   0.07746 0.00600
           187  2ud22u000d  -0.08348 0.00697
           203  u2d220u00d   0.07326 0.00537
           207  2022220000   0.05477 0.00300
           223  ud222ud000  -0.06845 0.00469
           239  0222202000   0.05055 0.00256
           257  222uu00dd0   0.07428 0.00552
           271  22u2u000dd   0.06351 0.00403
           275  2u22ud00d0   0.05580 0.00311
           286  u222u0d0d0  -0.05877 0.00345
          1971  2220000220  -0.07989 0.00638
          2041  22ud000u2d  -0.07155 0.00512
          2069  2u2d0u0d20  -0.05836 0.00341
          2485  22u0d002ud  -0.05271 0.00278
 
      Natural orbitals and occupation numbers for root  1
      sym 1:   1.847030   1.822473   1.775058   1.688816   1.534580   0.167309   0.139683   0.318859   0.484504   0.221689

 
      ************************************************************************************************************************
      *                                                                                                                      *
      *                                                    Final results                                                     *
      *                                                                                                                      *
      ************************************************************************************************************************
 
 
++    Wave function specifications:
      -----------------------------
 
      Number of closed shell electrons           0
      Number of electrons in active shells      10
      Max number of holes in RAS1 space          0
      Max nr of electrons in RAS3 space          0
      Number of inactive orbitals                0
      Number of active orbitals                 10
      Number of secondary orbitals              40
      Spin quantum number                      0.0
      State symmetry                             1
--
 
++    Orbital specifications:
      -----------------------
 
      Symmetry species                           1
                                                 a
      Frozen orbitals                            0
      Inactive orbitals                          0
      Active orbitals                           10
      RAS1 orbitals                              0
      RAS2 orbitals                             10
      RAS3 orbitals                              0
      Secondary orbitals                        40
      Deleted orbitals                           0
      Number of basis functions                 50
--
 
++    CI expansion specifications:
      ----------------------------
 
      Number of CSFs                         19404
      Number of determinants                 31878
      Number of root(s) required                 1
      CI root used                               1
      highest root included in the CI            1
      Root passed to geometry opt.               1
--
 
++    Final optimization conditions:
      ------------------------------
 
      Average CI energy                              -5.20917603
      RASSCF energy for state  1                     -5.20917603
      Super-CI energy                                -0.00000000
      RASSCF energy change                            0.00000000
      Max change in MO coefficients              -0.492E-05
      Max non-diagonal density matrix element     0.415E-05
      Maximum BLB matrix element                  0.285E-06
      (orbital pair   8,  41 in symmetry   1)
      Norm of electronic gradient            0.109E-05
--
 
 
      Final state energy(ies):
      ------------------------
 
::    RASSCF root number  1 Total energy:     -5.20917603
 
++    Molecular orbitals:
      -------------------
 
      Pseudonatural active orbitals and approximate occupation numbers
 
 
 
 
      Molecular orbitals for symmetry species 1: a  
 
 
      Orbital                1         2         3         4         5         6         7         8         9        10
      Energy            0.0000    0.0000    0.0000    0.0000    0.0000    0.0000    0.0000    0.0000    0.0000    0.0000
      Occ. No.          1.8470    1.8225    1.7751    1.6888    1.5346    0.1673    0.1397    0.3189    0.4845    0.2217
 
    1 H1     1s         0.1092    0.2165    0.3066   -0.3498    0.2922    0.3902    0.2171   -0.4871   -0.3550    0.4882
    2 H1     2s         0.0029    0.0069    0.0136   -0.0232    0.0273    0.0412    0.0257   -0.0415   -0.0320    0.0451
    3 H1     2px       -0.0000   -0.0000   -0.0000   -0.0000    0.0000    0.0000    0.0000   -0.0000   -0.0000    0.0000
    4 H1     2py       -0.0000   -0.0000   -0.0000   -0.0000    0.0000    0.0000    0.0000   -0.0000   -0.0000    0.0000
    5 H1     2pz        0.0046    0.0080    0.0088   -0.0070    0.0038    0.0061    0.0040   -0.0046   -0.0027    0.0061
    6 H2     1s         0.1699    0.3042    0.3619   -0.3168    0.1822   -0.6154   -0.3948    0.3789    0.1240   -0.5923
    7 H2     2s         0.0011    0.0114    0.0328   -0.0540    0.0509   -0.1202   -0.0849    0.0392   -0.0086   -0.0964
    8 H2     2px       -0.0000   -0.0000   -0.0000    0.0000   -0.0000    0.0000    0.0000   -0.0000   -0.0000    0.0000
    9 H2     2py       -0.0000   -0.0000   -0.0000    0.0000   -0.0000    0.0000    0.0000   -0.0000   -0.0000    0.0000
   10 H2     2pz        0.0034    0.0024   -0.0038    0.0113   -0.0127    0.0020    0.0017    0.0071    0.0099   -0.0012
   11 H3     1s         0.2537    0.3161    0.1155    0.2232   -0.3955    0.6608    0.5622    0.2607    0.4567    0.2632
   12 H3     2s         0.0073    0.0082   -0.0061    0.0405   -0.0675    0.1356    0.1181    0.0269    0.0676    0.0623
   13 H3     2px        0.0000    0.0000    0.0000    0.0000   -0.0000    0.0000    0.0000    0.0000    0.0000    0.0000
   14 H3     2py        0.0000    0.0000    0.0000    0.0000   -0.0000    0.0000    0.0000    0.0000    0.0000    0.0000
   15 H3     2pz        0.0029   -0.0013   -0.0094    0.0119   -0.0061    0.0053    0.0036   -0.0060   -0.0038    0.0061
   16 H4     1s         0.2930    0.2632   -0.0674    0.3528   -0.3027   -0.5125   -0.6658   -0.5286   -0.3032    0.1702
   17 H4     2s         0.0048    0.0155    0.0066    0.0364   -0.0609   -0.0972   -0.1447   -0.0935   -0.0311    0.0451
   18 H4     2px        0.0000    0.0000    0.0000    0.0000    0.0000   -0.0000   -0.0000    0.0000   -0.0000    0.0000
   19 H4     2py        0.0000    0.0000    0.0000    0.0000    0.0000   -0.0000   -0.0000    0.0000   -0.0000    0.0000
   20 H4     2pz        0.0018   -0.0054   -0.0100   -0.0003    0.0123    0.0009    0.0039    0.0015   -0.0082   -0.0051
   21 H5     1s         0.3252    0.0665   -0.3224    0.1170    0.3876    0.1717    0.7257    0.2320   -0.4252   -0.5614
   22 H5     2s         0.0074   -0.0054   -0.0249   -0.0001    0.0699    0.0424    0.1560    0.0565   -0.0558   -0.1008
   23 H5     2px        0.0000    0.0000    0.0000    0.0000    0.0000   -0.0000    0.0000   -0.0000   -0.0000    0.0000
   24 H5     2py        0.0000    0.0000    0.0000    0.0000    0.0000   -0.0000    0.0000   -0.0000   -0.0000    0.0000
   25 H5     2pz        0.0006   -0.0077   -0.0045   -0.0100    0.0103    0.0033    0.0039    0.0062    0.0065   -0.0008
   26 H6     1s         0.3252   -0.0665   -0.3224   -0.1170    0.3876    0.1718   -0.7257    0.2320    0.4252    0.5614
   27 H6     2s         0.0074    0.0054   -0.0249    0.0001    0.0699    0.0424   -0.1560    0.0565    0.0558    0.1008
   28 H6     2px       -0.0000    0.0000   -0.0000    0.0000   -0.0000    0.0000    0.0000    0.0000   -0.0000    0.0000
   29 H6     2py       -0.0000    0.0000   -0.0000    0.0000   -0.0000    0.0000    0.0000    0.0000   -0.0000    0.0000
   30 H6     2pz       -0.0006   -0.0077    0.0045   -0.0100   -0.0103   -0.0033    0.0039   -0.0062    0.0065   -0.0008
   31 H7     1s         0.2930   -0.2632   -0.0674   -0.3528   -0.3027   -0.5125    0.6658   -0.5286    0.3032   -0.1702
   32 H7     2s         0.0048   -0.0155    0.0066   -0.0364   -0.0609   -0.0972    0.1447   -0.0935    0.0311   -0.0451
   33 H7     2px       -0.0000    0.0000   -0.0000    0.0000   -0.0000    0.0000   -0.0000   -0.0000   -0.0000    0.0000
   34 H7     2py       -0.0000    0.0000   -0.0000    0.0000   -0.0000    0.0000   -0.0000   -0.0000   -0.0000    0.0000
   35 H7     2pz       -0.0018   -0.0054    0.0100   -0.0003   -0.0123   -0.0009    0.0039   -0.0015   -0.0082   -0.0051
   36 H8     1s         0.2537   -0.3161    0.1155   -0.2232   -0.3955    0.6608   -0.5622    0.2607   -0.4567   -0.2632
   37 H8     2s         0.0073   -0.0082   -0.0061   -0.0405   -0.0675    0.1356   -0.1181    0.0269   -0.0676   -0.0623
   38 H8     2px       -0.0000    0.0000   -0.0000    0.0000    0.0000   -0.0000    0.0000   -0.0000    0.0000    0.0000
   39 H8     2py       -0.0000    0.0000   -0.0000    0.0000    0.0000   -0.0000    0.0000   -0.0000    0.0000    0.0000
   40 H8     2pz       -0.0029   -0.0013    0.0094    0.0119    0.0061   -0.0053    0.0036    0.0060   -0.0038    0.0061
   41 H9     1s         0.1699   -0.3042    0.3619    0.3168    0.1822   -0.6154    0.3948    0.3789   -0.1240    0.5923
   42 H9     2s         0.0011   -0.0114    0.0328    0.0540    0.0509   -0.1202    0.0849    0.0392    0.0086    0.0964
   43 H9     2px        0.0000   -0.0000    0.0000    0.0000    0.0000   -0.0000    0.0000    0.0000   -0.0000    0.0000
   44 H9     2py        0.0000   -0.0000    0.0000    0.0000    0.0000   -0.0000    0.0000    0.0000   -0.0000    0.0000
   45 H9     2pz       -0.0034    0.0024    0.0038    0.0113    0.0127   -0.0020    0.0017   -0.0071    0.0099   -0.0012
   46 H10    1s         0.1092   -0.2165    0.3066    0.3498    0.2922    0.3902   -0.2171   -0.4871    0.3550   -0.4882
   47 H10    2s         0.0029   -0.0069    0.0136    0.0232    0.0273    0.0412   -0.0257   -0.0415    0.0320   -0.0451
   48 H10    2px        0.0000   -0.0000    0.0000   -0.0000   -0.0000    0.0000    0.0000    0.0000   -0.0000    0.0000
   49 H10    2py        0.0000   -0.0000    0.0000   -0.0000   -0.0000    0.0000    0.0000    0.0000   -0.0000    0.0000
   50 H10    2pz       -0.0046    0.0080   -0.0088   -0.0070   -0.0038   -0.0061    0.0040    0.0046   -0.0027    0.0061
 
 
      Orbital               11        12        13        14        15        16        17        18        19        20
      Energy            0.2849    0.3083    0.3505    0.4212    0.5316    0.6630    0.6630    0.6831    0.6950    0.6950
      Occ. No.          0.0000    0.0000    0.0000    0.0000    0.0000    0.0000    0.0000    0.0000    0.0000    0.0000
 
    1 H1     1s        -0.0682    0.0741    0.0077    0.1592    0.3333   -0.0000   -0.0000   -0.4632    0.0000    0.0000
    2 H1     2s         0.2034   -0.3955    0.5496    0.6514    0.6992   -0.0000   -0.0000   -0.6598    0.0000    0.0000
    3 H1     2px       -0.0000    0.0000   -0.0000   -0.0000   -0.0000    0.1010   -0.0099   -0.0000   -0.1917   -0.0597
    4 H1     2py       -0.0000    0.0000   -0.0000   -0.0000   -0.0000    0.0099    0.1010   -0.0000    0.0597   -0.1917
    5 H1     2pz       -0.0284    0.0451   -0.0448   -0.0336   -0.0295    0.0000    0.0000    0.0610   -0.0000   -0.0000
    6 H2     1s        -0.1301    0.1884   -0.1622   -0.1207   -0.1791    0.0000    0.0000    0.3792   -0.0000   -0.0000
    7 H2     2s         0.1420   -0.1954    0.1023   -0.1497   -0.5347    0.0000    0.0000    0.9513   -0.0000   -0.0000
    8 H2     2px       -0.0000    0.0000   -0.0000   -0.0000   -0.0000    0.1899   -0.0186   -0.0000   -0.3148   -0.0980
    9 H2     2py       -0.0000    0.0000   -0.0000   -0.0000    0.0000    0.0186    0.1899   -0.0000    0.0980   -0.3148
   10 H2     2pz        0.0013   -0.0234    0.0640    0.1007    0.1102   -0.0000   -0.0000   -0.0923    0.0000    0.0000
   11 H3     1s        -0.1298    0.1036    0.0303    0.0857   -0.0152   -0.0000   -0.0000    0.0651    0.0000    0.0000
   12 H3     2s         0.2048   -0.2455    0.0536   -0.2790   -0.4953    0.0000    0.0000    0.2624    0.0000    0.0000
   13 H3     2px       -0.0000    0.0000   -0.0000   -0.0000    0.0000    0.2671   -0.0261   -0.0000   -0.3434   -0.1069
   14 H3     2py       -0.0000    0.0000   -0.0000   -0.0000    0.0000    0.0261    0.2671   -0.0000    0.1069   -0.3434
   15 H3     2pz       -0.0113   -0.0059    0.0341    0.0256   -0.0409    0.0000    0.0000    0.1117   -0.0000   -0.0000
   16 H4     1s        -0.1472    0.0994    0.0458    0.0630    0.0156   -0.0000   -0.0000   -0.1862   -0.0000   -0.0000
   17 H4     2s         0.2183   -0.1418   -0.1857   -0.3930   -0.0702   -0.0000   -0.0000   -0.6451   -0.0000   -0.0000
   18 H4     2px       -0.0000    0.0000    0.0000   -0.0000    0.0000    0.3221   -0.0315   -0.0000   -0.2625   -0.0817
   19 H4     2py       -0.0000    0.0000    0.0000   -0.0000    0.0000    0.0315    0.3221   -0.0000    0.0817   -0.2625
   20 H4     2pz       -0.0028   -0.0250    0.0389   -0.0121   -0.0716    0.0000    0.0000    0.0305   -0.0000   -0.0000
   21 H5     1s        -0.1555    0.0155    0.1132    0.0073    0.0202   -0.0000   -0.0000   -0.1549    0.0000    0.0000
   22 H5     2s         0.2314   -0.0648   -0.2847   -0.1806    0.4554   -0.0000   -0.0000   -0.5295    0.0000    0.0000
   23 H5     2px       -0.0000    0.0000    0.0000   -0.0000    0.0000    0.3515   -0.0344   -0.0000   -0.0976   -0.0304
   24 H5     2py       -0.0000    0.0000    0.0000   -0.0000    0.0000    0.0344    0.3515   -0.0000    0.0304   -0.0976
   25 H5     2pz       -0.0028   -0.0269    0.0137   -0.0566   -0.0489   -0.0000   -0.0000   -0.0607    0.0000    0.0000
   26 H6     1s        -0.1555   -0.0155    0.1132   -0.0073    0.0202    0.0000    0.0000    0.1549    0.0000    0.0000
   27 H6     2s         0.2314    0.0648   -0.2847    0.1806    0.4554    0.0000    0.0000    0.5295    0.0000    0.0000
   28 H6     2px        0.0000    0.0000   -0.0000   -0.0000   -0.0000    0.3515   -0.0344   -0.0000    0.0976    0.0304
   29 H6     2py        0.0000    0.0000   -0.0000   -0.0000   -0.0000    0.0344    0.3515   -0.0000   -0.0304    0.0976
   30 H6     2pz        0.0028   -0.0269   -0.0137   -0.0566    0.0489   -0.0000   -0.0000   -0.0607   -0.0000   -0.0000
   31 H7     1s        -0.1472   -0.0994    0.0458   -0.0630    0.0156    0.0000    0.0000    0.1862   -0.0000   -0.0000
   32 H7     2s         0.2183    0.1418   -0.1857    0.3930   -0.0702    0.0000    0.0000    0.6451   -0.0000   -0.0000
   33 H7     2px        0.0000    0.0000   -0.0000   -0.0000   -0.0000    0.3221   -0.0315   -0.0000    0.2625    0.0817
   34 H7     2py        0.0000    0.0000   -0.0000   -0.0000   -0.0000    0.0315    0.3221   -0.0000   -0.0817    0.2625
   35 H7     2pz        0.0028   -0.0250   -0.0389   -0.0121    0.0716    0.0000    0.0000    0.0305    0.0000    0.0000
   36 H8     1s        -0.1298   -0.1036    0.0303   -0.0857   -0.0152    0.0000    0.0000   -0.0651    0.0000    0.0000
   37 H8     2s         0.2048    0.2455    0.0536    0.2790   -0.4953   -0.0000   -0.0000   -0.2624    0.0000    0.0000
   38 H8     2px        0.0000    0.0000    0.0000   -0.0000   -0.0000    0.2671   -0.0261   -0.0000    0.3434    0.1069
   39 H8     2py        0.0000    0.0000    0.0000   -0.0000   -0.0000    0.0261    0.2671   -0.0000   -0.1069    0.3434
   40 H8     2pz        0.0113   -0.0059   -0.0341    0.0256    0.0409    0.0000    0.0000    0.1117    0.0000    0.0000
   41 H9     1s        -0.1301   -0.1884   -0.1622    0.1207   -0.1791   -0.0000   -0.0000   -0.3792   -0.0000   -0.0000
   42 H9     2s         0.1420    0.1954    0.1023    0.1497   -0.5347   -0.0000   -0.0000   -0.9513   -0.0000   -0.0000
   43 H9     2px        0.0000    0.0000    0.0000   -0.0000   -0.0000    0.1899   -0.0186   -0.0000    0.3148    0.0980
   44 H9     2py        0.0000    0.0000    0.0000   -0.0000   -0.0000    0.0186    0.1899   -0.0000   -0.0980    0.3148
   45 H9     2pz       -0.0013   -0.0234   -0.0640    0.1007   -0.1102   -0.0000   -0.0000   -0.0923   -0.0000   -0.0000
   46 H10    1s        -0.0682   -0.0741    0.0077   -0.1592    0.3333    0.0000    0.0000    0.4632    0.0000    0.0000
   47 H10    2s         0.2034    0.3955    0.5496   -0.6514    0.6992    0.0000    0.0000    0.6598    0.0000    0.0000
   48 H10    2px        0.0000    0.0000    0.0000   -0.0000    0.0000    0.1010   -0.0099   -0.0000    0.1917    0.0597
   49 H10    2py        0.0000    0.0000    0.0000   -0.0000    0.0000    0.0099    0.1010   -0.0000   -0.0597    0.1917
   50 H10    2pz        0.0284    0.0451    0.0448   -0.0336    0.0295    0.0000    0.0000    0.0610    0.0000    0.0000
 
 
      Orbital               21        22        23        24        25        26        27        28        29        30
      Energy            0.7475    0.7475    0.8059    0.8205    0.8205    0.8626    0.8707    0.9125    0.9125    0.9550
      Occ. No.          0.0000    0.0000    0.0000    0.0000    0.0000    0.0000    0.0000    0.0000    0.0000    0.0000
 
    1 H1     1s         0.0000   -0.0000   -0.1400    0.0000    0.0000    0.4631    0.0709   -0.0000   -0.0000   -0.0192
    2 H1     2s         0.0000   -0.0000    0.0118    0.0000    0.0000    0.5162   -0.1903    0.0000    0.0000    0.2054
    3 H1     2px       -0.2912   -0.0215   -0.0000   -0.3665   -0.0227    0.0000    0.0000    0.4149   -0.0358   -0.0000
    4 H1     2py       -0.0215    0.2912   -0.0000    0.0227   -0.3665    0.0000    0.0000    0.0358    0.4149   -0.0000
    5 H1     2pz       -0.0000    0.0000    0.1877   -0.0000   -0.0000   -0.1196   -0.2980    0.0000    0.0000    0.2952
    6 H2     1s         0.0000   -0.0000    0.1274   -0.0000   -0.0000   -0.5952   -0.0350    0.0000    0.0000   -0.0190
    7 H2     2s        -0.0000    0.0000    0.1672   -0.0000   -0.0000   -1.2252    0.0242    0.0000    0.0000   -0.0318
    8 H2     2px       -0.3705   -0.0274   -0.0000   -0.2926   -0.0181    0.0000    0.0000    0.1071   -0.0093   -0.0000
    9 H2     2py       -0.0274    0.3705   -0.0000    0.0181   -0.2926    0.0000    0.0000    0.0093    0.1071   -0.0000
   10 H2     2pz        0.0000   -0.0000   -0.2150    0.0000    0.0000    0.0242    0.3117   -0.0000   -0.0000   -0.2502
   11 H3     1s        -0.0000    0.0000   -0.0620    0.0000    0.0000    0.2329    0.1310   -0.0000   -0.0000   -0.2065
   12 H3     2s        -0.0000    0.0000   -0.0927    0.0000    0.0000    0.5727    0.3148   -0.0000   -0.0000   -0.5421
   13 H3     2px       -0.2008   -0.0148    0.0000    0.1174    0.0073   -0.0000   -0.0000   -0.3827    0.0330    0.0000
   14 H3     2py       -0.0148    0.2008    0.0000   -0.0073    0.1174   -0.0000   -0.0000   -0.0330   -0.3827    0.0000
   15 H3     2pz       -0.0000    0.0000    0.2775   -0.0000   -0.0000    0.0025   -0.2997    0.0000    0.0000    0.1014
   16 H4     1s         0.0000   -0.0000   -0.0673   -0.0000   -0.0000    0.3205   -0.1071    0.0000    0.0000    0.3503
   17 H4     2s         0.0000   -0.0000   -0.2098    0.0000    0.0000    0.7355   -0.3450    0.0000    0.0000    0.8660
   18 H4     2px        0.1056    0.0078    0.0000    0.3895    0.0241   -0.0000   -0.0000   -0.2223    0.0192   -0.0000
   19 H4     2py        0.0078   -0.1056    0.0000   -0.0241    0.3895   -0.0000   -0.0000   -0.0192   -0.2223   -0.0000
   20 H4     2pz        0.0000   -0.0000   -0.3052    0.0000    0.0000   -0.0751    0.2224   -0.0000   -0.0000    0.1079
   21 H5     1s         0.0000   -0.0000    0.0599   -0.0000   -0.0000   -0.2615    0.0002    0.0000    0.0000   -0.1743
   22 H5     2s         0.0000   -0.0000    0.1741   -0.0000   -0.0000   -0.6194    0.1363    0.0000    0.0000   -0.4312
   23 H5     2px        0.3410    0.0252    0.0000    0.2109    0.0131   -0.0000    0.0000    0.3168   -0.0273   -0.0000
   24 H5     2py        0.0252   -0.3410    0.0000   -0.0131    0.2109   -0.0000    0.0000    0.0273    0.3168   -0.0000
   25 H5     2pz        0.0000   -0.0000    0.2982   -0.0000   -0.0000    0.1673   -0.0837    0.0000    0.0000   -0.2544
   26 H6     1s        -0.0000    0.0000    0.0599   -0.0000   -0.0000   -0.2615   -0.0002   -0.0000   -0.0000   -0.1743
   27 H6     2s        -0.0000    0.0000    0.1740   -0.0000   -0.0000   -0.6194   -0.1363   -0.0000   -0.0000   -0.4312
   28 H6     2px        0.3410    0.0252   -0.0000   -0.2109   -0.0131    0.0000    0.0000    0.3168   -0.0273    0.0000
   29 H6     2py        0.0252   -0.3410   -0.0000    0.0131   -0.2109    0.0000    0.0000    0.0273    0.3168    0.0000
   30 H6     2pz        0.0000   -0.0000   -0.2982    0.0000    0.0000   -0.1673   -0.0837    0.0000    0.0000    0.2544
   31 H7     1s        -0.0000    0.0000   -0.0673   -0.0000   -0.0000    0.3205    0.1071   -0.0000   -0.0000    0.3503
   32 H7     2s        -0.0000    0.0000   -0.2098    0.0000    0.0000    0.7355    0.3450   -0.0000   -0.0000    0.8660
   33 H7     2px        0.1056    0.0078   -0.0000   -0.3895   -0.0241    0.0000   -0.0000   -0.2223    0.0192    0.0000
   34 H7     2py        0.0078   -0.1056   -0.0000    0.0241   -0.3895    0.0000   -0.0000   -0.0192   -0.2223    0.0000
   35 H7     2pz        0.0000   -0.0000    0.3052   -0.0000   -0.0000    0.0751    0.2224   -0.0000   -0.0000   -0.1079
   36 H8     1s         0.0000   -0.0000   -0.0620    0.0000    0.0000    0.2329   -0.1310    0.0000    0.0000   -0.2065
   37 H8     2s         0.0000   -0.0000   -0.0927    0.0000    0.0000    0.5727   -0.3148    0.0000    0.0000   -0.5421
   38 H8     2px       -0.2008   -0.0148   -0.0000   -0.1174   -0.0073    0.0000   -0.0000   -0.3827    0.0330   -0.0000
   39 H8     2py       -0.0148    0.2008   -0.0000    0.0073   -0.1174    0.0000   -0.0000   -0.0330   -0.3827   -0.0000
   40 H8     2pz       -0.0000    0.0000   -0.2775    0.0000    0.0000   -0.0025   -0.2997    0.0000    0.0000   -0.1014
   41 H9     1s        -0.0000    0.0000    0.1274   -0.0000   -0.0000   -0.5952    0.0350   -0.0000   -0.0000   -0.0190
   42 H9     2s         0.0000   -0.0000    0.1672   -0.0000   -0.0000   -1.2252   -0.0242   -0.0000   -0.0000   -0.0318
   43 H9     2px       -0.3705   -0.0274    0.0000    0.2926    0.0181   -0.0000    0.0000    0.1071   -0.0093    0.0000
   44 H9     2py       -0.0274    0.3705    0.0000   -0.0181    0.2926   -0.0000    0.0000    0.0093    0.1071    0.0000
   45 H9     2pz        0.0000   -0.0000    0.2150   -0.0000   -0.0000   -0.0242    0.3117   -0.0000   -0.0000    0.2502
   46 H10    1s        -0.0000    0.0000   -0.1400    0.0000    0.0000    0.4631   -0.0709    0.0000    0.0000   -0.0192
   47 H10    2s        -0.0000    0.0000    0.0118    0.0000    0.0000    0.5162    0.1903   -0.0000   -0.0000    0.2054
   48 H10    2px       -0.2912   -0.0215    0.0000    0.3665    0.0227   -0.0000    0.0000    0.4149   -0.0358    0.0000
   49 H10    2py       -0.0215    0.2912    0.0000   -0.0227    0.3665   -0.0000    0.0000    0.0358    0.4149    0.0000
   50 H10    2pz       -0.0000    0.0000   -0.1877    0.0000    0.0000    0.1195   -0.2980    0.0000    0.0000   -0.2952
 
 
      Orbital               31        32        33        34        35        36        37        38        39        40
      Energy            0.9764    1.0233    1.0233    1.1437    1.1437    1.2645    1.2645    1.3707    1.3707    1.4142
      Occ. No.          0.0000    0.0000    0.0000    0.0000    0.0000    0.0000    0.0000    0.0000    0.0000    0.0000
 
    1 H1     1s        -0.2989   -0.0000    0.0000    0.0000   -0.0000    0.0000   -0.0000   -0.0000    0.0000   -0.4816
    2 H1     2s        -0.2401   -0.0000    0.0000   -0.0000    0.0000    0.0000   -0.0000   -0.0000    0.0000   -0.6055
    3 H1     2px       -0.0000   -0.4322    0.0633    0.4161   -0.0796   -0.3554    0.1002    0.2731   -0.0314   -0.0000
    4 H1     2py       -0.0000   -0.0633   -0.4322    0.0796    0.4161   -0.1002   -0.3554    0.0314    0.2731   -0.0000
    5 H1     2pz        0.1974   -0.0000    0.0000    0.0000   -0.0000    0.0000   -0.0000   -0.0000    0.0000   -0.4148
    6 H2     1s         0.4836    0.0000   -0.0000   -0.0000    0.0000   -0.0000    0.0000    0.0000   -0.0000    1.1915
    7 H2     2s         0.9280    0.0000   -0.0000    0.0000   -0.0000   -0.0000    0.0000    0.0000   -0.0000    1.3363
    8 H2     2px        0.0000    0.1376   -0.0201   -0.3616    0.0692    0.4815   -0.1358   -0.4738    0.0545    0.0000
    9 H2     2py        0.0000    0.0201    0.1376   -0.0692   -0.3616    0.1358    0.4815   -0.0545   -0.4738    0.0000
   10 H2     2pz       -0.0393    0.0000   -0.0000   -0.0000    0.0000   -0.0000    0.0000    0.0000   -0.0000    0.2112
   11 H3     1s        -0.4935   -0.0000    0.0000    0.0000   -0.0000    0.0000   -0.0000   -0.0000    0.0000   -1.0130
   12 H3     2s        -1.0379    0.0000   -0.0000   -0.0000    0.0000    0.0000   -0.0000   -0.0000    0.0000   -1.1200
   13 H3     2px        0.0000    0.3980   -0.0583   -0.1244    0.0238   -0.2673    0.0754    0.5193   -0.0597   -0.0000
   14 H3     2py        0.0000    0.0583    0.3980   -0.0238   -0.1244   -0.0754   -0.2673    0.0597    0.5193   -0.0000
   15 H3     2pz       -0.1048   -0.0000    0.0000   -0.0000    0.0000    0.0000   -0.0000    0.0000   -0.0000    0.2685
   16 H4     1s         0.0510    0.0000   -0.0000   -0.0000    0.0000   -0.0000    0.0000    0.0000   -0.0000   -0.1087
   17 H4     2s         0.0729   -0.0000    0.0000   -0.0000    0.0000   -0.0000    0.0000    0.0000   -0.0000   -0.1415
   18 H4     2px       -0.0000   -0.2444    0.0358    0.4617   -0.0883   -0.1327    0.0374   -0.3982    0.0458    0.0000
   19 H4     2py       -0.0000   -0.0358   -0.2444    0.0883    0.4617   -0.0374   -0.1327   -0.0458   -0.3982    0.0000
   20 H4     2pz        0.1601   -0.0000    0.0000    0.0000   -0.0000    0.0000   -0.0000   -0.0000    0.0000   -0.5208
   21 H5     1s         0.4575   -0.0000    0.0000    0.0000   -0.0000    0.0000   -0.0000   -0.0000    0.0000    1.1897
   22 H5     2s         1.0091    0.0000   -0.0000    0.0000   -0.0000    0.0000   -0.0000   -0.0000    0.0000    1.3407
   23 H5     2px       -0.0000   -0.3338    0.0489   -0.2531    0.0484    0.4409   -0.1243    0.1484   -0.0171   -0.0000
   24 H5     2py       -0.0000   -0.0489   -0.3338   -0.0484   -0.2531    0.1243    0.4409    0.0171    0.1484   -0.0000
   25 H5     2pz       -0.0767    0.0000   -0.0000   -0.0000    0.0000   -0.0000    0.0000    0.0000   -0.0000    0.2610
   26 H6     1s        -0.4575   -0.0000    0.0000   -0.0000    0.0000    0.0000   -0.0000    0.0000   -0.0000   -1.1897
   27 H6     2s        -1.0091    0.0000   -0.0000   -0.0000    0.0000    0.0000   -0.0000    0.0000   -0.0000   -1.3407
   28 H6     2px       -0.0000    0.3338   -0.0489   -0.2531    0.0484   -0.4409    0.1243    0.1484   -0.0171   -0.0000
   29 H6     2py       -0.0000    0.0489    0.3338   -0.0484   -0.2531   -0.1243   -0.4409    0.0171    0.1484   -0.0000
   30 H6     2pz       -0.0767   -0.0000    0.0000   -0.0000    0.0000    0.0000   -0.0000    0.0000   -0.0000    0.2610
   31 H7     1s        -0.0510    0.0000   -0.0000    0.0000   -0.0000   -0.0000    0.0000   -0.0000    0.0000    0.1086
   32 H7     2s        -0.0729   -0.0000    0.0000    0.0000   -0.0000   -0.0000    0.0000   -0.0000    0.0000    0.1415
   33 H7     2px       -0.0000    0.2444   -0.0358    0.4617   -0.0883    0.1327   -0.0374   -0.3982    0.0458    0.0000
   34 H7     2py       -0.0000    0.0358    0.2444    0.0883    0.4617    0.0374    0.1327   -0.0458   -0.3982    0.0000
   35 H7     2pz        0.1601    0.0000   -0.0000    0.0000   -0.0000   -0.0000    0.0000   -0.0000    0.0000   -0.5208
   36 H8     1s         0.4935   -0.0000    0.0000   -0.0000    0.0000    0.0000   -0.0000    0.0000   -0.0000    1.0130
   37 H8     2s         1.0379    0.0000   -0.0000    0.0000   -0.0000    0.0000   -0.0000    0.0000   -0.0000    1.1200
   38 H8     2px        0.0000   -0.3980    0.0583   -0.1244    0.0238    0.2673   -0.0754    0.5193   -0.0597   -0.0000
   39 H8     2py        0.0000   -0.0583   -0.3980   -0.0238   -0.1244    0.0754    0.2673    0.0597    0.5193   -0.0000
   40 H8     2pz       -0.1048    0.0000   -0.0000   -0.0000    0.0000   -0.0000    0.0000    0.0000   -0.0000    0.2685
   41 H9     1s        -0.4836    0.0000   -0.0000    0.0000   -0.0000   -0.0000    0.0000   -0.0000    0.0000   -1.1915
   42 H9     2s        -0.9280    0.0000   -0.0000   -0.0000    0.0000   -0.0000    0.0000   -0.0000    0.0000   -1.3363
   43 H9     2px        0.0000   -0.1376    0.0201   -0.3616    0.0692   -0.4815    0.1358   -0.4738    0.0545    0.0000
   44 H9     2py        0.0000   -0.0201   -0.1376   -0.0692   -0.3616   -0.1358   -0.4815   -0.0545   -0.4738    0.0000
   45 H9     2pz       -0.0393   -0.0000    0.0000   -0.0000    0.0000    0.0000   -0.0000    0.0000   -0.0000    0.2112
   46 H10    1s         0.2989   -0.0000    0.0000   -0.0000    0.0000    0.0000   -0.0000    0.0000   -0.0000    0.4816
   47 H10    2s         0.2401   -0.0000    0.0000    0.0000   -0.0000    0.0000   -0.0000    0.0000   -0.0000    0.6055
   48 H10    2px       -0.0000    0.4322   -0.0633    0.4161   -0.0796    0.3554   -0.1002    0.2731   -0.0314   -0.0000
   49 H10    2py       -0.0000    0.0633    0.4322    0.0796    0.4161    0.1002    0.3554    0.0314    0.2731   -0.0000
   50 H10    2pz        0.1974    0.0000   -0.0000    0.0000   -0.0000   -0.0000    0.0000   -0.0000    0.0000   -0.4148
 
 
      Orbital               41        42        43        44        45        46        47        48        49        50
      Energy            1.4442    1.4442    1.4743    1.5001    1.6039    1.6596    1.8725    2.1127    2.3528    2.5406
      Occ. No.          0.0000    0.0000    0.0000    0.0000    0.0000    0.0000    0.0000    0.0000    0.0000    0.0000
 
    1 H1     1s        -0.0000    0.0000    0.0727    0.6214    0.2375   -0.4372    0.3803   -0.3426   -0.2698    0.1514
    2 H1     2s        -0.0000    0.0000    0.0877    0.7257    0.2763   -0.4113    0.2598   -0.1744   -0.1095    0.0536
    3 H1     2px       -0.1363    0.0558    0.0000    0.0000    0.0000   -0.0000   -0.0000    0.0000    0.0000   -0.0000
    4 H1     2py       -0.0558   -0.1363    0.0000    0.0000    0.0000   -0.0000   -0.0000    0.0000    0.0000   -0.0000
    5 H1     2pz       -0.0000    0.0000   -0.1429    0.5631    0.0706   -0.5539    0.5035   -0.4320   -0.3229    0.1748
    6 H2     1s         0.0000   -0.0000   -0.4341   -1.5062   -0.8171    0.6978   -0.3027    0.0590   -0.0844    0.0930
    7 H2     2s         0.0000   -0.0000   -0.6829   -1.5878   -0.9876    0.5365   -0.1941    0.0916    0.0473   -0.0222
    8 H2     2px        0.2693   -0.1104   -0.0000   -0.0000   -0.0000    0.0000   -0.0000   -0.0000   -0.0000    0.0000
    9 H2     2py        0.1104    0.2693   -0.0000   -0.0000   -0.0000    0.0000   -0.0000   -0.0000   -0.0000    0.0000
   10 H2     2pz       -0.0000    0.0000   -0.2304   -0.1465   -0.2254   -0.3111    0.5978   -0.7353   -0.6811    0.4139
   11 H3     1s        -0.0000    0.0000    1.2908    1.3452    1.5681    0.0407   -0.3618    0.2228   -0.0107    0.1048
   12 H3     2s         0.0000   -0.0000    1.5822    1.5612    1.8254   -0.1477   -0.0598   -0.0022   -0.0305    0.0245
   13 H3     2px       -0.3786    0.1552    0.0000    0.0000    0.0000   -0.0000    0.0000    0.0000    0.0000   -0.0000
   14 H3     2py       -0.1552   -0.3786    0.0000    0.0000    0.0000   -0.0000    0.0000    0.0000    0.0000   -0.0000
   15 H3     2pz        0.0000   -0.0000    0.4148   -0.3907    0.1925    0.4858   -0.0854   -0.4638   -0.7872    0.6096
   16 H4     1s        -0.0000    0.0000   -1.6663   -0.5282   -2.0502   -0.1361   -0.1443    0.3678    0.1637    0.0572
   17 H4     2s        -0.0000    0.0000   -1.8494   -0.8196   -2.4073    0.1002   -0.0754    0.0951    0.0317   -0.0005
   18 H4     2px        0.4568   -0.1872   -0.0000    0.0000   -0.0000   -0.0000    0.0000   -0.0000   -0.0000    0.0000
   19 H4     2py        0.1872    0.4568   -0.0000    0.0000   -0.0000   -0.0000    0.0000   -0.0000   -0.0000    0.0000
   20 H4     2pz       -0.0000    0.0000   -0.0164    0.3060   -0.0197    0.3799   -0.6363    0.1466   -0.6284    0.7585
   21 H5     1s         0.0000   -0.0000    0.7842    0.0516    2.1867   -0.6337    0.3697    0.1333    0.2406    0.0195
   22 H5     2s         0.0000   -0.0000    0.8403    0.1946    2.6377   -0.5180    0.1288    0.0114    0.0271    0.0045
   23 H5     2px       -0.4973    0.2038   -0.0000   -0.0000    0.0000    0.0000   -0.0000    0.0000   -0.0000   -0.0000
   24 H5     2py       -0.2038   -0.4973   -0.0000   -0.0000    0.0000    0.0000   -0.0000    0.0000   -0.0000   -0.0000
   25 H5     2pz       -0.0000    0.0000   -0.5438    0.1293   -0.0336   -0.4378   -0.3801    0.6538   -0.2359    0.8335
   26 H6     1s         0.0000   -0.0000    0.7842    0.0516   -2.1867    0.6337    0.3697   -0.1333    0.2406   -0.0195
   27 H6     2s         0.0000   -0.0000    0.8403    0.1946   -2.6377    0.5180    0.1288   -0.0114    0.0271   -0.0045
   28 H6     2px        0.4973   -0.2038    0.0000    0.0000    0.0000    0.0000    0.0000    0.0000    0.0000   -0.0000
   29 H6     2py        0.2038    0.4973    0.0000    0.0000    0.0000    0.0000    0.0000    0.0000    0.0000   -0.0000
   30 H6     2pz        0.0000   -0.0000    0.5438   -0.1293   -0.0336   -0.4378    0.3801    0.6538    0.2359    0.8335
   31 H7     1s        -0.0000    0.0000   -1.6663   -0.5282    2.0502    0.1361   -0.1443   -0.3678    0.1637   -0.0572
   32 H7     2s        -0.0000    0.0000   -1.8494   -0.8196    2.4073   -0.1002   -0.0754   -0.0951    0.0317    0.0005
   33 H7     2px       -0.4568    0.1872    0.0000   -0.0000   -0.0000   -0.0000   -0.0000   -0.0000    0.0000    0.0000
   34 H7     2py       -0.1872   -0.4568    0.0000   -0.0000   -0.0000   -0.0000   -0.0000   -0.0000    0.0000    0.0000
   35 H7     2pz        0.0000   -0.0000    0.0164   -0.3060   -0.0197    0.3799    0.6363    0.1466    0.6284    0.7585
   36 H8     1s        -0.0000    0.0000    1.2908    1.3452   -1.5680   -0.0407   -0.3618   -0.2228   -0.0107   -0.1048
   37 H8     2s         0.0000   -0.0000    1.5822    1.5612   -1.8253    0.1477   -0.0598    0.0022   -0.0305   -0.0245
   38 H8     2px        0.3786   -0.1552   -0.0000   -0.0000    0.0000   -0.0000   -0.0000    0.0000   -0.0000   -0.0000
   39 H8     2py        0.1552    0.3786   -0.0000   -0.0000    0.0000   -0.0000   -0.0000    0.0000   -0.0000   -0.0000
   40 H8     2pz       -0.0000    0.0000   -0.4148    0.3907    0.1925    0.4858    0.0854   -0.4638    0.7872    0.6096
   41 H9     1s         0.0000   -0.0000   -0.4341   -1.5062    0.8171   -0.6979   -0.3027   -0.0590   -0.0844   -0.0930
   42 H9     2s         0.0000   -0.0000   -0.6829   -1.5878    0.9876   -0.5365   -0.1941   -0.0916    0.0473    0.0222
   43 H9     2px       -0.2693    0.1104    0.0000    0.0000   -0.0000    0.0000    0.0000   -0.0000    0.0000    0.0000
   44 H9     2py       -0.1104   -0.2693    0.0000    0.0000   -0.0000    0.0000    0.0000   -0.0000    0.0000    0.0000
   45 H9     2pz        0.0000   -0.0000    0.2304    0.1465   -0.2254   -0.3111   -0.5978   -0.7353    0.6811    0.4139
   46 H10    1s        -0.0000    0.0000    0.0727    0.6214   -0.2375    0.4372    0.3803    0.3426   -0.2698   -0.1514
   47 H10    2s        -0.0000    0.0000    0.0877    0.7257   -0.2763    0.4113    0.2598    0.1744   -0.1095   -0.0536
   48 H10    2px        0.1363   -0.0558   -0.0000   -0.0000    0.0000   -0.0000    0.0000    0.0000   -0.0000   -0.0000
   49 H10    2py        0.0558    0.1363   -0.0000   -0.0000    0.0000   -0.0000    0.0000    0.0000   -0.0000   -0.0000
   50 H10    2pz        0.0000   -0.0000    0.1429   -0.5631    0.0706   -0.5539   -0.5035   -0.4320    0.3229    0.1748
--
 
      Von Neumann Entropy (Root  1) =  2.71744
 

      Mulliken population analysis for root number:  1
      -----------------------------------------------
 
 
++    Molecular charges:
      ------------------
 
      Mulliken charges per centre and basis function type
      ---------------------------------------------------
 
                H1      H2      H3      H4      H5      H6      H7      H8      H9      H10   
      1s       0.9675  1.0113  1.0038  1.0014  1.0021  1.0021  1.0014  1.0038  1.0113  0.9675
      2s       0.0052 -0.0012 -0.0169 -0.0123 -0.0136 -0.0136 -0.0123 -0.0169 -0.0012  0.0052
      2px      0.0000  0.0000  0.0000  0.0000  0.0000  0.0000  0.0000  0.0000  0.0000  0.0000
      2pz      0.0054  0.0126  0.0115  0.0116  0.0116  0.0116  0.0116  0.0115  0.0126  0.0054
      2py      0.0000  0.0000  0.0000  0.0000  0.0000  0.0000  0.0000  0.0000  0.0000  0.0000
      Total    0.9781  1.0227  0.9984  1.0008  1.0001  1.0001  1.0008  0.9984  1.0227  0.9781
 
      N-E      0.0219 -0.0227  0.0016 -0.0008 -0.0001 -0.0001 -0.0008  0.0016 -0.0227  0.0219
 
      Total electronic charge=   10.000000
 
      Total            charge=   -0.000000
--
 
 

      Expectation values of various properties for root number:  1
      -----------------------------------------------------------
 
 
++    Molecular properties:
      ---------------------
 
      Charge (e):
                      =   -0.0000
      Dipole Moment (Debye):
      Origin of the operator (Ang)=    0.0000    0.0000    0.0000
                   X= -8.4885E-10               Y= -1.0082E-10               Z=  1.0915E-06           Total=  1.0915E-06
      Quadrupole Moment (Debye*Ang):
      Origin of the operator (Ang)=    0.0000    0.0000    7.2818
                  XX= -1.4665E+01              XY= -2.9951E-14              XZ=  1.5480E-06              YY= -1.4665E+01
                  YZ=  1.5674E-07              ZZ= -8.9717E+00
      In traceless form (Debye*Ang)
                  XX= -2.8467E+00              XY= -4.4927E-14              XZ=  2.3221E-06              YY= -2.8467E+00
                  YZ=  2.3511E-07              ZZ=  5.6933E+00
--
 

      LoProp population analysis for root number:  1
      -----------------------------------------------
 
 
++    LoProp analysis:
      ----------------
 
 
 
  Input file to MOLDEN was generated!
 
 
++    Static properties:
      ------------------
 
 
      LoProp Charges per center
 

                   H1       H2       H3       H4       H5       H6       H7       H8       H9       H10   
      Nuclear      1.0000   1.0000   1.0000   1.0000   1.0000   1.0000   1.0000   1.0000   1.0000   1.0000
      Electronic  -0.9990  -1.0007  -0.9995  -1.0007  -1.0001  -1.0001  -1.0007  -0.9995  -1.0007  -0.9990
 
      Total        0.0010  -0.0007   0.0005  -0.0007  -0.0001  -0.0001  -0.0007   0.0005  -0.0007   0.0010
--
 
 
      Natural Bond Order analysis for root number:  1
 
++    Natural Bond Order analysis
      ---------------------------
      Based on LoProp computed density
      -------------------------------------------------------------------------------------
      Atom A       Atom B       Bond Order
      -------------------------------------------------------------------------------------
      NBO located      0.983 non-bonded electrons on atom H1        
      NBO located      1.019 non-bonded electrons on atom H3        
      NBO located      1.017 non-bonded electrons on atom H4        
      NBO located      1.017 non-bonded electrons on atom H5        
      NBO located      1.017 non-bonded electrons on atom H6        
      NBO located      1.017 non-bonded electrons on atom H7        
      NBO located      1.019 non-bonded electrons on atom H8        
      NBO located      0.983 non-bonded electrons on atom H10       
      The remaining    1.929 electrons are to be considered as diffuse
--
 
--
 
 
  Input file to MOLDEN was generated!
 
      Average orbitals are written to the RASORB file
      Natural orbitals for root   1 are written to the RASORB.1 file
      Spin density orbitals for root   1 are written to the SPDORB.1 file
 
forrtl: warning (525): IEEE_DIVIDE_BY_ZERO is signaling
forrtl: warning (526): IEEE_INVALID is signaling
forrtl: warning (528): IEEE_UNDERFLOW is signaling
--- Stop Module: rasscf at Sun Oct 26 15:29:55 2025 /rc=_RC_ALL_IS_WELL_ ---
*** files: H10_1.62.LprOrb H10_1.62.rasscf.molden H10_1.62.LoProp.molden H10_1.62.RasOrb.1 H10_1.62.RasOrb H10_1.62.rasscf.h5 H10_1.62.SpdOrb.1 xmldump
    saved to directory /home/grierjones/DDCASPT2/hydrogen_comps/rerun/H10_chain/H10_1.62
--- Module rasscf spent 13 seconds ---

>>> COPY /tmp/H10_1.62/H10_1.62.rasscf.h5 /home/grierjones/DDCASPT2/hydrogen_comps/rerun/H10_chain/H10_1.62/

>>> COPY /tmp/H10_1.62/GMJ_Fock_MO.csv /home/grierjones/DDCASPT2/hydrogen_comps/rerun/H10_chain/H10_1.62/H10_1.62.GMJ_Fock_MO.csv

*** symbolic link created: INPORB -> H10_1.62.RasOrb
--- Start Module: motra at Sun Oct 26 15:29:55 2025 ---
 
()()()()()()()()()()()()()()()()()()()()()()()()()()()()()()()()()()()()()()()()()()()()()()()()()()

                                               &MOTRA

                                   only a single process is used
                       available to each process: 2.0 GB of memory, 1 thread?
()()()()()()()()()()()()()()()()()()()()()()()()()()()()()()()()()()()()()()()()()()()()()()()()()()
 
 
      *** WARNING: Default frozen orbitals is overwritten by user input.
      *** Default values:   0
 
      Header of the integral files:
      
       Integrals generated by seward 4.2.0  , Sun Oct 26 15:29:41 2025
 
 
      Header of MO coefficients source file:
      * RASSCF average (pseudo-natural) orbitals                                      
 
 
      Cartesian coordinates in Angstrom:
      -----------------------------------------------------
      No.  Label        X            Y            Z        
      -----------------------------------------------------
       1   H1         0.00000000   0.00000000   0.00000000
       2   H2         0.00000000   0.00000000   1.61818200
       3   H3         0.00000000   0.00000000   3.23636400
       4   H4         0.00000000   0.00000000   4.85454500
       5   H5         0.00000000   0.00000000   6.47272700
       6   H6         0.00000000   0.00000000   8.09090900
       7   H7         0.00000000   0.00000000   9.70909100
       8   H8         0.00000000   0.00000000  11.32727300
       9   H9         0.00000000   0.00000000  12.94545500
      10   H10        0.00000000   0.00000000  14.56363600
      -----------------------------------------------------
      Nuclear repulsion energy =    6.30810482
 
      Orbital specifications:
      -----------------------
 
      Symmetry species:              1
      Number of basis functions:    50
      Frozen orbitals:               0
      Deleted orbitals:              0
      Number of orbitals used:      50

       SYMMETRY  BASIS FUNCTIONS       ORBITALS      INTEGRALS   CPU(SEC)  I/O(SEC)
        1 1 1 1   50  50  50  50    50  50  50  50      813450       0.00      0.00

       TOTAL CPU TIME(SEC)    0.49TOTAL I/O TIME(SEC)    1.18
 
--- Stop Module: motra at Sun Oct 26 15:29:57 2025 /rc=_RC_ALL_IS_WELL_ ---
*** files: xmldump
    saved to directory /home/grierjones/DDCASPT2/hydrogen_comps/rerun/H10_chain/H10_1.62
--- Module motra spent 1 second ---

>>> COPY /tmp/H10_1.62/GMJ_one_int_indx.csv /home/grierjones/DDCASPT2/hydrogen_comps/rerun/H10_chain/H10_1.62/H10_1.62.GMJ_one_int_indx.csv

>>> COPY /tmp/H10_1.62/GMJ_one_int.csv /home/grierjones/DDCASPT2/hydrogen_comps/rerun/H10_chain/H10_1.62/H10_1.62.GMJ_one_int.csv

>>> COPY /tmp/H10_1.62/GMJ_two_int_indx.csv /home/grierjones/DDCASPT2/hydrogen_comps/rerun/H10_chain/H10_1.62/H10_1.62.GMJ_two_int_indx.csv

>>> COPY /tmp/H10_1.62/GMJ_two_int.csv /home/grierjones/DDCASPT2/hydrogen_comps/rerun/H10_chain/H10_1.62/H10_1.62.GMJ_two_int.csv

*** symbolic link created: INPORB -> H10_1.62.RasOrb
--- Start Module: caspt2 at Sun Oct 26 15:29:57 2025 ---
 
()()()()()()()()()()()()()()()()()()()()()()()()()()()()()()()()()()()()()()()()()()()()()()()()()()

                                              &CASPT2

                                   only a single process is used
                       available to each process: 2.0 GB of memory, 1 thread?
()()()()()()()()()()()()()()()()()()()()()()()()()()()()()()()()()()()()()()()()()()()()()()()()()()
 
 Cholesky algorithm in CASPT2 =    1
 
 ###############################################################################
 ###############################################################################
 ###                                                                         ###
 ###                                                                         ###
 ###    User changed nr of frozen orbitals.                                  ###
 ###                                                                         ###
 ###                                                                         ###
 ###############################################################################
 ###############################################################################
 
++    Wave function specifications:
      -----------------------------
 
      Number of closed shell electrons           0
      Number of electrons in active shells      10
      Max number of holes in RAS1 space          0
      Max number of electrons in RAS3 space      0
      Number of inactive orbitals                0
      Number of active orbitals                 10
      Number of secondary orbitals              40
      Spin quantum number                      0.0
      State symmetry                             1
      Number of CSFs                         19404
      Number of root(s) available                1
      Root passed to geometry opt.               1
      A file JOBMIX will be created.
      This is a CASSCF or RASSCF reference function
--
 
++    Orbital specifications:
      -----------------------
 
      Symmetry species                           1
                                                 a
      Frozen orbitals                            0
      Inactive orbitals                          0
      Active orbitals                           10
      Secondary orbitals                        40
      Deleted orbitals                           0
      Number of basis functions                 50
--
 
      Type of Fock operator: STANDARD
      Type of 0-order Hamiltonian: STANDARD WITH DEFAULT IPEA
        "IP-EA" denominator shift =      0.25
      The input orbitals and the CI vector will be transformed.
 
--------------------------------------------------------------------------------
 Estimated memory requirements:
  POLY3 :                  3551880
  RHS:                      835500
  SIGMA :                   430400
  PRPCTL:                        0
 Available workspace:    230354915
 
++ CASPT2 computation for group   1
 
********************************************************************************
 Multi-State initialization phase begins for group   1
--------------------------------------------------------------------------------
********************************************************************************
 Compute H0 matrices for state    1
--------------------------------------------------------------------------------
--------------------------------------------------------------------------------
 H0 matrices have been computed.
 
********************************************************************************
  CASPT2 EQUATION SOLUTION
--------------------------------------------------------------------------------
 
  Total nr of CASPT2 parameters:
   Before reduction:      120200
   After  reduction:      119800
 
 The contributions to the second order correlation energy in atomic units.
-----------------------------------------------------------------------------------------------------------------------------
  IT.      VJTU        VJTI        ATVX        AIVX        VJAI        BVAT        BJAT        BJAI        TOTAL       RNORM  
-----------------------------------------------------------------------------------------------------------------------------
   1     0.000000    0.000000   -0.012159    0.000000    0.000000   -0.025851    0.000000    0.000000   -0.038010    0.001790
   2     0.000000    0.000000   -0.012277    0.000000    0.000000   -0.025882    0.000000    0.000000   -0.038159    0.000144
   3     0.000000    0.000000   -0.012278    0.000000    0.000000   -0.025882    0.000000    0.000000   -0.038160    0.000022
   4     0.000000    0.000000   -0.012278    0.000000    0.000000   -0.025882    0.000000    0.000000   -0.038160    0.000002
-------------------------------------------------------------------------------------------------------------------
 
  FINAL CASPT2 RESULT:
 
  Correlation energy /Case, /Symm, and sums:
 VJTU      0.00000000  0.00000000
 VJTIP     0.00000000  0.00000000
 VJTIM     0.00000000  0.00000000
 ATVX     -0.01227756 -0.01227756
 AIVX      0.00000000  0.00000000
 VJAIP     0.00000000  0.00000000
 VJAIM     0.00000000  0.00000000
 BVATP    -0.02460296 -0.02460296
 BVATM    -0.00127912 -0.00127912
 BJATP     0.00000000  0.00000000
 BJATM     0.00000000  0.00000000
 BJAIP     0.00000000  0.00000000
 BJAIM     0.00000000  0.00000000
 Summed:  -0.03815965 -0.03815965
 
      Reference energy:          -5.2091760270
      E2 (Non-variational):      -0.0381596470
      E2 (Variational):          -0.0381596531
      Total energy:              -5.2473356801
      Residual norm:              0.0000002594
      Reference weight:           0.98015
 
      Contributions to the CASPT2 correlation energy
      Active & Virtual Only:         -0.0381596470
      One Inactive Excited:           0.0000000000
      Two Inactive Excited:           0.0000000000
 
 
++ Denominators, etc.
----------------------------------------------------------------------------------------------------
 Report on small energy denominators, large coefficients, and large energy contributions.
CASE  SYMM ACTIVE-MIX  NON-ACTIVE INDICES          DENOMINATOR     RHS VALUE       COEFFICIENT     CONTRIBUTION
ATVX     1  Mu1.0001  Se1.011                       0.19686764     -0.00012724      0.00045061     -0.00000006
ATVX     1  Mu1.0002  Se1.011                       0.27326463      0.00000000     -0.00000001     -0.00000000
ATVX     1  Mu1.0001  Se1.012                       0.22028237      0.00000000     -0.00000001     -0.00000000
ATVX     1  Mu1.0002  Se1.012                       0.29667937     -0.00002616      0.00074546     -0.00000002
ATVX     1  Mu1.0001  Se1.013                       0.26251962     -0.00042720      0.00096677     -0.00000041
--
 
   (Skipping property calculation,
    use PROP keyword to activate)
--
 
  Total CASPT2 energies:
::    CASPT2 Root  1     Total energy:     -5.24733568
 
  A NEW JOBIPH FILE NAMED 'JOBMIX' IS PREPARED.
********************************************************************************
forrtl: warning (528): IEEE_UNDERFLOW is signaling
--- Stop Module: caspt2 at Sun Oct 26 15:30:03 2025 /rc=_RC_ALL_IS_WELL_ ---
*** files: xmldump
    saved to directory /home/grierjones/DDCASPT2/hydrogen_comps/rerun/H10_chain/H10_1.62
--- Module caspt2 spent 6 seconds ---

>>> EXPORT i = B

>>> EXPORT j = P

>>> IF (-FILE GMJ_e2_${i}_${j}_1_.csv)
(Skipped)

>>> END FOREACH

>>> EXPORT j = M

>>> IF (-FILE GMJ_e2_${i}_${j}_1_.csv)
(Skipped)

>>> END FOREACH

>>> END FOREACH

>>> EXPORT i = E

>>> EXPORT j = P

>>> IF (-FILE GMJ_e2_${i}_${j}_1_.csv)
(Skipped)

>>> END FOREACH

>>> EXPORT j = M

>>> IF (-FILE GMJ_e2_${i}_${j}_1_.csv)
(Skipped)

>>> END FOREACH

>>> END FOREACH

>>> EXPORT i = F

>>> EXPORT j = P

>>> IF (-FILE GMJ_e2_${i}_${j}_1_.csv)

>>> COPY /tmp/H10_1.62/GMJ_RHS_F_P_1_.csv /home/grierjones/DDCASPT2/hydrogen_comps/rerun/H10_chain/H10_1.62/GMJ_RHS_F_P_1_.csv

>>> COPY /tmp/H10_1.62/GMJ_IVECW_F_P_1_.csv /home/grierjones/DDCASPT2/hydrogen_comps/rerun/H10_chain/H10_1.62/GMJ_IVECW_F_P_1_.csv

>>> COPY /tmp/H10_1.62/GMJ_IVECX_F_P_1_.csv /home/grierjones/DDCASPT2/hydrogen_comps/rerun/H10_chain/H10_1.62/GMJ_IVECX_F_P_1_.csv

>>> COPY /tmp/H10_1.62/GMJ_IVECC2_F_P_1_.csv /home/grierjones/DDCASPT2/hydrogen_comps/rerun/H10_chain/H10_1.62/GMJ_IVECC2_F_P_1_.csv

>>> COPY /tmp/H10_1.62/GMJ_e2_F_P_1_.csv /home/grierjones/DDCASPT2/hydrogen_comps/rerun/H10_chain/H10_1.62/GMJ_e2_F_P_1_.csv

>>> END FOREACH

>>> EXPORT j = M

>>> IF (-FILE GMJ_e2_${i}_${j}_1_.csv)

>>> COPY /tmp/H10_1.62/GMJ_RHS_F_M_1_.csv /home/grierjones/DDCASPT2/hydrogen_comps/rerun/H10_chain/H10_1.62/GMJ_RHS_F_M_1_.csv

>>> COPY /tmp/H10_1.62/GMJ_IVECW_F_M_1_.csv /home/grierjones/DDCASPT2/hydrogen_comps/rerun/H10_chain/H10_1.62/GMJ_IVECW_F_M_1_.csv

>>> COPY /tmp/H10_1.62/GMJ_IVECX_F_M_1_.csv /home/grierjones/DDCASPT2/hydrogen_comps/rerun/H10_chain/H10_1.62/GMJ_IVECX_F_M_1_.csv

>>> COPY /tmp/H10_1.62/GMJ_IVECC2_F_M_1_.csv /home/grierjones/DDCASPT2/hydrogen_comps/rerun/H10_chain/H10_1.62/GMJ_IVECC2_F_M_1_.csv

>>> COPY /tmp/H10_1.62/GMJ_e2_F_M_1_.csv /home/grierjones/DDCASPT2/hydrogen_comps/rerun/H10_chain/H10_1.62/GMJ_e2_F_M_1_.csv

>>> END FOREACH

>>> END FOREACH

>>> EXPORT i = G

>>> EXPORT j = P

>>> IF (-FILE GMJ_e2_${i}_${j}_1_.csv)
(Skipped)

>>> END FOREACH

>>> EXPORT j = M

>>> IF (-FILE GMJ_e2_${i}_${j}_1_.csv)
(Skipped)

>>> END FOREACH

>>> END FOREACH

>>> EXPORT i = H

>>> EXPORT j = P

>>> IF (-FILE GMJ_e2_${i}_${j}_1_.csv)
(Skipped)

>>> END FOREACH

>>> EXPORT j = M

>>> IF (-FILE GMJ_e2_${i}_${j}_1_.csv)
(Skipped)

>>> END FOREACH

>>> END FOREACH

>>> EXPORT i = A

>>> IF (-FILE GMJ_e2_${i}_1_.csv)
(Skipped)

>>> END FOREACH

>>> EXPORT i = C

>>> IF (-FILE GMJ_e2_${i}_1_.csv)

>>> COPY /tmp/H10_1.62/GMJ_RHS_C_1_.csv /home/grierjones/DDCASPT2/hydrogen_comps/rerun/H10_chain/H10_1.62/GMJ_RHS_C_1_.csv

>>> COPY /tmp/H10_1.62/GMJ_IVECW_C_1_.csv /home/grierjones/DDCASPT2/hydrogen_comps/rerun/H10_chain/H10_1.62/GMJ_IVECW_C_1_.csv

>>> COPY /tmp/H10_1.62/GMJ_IVECX_C_1_.csv /home/grierjones/DDCASPT2/hydrogen_comps/rerun/H10_chain/H10_1.62/GMJ_IVECX_C_1_.csv

>>> COPY /tmp/H10_1.62/GMJ_IVECC2_C_1_.csv /home/grierjones/DDCASPT2/hydrogen_comps/rerun/H10_chain/H10_1.62/GMJ_IVECC2_C_1_.csv

>>> COPY /tmp/H10_1.62/GMJ_e2_C_1_.csv /home/grierjones/DDCASPT2/hydrogen_comps/rerun/H10_chain/H10_1.62/GMJ_e2_C_1_.csv

>>> END FOREACH

>>> EXPORT i = D

>>> IF (-FILE GMJ_e2_${i}_1_.csv)
(Skipped)

>>> END FOREACH

.########################.
.# Non-zero return code #.
.########################.

    Timing: Wall=22.43 User=20.87 System=1.55
****************************************
*** WorkDir at /tmp/H10_1.62 cleaned ***
****************************************
