   This run of MOLCAS is using the pymolcas driver

                             OPE
                             OPE          NMOL  CASOP  ENMOLC A   SO
                 OPE        NMOLC        AS  OP EN  MO LC     AS  OP
                OPENM       OL CA        SO  PE NM  OL CA     SOP EN
                OP EN      MO   LC       AS  OP ENMOL  CASO   PENMOL
                OP  EN     MO   LC       AS  OP EN     MO     LC ASO
               OP   E  NMOL  C  AS       OP  EN MO     LC     AS  OP
               OP  E   NMO   LC AS        OPEN  MO     LCASOP EN   M
               O  PEN   MO  LCA  SO
            OPE   NMO   L   CAS    OP
        OPENMOL  CASOP     ENMOL   CASOPE
     OPENMOLCA   SOPENMOLCASOPEN   MOLCASOPE
    OPENMOLCAS   OP           EN   MOL    CAS
    OPENMOLCAS       OP  ENM        O     LCA
    OPENMOLCAS    OPEN  MOLCASO     P  E  NMO
    OPENMOLCAS     OP               E  N  MOL
    OPENMOLCA   SO           PENM   O  L  CAS    OPEN    MO    LCAS
    OPENMOLCA   SOP           ENM   O  L  CAS   OP  EN  MOLC  AS   O
    OPENMOLCA   SOPE           NM      O  LCA   S      OP  EN MO
    OPENMOLC                AS         O  PEN   M      OL  CA  SOPE
    OPENMO        LCASOPE  NMOL        C  ASO   P      ENMOLC     AS
    OPE     NMO      LCA  SO     P     E   NM   OL  CA SO  PE N   MO
          OPENMOLCA            SOPE   NMO        LCAS  O    P  ENMO
     OPENMOLCASOPENMOLCASOPENMOLCASOPENMOLCA
        OPENMOLCASOPENMOLCASOPENMOLCASOPE
            OPENMOLCASOPENMOLCASOPENM
               OPENMOLCASOPENMOLCA        version: f37762c57
                   OPENMOLCASO
                       OPE                tag:

 OpenMolcas is free software; you can redistribute it and/or modify it
 under the terms of the GNU Lesser General Public License version 2.1.
 OpenMolcas is distributed in the hope that it will be useful, but it
 is provided "as is" and without any express or implied warranties.
 For more details see the full text of the license in the file
 LICENSE or in <http://www.gnu.org/licenses/>.

                 Copyright (C) The OpenMolcas Authors
           For the author list and the recommended citation,
                   consult the file CONTRIBUTORS.md

           *************************************************
           * pymolcas version py2.28                       *
           *   build c4a6d18ded8cb6cad61d2372a9abd97c      *
           *   (after the EMIL interpreter by V. Veryazov) *
           *************************************************

configuration info
------------------
C Compiler ID: Intel
C flags: -std=gnu99 -gcc-sys
Fortran Compiler ID: IntelLLVM
Fortran flags: -standard-semantics -fltconsistency -fpp -i8 -heap-arrays
Definitions: _MOLCAS_;_I8_;_LINUX_
Parallel: OFF (GA=OFF)


   ----------------------------------------------------------------------------------------
  |
  |              Project: H12_2.30
  |       Submitted from: ${LOCALHOME}/DDCASPT2/hydrogen_comps/rerun/H12_chain/H12_2.30
  |         Scratch area: /tmp/H12_2.30
  |      Save outputs to: ${LOCALHOME}/DDCASPT2/hydrogen_comps/rerun/H12_chain/H12_2.30
  |               Molcas: ${LOCALHOME}/Test/build
  |
  | Scratch area is empty
  |
  |       MOLCAS_DRIVER = /usr/local/pymolcas
  | MOLCAS_KEEP_WORKDIR = NO
  |  MOLCAS_NEW_WORKDIR = YES
  |       MOLCAS_NPROCS = 1
  |        MOLCAS_PRINT = NORMAL
  |       MOLCAS_SOURCE = ${LOCALHOME}/Test
  |    MOLCAS_STRUCTURE = 0
  |
   ----------------------------------------------------------------------------------------

++ ---------   Input file   ---------

&GATEWAY
coord=H12_2.30.xyz
Basis = ANO-RCC-VDZP
Group = nosymm
End of Input

&SEWARD
End of Input

&SCF

>>> COPY $WorkDir/H12_2.30.scf.h5 $CurrDir/

&RASSCF
Title= RASSCF
FileOrb
${LOCALHOME}/DDCASPT2/hydrogen_comps/rerun/H12_chain/H12_0.60/H12_0.60.RasOrb
NACTEL
12 0 0
Inactive
0
RAS2
12
Symmetry
1
Spin
1
orblisting
all

>>> COPY $WorkDir/H12_2.30.rasscf.h5 $CurrDir/

>>> COPY $WorkDir/DDCASPT2_Fock_MO.csv $CurrDir/H12_2.30.DDCASPT2_Fock_MO.csv

&MOTRA
Frozen=0
LUMORB

>>> COPY $WorkDir/DDCASPT2_one_int_indx.csv $CurrDir/H12_2.30.DDCASPT2_one_int_indx.csv

>>> COPY $WorkDir/DDCASPT2_one_int.csv $CurrDir/H12_2.30.DDCASPT2_one_int.csv

>>> COPY $WorkDir/DDCASPT2_two_int_indx.csv $CurrDir/H12_2.30.DDCASPT2_two_int_indx.csv

>>> COPY $WorkDir/DDCASPT2_two_int.csv $CurrDir/H12_2.30.DDCASPT2_two_int.csv

&CASPT2
Frozen
0

MAXITER
50

>>> FOREACH i IN (B,E,F,G,H)

  >>> FOREACH j IN (P,M)

    >>> IF (-FILE DDCASPT2_e2_${i}_${j}_1_.csv)

      >>> COPY $WorkDir/DDCASPT2_RHS_${i}_${j}_1_.csv $CurrDir/DDCASPT2_RHS_${i}_${j}_1_.csv

      >>> COPY $WorkDir/DDCASPT2_IVECW_${i}_${j}_1_.csv $CurrDir/DDCASPT2_IVECW_${i}_${j}_1_.csv

      >>> COPY $WorkDir/DDCASPT2_IVECX_${i}_${j}_1_.csv $CurrDir/DDCASPT2_IVECX_${i}_${j}_1_.csv

      >>> COPY $WorkDir/DDCASPT2_IVECC2_${i}_${j}_1_.csv $CurrDir/DDCASPT2_IVECC2_${i}_${j}_1_.csv

      >>> COPY $WorkDir/DDCASPT2_e2_${i}_${j}_1_.csv $CurrDir/DDCASPT2_e2_${i}_${j}_1_.csv

    >>> END IF

  >>> END FOREACH

>>> END FOREACH

>>> FOREACH i IN (A,C,D)

  >>> IF (-FILE DDCASPT2_e2_${i}_1_.csv)

    >>> COPY $WorkDir/DDCASPT2_RHS_${i}_1_.csv $CurrDir/DDCASPT2_RHS_${i}_1_.csv

    >>> COPY $WorkDir/DDCASPT2_IVECW_${i}_1_.csv $CurrDir/DDCASPT2_IVECW_${i}_1_.csv

    >>> COPY $WorkDir/DDCASPT2_IVECX_${i}_1_.csv $CurrDir/DDCASPT2_IVECX_${i}_1_.csv

    >>> COPY $WorkDir/DDCASPT2_IVECC2_${i}_1_.csv $CurrDir/DDCASPT2_IVECC2_${i}_1_.csv

    >>> COPY $WorkDir/DDCASPT2_e2_${i}_1_.csv $CurrDir/DDCASPT2_e2_${i}_1_.csv

  >>> END IF

>>> END FOREACH

-- ----------------------------------

--- Start Module: gateway at Mon Oct 27 11:32:59 2025 ---
 
()()()()()()()()()()()()()()()()()()()()()()()()()()()()()()()()()()()()()()()()()()()()()()()()()()

                                              &GATEWAY

                                   only a single process is used
                       available to each process: 2.0 GB of memory, 1 thread?
()()()()()()()()()()()()()()()()()()()()()()()()()()()()()()()()()()()()()()()()()()()()()()()()()()
 
 
++    Symmetry information:
      ---------------------
 
                    Character Table for C1 
 
                             E  
                    a        1  x, y, xy, Rz, z, xz, Ry, yz, Rx, I
--
 
 
++    Basis set information:
      ----------------------
 
 
      Basis set label: H.ANO-RCC...2S1P.
 
      Electronic valence basis set:
      ------------------
      Associated Effective Charge   1.000000 au
      Associated Actual Charge      1.000000 au
      Nuclear Model: Point charge
 
      Shell  nPrim  nBasis  Cartesian Spherical Contaminant
         s       8       2        X                  
         p       4       1        X                  
--
 
 
++    Molecular structure info:
      -------------------------
 
                    ************************************************ 
                    **** Cartesian Coordinates / Bohr, Angstrom **** 
                    ************************************************ 
 
     Center  Label                x              y              z                     x              y              z
        1      H1               0.000000       0.000000       0.000000              0.000000       0.000000       0.000000
        2      H2               0.000000       0.000000       4.340644              0.000000       0.000000       2.296970
        3      H3               0.000000       0.000000       8.681287              0.000000       0.000000       4.593939
        4      H4               0.000000       0.000000      13.021931              0.000000       0.000000       6.890909
        5      H5               0.000000       0.000000      17.362575              0.000000       0.000000       9.187879
        6      H6               0.000000       0.000000      21.703217              0.000000       0.000000      11.484848
        7      H7               0.000000       0.000000      26.043862              0.000000       0.000000      13.781818
        8      H8               0.000000       0.000000      30.384506              0.000000       0.000000      16.078788
        9      H9               0.000000       0.000000      34.725150              0.000000       0.000000      18.375758
       10      H10              0.000000       0.000000      39.065792              0.000000       0.000000      20.672727
       11      H11              0.000000       0.000000      43.406437              0.000000       0.000000      22.969697
       12      H12              0.000000       0.000000      47.747081              0.000000       0.000000      25.266667
 
                    *************************************** 
                    *    InterNuclear Distances / Bohr    * 
                    *************************************** 
 
               1 H1            2 H2            3 H3            4 H4            5 H5            6 H6    
    1 H1       0.000000
    2 H2       4.340644        0.000000
    3 H3       8.681287        4.340642        0.000000
    4 H4      13.021931        8.681287        4.340644        0.000000
    5 H5      17.362575       13.021931        8.681288        4.340644        0.000000
    6 H6      21.703217       17.362573       13.021931        8.681287        4.340642        0.000000
    7 H7      26.043862       21.703217       17.362575       13.021931        8.681287        4.340644
    8 H8      30.384506       26.043862       21.703219       17.362575       13.021931        8.681288
    9 H9      34.725150       30.384506       26.043863       21.703219       17.362575       13.021933
   10 H10     39.065792       34.725148       30.384506       26.043862       21.703217       17.362575
   11 H11     43.406437       39.065792       34.725150       30.384506       26.043862       21.703219
   12 H12     47.747081       43.406437       39.065794       34.725150       30.384506       26.043863
 
               7 H7            8 H8            9 H9           10 H10          11 H11          12 H12   
    7 H7       0.000000
    8 H8       4.340644        0.000000
    9 H9       8.681288        4.340644        0.000000
   10 H10     13.021931        8.681287        4.340642        0.000000
   11 H11     17.362575       13.021931        8.681287        4.340644        0.000000
   12 H12     21.703219       17.362575       13.021931        8.681288        4.340644        0.000000
 
                    ******************************************* 
                    *    InterNuclear Distances / Angstrom    * 
                    ******************************************* 
 
               1 H1            2 H2            3 H3            4 H4            5 H5            6 H6    
    1 H1       0.000000
    2 H2       2.296970        0.000000
    3 H3       4.593939        2.296969        0.000000
    4 H4       6.890909        4.593939        2.296970        0.000000
    5 H5       9.187879        6.890909        4.593940        2.296970        0.000000
    6 H6      11.484848        9.187878        6.890909        4.593939        2.296969        0.000000
    7 H7      13.781818       11.484848        9.187879        6.890909        4.593939        2.296970
    8 H8      16.078788       13.781818       11.484849        9.187879        6.890909        4.593940
    9 H9      18.375758       16.078788       13.781819       11.484849        9.187879        6.890910
   10 H10     20.672727       18.375757       16.078788       13.781818       11.484848        9.187879
   11 H11     22.969697       20.672727       18.375758       16.078788       13.781818       11.484849
   12 H12     25.266667       22.969697       20.672728       18.375758       16.078788       13.781819
 
               7 H7            8 H8            9 H9           10 H10          11 H11          12 H12   
    7 H7       0.000000
    8 H8       2.296970        0.000000
    9 H9       4.593940        2.296970        0.000000
   10 H10      6.890909        4.593939        2.296969        0.000000
   11 H11      9.187879        6.890909        4.593939        2.296970        0.000000
   12 H12     11.484849        9.187879        6.890909        4.593940        2.296970        0.000000
--
 
 
            Nuclear Potential Energy              5.81446670 au
 
--- Stop Module: gateway at Mon Oct 27 11:32:59 2025 /rc=_RC_ALL_IS_WELL_ ---
*** files: xmldump
    saved to directory ${LOCALHOME}/DDCASPT2/hydrogen_comps/rerun/H12_chain/H12_2.30

--- Start Module: seward at Mon Oct 27 11:32:59 2025 ---
 
()()()()()()()()()()()()()()()()()()()()()()()()()()()()()()()()()()()()()()()()()()()()()()()()()()

                                              &SEWARD

                                   only a single process is used
                       available to each process: 2.0 GB of memory, 1 thread?
()()()()()()()()()()()()()()()()()()()()()()()()()()()()()()()()()()()()()()()()()()()()()()()()()()
 
               SEWARD will generate:
                  Multipole Moment integrals up to order  2
                  Kinetic Energy integrals
                  Nuclear Attraction integrals (point charge)
                  One-Electron Hamiltonian integrals
                  Velocity integrals
                  Relativistic Douglas-Kroll-Hess integrals:
                    - Parametrization         : EXP
                    - DKH order of Hamiltonian: 2
                    - DKH order of Properties : 0
                         - multipole moment operators
                         - electric potential operators
                         - contact operators
                  Atomic mean-field integrals
                  Two-Electron Repulsion integrals
 
                   Integrals are discarded if absolute value <: 0.10E-13
                   Integral cutoff threshold is set to       <: 0.10E-15
 
            Nuclear Potential Energy              5.81446670 au
 
 
      Basis set specifications :
      Symmetry species         a  
      Basis functions           60
 
 
  Input file to MOLDEN was generated!
 
forrtl: warning (525): IEEE_DIVIDE_BY_ZERO is signaling
forrtl: warning (526): IEEE_INVALID is signaling
forrtl: warning (528): IEEE_UNDERFLOW is signaling
--- Stop Module: seward at Mon Oct 27 11:33:00 2025 /rc=_RC_ALL_IS_WELL_ ---
*** files: H12_2.30.GssOrb H12_2.30.guessorb.h5 H12_2.30.guessorb.molden xmldump
    saved to directory ${LOCALHOME}/DDCASPT2/hydrogen_comps/rerun/H12_chain/H12_2.30

*** symbolic link created: INPORB -> H12_2.30.GssOrb
--- Start Module: scf at Mon Oct 27 11:33:00 2025 ---
 
()()()()()()()()()()()()()()()()()()()()()()()()()()()()()()()()()()()()()()()()()()()()()()()()()()

                                                &SCF

                                   only a single process is used
                       available to each process: 2.0 GB of memory, 1 thread?
()()()()()()()()()()()()()()()()()()()()()()()()()()()()()()()()()()()()()()()()()()()()()()()()()()
 
++    Input section:
      --------------
 
      Header of the integral files:
      
       Integrals generated by seward 4.2.0  , Mon Oct 27 11:32:59 2025
 
 
      Cartesian coordinates in Angstrom:
      -----------------------------------------------------
      No.  Label        X            Y            Z        
      -----------------------------------------------------
       1   H1         0.00000000   0.00000000   0.00000000
       2   H2         0.00000000   0.00000000   2.29697000
       3   H3         0.00000000   0.00000000   4.59393900
       4   H4         0.00000000   0.00000000   6.89090900
       5   H5         0.00000000   0.00000000   9.18787900
       6   H6         0.00000000   0.00000000  11.48484800
       7   H7         0.00000000   0.00000000  13.78181800
       8   H8         0.00000000   0.00000000  16.07878800
       9   H9         0.00000000   0.00000000  18.37575800
      10   H10        0.00000000   0.00000000  20.67272700
      11   H11        0.00000000   0.00000000  22.96969700
      12   H12        0.00000000   0.00000000  25.26666700
      -----------------------------------------------------
      Nuclear repulsion energy =    5.81446670
--
 
++    Orbital specifications:
      -----------------------
 
      Symmetry species               1
                                     a
      Frozen orbitals                0
      Occupied orbitals              6
      Secondary orbitals            54
      Deleted orbitals               0
      Total number of orbitals      60
      Number of basis functions     60
--
 
      Molecular charge                           0.000
 
++    Optimization specifications:
      ----------------------------
 
      SCF Algorithm: Conventional
      Minimized density differences are used
      Number of density matrices in core                5
      Maximum number of NDDO SCF iterations           400
      Maximum number of HF SCF iterations             400
      Threshold for SCF energy change            0.10E-08
      Threshold for density matrix               0.10E-03
      Threshold for Fock matrix                  0.15E-03
      Threshold for linear dependence            0.10E-08
      Threshold at which DIIS is turned on       0.15E+00
      Threshold at which QNR/C2DIIS is turned on 0.75E-01
      Threshold for Norm(delta) (QNR/C2DIIS)     0.20E-04
      DIIS extrapolation of the SCF procedure
      All orbitals punched on: SCFORB
--
 
      Input vectors read from INPORB
      Orbital file label: *Guess orbitals
 
 
++ Convergence information
                                   SCF        iterations: Energy and convergence statistics
 
Iter     Tot. SCF        One-elec.       Two-elec.     Energy      Max Dij or  Max Fij      DNorm      TNorm      AccCon     Time
         Energy          Energy          Energy        Change      Delta Norm                                                in Sec.
   1    -5.003096365   -17.906983394     7.089420331   0.00E+00    0.37E+00*   0.12E+00*    0.52E+01   0.11E+02   None         0.
   2    -5.309597646   -17.843783887     6.719719543  -0.31E+00*   0.15E+00*   0.22E-01*    0.16E+01   0.11E+02   EDIIS        0.
   3    -5.326516531   -17.757830799     6.616847570  -0.17E-01*   0.89E-01*   0.88E-02*    0.39E+00   0.11E+02   EDIIS        0.
   4    -5.330802281   -17.755261329     6.609992351  -0.43E-02*   0.43E-01*   0.12E-01*    0.16E+00   0.11E+02   c2DIIS       0.
   5    -5.333625806   -17.737518263     6.589425759  -0.28E-02*   0.17E-01*   0.23E-02*    0.10E+00   0.11E+02   QNRc2DIIS    0.
   6    -5.333760236   -17.746482631     6.598255697  -0.13E-03*   0.69E-02*   0.12E-02*    0.35E-01   0.11E+02   QNRc2DIIS    0.
   7    -5.333808089   -17.744996406     6.596721620  -0.48E-04*   0.75E-02*   0.46E-03*    0.79E-02   0.11E+02   QNRc2DIIS    0.
   8    -5.333821783   -17.743596096     6.595307616  -0.14E-04*   0.10E-02*   0.11E-03     0.39E-02   0.11E+02   QNRc2DIIS    0.
   9    -5.333822211   -17.743718122     6.595429213  -0.43E-06*   0.18E-03*   0.25E-04     0.11E-02   0.11E+02   QNRc2DIIS    0.
  10    -5.333822229   -17.743691949     6.595403023  -0.17E-07*   0.61E-04*   0.11E-04     0.41E-03   0.11E+02   QNRc2DIIS    0.
  11    -5.333822232   -17.743674884     6.595385955  -0.31E-08*   0.12E-04    0.19E-05     0.47E-04   0.11E+02   QNRc2DIIS    0.
  12    -5.333822232   -17.743676933     6.595388004  -0.12E-09    0.93E-05    0.69E-06     0.10E-04   0.11E+02   QNRc2DIIS    0.
 
       Convergence after 12 Macro Iterations
--
 
 *****************************************************************************************************************************
 *                                                                                                                           *
 *                                             SCF/KS-DFT Program, Final results                                             *
 *                                                                                                                           *
 *                                                                                                                           *
 *                                                                                                                           *
 *                                                       Final Results                                                       *
 *                                                                                                                           *
 *****************************************************************************************************************************
 
::    Total SCF energy                                 -5.3338222319
      One-electron energy                             -17.7436769332
      Two-electron energy                               6.5953880035
      Nuclear repulsion energy                          5.8144666977
      Kinetic energy (interpolated)                     3.9786155122
      Virial theorem                                    1.3406226904
      Total spin, S(S+1)                                0.0000000000
      Total spin, S                                     0.0000000000
      Max non-diagonal density matrix element           0.0000091955
      Max non-diagonal Fock matrix element              0.0000005702
 
 
      All orbitals with orbital energies smaller than  E(LUMO)+0.5 are printed
 
++    Molecular orbitals:
      -------------------
 
      Title: SCF orbitals

      Molecular orbitals for symmetry species 1: a  
 
          Orbital            1         2         3         4         5         6         7         8         9        10    
          Energy           -0.4169   -0.4078   -0.3936   -0.3745   -0.3521   -0.3316   -0.1533   -0.1253   -0.0928   -0.0610
          Occ. No.          2.0000    2.0000    2.0000    2.0000    2.0000    2.0000    0.0000    0.0000    0.0000    0.0000
 
        1 H1     1s         0.0911   -0.1827    0.2642   -0.3191    0.3219   -0.2238    0.2584   -0.4018    0.4377   -0.3943
        2 H1     2s         0.0142   -0.0292    0.0443   -0.0571    0.0622   -0.0463    0.0811   -0.1340    0.1551   -0.1460
        3 H1     2px        0.0000   -0.0000    0.0000   -0.0000    0.0000   -0.0000    0.0000   -0.0000    0.0000   -0.0000
        4 H1     2py       -0.0000    0.0000   -0.0000   -0.0000   -0.0000   -0.0000   -0.0000    0.0000   -0.0000    0.0000
        5 H1     2pz        0.0042   -0.0079    0.0103   -0.0108    0.0092   -0.0055   -0.0012    0.0048   -0.0099    0.0139
        6 H2     1s         0.1306   -0.2470    0.3237   -0.3387    0.2834   -0.1625   -0.1090    0.2699   -0.4272    0.5029
        7 H2     2s         0.0166   -0.0370    0.0600   -0.0784    0.0805   -0.0541   -0.0281    0.0878   -0.1547    0.1897
        8 H2     2px        0.0000   -0.0000    0.0000   -0.0000    0.0000    0.0000   -0.0000    0.0000   -0.0000    0.0000
        9 H2     2py        0.0000   -0.0000    0.0000    0.0000   -0.0000   -0.0000   -0.0000    0.0000   -0.0000   -0.0000
       10 H2     2pz        0.0000    0.0012   -0.0044    0.0088   -0.0119    0.0098   -0.0129    0.0174   -0.0132    0.0040
       11 H3     1s         0.2204   -0.3187    0.2227    0.0343   -0.2934    0.3176   -0.3574    0.3373   -0.0113   -0.3636
       12 H3     2s         0.0357   -0.0507    0.0309    0.0216   -0.0784    0.0828   -0.1167    0.1127    0.0011   -0.1378
       13 H3     2px        0.0000   -0.0000    0.0000   -0.0000    0.0000    0.0000   -0.0000    0.0000   -0.0000    0.0000
       14 H3     2py       -0.0000    0.0000   -0.0000    0.0000    0.0000    0.0000   -0.0000   -0.0000   -0.0000   -0.0000
       15 H3     2pz        0.0048   -0.0048   -0.0008    0.0081   -0.0114    0.0079    0.0084   -0.0164    0.0176   -0.0082
       16 H4     1s         0.2496   -0.3111    0.1296    0.1651   -0.3431    0.2658    0.2440   -0.4215    0.3013    0.1207
       17 H4     2s         0.0345   -0.0530    0.0347    0.0232   -0.0813    0.0776    0.0739   -0.1466    0.1142    0.0426
       18 H4     2px       -0.0000    0.0000    0.0000    0.0000    0.0000   -0.0000   -0.0000   -0.0000   -0.0000   -0.0000
       19 H4     2py       -0.0000    0.0000   -0.0000   -0.0000   -0.0000   -0.0000   -0.0000   -0.0000   -0.0000    0.0000
       20 H4     2pz       -0.0018    0.0055   -0.0080    0.0033    0.0073   -0.0117    0.0158   -0.0099   -0.0088    0.0183
       21 H5     1s         0.3054   -0.1846   -0.2008    0.3051    0.0672   -0.3509    0.3857   -0.0326   -0.4421    0.2809
       22 H5     2s         0.0471   -0.0228   -0.0458    0.0587    0.0286   -0.0947    0.1238   -0.0046   -0.1632    0.1027
       23 H5     2px       -0.0000    0.0000    0.0000   -0.0000    0.0000    0.0000   -0.0000    0.0000   -0.0000   -0.0000
       24 H5     2py        0.0000    0.0000    0.0000   -0.0000    0.0000   -0.0000   -0.0000    0.0000    0.0000    0.0000
       25 H5     2pz        0.0048    0.0012   -0.0083    0.0030    0.0092   -0.0109   -0.0132    0.0157    0.0012   -0.0177
       26 H6     1s         0.3164   -0.1125   -0.2771    0.2236    0.1983   -0.3329   -0.3445    0.2955    0.2551   -0.4623
       27 H6     2s         0.0465   -0.0265   -0.0448    0.0569    0.0378   -0.0930   -0.1083    0.1077    0.0893   -0.1739
       28 H6     2px        0.0000    0.0000    0.0000    0.0000    0.0000    0.0000   -0.0000   -0.0000    0.0000    0.0000
       29 H6     2py        0.0000    0.0000   -0.0000   -0.0000   -0.0000   -0.0000   -0.0000    0.0000    0.0000   -0.0000
       30 H6     2pz       -0.0037    0.0060    0.0012   -0.0100    0.0013    0.0122   -0.0159   -0.0044    0.0182    0.0022
       31 H7     1s         0.3164    0.1125   -0.2771   -0.2236    0.1983    0.3329   -0.3445   -0.2955    0.2551    0.4623
       32 H7     2s         0.0465    0.0265   -0.0448   -0.0569    0.0378    0.0930   -0.1083   -0.1077    0.0893    0.1739
       33 H7     2px       -0.0000    0.0000    0.0000   -0.0000    0.0000    0.0000    0.0000    0.0000    0.0000    0.0000
       34 H7     2py        0.0000    0.0000    0.0000   -0.0000    0.0000    0.0000    0.0000    0.0000   -0.0000   -0.0000
       35 H7     2pz        0.0037    0.0060   -0.0012   -0.0100   -0.0013    0.0122    0.0159   -0.0044   -0.0182    0.0022
       36 H8     1s         0.3054    0.1846   -0.2008   -0.3051    0.0672    0.3509    0.3857    0.0326   -0.4421   -0.2809
       37 H8     2s         0.0471    0.0228   -0.0458   -0.0587    0.0286    0.0947    0.1238    0.0046   -0.1632   -0.1027
       38 H8     2px       -0.0000   -0.0000   -0.0000    0.0000    0.0000   -0.0000    0.0000    0.0000   -0.0000    0.0000
       39 H8     2py       -0.0000   -0.0000   -0.0000   -0.0000   -0.0000   -0.0000   -0.0000   -0.0000   -0.0000   -0.0000
       40 H8     2pz       -0.0048    0.0012    0.0083    0.0030   -0.0092   -0.0109    0.0132    0.0157   -0.0012   -0.0177
       41 H9     1s         0.2496    0.3111    0.1296   -0.1651   -0.3431   -0.2658    0.2440    0.4215    0.3013   -0.1207
       42 H9     2s         0.0345    0.0530    0.0347   -0.0232   -0.0813   -0.0776    0.0739    0.1466    0.1142   -0.0426
       43 H9     2px       -0.0000    0.0000   -0.0000   -0.0000   -0.0000    0.0000    0.0000   -0.0000   -0.0000    0.0000
       44 H9     2py        0.0000   -0.0000    0.0000   -0.0000    0.0000    0.0000    0.0000   -0.0000   -0.0000    0.0000
       45 H9     2pz        0.0018    0.0055    0.0080    0.0033   -0.0073   -0.0117   -0.0158   -0.0099    0.0088    0.0183
       46 H10    1s         0.2204    0.3187    0.2227   -0.0343   -0.2934   -0.3176   -0.3574   -0.3373   -0.0113    0.3636
       47 H10    2s         0.0357    0.0507    0.0309   -0.0216   -0.0784   -0.0828   -0.1167   -0.1127    0.0011    0.1378
       48 H10    2px       -0.0000   -0.0000    0.0000    0.0000    0.0000    0.0000   -0.0000   -0.0000   -0.0000    0.0000
       49 H10    2py        0.0000    0.0000    0.0000   -0.0000   -0.0000   -0.0000   -0.0000   -0.0000   -0.0000    0.0000
       50 H10    2pz       -0.0048   -0.0048    0.0008    0.0081    0.0114    0.0079   -0.0084   -0.0164   -0.0176   -0.0082
       51 H11    1s         0.1306    0.2470    0.3237    0.3387    0.2834    0.1625   -0.1090   -0.2699   -0.4272   -0.5029
       52 H11    2s         0.0166    0.0370    0.0600    0.0784    0.0805    0.0541   -0.0281   -0.0878   -0.1547   -0.1897
       53 H11    2px        0.0000   -0.0000    0.0000   -0.0000   -0.0000    0.0000    0.0000   -0.0000   -0.0000    0.0000
       54 H11    2py       -0.0000   -0.0000    0.0000    0.0000   -0.0000    0.0000    0.0000   -0.0000    0.0000    0.0000
       55 H11    2pz       -0.0000    0.0012    0.0044    0.0088    0.0119    0.0098    0.0129    0.0174    0.0132    0.0040
       56 H12    1s         0.0911    0.1827    0.2642    0.3191    0.3219    0.2238    0.2584    0.4018    0.4377    0.3943
       57 H12    2s         0.0142    0.0292    0.0443    0.0571    0.0622    0.0463    0.0811    0.1340    0.1551    0.1460
       58 H12    2px       -0.0000   -0.0000   -0.0000   -0.0000    0.0000   -0.0000    0.0000   -0.0000   -0.0000    0.0000
       59 H12    2py       -0.0000    0.0000    0.0000    0.0000   -0.0000    0.0000   -0.0000   -0.0000   -0.0000    0.0000
       60 H12    2pz       -0.0042   -0.0079   -0.0103   -0.0108   -0.0092   -0.0055    0.0012    0.0048    0.0099    0.0139
 
          Orbital           11        12        13        14        15    
          Energy           -0.0338   -0.0154    0.3190    0.3276    0.3432
          Occ. No.          0.0000    0.0000    0.0000    0.0000    0.0000
 
        1 H1     1s         0.2956   -0.1588   -0.0798    0.1323   -0.1431
        2 H1     2s         0.1122   -0.0609    0.1605   -0.2918    0.3779
        3 H1     2px        0.0000   -0.0000   -0.0000    0.0000    0.0000
        4 H1     2py       -0.0000    0.0000   -0.0000    0.0000   -0.0000
        5 H1     2pz       -0.0143    0.0093   -0.0136    0.0226   -0.0250
        6 H2     1s        -0.4502    0.2673   -0.1269    0.1908   -0.1705
        7 H2     2s        -0.1705    0.1001    0.1426   -0.2263    0.2196
        8 H2     2px       -0.0000    0.0000    0.0000   -0.0000   -0.0000
        9 H2     2py        0.0000   -0.0000   -0.0000    0.0000   -0.0000
       10 H2     2pz        0.0042   -0.0056    0.0021   -0.0061    0.0115
       11 H3     1s         0.5351   -0.3858   -0.1413    0.1769   -0.0898
       12 H3     2s         0.1995   -0.1420    0.1869   -0.2496    0.1433
       13 H3     2px        0.0000    0.0000    0.0000   -0.0000    0.0000
       14 H3     2py        0.0000    0.0000   -0.0000   -0.0000    0.0000
       15 H3     2pz       -0.0052    0.0093   -0.0050    0.0021    0.0060
       16 H4     1s        -0.5004    0.4585   -0.1648    0.1491    0.0183
       17 H4     2s        -0.1866    0.1694    0.2087   -0.2046   -0.0235
       18 H4     2px        0.0000   -0.0000   -0.0000    0.0000    0.0000
       19 H4     2py        0.0000    0.0000    0.0000   -0.0000    0.0000
       20 H4     2pz       -0.0097   -0.0012    0.0012   -0.0061    0.0092
       21 H5     1s         0.3308   -0.5226   -0.1757    0.1030    0.1064
       22 H5     2s         0.1241   -0.1925    0.2277   -0.1396   -0.1705
       23 H5     2px       -0.0000   -0.0000    0.0000   -0.0000   -0.0000
       24 H5     2py       -0.0000   -0.0000   -0.0000   -0.0000    0.0000
       25 H5     2pz        0.0089    0.0068   -0.0039   -0.0040    0.0084
       26 H6     1s        -0.1418    0.5480   -0.1841    0.0317    0.1705
       27 H6     2s        -0.0519    0.2021    0.2365   -0.0470   -0.2637
       28 H6     2px        0.0000   -0.0000    0.0000   -0.0000    0.0000
       29 H6     2py       -0.0000    0.0000   -0.0000   -0.0000   -0.0000
       30 H6     2pz       -0.0155    0.0031    0.0026   -0.0069    0.0008
       31 H7     1s        -0.1418   -0.5480   -0.1841   -0.0317    0.1705
       32 H7     2s        -0.0519   -0.2021    0.2365    0.0470   -0.2637
       33 H7     2px       -0.0000   -0.0000   -0.0000   -0.0000    0.0000
       34 H7     2py        0.0000    0.0000   -0.0000   -0.0000   -0.0000
       35 H7     2pz        0.0155    0.0031   -0.0026   -0.0069   -0.0008
       36 H8     1s         0.3308    0.5226   -0.1757   -0.1030    0.1064
       37 H8     2s         0.1241    0.1925    0.2277    0.1396   -0.1705
       38 H8     2px       -0.0000   -0.0000   -0.0000    0.0000   -0.0000
       39 H8     2py        0.0000    0.0000   -0.0000    0.0000   -0.0000
       40 H8     2pz       -0.0089    0.0068    0.0039   -0.0040   -0.0084
       41 H9     1s        -0.5004   -0.4585   -0.1648   -0.1491    0.0183
       42 H9     2s        -0.1866   -0.1694    0.2087    0.2046   -0.0235
       43 H9     2px       -0.0000   -0.0000    0.0000   -0.0000    0.0000
       44 H9     2py       -0.0000   -0.0000   -0.0000    0.0000   -0.0000
       45 H9     2pz        0.0097   -0.0012   -0.0012   -0.0061   -0.0092
       46 H10    1s         0.5351    0.3858   -0.1413   -0.1769   -0.0898
       47 H10    2s         0.1995    0.1420    0.1869    0.2496    0.1433
       48 H10    2px        0.0000    0.0000    0.0000   -0.0000   -0.0000
       49 H10    2py        0.0000    0.0000    0.0000    0.0000    0.0000
       50 H10    2pz        0.0052    0.0093    0.0050    0.0021   -0.0060
       51 H11    1s        -0.4502   -0.2673   -0.1269   -0.1908   -0.1705
       52 H11    2s        -0.1705   -0.1001    0.1426    0.2263    0.2196
       53 H11    2px        0.0000    0.0000   -0.0000    0.0000   -0.0000
       54 H11    2py       -0.0000    0.0000   -0.0000    0.0000    0.0000
       55 H11    2pz       -0.0042   -0.0056   -0.0021   -0.0061   -0.0115
       56 H12    1s         0.2956    0.1588   -0.0798   -0.1323   -0.1431
       57 H12    2s         0.1122    0.0609    0.1605    0.2918    0.3779
       58 H12    2px        0.0000    0.0000   -0.0000   -0.0000    0.0000
       59 H12    2py        0.0000    0.0000    0.0000    0.0000    0.0000
       60 H12    2pz        0.0143    0.0093    0.0136    0.0226    0.0250
--
 
 
++    Molecular charges:
      ------------------
 
      Mulliken charges per centre and basis function type
      ---------------------------------------------------
 
                H1      H2      H3      H4      H5      H6      H7      H8      H9      H10     H11     H12   
      1s       0.8786  0.9469  0.9157  0.9258  0.9190  0.9217  0.9217  0.9190  0.9258  0.9157  0.9469  0.8786
      2s       0.0741  0.0841  0.0715  0.0746  0.0735  0.0740  0.0740  0.0735  0.0746  0.0715  0.0841  0.0741
      2px      0.0000  0.0000  0.0000  0.0000  0.0000  0.0000  0.0000  0.0000  0.0000  0.0000  0.0000  0.0000
      2pz      0.0059  0.0071  0.0069  0.0068  0.0069  0.0069  0.0069  0.0069  0.0068  0.0069  0.0071  0.0059
      2py      0.0000  0.0000  0.0000  0.0000  0.0000  0.0000  0.0000  0.0000  0.0000  0.0000  0.0000  0.0000
      Total    0.9586  1.0381  0.9941  1.0072  0.9994  1.0026  1.0026  0.9994  1.0072  0.9941  1.0381  0.9586
 
      N-E      0.0414 -0.0381  0.0059 -0.0072  0.0006 -0.0026 -0.0026  0.0006 -0.0072  0.0059 -0.0381  0.0414
 
      Total electronic charge=   12.000000
 
      Total            charge=   -0.000000
--
 
 
  Input file to MOLDEN was generated!
 
 
++    Static properties:
      ------------------
 
 
      LoProp Charges per center
 

                   H1       H2       H3       H4       H5       H6       H7       H8       H9       H10   
      Nuclear      1.0000   1.0000   1.0000   1.0000   1.0000   1.0000   1.0000   1.0000   1.0000   1.0000
      Electronic  -0.9756  -1.0196  -0.9958  -1.0069  -0.9996  -1.0025  -1.0025  -0.9996  -1.0069  -0.9958
 
      Total        0.0244  -0.0196   0.0042  -0.0069   0.0004  -0.0025  -0.0025   0.0004  -0.0069   0.0042
 

                   H11      H12   
      Nuclear      1.0000   1.0000
      Electronic  -1.0196  -0.9756
 
      Total       -0.0196   0.0244
--
 
 
++    Natural Bond Order analysis
      ---------------------------
      Based on LoProp computed density
      -------------------------------------------------------------------------------------
      Atom A       Atom B       Bond Order
      -------------------------------------------------------------------------------------
      NBO located      0.960 non-bonded electrons on atom H1        
      NBO located      1.004 non-bonded electrons on atom H3        
      NBO located      1.016 non-bonded electrons on atom H4        
      NBO located      1.008 non-bonded electrons on atom H5        
      NBO located      1.011 non-bonded electrons on atom H6        
      NBO located      1.011 non-bonded electrons on atom H7        
      NBO located      1.008 non-bonded electrons on atom H8        
      NBO located      1.016 non-bonded electrons on atom H9        
      NBO located      1.004 non-bonded electrons on atom H10       
      NBO located      0.960 non-bonded electrons on atom H12       
      The remaining    2.005 electrons are to be considered as diffuse
--
 
 
++    Molecular properties:
      ---------------------
 
      Charge (e):
                      =   -0.0000
      Dipole Moment (Debye):
      Origin of the operator (Ang)=    0.0000    0.0000    0.0000
                   X= -2.1218E-13               Y=  1.5537E-14               Z= -5.9512E-07           Total=  5.9512E-07
      Quadrupole Moment (Debye*Ang):
      Origin of the operator (Ang)=    0.0000    0.0000   12.6333
                  XX= -2.7130E+01              XY=  2.1794E-28              XZ=  2.6771E-12              YY= -2.7130E+01
                  YZ= -1.9553E-13              ZZ=  6.6995E+00
      In traceless form (Debye*Ang)
                  XX= -1.6915E+01              XY=  3.2690E-28              XZ=  4.0157E-12              YY= -1.6915E+01
                  YZ= -2.9329E-13              ZZ=  3.3830E+01
--
 
 
  Input file to MOLDEN was generated!
 
 ###############################################################################
 ###############################################################################
 ###                                                                         ###
 ###                                                                         ###
 ###    RunFile label nBas                                                   ###
 ###    was used       78 times                                              ###
 ###                                                                         ###
 ###                                                                         ###
 ###############################################################################
 ###############################################################################
forrtl: warning (528): IEEE_UNDERFLOW is signaling
--- Stop Module: scf at Mon Oct 27 11:33:01 2025 /rc=_RC_ALL_IS_WELL_ ---
*** files: H12_2.30.LprOrb H12_2.30.LoProp.molden H12_2.30.scf.molden H12_2.30.ScfOrb H12_2.30.scf.h5 xmldump
    saved to directory ${LOCALHOME}/DDCASPT2/hydrogen_comps/rerun/H12_chain/H12_2.30

>>> COPY /tmp/H12_2.30/H12_2.30.scf.h5 ${LOCALHOME}/DDCASPT2/hydrogen_comps/rerun/H12_chain/H12_2.30/

*** symbolic link created: INPORB -> H12_2.30.ScfOrb
--- Start Module: rasscf at Mon Oct 27 11:33:01 2025 ---
 
()()()()()()()()()()()()()()()()()()()()()()()()()()()()()()()()()()()()()()()()()()()()()()()()()()

                                              &RASSCF

                                   only a single process is used
                       available to each process: 2.0 GB of memory, 1 thread?
()()()()()()()()()()()()()()()()()()()()()()()()()()()()()()()()()()()()()()()()()()()()()()()()()()
 
 
      Header of the ONEINT file:
      --------------------------
      
      Integrals generated by seward 4.2.0  , Mon Oct 27 11:32:59 2025
 
 
      OrdInt status: non-squared
 
 
      Cartesian coordinates in Angstrom:
      -----------------------------------------------------
      No.  Label        X            Y            Z        
      -----------------------------------------------------
       1   H1         0.00000000   0.00000000   0.00000000
       2   H2         0.00000000   0.00000000   2.29697000
       3   H3         0.00000000   0.00000000   4.59393900
       4   H4         0.00000000   0.00000000   6.89090900
       5   H5         0.00000000   0.00000000   9.18787900
       6   H6         0.00000000   0.00000000  11.48484800
       7   H7         0.00000000   0.00000000  13.78181800
       8   H8         0.00000000   0.00000000  16.07878800
       9   H9         0.00000000   0.00000000  18.37575800
      10   H10        0.00000000   0.00000000  20.67272700
      11   H11        0.00000000   0.00000000  22.96969700
      12   H12        0.00000000   0.00000000  25.26666700
      -----------------------------------------------------
      Nuclear repulsion energy =    5.81446670
 
++    Wave function specifications:
      -----------------------------
 
      Number of closed shell electrons           0
      Number of electrons in active shells      12
      Max number of holes in RAS1 space          0
      Max nr of electrons in RAS3 space          0
      Number of inactive orbitals                0
      Number of active orbitals                 12
      Number of secondary orbitals              48
      Spin quantum number                      0.0
      State symmetry                             1
--
 
++    Orbital specifications:
      -----------------------
 
      Symmetry species                           1
                                                 a
      Frozen orbitals                            0
      Inactive orbitals                          0
      Active orbitals                           12
      RAS1 orbitals                              0
      RAS2 orbitals                             12
      RAS3 orbitals                              0
      Secondary orbitals                        48
      Deleted orbitals                           0
      Number of basis functions                 60
--
 
++    CI expansion specifications:
      ----------------------------
 
      Number of CSFs                        226512
      Number of determinants                427350
      Number of root(s) required                 1
      Root chosen for geometry opt.              1
      CI root used                               1
         
      highest root included in the CI            1
      max. size of the explicit Hamiltonian    200
--
 
++    Optimization specifications:
      ----------------------------
 
      RASSCF algorithm: Conventional
      Maximum number of macro iterations       200
      Maximum number of SX iterations          100
      Threshold for RASSCF energy            0.100E-07
      Threshold for max MO rotation          0.100E+00
      Threshold for max BLB element          0.100E-03
      Level shift parameter                  0.500E+00
      Make Quasi-Newton update
--
 
      The MO-coefficients are taken from the file:
      ${LOCALHOME}/DDCASPT2/hydrogen_comps/rerun/H12_chain/H12_0.60/H12_0.60.RasOrb                                               
      Title: RASSCF average (pseudo-natural) orbitals                                      
 
      Total molecular charge    0.00
 
      ************************************************************************************************************************
      *                                                                                                                      *
      *                                            Wave function control section                                             *
      *                                                                                                                      *
      ************************************************************************************************************************
 
 
                                         RASSCF iterations: Energy and convergence statistics
                                         ----------------------------------------------------
 
      Iter CI   SX   CI       RASSCF       Energy    max ROT     max BLB   max BLB  Level Ln srch  Step   QN   Walltime
          iter iter root      energy       change     param      element    value   shift minimum  type update hh:mm:ss
        No convergence in the CI section: MAXJT will be increased to 
 24
 Nr of preliminary CI iterations:  12
        No convergence in the CI section: MAXJT will be increased to 
 24
        1  12  100    1    -3.98355768    0.00E+00  -0.20E+00*   9  31 1 -0.28E+00*  0.46   0.00    SX    NO    0:00:47
        No convergence in the CI section: MAXJT will be increased to 
 36
 ###############################################################################
 ###############################################################################
 ###                                                                         ###
 ###                                                                         ###
 ###    Large orbital rotation.                                              ###
 ###                                                                         ###
 ###                                                                         ###
 ###############################################################################
 ###############################################################################
      Molecular orbital  11 of symmetry 1 MO space 2  weight is    0.330257
        2  24  100    1    -4.94822488   -0.96E+00* -0.55E+00*   4  21 1  0.21E+00*  0.35   0.00    SX    NO    0:00:42
 ###############################################################################
 ###############################################################################
 ###                                                                         ###
 ###                                                                         ###
 ###    Large orbital rotation.                                              ###
 ###                                                                         ###
 ###                                                                         ###
 ###############################################################################
 ###############################################################################
      Molecular orbital  12 of symmetry 1 MO space 2  weight is    0.486388
        3   8  100    1    -5.50358358   -0.56E+00* -0.44E+00*   2  14 1 -0.14E+00*  0.28   0.00    SX    NO    0:00:18
        4   7  100    1    -5.72635497   -0.22E+00* -0.45E+00*   2  14 1 -0.76E-01*  0.03   0.00    SX    NO    0:00:16
        No convergence in the CI section: MAXJT will be increased to 
 72
        5  60  100    1    -5.89990082   -0.17E+00* -0.21E+00*  11  20 1  0.38E-01*  0.00   1.06    QN   YES    0:01:39
        6  44  100    1    -5.94937480   -0.49E-01*  0.13E+00*  11  14 1 -0.48E-01*  0.00   1.02    QN   YES    0:01:13
        7  25  100    1    -5.91862745    0.31E-01* -0.84E-01   11  14 1 -0.42E-01*  0.00  -0.21    SX   YES    0:00:45
        8  13   64    1    -5.97651786   -0.58E-01* -0.20E+00*  11  20 1  0.53E-01*  0.00   2.29    QN   YES    0:00:25
        9   6  100    1    -5.99691575   -0.20E-01*  0.59E-01   11  14 1  0.40E-01*  0.00   0.60    LS   YES    0:00:15
       10  12   64    1    -6.01725717   -0.20E-01*  0.22E-01    1  20 1 -0.15E-01*  0.00   1.41    SX   YES    0:00:24
       11   6   15    1    -6.02605382   -0.88E-02*  0.49E-02   11  53 1 -0.36E-02*  0.00   1.16    QN   YES    0:00:15
       12  17   12    1    -6.02657379   -0.52E-03* -0.97E-03   11  57 1  0.73E-03*  0.00   1.00    QN   YES    0:00:31
       13  29   12    1    -6.02669006   -0.12E-03* -0.18E-02   11  15 1 -0.43E-03*  0.00   1.02    QN   YES    0:00:51
       14  36   13    1    -6.02668794    0.21E-05*  0.59E-03   11  34 1  0.82E-03*  0.00   0.53    LS   YES    0:01:01
       15  43   12    1    -6.02670157   -0.14E-04* -0.52E-03   11  34 1  0.46E-03*  0.00   1.45    SX   YES    0:01:11
       16   4   10    1    -6.02670528   -0.37E-05*  0.12E-03    6  15 1 -0.88E-04   0.00   0.96    QN   YES    0:00:11
       17  10    8    1    -6.02670551   -0.23E-06* -0.21E-04    6  15 1  0.20E-04   0.00   0.98    QN   YES    0:00:21
       18  10    7    1    -6.02670554   -0.31E-07*  0.92E-05   12  14 1 -0.50E-05   0.00   1.00    QN   YES    0:00:21
       19   1    6    1    -6.02670554   -0.76E-09  -0.32E-05    6  15 1 -0.27E-05   0.00   0.76    QN   YES    0:00:07
      Convergence after 19 iterations
 
  Dmat in MO in SXCTL bf call to SXHAM                                                                                    
  mat. size =    12x   12
 
        1.3759216871282014
       -0.0091850234738634      1.4137573960407286
       -0.1284971040662509     -0.0117830157097212      1.2816750887496482
        0.0087138415102751      0.0668538096158339      0.0110017025197072      1.2346152612467016
        0.0144229185682909      0.0001023717224430     -0.0368211842355421     -0.0002564749093077      1.2695996508690028
        0.0020229648493310      0.0321914126036968      0.0012303837796912     -0.0068665449674326     -0.0007033343431962
        1.1928530699038651
        0.0313167944933282      0.0003516344937369      0.1752178021680854     -0.0000874827758812      0.0149559398967277
        0.0003823357482772      0.6320417322923352
       -0.0036029079115606     -0.0301149067731214     -0.0039535132022844     -0.1706841670575969      0.0004261536647689
       -0.0071812329469675      0.0001030776789623      0.5879164176395958
       -0.0607357542952073     -0.0000079577787387     -0.0905985370369735     -0.0000374481746698     -0.0685471862981400
        0.0004159183643838     -0.0088692491057369     -0.0004005072329480      0.8357213363830638
        0.0042922553065228     -0.0537001866835185      0.0035429705667918      0.1835075223102302     -0.0010377237963129
       -0.0633744430615978      0.0005968981049954      0.0176762844754976      0.0004305265441251      0.7280534935597135
       -0.2439164260296108     -0.0016006930766730     -0.2182607617363371      0.0007636215177240      0.0491131080561484
        0.0079740931759255     -0.0162491773813773      0.0009601017695436     -0.0088753346189697      0.0141525070462407
        0.7808076522655956
       -0.0300517495803692     -0.1509420472740390     -0.0420616680039767      0.1423515233664303     -0.0002871839364827
       -0.0343173740166805     -0.0033587991786919     -0.0222586896226601     -0.0006626328581510     -0.0225744457928087
        0.0309726735488496      0.6670372139216284
       20   1    6    1    -6.02670554   -0.20E-09  -0.32E-05    2  24 1 -0.69E-06   0.00   0.76    QN   YES    0:00:08
 
      ************************************************************************************************************************
                                                      Wave function printout:
                       occupation of active orbitals, and spin coupling of open shells (u,d: Spin up or down)
      ************************************************************************************************************************
 
      Note: transformation to natural orbitals
      has been made, which may change the order of the CSFs.
 
      printout of CI-coefficients larger than  0.05 for root  1
      energy=      -6.026706
      conf/sym  111111111111     Coeff  Weight
             1  222222000000   0.27771 0.07712
            43  222220002000  -0.13186 0.01739
            67  2222ud00ud00  -0.13932 0.01941
            83  222u2du0d000   0.10844 0.01176
           118  22u22d00u00d   0.09217 0.00850
           134  2u222d00u0d0  -0.08390 0.00704
           147  u2222d0ud000  -0.10170 0.01034
           173  222202000200  -0.08476 0.00718
           191  222ud2u00d00   0.10161 0.01032
           224  22u2d2000u0d   0.08560 0.00733
           240  2u22d2000ud0  -0.08655 0.00749
           255  u222d20u0d00  -0.07252 0.00526
           269  222022200000  -0.06433 0.00414
           305  22ud22u0000d  -0.08810 0.00776
           321  2u2d22u000d0   0.07180 0.00516
           333  u22d22ud0000   0.06700 0.00449
           373  220222000002  -0.05383 0.00290
           393  2ud2220000ud   0.06937 0.00481
           411  u2d2220u000d   0.06519 0.00425
           448  ud22220u00d0  -0.06669 0.00445
           460  022222020000  -0.05154 0.00266
          5623  222200002200   0.07226 0.00522
          5721  222ud0u02d00   0.07216 0.00521
          5877  22u2d0002u0d  -0.06011 0.00361
          5952  2u22d0002ud0   0.05575 0.00311
          6037  u222d00u2d00  -0.05156 0.00266
          6290  22ud20u0200d  -0.05212 0.00272
          7196  222u0du0d200   0.05919 0.00350
          7769  22ududu0ud0d  -0.05635 0.00317
 
      Natural orbitals and occupation numbers for root  1
      sym 1:   1.485857   1.460594   1.417353   1.355530   1.276300   1.187070   0.646226   0.506831   0.820738   0.729101
               0.533948   0.580455
 
      ************************************************************************************************************************
      *                                                                                                                      *
      *                                                    Final results                                                     *
      *                                                                                                                      *
      ************************************************************************************************************************
 
 
++    Wave function specifications:
      -----------------------------
 
      Number of closed shell electrons           0
      Number of electrons in active shells      12
      Max number of holes in RAS1 space          0
      Max nr of electrons in RAS3 space          0
      Number of inactive orbitals                0
      Number of active orbitals                 12
      Number of secondary orbitals              48
      Spin quantum number                      0.0
      State symmetry                             1
--
 
++    Orbital specifications:
      -----------------------
 
      Symmetry species                           1
                                                 a
      Frozen orbitals                            0
      Inactive orbitals                          0
      Active orbitals                           12
      RAS1 orbitals                              0
      RAS2 orbitals                             12
      RAS3 orbitals                              0
      Secondary orbitals                        48
      Deleted orbitals                           0
      Number of basis functions                 60
--
 
++    CI expansion specifications:
      ----------------------------
 
      Number of CSFs                        226512
      Number of determinants                427350
      Number of root(s) required                 1
      CI root used                               1
      highest root included in the CI            1
      Root passed to geometry opt.               1
--
 
++    Final optimization conditions:
      ------------------------------
 
      Average CI energy                              -6.02670554
      RASSCF energy for state  1                     -6.02670554
      Super-CI energy                                -0.00000000
      RASSCF energy change                            0.00000000
      Max change in MO coefficients              -0.333E-05
      Max non-diagonal density matrix element    -0.324E-05
      Maximum BLB matrix element                 -0.686E-06
      (orbital pair   2,  24 in symmetry   1)
      Norm of electronic gradient            0.300E-05
--
 
 
      Final state energy(ies):
      ------------------------
 
::    RASSCF root number  1 Total energy:     -6.02670554
 
++    Molecular orbitals:
      -------------------
 
      Pseudonatural active orbitals and approximate occupation numbers
 
 
 
 
      Molecular orbitals for symmetry species 1: a  
 
 
      Orbital                1         2         3         4         5         6         7         8         9        10
      Energy            0.0000    0.0000    0.0000    0.0000    0.0000    0.0000    0.0000    0.0000    0.0000    0.0000
      Occ. No.          1.4859    1.4606    1.4174    1.3555    1.2763    1.1871    0.6462    0.5068    0.8207    0.7291
 
    1 H1     1s         0.1150    0.2185    0.2985   -0.3391    0.3212   -0.2235    0.4127   -0.1558   -0.2466   -0.3725
    2 H1     2s         0.0080    0.0156    0.0222   -0.0264    0.0264   -0.0193    0.0479   -0.0208   -0.0255   -0.0407
    3 H1     2px        0.0000    0.0000    0.0000   -0.0000    0.0000   -0.0000    0.0000   -0.0000   -0.0000   -0.0000
    4 H1     2py       -0.0000   -0.0000    0.0000    0.0000   -0.0000    0.0000   -0.0000   -0.0000    0.0000   -0.0000
    5 H1     2pz        0.0012    0.0021    0.0025   -0.0023    0.0016   -0.0009    0.0020   -0.0013   -0.0007   -0.0013
    6 H2     1s         0.1628    0.2893    0.3515   -0.3352    0.2475   -0.1219   -0.3972    0.2477    0.0943    0.2482
    7 H2     2s         0.0094    0.0196    0.0299   -0.0371    0.0362   -0.0239   -0.0527    0.0452    0.0014    0.0230
    8 H2     2px       -0.0000   -0.0000   -0.0000    0.0000   -0.0000    0.0000    0.0000   -0.0000   -0.0000   -0.0000
    9 H2     2py        0.0000    0.0000    0.0000   -0.0000    0.0000    0.0000    0.0000    0.0000   -0.0000    0.0000
   10 H2     2pz        0.0009    0.0008   -0.0004    0.0022   -0.0033    0.0027    0.0000   -0.0002    0.0015    0.0010
   11 H3     1s         0.2358    0.3264    0.2074    0.0610   -0.3097    0.3407   -0.0415   -0.3465    0.3680    0.3400
   12 H3     2s         0.0161    0.0215    0.0102    0.0145   -0.0384    0.0405    0.0010   -0.0622    0.0471    0.0430
   13 H3     2px        0.0000   -0.0000    0.0000    0.0000   -0.0000    0.0000   -0.0000   -0.0000    0.0000   -0.0000
   14 H3     2py       -0.0000   -0.0000   -0.0000    0.0000    0.0000   -0.0000    0.0000    0.0000   -0.0000   -0.0000
   15 H3     2pz        0.0005   -0.0001   -0.0018    0.0030   -0.0026    0.0012    0.0003   -0.0012   -0.0005   -0.0005
   16 H4     1s         0.2706    0.3094    0.0798    0.2283   -0.3631    0.2403    0.3122    0.4077   -0.2327   -0.4213
   17 H4     2s         0.0165    0.0231    0.0119    0.0150   -0.0384    0.0347    0.0534    0.0754   -0.0228   -0.0584
   18 H4     2px       -0.0000   -0.0000   -0.0000    0.0000   -0.0000    0.0000    0.0000   -0.0000   -0.0000   -0.0000
   19 H4     2py        0.0000    0.0000    0.0000    0.0000    0.0000   -0.0000    0.0000    0.0000   -0.0000   -0.0000
   20 H4     2pz        0.0007   -0.0006   -0.0025    0.0018    0.0014   -0.0030   -0.0006   -0.0008   -0.0013    0.0001
   21 H5     1s         0.3099    0.1878   -0.2061    0.3146    0.0512   -0.3779   -0.4145   -0.4597   -0.3996   -0.0276
   22 H5     2s         0.0203    0.0097   -0.0203    0.0252    0.0132   -0.0464   -0.0673   -0.0838   -0.0489    0.0038
   23 H5     2px       -0.0000   -0.0000    0.0000   -0.0000   -0.0000    0.0000    0.0000    0.0000    0.0000   -0.0000
   24 H5     2py        0.0000    0.0000   -0.0000   -0.0000   -0.0000   -0.0000    0.0000   -0.0000   -0.0000   -0.0000
   25 H5     2pz        0.0001   -0.0015   -0.0021   -0.0005    0.0031   -0.0022   -0.0006   -0.0012    0.0009    0.0007
   26 H6     1s         0.3223    0.0952   -0.3011    0.1969    0.2456   -0.3385    0.2292    0.4811    0.3475    0.3104
   27 H6     2s         0.0204    0.0101   -0.0209    0.0230    0.0198   -0.0441    0.0306    0.0883    0.0398    0.0493
   28 H6     2px        0.0000   -0.0000   -0.0000    0.0000    0.0000    0.0000    0.0000    0.0000   -0.0000    0.0000
   29 H6     2py       -0.0000    0.0000   -0.0000   -0.0000   -0.0000   -0.0000   -0.0000   -0.0000    0.0000   -0.0000
   30 H6     2pz        0.0003   -0.0017   -0.0009   -0.0027    0.0013    0.0029   -0.0003   -0.0011    0.0012   -0.0006
   31 H7     1s         0.3223   -0.0952   -0.3012   -0.1970    0.2458    0.3382    0.2293   -0.4811    0.3472   -0.3105
   32 H7     2s         0.0204   -0.0101   -0.0210   -0.0230    0.0199    0.0441    0.0306   -0.0883    0.0397   -0.0493
   33 H7     2px       -0.0000   -0.0000    0.0000    0.0000    0.0000    0.0000    0.0000    0.0000   -0.0000    0.0000
   34 H7     2py       -0.0000    0.0000   -0.0000   -0.0000   -0.0000   -0.0000   -0.0000   -0.0000    0.0000   -0.0000
   35 H7     2pz       -0.0003   -0.0017    0.0009   -0.0027   -0.0013    0.0029    0.0003   -0.0011   -0.0012   -0.0006
   36 H8     1s         0.3098   -0.1877   -0.2063   -0.3146    0.0515    0.3779   -0.4145    0.4596   -0.3996    0.0279
   37 H8     2s         0.0203   -0.0097   -0.0203   -0.0252    0.0133    0.0464   -0.0673    0.0838   -0.0489   -0.0038
   38 H8     2px       -0.0000   -0.0000    0.0000    0.0000   -0.0000    0.0000   -0.0000   -0.0000    0.0000   -0.0000
   39 H8     2py       -0.0000    0.0000   -0.0000   -0.0000   -0.0000   -0.0000    0.0000    0.0000   -0.0000   -0.0000
   40 H8     2pz       -0.0001   -0.0015    0.0021   -0.0005   -0.0031   -0.0022    0.0007   -0.0012   -0.0009    0.0007
   41 H9     1s         0.2705   -0.3095    0.0798   -0.2282   -0.3633   -0.2400    0.3121   -0.4075   -0.2324    0.4215
   42 H9     2s         0.0165   -0.0231    0.0119   -0.0150   -0.0384   -0.0346    0.0534   -0.0754   -0.0228    0.0585
   43 H9     2px       -0.0000   -0.0000    0.0000    0.0000   -0.0000    0.0000   -0.0000   -0.0000    0.0000   -0.0000
   44 H9     2py        0.0000    0.0000   -0.0000   -0.0000    0.0000   -0.0000    0.0000    0.0000   -0.0000    0.0000
   45 H9     2pz       -0.0007   -0.0006    0.0025    0.0018   -0.0014   -0.0030    0.0006   -0.0008    0.0013    0.0001
   46 H10    1s         0.2357   -0.3265    0.2073   -0.0610   -0.3100   -0.3404   -0.0415    0.3465    0.3676   -0.3403
   47 H10    2s         0.0161   -0.0215    0.0102   -0.0145   -0.0384   -0.0405    0.0010    0.0621    0.0471   -0.0430
   48 H10    2px        0.0000   -0.0000    0.0000   -0.0000   -0.0000   -0.0000   -0.0000    0.0000    0.0000   -0.0000
   49 H10    2py       -0.0000    0.0000   -0.0000    0.0000    0.0000    0.0000    0.0000   -0.0000   -0.0000    0.0000
   50 H10    2pz       -0.0005   -0.0001    0.0018    0.0030    0.0026    0.0012   -0.0003   -0.0012    0.0005   -0.0005
   51 H11    1s         0.1628   -0.2895    0.3514    0.3351    0.2477    0.1218   -0.3971   -0.2476    0.0942   -0.2484
   52 H11    2s         0.0094   -0.0196    0.0299    0.0371    0.0362    0.0239   -0.0527   -0.0452    0.0014   -0.0230
   53 H11    2px        0.0000   -0.0000    0.0000    0.0000    0.0000   -0.0000   -0.0000   -0.0000    0.0000   -0.0000
   54 H11    2py        0.0000   -0.0000    0.0000    0.0000    0.0000    0.0000    0.0000    0.0000   -0.0000    0.0000
   55 H11    2pz       -0.0009    0.0008    0.0004    0.0022    0.0033    0.0027   -0.0000   -0.0002   -0.0015    0.0010
   56 H12    1s         0.1149   -0.2186    0.2985    0.3390    0.3214    0.2233    0.4126    0.1557   -0.2463    0.3727
   57 H12    2s         0.0080   -0.0156    0.0222    0.0264    0.0264    0.0193    0.0479    0.0208   -0.0255    0.0408
   58 H12    2px        0.0000   -0.0000    0.0000    0.0000    0.0000    0.0000    0.0000    0.0000   -0.0000    0.0000
   59 H12    2py       -0.0000    0.0000   -0.0000   -0.0000   -0.0000   -0.0000   -0.0000   -0.0000    0.0000   -0.0000
   60 H12    2pz       -0.0012    0.0021   -0.0025   -0.0023   -0.0016   -0.0009   -0.0020   -0.0013    0.0007   -0.0013
 
 
      Orbital               11        12        13        14        15        16        17        18        19        20
      Energy            0.0000    0.0000    0.3302    0.3388    0.3544    0.3785    0.4126    0.4577    0.5121    0.5785
      Occ. No.          0.5339    0.5805    0.0000    0.0000    0.0000    0.0000    0.0000    0.0000    0.0000    0.0000
 
    1 H1     1s         0.2882    0.3793   -0.0596   -0.0934    0.0899    0.0529    0.0058    0.0720   -0.1271   -0.1628
    2 H1     2s         0.0372    0.0467    0.1617    0.2940   -0.3852   -0.4403    0.4689    0.4764   -0.4498   -0.3960
    3 H1     2px        0.0000    0.0000   -0.0000   -0.0000    0.0000    0.0000   -0.0000   -0.0000    0.0000    0.0000
    4 H1     2py       -0.0000    0.0000    0.0000    0.0000   -0.0000   -0.0000    0.0000    0.0000   -0.0000    0.0000
    5 H1     2pz        0.0022    0.0024   -0.0114   -0.0191    0.0220    0.0215   -0.0207   -0.0233    0.0319    0.0502
    6 H2     1s        -0.4183   -0.4681   -0.1103   -0.1682    0.1568    0.0996   -0.0398   -0.0168    0.0459    0.1162
    7 H2     2s        -0.0726   -0.0737    0.1456    0.2296   -0.2212   -0.1234   -0.0431   -0.2505    0.4449    0.5951
    8 H2     2px        0.0000    0.0000    0.0000    0.0000   -0.0000    0.0000   -0.0000   -0.0000    0.0000    0.0000
    9 H2     2py       -0.0000   -0.0000   -0.0000    0.0000    0.0000   -0.0000   -0.0000    0.0000    0.0000   -0.0000
   10 H2     2pz        0.0005    0.0006   -0.0002    0.0027   -0.0084   -0.0123    0.0094   -0.0031    0.0205    0.0337
   11 H3     1s         0.4743    0.3075   -0.1211   -0.1449    0.0623   -0.0473    0.0941    0.0555    0.0066    0.0041
   12 H3     2s         0.0843    0.0561    0.1896    0.2533   -0.1464    0.0784   -0.3089   -0.4205    0.3183    0.0023
   13 H3     2px       -0.0000    0.0000    0.0000    0.0000   -0.0000    0.0000    0.0000   -0.0000    0.0000    0.0000
   14 H3     2py       -0.0000   -0.0000   -0.0000    0.0000    0.0000   -0.0000   -0.0000    0.0000    0.0000   -0.0000
   15 H3     2pz        0.0014    0.0007   -0.0025    0.0004   -0.0069   -0.0094    0.0049    0.0037   -0.0239   -0.0792
   16 H4     1s        -0.4397   -0.0857   -0.1384   -0.1292   -0.0058   -0.1102    0.0873    0.0104   -0.0118   -0.0889
   17 H4     2s        -0.0764   -0.0093    0.2129    0.2088    0.0251    0.2828   -0.3116   -0.0186   -0.3996   -0.5984
   18 H4     2px        0.0000    0.0000    0.0000    0.0000    0.0000    0.0000   -0.0000    0.0000   -0.0000    0.0000
   19 H4     2py       -0.0000    0.0000   -0.0000   -0.0000   -0.0000   -0.0000    0.0000   -0.0000    0.0000    0.0000
   20 H4     2pz        0.0012    0.0005   -0.0010    0.0039   -0.0084   -0.0032   -0.0047    0.0019   -0.0150    0.0188
   21 H5     1s         0.2855   -0.2647   -0.1500   -0.0817   -0.0941   -0.1178   -0.0065   -0.0516   -0.0099    0.0365
   22 H5     2s         0.0536   -0.0405    0.2295    0.1418    0.1724    0.2986   -0.0065    0.3984   -0.3445    0.2733
   23 H5     2px       -0.0000    0.0000    0.0000    0.0000    0.0000    0.0000   -0.0000    0.0000   -0.0000   -0.0000
   24 H5     2py        0.0000   -0.0000    0.0000   -0.0000   -0.0000    0.0000    0.0000   -0.0000   -0.0000    0.0000
   25 H5     2pz        0.0003   -0.0008   -0.0013    0.0049   -0.0072    0.0023   -0.0065    0.0001    0.0185    0.0624
   26 H6     1s        -0.1220    0.4242   -0.1552   -0.0326   -0.1372   -0.0558   -0.0813   -0.0362    0.0104    0.0672
   27 H6     2s        -0.0184    0.0735    0.2385    0.0473    0.2680    0.1211    0.3189    0.2495    0.3724    0.4780
   28 H6     2px        0.0000   -0.0000   -0.0000    0.0000    0.0000   -0.0000   -0.0000    0.0000    0.0000   -0.0000
   29 H6     2py       -0.0000    0.0000    0.0000   -0.0000   -0.0000    0.0000    0.0000   -0.0000   -0.0000    0.0000
   30 H6     2pz        0.0007   -0.0007    0.0001    0.0061   -0.0019    0.0090   -0.0025   -0.0016    0.0178   -0.0436
   31 H7     1s        -0.1220   -0.4243   -0.1552    0.0326   -0.1372    0.0558   -0.0813    0.0362    0.0105   -0.0672
   32 H7     2s        -0.0184   -0.0735    0.2385   -0.0473    0.2680   -0.1211    0.3189   -0.2495    0.3724   -0.4780
   33 H7     2px        0.0000   -0.0000   -0.0000    0.0000    0.0000   -0.0000   -0.0000    0.0000    0.0000   -0.0000
   34 H7     2py       -0.0000    0.0000    0.0000   -0.0000   -0.0000    0.0000    0.0000   -0.0000   -0.0000    0.0000
   35 H7     2pz       -0.0007   -0.0007   -0.0001    0.0061    0.0019    0.0090    0.0025   -0.0016   -0.0178   -0.0436
   36 H8     1s         0.2855    0.2649   -0.1500    0.0817   -0.0941    0.1178   -0.0065    0.0516   -0.0100   -0.0365
   37 H8     2s         0.0536    0.0405    0.2295   -0.1418    0.1724   -0.2986   -0.0065   -0.3984   -0.3445   -0.2733
   38 H8     2px       -0.0000    0.0000    0.0000    0.0000    0.0000   -0.0000   -0.0000    0.0000   -0.0000   -0.0000
   39 H8     2py        0.0000   -0.0000    0.0000   -0.0000   -0.0000    0.0000    0.0000   -0.0000   -0.0000    0.0000
   40 H8     2pz       -0.0003   -0.0008    0.0013    0.0049    0.0072    0.0023    0.0065    0.0001   -0.0185    0.0624
   41 H9     1s        -0.4398    0.0856   -0.1384    0.1292   -0.0058    0.1102    0.0873   -0.0104   -0.0118    0.0889
   42 H9     2s        -0.0764    0.0092    0.2129   -0.2087    0.0251   -0.2828   -0.3116    0.0186   -0.3996    0.5984
   43 H9     2px       -0.0000    0.0000    0.0000    0.0000   -0.0000    0.0000    0.0000   -0.0000   -0.0000    0.0000
   44 H9     2py        0.0000   -0.0000    0.0000   -0.0000   -0.0000    0.0000   -0.0000   -0.0000    0.0000   -0.0000
   45 H9     2pz       -0.0012    0.0005    0.0010    0.0039    0.0084   -0.0032    0.0047    0.0019    0.0150    0.0188
   46 H10    1s         0.4744   -0.3074   -0.1211    0.1449    0.0623    0.0473    0.0941   -0.0555    0.0066   -0.0041
   47 H10    2s         0.0843   -0.0561    0.1896   -0.2533   -0.1464   -0.0784   -0.3089    0.4205    0.3183   -0.0023
   48 H10    2px       -0.0000    0.0000   -0.0000    0.0000    0.0000    0.0000    0.0000   -0.0000   -0.0000    0.0000
   49 H10    2py       -0.0000    0.0000    0.0000   -0.0000   -0.0000   -0.0000   -0.0000    0.0000    0.0000   -0.0000
   50 H10    2pz       -0.0014    0.0007    0.0025    0.0004    0.0069   -0.0094   -0.0049    0.0037    0.0239   -0.0792
   51 H11    1s        -0.4184    0.4680   -0.1103    0.1682    0.1568   -0.0996   -0.0398    0.0168    0.0459   -0.1162
   52 H11    2s        -0.0726    0.0737    0.1456   -0.2296   -0.2212    0.1234   -0.0431    0.2505    0.4449   -0.5951
   53 H11    2px       -0.0000    0.0000   -0.0000    0.0000    0.0000    0.0000    0.0000   -0.0000   -0.0000    0.0000
   54 H11    2py        0.0000   -0.0000   -0.0000    0.0000    0.0000   -0.0000   -0.0000    0.0000    0.0000   -0.0000
   55 H11    2pz       -0.0005    0.0006    0.0002    0.0027    0.0084   -0.0123   -0.0094   -0.0031   -0.0205    0.0337
   56 H12    1s         0.2883   -0.3793   -0.0596    0.0934    0.0899   -0.0529    0.0058   -0.0720   -0.1271    0.1628
   57 H12    2s         0.0373   -0.0467    0.1617   -0.2940   -0.3852    0.4403    0.4689   -0.4765   -0.4498    0.3960
   58 H12    2px        0.0000   -0.0000   -0.0000    0.0000    0.0000   -0.0000   -0.0000    0.0000    0.0000   -0.0000
   59 H12    2py       -0.0000    0.0000    0.0000   -0.0000   -0.0000    0.0000    0.0000   -0.0000   -0.0000    0.0000
   60 H12    2pz       -0.0022    0.0024    0.0114   -0.0191   -0.0220    0.0215    0.0207   -0.0233   -0.0319    0.0502
 
 
      Orbital               21        22        23        24        25        26        27        28        29        30
      Energy            0.6396    0.6826    0.6996    0.7405    0.7407    0.8114    0.8114    0.8223    0.8223    0.8402
      Occ. No.          0.0000    0.0000    0.0000    0.0000    0.0000    0.0000    0.0000    0.0000    0.0000    0.0000
 
    1 H1     1s        -0.1639   -0.1173    0.0477    0.1685   -0.1687   -0.0000    0.0000    0.0000   -0.0000   -0.0000
    2 H1     2s        -0.3176   -0.1975    0.0765    0.1823   -0.1822   -0.0000    0.0000   -0.0000    0.0000   -0.0000
    3 H1     2px        0.0000    0.0000   -0.0000   -0.0000    0.0000   -0.0383    0.0770   -0.1681    0.0124    0.1234
    4 H1     2py       -0.0000    0.0000    0.0000   -0.0000   -0.0000    0.0770    0.0383   -0.0124   -0.1681   -0.2102
    5 H1     2pz        0.0708    0.0641   -0.0222   -0.3371    0.3376    0.0000   -0.0000    0.0000   -0.0000    0.0000
    6 H2     1s         0.1734    0.1575   -0.0777   -0.1580    0.1589   -0.0000    0.0000   -0.0000   -0.0000   -0.0000
    7 H2     2s         0.6259    0.4692   -0.2092   -0.3986    0.3999    0.0000   -0.0000    0.0000   -0.0000    0.0000
    8 H2     2px        0.0000    0.0000   -0.0000   -0.0000    0.0000   -0.0750    0.1509   -0.3005    0.0222    0.1867
    9 H2     2py       -0.0000   -0.0000    0.0000    0.0000   -0.0000    0.1509    0.0750   -0.0222   -0.3005   -0.3181
   10 H2     2pz        0.0305    0.0211   -0.0220    0.3545   -0.3546   -0.0000   -0.0000   -0.0000    0.0000   -0.0000
   11 H3     1s        -0.0828   -0.1494    0.1051    0.1457   -0.1491    0.0000    0.0000    0.0000   -0.0000    0.0000
   12 H3     2s        -0.3514   -0.4830    0.2968    0.3965   -0.4038   -0.0000    0.0000   -0.0000    0.0000   -0.0000
   13 H3     2px        0.0000    0.0000   -0.0000   -0.0000    0.0000   -0.1077    0.2169   -0.3649    0.0270    0.1560
   14 H3     2py       -0.0000   -0.0000    0.0000    0.0000   -0.0000    0.2169    0.1077   -0.0270   -0.3649   -0.2657
   15 H3     2pz       -0.1444   -0.1655    0.1131   -0.2487    0.2461   -0.0000    0.0000   -0.0000    0.0000   -0.0000
   16 H4     1s        -0.0780    0.0535   -0.1055   -0.0986    0.1060    0.0000   -0.0000    0.0000    0.0000    0.0000
   17 H4     2s        -0.3171    0.1734   -0.2974   -0.2512    0.2702    0.0000   -0.0000    0.0000   -0.0000    0.0000
   18 H4     2px        0.0000    0.0000   -0.0000   -0.0000    0.0000   -0.1340    0.2697   -0.3447    0.0255    0.0467
   19 H4     2py       -0.0000   -0.0000    0.0000   -0.0000   -0.0000    0.2697    0.1340   -0.0255   -0.3447   -0.0795
   20 H4     2pz        0.1421    0.2690   -0.2249    0.1244   -0.1155    0.0000   -0.0000    0.0000   -0.0000    0.0000
   21 H5     1s         0.1684    0.0904    0.0764    0.0447   -0.0547   -0.0000    0.0000   -0.0000    0.0000   -0.0000
   22 H5     2s         0.6734    0.2697    0.2170    0.1005   -0.1308    0.0000    0.0000    0.0000    0.0000   -0.0000
   23 H5     2px        0.0000    0.0000   -0.0000    0.0000    0.0000   -0.1526    0.3071   -0.2447    0.0181   -0.0870
   24 H5     2py       -0.0000   -0.0000    0.0000   -0.0000   -0.0000    0.3071    0.1526   -0.0181   -0.2447    0.1482
   25 H5     2pz       -0.0084   -0.2488    0.3232   -0.0435    0.0245   -0.0000    0.0000   -0.0000    0.0000   -0.0000
   26 H6     1s        -0.0877   -0.1886   -0.0285   -0.0136    0.0162    0.0000   -0.0000    0.0000   -0.0000    0.0000
   27 H6     2s        -0.3395   -0.5889   -0.0778   -0.0154    0.0356   -0.0000    0.0000   -0.0000    0.0000    0.0000
   28 H6     2px        0.0000   -0.0000   -0.0000    0.0000    0.0000   -0.1621    0.3262   -0.0887    0.0066   -0.1760
   29 H6     2py       -0.0000    0.0000    0.0000   -0.0000   -0.0000    0.3262    0.1621   -0.0066   -0.0887    0.2997
   30 H6     2pz       -0.1276    0.1007   -0.3799    0.0086    0.0172    0.0000    0.0000    0.0000   -0.0000    0.0000
   31 H7     1s        -0.0877    0.1886   -0.0285    0.0136    0.0162   -0.0000    0.0000   -0.0000    0.0000   -0.0000
   32 H7     2s        -0.3395    0.5889   -0.0778    0.0154    0.0356   -0.0000    0.0000   -0.0000    0.0000   -0.0000
   33 H7     2px        0.0000   -0.0000   -0.0000    0.0000    0.0000   -0.1621    0.3262    0.0887   -0.0066   -0.1760
   34 H7     2py       -0.0000    0.0000    0.0000   -0.0000   -0.0000    0.3262    0.1621    0.0066    0.0887    0.2997
   35 H7     2pz        0.1276    0.1007    0.3799    0.0086   -0.0172   -0.0000   -0.0000    0.0000   -0.0000   -0.0000
   36 H8     1s         0.1684   -0.0904    0.0764   -0.0447   -0.0547    0.0000   -0.0000    0.0000   -0.0000    0.0000
   37 H8     2s         0.6734   -0.2697    0.2170   -0.1005   -0.1308    0.0000   -0.0000    0.0000   -0.0000    0.0000
   38 H8     2px        0.0000   -0.0000   -0.0000   -0.0000    0.0000   -0.1526    0.3071    0.2447   -0.0181   -0.0870
   39 H8     2py       -0.0000    0.0000    0.0000   -0.0000   -0.0000    0.3071    0.1526    0.0181    0.2447    0.1482
   40 H8     2pz        0.0084   -0.2488   -0.3232   -0.0435   -0.0245    0.0000    0.0000   -0.0000    0.0000    0.0000
   41 H9     1s        -0.0780   -0.0535   -0.1055    0.0986    0.1060   -0.0000   -0.0000   -0.0000   -0.0000   -0.0000
   42 H9     2s        -0.3171   -0.1734   -0.2974    0.2512    0.2702   -0.0000    0.0000   -0.0000    0.0000   -0.0000
   43 H9     2px        0.0000    0.0000   -0.0000   -0.0000    0.0000   -0.1340    0.2697    0.3447   -0.0255    0.0467
   44 H9     2py       -0.0000    0.0000    0.0000   -0.0000   -0.0000    0.2697    0.1340    0.0255    0.3447   -0.0795
   45 H9     2pz       -0.1421    0.2690    0.2249    0.1244    0.1155   -0.0000   -0.0000    0.0000   -0.0000   -0.0000
   46 H10    1s        -0.0828    0.1494    0.1051   -0.1457   -0.1491    0.0000   -0.0000    0.0000    0.0000    0.0000
   47 H10    2s        -0.3514    0.4830    0.2968   -0.3965   -0.4038    0.0000   -0.0000    0.0000   -0.0000    0.0000
   48 H10    2px       -0.0000    0.0000    0.0000   -0.0000   -0.0000   -0.1077    0.2169    0.3649   -0.0270    0.1560
   49 H10    2py       -0.0000    0.0000    0.0000   -0.0000   -0.0000    0.2169    0.1077    0.0270    0.3649   -0.2657
   50 H10    2pz        0.1444   -0.1655   -0.1131   -0.2487   -0.2462    0.0000   -0.0000   -0.0000    0.0000    0.0000
   51 H11    1s         0.1734   -0.1575   -0.0777    0.1580    0.1590   -0.0000   -0.0000   -0.0000    0.0000   -0.0000
   52 H11    2s         0.6259   -0.4692   -0.2092    0.3985    0.3999    0.0000    0.0000    0.0000   -0.0000    0.0000
   53 H11    2px       -0.0000    0.0000    0.0000   -0.0000   -0.0000   -0.0750    0.1509    0.3005   -0.0222    0.1867
   54 H11    2py        0.0000   -0.0000   -0.0000    0.0000    0.0000    0.1509    0.0750    0.0222    0.3005   -0.3181
   55 H11    2pz       -0.0305    0.0211    0.0220    0.3545    0.3546    0.0000    0.0000    0.0000   -0.0000    0.0000
   56 H12    1s        -0.1639    0.1173    0.0477   -0.1685   -0.1687    0.0000    0.0000    0.0000    0.0000    0.0000
   57 H12    2s        -0.3176    0.1975    0.0765   -0.1823   -0.1822   -0.0000   -0.0000   -0.0000    0.0000   -0.0000
   58 H12    2px        0.0000    0.0000   -0.0000   -0.0000   -0.0000   -0.0383    0.0770    0.1681   -0.0124    0.1234
   59 H12    2py       -0.0000    0.0000    0.0000   -0.0000   -0.0000    0.0770    0.0383    0.0124    0.1681   -0.2102
   60 H12    2pz       -0.0708    0.0641    0.0222   -0.3371   -0.3377   -0.0000   -0.0000   -0.0000   -0.0000   -0.0000
 
 
      Orbital               31        32        33        34        35        36        37        38        39        40
      Energy            0.8402    0.8645    0.8645    0.8942    0.8942    0.9281    0.9281    0.9654    0.9654    1.0027
      Occ. No.          0.0000    0.0000    0.0000    0.0000    0.0000    0.0000    0.0000    0.0000    0.0000    0.0000
 
    1 H1     1s         0.0000    0.0000   -0.0000    0.0000    0.0000    0.0000    0.0000   -0.0000   -0.0000   -0.0000
    2 H1     2s        -0.0000   -0.0000   -0.0000    0.0000    0.0000   -0.0000    0.0000   -0.0000   -0.0000   -0.0000
    3 H1     2px       -0.2102   -0.3042   -0.0466    0.1963    0.2973   -0.3831   -0.0171    0.2336    0.3144   -0.3747
    4 H1     2py       -0.1234    0.0466   -0.3042   -0.2973    0.1963    0.0171   -0.3831   -0.3144    0.2336   -0.0590
    5 H1     2pz        0.0000    0.0000   -0.0000   -0.0000   -0.0000    0.0000   -0.0000    0.0000   -0.0000   -0.0000
    6 H2     1s        -0.0000   -0.0000    0.0000    0.0000    0.0000    0.0000   -0.0000   -0.0000    0.0000    0.0000
    7 H2     2s         0.0000    0.0000    0.0000   -0.0000   -0.0000    0.0000   -0.0000    0.0000    0.0000   -0.0000
    8 H2     2px       -0.3181   -0.3502   -0.0537    0.1423    0.2155   -0.0993   -0.0044   -0.0535   -0.0721    0.2602
    9 H2     2py       -0.1867    0.0537   -0.3502   -0.2155    0.1423    0.0044   -0.0993    0.0721   -0.0535    0.0410
   10 H2     2pz       -0.0000   -0.0000    0.0000    0.0000   -0.0000    0.0000   -0.0000   -0.0000    0.0000    0.0000
   11 H3     1s         0.0000    0.0000   -0.0000   -0.0000    0.0000   -0.0000    0.0000    0.0000   -0.0000   -0.0000
   12 H3     2s         0.0000    0.0000   -0.0000    0.0000    0.0000   -0.0000    0.0000    0.0000   -0.0000    0.0000
   13 H3     2px       -0.2657   -0.0921   -0.0141   -0.0968   -0.1466    0.3619    0.0162   -0.2219   -0.2986    0.1908
   14 H3     2py       -0.1560    0.0141   -0.0921    0.1466   -0.0968   -0.0162    0.3619    0.2986   -0.2219    0.0300
   15 H3     2pz        0.0000    0.0000   -0.0000    0.0000    0.0000   -0.0000    0.0000   -0.0000   -0.0000    0.0000
   16 H4     1s        -0.0000   -0.0000    0.0000   -0.0000   -0.0000    0.0000   -0.0000    0.0000    0.0000   -0.0000
   17 H4     2s        -0.0000   -0.0000    0.0000   -0.0000   -0.0000    0.0000   -0.0000    0.0000    0.0000   -0.0000
   18 H4     2px       -0.0795    0.2442    0.0374   -0.2093   -0.3170    0.1846    0.0083    0.1088    0.1464   -0.3951
   19 H4     2py       -0.0467   -0.0374    0.2442    0.3170   -0.2093   -0.0083    0.1846   -0.1464    0.1088   -0.0622
   20 H4     2pz        0.0000   -0.0000    0.0000   -0.0000   -0.0000    0.0000   -0.0000    0.0000   -0.0000   -0.0000
   21 H5     1s         0.0000    0.0000   -0.0000    0.0000    0.0000   -0.0000    0.0000   -0.0000   -0.0000    0.0000
   22 H5     2s         0.0000    0.0000   -0.0000    0.0000    0.0000   -0.0000    0.0000   -0.0000   -0.0000    0.0000
   23 H5     2px        0.1482    0.3697    0.0566   -0.0505   -0.0765   -0.3197   -0.0143    0.1958    0.2635    0.0918
   24 H5     2py        0.0870   -0.0566    0.3697    0.0765   -0.0505    0.0143   -0.3197   -0.2635    0.1958    0.0145
   25 H5     2pz       -0.0000    0.0000   -0.0000    0.0000    0.0000   -0.0000    0.0000   -0.0000    0.0000    0.0000
   26 H6     1s        -0.0000   -0.0000    0.0000   -0.0000   -0.0000    0.0000   -0.0000    0.0000    0.0000   -0.0000
   27 H6     2s        -0.0000   -0.0000    0.0000   -0.0000   -0.0000    0.0000   -0.0000    0.0000    0.0000   -0.0000
   28 H6     2px        0.2997    0.1742    0.0267    0.1727    0.2616   -0.2595   -0.0116   -0.1572   -0.2116    0.3275
   29 H6     2py        0.1760   -0.0267    0.1742   -0.2616    0.1727    0.0116   -0.2595    0.2116   -0.1572    0.0516
   30 H6     2pz        0.0000    0.0000    0.0000   -0.0000    0.0000   -0.0000   -0.0000    0.0000   -0.0000    0.0000
   31 H7     1s         0.0000    0.0000   -0.0000    0.0000    0.0000   -0.0000    0.0000   -0.0000   -0.0000    0.0000
   32 H7     2s         0.0000    0.0000   -0.0000    0.0000    0.0000   -0.0000    0.0000   -0.0000   -0.0000    0.0000
   33 H7     2px        0.2997   -0.1742   -0.0267    0.1727    0.2616    0.2595    0.0116   -0.1572   -0.2116   -0.3275
   34 H7     2py        0.1760    0.0267   -0.1742   -0.2616    0.1727   -0.0116    0.2595    0.2116   -0.1572   -0.0516
   35 H7     2pz       -0.0000   -0.0000    0.0000    0.0000   -0.0000    0.0000   -0.0000   -0.0000    0.0000   -0.0000
   36 H8     1s        -0.0000   -0.0000    0.0000   -0.0000   -0.0000    0.0000   -0.0000    0.0000    0.0000   -0.0000
   37 H8     2s        -0.0000   -0.0000    0.0000   -0.0000   -0.0000    0.0000   -0.0000    0.0000   -0.0000   -0.0000
   38 H8     2px        0.1482   -0.3697   -0.0566   -0.0505   -0.0765    0.3197    0.0143    0.1958    0.2635   -0.0918
   39 H8     2py        0.0870    0.0566   -0.3697    0.0765   -0.0505   -0.0143    0.3197   -0.2635    0.1958   -0.0145
   40 H8     2pz        0.0000    0.0000   -0.0000   -0.0000    0.0000   -0.0000    0.0000    0.0000   -0.0000    0.0000
   41 H9     1s        -0.0000   -0.0000   -0.0000    0.0000   -0.0000   -0.0000    0.0000   -0.0000    0.0000   -0.0000
   42 H9     2s         0.0000    0.0000   -0.0000    0.0000   -0.0000   -0.0000    0.0000   -0.0000    0.0000    0.0000
   43 H9     2px       -0.0795   -0.2442   -0.0374   -0.2093   -0.3170   -0.1846   -0.0083    0.1088    0.1464    0.3951
   44 H9     2py       -0.0467    0.0374   -0.2442    0.3170   -0.2093    0.0083   -0.1846   -0.1464    0.1088    0.0622
   45 H9     2pz       -0.0000   -0.0000    0.0000    0.0000   -0.0000    0.0000   -0.0000   -0.0000    0.0000   -0.0000
   46 H10    1s        -0.0000   -0.0000    0.0000   -0.0000   -0.0000    0.0000   -0.0000    0.0000   -0.0000   -0.0000
   47 H10    2s         0.0000   -0.0000    0.0000   -0.0000    0.0000    0.0000    0.0000    0.0000   -0.0000   -0.0000
   48 H10    2px       -0.2657    0.0921    0.0141   -0.0968   -0.1466   -0.3619   -0.0162   -0.2219   -0.2986   -0.1908
   49 H10    2py       -0.1560   -0.0141    0.0921    0.1466   -0.0968    0.0162   -0.3619    0.2986   -0.2219   -0.0300
   50 H10    2pz        0.0000    0.0000   -0.0000   -0.0000    0.0000   -0.0000    0.0000    0.0000   -0.0000   -0.0000
   51 H11    1s        -0.0000   -0.0000    0.0000    0.0000   -0.0000   -0.0000   -0.0000   -0.0000    0.0000    0.0000
   52 H11    2s        -0.0000    0.0000   -0.0000   -0.0000    0.0000   -0.0000    0.0000   -0.0000    0.0000    0.0000
   53 H11    2px       -0.3181    0.3502    0.0537    0.1423    0.2155    0.0993    0.0044   -0.0535   -0.0721   -0.2602
   54 H11    2py       -0.1867   -0.0537    0.3502   -0.2155    0.1423   -0.0044    0.0993    0.0721   -0.0535   -0.0410
   55 H11    2pz       -0.0000    0.0000   -0.0000   -0.0000    0.0000    0.0000   -0.0000    0.0000   -0.0000   -0.0000
   56 H12    1s         0.0000    0.0000   -0.0000   -0.0000    0.0000   -0.0000    0.0000    0.0000   -0.0000   -0.0000
   57 H12    2s         0.0000   -0.0000    0.0000    0.0000   -0.0000    0.0000   -0.0000   -0.0000    0.0000    0.0000
   58 H12    2px       -0.2102    0.3042    0.0466    0.1963    0.2973    0.3831    0.0171    0.2336    0.3144    0.3747
   59 H12    2py       -0.1234   -0.0466    0.3042   -0.2973    0.1963   -0.0171    0.3831   -0.3144    0.2336    0.0590
   60 H12    2pz        0.0000   -0.0000    0.0000    0.0000   -0.0000   -0.0000   -0.0000   -0.0000    0.0000    0.0000
 
 
      Orbital               41        42        43        44        45        46        47        48        49        50
      Energy            1.0027    1.0384    1.0384    1.0699    1.0699    1.0946    1.0946    1.1104    1.1104    1.1292
      Occ. No.          0.0000    0.0000    0.0000    0.0000    0.0000    0.0000    0.0000    0.0000    0.0000    0.0000
 
    1 H1     1s        -0.0000    0.0000    0.0000    0.0000   -0.0000    0.0000   -0.0000    0.0000   -0.0000   -0.1233
    2 H1     2s         0.0000   -0.0000    0.0000   -0.0000   -0.0000    0.0000   -0.0000    0.0000   -0.0000   -0.2191
    3 H1     2px        0.0590   -0.2186    0.2617   -0.0245   -0.2785    0.1967    0.0272    0.0656   -0.0796    0.0000
    4 H1     2py       -0.3747    0.2617    0.2186   -0.2785    0.0245   -0.0272    0.1967   -0.0796   -0.0656   -0.0000
    5 H1     2pz        0.0000    0.0000    0.0000   -0.0000   -0.0000    0.0000   -0.0000    0.0000   -0.0000   -0.1604
    6 H2     1s         0.0000   -0.0000   -0.0000   -0.0000    0.0000   -0.0000    0.0000   -0.0000    0.0000    0.3361
    7 H2     2s         0.0000    0.0000   -0.0000    0.0000    0.0000   -0.0000    0.0000   -0.0000    0.0000    0.6120
    8 H2     2px       -0.0410    0.2447   -0.2929    0.0362    0.4117   -0.3444   -0.0475   -0.1260    0.1529   -0.0000
    9 H2     2py        0.2602   -0.2929   -0.2447    0.4117   -0.0362    0.0475   -0.3444    0.1529    0.1260    0.0000
   10 H2     2pz        0.0000   -0.0000   -0.0000    0.0000    0.0000   -0.0000    0.0000   -0.0000    0.0000    0.2244
   11 H3     1s         0.0000    0.0000    0.0000   -0.0000   -0.0000    0.0000   -0.0000    0.0000    0.0000   -0.4517
   12 H3     2s        -0.0000    0.0000    0.0000    0.0000   -0.0000    0.0000   -0.0000    0.0000   -0.0000   -0.8106
   13 H3     2px       -0.0300   -0.0595    0.0713   -0.0297   -0.3383    0.4135    0.0571    0.1791   -0.2174    0.0000
   14 H3     2py        0.1908    0.0713    0.0595   -0.3383    0.0297   -0.0571    0.4135   -0.2174   -0.1791   -0.0000
   15 H3     2pz       -0.0000    0.0000   -0.0000    0.0000   -0.0000   -0.0000    0.0000   -0.0000    0.0000   -0.0427
   16 H4     1s         0.0000   -0.0000   -0.0000   -0.0000    0.0000   -0.0000    0.0000    0.0000   -0.0000    0.2793
   17 H4     2s         0.0000   -0.0000   -0.0000   -0.0000    0.0000   -0.0000    0.0000    0.0000    0.0000    0.4907
   18 H4     2px        0.0622   -0.1755    0.2102    0.0085    0.0969   -0.3887   -0.0537   -0.2217    0.2692   -0.0000
   19 H4     2py       -0.3951    0.2102    0.1755    0.0969   -0.0085    0.0537   -0.3887    0.2692    0.2217    0.0000
   20 H4     2pz        0.0000    0.0000    0.0000   -0.0000    0.0000    0.0000   -0.0000    0.0000   -0.0000   -0.2737
   21 H5     1s        -0.0000    0.0000    0.0000    0.0000   -0.0000    0.0000   -0.0000   -0.0000   -0.0000    0.1361
   22 H5     2s        -0.0000    0.0000    0.0000    0.0000   -0.0000    0.0000   -0.0000   -0.0000   -0.0000    0.2491
   23 H5     2px       -0.0145    0.2606   -0.3120    0.0171    0.1943    0.2750    0.0380    0.2516   -0.3054    0.0000
   24 H5     2py        0.0918   -0.3120   -0.2606    0.1943   -0.0171   -0.0380    0.2750   -0.3054   -0.2516   -0.0000
   25 H5     2pz       -0.0000    0.0000   -0.0000    0.0000   -0.0000   -0.0000   -0.0000   -0.0000   -0.0000    0.4180
   26 H6     1s         0.0000    0.0000   -0.0000   -0.0000    0.0000    0.0000   -0.0000    0.0000    0.0000   -0.4898
   27 H6     2s         0.0000    0.0000   -0.0000   -0.0000    0.0000    0.0000    0.0000    0.0000    0.0000   -0.8770
   28 H6     2px       -0.0516   -0.1221    0.1462   -0.0340   -0.3874   -0.0995   -0.0137   -0.2670    0.3241   -0.0000
   29 H6     2py        0.3275    0.1462    0.1221   -0.3874    0.0340    0.0137   -0.0995    0.3241    0.2670    0.0000
   30 H6     2pz        0.0000   -0.0000    0.0000   -0.0000    0.0000    0.0000    0.0000    0.0000    0.0000   -0.2022
   31 H7     1s        -0.0000   -0.0000    0.0000    0.0000   -0.0000   -0.0000   -0.0000   -0.0000   -0.0000    0.4898
   32 H7     2s        -0.0000   -0.0000    0.0000    0.0000   -0.0000   -0.0000   -0.0000   -0.0000   -0.0000    0.8770
   33 H7     2px        0.0516   -0.1221    0.1462    0.0340    0.3874   -0.0995   -0.0137    0.2670   -0.3241    0.0000
   34 H7     2py       -0.3275    0.1462    0.1221    0.3874   -0.0340    0.0137   -0.0995   -0.3241   -0.2670   -0.0000
   35 H7     2pz        0.0000   -0.0000   -0.0000   -0.0000    0.0000   -0.0000    0.0000    0.0000   -0.0000   -0.2022
   36 H8     1s         0.0000    0.0000   -0.0000   -0.0000    0.0000    0.0000   -0.0000    0.0000    0.0000   -0.1362
   37 H8     2s         0.0000    0.0000   -0.0000   -0.0000    0.0000    0.0000   -0.0000    0.0000    0.0000   -0.2492
   38 H8     2px        0.0145    0.2606   -0.3120   -0.0171   -0.1943    0.2750    0.0380   -0.2516    0.3054   -0.0000
   39 H8     2py       -0.0918   -0.3120   -0.2606   -0.1943    0.0171   -0.0380    0.2750    0.3054    0.2516    0.0000
   40 H8     2pz       -0.0000    0.0000    0.0000    0.0000   -0.0000    0.0000   -0.0000   -0.0000   -0.0000    0.4180
   41 H9     1s         0.0000   -0.0000   -0.0000   -0.0000    0.0000   -0.0000    0.0000    0.0000    0.0000   -0.2793
   42 H9     2s        -0.0000   -0.0000   -0.0000   -0.0000    0.0000   -0.0000    0.0000    0.0000    0.0000   -0.4906
   43 H9     2px       -0.0622   -0.1755    0.2102   -0.0085   -0.0969   -0.3887   -0.0537    0.2217   -0.2692    0.0000
   44 H9     2py        0.3951    0.2102    0.1755   -0.0969    0.0085    0.0537   -0.3887   -0.2692   -0.2217   -0.0000
   45 H9     2pz        0.0000   -0.0000   -0.0000   -0.0000    0.0000   -0.0000    0.0000    0.0000    0.0000   -0.2737
   46 H10    1s        -0.0000    0.0000    0.0000    0.0000   -0.0000    0.0000   -0.0000   -0.0000   -0.0000    0.4517
   47 H10    2s        -0.0000    0.0000    0.0000    0.0000   -0.0000    0.0000   -0.0000   -0.0000   -0.0000    0.8106
   48 H10    2px        0.0300   -0.0595    0.0713    0.0297    0.3383    0.4135    0.0571   -0.1791    0.2174   -0.0000
   49 H10    2py       -0.1908    0.0713    0.0595    0.3383   -0.0297   -0.0571    0.4135    0.2174    0.1791    0.0000
   50 H10    2pz        0.0000    0.0000    0.0000    0.0000   -0.0000    0.0000   -0.0000    0.0000   -0.0000   -0.0427
   51 H11    1s         0.0000   -0.0000   -0.0000   -0.0000    0.0000   -0.0000    0.0000    0.0000    0.0000   -0.3361
   52 H11    2s         0.0000   -0.0000   -0.0000   -0.0000    0.0000   -0.0000    0.0000    0.0000    0.0000   -0.6120
   53 H11    2px        0.0410    0.2447   -0.2929   -0.0362   -0.4117   -0.3444   -0.0475    0.1260   -0.1529   -0.0000
   54 H11    2py       -0.2602   -0.2929   -0.2447   -0.4117    0.0362    0.0475   -0.3444   -0.1529   -0.1260    0.0000
   55 H11    2pz       -0.0000    0.0000    0.0000    0.0000   -0.0000    0.0000   -0.0000   -0.0000   -0.0000    0.2244
   56 H12    1s         0.0000    0.0000    0.0000    0.0000   -0.0000    0.0000   -0.0000   -0.0000   -0.0000    0.1233
   57 H12    2s        -0.0000    0.0000   -0.0000    0.0000   -0.0000    0.0000   -0.0000   -0.0000   -0.0000    0.2191
   58 H12    2px       -0.0590   -0.2186    0.2617    0.0245    0.2785    0.1967    0.0272   -0.0656    0.0796    0.0000
   59 H12    2py        0.3747    0.2617    0.2186    0.2785   -0.0245   -0.0272    0.1967    0.0796    0.0656   -0.0000
   60 H12    2pz        0.0000   -0.0000   -0.0000   -0.0000    0.0000   -0.0000    0.0000    0.0000    0.0000   -0.1605
 
 
      Orbital               51        52        53        54        55        56        57        58        59        60
      Energy            1.1308    1.1574    1.1667    1.1878    1.2244    1.2945    1.3707    1.4442    1.5058    1.5470
      Occ. No.          0.0000    0.0000    0.0000    0.0000    0.0000    0.0000    0.0000    0.0000    0.0000    0.0000
 
    1 H1     1s        -0.1080   -0.1559   -0.1444    0.1119    0.1495   -0.1338   -0.1198    0.1010   -0.0742    0.0395
    2 H1     2s        -0.2123   -0.2691   -0.2757    0.1900    0.2631   -0.2076   -0.1586    0.1147   -0.0744    0.0366
    3 H1     2px        0.0000    0.0000    0.0000   -0.0000   -0.0000    0.0000    0.0000   -0.0000    0.0000   -0.0000
    4 H1     2py       -0.0000    0.0000   -0.0000    0.0000   -0.0000   -0.0000   -0.0000   -0.0000   -0.0000   -0.0000
    5 H1     2pz       -0.2496   -0.1957   -0.3728    0.1547    0.4208   -0.4083   -0.3684    0.3031   -0.2159    0.1124
    6 H2     1s         0.2412    0.4367    0.2964   -0.3099   -0.2603    0.1591    0.0761   -0.0151   -0.0164    0.0178
    7 H2     2s         0.4140    0.7732    0.4713   -0.5296   -0.3735    0.2043    0.1009   -0.0427    0.0140   -0.0029
    8 H2     2px       -0.0000   -0.0000   -0.0000    0.0000    0.0000   -0.0000    0.0000   -0.0000    0.0000   -0.0000
    9 H2     2py        0.0000    0.0000    0.0000    0.0000   -0.0000    0.0000    0.0000    0.0000    0.0000    0.0000
   10 H2     2pz        0.1084    0.2647    0.0364   -0.1539    0.1408   -0.3390   -0.4675    0.4964   -0.4140    0.2351
   11 H3     1s        -0.1111   -0.6491   -0.0785    0.4695    0.0152    0.0787    0.0796   -0.0305   -0.0169    0.0264
   12 H3     2s        -0.1740   -1.1451   -0.1193    0.8149    0.0569    0.0470    0.0385   -0.0019   -0.0205    0.0185
   13 H3     2px        0.0000    0.0000    0.0000   -0.0000   -0.0000    0.0000   -0.0000    0.0000   -0.0000    0.0000
   14 H3     2py       -0.0000   -0.0000    0.0000   -0.0000    0.0000   -0.0000    0.0000    0.0000    0.0000    0.0000
   15 H3     2pz        0.2799   -0.0836    0.4488    0.0357   -0.4272    0.2137   -0.1212    0.4084   -0.4974    0.3351
   16 H4     1s        -0.2387    0.6215   -0.2624   -0.5655    0.0914    0.0099    0.0937   -0.0874    0.0231    0.0154
   17 H4     2s        -0.4304    1.1071   -0.4147   -1.0040    0.0862    0.0241    0.0801   -0.0611    0.0177    0.0042
   18 H4     2px       -0.0000   -0.0000    0.0000   -0.0000    0.0000   -0.0000   -0.0000    0.0000    0.0000   -0.0000
   19 H4     2py        0.0000    0.0000   -0.0000    0.0000   -0.0000    0.0000    0.0000   -0.0000   -0.0000    0.0000
   20 H4     2pz       -0.3967   -0.1518   -0.2487   -0.0242   -0.2012    0.4544    0.3047    0.1304   -0.4768    0.4211
   21 H5     1s         0.4378   -0.3972    0.2803    0.6711    0.1200   -0.1406   -0.0167   -0.0710    0.0415    0.0109
   22 H5     2s         0.7641   -0.7246    0.4649    1.1883    0.1600   -0.1438   -0.0154   -0.0416    0.0194    0.0072
   23 H5     2px        0.0000    0.0000   -0.0000    0.0000   -0.0000    0.0000   -0.0000   -0.0000   -0.0000    0.0000
   24 H5     2py       -0.0000   -0.0000    0.0000   -0.0000    0.0000   -0.0000    0.0000    0.0000    0.0000   -0.0000
   25 H5     2pz        0.0294    0.2098   -0.2951    0.1041    0.3524    0.1187    0.4779   -0.2254   -0.3378    0.4792
   26 H6     1s        -0.2211    0.1288   -0.0675   -0.7706   -0.1286   -0.0661   -0.0933   -0.0318    0.0560    0.0037
   27 H6     2s        -0.3824    0.2388   -0.1652   -1.3457   -0.1607   -0.0559   -0.0704   -0.0198    0.0302    0.0001
   28 H6     2px       -0.0000   -0.0000   -0.0000   -0.0000    0.0000   -0.0000    0.0000    0.0000    0.0000    0.0000
   29 H6     2py        0.0000    0.0000   -0.0000    0.0000   -0.0000    0.0000   -0.0000   -0.0000   -0.0000   -0.0000
   30 H6     2pz        0.4177   -0.1343    0.2556   -0.0711    0.3057   -0.3797    0.2239   -0.4604   -0.1229    0.5098
   31 H7     1s        -0.2210    0.1288    0.0675    0.7706   -0.1286    0.0661   -0.0933    0.0318    0.0560   -0.0037
   32 H7     2s        -0.3823    0.2388    0.1652    1.3457   -0.1607    0.0559   -0.0704    0.0198    0.0302   -0.0001
   33 H7     2px        0.0000   -0.0000    0.0000   -0.0000    0.0000    0.0000    0.0000    0.0000    0.0000    0.0000
   34 H7     2py        0.0000    0.0000   -0.0000    0.0000   -0.0000    0.0000   -0.0000   -0.0000   -0.0000   -0.0000
   35 H7     2pz       -0.4178    0.1343    0.2556   -0.0711   -0.3057   -0.3797   -0.2239   -0.4604    0.1229    0.5098
   36 H8     1s         0.4378   -0.3972   -0.2803   -0.6711    0.1200    0.1406   -0.0167    0.0710    0.0415   -0.0109
   37 H8     2s         0.7641   -0.7246   -0.4649   -1.1883    0.1600    0.1438   -0.0154    0.0416    0.0194   -0.0072
   38 H8     2px       -0.0000    0.0000   -0.0000    0.0000   -0.0000   -0.0000   -0.0000   -0.0000   -0.0000   -0.0000
   39 H8     2py       -0.0000   -0.0000    0.0000   -0.0000    0.0000    0.0000    0.0000    0.0000    0.0000    0.0000
   40 H8     2pz       -0.0294   -0.2098   -0.2951    0.1041   -0.3524    0.1187   -0.4779   -0.2254    0.3378    0.4792
   41 H9     1s        -0.2387    0.6215    0.2624    0.5655    0.0914   -0.0099    0.0937    0.0874    0.0231   -0.0154
   42 H9     2s        -0.4305    1.1071    0.4147    1.0040    0.0862   -0.0241    0.0801    0.0611    0.0177   -0.0042
   43 H9     2px        0.0000   -0.0000    0.0000   -0.0000    0.0000    0.0000    0.0000    0.0000    0.0000    0.0000
   44 H9     2py        0.0000    0.0000   -0.0000   -0.0000   -0.0000   -0.0000    0.0000   -0.0000   -0.0000   -0.0000
   45 H9     2pz        0.3967    0.1518   -0.2487   -0.0242    0.2012    0.4544   -0.3047    0.1304    0.4768    0.4211
   46 H10    1s        -0.1111   -0.6491    0.0785   -0.4695    0.0152   -0.0787    0.0796    0.0305   -0.0169   -0.0264
   47 H10    2s        -0.1739   -1.1451    0.1193   -0.8150    0.0569   -0.0470    0.0385    0.0019   -0.0205   -0.0185
   48 H10    2px       -0.0000   -0.0000    0.0000   -0.0000    0.0000    0.0000   -0.0000    0.0000    0.0000    0.0000
   49 H10    2py        0.0000    0.0000   -0.0000    0.0000   -0.0000   -0.0000    0.0000   -0.0000   -0.0000   -0.0000
   50 H10    2pz       -0.2799    0.0836    0.4488    0.0357    0.4272    0.2137    0.1212    0.4084    0.4974    0.3351
   51 H11    1s         0.2411    0.4367   -0.2964    0.3099   -0.2603   -0.1591    0.0761    0.0152   -0.0164   -0.0178
   52 H11    2s         0.4139    0.7733   -0.4713    0.5296   -0.3735   -0.2043    0.1009    0.0427    0.0140    0.0029
   53 H11    2px        0.0000    0.0000   -0.0000    0.0000   -0.0000   -0.0000   -0.0000   -0.0000   -0.0000   -0.0000
   54 H11    2py       -0.0000   -0.0000    0.0000   -0.0000    0.0000    0.0000    0.0000    0.0000    0.0000    0.0000
   55 H11    2pz       -0.1084   -0.2647    0.0364   -0.1539   -0.1408   -0.3390    0.4675    0.4964    0.4140    0.2351
   56 H12    1s        -0.1080   -0.1559    0.1444   -0.1120    0.1495    0.1338   -0.1198   -0.1010   -0.0742   -0.0395
   57 H12    2s        -0.2123   -0.2691    0.2757   -0.1900    0.2631    0.2076   -0.1586   -0.1147   -0.0744   -0.0366
   58 H12    2px       -0.0000   -0.0000    0.0000   -0.0000    0.0000    0.0000   -0.0000    0.0000    0.0000    0.0000
   59 H12    2py        0.0000    0.0000   -0.0000    0.0000   -0.0000   -0.0000    0.0000   -0.0000   -0.0000   -0.0000
   60 H12    2pz        0.2496    0.1957   -0.3728    0.1547   -0.4208   -0.4083    0.3684    0.3031    0.2159    0.1124
--
 
      Von Neumann Entropy (Root  1) =  5.35545
 

      Mulliken population analysis for root number:  1
      -----------------------------------------------
 
 
++    Molecular charges:
      ------------------
 
      Mulliken charges per centre and basis function type
      ---------------------------------------------------
 
                H1      H2      H3      H4      H5      H6      H7      H8      H9      H10     H11     H12   
      1s       0.9882  1.0018  1.0018  1.0011  1.0015  1.0014  1.0013  1.0015  1.0011  1.0018  1.0018  0.9882
      2s       0.0072  0.0012 -0.0033 -0.0022 -0.0027 -0.0025 -0.0025 -0.0027 -0.0022 -0.0033  0.0012  0.0072
      2px      0.0000  0.0000  0.0000  0.0000  0.0000  0.0000  0.0000  0.0000  0.0000  0.0000  0.0000  0.0000
      2pz      0.0004  0.0014  0.0012  0.0012  0.0012  0.0012  0.0012  0.0012  0.0012  0.0012  0.0014  0.0004
      2py      0.0000  0.0000  0.0000  0.0000  0.0000  0.0000  0.0000  0.0000  0.0000  0.0000  0.0000  0.0000
      Total    0.9958  1.0044  0.9998  1.0001  1.0000  1.0000  1.0000  1.0000  1.0001  0.9998  1.0044  0.9958
 
      N-E      0.0042 -0.0044  0.0002 -0.0001  0.0000 -0.0000 -0.0000  0.0000 -0.0001  0.0002 -0.0044  0.0042
 
      Total electronic charge=   12.000000
 
      Total            charge=   -0.000000
--
 
 

      Expectation values of various properties for root number:  1
      -----------------------------------------------------------
 
 
++    Molecular properties:
      ---------------------
 
      Charge (e):
                      =    0.0000
      Dipole Moment (Debye):
      Origin of the operator (Ang)=    0.0000    0.0000    0.0000
                   X= -1.6182E-07               Y=  4.1813E-07               Z= -1.6542E-05           Total=  1.6548E-05
      Quadrupole Moment (Debye*Ang):
      Origin of the operator (Ang)=    0.0000    0.0000   12.6333
                  XX= -1.8400E+01              XY=  1.6802E-13              XZ= -2.7382E-06              YY= -1.8400E+01
                  YZ=  2.5161E-06              ZZ= -1.6232E+01
      In traceless form (Debye*Ang)
                  XX= -1.0841E+00              XY=  2.5203E-13              XZ= -4.1073E-06              YY= -1.0841E+00
                  YZ=  3.7741E-06              ZZ=  2.1682E+00
--
 

      LoProp population analysis for root number:  1
      -----------------------------------------------
 
 
++    LoProp analysis:
      ----------------
 
 
 
  Input file to MOLDEN was generated!
 
 
++    Static properties:
      ------------------
 
 
      LoProp Charges per center
 

                   H1       H2       H3       H4       H5       H6       H7       H8       H9       H10   
      Nuclear      1.0000   1.0000   1.0000   1.0000   1.0000   1.0000   1.0000   1.0000   1.0000   1.0000
      Electronic  -1.0001  -1.0000  -0.9999  -1.0001  -1.0000  -1.0000  -1.0000  -1.0000  -1.0001  -0.9999
 
      Total       -0.0001   0.0000   0.0001  -0.0001   0.0000  -0.0000  -0.0000   0.0000  -0.0001   0.0001
 

                   H11      H12   
      Nuclear      1.0000   1.0000
      Electronic  -1.0000  -1.0001
 
      Total        0.0000  -0.0001
--
 
 
      Natural Bond Order analysis for root number:  1
 
++    Natural Bond Order analysis
      ---------------------------
      Based on LoProp computed density
      -------------------------------------------------------------------------------------
      Atom A       Atom B       Bond Order
      -------------------------------------------------------------------------------------
      The remaining   12.000 electrons are to be considered as diffuse
--
 
--
 
 
  Input file to MOLDEN was generated!
 
      Average orbitals are written to the RASORB file
      Natural orbitals for root   1 are written to the RASORB.1 file
      Spin density orbitals for root   1 are written to the SPDORB.1 file
 
forrtl: warning (525): IEEE_DIVIDE_BY_ZERO is signaling
forrtl: warning (526): IEEE_INVALID is signaling
forrtl: warning (528): IEEE_UNDERFLOW is signaling
--- Stop Module: rasscf at Mon Oct 27 11:44:58 2025 /rc=_RC_ALL_IS_WELL_ ---
*** files: H12_2.30.LprOrb H12_2.30.rasscf.molden H12_2.30.LoProp.molden H12_2.30.RasOrb.1 H12_2.30.RasOrb H12_2.30.rasscf.h5 H12_2.30.SpdOrb.1 xmldump
    saved to directory ${LOCALHOME}/DDCASPT2/hydrogen_comps/rerun/H12_chain/H12_2.30
--- Module rasscf spent 11 minutes 57 seconds ---

>>> COPY /tmp/H12_2.30/H12_2.30.rasscf.h5 ${LOCALHOME}/DDCASPT2/hydrogen_comps/rerun/H12_chain/H12_2.30/

>>> COPY /tmp/H12_2.30/DDCASPT2_Fock_MO.csv ${LOCALHOME}/DDCASPT2/hydrogen_comps/rerun/H12_chain/H12_2.30/H12_2.30.DDCASPT2_Fock_MO.csv

*** symbolic link created: INPORB -> H12_2.30.RasOrb
--- Start Module: motra at Mon Oct 27 11:44:58 2025 ---
 
()()()()()()()()()()()()()()()()()()()()()()()()()()()()()()()()()()()()()()()()()()()()()()()()()()

                                               &MOTRA

                                   only a single process is used
                       available to each process: 2.0 GB of memory, 1 thread?
()()()()()()()()()()()()()()()()()()()()()()()()()()()()()()()()()()()()()()()()()()()()()()()()()()
 
 
      *** WARNING: Default frozen orbitals is overwritten by user input.
      *** Default values:   0
 
      Header of the integral files:
      
       Integrals generated by seward 4.2.0  , Mon Oct 27 11:32:59 2025
 
 
      Header of MO coefficients source file:
      * RASSCF average (pseudo-natural) orbitals                                      
 
 
      Cartesian coordinates in Angstrom:
      -----------------------------------------------------
      No.  Label        X            Y            Z        
      -----------------------------------------------------
       1   H1         0.00000000   0.00000000   0.00000000
       2   H2         0.00000000   0.00000000   2.29697000
       3   H3         0.00000000   0.00000000   4.59393900
       4   H4         0.00000000   0.00000000   6.89090900
       5   H5         0.00000000   0.00000000   9.18787900
       6   H6         0.00000000   0.00000000  11.48484800
       7   H7         0.00000000   0.00000000  13.78181800
       8   H8         0.00000000   0.00000000  16.07878800
       9   H9         0.00000000   0.00000000  18.37575800
      10   H10        0.00000000   0.00000000  20.67272700
      11   H11        0.00000000   0.00000000  22.96969700
      12   H12        0.00000000   0.00000000  25.26666700
      -----------------------------------------------------
      Nuclear repulsion energy =    5.81446670
 
      Orbital specifications:
      -----------------------
 
      Symmetry species:              1
      Number of basis functions:    60
      Frozen orbitals:               0
      Deleted orbitals:              0
      Number of orbitals used:      60

       SYMMETRY  BASIS FUNCTIONS       ORBITALS      INTEGRALS   CPU(SEC)  I/O(SEC)
        1 1 1 1   60  60  60  60    60  60  60  60     1675365       0.00      0.00

       TOTAL CPU TIME(SEC)    1.03TOTAL I/O TIME(SEC)    2.47
 
--- Stop Module: motra at Mon Oct 27 11:45:00 2025 /rc=_RC_ALL_IS_WELL_ ---
*** files: xmldump
    saved to directory ${LOCALHOME}/DDCASPT2/hydrogen_comps/rerun/H12_chain/H12_2.30
--- Module motra spent 2 seconds ---

>>> COPY /tmp/H12_2.30/DDCASPT2_one_int_indx.csv ${LOCALHOME}/DDCASPT2/hydrogen_comps/rerun/H12_chain/H12_2.30/H12_2.30.DDCASPT2_one_int_indx.csv

>>> COPY /tmp/H12_2.30/DDCASPT2_one_int.csv ${LOCALHOME}/DDCASPT2/hydrogen_comps/rerun/H12_chain/H12_2.30/H12_2.30.DDCASPT2_one_int.csv

>>> COPY /tmp/H12_2.30/DDCASPT2_two_int_indx.csv ${LOCALHOME}/DDCASPT2/hydrogen_comps/rerun/H12_chain/H12_2.30/H12_2.30.DDCASPT2_two_int_indx.csv

>>> COPY /tmp/H12_2.30/DDCASPT2_two_int.csv ${LOCALHOME}/DDCASPT2/hydrogen_comps/rerun/H12_chain/H12_2.30/H12_2.30.DDCASPT2_two_int.csv

*** symbolic link created: INPORB -> H12_2.30.RasOrb
--- Start Module: caspt2 at Mon Oct 27 11:45:00 2025 ---
 
()()()()()()()()()()()()()()()()()()()()()()()()()()()()()()()()()()()()()()()()()()()()()()()()()()

                                              &CASPT2

                                   only a single process is used
                       available to each process: 2.0 GB of memory, 1 thread?
()()()()()()()()()()()()()()()()()()()()()()()()()()()()()()()()()()()()()()()()()()()()()()()()()()
 
 Cholesky algorithm in CASPT2 =    1
 
 ###############################################################################
 ###############################################################################
 ###                                                                         ###
 ###                                                                         ###
 ###    User changed nr of frozen orbitals.                                  ###
 ###                                                                         ###
 ###                                                                         ###
 ###############################################################################
 ###############################################################################
 
++    Wave function specifications:
      -----------------------------
 
      Number of closed shell electrons           0
      Number of electrons in active shells      12
      Max number of holes in RAS1 space          0
      Max number of electrons in RAS3 space      0
      Number of inactive orbitals                0
      Number of active orbitals                 12
      Number of secondary orbitals              48
      Spin quantum number                      0.0
      State symmetry                             1
      Number of CSFs                        226512
      Number of root(s) available                1
      Root passed to geometry opt.               1
      A file JOBMIX will be created.
      This is a CASSCF or RASSCF reference function
--
 
++    Orbital specifications:
      -----------------------
 
      Symmetry species                           1
                                                 a
      Frozen orbitals                            0
      Inactive orbitals                          0
      Active orbitals                           12
      Secondary orbitals                        48
      Deleted orbitals                           0
      Number of basis functions                 60
--
 
      Type of Fock operator: STANDARD
      Type of 0-order Hamiltonian: STANDARD WITH DEFAULT IPEA
        "IP-EA" denominator shift =      0.25
      The input orbitals and the CI vector will be transformed.
 
--------------------------------------------------------------------------------
 Estimated memory requirements:
  POLY3 :                 54392696
  RHS:                     1916944
  SIGMA :                   616912
  PRPCTL:                        0
 Available workspace:    230179958
 
++ CASPT2 computation for group   1
 
********************************************************************************
 Multi-State initialization phase begins for group   1
--------------------------------------------------------------------------------
********************************************************************************
 Compute H0 matrices for state    1
--------------------------------------------------------------------------------
--------------------------------------------------------------------------------
 H0 matrices have been computed.
 
********************************************************************************
  CASPT2 EQUATION SOLUTION
--------------------------------------------------------------------------------
 
  Total nr of CASPT2 parameters:
   Before reduction:      249120
   After  reduction:      248448
 
 The contributions to the second order correlation energy in atomic units.
-----------------------------------------------------------------------------------------------------------------------------
  IT.      VJTU        VJTI        ATVX        AIVX        VJAI        BVAT        BJAT        BJAI        TOTAL       RNORM  
-----------------------------------------------------------------------------------------------------------------------------
   1     0.000000    0.000000   -0.002956    0.000000    0.000000   -0.006559    0.000000    0.000000   -0.009515    0.001441
   2     0.000000    0.000000   -0.002982    0.000000    0.000000   -0.006567    0.000000    0.000000   -0.009549    0.000297
   3     0.000000    0.000000   -0.002989    0.000000    0.000000   -0.006569    0.000000    0.000000   -0.009558    0.000090
   4     0.000000    0.000000   -0.002986    0.000000    0.000000   -0.006569    0.000000    0.000000   -0.009555    0.000019
   5     0.000000    0.000000   -0.002986    0.000000    0.000000   -0.006569    0.000000    0.000000   -0.009555    0.000005
-------------------------------------------------------------------------------------------------------------------
 
  FINAL CASPT2 RESULT:
 
  Correlation energy /Case, /Symm, and sums:
 VJTU      0.00000000  0.00000000
 VJTIP     0.00000000  0.00000000
 VJTIM     0.00000000  0.00000000
 ATVX     -0.00298619 -0.00298619
 AIVX      0.00000000  0.00000000
 VJAIP     0.00000000  0.00000000
 VJAIM     0.00000000  0.00000000
 BVATP    -0.00606006 -0.00606006
 BVATM    -0.00050911 -0.00050911
 BJATP     0.00000000  0.00000000
 BJATM     0.00000000  0.00000000
 BJAIP     0.00000000  0.00000000
 BJAIM     0.00000000  0.00000000
 Summed:  -0.00955536 -0.00955536
 
      Reference energy:          -6.0267055450
      E2 (Non-variational):      -0.0095553574
      E2 (Variational):          -0.0095553568
      Total energy:              -6.0362609018
      Residual norm:              0.0000008232
      Reference weight:           0.99377
 
      Contributions to the CASPT2 correlation energy
      Active & Virtual Only:         -0.0095553574
      One Inactive Excited:           0.0000000000
      Two Inactive Excited:           0.0000000000
 
 
++ Denominators, etc.
----------------------------------------------------------------------------------------------------
 Report on small energy denominators, large coefficients, and large energy contributions.
CASE  SYMM ACTIVE-MIX  NON-ACTIVE INDICES          DENOMINATOR     RHS VALUE       COEFFICIENT     CONTRIBUTION
ATVX     1  Mu1.0001  Se1.013                       0.26059071     -0.00000018      0.00000082     -0.00000000
ATVX     1  Mu1.0002  Se1.013                       0.27601078      0.00004723     -0.00029078     -0.00000001
ATVX     1  Mu1.0003  Se1.013                       0.29709568     -0.00000004      0.00000021     -0.00000000
ATVX     1  Mu1.0001  Se1.014                       0.26913671      0.00003808     -0.00025052     -0.00000001
ATVX     1  Mu1.0002  Se1.014                       0.28455678      0.00000013     -0.00000050     -0.00000000
ATVX     1  Mu1.0001  Se1.015                       0.28472799     -0.00000003      0.00000005     -0.00000000
--
 
   (Skipping property calculation,
    use PROP keyword to activate)
--
 
  Total CASPT2 energies:
::    CASPT2 Root  1     Total energy:     -6.03626090
 
  A NEW JOBIPH FILE NAMED 'JOBMIX' IS PREPARED.
********************************************************************************
forrtl: warning (528): IEEE_UNDERFLOW is signaling
--- Stop Module: caspt2 at Mon Oct 27 11:46:38 2025 /rc=_RC_ALL_IS_WELL_ ---
*** files: xmldump
    saved to directory ${LOCALHOME}/DDCASPT2/hydrogen_comps/rerun/H12_chain/H12_2.30
--- Module caspt2 spent 1 minute 37 seconds ---

>>> EXPORT i = B

>>> EXPORT j = P

>>> IF (-FILE DDCASPT2_e2_${i}_${j}_1_.csv)
(Skipped)

>>> END FOREACH

>>> EXPORT j = M

>>> IF (-FILE DDCASPT2_e2_${i}_${j}_1_.csv)
(Skipped)

>>> END FOREACH

>>> END FOREACH

>>> EXPORT i = E

>>> EXPORT j = P

>>> IF (-FILE DDCASPT2_e2_${i}_${j}_1_.csv)
(Skipped)

>>> END FOREACH

>>> EXPORT j = M

>>> IF (-FILE DDCASPT2_e2_${i}_${j}_1_.csv)
(Skipped)

>>> END FOREACH

>>> END FOREACH

>>> EXPORT i = F

>>> EXPORT j = P

>>> IF (-FILE DDCASPT2_e2_${i}_${j}_1_.csv)

>>> COPY /tmp/H12_2.30/DDCASPT2_RHS_F_P_1_.csv ${LOCALHOME}/DDCASPT2/hydrogen_comps/rerun/H12_chain/H12_2.30/DDCASPT2_RHS_F_P_1_.csv

>>> COPY /tmp/H12_2.30/DDCASPT2_IVECW_F_P_1_.csv ${LOCALHOME}/DDCASPT2/hydrogen_comps/rerun/H12_chain/H12_2.30/DDCASPT2_IVECW_F_P_1_.csv

>>> COPY /tmp/H12_2.30/DDCASPT2_IVECX_F_P_1_.csv ${LOCALHOME}/DDCASPT2/hydrogen_comps/rerun/H12_chain/H12_2.30/DDCASPT2_IVECX_F_P_1_.csv

>>> COPY /tmp/H12_2.30/DDCASPT2_IVECC2_F_P_1_.csv ${LOCALHOME}/DDCASPT2/hydrogen_comps/rerun/H12_chain/H12_2.30/DDCASPT2_IVECC2_F_P_1_.csv

>>> COPY /tmp/H12_2.30/DDCASPT2_e2_F_P_1_.csv ${LOCALHOME}/DDCASPT2/hydrogen_comps/rerun/H12_chain/H12_2.30/DDCASPT2_e2_F_P_1_.csv

>>> END FOREACH

>>> EXPORT j = M

>>> IF (-FILE DDCASPT2_e2_${i}_${j}_1_.csv)

>>> COPY /tmp/H12_2.30/DDCASPT2_RHS_F_M_1_.csv ${LOCALHOME}/DDCASPT2/hydrogen_comps/rerun/H12_chain/H12_2.30/DDCASPT2_RHS_F_M_1_.csv

>>> COPY /tmp/H12_2.30/DDCASPT2_IVECW_F_M_1_.csv ${LOCALHOME}/DDCASPT2/hydrogen_comps/rerun/H12_chain/H12_2.30/DDCASPT2_IVECW_F_M_1_.csv

>>> COPY /tmp/H12_2.30/DDCASPT2_IVECX_F_M_1_.csv ${LOCALHOME}/DDCASPT2/hydrogen_comps/rerun/H12_chain/H12_2.30/DDCASPT2_IVECX_F_M_1_.csv

>>> COPY /tmp/H12_2.30/DDCASPT2_IVECC2_F_M_1_.csv ${LOCALHOME}/DDCASPT2/hydrogen_comps/rerun/H12_chain/H12_2.30/DDCASPT2_IVECC2_F_M_1_.csv

>>> COPY /tmp/H12_2.30/DDCASPT2_e2_F_M_1_.csv ${LOCALHOME}/DDCASPT2/hydrogen_comps/rerun/H12_chain/H12_2.30/DDCASPT2_e2_F_M_1_.csv

>>> END FOREACH

>>> END FOREACH

>>> EXPORT i = G

>>> EXPORT j = P

>>> IF (-FILE DDCASPT2_e2_${i}_${j}_1_.csv)
(Skipped)

>>> END FOREACH

>>> EXPORT j = M

>>> IF (-FILE DDCASPT2_e2_${i}_${j}_1_.csv)
(Skipped)

>>> END FOREACH

>>> END FOREACH

>>> EXPORT i = H

>>> EXPORT j = P

>>> IF (-FILE DDCASPT2_e2_${i}_${j}_1_.csv)
(Skipped)

>>> END FOREACH

>>> EXPORT j = M

>>> IF (-FILE DDCASPT2_e2_${i}_${j}_1_.csv)
(Skipped)

>>> END FOREACH

>>> END FOREACH

>>> EXPORT i = A

>>> IF (-FILE DDCASPT2_e2_${i}_1_.csv)
(Skipped)

>>> END FOREACH

>>> EXPORT i = C

>>> IF (-FILE DDCASPT2_e2_${i}_1_.csv)

>>> COPY /tmp/H12_2.30/DDCASPT2_RHS_C_1_.csv ${LOCALHOME}/DDCASPT2/hydrogen_comps/rerun/H12_chain/H12_2.30/DDCASPT2_RHS_C_1_.csv

>>> COPY /tmp/H12_2.30/DDCASPT2_IVECW_C_1_.csv ${LOCALHOME}/DDCASPT2/hydrogen_comps/rerun/H12_chain/H12_2.30/DDCASPT2_IVECW_C_1_.csv

>>> COPY /tmp/H12_2.30/DDCASPT2_IVECX_C_1_.csv ${LOCALHOME}/DDCASPT2/hydrogen_comps/rerun/H12_chain/H12_2.30/DDCASPT2_IVECX_C_1_.csv

>>> COPY /tmp/H12_2.30/DDCASPT2_IVECC2_C_1_.csv ${LOCALHOME}/DDCASPT2/hydrogen_comps/rerun/H12_chain/H12_2.30/DDCASPT2_IVECC2_C_1_.csv

>>> COPY /tmp/H12_2.30/DDCASPT2_e2_C_1_.csv ${LOCALHOME}/DDCASPT2/hydrogen_comps/rerun/H12_chain/H12_2.30/DDCASPT2_e2_C_1_.csv

>>> END FOREACH

>>> EXPORT i = D

>>> IF (-FILE DDCASPT2_e2_${i}_1_.csv)
(Skipped)

>>> END FOREACH

.########################.
.# Non-zero return code #.
.########################.

    Timing: Wall=818.57 User=813.35 System=5.06
****************************************
*** WorkDir at /tmp/H12_2.30 cleaned ***
****************************************
