   This run of MOLCAS is using the pymolcas driver

                             OPE
                             OPE          NMOL  CASOP  ENMOLC A   SO
                 OPE        NMOLC        AS  OP EN  MO LC     AS  OP
                OPENM       OL CA        SO  PE NM  OL CA     SOP EN
                OP EN      MO   LC       AS  OP ENMOL  CASO   PENMOL
                OP  EN     MO   LC       AS  OP EN     MO     LC ASO
               OP   E  NMOL  C  AS       OP  EN MO     LC     AS  OP
               OP  E   NMO   LC AS        OPEN  MO     LCASOP EN   M
               O  PEN   MO  LCA  SO
            OPE   NMO   L   CAS    OP
        OPENMOL  CASOP     ENMOL   CASOPE
     OPENMOLCA   SOPENMOLCASOPEN   MOLCASOPE
    OPENMOLCAS   OP           EN   MOL    CAS
    OPENMOLCAS       OP  ENM        O     LCA
    OPENMOLCAS    OPEN  MOLCASO     P  E  NMO
    OPENMOLCAS     OP               E  N  MOL
    OPENMOLCA   SO           PENM   O  L  CAS    OPEN    MO    LCAS
    OPENMOLCA   SOP           ENM   O  L  CAS   OP  EN  MOLC  AS   O
    OPENMOLCA   SOPE           NM      O  LCA   S      OP  EN MO
    OPENMOLC                AS         O  PEN   M      OL  CA  SOPE
    OPENMO        LCASOPE  NMOL        C  ASO   P      ENMOLC     AS
    OPE     NMO      LCA  SO     P     E   NM   OL  CA SO  PE N   MO
          OPENMOLCA            SOPE   NMO        LCAS  O    P  ENMO
     OPENMOLCASOPENMOLCASOPENMOLCASOPENMOLCA
        OPENMOLCASOPENMOLCASOPENMOLCASOPE
            OPENMOLCASOPENMOLCASOPENM
               OPENMOLCASOPENMOLCA        version: f37762c57
                   OPENMOLCASO
                       OPE                tag:

 OpenMolcas is free software; you can redistribute it and/or modify it
 under the terms of the GNU Lesser General Public License version 2.1.
 OpenMolcas is distributed in the hope that it will be useful, but it
 is provided "as is" and without any express or implied warranties.
 For more details see the full text of the license in the file
 LICENSE or in <http://www.gnu.org/licenses/>.

                 Copyright (C) The OpenMolcas Authors
           For the author list and the recommended citation,
                   consult the file CONTRIBUTORS.md

           *************************************************
           * pymolcas version py2.28                       *
           *   build c4a6d18ded8cb6cad61d2372a9abd97c      *
           *   (after the EMIL interpreter by V. Veryazov) *
           *************************************************

configuration info
------------------
C Compiler ID: Intel
C flags: -std=gnu99 -gcc-sys
Fortran Compiler ID: IntelLLVM
Fortran flags: -standard-semantics -fltconsistency -fpp -i8 -heap-arrays
Definitions: _MOLCAS_;_I8_;_LINUX_
Parallel: OFF (GA=OFF)


   ----------------------------------------------------------------------------------------
  |
  |              Project: H12_1.21
  |       Submitted from: /home/grierjones/DDCASPT2/hydrogen_comps/rerun/H12_chain/H12_1.21
  |         Scratch area: /tmp/H12_1.21
  |      Save outputs to: /home/grierjones/DDCASPT2/hydrogen_comps/rerun/H12_chain/H12_1.21
  |               Molcas: /home/grierjones/Test/build
  |
  | Scratch area is empty
  |
  |       MOLCAS_DRIVER = /usr/local/pymolcas
  | MOLCAS_KEEP_WORKDIR = NO
  |  MOLCAS_NEW_WORKDIR = YES
  |       MOLCAS_NPROCS = 1
  |        MOLCAS_PRINT = NORMAL
  |       MOLCAS_SOURCE = /home/grierjones/Test
  |    MOLCAS_STRUCTURE = 0
  |
   ----------------------------------------------------------------------------------------

++ ---------   Input file   ---------

&GATEWAY
coord=H12_1.21.xyz
Basis = ANO-RCC-VDZP
Group = nosymm
End of Input

&SEWARD
End of Input

&SCF

>>> COPY $WorkDir/H12_1.21.scf.h5 $CurrDir/

&RASSCF
Title= RASSCF
FileOrb
/home/grierjones/DDCASPT2/hydrogen_comps/rerun/H12_chain/H12_0.60/H12_0.60.RasOrb
NACTEL
12 0 0
Inactive
0
RAS2
12
Symmetry
1
Spin
1
orblisting
all

>>> COPY $WorkDir/H12_1.21.rasscf.h5 $CurrDir/

>>> COPY $WorkDir/GMJ_Fock_MO.csv $CurrDir/H12_1.21.GMJ_Fock_MO.csv

&MOTRA
Frozen=0
LUMORB

>>> COPY $WorkDir/GMJ_one_int_indx.csv $CurrDir/H12_1.21.GMJ_one_int_indx.csv

>>> COPY $WorkDir/GMJ_one_int.csv $CurrDir/H12_1.21.GMJ_one_int.csv

>>> COPY $WorkDir/GMJ_two_int_indx.csv $CurrDir/H12_1.21.GMJ_two_int_indx.csv

>>> COPY $WorkDir/GMJ_two_int.csv $CurrDir/H12_1.21.GMJ_two_int.csv

&CASPT2
Frozen
0

MAXITER
50

>>> FOREACH i IN (B,E,F,G,H)

  >>> FOREACH j IN (P,M)

    >>> IF (-FILE GMJ_e2_${i}_${j}_1_.csv)

      >>> COPY $WorkDir/GMJ_RHS_${i}_${j}_1_.csv $CurrDir/GMJ_RHS_${i}_${j}_1_.csv

      >>> COPY $WorkDir/GMJ_IVECW_${i}_${j}_1_.csv $CurrDir/GMJ_IVECW_${i}_${j}_1_.csv

      >>> COPY $WorkDir/GMJ_IVECX_${i}_${j}_1_.csv $CurrDir/GMJ_IVECX_${i}_${j}_1_.csv

      >>> COPY $WorkDir/GMJ_IVECC2_${i}_${j}_1_.csv $CurrDir/GMJ_IVECC2_${i}_${j}_1_.csv

      >>> COPY $WorkDir/GMJ_e2_${i}_${j}_1_.csv $CurrDir/GMJ_e2_${i}_${j}_1_.csv

    >>> END IF

  >>> END FOREACH

>>> END FOREACH

>>> FOREACH i IN (A,C,D)

  >>> IF (-FILE GMJ_e2_${i}_1_.csv)

    >>> COPY $WorkDir/GMJ_RHS_${i}_1_.csv $CurrDir/GMJ_RHS_${i}_1_.csv

    >>> COPY $WorkDir/GMJ_IVECW_${i}_1_.csv $CurrDir/GMJ_IVECW_${i}_1_.csv

    >>> COPY $WorkDir/GMJ_IVECX_${i}_1_.csv $CurrDir/GMJ_IVECX_${i}_1_.csv

    >>> COPY $WorkDir/GMJ_IVECC2_${i}_1_.csv $CurrDir/GMJ_IVECC2_${i}_1_.csv

    >>> COPY $WorkDir/GMJ_e2_${i}_1_.csv $CurrDir/GMJ_e2_${i}_1_.csv

  >>> END IF

>>> END FOREACH

-- ----------------------------------

--- Start Module: gateway at Sun Oct 26 21:36:09 2025 ---
 
()()()()()()()()()()()()()()()()()()()()()()()()()()()()()()()()()()()()()()()()()()()()()()()()()()

                                              &GATEWAY

                                   only a single process is used
                       available to each process: 2.0 GB of memory, 1 thread?
()()()()()()()()()()()()()()()()()()()()()()()()()()()()()()()()()()()()()()()()()()()()()()()()()()
 
 
++    Symmetry information:
      ---------------------
 
                    Character Table for C1 
 
                             E  
                    a        1  x, y, xy, Rz, z, xz, Ry, yz, Rx, I
--
 
 
++    Basis set information:
      ----------------------
 
 
      Basis set label: H.ANO-RCC...2S1P.
 
      Electronic valence basis set:
      ------------------
      Associated Effective Charge   1.000000 au
      Associated Actual Charge      1.000000 au
      Nuclear Model: Point charge
 
      Shell  nPrim  nBasis  Cartesian Spherical Contaminant
         s       8       2        X                  
         p       4       1        X                  
--
 
 
++    Molecular structure info:
      -------------------------
 
                    ************************************************ 
                    **** Cartesian Coordinates / Bohr, Angstrom **** 
                    ************************************************ 
 
     Center  Label                x              y              z                     x              y              z
        1      H1               0.000000       0.000000       0.000000              0.000000       0.000000       0.000000
        2      H2               0.000000       0.000000       2.279125              0.000000       0.000000       1.206061
        3      H3               0.000000       0.000000       4.558248              0.000000       0.000000       2.412121
        4      H4               0.000000       0.000000       6.837373              0.000000       0.000000       3.618182
        5      H5               0.000000       0.000000       9.116496              0.000000       0.000000       4.824242
        6      H6               0.000000       0.000000      11.395621              0.000000       0.000000       6.030303
        7      H7               0.000000       0.000000      13.674746              0.000000       0.000000       7.236364
        8      H8               0.000000       0.000000      15.953869              0.000000       0.000000       8.442424
        9      H9               0.000000       0.000000      18.232994              0.000000       0.000000       9.648485
       10      H10              0.000000       0.000000      20.512117              0.000000       0.000000      10.854545
       11      H11              0.000000       0.000000      22.791242              0.000000       0.000000      12.060606
       12      H12              0.000000       0.000000      25.070367              0.000000       0.000000      13.266667
 
                    *************************************** 
                    *    InterNuclear Distances / Bohr    * 
                    *************************************** 
 
               1 H1            2 H2            3 H3            4 H4            5 H5            6 H6    
    1 H1       0.000000
    2 H2       2.279125        0.000000
    3 H3       4.558248        2.279123        0.000000
    4 H4       6.837373        4.558248        2.279125        0.000000
    5 H5       9.116496        6.837371        4.558248        2.279123        0.000000
    6 H6      11.395621        9.116496        6.837373        4.558248        2.279125        0.000000
    7 H7      13.674746       11.395621        9.116498        6.837373        4.558250        2.279125
    8 H8      15.953869       13.674744       11.395621        9.116496        6.837373        4.558248
    9 H9      18.232994       15.953869       13.674746       11.395621        9.116498        6.837373
   10 H10     20.512117       18.232992       15.953869       13.674744       11.395621        9.116496
   11 H11     22.791242       20.512117       18.232994       15.953869       13.674746       11.395621
   12 H12     25.070367       22.791242       20.512119       18.232994       15.953871       13.674746
 
               7 H7            8 H8            9 H9           10 H10          11 H11          12 H12   
    7 H7       0.000000
    8 H8       2.279123        0.000000
    9 H9       4.558248        2.279125        0.000000
   10 H10      6.837371        4.558248        2.279123        0.000000
   11 H11      9.116496        6.837373        4.558248        2.279125        0.000000
   12 H12     11.395621        9.116498        6.837373        4.558250        2.279125        0.000000
 
                    ******************************************* 
                    *    InterNuclear Distances / Angstrom    * 
                    ******************************************* 
 
               1 H1            2 H2            3 H3            4 H4            5 H5            6 H6    
    1 H1       0.000000
    2 H2       1.206061        0.000000
    3 H3       2.412121        1.206060        0.000000
    4 H4       3.618182        2.412121        1.206061        0.000000
    5 H5       4.824242        3.618181        2.412121        1.206060        0.000000
    6 H6       6.030303        4.824242        3.618182        2.412121        1.206061        0.000000
    7 H7       7.236364        6.030303        4.824243        3.618182        2.412122        1.206061
    8 H8       8.442424        7.236363        6.030303        4.824242        3.618182        2.412121
    9 H9       9.648485        8.442424        7.236364        6.030303        4.824243        3.618182
   10 H10     10.854545        9.648484        8.442424        7.236363        6.030303        4.824242
   11 H11     12.060606       10.854545        9.648485        8.442424        7.236364        6.030303
   12 H12     13.266667       12.060606       10.854546        9.648485        8.442425        7.236364
 
               7 H7            8 H8            9 H9           10 H10          11 H11          12 H12   
    7 H7       0.000000
    8 H8       1.206060        0.000000
    9 H9       2.412121        1.206061        0.000000
   10 H10      3.618181        2.412121        1.206060        0.000000
   11 H11      4.824242        3.618182        2.412121        1.206061        0.000000
   12 H12      6.030303        4.824243        3.618182        2.412122        1.206061        0.000000
 
                    ************************************** 
                    *    Valence Bond Angles / Degree    * 
                    ************************************** 
                          Atom centers                 Phi
                      1 H1       2 H2       3 H3       180.00
                      2 H2       3 H3       4 H4       180.00
                      3 H3       4 H4       5 H5       180.00
                      4 H4       5 H5       6 H6       180.00
                      5 H5       6 H6       7 H7       180.00
                      6 H6       7 H7       8 H8       180.00
                      7 H7       8 H8       9 H9       180.00
                      8 H8       9 H9      10 H10      180.00
                      9 H9      10 H10     11 H11      180.00
                     10 H10     11 H11     12 H12      180.00
--
 
 
            Nuclear Potential Energy             11.07378332 au
 
--- Stop Module: gateway at Sun Oct 26 21:36:10 2025 /rc=_RC_ALL_IS_WELL_ ---
*** files: xmldump
    saved to directory /home/grierjones/DDCASPT2/hydrogen_comps/rerun/H12_chain/H12_1.21

--- Start Module: seward at Sun Oct 26 21:36:10 2025 ---
 
()()()()()()()()()()()()()()()()()()()()()()()()()()()()()()()()()()()()()()()()()()()()()()()()()()

                                              &SEWARD

                                   only a single process is used
                       available to each process: 2.0 GB of memory, 1 thread?
()()()()()()()()()()()()()()()()()()()()()()()()()()()()()()()()()()()()()()()()()()()()()()()()()()
 
               SEWARD will generate:
                  Multipole Moment integrals up to order  2
                  Kinetic Energy integrals
                  Nuclear Attraction integrals (point charge)
                  One-Electron Hamiltonian integrals
                  Velocity integrals
                  Relativistic Douglas-Kroll-Hess integrals:
                    - Parametrization         : EXP
                    - DKH order of Hamiltonian: 2
                    - DKH order of Properties : 0
                         - multipole moment operators
                         - electric potential operators
                         - contact operators
                  Atomic mean-field integrals
                  Two-Electron Repulsion integrals
 
                   Integrals are discarded if absolute value <: 0.10E-13
                   Integral cutoff threshold is set to       <: 0.10E-15
 
            Nuclear Potential Energy             11.07378332 au
 
 
      Basis set specifications :
      Symmetry species         a  
      Basis functions           60
 
 
  Input file to MOLDEN was generated!
 
forrtl: warning (525): IEEE_DIVIDE_BY_ZERO is signaling
forrtl: warning (526): IEEE_INVALID is signaling
forrtl: warning (528): IEEE_UNDERFLOW is signaling
--- Stop Module: seward at Sun Oct 26 21:36:11 2025 /rc=_RC_ALL_IS_WELL_ ---
*** files: H12_1.21.GssOrb H12_1.21.guessorb.h5 H12_1.21.guessorb.molden xmldump
    saved to directory /home/grierjones/DDCASPT2/hydrogen_comps/rerun/H12_chain/H12_1.21
--- Module seward spent 1 second ---

*** symbolic link created: INPORB -> H12_1.21.GssOrb
--- Start Module: scf at Sun Oct 26 21:36:11 2025 ---
 
()()()()()()()()()()()()()()()()()()()()()()()()()()()()()()()()()()()()()()()()()()()()()()()()()()

                                                &SCF

                                   only a single process is used
                       available to each process: 2.0 GB of memory, 1 thread?
()()()()()()()()()()()()()()()()()()()()()()()()()()()()()()()()()()()()()()()()()()()()()()()()()()
 
++    Input section:
      --------------
 
      Header of the integral files:
      
       Integrals generated by seward 4.2.0  , Sun Oct 26 21:36:10 2025
 
 
      Cartesian coordinates in Angstrom:
      -----------------------------------------------------
      No.  Label        X            Y            Z        
      -----------------------------------------------------
       1   H1         0.00000000   0.00000000   0.00000000
       2   H2         0.00000000   0.00000000   1.20606100
       3   H3         0.00000000   0.00000000   2.41212100
       4   H4         0.00000000   0.00000000   3.61818200
       5   H5         0.00000000   0.00000000   4.82424200
       6   H6         0.00000000   0.00000000   6.03030300
       7   H7         0.00000000   0.00000000   7.23636400
       8   H8         0.00000000   0.00000000   8.44242400
       9   H9         0.00000000   0.00000000   9.64848500
      10   H10        0.00000000   0.00000000  10.85454500
      11   H11        0.00000000   0.00000000  12.06060600
      12   H12        0.00000000   0.00000000  13.26666700
      -----------------------------------------------------
      Nuclear repulsion energy =   11.07378332
--
 
++    Orbital specifications:
      -----------------------
 
      Symmetry species               1
                                     a
      Frozen orbitals                0
      Occupied orbitals              6
      Secondary orbitals            54
      Deleted orbitals               0
      Total number of orbitals      60
      Number of basis functions     60
--
 
      Molecular charge                           0.000
 
++    Optimization specifications:
      ----------------------------
 
      SCF Algorithm: Conventional
      Minimized density differences are used
      Number of density matrices in core                5
      Maximum number of NDDO SCF iterations           400
      Maximum number of HF SCF iterations             400
      Threshold for SCF energy change            0.10E-08
      Threshold for density matrix               0.10E-03
      Threshold for Fock matrix                  0.15E-03
      Threshold for linear dependence            0.10E-08
      Threshold at which DIIS is turned on       0.15E+00
      Threshold at which QNR/C2DIIS is turned on 0.75E-01
      Threshold for Norm(delta) (QNR/C2DIIS)     0.20E-04
      DIIS extrapolation of the SCF procedure
      All orbitals punched on: SCFORB
--
 
      Input vectors read from INPORB
      Orbital file label: *Guess orbitals
 
 
++ Convergence information
                                   SCF        iterations: Energy and convergence statistics
 
Iter     Tot. SCF        One-elec.       Two-elec.     Energy      Max Dij or  Max Fij      DNorm      TNorm      AccCon     Time
         Energy          Energy          Energy        Change      Delta Norm                                                in Sec.
   1    -6.206066232   -28.476979040    11.197129486   0.00E+00    0.24E+00*   0.15E+00*    0.44E+01   0.19E+02   None         0.
   2    -6.313254849   -28.656613668    11.269575496  -0.11E+00*   0.95E-01*   0.18E-01*    0.17E+01   0.19E+02   EDIIS        0.
   3    -6.318876298   -28.615374986    11.222715366  -0.56E-02*   0.40E-01*   0.77E-02*    0.37E+00   0.19E+02   EDIIS        0.
   4    -6.320047148   -28.618731079    11.224900609  -0.12E-02*   0.13E-01*   0.61E-02*    0.13E+00   0.19E+02   c2DIIS       0.
   5    -6.320502018   -28.616085090    11.221799751  -0.45E-03*   0.27E-02*   0.78E-03*    0.27E-01   0.19E+02   QNRc2DIIS    0.
   6    -6.320512136   -28.616456113    11.222160654  -0.10E-04*   0.25E-02*   0.32E-03*    0.69E-02   0.19E+02   QNRc2DIIS    0.
   7    -6.320515517   -28.616213236    11.221914396  -0.34E-05*   0.27E-03*   0.59E-04     0.14E-02   0.19E+02   QNRc2DIIS    0.
   8    -6.320515574   -28.616103554    11.221804657  -0.57E-07*   0.29E-04*   0.74E-05     0.28E-03   0.19E+02   QNRc2DIIS    0.
   9    -6.320515575   -28.616108378    11.221809480  -0.11E-08*   0.46E-05    0.16E-05     0.51E-04   0.19E+02   QNRc2DIIS    0.
  10    -6.320515575   -28.616109217    11.221810320  -0.28E-10    0.13E-05    0.30E-06     0.70E-05   0.19E+02   QNRc2DIIS    0.
 
       Convergence after 10 Macro Iterations
--
 
 *****************************************************************************************************************************
 *                                                                                                                           *
 *                                             SCF/KS-DFT Program, Final results                                             *
 *                                                                                                                           *
 *                                                                                                                           *
 *                                                                                                                           *
 *                                                       Final Results                                                       *
 *                                                                                                                           *
 *****************************************************************************************************************************
 
::    Total SCF energy                                 -6.3205155753
      One-electron energy                             -28.6161092174
      Two-electron energy                              11.2218103201
      Nuclear repulsion energy                         11.0737833220
      Kinetic energy (interpolated)                     5.3018199679
      Virial theorem                                    1.1921407391
      Total spin, S(S+1)                                0.0000000000
      Total spin, S                                     0.0000000000
      Max non-diagonal density matrix element           0.0000015249
      Max non-diagonal Fock matrix element              0.0000000906
 
 
      All orbitals with orbital energies smaller than  E(LUMO)+0.5 are printed
 
++    Molecular orbitals:
      -------------------
 
      Title: SCF orbitals

      Molecular orbitals for symmetry species 1: a  
 
          Orbital            1         2         3         4         5         6         7         8         9        10    
          Energy           -0.6375   -0.6106   -0.5665   -0.5051   -0.4273   -0.3393   -0.0577    0.0443    0.1484    0.2242
          Occ. No.          2.0000    2.0000    2.0000    2.0000    2.0000    2.0000    0.0000    0.0000    0.0000    0.0000
 
        1 H1     1s         0.0721   -0.1431    0.2096   -0.2683    0.3140   -0.2927    0.4470   -0.6612    0.7035   -0.2010
        2 H1     2s         0.0022   -0.0026    0.0017   -0.0051    0.0221   -0.0446    0.1875   -0.3701    0.5443    0.0018
        3 H1     2px        0.0000   -0.0000    0.0000   -0.0000    0.0000    0.0000   -0.0000    0.0000   -0.0000    0.0000
        4 H1     2py       -0.0000    0.0000   -0.0000    0.0000    0.0000    0.0000   -0.0000    0.0000   -0.0000   -0.0000
        5 H1     2pz        0.0067   -0.0123    0.0153   -0.0149    0.0116   -0.0065   -0.0017    0.0090   -0.0200   -0.0137
        6 H2     1s         0.1098   -0.2111    0.2886   -0.3260    0.3013   -0.1860   -0.1693    0.5639   -0.9623    0.0725
        7 H2     2s        -0.0120    0.0143    0.0008   -0.0358    0.0735   -0.0705   -0.0603    0.2630   -0.4833    0.1838
        8 H2     2px        0.0000   -0.0000    0.0000   -0.0000   -0.0000    0.0000   -0.0000    0.0000   -0.0000   -0.0000
        9 H2     2py        0.0000   -0.0000    0.0000    0.0000   -0.0000    0.0000    0.0000   -0.0000   -0.0000    0.0000
       10 H2     2pz        0.0040   -0.0046   -0.0009    0.0117   -0.0218    0.0223   -0.0200    0.0122    0.0151   -0.0105
       11 H3     1s         0.1892   -0.2791    0.2142   -0.0061   -0.2641    0.3957   -0.4938    0.3055    0.3416   -0.0762
       12 H3     2s        -0.0019    0.0081   -0.0153    0.0274   -0.0641    0.1024   -0.1854    0.1187    0.2143    0.1543
       13 H3     2px       -0.0000   -0.0000    0.0000   -0.0000   -0.0000    0.0000   -0.0000    0.0000   -0.0000   -0.0000
       14 H3     2py        0.0000   -0.0000    0.0000   -0.0000   -0.0000    0.0000   -0.0000   -0.0000   -0.0000    0.0000
       15 H3     2pz        0.0062   -0.0039   -0.0078    0.0196   -0.0206    0.0105    0.0124   -0.0254    0.0265   -0.0225
       16 H4     1s         0.2177   -0.2759    0.1170    0.1590   -0.3476    0.2727    0.2872   -0.6313    0.3727   -0.2482
       17 H4     2s        -0.0139    0.0018    0.0220   -0.0111   -0.0513    0.0802    0.1003   -0.2795    0.1956    0.1009
       18 H4     2px       -0.0000    0.0000   -0.0000   -0.0000   -0.0000    0.0000   -0.0000    0.0000   -0.0000   -0.0000
       19 H4     2py        0.0000   -0.0000    0.0000   -0.0000   -0.0000    0.0000   -0.0000    0.0000   -0.0000   -0.0000
       20 H4     2pz        0.0018    0.0059   -0.0173    0.0142    0.0066   -0.0217    0.0239   -0.0083   -0.0173   -0.0082
       21 H5     1s         0.2634   -0.1680   -0.1678    0.2999    0.0120   -0.3939    0.4806    0.1101   -0.7686    0.0665
       22 H5     2s        -0.0082    0.0176   -0.0184    0.0154    0.0233   -0.1034    0.1810    0.0536   -0.3698    0.2938
       23 H5     2px        0.0000    0.0000    0.0000    0.0000    0.0000    0.0000   -0.0000    0.0000    0.0000    0.0000
       24 H5     2py        0.0000   -0.0000   -0.0000    0.0000   -0.0000   -0.0000   -0.0000   -0.0000   -0.0000   -0.0000
       25 H5     2pz        0.0042    0.0076   -0.0161   -0.0006    0.0210   -0.0163   -0.0182    0.0239    0.0026   -0.0069
       26 H6     1s         0.2738   -0.0952   -0.2560    0.1927    0.2337   -0.3538   -0.4061    0.5015    0.3881   -0.2013
       27 H6     2s        -0.0126   -0.0127    0.0077    0.0308    0.0215   -0.0984   -0.1493    0.2292    0.2000    0.1663
       28 H6     2px       -0.0000   -0.0000    0.0000    0.0000    0.0000    0.0000   -0.0000    0.0000    0.0000    0.0000
       29 H6     2py       -0.0000   -0.0000   -0.0000    0.0000   -0.0000   -0.0000    0.0000   -0.0000    0.0000    0.0000
       30 H6     2pz       -0.0013    0.0122   -0.0046   -0.0193    0.0097    0.0202   -0.0220   -0.0115    0.0267   -0.0084
       31 H7     1s         0.2738    0.0952   -0.2560   -0.1927    0.2337    0.3538   -0.4061   -0.5015    0.3881   -0.2013
       32 H7     2s        -0.0126    0.0127    0.0077   -0.0308    0.0215    0.0984   -0.1493   -0.2292    0.2000    0.1663
       33 H7     2px        0.0000    0.0000    0.0000   -0.0000    0.0000   -0.0000   -0.0000    0.0000    0.0000   -0.0000
       34 H7     2py       -0.0000    0.0000    0.0000   -0.0000   -0.0000   -0.0000   -0.0000   -0.0000   -0.0000    0.0000
       35 H7     2pz        0.0013    0.0122    0.0046   -0.0193   -0.0097    0.0202    0.0220   -0.0115   -0.0267    0.0084
       36 H8     1s         0.2634    0.1680   -0.1678   -0.2999    0.0120    0.3939    0.4806   -0.1101   -0.7686    0.0665
       37 H8     2s        -0.0082   -0.0176   -0.0184   -0.0154    0.0233    0.1034    0.1810   -0.0536   -0.3698    0.2938
       38 H8     2px       -0.0000   -0.0000   -0.0000    0.0000   -0.0000   -0.0000   -0.0000    0.0000    0.0000   -0.0000
       39 H8     2py       -0.0000    0.0000    0.0000   -0.0000   -0.0000   -0.0000   -0.0000    0.0000   -0.0000    0.0000
       40 H8     2pz       -0.0042    0.0076    0.0161   -0.0006   -0.0210   -0.0163    0.0182    0.0239   -0.0026    0.0069
       41 H9     1s         0.2177    0.2759    0.1170   -0.1590   -0.3476   -0.2727    0.2872    0.6313    0.3727   -0.2482
       42 H9     2s        -0.0139   -0.0018    0.0220    0.0111   -0.0513   -0.0802    0.1003    0.2795    0.1956    0.1009
       43 H9     2px        0.0000   -0.0000    0.0000   -0.0000   -0.0000    0.0000   -0.0000    0.0000   -0.0000    0.0000
       44 H9     2py        0.0000    0.0000   -0.0000   -0.0000    0.0000    0.0000   -0.0000    0.0000   -0.0000   -0.0000
       45 H9     2pz       -0.0018    0.0059    0.0173    0.0142   -0.0066   -0.0217   -0.0239   -0.0083    0.0173    0.0082
       46 H10    1s         0.1892    0.2791    0.2142    0.0061   -0.2641   -0.3957   -0.4938   -0.3055    0.3416   -0.0762
       47 H10    2s        -0.0019   -0.0081   -0.0153   -0.0274   -0.0641   -0.1024   -0.1854   -0.1187    0.2143    0.1543
       48 H10    2px       -0.0000   -0.0000   -0.0000   -0.0000    0.0000   -0.0000   -0.0000   -0.0000    0.0000   -0.0000
       49 H10    2py       -0.0000    0.0000   -0.0000    0.0000    0.0000   -0.0000   -0.0000    0.0000   -0.0000    0.0000
       50 H10    2pz       -0.0062   -0.0039    0.0078    0.0196    0.0206    0.0105   -0.0124   -0.0254   -0.0265    0.0225
       51 H11    1s         0.1098    0.2111    0.2886    0.3260    0.3013    0.1860   -0.1693   -0.5639   -0.9623    0.0725
       52 H11    2s        -0.0120   -0.0143    0.0008    0.0358    0.0735    0.0705   -0.0603   -0.2630   -0.4833    0.1838
       53 H11    2px       -0.0000   -0.0000    0.0000   -0.0000    0.0000    0.0000    0.0000    0.0000   -0.0000    0.0000
       54 H11    2py       -0.0000    0.0000   -0.0000   -0.0000    0.0000    0.0000   -0.0000   -0.0000    0.0000    0.0000
       55 H11    2pz       -0.0040   -0.0046    0.0009    0.0117    0.0218    0.0223    0.0200    0.0122   -0.0151    0.0105
       56 H12    1s         0.0721    0.1431    0.2096    0.2683    0.3140    0.2927    0.4470    0.6612    0.7035   -0.2010
       57 H12    2s         0.0022    0.0026    0.0017    0.0051    0.0221    0.0446    0.1875    0.3701    0.5443    0.0018
       58 H12    2px        0.0000    0.0000    0.0000    0.0000    0.0000    0.0000   -0.0000   -0.0000   -0.0000    0.0000
       59 H12    2py       -0.0000    0.0000    0.0000   -0.0000   -0.0000   -0.0000   -0.0000   -0.0000   -0.0000    0.0000
       60 H12    2pz       -0.0067   -0.0123   -0.0153   -0.0149   -0.0116   -0.0065    0.0017    0.0090    0.0200    0.0137
 
          Orbital           11        12        13        14        15    
          Energy            0.2338    0.2862    0.3067    0.4181    0.4183
          Occ. No.          0.0000    0.0000    0.0000    0.0000    0.0000
 
        1 H1     1s        -0.2932   -0.6304   -0.0817    0.2301    0.6737
        2 H1     2s        -0.5201   -0.3748    0.3921   -0.3830    0.4809
        3 H1     2px        0.0000   -0.0000    0.0000   -0.0000   -0.0000
        4 H1     2py        0.0000   -0.0000   -0.0000    0.0000    0.0000
        5 H1     2pz        0.0306   -0.0007   -0.0180   -0.0144   -0.0129
        6 H2     1s         0.7518    0.8068   -0.1588   -0.4057   -1.0436
        7 H2     2s         0.2603    0.6595    0.1080   -0.3529   -0.8773
        8 H2     2px        0.0000   -0.0000    0.0000    0.0000   -0.0000
        9 H2     2py        0.0000    0.0000   -0.0000    0.0000    0.0000
       10 H2     2pz       -0.0390   -0.0453    0.0667   -0.1111    0.0708
       11 H3     1s        -0.6575   -0.7800    0.4031    0.1985    1.2239
       12 H3     2s        -0.5366   -0.1870    0.3729    0.1823    0.4739
       13 H3     2px        0.0000   -0.0000   -0.0000    0.0000    0.0000
       14 H3     2py        0.0000    0.0000   -0.0000    0.0000   -0.0000
       15 H3     2pz       -0.0081   -0.0183    0.0250   -0.0462   -0.0400
       16 H4     1s         0.4678    0.2227   -0.6366    0.2337   -1.2490
       17 H4     2s         0.1278    0.3810   -0.3849    0.4348   -0.8366
       18 H4     2px        0.0000   -0.0000   -0.0000    0.0000    0.0000
       19 H4     2py       -0.0000    0.0000   -0.0000    0.0000   -0.0000
       20 H4     2pz        0.0021    0.0353    0.0576   -0.0645   -0.0642
       21 H5     1s         0.1985    0.2728    0.5983   -0.5550    0.9143
       22 H5     2s         0.0193    0.3370    0.1621   -0.0107    0.6136
       23 H5     2px        0.0000   -0.0000    0.0000    0.0000    0.0000
       24 H5     2py       -0.0000    0.0000    0.0000    0.0000   -0.0000
       25 H5     2pz       -0.0407    0.0086    0.0482    0.0491   -0.0311
       26 H6     1s        -0.5699   -0.7247   -0.1887    0.8238   -0.3147
       27 H6     2s        -0.3279   -0.3273   -0.3661    0.6026    0.0559
       28 H6     2px        0.0000   -0.0000   -0.0000    0.0000   -0.0000
       29 H6     2py        0.0000   -0.0000    0.0000    0.0000   -0.0000
       30 H6     2pz       -0.0129    0.0529   -0.0047    0.0649   -0.0646
       31 H7     1s         0.5699    0.7247   -0.1887   -0.8237   -0.3147
       32 H7     2s         0.3279    0.3273   -0.3661   -0.6026    0.0558
       33 H7     2px        0.0000   -0.0000   -0.0000    0.0000   -0.0000
       34 H7     2py        0.0000    0.0000    0.0000    0.0000   -0.0000
       35 H7     2pz       -0.0129    0.0529    0.0047    0.0649    0.0646
       36 H8     1s        -0.1985   -0.2728    0.5983    0.5549    0.9144
       37 H8     2s        -0.0193   -0.3370    0.1621    0.0107    0.6136
       38 H8     2px       -0.0000   -0.0000   -0.0000   -0.0000   -0.0000
       39 H8     2py       -0.0000    0.0000   -0.0000    0.0000   -0.0000
       40 H8     2pz       -0.0407    0.0086   -0.0482    0.0491    0.0311
       41 H9     1s        -0.4678   -0.2227   -0.6366   -0.2336   -1.2490
       42 H9     2s        -0.1278   -0.3810   -0.3849   -0.4347   -0.8366
       43 H9     2px        0.0000   -0.0000    0.0000    0.0000   -0.0000
       44 H9     2py       -0.0000    0.0000    0.0000    0.0000   -0.0000
       45 H9     2pz        0.0021    0.0353   -0.0576   -0.0645    0.0642
       46 H10    1s         0.6575    0.7800    0.4031   -0.1986    1.2239
       47 H10    2s         0.5366    0.1870    0.3729   -0.1824    0.4739
       48 H10    2px        0.0000    0.0000    0.0000    0.0000    0.0000
       49 H10    2py        0.0000   -0.0000    0.0000   -0.0000   -0.0000
       50 H10    2pz       -0.0081   -0.0183   -0.0250   -0.0462    0.0400
       51 H11    1s        -0.7518   -0.8068   -0.1588    0.4058   -1.0435
       52 H11    2s        -0.2603   -0.6595    0.1080    0.3529   -0.8773
       53 H11    2px       -0.0000   -0.0000   -0.0000   -0.0000    0.0000
       54 H11    2py        0.0000    0.0000    0.0000   -0.0000   -0.0000
       55 H11    2pz       -0.0390   -0.0453   -0.0667   -0.1111   -0.0709
       56 H12    1s         0.2932    0.6304   -0.0817   -0.2302    0.6737
       57 H12    2s         0.5201    0.3748    0.3921    0.3829    0.4809
       58 H12    2px       -0.0000   -0.0000   -0.0000   -0.0000   -0.0000
       59 H12    2py        0.0000    0.0000    0.0000   -0.0000   -0.0000
       60 H12    2pz        0.0306   -0.0007    0.0180   -0.0144    0.0129
--
 
 
++    Molecular charges:
      ------------------
 
      Mulliken charges per centre and basis function type
      ---------------------------------------------------
 
                H1      H2      H3      H4      H5      H6      H7      H8      H9      H10     H11     H12   
      1s       0.9470  1.0274  1.0101  0.9960  1.0052  1.0027  1.0027  1.0052  0.9960  1.0101  1.0274  0.9470
      2s       0.0006 -0.0147 -0.0545 -0.0357 -0.0394 -0.0380 -0.0380 -0.0394 -0.0357 -0.0545 -0.0147  0.0006
      2px      0.0000  0.0000  0.0000  0.0000  0.0000  0.0000  0.0000  0.0000  0.0000  0.0000  0.0000  0.0000
      2pz      0.0180  0.0359  0.0347  0.0349  0.0349  0.0349  0.0349  0.0349  0.0349  0.0347  0.0359  0.0180
      2py      0.0000  0.0000  0.0000  0.0000  0.0000  0.0000  0.0000  0.0000  0.0000  0.0000  0.0000  0.0000
      Total    0.9656  1.0485  0.9904  0.9953  1.0006  0.9996  0.9996  1.0006  0.9953  0.9904  1.0485  0.9656
 
      N-E      0.0344 -0.0485  0.0096  0.0047 -0.0006  0.0004  0.0004 -0.0006  0.0047  0.0096 -0.0485  0.0344
 
      Total electronic charge=   12.000000
 
      Total            charge=   -0.000000
--
 
 
  Input file to MOLDEN was generated!
 
 
++    Static properties:
      ------------------
 
 
      LoProp Charges per center
 

                   H1       H2       H3       H4       H5       H6       H7       H8       H9       H10   
      Nuclear      1.0000   1.0000   1.0000   1.0000   1.0000   1.0000   1.0000   1.0000   1.0000   1.0000
      Electronic  -0.9998  -1.0041  -0.9975  -0.9993  -0.9997  -0.9995  -0.9995  -0.9997  -0.9993  -0.9975
 
      Total        0.0002  -0.0041   0.0025   0.0007   0.0003   0.0005   0.0005   0.0003   0.0007   0.0025
 

                   H11      H12   
      Nuclear      1.0000   1.0000
      Electronic  -1.0041  -0.9998
 
      Total       -0.0041   0.0002
--
 
 
++    Natural Bond Order analysis
      ---------------------------
      Based on LoProp computed density
      -------------------------------------------------------------------------------------
      Atom A       Atom B       Bond Order
      -------------------------------------------------------------------------------------
      NBO located      0.971 non-bonded electrons on atom H1        
      NBO located      1.019 non-bonded electrons on atom H3        
      NBO located      1.005 non-bonded electrons on atom H4        
      NBO located      1.014 non-bonded electrons on atom H5        
      NBO located      1.012 non-bonded electrons on atom H6        
      NBO located      1.012 non-bonded electrons on atom H7        
      NBO located      1.014 non-bonded electrons on atom H8        
      NBO located      1.005 non-bonded electrons on atom H9        
      NBO located      1.019 non-bonded electrons on atom H10       
      NBO located      0.971 non-bonded electrons on atom H12       
      The remaining    1.957 electrons are to be considered as diffuse
--
 
 
++    Molecular properties:
      ---------------------
 
      Charge (e):
                      =   -0.0000
      Dipole Moment (Debye):
      Origin of the operator (Ang)=    0.0000    0.0000    0.0000
                   X= -1.1712E-13               Y=  3.9211E-15               Z=  7.5143E-07           Total=  7.5143E-07
      Quadrupole Moment (Debye*Ang):
      Origin of the operator (Ang)=    0.0000    0.0000    6.6333
                  XX= -1.5749E+01              XY=  3.2189E-28              XZ=  7.3034E-13              YY= -1.5749E+01
                  YZ= -1.6736E-13              ZZ= -1.1103E+01
      In traceless form (Debye*Ang)
                  XX= -2.3233E+00              XY=  4.8284E-28              XZ=  1.0955E-12              YY= -2.3233E+00
                  YZ= -2.5104E-13              ZZ=  4.6466E+00
--
 
 
  Input file to MOLDEN was generated!
 
 ###############################################################################
 ###############################################################################
 ###                                                                         ###
 ###                                                                         ###
 ###    RunFile label nBas                                                   ###
 ###    was used       78 times                                              ###
 ###                                                                         ###
 ###                                                                         ###
 ###############################################################################
 ###############################################################################
forrtl: warning (528): IEEE_UNDERFLOW is signaling
--- Stop Module: scf at Sun Oct 26 21:36:11 2025 /rc=_RC_ALL_IS_WELL_ ---
*** files: H12_1.21.LprOrb H12_1.21.LoProp.molden H12_1.21.scf.molden H12_1.21.ScfOrb H12_1.21.scf.h5 xmldump
    saved to directory /home/grierjones/DDCASPT2/hydrogen_comps/rerun/H12_chain/H12_1.21

>>> COPY /tmp/H12_1.21/H12_1.21.scf.h5 /home/grierjones/DDCASPT2/hydrogen_comps/rerun/H12_chain/H12_1.21/

*** symbolic link created: INPORB -> H12_1.21.ScfOrb
--- Start Module: rasscf at Sun Oct 26 21:36:11 2025 ---
 
()()()()()()()()()()()()()()()()()()()()()()()()()()()()()()()()()()()()()()()()()()()()()()()()()()

                                              &RASSCF

                                   only a single process is used
                       available to each process: 2.0 GB of memory, 1 thread?
()()()()()()()()()()()()()()()()()()()()()()()()()()()()()()()()()()()()()()()()()()()()()()()()()()
 
 
      Header of the ONEINT file:
      --------------------------
      
      Integrals generated by seward 4.2.0  , Sun Oct 26 21:36:10 2025
 
 
      OrdInt status: non-squared
 
 
      Cartesian coordinates in Angstrom:
      -----------------------------------------------------
      No.  Label        X            Y            Z        
      -----------------------------------------------------
       1   H1         0.00000000   0.00000000   0.00000000
       2   H2         0.00000000   0.00000000   1.20606100
       3   H3         0.00000000   0.00000000   2.41212100
       4   H4         0.00000000   0.00000000   3.61818200
       5   H5         0.00000000   0.00000000   4.82424200
       6   H6         0.00000000   0.00000000   6.03030300
       7   H7         0.00000000   0.00000000   7.23636400
       8   H8         0.00000000   0.00000000   8.44242400
       9   H9         0.00000000   0.00000000   9.64848500
      10   H10        0.00000000   0.00000000  10.85454500
      11   H11        0.00000000   0.00000000  12.06060600
      12   H12        0.00000000   0.00000000  13.26666700
      -----------------------------------------------------
      Nuclear repulsion energy =   11.07378332
 
++    Wave function specifications:
      -----------------------------
 
      Number of closed shell electrons           0
      Number of electrons in active shells      12
      Max number of holes in RAS1 space          0
      Max nr of electrons in RAS3 space          0
      Number of inactive orbitals                0
      Number of active orbitals                 12
      Number of secondary orbitals              48
      Spin quantum number                      0.0
      State symmetry                             1
--
 
++    Orbital specifications:
      -----------------------
 
      Symmetry species                           1
                                                 a
      Frozen orbitals                            0
      Inactive orbitals                          0
      Active orbitals                           12
      RAS1 orbitals                              0
      RAS2 orbitals                             12
      RAS3 orbitals                              0
      Secondary orbitals                        48
      Deleted orbitals                           0
      Number of basis functions                 60
--
 
++    CI expansion specifications:
      ----------------------------
 
      Number of CSFs                        226512
      Number of determinants                427350
      Number of root(s) required                 1
      Root chosen for geometry opt.              1
      CI root used                               1
         
      highest root included in the CI            1
      max. size of the explicit Hamiltonian    200
--
 
++    Optimization specifications:
      ----------------------------
 
      RASSCF algorithm: Conventional
      Maximum number of macro iterations       200
      Maximum number of SX iterations          100
      Threshold for RASSCF energy            0.100E-07
      Threshold for max MO rotation          0.100E+00
      Threshold for max BLB element          0.100E-03
      Level shift parameter                  0.500E+00
      Make Quasi-Newton update
--
 
      The MO-coefficients are taken from the file:
      /home/grierjones/DDCASPT2/hydrogen_comps/rerun/H12_chain/H12_0.60/H12_0.60.RasOrb                                               
      Title: RASSCF average (pseudo-natural) orbitals                                      
 
      Total molecular charge    0.00
 
      ************************************************************************************************************************
      *                                                                                                                      *
      *                                            Wave function control section                                             *
      *                                                                                                                      *
      ************************************************************************************************************************
 
 
                                         RASSCF iterations: Energy and convergence statistics
                                         ----------------------------------------------------
 
      Iter CI   SX   CI       RASSCF       Energy    max ROT     max BLB   max BLB  Level Ln srch  Step   QN   Walltime
          iter iter root      energy       change     param      element    value   shift minimum  type update hh:mm:ss
 Nr of preliminary CI iterations:   6
        1   1  100    1    -5.45868159    0.00E+00  -0.15E+00*   2  56 1  0.11E+01*  0.06   0.00    SX    NO    0:00:22
        2   6  100    1    -6.27806897   -0.82E+00* -0.12E+00*   4  21 1  0.21E+00*  0.03   0.00    SX    NO    0:00:14
        3   3   82    1    -6.44001509   -0.16E+00* -0.71E-01    2  14 1 -0.69E-01*  0.01   0.00    SX    NO    0:00:10
        4   3   18    1    -6.45686526   -0.17E-01*  0.41E-01    2  14 1 -0.17E-01*  0.00   0.00    SX    NO    0:00:10
        5   4   18    1    -6.45883412   -0.20E-02*  0.29E-01    3  20 1 -0.40E-02*  0.00   1.81    LS   YES    0:00:11
        6   4   18    1    -6.45935025   -0.52E-03* -0.23E-01    2  14 1  0.54E-02*  0.00   1.21    QN   YES    0:00:11
        7   6   18    1    -6.45981902   -0.47E-03* -0.28E-01    2  14 1  0.50E-02*  0.01   2.43    LS   YES    0:00:14
        8   6   17    1    -6.46010508   -0.29E-03* -0.12E-01    2  14 1  0.45E-02*  0.01   1.32    QN   YES    0:00:12
        9   5   16    1    -6.46025267   -0.15E-03*  0.51E-02    1  20 1  0.80E-03*  0.01   1.30    QN   YES    0:00:10
       10   4   13    1    -6.46026807   -0.15E-04* -0.20E-02    1  13 1 -0.22E-03*  0.01   1.11    QN   YES    0:00:10
       11   4   11    1    -6.46026884   -0.77E-06* -0.67E-02    2  14 1 -0.80E-04   0.01   1.45    QN   YES    0:00:11
       12   6   13    1    -6.46026995   -0.11E-05* -0.97E-02    1  13 1  0.12E-03*  0.01   2.50    LS   YES    0:00:14
       13   6   15    1    -6.46027212   -0.22E-05* -0.14E-01    1  13 1  0.37E-03*  0.01   2.50    LS   YES    0:00:14
       14   6   16    1    -6.46027643   -0.43E-05*  0.10E-01    1  13 1  0.72E-03*  0.01   2.50    QN   YES    0:00:14
       15   5   16    1    -6.46026606    0.10E-04* -0.13E+00*   1  13 1  0.90E-03*  0.01  -0.50    QN   YES    0:00:13
       16   9   21    1    -6.45985066    0.42E-03*  0.57E-01    2  14 1 -0.89E-02*  0.01   0.18    LS   YES    0:00:19
       17   5   18    1    -6.46019322   -0.34E-03* -0.64E-01    2  14 1 -0.46E-02*  0.01   1.84    SX   YES    0:00:13
       18   5   18    1    -6.46055691   -0.36E-03* -0.72E-01    2  14 1 -0.18E-02*  0.01   2.50    LS   YES    0:00:13
       19   5   16    1    -6.46104395   -0.49E-03* -0.77E-01    2  14 1  0.13E-02*  0.01   2.50    LS   YES    0:00:13
       20   5   20    1    -6.46174702   -0.70E-03*  0.13E+00*   2  14 1  0.48E-02*  0.00   2.50    QN   YES    0:00:13
       21   6   21    1    -6.46023168    0.15E-02* -0.86E-01    2  14 1 -0.75E-02*  0.01  -0.50    LS   YES    0:00:14
       22   5   20    1    -6.46130633   -0.11E-02* -0.83E-01   11  20 1  0.14E-02*  0.01   2.50    LS   YES    0:00:13
       23   5   27    1    -6.46211550   -0.81E-03*  0.23E+00*   2  14 1  0.85E-02*  0.00   2.50    QN   YES    0:00:13
       24   6   21    1    -6.45971490    0.24E-02* -0.24E+00*   2  14 1 -0.99E-02*  0.01  -0.50    QN   YES    0:00:14
       25   6   20    1    -6.46233693   -0.26E-02* -0.15E+00*   2  14 1  0.67E-02*  0.00   2.50    LS   YES    0:00:14
       26   5   48    1    -6.46474972   -0.24E-02* -0.12E+00*   2  14 1  0.17E-01*  0.00   2.50    LS   YES    0:00:13
       27   6   21    1    -6.46704440   -0.23E-02*  0.25E+00*   2  14 1  0.26E-01*  0.00   2.22    QN   YES    0:00:14
       28   6   27    1    -6.46214126    0.49E-02* -0.13E+00*   2  14 1  0.11E-01*  0.00  -0.50    LS   YES    0:00:14
       29   5   54    1    -6.46432396   -0.22E-02* -0.11E+00*   2  14 1  0.19E-01*  0.00   2.50    LS   YES    0:00:13
       30   5   21    1    -6.46680173   -0.25E-02* -0.85E-01    2  14 1  0.25E-01*  0.00   2.50    QN   YES    0:00:13
       31   6   18    1    -6.47068555   -0.39E-02*  0.17E+00*   2  14 1  0.71E-02*  0.00   1.06    QN   YES    0:00:14
       32   5   31    1    -6.46670422    0.40E-02* -0.15E+00*  12  20 1 -0.47E-02*  0.00  -0.50    QN   YES    0:00:13
       33   6   36    1    -6.47182605   -0.51E-02* -0.10E+00*   2  14 1  0.71E-02*  0.00   2.50    LS   YES    0:00:14
       34   6   19    1    -6.47757269   -0.57E-02* -0.85E-01    2  14 1  0.14E-01*  0.00   2.50    LS   YES    0:00:14
       35   5   47    1    -6.48191879   -0.43E-02*  0.19E+00*   2  14 1  0.19E-01*  0.00   1.70    QN   YES    0:00:13
       36   7   44    1    -6.47387570    0.80E-02*  0.11E+00*   2  14 1  0.11E-01*  0.00   2.50    LS   YES    0:00:16
       37   5   23    1    -6.47512010   -0.12E-02*  0.94E-01    5  20 1  0.79E-02*  0.00   2.50    LS   YES    0:00:13
       38   7   41    1    -6.47845979   -0.33E-02*  0.78E-01    9  20 1 -0.11E-01*  0.00   2.40    QN   YES    0:00:16
       39   7   47    1    -6.48313930   -0.47E-02* -0.62E-01    4  53 1 -0.78E-02*  0.00   1.64    SX   YES    0:00:16
       40   6   33    1    -6.49071554   -0.76E-02* -0.18E+00*   4  53 1 -0.61E-02*  0.00   2.14    QN   YES    0:00:14
       41   6   33    1    -6.49505035   -0.43E-02* -0.51E-01    9  20 1 -0.52E-02*  0.00   0.88    QN   YES    0:00:14
       42   5   35    1    -6.49583934   -0.79E-03*  0.26E-01    4  53 1  0.32E-02*  0.00   0.71    QN   YES    0:00:13
       43   5   33    1    -6.49651820   -0.68E-03*  0.10E+00*   4  53 1  0.13E-02*  0.00   1.91    QN   YES    0:00:13
       44   7   82    1    -6.49844217   -0.19E-02*  0.82E-01    5  20 1  0.26E-02*  0.00   2.50    LS   YES    0:00:16
       45   6  100    1    -6.50151627   -0.31E-02*  0.72E-01    5  20 1  0.47E-02*  0.00   2.50    LS   YES    0:00:14
       46   6  100    1    -6.50532517   -0.38E-02*  0.11E+00*   5  20 1  0.66E-02*  0.00   2.50    QN   YES    0:00:14
       47   6   52    1    -6.51113536   -0.58E-02* -0.15E+00*   4  53 1  0.96E-02*  0.00   1.10    QN   YES    0:00:14
       48   7   75    1    -6.50118538    0.99E-02* -0.14E+00*  11  45 1  0.47E-02*  0.00  -0.50    QN   YES    0:00:16
       49   6   19    1    -6.51057744   -0.94E-02* -0.15E+00*  11  24 1  0.75E-02*  0.00   1.71    QN   YES    0:00:14
       50   4   44    1    -6.51025412    0.32E-03* -0.67E-01    6  24 1 -0.91E-02*  0.00   0.50    QN   YES    0:00:11
       51   9   20    1    -6.52215737   -0.12E-01* -0.66E-01    4  53 1  0.93E-02*  0.00   2.10    QN   YES    0:00:19
       52   5   22    1    -6.52995845   -0.78E-02* -0.62E-01    6  45 1 -0.67E-02*  0.00   1.10    QN   YES    0:00:13
       53   4   19    1    -6.53042714   -0.47E-03*  0.23E-01    6  24 1  0.90E-02*  0.00   0.58    LS   YES    0:00:11
       54   4   20    1    -6.53094750   -0.52E-03* -0.11E-01    6  24 1  0.37E-02*  0.00   1.12    QN   YES    0:00:11
       55   4   20    1    -6.53079998    0.15E-03* -0.13E-01   11  29 1  0.26E-02*  0.00  -0.17    SX   YES    0:00:11
       56   4   19    1    -6.53139004   -0.59E-03* -0.94E-02   11  29 1  0.12E-02*  0.00   1.79    LS   YES    0:00:11
       57   2   16    1    -6.53153325   -0.14E-03* -0.28E-02    5  20 1 -0.52E-03*  0.00   1.08    QN   YES    0:00:08
       58   3   14    1    -6.53154075   -0.75E-05* -0.17E-02    2  45 1  0.15E-03*  0.00   1.28    QN   YES    0:00:10
       59   5   13    1    -6.53154202   -0.13E-05* -0.33E-03    4  55 1 -0.32E-04   0.00   1.12    QN   YES    0:00:13
       60   5   12    1    -6.53154215   -0.13E-06*  0.14E-03    5  20 1  0.27E-04   0.00   1.13    QN   YES    0:00:13
       61   3   10    1    -6.53154218   -0.22E-07*  0.48E-04    4  53 1 -0.67E-05   0.00   1.07    QN   YES    0:00:10
       62   1    9    1    -6.53154218   -0.27E-08  -0.12E-04    2  24 1  0.47E-05   0.00   1.23    QN   YES    0:00:07
      Convergence after 62 iterations
 
  Dmat in MO in SXCTL bf call to SXHAM                                                                                    
  mat. size =    12x   12
 
        1.9451550704949157
        0.0000132841608975      1.9220447587049541
       -0.0106169713764805      0.0000124051779397      1.9296877434092472
       -0.0000207023265598      0.0158837429441191     -0.0000045883296674      1.9037189043553895
        0.0008685242833614     -0.0000176015306934     -0.0242029098153208      0.0000222128607706      1.8617244148588190
        0.0000085423593748      0.0451788510747160      0.0000035041668206     -0.0316656060537136      0.0000774108879275
        1.7486404295876941
       -0.1114348133168651      0.0002251233109283     -0.0331721910026639     -0.0003428721874887     -0.0019995775751934
       -0.0001914134779293      0.0815719922969083
       -0.0000200553039314     -0.1061209382139582      0.0001729468918069      0.0067653505606222      0.0000529715012392
       -0.0039567203756694     -0.0000437034441860      0.0705859410239876
        0.0295992377206833      0.0000727675500094     -0.0257407532406358      0.0000719745295122     -0.0968578046883301
       -0.0002862726031003      0.0270847874029402     -0.0000467639464177      0.2628194962073666
        0.0000232326195264      0.1519857151429734      0.0000263703259148     -0.0113950429583592      0.0000969036009336
       -0.1544817637868754      0.0005998399211710      0.0306132928281616     -0.0013917240451310      0.1354448948415720
        0.0035153114988030      0.0024832830304939      0.0011097547984459     -0.0024010800694815      0.0064891816860554
       -0.0056798716376386      0.0170194892369058     -0.0010348859389794     -0.0420713939788088     -0.0000998854992307
        0.0702130842803729
       -0.0015870938510608     -0.0034168775556275     -0.0002371773778208      0.0037899662228003     -0.0036325397813685
        0.0258193174390200      0.0004210936343030      0.0071873728193731      0.0021046137974234      0.0334361298846444
       -0.0014955629200734      0.0683932699385594
       63   1    9    1    -6.53154218   -0.44E-09  -0.12E-04    4  21 1 -0.17E-05   0.00   1.23    QN   YES    0:00:08
 
      ************************************************************************************************************************
                                                      Wave function printout:
                       occupation of active orbitals, and spin coupling of open shells (u,d: Spin up or down)
      ************************************************************************************************************************
 
      Note: transformation to natural orbitals
      has been made, which may change the order of the CSFs.
 
      printout of CI-coefficients larger than  0.05 for root  1
      energy=      -6.531542
      conf/sym  111111111111     Coeff  Weight
             1  222222000000   0.84371 0.71184
            43  222220002000  -0.22165 0.04913
            47  222220000200  -0.05492 0.00302
            67  2222ud00ud00  -0.17219 0.02965
            83  222u2du0d000   0.11538 0.01331
           118  22u22d00u00d  -0.08924 0.00796
           134  2u222d00u0d0  -0.07638 0.00583
           147  u2222d0ud000  -0.07731 0.00598
           169  222202002000  -0.06607 0.00437
           173  222202000200  -0.08313 0.00691
           191  222ud2u00d00   0.08232 0.00678
           193  222ud200ud00  -0.05382 0.00290
           224  22u2d2000u0d  -0.06437 0.00414
           240  2u22d2000ud0  -0.05681 0.00323
           305  22ud22u0000d   0.05267 0.00277
           484  2222uu00dd00   0.08193 0.00671
           495  222u2ud0d000   0.05860 0.00343
 
      Natural orbitals and occupation numbers for root  1
      sym 1:   1.956268   1.948343   1.934089   1.908711   1.860290   1.751558   0.089403   0.034556   0.267967   0.146171
               0.043136   0.059508
 
      ************************************************************************************************************************
      *                                                                                                                      *
      *                                                    Final results                                                     *
      *                                                                                                                      *
      ************************************************************************************************************************
 
 
++    Wave function specifications:
      -----------------------------
 
      Number of closed shell electrons           0
      Number of electrons in active shells      12
      Max number of holes in RAS1 space          0
      Max nr of electrons in RAS3 space          0
      Number of inactive orbitals                0
      Number of active orbitals                 12
      Number of secondary orbitals              48
      Spin quantum number                      0.0
      State symmetry                             1
--
 
++    Orbital specifications:
      -----------------------
 
      Symmetry species                           1
                                                 a
      Frozen orbitals                            0
      Inactive orbitals                          0
      Active orbitals                           12
      RAS1 orbitals                              0
      RAS2 orbitals                             12
      RAS3 orbitals                              0
      Secondary orbitals                        48
      Deleted orbitals                           0
      Number of basis functions                 60
--
 
++    CI expansion specifications:
      ----------------------------
 
      Number of CSFs                        226512
      Number of determinants                427350
      Number of root(s) required                 1
      CI root used                               1
      highest root included in the CI            1
      Root passed to geometry opt.               1
--
 
++    Final optimization conditions:
      ------------------------------
 
      Average CI energy                              -6.53154218
      RASSCF energy for state  1                     -6.53154218
      Super-CI energy                                -0.00000000
      RASSCF energy change                            0.00000000
      Max change in MO coefficients              -0.301E-04
      Max non-diagonal density matrix element    -0.122E-04
      Maximum BLB matrix element                 -0.167E-05
      (orbital pair   4,  21 in symmetry   1)
      Norm of electronic gradient            0.750E-05
--
 
 
      Final state energy(ies):
      ------------------------
 
::    RASSCF root number  1 Total energy:     -6.53154218
 
++    Molecular orbitals:
      -------------------
 
      Pseudonatural active orbitals and approximate occupation numbers
 
 
 
 
      Molecular orbitals for symmetry species 1: a  
 
 
      Orbital                1         2         3         4         5         6         7         8         9        10
      Energy            0.0000    0.0000    0.0000    0.0000    0.0000    0.0000    0.0000    0.0000    0.0000    0.0000
      Occ. No.          1.9563    1.9483    1.9341    1.9087    1.8603    1.7516    0.0894    0.0346    0.2680    0.1462
 
    1 H1     1s         0.0688    0.1452    0.2204   -0.2823    0.3177   -0.2961    0.5180   -0.2336   -0.3547   -0.4734
    2 H1     2s         0.0012    0.0011   -0.0003   -0.0018    0.0137   -0.0323    0.0193   -0.0352   -0.0120   -0.0078
    3 H1     2px       -0.0000   -0.0000   -0.0000    0.0000   -0.0000    0.0000   -0.0000    0.0000    0.0000    0.0000
    4 H1     2py        0.0000    0.0000    0.0000   -0.0000    0.0000   -0.0000    0.0000   -0.0000   -0.0000   -0.0000
    5 H1     2pz        0.0050    0.0095    0.0121   -0.0112    0.0076   -0.0032    0.0045   -0.0053   -0.0014   -0.0025
    6 H2     1s         0.1083    0.2154    0.2960   -0.3226    0.2785   -0.1619   -0.6006    0.4875    0.0774    0.3284
    7 H2     2s        -0.0115   -0.0161   -0.0062   -0.0216    0.0529   -0.0558   -0.0812    0.1395   -0.0308    0.0098
    8 H2     2px        0.0000   -0.0000   -0.0000    0.0000   -0.0000    0.0000    0.0000   -0.0000   -0.0000    0.0000
    9 H2     2py       -0.0000   -0.0000    0.0000   -0.0000    0.0000   -0.0000    0.0000    0.0000   -0.0000    0.0000
   10 H2     2pz        0.0044    0.0059    0.0013    0.0088   -0.0184    0.0203   -0.0091   -0.0056    0.0215    0.0197
   11 H3     1s         0.1822    0.2782    0.2210   -0.0112   -0.2521    0.3962    0.1152   -0.7308    0.4545    0.3259
   12 H3     2s        -0.0056   -0.0124   -0.0161    0.0215   -0.0455    0.0810    0.0413   -0.2104    0.0616    0.0284
   13 H3     2px       -0.0000   -0.0000   -0.0000    0.0000   -0.0000    0.0000    0.0000    0.0000   -0.0000   -0.0000
   14 H3     2py        0.0000   -0.0000   -0.0000    0.0000    0.0000   -0.0000   -0.0000   -0.0000    0.0000    0.0000
   15 H3     2pz        0.0042    0.0016   -0.0087    0.0185   -0.0179    0.0076    0.0197   -0.0016   -0.0071   -0.0162
   16 H4     1s         0.2191    0.2736    0.1025    0.1798   -0.3474    0.2520    0.4468    0.9098   -0.2382   -0.5591
   17 H4     2s        -0.0147   -0.0078    0.0117   -0.0078   -0.0361    0.0608    0.1006    0.2721   -0.0120   -0.0882
   18 H4     2px       -0.0000    0.0000    0.0000   -0.0000    0.0000   -0.0000   -0.0000   -0.0000   -0.0000    0.0000
   19 H4     2py        0.0000    0.0000   -0.0000    0.0000   -0.0000    0.0000    0.0000   -0.0000    0.0000   -0.0000
   20 H4     2pz        0.0033   -0.0034   -0.0146    0.0133    0.0046   -0.0196   -0.0166   -0.0093   -0.0193   -0.0028
   21 H5     1s         0.2661    0.1784   -0.1516    0.2912   -0.0049   -0.3919   -0.6544   -1.0461   -0.4308    0.0897
   22 H5     2s        -0.0117   -0.0152   -0.0084    0.0047    0.0155   -0.0806   -0.1275   -0.3102   -0.0493    0.0423
   23 H5     2px        0.0000   -0.0000    0.0000    0.0000    0.0000   -0.0000   -0.0000   -0.0000   -0.0000   -0.0000
   24 H5     2py        0.0000    0.0000    0.0000    0.0000   -0.0000    0.0000   -0.0000   -0.0000    0.0000   -0.0000
   25 H5     2pz        0.0024   -0.0077   -0.0132   -0.0025    0.0198   -0.0135   -0.0059   -0.0038    0.0127    0.0199
   26 H6     1s         0.2816    0.0884   -0.2532    0.1688    0.2490   -0.3424    0.3160    1.1143    0.3550    0.4476
   27 H6     2s        -0.0151    0.0064    0.0101    0.0160    0.0160   -0.0757    0.0433    0.3335    0.0331    0.0864
   28 H6     2px       -0.0000   -0.0000    0.0000   -0.0000   -0.0000    0.0000   -0.0000   -0.0000    0.0000    0.0000
   29 H6     2py       -0.0000   -0.0000   -0.0000   -0.0000    0.0000    0.0000    0.0000   -0.0000   -0.0000    0.0000
   30 H6     2pz        0.0007   -0.0103   -0.0053   -0.0162    0.0104    0.0178    0.0157   -0.0074    0.0173   -0.0120
   31 H7     1s         0.2816   -0.0884   -0.2531   -0.1689    0.2489    0.3424    0.3161   -1.1143    0.3550   -0.4476
   32 H7     2s        -0.0151   -0.0064    0.0101   -0.0160    0.0160    0.0757    0.0433   -0.3334    0.0331   -0.0864
   33 H7     2px        0.0000    0.0000    0.0000   -0.0000    0.0000    0.0000   -0.0000    0.0000    0.0000   -0.0000
   34 H7     2py       -0.0000    0.0000   -0.0000   -0.0000    0.0000    0.0000    0.0000    0.0000   -0.0000   -0.0000
   35 H7     2pz       -0.0007   -0.0103    0.0053   -0.0162   -0.0104    0.0178   -0.0157   -0.0074   -0.0173   -0.0120
   36 H8     1s         0.2661   -0.1784   -0.1515   -0.2912   -0.0050    0.3919   -0.6544    1.0461   -0.4308   -0.0898
   37 H8     2s        -0.0117    0.0152   -0.0084   -0.0047    0.0155    0.0806   -0.1275    0.3102   -0.0493   -0.0423
   38 H8     2px       -0.0000    0.0000    0.0000    0.0000    0.0000    0.0000   -0.0000    0.0000    0.0000   -0.0000
   39 H8     2py       -0.0000    0.0000    0.0000    0.0000    0.0000   -0.0000   -0.0000    0.0000    0.0000   -0.0000
   40 H8     2pz       -0.0024   -0.0077    0.0132   -0.0025   -0.0198   -0.0135    0.0059   -0.0038   -0.0127    0.0199
   41 H9     1s         0.2191   -0.2736    0.1025   -0.1797   -0.3474   -0.2520    0.4467   -0.9098   -0.2382    0.5591
   42 H9     2s        -0.0147    0.0078    0.0117    0.0078   -0.0361   -0.0608    0.1006   -0.2721   -0.0120    0.0882
   43 H9     2px        0.0000   -0.0000    0.0000   -0.0000   -0.0000   -0.0000    0.0000   -0.0000   -0.0000    0.0000
   44 H9     2py        0.0000   -0.0000    0.0000   -0.0000   -0.0000   -0.0000    0.0000   -0.0000    0.0000    0.0000
   45 H9     2pz       -0.0033   -0.0034    0.0146    0.0133   -0.0046   -0.0196    0.0166   -0.0093    0.0193   -0.0028
   46 H10    1s         0.1822   -0.2782    0.2210    0.0113   -0.2521   -0.3962    0.1153    0.7308    0.4545   -0.3258
   47 H10    2s        -0.0056    0.0124   -0.0161   -0.0215   -0.0455   -0.0810    0.0413    0.2104    0.0616   -0.0284
   48 H10    2px       -0.0000    0.0000   -0.0000   -0.0000    0.0000    0.0000    0.0000   -0.0000   -0.0000    0.0000
   49 H10    2py       -0.0000    0.0000   -0.0000   -0.0000    0.0000    0.0000    0.0000   -0.0000   -0.0000    0.0000
   50 H10    2pz       -0.0042    0.0016    0.0087    0.0185    0.0179    0.0076   -0.0197   -0.0016    0.0071   -0.0162
   51 H11    1s         0.1083   -0.2153    0.2960    0.3226    0.2785    0.1619   -0.6007   -0.4875    0.0774   -0.3285
   52 H11    2s        -0.0115    0.0161   -0.0062    0.0216    0.0529    0.0558   -0.0813   -0.1395   -0.0308   -0.0098
   53 H11    2px       -0.0000    0.0000   -0.0000   -0.0000   -0.0000   -0.0000    0.0000    0.0000    0.0000    0.0000
   54 H11    2py       -0.0000    0.0000   -0.0000   -0.0000   -0.0000   -0.0000    0.0000    0.0000    0.0000   -0.0000
   55 H11    2pz       -0.0044    0.0059   -0.0013    0.0088    0.0184    0.0203    0.0092   -0.0056   -0.0215    0.0197
   56 H12    1s         0.0688   -0.1451    0.2203    0.2823    0.3177    0.2961    0.5180    0.2336   -0.3547    0.4734
   57 H12    2s         0.0012   -0.0011   -0.0003    0.0018    0.0137    0.0323    0.0194    0.0352   -0.0120    0.0078
   58 H12    2px       -0.0000    0.0000   -0.0000   -0.0000   -0.0000   -0.0000   -0.0000    0.0000    0.0000   -0.0000
   59 H12    2py       -0.0000    0.0000    0.0000    0.0000    0.0000    0.0000    0.0000    0.0000   -0.0000    0.0000
   60 H12    2pz       -0.0050    0.0095   -0.0121   -0.0112   -0.0076   -0.0032   -0.0045   -0.0053    0.0014   -0.0025
 
 
      Orbital               11        12        13        14        15        16        17        18        19        20
      Energy            0.0000    0.0000    0.2236    0.2532    0.3019    0.3783    0.4975    0.5678    0.5678    0.6024
      Occ. No.          0.0431    0.0595    0.0000    0.0000    0.0000    0.0000    0.0000    0.0000    0.0000    0.0000
 
    1 H1     1s         0.4067   -0.4985   -0.0625   -0.0562   -0.0614    0.2759   -0.5373    0.0000    0.0000    0.0000
    2 H1     2s         0.0473   -0.0370    0.1332    0.3111   -0.5219    0.7189   -0.8655   -0.0000   -0.0000    0.0000
    3 H1     2px       -0.0000    0.0000    0.0000    0.0000   -0.0000   -0.0000   -0.0000    0.0034    0.0753   -0.1158
    4 H1     2py        0.0000   -0.0000   -0.0000   -0.0000   -0.0000   -0.0000   -0.0000    0.0753   -0.0034   -0.0973
    5 H1     2pz        0.0075   -0.0067   -0.0158   -0.0219    0.0116    0.0121   -0.0353   -0.0000   -0.0000   -0.0000
    6 H2     1s        -0.7628    0.7790   -0.0802   -0.1423    0.1710   -0.2112    0.3555   -0.0000   -0.0000   -0.0000
    7 H2     2s        -0.1897    0.1546    0.1107    0.1654   -0.1047   -0.1192    0.5161   -0.0000   -0.0000   -0.0000
    8 H2     2px        0.0000   -0.0000    0.0000   -0.0000   -0.0000   -0.0000   -0.0000    0.0062    0.1354   -0.1886
    9 H2     2py        0.0000    0.0000    0.0000   -0.0000   -0.0000   -0.0000   -0.0000    0.1354   -0.0062   -0.1586
   10 H2     2pz        0.0074   -0.0021   -0.0047    0.0166   -0.0672    0.1250   -0.1588   -0.0000   -0.0000    0.0000
   11 H3     1s         0.9534   -0.6507   -0.0830   -0.0515   -0.0486    0.0831    0.0372    0.0000    0.0000    0.0000
   12 H3     2s         0.2455   -0.1507    0.1580    0.2463   -0.1674   -0.0968    0.4132    0.0000    0.0000    0.0000
   13 H3     2px       -0.0000    0.0000    0.0000   -0.0000   -0.0000   -0.0000   -0.0000    0.0087    0.1914   -0.2242
   14 H3     2py        0.0000    0.0000    0.0000   -0.0000   -0.0000   -0.0000   -0.0000    0.1914   -0.0087   -0.1885
   15 H3     2pz        0.0074   -0.0155   -0.0141    0.0035   -0.0423    0.0544    0.0046   -0.0000   -0.0000   -0.0000
   16 H4     1s        -0.9049    0.2005   -0.1007   -0.1029    0.0384   -0.0270    0.0789   -0.0000   -0.0000   -0.0000
   17 H4     2s        -0.2328    0.0280    0.1699    0.1567    0.0796   -0.3675    0.3761   -0.0000   -0.0000   -0.0000
   18 H4     2px       -0.0000    0.0000    0.0000   -0.0000   -0.0000   -0.0000   -0.0000    0.0107    0.2358   -0.2090
   19 H4     2py       -0.0000   -0.0000    0.0000   -0.0000   -0.0000   -0.0000   -0.0000    0.2358   -0.0107   -0.1758
   20 H4     2pz        0.0012    0.0157   -0.0078    0.0242   -0.0592    0.0290    0.0671   -0.0000    0.0000   -0.0000
   21 H5     1s         0.6363    0.3812   -0.1085   -0.0229   -0.0592   -0.0276    0.0135    0.0000    0.0000    0.0000
   22 H5     2s         0.1744    0.0753    0.1900    0.1393    0.1556   -0.3219   -0.0678    0.0000    0.0000    0.0000
   23 H5     2px       -0.0000   -0.0000    0.0000   -0.0000   -0.0000   -0.0000   -0.0000    0.0122    0.2676   -0.1476
   24 H5     2py       -0.0000   -0.0000    0.0000   -0.0000   -0.0000   -0.0000   -0.0000    0.2676   -0.0122   -0.1241
   25 H5     2pz        0.0139   -0.0127   -0.0067    0.0294   -0.0391   -0.0369    0.1139    0.0000    0.0000    0.0000
   26 H6     1s        -0.2408   -0.7383   -0.1124   -0.0514   -0.0419    0.0270   -0.1237   -0.0000   -0.0000   -0.0000
   27 H6     2s        -0.0565   -0.1698    0.1976    0.0220    0.2579   -0.1133   -0.4623   -0.0000   -0.0000   -0.0000
   28 H6     2px        0.0000    0.0000    0.0000    0.0000   -0.0000    0.0000   -0.0000    0.0129    0.2837   -0.0533
   29 H6     2py        0.0000    0.0000   -0.0000    0.0000    0.0000    0.0000    0.0000    0.2837   -0.0129   -0.0448
   30 H6     2pz       -0.0112    0.0107   -0.0014    0.0369   -0.0161   -0.0719    0.0451   -0.0000    0.0000    0.0000
   31 H7     1s        -0.2409    0.7383   -0.1124    0.0514   -0.0419   -0.0270   -0.1237   -0.0000   -0.0000    0.0000
   32 H7     2s        -0.0565    0.1698    0.1976   -0.0220    0.2579    0.1133   -0.4623   -0.0000   -0.0000    0.0000
   33 H7     2px       -0.0000    0.0000    0.0000    0.0000   -0.0000    0.0000   -0.0000    0.0129    0.2837    0.0533
   34 H7     2py       -0.0000   -0.0000   -0.0000    0.0000    0.0000    0.0000    0.0000    0.2837   -0.0129    0.0448
   35 H7     2pz        0.0112    0.0107    0.0014    0.0369    0.0161   -0.0719   -0.0451    0.0000   -0.0000    0.0000
   36 H8     1s         0.6364   -0.3810   -0.1085    0.0229   -0.0592    0.0276    0.0135    0.0000    0.0000   -0.0000
   37 H8     2s         0.1744   -0.0752    0.1900   -0.1393    0.1556    0.3219   -0.0678    0.0000    0.0000   -0.0000
   38 H8     2px       -0.0000   -0.0000    0.0000   -0.0000   -0.0000    0.0000   -0.0000    0.0122    0.2676    0.1476
   39 H8     2py       -0.0000    0.0000    0.0000    0.0000   -0.0000    0.0000   -0.0000    0.2676   -0.0122    0.1241
   40 H8     2pz       -0.0139   -0.0127    0.0067    0.0294    0.0391   -0.0369   -0.1139   -0.0000   -0.0000   -0.0000
   41 H9     1s        -0.9049   -0.2007   -0.1007    0.1029    0.0384    0.0270    0.0789   -0.0000    0.0000    0.0000
   42 H9     2s        -0.2328   -0.0280    0.1699   -0.1567    0.0797    0.3675    0.3761   -0.0000    0.0000    0.0000
   43 H9     2px       -0.0000    0.0000    0.0000   -0.0000   -0.0000    0.0000   -0.0000    0.0107    0.2358    0.2090
   44 H9     2py       -0.0000    0.0000    0.0000    0.0000   -0.0000    0.0000   -0.0000    0.2358   -0.0107    0.1758
   45 H9     2pz       -0.0012    0.0157    0.0078    0.0242    0.0592    0.0290   -0.0671   -0.0000   -0.0000   -0.0000
   46 H10    1s         0.9534    0.6508   -0.0830    0.0515   -0.0486   -0.0831    0.0372    0.0000    0.0000   -0.0000
   47 H10    2s         0.2455    0.1508    0.1580   -0.2463   -0.1673    0.0968    0.4132    0.0000    0.0000   -0.0000
   48 H10    2px       -0.0000   -0.0000    0.0000   -0.0000   -0.0000    0.0000   -0.0000    0.0087    0.1914    0.2242
   49 H10    2py       -0.0000   -0.0000    0.0000    0.0000   -0.0000    0.0000   -0.0000    0.1914   -0.0087    0.1885
   50 H10    2pz       -0.0074   -0.0155    0.0141    0.0035    0.0423    0.0544   -0.0046   -0.0000    0.0000   -0.0000
   51 H11    1s        -0.7626   -0.7791   -0.0802    0.1423    0.1710    0.2111    0.3554   -0.0000   -0.0000    0.0000
   52 H11    2s        -0.1897   -0.1547    0.1107   -0.1653   -0.1046    0.1192    0.5161   -0.0000   -0.0000    0.0000
   53 H11    2px        0.0000    0.0000    0.0000    0.0000   -0.0000    0.0000   -0.0000    0.0062    0.1354    0.1886
   54 H11    2py        0.0000    0.0000    0.0000    0.0000   -0.0000    0.0000   -0.0000    0.1354   -0.0062    0.1586
   55 H11    2pz       -0.0074   -0.0021    0.0047    0.0166    0.0672    0.1250    0.1588    0.0000    0.0000    0.0000
   56 H12    1s         0.4066    0.4985   -0.0625    0.0562   -0.0614   -0.2759   -0.5372   -0.0000    0.0000   -0.0000
   57 H12    2s         0.0474    0.0370    0.1332   -0.3111   -0.5220   -0.7189   -0.8655   -0.0000   -0.0000   -0.0000
   58 H12    2px       -0.0000   -0.0000    0.0000   -0.0000   -0.0000    0.0000   -0.0000    0.0034    0.0753    0.1158
   59 H12    2py        0.0000    0.0000   -0.0000    0.0000   -0.0000    0.0000   -0.0000    0.0753   -0.0034    0.0973
   60 H12    2pz       -0.0075   -0.0067    0.0158   -0.0219   -0.0116    0.0121    0.0353    0.0000    0.0000   -0.0000
 
 
      Orbital               21        22        23        24        25        26        27        28        29        30
      Energy            0.6024    0.6598    0.6598    0.6682    0.7406    0.7406    0.8455    0.8455    0.8727    0.9752
      Occ. No.          0.0000    0.0000    0.0000    0.0000    0.0000    0.0000    0.0000    0.0000    0.0000    0.0000
 
    1 H1     1s         0.0000   -0.0000   -0.0000    0.7602   -0.0000   -0.0000   -0.0000   -0.0000   -0.8605    0.0000
    2 H1     2s        -0.0000   -0.0000   -0.0000    0.9290    0.0000   -0.0000   -0.0000   -0.0000   -0.8586   -0.0000
    3 H1     2px        0.0973    0.1762    0.1412    0.0000   -0.2311    0.1837   -0.1105   -0.3371    0.0000   -0.3261
    4 H1     2py       -0.1158    0.1412   -0.1762    0.0000   -0.1837   -0.2311    0.3371   -0.1105   -0.0000   -0.2274
    5 H1     2pz       -0.0000   -0.0000   -0.0000    0.0392    0.0000   -0.0000   -0.0000    0.0000   -0.0015   -0.0000
    6 H2     1s        -0.0000    0.0000    0.0000   -0.6796    0.0000    0.0000    0.0000    0.0000    1.0979   -0.0000
    7 H2     2s        -0.0000    0.0000    0.0000   -1.0407    0.0000    0.0000    0.0000    0.0000    1.5196   -0.0000
    8 H2     2px        0.1586    0.2398    0.1922    0.0000   -0.2331    0.1853   -0.0652   -0.1989    0.0000   -0.0418
    9 H2     2py       -0.1886    0.1922   -0.2398    0.0000   -0.1853   -0.2331    0.1989   -0.0652   -0.0000   -0.0291
   10 H2     2pz       -0.0000   -0.0000    0.0000    0.1475    0.0000   -0.0000   -0.0000    0.0000   -0.0997    0.0000
   11 H3     1s         0.0000   -0.0000    0.0000   -0.1723   -0.0000    0.0000    0.0000   -0.0000    0.0069    0.0000
   12 H3     2s         0.0000   -0.0000    0.0000   -0.4930   -0.0000    0.0000    0.0000   -0.0000    0.0529    0.0000
   13 H3     2px        0.1885    0.1925    0.1543    0.0000   -0.0461    0.0366    0.0597    0.1823   -0.0000    0.3109
   14 H3     2py       -0.2242    0.1543   -0.1925    0.0000   -0.0366   -0.0461   -0.1823    0.0597    0.0000    0.2168
   15 H3     2pz        0.0000    0.0000    0.0000   -0.1228    0.0000    0.0000    0.0000    0.0000    0.2315   -0.0000
   16 H4     1s         0.0000    0.0000   -0.0000    0.0980    0.0000   -0.0000   -0.0000    0.0000   -0.5975   -0.0000
   17 H4     2s         0.0000    0.0000   -0.0000    0.1719    0.0000   -0.0000   -0.0000    0.0000   -0.9880   -0.0000
   18 H4     2px        0.1758    0.0510    0.0409    0.0000    0.1790   -0.1423    0.1097    0.3349   -0.0000    0.1325
   19 H4     2py       -0.2090    0.0409   -0.0510    0.0000    0.1423    0.1790   -0.3349    0.1097    0.0000    0.0924
   20 H4     2pz       -0.0000    0.0000    0.0000   -0.1272   -0.0000    0.0000    0.0000   -0.0000    0.0319    0.0000
   21 H5     1s        -0.0000   -0.0000    0.0000    0.3148   -0.0000    0.0000   -0.0000   -0.0000   -0.3567    0.0000
   22 H5     2s        -0.0000   -0.0000   -0.0000    0.7519   -0.0000   -0.0000   -0.0000   -0.0000   -0.5746    0.0000
   23 H5     2px        0.1241   -0.1157   -0.0927   -0.0000    0.2555   -0.2031    0.0228    0.0695    0.0000   -0.2730
   24 H5     2py       -0.1476   -0.0927    0.1157   -0.0000    0.2031    0.2555   -0.0695    0.0228   -0.0000   -0.1903
   25 H5     2pz        0.0000   -0.0000   -0.0000   -0.0304   -0.0000   -0.0000   -0.0000   -0.0000   -0.1381    0.0000
   26 H6     1s         0.0000    0.0000   -0.0000    0.1456    0.0000   -0.0000    0.0000    0.0000    0.5239   -0.0000
   27 H6     2s         0.0000   -0.0000    0.0000    0.3815    0.0000   -0.0000    0.0000    0.0000    0.8597   -0.0000
   28 H6     2px        0.0448   -0.2254   -0.1807   -0.0000    0.1183   -0.0941   -0.0923   -0.2816    0.0000   -0.2118
   29 H6     2py       -0.0533   -0.1807    0.2254   -0.0000    0.0941    0.1183    0.2816   -0.0923   -0.0000   -0.1476
   30 H6     2pz       -0.0000   -0.0000   -0.0000    0.1238    0.0000   -0.0000   -0.0000    0.0000   -0.1325   -0.0000
   31 H7     1s        -0.0000    0.0000    0.0000   -0.1456   -0.0000    0.0000    0.0000   -0.0000    0.5239    0.0000
   32 H7     2s        -0.0000    0.0000    0.0000   -0.3815   -0.0000    0.0000    0.0000   -0.0000    0.8597    0.0000
   33 H7     2px       -0.0448   -0.2255   -0.1807   -0.0000   -0.1183    0.0941   -0.0923   -0.2816    0.0000    0.2117
   34 H7     2py        0.0533   -0.1807    0.2255   -0.0000   -0.0941   -0.1183    0.2816   -0.0923   -0.0000    0.1476
   35 H7     2pz       -0.0000   -0.0000    0.0000    0.1238    0.0000   -0.0000    0.0000    0.0000    0.1325    0.0000
   36 H8     1s         0.0000    0.0000    0.0000   -0.3148    0.0000   -0.0000   -0.0000    0.0000   -0.3567   -0.0000
   37 H8     2s         0.0000    0.0000    0.0000   -0.7519   -0.0000   -0.0000   -0.0000   -0.0000   -0.5746   -0.0000
   38 H8     2px       -0.1241   -0.1157   -0.0927   -0.0000   -0.2555    0.2031    0.0228    0.0695   -0.0000    0.2730
   39 H8     2py        0.1476   -0.0927    0.1157   -0.0000   -0.2031   -0.2555   -0.0695    0.0228   -0.0000    0.1903
   40 H8     2pz       -0.0000    0.0000    0.0000   -0.0304    0.0000    0.0000    0.0000   -0.0000    0.1381    0.0000
   41 H9     1s        -0.0000   -0.0000   -0.0000   -0.0980   -0.0000    0.0000   -0.0000   -0.0000   -0.5975    0.0000
   42 H9     2s        -0.0000    0.0000   -0.0000   -0.1719   -0.0000    0.0000   -0.0000   -0.0000   -0.9880    0.0000
   43 H9     2px       -0.1758    0.0510    0.0409    0.0000   -0.1791    0.1423    0.1097    0.3349   -0.0000   -0.1325
   44 H9     2py        0.2090    0.0409   -0.0510    0.0000   -0.1423   -0.1791   -0.3349    0.1097    0.0000   -0.0924
   45 H9     2pz       -0.0000    0.0000    0.0000   -0.1272   -0.0000    0.0000   -0.0000   -0.0000   -0.0319    0.0000
   46 H10    1s         0.0000   -0.0000    0.0000    0.1723    0.0000   -0.0000   -0.0000    0.0000    0.0069   -0.0000
   47 H10    2s         0.0000   -0.0000   -0.0000    0.4930    0.0000   -0.0000   -0.0000    0.0000    0.0529   -0.0000
   48 H10    2px       -0.1885    0.1925    0.1543    0.0000    0.0461   -0.0366    0.0597    0.1823   -0.0000   -0.3109
   49 H10    2py        0.2242    0.1543   -0.1925    0.0000    0.0366    0.0461   -0.1823    0.0597    0.0000   -0.2168
   50 H10    2pz        0.0000    0.0000    0.0000   -0.1228   -0.0000   -0.0000   -0.0000   -0.0000   -0.2315   -0.0000
   51 H11    1s        -0.0000   -0.0000    0.0000    0.6795   -0.0000    0.0000    0.0000   -0.0000    1.0979    0.0000
   52 H11    2s        -0.0000   -0.0000   -0.0000    1.0407    0.0000    0.0000    0.0000   -0.0000    1.5196    0.0000
   53 H11    2px       -0.1586    0.2398    0.1922    0.0000    0.2331   -0.1853   -0.0652   -0.1989    0.0000    0.0418
   54 H11    2py        0.1886    0.1922   -0.2398    0.0000    0.1853    0.2331    0.1989   -0.0652   -0.0000    0.0291
   55 H11    2pz        0.0000   -0.0000   -0.0000    0.1475    0.0000   -0.0000    0.0000    0.0000    0.0997    0.0000
   56 H12    1s         0.0000    0.0000   -0.0000   -0.7602   -0.0000   -0.0000   -0.0000    0.0000   -0.8605   -0.0000
   57 H12    2s        -0.0000    0.0000    0.0000   -0.9290   -0.0000    0.0000   -0.0000   -0.0000   -0.8586   -0.0000
   58 H12    2px       -0.0973    0.1762    0.1412    0.0000    0.2311   -0.1837   -0.1105   -0.3371    0.0000    0.3261
   59 H12    2py        0.1158    0.1412   -0.1762    0.0000    0.1837    0.2311    0.3371   -0.1105   -0.0000    0.2274
   60 H12    2pz        0.0000   -0.0000   -0.0000    0.0392    0.0000   -0.0000   -0.0000    0.0000    0.0015   -0.0000
 
 
      Orbital               31        32        33        34        35        36        37        38        39        40
      Energy            0.9752    1.0827    1.1325    1.1325    1.1534    1.2545    1.2899    1.3117    1.3117    1.4172
      Occ. No.          0.0000    0.0000    0.0000    0.0000    0.0000    0.0000    0.0000    0.0000    0.0000    0.0000
 
    1 H1     1s         0.0000    0.7726    0.0000    0.0000   -0.0268   -0.3496    0.5589    0.0000    0.0000   -0.5396
    2 H1     2s         0.0000    0.6101    0.0000    0.0000    0.2072   -0.5852    0.4233    0.0000   -0.0000   -0.6531
    3 H1     2px       -0.2274   -0.0000    0.0990    0.4113    0.0000    0.0000    0.0000   -0.3606    0.2290   -0.0000
    4 H1     2py        0.3261   -0.0000    0.4113   -0.0990   -0.0000    0.0000    0.0000   -0.2290   -0.3606   -0.0000
    5 H1     2pz       -0.0000   -0.1258    0.0000   -0.0000    0.2888   -0.4172   -0.1642   -0.0000   -0.0000   -0.4101
    6 H2     1s        -0.0000   -1.3930   -0.0000   -0.0000    0.1868    0.5731   -1.3442   -0.0000   -0.0000    1.1650
    7 H2     2s        -0.0000   -1.7284   -0.0000   -0.0000    0.1234    0.7102   -1.6402   -0.0000   -0.0000    1.1701
    8 H2     2px       -0.0291    0.0000   -0.0358   -0.1485   -0.0000   -0.0000   -0.0000    0.3020   -0.1918    0.0000
    9 H2     2py        0.0418    0.0000   -0.1485    0.0358    0.0000   -0.0000   -0.0000    0.1918    0.3020    0.0000
   10 H2     2pz       -0.0000    0.0691   -0.0000    0.0000   -0.1652    0.2433   -0.0259    0.0000   -0.0000    0.2354
   11 H3     1s         0.0000    0.6911    0.0000   -0.0000   -0.5313    0.1797    1.4067    0.0000    0.0000   -0.5808
   12 H3     2s         0.0000    0.9487    0.0000    0.0000   -0.6021    0.2571    1.8388    0.0000    0.0000   -0.4301
   13 H3     2px        0.2168    0.0000   -0.0917   -0.3808   -0.0000   -0.0000   -0.0000    0.1589   -0.1009   -0.0000
   14 H3     2py       -0.3109    0.0000   -0.3808    0.0917    0.0000   -0.0000   -0.0000    0.1009    0.1589    0.0000
   15 H3     2pz       -0.0000   -0.2698    0.0000   -0.0000    0.2414   -0.1952   -0.0440   -0.0000    0.0000   -0.0527
   16 H4     1s         0.0000    0.8129    0.0000    0.0000    0.2166   -0.7252    0.0417    0.0000   -0.0000   -0.6769
   17 H4     2s         0.0000    1.0744    0.0000    0.0000    0.2392   -1.0369   -0.1067    0.0000   -0.0000   -1.0751
   18 H4     2px        0.0924   -0.0000    0.0533    0.2212    0.0000    0.0000    0.0000   -0.4069    0.2584   -0.0000
   19 H4     2py       -0.1325   -0.0000    0.2212   -0.0533   -0.0000    0.0000    0.0000   -0.2584   -0.4069   -0.0000
   20 H4     2pz        0.0000    0.1807   -0.0000    0.0000   -0.3239    0.2191    0.0445    0.0000    0.0000   -0.1195
   21 H5     1s        -0.0000   -0.6793   -0.0000   -0.0000    0.3553    0.2150   -1.3507   -0.0000   -0.0000    1.3365
   22 H5     2s        -0.0000   -0.8907   -0.0000   -0.0000    0.4852    0.4699   -1.5137   -0.0000   -0.0000    1.7646
   23 H5     2px       -0.1903   -0.0000    0.0818    0.3398    0.0000    0.0000   -0.0000    0.1110   -0.0705    0.0000
   24 H5     2py        0.2730   -0.0000    0.3398   -0.0818   -0.0000    0.0000   -0.0000    0.0705    0.1110    0.0000
   25 H5     2pz        0.0000    0.1124    0.0000    0.0000    0.3042   -0.2429    0.1459    0.0000   -0.0000    0.1794
   26 H6     1s        -0.0000   -0.7278   -0.0000   -0.0000   -0.2838    0.6826    0.8218    0.0000    0.0000   -0.6695
   27 H6     2s        -0.0000   -1.0746   -0.0000   -0.0000   -0.3741    0.6079    0.9458    0.0000    0.0000   -0.8497
   28 H6     2px       -0.1476    0.0000   -0.0688   -0.2859   -0.0000   -0.0000   -0.0000    0.3322   -0.2110    0.0000
   29 H6     2py        0.2118    0.0000   -0.2859    0.0688    0.0000   -0.0000   -0.0000    0.2110    0.3322    0.0000
   30 H6     2pz       -0.0000   -0.1232   -0.0000   -0.0000   -0.2162    0.1123   -0.3682   -0.0000    0.0000   -0.1804
   31 H7     1s         0.0000    0.7278    0.0000    0.0000   -0.2838   -0.6826    0.8218    0.0000   -0.0000   -0.6695
   32 H7     2s         0.0000    1.0746    0.0000    0.0000   -0.3742   -0.6080    0.9457    0.0000   -0.0000   -0.8497
   33 H7     2px        0.1476    0.0000   -0.0688   -0.2859   -0.0000    0.0000    0.0000   -0.3322    0.2110   -0.0000
   34 H7     2py       -0.2117    0.0000   -0.2859    0.0688    0.0000    0.0000    0.0000   -0.2110   -0.3322   -0.0000
   35 H7     2pz       -0.0000   -0.1232    0.0000   -0.0000    0.2162    0.1123    0.3682    0.0000    0.0000    0.1804
   36 H8     1s         0.0000    0.6793    0.0000    0.0000    0.3552   -0.2149   -1.3508   -0.0000   -0.0000    1.3365
   37 H8     2s         0.0000    0.8907    0.0000    0.0000    0.4851   -0.4698   -1.5138   -0.0000   -0.0000    1.7645
   38 H8     2px        0.1903   -0.0000    0.0818    0.3398   -0.0000   -0.0000    0.0000   -0.1110    0.0705   -0.0000
   39 H8     2py       -0.2730   -0.0000    0.3398   -0.0818   -0.0000   -0.0000    0.0000   -0.0705   -0.1110   -0.0000
   40 H8     2pz        0.0000    0.1124   -0.0000    0.0000   -0.3042   -0.2429   -0.1459   -0.0000   -0.0000   -0.1794
   41 H9     1s         0.0000   -0.8129   -0.0000   -0.0000    0.2167    0.7252    0.0418    0.0000    0.0000   -0.6770
   42 H9     2s         0.0000   -1.0743   -0.0000   -0.0000    0.2393    1.0370   -0.1066    0.0000    0.0000   -1.0751
   43 H9     2px       -0.0924   -0.0000    0.0533    0.2212    0.0000   -0.0000   -0.0000    0.4069   -0.2584    0.0000
   44 H9     2py        0.1325   -0.0000    0.2212   -0.0533   -0.0000   -0.0000   -0.0000    0.2584    0.4069    0.0000
   45 H9     2pz        0.0000    0.1807    0.0000    0.0000    0.3239    0.2191   -0.0444    0.0000   -0.0000    0.1195
   46 H10    1s        -0.0000   -0.6911    0.0000    0.0000   -0.5313   -0.1799    1.4067    0.0000   -0.0000   -0.5808
   47 H10    2s        -0.0000   -0.9488    0.0000   -0.0000   -0.6022   -0.2573    1.8388    0.0000   -0.0000   -0.4300
   48 H10    2px       -0.2168    0.0000   -0.0917   -0.3808    0.0000    0.0000    0.0000   -0.1589    0.1009   -0.0000
   49 H10    2py        0.3109    0.0000   -0.3808    0.0917    0.0000    0.0000    0.0000   -0.1009   -0.1589   -0.0000
   50 H10    2pz       -0.0000   -0.2698   -0.0000   -0.0000   -0.2414   -0.1952    0.0440   -0.0000    0.0000    0.0527
   51 H11    1s         0.0000    1.3930   -0.0000    0.0000    0.1868   -0.5730   -1.3443   -0.0000   -0.0000    1.1650
   52 H11    2s         0.0000    1.7284    0.0000    0.0000    0.1233   -0.7100   -1.6402   -0.0000   -0.0000    1.1701
   53 H11    2px        0.0291    0.0000   -0.0358   -0.1485    0.0000    0.0000    0.0000   -0.3020    0.1918   -0.0000
   54 H11    2py       -0.0418    0.0000   -0.1485    0.0358    0.0000    0.0000    0.0000   -0.1918   -0.3020   -0.0000
   55 H11    2pz       -0.0000    0.0691    0.0000    0.0000    0.1652    0.2433    0.0259    0.0000    0.0000   -0.2354
   56 H12    1s        -0.0000   -0.7726   -0.0000   -0.0000   -0.0267    0.3495    0.5589    0.0000    0.0000   -0.5396
   57 H12    2s        -0.0000   -0.6100   -0.0000   -0.0000    0.2073    0.5852    0.4234    0.0000    0.0000   -0.6531
   58 H12    2px        0.2274   -0.0000    0.0990    0.4113   -0.0000   -0.0000   -0.0000    0.3606   -0.2290    0.0000
   59 H12    2py       -0.3261   -0.0000    0.4113   -0.0990   -0.0000   -0.0000   -0.0000    0.2290    0.3606    0.0000
   60 H12    2pz       -0.0000   -0.1258   -0.0000   -0.0000   -0.2888   -0.4172    0.1642   -0.0000   -0.0000    0.4101
 
 
      Orbital               41        42        43        44        45        46        47        48        49        50
      Energy            1.4729    1.5093    1.5093    1.7124    1.7124    1.7743    1.8902    1.8977    1.8977    1.9319
      Occ. No.          0.0000    0.0000    0.0000    0.0000    0.0000    0.0000    0.0000    0.0000    0.0000    0.0000
 
    1 H1     1s        -0.3246   -0.0000   -0.0000    0.0000   -0.0000   -0.9947   -0.4172   -0.0000   -0.0000    1.1193
    2 H1     2s        -0.2466    0.0000   -0.0000    0.0000    0.0000   -0.9023   -0.4033   -0.0000   -0.0000    0.9130
    3 H1     2px       -0.0000    0.1309    0.3803   -0.2512    0.2369    0.0000   -0.0000    0.2514   -0.0441    0.0000
    4 H1     2py       -0.0000    0.3803   -0.1309   -0.2369   -0.2512    0.0000   -0.0000    0.0441    0.2514    0.0000
    5 H1     2pz        0.1796    0.0000    0.0000    0.0000   -0.0000   -0.5620    0.0002   -0.0000   -0.0000    0.6954
    6 H2     1s         1.0355    0.0000    0.0000   -0.0000    0.0000    2.5823    1.6026    0.0000    0.0000   -2.7189
    7 H2     2s         1.2810    0.0000    0.0000   -0.0000   -0.0000    2.1962    1.6586    0.0000    0.0000   -2.0870
    8 H2     2px        0.0000   -0.1672   -0.4860    0.4153   -0.3918   -0.0000    0.0000   -0.4880    0.0855   -0.0000
    9 H2     2py        0.0000   -0.4860    0.1672    0.3918    0.4153   -0.0000    0.0000   -0.0855   -0.4880   -0.0000
   10 H2     2pz        0.0834    0.0000    0.0000   -0.0000    0.0000    0.2492    0.2809    0.0000    0.0000   -0.0993
   11 H3     1s        -1.7576   -0.0000   -0.0000    0.0000   -0.0000   -2.7787   -3.2981   -0.0000   -0.0001    2.6157
   12 H3     2s        -2.1109   -0.0000   -0.0000    0.0000    0.0000   -2.4124   -3.1678   -0.0000   -0.0001    2.2501
   13 H3     2px       -0.0000    0.0536    0.1557   -0.3617    0.3412    0.0000   -0.0000    0.6078   -0.1065    0.0000
   14 H3     2py       -0.0000    0.1557   -0.0536   -0.3412   -0.3617    0.0000   -0.0000    0.1065    0.6078    0.0000
   15 H3     2pz       -0.1570   -0.0000   -0.0000    0.0000   -0.0000    0.1472   -0.3611   -0.0000   -0.0000   -0.4023
   16 H4     1s         1.2796    0.0000    0.0000   -0.0000    0.0000    1.3015    4.2708    0.0001    0.0001   -1.3079
   17 H4     2s         1.4651    0.0000    0.0000   -0.0000    0.0000    1.1153    3.9000    0.0001    0.0001   -1.4341
   18 H4     2px       -0.0000    0.1080    0.3138    0.1184   -0.1117   -0.0000    0.0000   -0.5820    0.1020   -0.0000
   19 H4     2py       -0.0000    0.3138   -0.1080    0.1117    0.1184   -0.0000    0.0000   -0.1020   -0.5820   -0.0000
   20 H4     2pz        0.1438    0.0000    0.0000   -0.0000   -0.0000   -0.4882    0.1653    0.0000    0.0000    0.4985
   21 H5     1s         0.2567   -0.0000    0.0000    0.0000   -0.0000    1.0102   -3.6528   -0.0001   -0.0001    0.0967
   22 H5     2s         0.4169   -0.0000    0.0000    0.0000   -0.0000    0.8758   -3.2335   -0.0000   -0.0001    0.5241
   23 H5     2px        0.0000   -0.1726   -0.5015    0.1875   -0.1768   -0.0000   -0.0000    0.4162   -0.0729    0.0000
   24 H5     2py        0.0000   -0.5015    0.1726    0.1768    0.1875   -0.0000   -0.0000    0.0729    0.4162    0.0000
   25 H5     2pz       -0.0814   -0.0000   -0.0000   -0.0000    0.0000    0.5160    0.2170    0.0000    0.0000   -0.1080
   26 H6     1s        -1.6001   -0.0000   -0.0000   -0.0000    0.0000   -2.6856    1.4411    0.0000    0.0000    0.1468
   27 H6     2s        -2.0413   -0.0000   -0.0000   -0.0000    0.0000   -2.3176    1.2556    0.0000    0.0000   -0.0809
   28 H6     2px       -0.0000    0.0822    0.2389   -0.3947    0.3723    0.0000    0.0000   -0.1508    0.0264   -0.0000
   29 H6     2py       -0.0000    0.2389   -0.0822   -0.3723   -0.3947    0.0000    0.0000   -0.0264   -0.1508   -0.0000
   30 H6     2pz        0.0234   -0.0000    0.0000    0.0000   -0.0000   -0.2172   -0.5224   -0.0000   -0.0000   -0.3194
   31 H7     1s         1.6001    0.0000    0.0000    0.0000    0.0000    2.6856    1.4411    0.0000    0.0000    0.1467
   32 H7     2s         2.0413    0.0000    0.0000    0.0000   -0.0000    2.3176    1.2555    0.0000    0.0000   -0.0810
   33 H7     2px       -0.0000    0.0822    0.2389    0.3947   -0.3723    0.0000    0.0000   -0.1508    0.0264   -0.0000
   34 H7     2py        0.0000    0.2389   -0.0822    0.3723    0.3947   -0.0000    0.0000   -0.0264   -0.1508   -0.0000
   35 H7     2pz        0.0234    0.0000    0.0000   -0.0000    0.0000   -0.2172    0.5224    0.0000    0.0000    0.3194
   36 H8     1s        -0.2568   -0.0000   -0.0000    0.0000   -0.0000   -1.0102   -3.6527   -0.0000   -0.0001    0.0968
   37 H8     2s        -0.4170   -0.0000   -0.0000    0.0000   -0.0000   -0.8758   -3.2335   -0.0000   -0.0001    0.5242
   38 H8     2px        0.0000   -0.1726   -0.5015   -0.1875    0.1768    0.0000   -0.0000    0.4162   -0.0729    0.0000
   39 H8     2py        0.0000   -0.5015    0.1726   -0.1768   -0.1875    0.0000   -0.0000    0.0729    0.4162    0.0000
   40 H8     2pz       -0.0814   -0.0000   -0.0000    0.0000    0.0000    0.5160   -0.2170   -0.0000   -0.0000    0.1080
   41 H9     1s        -1.2796    0.0000   -0.0000   -0.0000    0.0000   -1.3015    4.2708    0.0001    0.0001   -1.3079
   42 H9     2s        -1.4651   -0.0000   -0.0000   -0.0000    0.0000   -1.1154    3.9000    0.0000    0.0001   -1.4341
   43 H9     2px       -0.0000    0.1080    0.3138   -0.1184    0.1117   -0.0000    0.0000   -0.5820    0.1020   -0.0000
   44 H9     2py       -0.0000    0.3138   -0.1080   -0.1117   -0.1184    0.0000    0.0000   -0.1020   -0.5820   -0.0000
   45 H9     2pz        0.1438    0.0000    0.0000   -0.0000   -0.0000   -0.4882   -0.1653   -0.0000   -0.0000   -0.4985
   46 H10    1s         1.7576    0.0000    0.0000    0.0000   -0.0000    2.7788   -3.2981   -0.0000   -0.0001    2.6157
   47 H10    2s         2.1109    0.0000    0.0000    0.0000   -0.0000    2.4124   -3.1678   -0.0000   -0.0001    2.2500
   48 H10    2px       -0.0000    0.0536    0.1557    0.3617   -0.3412    0.0000   -0.0000    0.6078   -0.1065    0.0000
   49 H10    2py       -0.0000    0.1557   -0.0536    0.3412    0.3617   -0.0000   -0.0000    0.1065    0.6078    0.0000
   50 H10    2pz       -0.1571   -0.0000   -0.0000   -0.0000    0.0000    0.1472    0.3611    0.0000    0.0000    0.4023
   51 H11    1s        -1.0355   -0.0000   -0.0000   -0.0000    0.0000   -2.5824    1.6026    0.0000    0.0000   -2.7189
   52 H11    2s        -1.2810   -0.0000   -0.0000   -0.0000    0.0000   -2.1963    1.6586    0.0000    0.0000   -2.0870
   53 H11    2px        0.0000   -0.1672   -0.4860   -0.4153    0.3918   -0.0000    0.0000   -0.4880    0.0855   -0.0000
   54 H11    2py        0.0000   -0.4860    0.1672   -0.3918   -0.4153    0.0000    0.0000   -0.0855   -0.4880   -0.0000
   55 H11    2pz        0.0834   -0.0000    0.0000    0.0000   -0.0000    0.2492   -0.2809   -0.0000   -0.0000    0.0993
   56 H12    1s         0.3247    0.0000    0.0000    0.0000    0.0000    0.9947   -0.4172   -0.0000   -0.0000    1.1193
   57 H12    2s         0.2466    0.0000    0.0000    0.0000   -0.0000    0.9023   -0.4033   -0.0000   -0.0000    0.9130
   58 H12    2px       -0.0000    0.1309    0.3803    0.2512   -0.2369    0.0000   -0.0000    0.2514   -0.0441    0.0000
   59 H12    2py       -0.0000    0.3803   -0.1309    0.2369    0.2512   -0.0000   -0.0000    0.0441    0.2514    0.0000
   60 H12    2pz        0.1796    0.0000    0.0000   -0.0000   -0.0000   -0.5620   -0.0002    0.0000    0.0000   -0.6954
 
 
      Orbital               51        52        53        54        55        56        57        58        59        60
      Energy            2.0313    2.0313    2.1114    2.1752    2.4561    2.7668    3.1061    3.4813    3.8775    4.2156
      Occ. No.          0.0000    0.0000    0.0000    0.0000    0.0000    0.0000    0.0000    0.0000    0.0000    0.0000
 
    1 H1     1s        -0.0000    0.0000    0.3633   -0.8860    0.7758   -0.7223   -0.6555   -0.5762   -0.4531    0.2569
    2 H1     2s        -0.0000    0.0000    0.3450   -0.5789    0.3841   -0.2719   -0.1832   -0.1246   -0.0834    0.0438
    3 H1     2px       -0.0809   -0.1098   -0.0000    0.0000    0.0000    0.0000   -0.0000    0.0000   -0.0000    0.0000
    4 H1     2py       -0.1098    0.0809   -0.0000    0.0000    0.0000    0.0000   -0.0000    0.0000   -0.0000   -0.0000
    5 H1     2pz       -0.0000    0.0000    0.0414   -0.6374    0.5847   -0.5345   -0.4746   -0.4033   -0.3067    0.1700
    6 H2     1s         0.0000   -0.0000   -1.4262    1.6214   -0.8736    0.3945    0.0120   -0.2275   -0.3125    0.2221
    7 H2     2s         0.0000   -0.0000   -1.3791    0.9936   -0.4105    0.1782    0.0654    0.0428    0.0413   -0.0282
    8 H2     2px        0.1715    0.2328    0.0000   -0.0000   -0.0000   -0.0000    0.0000   -0.0000    0.0000    0.0000
    9 H2     2py        0.2328   -0.1715    0.0000   -0.0000   -0.0000   -0.0000    0.0000   -0.0000    0.0000    0.0000
   10 H2     2pz        0.0000   -0.0000   -0.2485   -0.2743    0.5915   -0.8226   -0.9653   -0.9853   -0.8401    0.4955
   11 H3     1s        -0.0000    0.0000    3.0131   -0.5609   -0.6121    0.8216    0.6029    0.1647   -0.1943    0.2494
   12 H3     2s        -0.0000    0.0000    2.7588   -0.6384   -0.0823    0.1071    0.0237   -0.0478   -0.0559    0.0332
   13 H3     2px       -0.2517   -0.3417   -0.0000    0.0000    0.0000    0.0000   -0.0000    0.0000   -0.0000   -0.0000
   14 H3     2py       -0.3417    0.2517   -0.0000    0.0000    0.0000    0.0000   -0.0000    0.0000   -0.0000   -0.0000
   15 H3     2pz       -0.0000    0.0000    0.2744    0.6063   -0.4775    0.0352   -0.5417   -1.0315   -1.1790    0.8035
   16 H4     1s         0.0000   -0.0000   -4.3388   -0.2742    0.5631    0.2840    0.8000    0.6709    0.1435    0.1623
   17 H4     2s         0.0000   -0.0000   -3.9316    0.2912    0.1201    0.1301    0.1702    0.0977    0.0301   -0.0073
   18 H4     2px        0.3167    0.4299    0.0000   -0.0000   -0.0000   -0.0000    0.0000   -0.0000   -0.0000    0.0000
   19 H4     2py        0.4299   -0.3167    0.0000   -0.0000   -0.0000   -0.0000    0.0000    0.0000    0.0000   -0.0000
   20 H4     2pz        0.0000   -0.0000   -0.1171   -0.0526   -0.5409    0.8179    0.4288   -0.4635   -1.2033    1.0620
   21 H5     1s        -0.0000    0.0000    5.0098   -0.5125    0.8383   -0.9235   -0.0030    0.6198    0.3526    0.1095
   22 H5     2s        -0.0000    0.0000    4.6335   -0.6762    0.3270   -0.2699   -0.0193    0.0363    0.0088    0.0077
   23 H5     2px       -0.3621   -0.4916    0.0000    0.0000    0.0000    0.0000   -0.0000    0.0000   -0.0000   -0.0000
   24 H5     2py       -0.4916    0.3621   -0.0000    0.0000    0.0000    0.0000   -0.0000    0.0000   -0.0000   -0.0000
   25 H5     2pz       -0.0000    0.0000   -0.0434   -0.5961    0.4928    0.3541    0.9637    0.3971   -0.8848    1.2406
   26 H6     1s         0.0000   -0.0000   -5.1819    1.8885   -0.7554   -0.5417   -0.7044    0.2978    0.4989    0.0393
   27 H6     2s         0.0000   -0.0000   -4.9182    1.3141   -0.2730   -0.1022   -0.1076    0.0453    0.0275   -0.0007
   28 H6     2px        0.3856    0.5235    0.0000   -0.0000    0.0000   -0.0000    0.0000   -0.0000    0.0000   -0.0000
   29 H6     2py        0.5235   -0.3856    0.0000   -0.0000   -0.0000   -0.0000    0.0000   -0.0000    0.0000   -0.0000
   30 H6     2pz        0.0000    0.0000    0.0474    0.3841    0.5292   -0.6581    0.4888    1.0125   -0.3261    1.3347
   31 H7     1s        -0.0000   -0.0000    5.1819   -1.8885   -0.7554    0.5417   -0.7044   -0.2978    0.4989   -0.0393
   32 H7     2s        -0.0000   -0.0000    4.9182   -1.3141   -0.2730    0.1022   -0.1076   -0.0453    0.0275    0.0007
   33 H7     2px       -0.3856   -0.5235   -0.0000    0.0000    0.0000   -0.0000   -0.0000   -0.0000   -0.0000    0.0000
   34 H7     2py       -0.5235    0.3856   -0.0000    0.0000   -0.0000    0.0000    0.0000   -0.0000   -0.0000    0.0000
   35 H7     2pz       -0.0000   -0.0000    0.0474    0.3841   -0.5292   -0.6581   -0.4888    1.0125    0.3261    1.3347
   36 H8     1s         0.0000    0.0000   -5.0098    0.5125    0.8383    0.9235   -0.0030   -0.6198    0.3526   -0.1095
   37 H8     2s         0.0000    0.0000   -4.6335    0.6762    0.3270    0.2699   -0.0193   -0.0363    0.0088   -0.0077
   38 H8     2px        0.3621    0.4916    0.0000    0.0000    0.0000    0.0000   -0.0000    0.0000   -0.0000    0.0000
   39 H8     2py        0.4916   -0.3621    0.0000   -0.0000    0.0000    0.0000   -0.0000   -0.0000   -0.0000    0.0000
   40 H8     2pz        0.0000    0.0000   -0.0434   -0.5961   -0.4928    0.3541   -0.9637    0.3971    0.8848    1.2406
   41 H9     1s        -0.0000   -0.0000    4.3389    0.2743    0.5631   -0.2840    0.8000   -0.6709    0.1435   -0.1623
   42 H9     2s        -0.0000   -0.0000    3.9316   -0.2912    0.1201   -0.1301    0.1702   -0.0977    0.0301    0.0073
   43 H9     2px       -0.3167   -0.4299   -0.0000   -0.0000   -0.0000   -0.0000    0.0000   -0.0000    0.0000   -0.0000
   44 H9     2py       -0.4299    0.3167   -0.0000   -0.0000   -0.0000   -0.0000    0.0000   -0.0000    0.0000   -0.0000
   45 H9     2pz        0.0000    0.0000   -0.1171   -0.0526    0.5409    0.8179   -0.4288   -0.4635    1.2033    1.0620
   46 H10    1s         0.0000    0.0000   -3.0131    0.5609   -0.6121   -0.8216    0.6029   -0.1647   -0.1943   -0.2494
   47 H10    2s         0.0000    0.0000   -2.7588    0.6383   -0.0823   -0.1071    0.0237    0.0478   -0.0559   -0.0332
   48 H10    2px        0.2517    0.3417    0.0000    0.0000    0.0000    0.0000   -0.0000    0.0000   -0.0000   -0.0000
   49 H10    2py        0.3417   -0.2517    0.0000   -0.0000    0.0000    0.0000   -0.0000    0.0000   -0.0000   -0.0000
   50 H10    2pz       -0.0000   -0.0000    0.2744    0.6063    0.4775    0.0352    0.5417   -1.0315    1.1790    0.8035
   51 H11    1s        -0.0000   -0.0000    1.4262   -1.6213   -0.8736   -0.3945    0.0120    0.2275   -0.3125   -0.2221
   52 H11    2s        -0.0000   -0.0000    1.3791   -0.9935   -0.4105   -0.1782    0.0654   -0.0428    0.0413    0.0282
   53 H11    2px       -0.1715   -0.2328   -0.0000   -0.0000   -0.0000   -0.0000    0.0000   -0.0000    0.0000    0.0000
   54 H11    2py       -0.2328    0.1715   -0.0000    0.0000   -0.0000   -0.0000    0.0000   -0.0000    0.0000    0.0000
   55 H11    2pz        0.0000    0.0000   -0.2485   -0.2743   -0.5915   -0.8226    0.9653   -0.9853    0.8400    0.4955
   56 H12    1s         0.0000    0.0000   -0.3633    0.8860    0.7758    0.7223   -0.6555    0.5762   -0.4531   -0.2569
   57 H12    2s         0.0000    0.0000   -0.3450    0.5789    0.3841    0.2719   -0.1832    0.1246   -0.0834   -0.0438
   58 H12    2px        0.0809    0.1098    0.0000    0.0000    0.0000    0.0000   -0.0000    0.0000   -0.0000   -0.0000
   59 H12    2py        0.1098   -0.0809    0.0000   -0.0000    0.0000   -0.0000   -0.0000    0.0000   -0.0000   -0.0000
   60 H12    2pz       -0.0000    0.0000    0.0414   -0.6374   -0.5847   -0.5345    0.4746   -0.4033    0.3067    0.1700
--
 
      Von Neumann Entropy (Root  1) =  1.68003
 

      Mulliken population analysis for root number:  1
      -----------------------------------------------
 
 
++    Molecular charges:
      ------------------
 
      Mulliken charges per centre and basis function type
      ---------------------------------------------------
 
                H1      H2      H3      H4      H5      H6      H7      H8      H9      H10     H11     H12   
      1s       0.9784  1.0102  1.0166  1.0008  1.0091  1.0068  1.0068  1.0091  1.0009  1.0166  1.0102  0.9783
      2s      -0.0029 -0.0211 -0.0512 -0.0360 -0.0398 -0.0383 -0.0383 -0.0398 -0.0360 -0.0512 -0.0211 -0.0029
      2px      0.0000 -0.0000  0.0000  0.0000  0.0000  0.0000  0.0000  0.0000 -0.0000  0.0000  0.0000  0.0000
      2pz      0.0124  0.0319  0.0306  0.0308  0.0308  0.0309  0.0309  0.0308  0.0308  0.0306  0.0319  0.0124
      2py      0.0000 -0.0000  0.0000  0.0000  0.0000  0.0000  0.0000  0.0000  0.0000  0.0000  0.0000  0.0000
      Total    0.9879  1.0210  0.9960  0.9957  1.0001  0.9994  0.9994  1.0001  0.9957  0.9960  1.0210  0.9878
 
      N-E      0.0121 -0.0210  0.0040  0.0043 -0.0001  0.0006  0.0006 -0.0001  0.0043  0.0040 -0.0210  0.0122
 
      Total electronic charge=   12.000000
 
      Total            charge=   -0.000000
--
 
 

      Expectation values of various properties for root number:  1
      -----------------------------------------------------------
 
 
++    Molecular properties:
      ---------------------
 
      Charge (e):
                      =   -0.0000
      Dipole Moment (Debye):
      Origin of the operator (Ang)=    0.0000    0.0000    0.0000
                   X=  2.3086E-06               Y=  2.8254E-07               Z=  4.4105E-04           Total=  4.4106E-04
      Quadrupole Moment (Debye*Ang):
      Origin of the operator (Ang)=    0.0000    0.0000    6.6333
                  XX= -1.4735E+01              XY= -5.1025E-12              XZ=  2.1768E-06              YY= -1.4735E+01
                  YZ=  2.0183E-06              ZZ= -1.2547E+01
      In traceless form (Debye*Ang)
                  XX= -1.0939E+00              XY= -7.6538E-12              XZ=  3.2651E-06              YY= -1.0939E+00
                  YZ=  3.0274E-06              ZZ=  2.1877E+00
--
 

      LoProp population analysis for root number:  1
      -----------------------------------------------
 
 
++    LoProp analysis:
      ----------------
 
 
 
  Input file to MOLDEN was generated!
 
 
++    Static properties:
      ------------------
 
 
      LoProp Charges per center
 

                   H1       H2       H3       H4       H5       H6       H7       H8       H9       H10   
      Nuclear      1.0000   1.0000   1.0000   1.0000   1.0000   1.0000   1.0000   1.0000   1.0000   1.0000
      Electronic  -1.0084  -0.9956  -0.9988  -0.9984  -0.9996  -0.9993  -0.9993  -0.9996  -0.9984  -0.9988
 
      Total       -0.0084   0.0044   0.0012   0.0016   0.0004   0.0007   0.0007   0.0004   0.0016   0.0012
 

                   H11      H12   
      Nuclear      1.0000   1.0000
      Electronic  -0.9956  -1.0083
 
      Total        0.0044  -0.0083
--
 
 
      Natural Bond Order analysis for root number:  1
 
++    Natural Bond Order analysis
      ---------------------------
      Based on LoProp computed density
      -------------------------------------------------------------------------------------
      Atom A       Atom B       Bond Order
      -------------------------------------------------------------------------------------
      The remaining   12.000 electrons are to be considered as diffuse
--
 
--
 
 
  Input file to MOLDEN was generated!
 
      Average orbitals are written to the RASORB file
      Natural orbitals for root   1 are written to the RASORB.1 file
      Spin density orbitals for root   1 are written to the SPDORB.1 file
 
 ###############################################################################
 ###############################################################################
 ###                                                                         ###
 ###                                                                         ###
 ###    RunFile label BirthCertificate                                       ###
 ###    was used       68 times                                              ###
 ###                                                                         ###
 ###                                                                         ###
 ###############################################################################
 ###############################################################################
forrtl: warning (525): IEEE_DIVIDE_BY_ZERO is signaling
forrtl: warning (526): IEEE_INVALID is signaling
forrtl: warning (528): IEEE_UNDERFLOW is signaling
--- Stop Module: rasscf at Sun Oct 26 21:50:35 2025 /rc=_RC_ALL_IS_WELL_ ---
*** files: H12_1.21.LprOrb H12_1.21.rasscf.molden H12_1.21.LoProp.molden H12_1.21.RasOrb.1 H12_1.21.RasOrb H12_1.21.rasscf.h5 H12_1.21.SpdOrb.1 xmldump
    saved to directory /home/grierjones/DDCASPT2/hydrogen_comps/rerun/H12_chain/H12_1.21
--- Module rasscf spent 14 minutes 23 seconds ---

>>> COPY /tmp/H12_1.21/H12_1.21.rasscf.h5 /home/grierjones/DDCASPT2/hydrogen_comps/rerun/H12_chain/H12_1.21/

>>> COPY /tmp/H12_1.21/GMJ_Fock_MO.csv /home/grierjones/DDCASPT2/hydrogen_comps/rerun/H12_chain/H12_1.21/H12_1.21.GMJ_Fock_MO.csv

*** symbolic link created: INPORB -> H12_1.21.RasOrb
--- Start Module: motra at Sun Oct 26 21:50:35 2025 ---
 
()()()()()()()()()()()()()()()()()()()()()()()()()()()()()()()()()()()()()()()()()()()()()()()()()()

                                               &MOTRA

                                   only a single process is used
                       available to each process: 2.0 GB of memory, 1 thread?
()()()()()()()()()()()()()()()()()()()()()()()()()()()()()()()()()()()()()()()()()()()()()()()()()()
 
 
      *** WARNING: Default frozen orbitals is overwritten by user input.
      *** Default values:   0
 
      Header of the integral files:
      
       Integrals generated by seward 4.2.0  , Sun Oct 26 21:36:10 2025
 
 
      Header of MO coefficients source file:
      * RASSCF average (pseudo-natural) orbitals                                      
 
 
      Cartesian coordinates in Angstrom:
      -----------------------------------------------------
      No.  Label        X            Y            Z        
      -----------------------------------------------------
       1   H1         0.00000000   0.00000000   0.00000000
       2   H2         0.00000000   0.00000000   1.20606100
       3   H3         0.00000000   0.00000000   2.41212100
       4   H4         0.00000000   0.00000000   3.61818200
       5   H5         0.00000000   0.00000000   4.82424200
       6   H6         0.00000000   0.00000000   6.03030300
       7   H7         0.00000000   0.00000000   7.23636400
       8   H8         0.00000000   0.00000000   8.44242400
       9   H9         0.00000000   0.00000000   9.64848500
      10   H10        0.00000000   0.00000000  10.85454500
      11   H11        0.00000000   0.00000000  12.06060600
      12   H12        0.00000000   0.00000000  13.26666700
      -----------------------------------------------------
      Nuclear repulsion energy =   11.07378332
 
      Orbital specifications:
      -----------------------
 
      Symmetry species:              1
      Number of basis functions:    60
      Frozen orbitals:               0
      Deleted orbitals:              0
      Number of orbitals used:      60

       SYMMETRY  BASIS FUNCTIONS       ORBITALS      INTEGRALS   CPU(SEC)  I/O(SEC)
        1 1 1 1   60  60  60  60    60  60  60  60     1675365       0.00      0.00

       TOTAL CPU TIME(SEC)    1.09TOTAL I/O TIME(SEC)    2.47
 
--- Stop Module: motra at Sun Oct 26 21:50:37 2025 /rc=_RC_ALL_IS_WELL_ ---
*** files: xmldump
    saved to directory /home/grierjones/DDCASPT2/hydrogen_comps/rerun/H12_chain/H12_1.21
--- Module motra spent 2 seconds ---

>>> COPY /tmp/H12_1.21/GMJ_one_int_indx.csv /home/grierjones/DDCASPT2/hydrogen_comps/rerun/H12_chain/H12_1.21/H12_1.21.GMJ_one_int_indx.csv

>>> COPY /tmp/H12_1.21/GMJ_one_int.csv /home/grierjones/DDCASPT2/hydrogen_comps/rerun/H12_chain/H12_1.21/H12_1.21.GMJ_one_int.csv

>>> COPY /tmp/H12_1.21/GMJ_two_int_indx.csv /home/grierjones/DDCASPT2/hydrogen_comps/rerun/H12_chain/H12_1.21/H12_1.21.GMJ_two_int_indx.csv

>>> COPY /tmp/H12_1.21/GMJ_two_int.csv /home/grierjones/DDCASPT2/hydrogen_comps/rerun/H12_chain/H12_1.21/H12_1.21.GMJ_two_int.csv

*** symbolic link created: INPORB -> H12_1.21.RasOrb
--- Start Module: caspt2 at Sun Oct 26 21:50:37 2025 ---
 
()()()()()()()()()()()()()()()()()()()()()()()()()()()()()()()()()()()()()()()()()()()()()()()()()()

                                              &CASPT2

                                   only a single process is used
                       available to each process: 2.0 GB of memory, 1 thread?
()()()()()()()()()()()()()()()()()()()()()()()()()()()()()()()()()()()()()()()()()()()()()()()()()()
 
 Cholesky algorithm in CASPT2 =    1
 
 ###############################################################################
 ###############################################################################
 ###                                                                         ###
 ###                                                                         ###
 ###    User changed nr of frozen orbitals.                                  ###
 ###                                                                         ###
 ###                                                                         ###
 ###############################################################################
 ###############################################################################
 
++    Wave function specifications:
      -----------------------------
 
      Number of closed shell electrons           0
      Number of electrons in active shells      12
      Max number of holes in RAS1 space          0
      Max number of electrons in RAS3 space      0
      Number of inactive orbitals                0
      Number of active orbitals                 12
      Number of secondary orbitals              48
      Spin quantum number                      0.0
      State symmetry                             1
      Number of CSFs                        226512
      Number of root(s) available                1
      Root passed to geometry opt.               1
      A file JOBMIX will be created.
      This is a CASSCF or RASSCF reference function
--
 
++    Orbital specifications:
      -----------------------
 
      Symmetry species                           1
                                                 a
      Frozen orbitals                            0
      Inactive orbitals                          0
      Active orbitals                           12
      Secondary orbitals                        48
      Deleted orbitals                           0
      Number of basis functions                 60
--
 
      Type of Fock operator: STANDARD
      Type of 0-order Hamiltonian: STANDARD WITH DEFAULT IPEA
        "IP-EA" denominator shift =      0.25
      The input orbitals and the CI vector will be transformed.
 
--------------------------------------------------------------------------------
 Estimated memory requirements:
  POLY3 :                 54392696
  RHS:                     1916944
  SIGMA :                   616912
  PRPCTL:                        0
 Available workspace:    230179958
 
++ CASPT2 computation for group   1
 
********************************************************************************
 Multi-State initialization phase begins for group   1
--------------------------------------------------------------------------------
********************************************************************************
 Compute H0 matrices for state    1
--------------------------------------------------------------------------------
--------------------------------------------------------------------------------
 H0 matrices have been computed.
 
********************************************************************************
  CASPT2 EQUATION SOLUTION
--------------------------------------------------------------------------------
 
  Total nr of CASPT2 parameters:
   Before reduction:      249120
   After  reduction:      248544
 
 The contributions to the second order correlation energy in atomic units.
-----------------------------------------------------------------------------------------------------------------------------
  IT.      VJTU        VJTI        ATVX        AIVX        VJAI        BVAT        BJAT        BJAI        TOTAL       RNORM  
-----------------------------------------------------------------------------------------------------------------------------
   1     0.000000    0.000000   -0.025238    0.000000    0.000000   -0.055445    0.000000    0.000000   -0.080683    0.003016
   2     0.000000    0.000000   -0.025489    0.000000    0.000000   -0.055493    0.000000    0.000000   -0.080982    0.000270
   3     0.000000    0.000000   -0.025493    0.000000    0.000000   -0.055494    0.000000    0.000000   -0.080986    0.000039
   4     0.000000    0.000000   -0.025491    0.000000    0.000000   -0.055494    0.000000    0.000000   -0.080984    0.000004
-------------------------------------------------------------------------------------------------------------------
 
  FINAL CASPT2 RESULT:
 
  Correlation energy /Case, /Symm, and sums:
 VJTU      0.00000000  0.00000000
 VJTIP     0.00000000  0.00000000
 VJTIM     0.00000000  0.00000000
 ATVX     -0.02549050 -0.02549050
 AIVX      0.00000000  0.00000000
 VJAIP     0.00000000  0.00000000
 VJAIM     0.00000000  0.00000000
 BVATP    -0.05206440 -0.05206440
 BVATM    -0.00342936 -0.00342936
 BJATP     0.00000000  0.00000000
 BJATM     0.00000000  0.00000000
 BJAIP     0.00000000  0.00000000
 BJAIM     0.00000000  0.00000000
 Summed:  -0.08098426 -0.08098426
 
      Reference energy:          -6.5315421785
      E2 (Non-variational):      -0.0809842563
      E2 (Variational):          -0.0809842713
      Total energy:              -6.6125264498
      Residual norm:              0.0000004718
      Reference weight:           0.96686
 
      Contributions to the CASPT2 correlation energy
      Active & Virtual Only:         -0.0809842563
      One Inactive Excited:           0.0000000000
      Two Inactive Excited:           0.0000000000
 
 
++ Denominators, etc.
----------------------------------------------------------------------------------------------------
 Report on small energy denominators, large coefficients, and large energy contributions.
CASE  SYMM ACTIVE-MIX  NON-ACTIVE INDICES          DENOMINATOR     RHS VALUE       COEFFICIENT     CONTRIBUTION
ATVX     1  Mu1.0001  Se1.013                       0.22971976      0.00000019     -0.00000082     -0.00000000
ATVX     1  Mu1.0001  Se1.014                       0.25923525     -0.00036826      0.00112318     -0.00000041
--
 
   (Skipping property calculation,
    use PROP keyword to activate)
--
 
  Total CASPT2 energies:
::    CASPT2 Root  1     Total energy:     -6.61252645
 
  A NEW JOBIPH FILE NAMED 'JOBMIX' IS PREPARED.
********************************************************************************
forrtl: warning (528): IEEE_UNDERFLOW is signaling
--- Stop Module: caspt2 at Sun Oct 26 21:52:14 2025 /rc=_RC_ALL_IS_WELL_ ---
*** files: xmldump
    saved to directory /home/grierjones/DDCASPT2/hydrogen_comps/rerun/H12_chain/H12_1.21
--- Module caspt2 spent 1 minute 37 seconds ---

>>> EXPORT i = B

>>> EXPORT j = P

>>> IF (-FILE GMJ_e2_${i}_${j}_1_.csv)
(Skipped)

>>> END FOREACH

>>> EXPORT j = M

>>> IF (-FILE GMJ_e2_${i}_${j}_1_.csv)
(Skipped)

>>> END FOREACH

>>> END FOREACH

>>> EXPORT i = E

>>> EXPORT j = P

>>> IF (-FILE GMJ_e2_${i}_${j}_1_.csv)
(Skipped)

>>> END FOREACH

>>> EXPORT j = M

>>> IF (-FILE GMJ_e2_${i}_${j}_1_.csv)
(Skipped)

>>> END FOREACH

>>> END FOREACH

>>> EXPORT i = F

>>> EXPORT j = P

>>> IF (-FILE GMJ_e2_${i}_${j}_1_.csv)

>>> COPY /tmp/H12_1.21/GMJ_RHS_F_P_1_.csv /home/grierjones/DDCASPT2/hydrogen_comps/rerun/H12_chain/H12_1.21/GMJ_RHS_F_P_1_.csv

>>> COPY /tmp/H12_1.21/GMJ_IVECW_F_P_1_.csv /home/grierjones/DDCASPT2/hydrogen_comps/rerun/H12_chain/H12_1.21/GMJ_IVECW_F_P_1_.csv

>>> COPY /tmp/H12_1.21/GMJ_IVECX_F_P_1_.csv /home/grierjones/DDCASPT2/hydrogen_comps/rerun/H12_chain/H12_1.21/GMJ_IVECX_F_P_1_.csv

>>> COPY /tmp/H12_1.21/GMJ_IVECC2_F_P_1_.csv /home/grierjones/DDCASPT2/hydrogen_comps/rerun/H12_chain/H12_1.21/GMJ_IVECC2_F_P_1_.csv

>>> COPY /tmp/H12_1.21/GMJ_e2_F_P_1_.csv /home/grierjones/DDCASPT2/hydrogen_comps/rerun/H12_chain/H12_1.21/GMJ_e2_F_P_1_.csv

>>> END FOREACH

>>> EXPORT j = M

>>> IF (-FILE GMJ_e2_${i}_${j}_1_.csv)

>>> COPY /tmp/H12_1.21/GMJ_RHS_F_M_1_.csv /home/grierjones/DDCASPT2/hydrogen_comps/rerun/H12_chain/H12_1.21/GMJ_RHS_F_M_1_.csv

>>> COPY /tmp/H12_1.21/GMJ_IVECW_F_M_1_.csv /home/grierjones/DDCASPT2/hydrogen_comps/rerun/H12_chain/H12_1.21/GMJ_IVECW_F_M_1_.csv

>>> COPY /tmp/H12_1.21/GMJ_IVECX_F_M_1_.csv /home/grierjones/DDCASPT2/hydrogen_comps/rerun/H12_chain/H12_1.21/GMJ_IVECX_F_M_1_.csv

>>> COPY /tmp/H12_1.21/GMJ_IVECC2_F_M_1_.csv /home/grierjones/DDCASPT2/hydrogen_comps/rerun/H12_chain/H12_1.21/GMJ_IVECC2_F_M_1_.csv

>>> COPY /tmp/H12_1.21/GMJ_e2_F_M_1_.csv /home/grierjones/DDCASPT2/hydrogen_comps/rerun/H12_chain/H12_1.21/GMJ_e2_F_M_1_.csv

>>> END FOREACH

>>> END FOREACH

>>> EXPORT i = G

>>> EXPORT j = P

>>> IF (-FILE GMJ_e2_${i}_${j}_1_.csv)
(Skipped)

>>> END FOREACH

>>> EXPORT j = M

>>> IF (-FILE GMJ_e2_${i}_${j}_1_.csv)
(Skipped)

>>> END FOREACH

>>> END FOREACH

>>> EXPORT i = H

>>> EXPORT j = P

>>> IF (-FILE GMJ_e2_${i}_${j}_1_.csv)
(Skipped)

>>> END FOREACH

>>> EXPORT j = M

>>> IF (-FILE GMJ_e2_${i}_${j}_1_.csv)
(Skipped)

>>> END FOREACH

>>> END FOREACH

>>> EXPORT i = A

>>> IF (-FILE GMJ_e2_${i}_1_.csv)
(Skipped)

>>> END FOREACH

>>> EXPORT i = C

>>> IF (-FILE GMJ_e2_${i}_1_.csv)

>>> COPY /tmp/H12_1.21/GMJ_RHS_C_1_.csv /home/grierjones/DDCASPT2/hydrogen_comps/rerun/H12_chain/H12_1.21/GMJ_RHS_C_1_.csv

>>> COPY /tmp/H12_1.21/GMJ_IVECW_C_1_.csv /home/grierjones/DDCASPT2/hydrogen_comps/rerun/H12_chain/H12_1.21/GMJ_IVECW_C_1_.csv

>>> COPY /tmp/H12_1.21/GMJ_IVECX_C_1_.csv /home/grierjones/DDCASPT2/hydrogen_comps/rerun/H12_chain/H12_1.21/GMJ_IVECX_C_1_.csv

>>> COPY /tmp/H12_1.21/GMJ_IVECC2_C_1_.csv /home/grierjones/DDCASPT2/hydrogen_comps/rerun/H12_chain/H12_1.21/GMJ_IVECC2_C_1_.csv

>>> COPY /tmp/H12_1.21/GMJ_e2_C_1_.csv /home/grierjones/DDCASPT2/hydrogen_comps/rerun/H12_chain/H12_1.21/GMJ_e2_C_1_.csv

>>> END FOREACH

>>> EXPORT i = D

>>> IF (-FILE GMJ_e2_${i}_1_.csv)
(Skipped)

>>> END FOREACH

.########################.
.# Non-zero return code #.
.########################.

    Timing: Wall=964.88 User=959.68 System=5.01
****************************************
*** WorkDir at /tmp/H12_1.21 cleaned ***
****************************************
