   This run of MOLCAS is using the pymolcas driver

                             OPE
                             OPE          NMOL  CASOP  ENMOLC A   SO
                 OPE        NMOLC        AS  OP EN  MO LC     AS  OP
                OPENM       OL CA        SO  PE NM  OL CA     SOP EN
                OP EN      MO   LC       AS  OP ENMOL  CASO   PENMOL
                OP  EN     MO   LC       AS  OP EN     MO     LC ASO
               OP   E  NMOL  C  AS       OP  EN MO     LC     AS  OP
               OP  E   NMO   LC AS        OPEN  MO     LCASOP EN   M
               O  PEN   MO  LCA  SO
            OPE   NMO   L   CAS    OP
        OPENMOL  CASOP     ENMOL   CASOPE
     OPENMOLCA   SOPENMOLCASOPEN   MOLCASOPE
    OPENMOLCAS   OP           EN   MOL    CAS
    OPENMOLCAS       OP  ENM        O     LCA
    OPENMOLCAS    OPEN  MOLCASO     P  E  NMO
    OPENMOLCAS     OP               E  N  MOL
    OPENMOLCA   SO           PENM   O  L  CAS    OPEN    MO    LCAS
    OPENMOLCA   SOP           ENM   O  L  CAS   OP  EN  MOLC  AS   O
    OPENMOLCA   SOPE           NM      O  LCA   S      OP  EN MO
    OPENMOLC                AS         O  PEN   M      OL  CA  SOPE
    OPENMO        LCASOPE  NMOL        C  ASO   P      ENMOLC     AS
    OPE     NMO      LCA  SO     P     E   NM   OL  CA SO  PE N   MO
          OPENMOLCA            SOPE   NMO        LCAS  O    P  ENMO
     OPENMOLCASOPENMOLCASOPENMOLCASOPENMOLCA
        OPENMOLCASOPENMOLCASOPENMOLCASOPE
            OPENMOLCASOPENMOLCASOPENM
               OPENMOLCASOPENMOLCA        version: f37762c57
                   OPENMOLCASO
                       OPE                tag:

 OpenMolcas is free software; you can redistribute it and/or modify it
 under the terms of the GNU Lesser General Public License version 2.1.
 OpenMolcas is distributed in the hope that it will be useful, but it
 is provided "as is" and without any express or implied warranties.
 For more details see the full text of the license in the file
 LICENSE or in <http://www.gnu.org/licenses/>.

                 Copyright (C) The OpenMolcas Authors
           For the author list and the recommended citation,
                   consult the file CONTRIBUTORS.md

           *************************************************
           * pymolcas version py2.28                       *
           *   build c4a6d18ded8cb6cad61d2372a9abd97c      *
           *   (after the EMIL interpreter by V. Veryazov) *
           *************************************************

configuration info
------------------
C Compiler ID: Intel
C flags: -std=gnu99 -gcc-sys
Fortran Compiler ID: IntelLLVM
Fortran flags: -standard-semantics -fltconsistency -fpp -i8 -heap-arrays
Definitions: _MOLCAS_;_I8_;_LINUX_
Parallel: OFF (GA=OFF)


   ----------------------------------------------------------------------------------------
  |
  |              Project: H10_3.00
  |       Submitted from: ${LOCALHOME}/DDCASPT2/hydrogen_comps/rerun/H10_chain/H10_3.00
  |         Scratch area: /tmp/H10_3.00
  |      Save outputs to: ${LOCALHOME}/DDCASPT2/hydrogen_comps/rerun/H10_chain/H10_3.00
  |               Molcas: ${LOCALHOME}/Test/build
  |
  | Scratch area is empty
  |
  |       MOLCAS_DRIVER = /usr/local/pymolcas
  | MOLCAS_KEEP_WORKDIR = NO
  |  MOLCAS_NEW_WORKDIR = YES
  |       MOLCAS_NPROCS = 1
  |        MOLCAS_PRINT = NORMAL
  |       MOLCAS_SOURCE = ${LOCALHOME}/Test
  |    MOLCAS_STRUCTURE = 0
  |
   ----------------------------------------------------------------------------------------

++ ---------   Input file   ---------

&GATEWAY
coord=H10_3.00.xyz
Basis = ANO-RCC-VDZP
Group = nosymm
EXPErt
End of Input

&SEWARD
End of Input

&SCF

>>> COPY $WorkDir/H10_3.00.scf.h5 $CurrDir/

&RASSCF
Title= RASSCF
FileOrb
${LOCALHOME}/DDCASPT2/hydrogen_comps/rerun/H10_chain/H10_2.81/H10_2.81.RasOrb
NACTEL
10 0 0
Inactive
0
RAS2
10
Symmetry
1
Spin
1
orblisting
all

>>> COPY $WorkDir/H10_3.00.rasscf.h5 $CurrDir/

>>> COPY $WorkDir/DDCASPT2_Fock_MO.csv $CurrDir/H10_3.00.DDCASPT2_Fock_MO.csv

&MOTRA
Frozen=0
LUMORB

>>> COPY $WorkDir/DDCASPT2_one_int_indx.csv $CurrDir/H10_3.00.DDCASPT2_one_int_indx.csv

>>> COPY $WorkDir/DDCASPT2_one_int.csv $CurrDir/H10_3.00.DDCASPT2_one_int.csv

>>> COPY $WorkDir/DDCASPT2_two_int_indx.csv $CurrDir/H10_3.00.DDCASPT2_two_int_indx.csv

>>> COPY $WorkDir/DDCASPT2_two_int.csv $CurrDir/H10_3.00.DDCASPT2_two_int.csv

&CASPT2
Frozen
0

MAXITER
50

>>> FOREACH i IN (B,E,F,G,H)

  >>> FOREACH j IN (P,M)

    >>> IF (-FILE DDCASPT2_e2_${i}_${j}_1_.csv)

      >>> COPY $WorkDir/DDCASPT2_RHS_${i}_${j}_1_.csv $CurrDir/DDCASPT2_RHS_${i}_${j}_1_.csv

      >>> COPY $WorkDir/DDCASPT2_IVECW_${i}_${j}_1_.csv $CurrDir/DDCASPT2_IVECW_${i}_${j}_1_.csv

      >>> COPY $WorkDir/DDCASPT2_IVECX_${i}_${j}_1_.csv $CurrDir/DDCASPT2_IVECX_${i}_${j}_1_.csv

      >>> COPY $WorkDir/DDCASPT2_IVECC2_${i}_${j}_1_.csv $CurrDir/DDCASPT2_IVECC2_${i}_${j}_1_.csv

      >>> COPY $WorkDir/DDCASPT2_e2_${i}_${j}_1_.csv $CurrDir/DDCASPT2_e2_${i}_${j}_1_.csv

    >>> END IF

  >>> END FOREACH

>>> END FOREACH

>>> FOREACH i IN (A,C,D)

  >>> IF (-FILE DDCASPT2_e2_${i}_1_.csv)

    >>> COPY $WorkDir/DDCASPT2_RHS_${i}_1_.csv $CurrDir/DDCASPT2_RHS_${i}_1_.csv

    >>> COPY $WorkDir/DDCASPT2_IVECW_${i}_1_.csv $CurrDir/DDCASPT2_IVECW_${i}_1_.csv

    >>> COPY $WorkDir/DDCASPT2_IVECX_${i}_1_.csv $CurrDir/DDCASPT2_IVECX_${i}_1_.csv

    >>> COPY $WorkDir/DDCASPT2_IVECC2_${i}_1_.csv $CurrDir/DDCASPT2_IVECC2_${i}_1_.csv

    >>> COPY $WorkDir/DDCASPT2_e2_${i}_1_.csv $CurrDir/DDCASPT2_e2_${i}_1_.csv

  >>> END IF

>>> END FOREACH

-- ----------------------------------

--- Start Module: gateway at Tue Oct 28 19:15:38 2025 ---
 
()()()()()()()()()()()()()()()()()()()()()()()()()()()()()()()()()()()()()()()()()()()()()()()()()()

                                              &GATEWAY

                                   only a single process is used
                       available to each process: 2.0 GB of memory, 1 thread?
()()()()()()()()()()()()()()()()()()()()()()()()()()()()()()()()()()()()()()()()()()()()()()()()()()
 
 ###############################################################################
 ###############################################################################
 ###                                                                         ###
 ###                                                                         ###
 ###                                                                         ###
 ###    WARNING: EXPERT option is ON!                                        ###
 ###                                                                         ###
 ###                                                                         ###
 ###############################################################################
 ###############################################################################
 
++    Symmetry information:
      ---------------------
 
                    Character Table for C1 
 
                             E  
                    a        1  x, y, xy, Rz, z, xz, Ry, yz, Rx, I
--
 
 
++    Basis set information:
      ----------------------
 
 
      Basis set label: H.ANO-RCC...2S1P.
 
      Electronic valence basis set:
      ------------------
      Associated Effective Charge   1.000000 au
      Associated Actual Charge      1.000000 au
      Nuclear Model: Point charge
 
      Shell  nPrim  nBasis  Cartesian Spherical Contaminant
         s       8       2        X                  
         p       4       1        X                  
--
 
 
++    Molecular structure info:
      -------------------------
 
                    ************************************************ 
                    **** Cartesian Coordinates / Bohr, Angstrom **** 
                    ************************************************ 
 
     Center  Label                x              y              z                     x              y              z
        1      H1               0.000000       0.000000       0.000000              0.000000       0.000000       0.000000
        2      H2               0.000000       0.000000       5.669178              0.000000       0.000000       3.000000
        3      H3               0.000000       0.000000      11.338357              0.000000       0.000000       6.000000
        4      H4               0.000000       0.000000      17.007535              0.000000       0.000000       9.000000
        5      H5               0.000000       0.000000      22.676714              0.000000       0.000000      12.000000
        6      H6               0.000000       0.000000      28.345892              0.000000       0.000000      15.000000
        7      H7               0.000000       0.000000      34.015070              0.000000       0.000000      18.000000
        8      H8               0.000000       0.000000      39.684249              0.000000       0.000000      21.000000
        9      H9               0.000000       0.000000      45.353427              0.000000       0.000000      24.000000
       10      H10              0.000000       0.000000      51.022605              0.000000       0.000000      27.000000
 
                    *************************************** 
                    *    InterNuclear Distances / Bohr    * 
                    *************************************** 
 
               1 H1            2 H2            3 H3            4 H4            5 H5            6 H6    
    1 H1       0.000000
    2 H2       5.669178        0.000000
    3 H3      11.338357        5.669178        0.000000
    4 H4      17.007535       11.338357        5.669178        0.000000
    5 H5      22.676714       17.007535       11.338357        5.669178        0.000000
    6 H6      28.345892       22.676714       17.007535       11.338357        5.669178        0.000000
    7 H7      34.015070       28.345892       22.676714       17.007535       11.338357        5.669178
    8 H8      39.684249       34.015070       28.345892       22.676714       17.007535       11.338357
    9 H9      45.353427       39.684249       34.015070       28.345892       22.676714       17.007535
   10 H10     51.022605       45.353427       39.684249       34.015070       28.345892       22.676714
 
               7 H7            8 H8            9 H9           10 H10   
    7 H7       0.000000
    8 H8       5.669178        0.000000
    9 H9      11.338357        5.669178        0.000000
   10 H10     17.007535       11.338357        5.669178        0.000000
 
                    ******************************************* 
                    *    InterNuclear Distances / Angstrom    * 
                    ******************************************* 
 
               1 H1            2 H2            3 H3            4 H4            5 H5            6 H6    
    1 H1       0.000000
    2 H2       3.000000        0.000000
    3 H3       6.000000        3.000000        0.000000
    4 H4       9.000000        6.000000        3.000000        0.000000
    5 H5      12.000000        9.000000        6.000000        3.000000        0.000000
    6 H6      15.000000       12.000000        9.000000        6.000000        3.000000        0.000000
    7 H7      18.000000       15.000000       12.000000        9.000000        6.000000        3.000000
    8 H8      21.000000       18.000000       15.000000       12.000000        9.000000        6.000000
    9 H9      24.000000       21.000000       18.000000       15.000000       12.000000        9.000000
   10 H10     27.000000       24.000000       21.000000       18.000000       15.000000       12.000000
 
               7 H7            8 H8            9 H9           10 H10   
    7 H7       0.000000
    8 H8       3.000000        0.000000
    9 H9       6.000000        3.000000        0.000000
   10 H10      9.000000        6.000000        3.000000        0.000000
--
 
 
            Nuclear Potential Energy              3.40255347 au
 
 ###############################################################################
 ###############################################################################
 ###                                                                         ###
 ###                                                                         ###
 ###    There were warnings during the execution                             ###
 ###    Please, check the output with care!                                  ###
 ###                                                                         ###
 ###                                                                         ###
 ###############################################################################
 ###############################################################################
--- Stop Module: gateway at Tue Oct 28 19:15:39 2025 /rc=_RC_ALL_IS_WELL_ ---
*** files: xmldump
    saved to directory ${LOCALHOME}/DDCASPT2/hydrogen_comps/rerun/H10_chain/H10_3.00

--- Start Module: seward at Tue Oct 28 19:15:39 2025 ---
 
()()()()()()()()()()()()()()()()()()()()()()()()()()()()()()()()()()()()()()()()()()()()()()()()()()

                                              &SEWARD

                                   only a single process is used
                       available to each process: 2.0 GB of memory, 1 thread?
()()()()()()()()()()()()()()()()()()()()()()()()()()()()()()()()()()()()()()()()()()()()()()()()()()
 
 ###############################################################################
 ###############################################################################
 ###                                                                         ###
 ###                                                                         ###
 ###                                                                         ###
 ###    WARNING: EXPERT option is ON!                                        ###
 ###                                                                         ###
 ###                                                                         ###
 ###############################################################################
 ###############################################################################
               SEWARD will generate:
                  Multipole Moment integrals up to order  2
                  Kinetic Energy integrals
                  Nuclear Attraction integrals (point charge)
                  One-Electron Hamiltonian integrals
                  Velocity integrals
                  Relativistic Douglas-Kroll-Hess integrals:
                    - Parametrization         : EXP
                    - DKH order of Hamiltonian: 2
                    - DKH order of Properties : 0
                         - multipole moment operators
                         - electric potential operators
                         - contact operators
                  Atomic mean-field integrals
                  Two-Electron Repulsion integrals
 
                   Integrals are discarded if absolute value <: 0.10E-13
                   Integral cutoff threshold is set to       <: 0.10E-15
 
            Nuclear Potential Energy              3.40255347 au
 
 
      Basis set specifications :
      Symmetry species         a  
      Basis functions           50
 
 
  Input file to MOLDEN was generated!
 
 ###############################################################################
 ###############################################################################
 ###                                                                         ###
 ###                                                                         ###
 ###    There were warnings during the execution                             ###
 ###    Please, check the output with care!                                  ###
 ###                                                                         ###
 ###                                                                         ###
 ###############################################################################
 ###############################################################################
forrtl: warning (525): IEEE_DIVIDE_BY_ZERO is signaling
forrtl: warning (526): IEEE_INVALID is signaling
forrtl: warning (528): IEEE_UNDERFLOW is signaling
--- Stop Module: seward at Tue Oct 28 19:15:39 2025 /rc=_RC_ALL_IS_WELL_ ---
*** files: H10_3.00.GssOrb H10_3.00.guessorb.h5 H10_3.00.guessorb.molden xmldump
    saved to directory ${LOCALHOME}/DDCASPT2/hydrogen_comps/rerun/H10_chain/H10_3.00

*** symbolic link created: INPORB -> H10_3.00.GssOrb
--- Start Module: scf at Tue Oct 28 19:15:39 2025 ---
 
()()()()()()()()()()()()()()()()()()()()()()()()()()()()()()()()()()()()()()()()()()()()()()()()()()

                                                &SCF

                                   only a single process is used
                       available to each process: 2.0 GB of memory, 1 thread?
()()()()()()()()()()()()()()()()()()()()()()()()()()()()()()()()()()()()()()()()()()()()()()()()()()
 
++    Input section:
      --------------
 
      Header of the integral files:
      
       Integrals generated by seward 4.2.0  , Tue Oct 28 19:15:39 2025
 
 
      Cartesian coordinates in Angstrom:
      -----------------------------------------------------
      No.  Label        X            Y            Z        
      -----------------------------------------------------
       1   H1         0.00000000   0.00000000   0.00000000
       2   H2         0.00000000   0.00000000   3.00000000
       3   H3         0.00000000   0.00000000   6.00000000
       4   H4         0.00000000   0.00000000   9.00000000
       5   H5         0.00000000   0.00000000  12.00000000
       6   H6         0.00000000   0.00000000  15.00000000
       7   H7         0.00000000   0.00000000  18.00000000
       8   H8         0.00000000   0.00000000  21.00000000
       9   H9         0.00000000   0.00000000  24.00000000
      10   H10        0.00000000   0.00000000  27.00000000
      -----------------------------------------------------
      Nuclear repulsion energy =    3.40255347
--
 
++    Orbital specifications:
      -----------------------
 
      Symmetry species               1
                                     a
      Frozen orbitals                0
      Occupied orbitals              5
      Secondary orbitals            45
      Deleted orbitals               0
      Total number of orbitals      50
      Number of basis functions     50
--
 
      Molecular charge                           0.000
 
++    Optimization specifications:
      ----------------------------
 
      SCF Algorithm: Conventional
      Minimized density differences are used
      Number of density matrices in core                5
      Maximum number of NDDO SCF iterations           400
      Maximum number of HF SCF iterations             400
      Threshold for SCF energy change            0.10E-08
      Threshold for density matrix               0.10E-03
      Threshold for Fock matrix                  0.15E-03
      Threshold for linear dependence            0.10E-08
      Threshold at which DIIS is turned on       0.15E+00
      Threshold at which QNR/C2DIIS is turned on 0.75E-01
      Threshold for Norm(delta) (QNR/C2DIIS)     0.20E-04
      DIIS extrapolation of the SCF procedure
      All orbitals punched on: SCFORB
--
 
      Input vectors read from INPORB
      Orbital file label: *Guess orbitals
 
 
++ Convergence information
                                   SCF        iterations: Energy and convergence statistics
 
Iter     Tot. SCF        One-elec.       Two-elec.     Energy      Max Dij or  Max Fij      DNorm      TNorm      AccCon     Time
         Energy          Energy          Energy        Change      Delta Norm                                                in Sec.
   1    -3.803065003   -11.858699853     4.653081383   0.00E+00    0.43E+00*   0.13E+00*    0.52E+01   0.82E+01   None         0.
   2    -4.132642330   -11.815920476     4.280724679  -0.33E+00*   0.17E+00*   0.25E-01*    0.16E+01   0.79E+01   EDIIS        0.
   3    -4.149260699   -11.742236402     4.190422236  -0.17E-01*   0.12E+00*   0.96E-02*    0.41E+00   0.78E+01   EDIIS        0.
   4    -4.153704702   -11.751624112     4.195365943  -0.44E-02*   0.76E-01*   0.59E-02*    0.24E+00   0.78E+01   c2DIIS       0.
   5    -4.155516878   -11.736424096     4.178353751  -0.18E-02*   0.17E-01*   0.87E-02*    0.61E-01   0.78E+01   c2DIIS       0.
   6    -4.157288605   -11.736624312     4.176782240  -0.18E-02*   0.15E-01*   0.14E-02*    0.75E-01   0.78E+01   QNRc2DIIS    0.
   7    -4.157307994   -11.736699106     4.176837644  -0.19E-04*   0.72E-02*   0.14E-02*    0.23E-01   0.78E+01   QNRc2DIIS    0.
   8    -4.157359162   -11.737613405     4.177700776  -0.51E-04*   0.59E-02*   0.32E-03*    0.55E-02   0.78E+01   QNRc2DIIS    0.
   9    -4.157365095   -11.736741170     4.176822608  -0.59E-05*   0.17E-02*   0.22E-03*    0.26E-02   0.78E+01   QNRc2DIIS    0.
  10    -4.157366495   -11.737192062     4.177272100  -0.14E-05*   0.21E-03*   0.29E-04     0.77E-03   0.78E+01   QNRc2DIIS    0.
  11    -4.157366515   -11.737145069     4.177225088  -0.20E-07*   0.17E-04    0.13E-05     0.11E-03   0.78E+01   QNRc2DIIS    0.
  12    -4.157366515   -11.737148082     4.177228100  -0.14E-09    0.11E-04    0.52E-06     0.14E-04   0.78E+01   QNRc2DIIS    0.
 
       Convergence after 12 Macro Iterations
--
 
 *****************************************************************************************************************************
 *                                                                                                                           *
 *                                             SCF/KS-DFT Program, Final results                                             *
 *                                                                                                                           *
 *                                                                                                                           *
 *                                                                                                                           *
 *                                                       Final Results                                                       *
 *                                                                                                                           *
 *****************************************************************************************************************************
 
::    Total SCF energy                                 -4.1573665148
      One-electron energy                             -11.7371480816
      Two-electron energy                               4.1772280998
      Nuclear repulsion energy                          3.4025534670
      Kinetic energy (interpolated)                     3.2990031563
      Virial theorem                                    1.2601887048
      Total spin, S(S+1)                                0.0000000000
      Total spin, S                                     0.0000000000
      Max non-diagonal density matrix element           0.0000099544
      Max non-diagonal Fock matrix element              0.0000004085
 
 
      All orbitals with orbital energies smaller than  E(LUMO)+0.5 are printed
 
++    Molecular orbitals:
      -------------------
 
      Title: SCF orbitals

      Molecular orbitals for symmetry species 1: a  
 
          Orbital            1         2         3         4         5         6         7         8         9        10    
          Energy           -0.3572   -0.3502   -0.3398   -0.3274   -0.3167   -0.1625   -0.1477   -0.1307   -0.1156   -0.1056
          Occ. No.          2.0000    2.0000    2.0000    2.0000    2.0000    0.0000    0.0000    0.0000    0.0000    0.0000
 
        1 H1     1s         0.1354   -0.2623    0.3518   -0.3623    0.2444   -0.2606    0.4089   -0.4278    0.3447   -0.1922
        2 H1     2s         0.0291   -0.0569    0.0774   -0.0813    0.0559   -0.0766    0.1232   -0.1318    0.1077   -0.0603
        3 H1     2px        0.0000   -0.0000    0.0000   -0.0000    0.0000   -0.0000    0.0000    0.0000   -0.0000    0.0000
        4 H1     2py       -0.0000    0.0000   -0.0000    0.0000   -0.0000    0.0000    0.0000   -0.0000    0.0000   -0.0000
        5 H1     2pz        0.0034   -0.0060    0.0073   -0.0066    0.0040    0.0019   -0.0045    0.0068   -0.0072    0.0047
        6 H2     1s         0.1717   -0.3110    0.3748   -0.3360    0.1990    0.1543   -0.3257    0.4473   -0.4403    0.2756
        7 H2     2s         0.0314   -0.0636    0.0881   -0.0906    0.0595    0.0410   -0.0970    0.1427   -0.1446    0.0911
        8 H2     2px        0.0000    0.0000    0.0000   -0.0000    0.0000   -0.0000   -0.0000   -0.0000    0.0000   -0.0000
        9 H2     2py        0.0000   -0.0000    0.0000    0.0000    0.0000    0.0000    0.0000    0.0000   -0.0000    0.0000
       10 H2     2pz       -0.0010    0.0029   -0.0055    0.0074   -0.0059    0.0077   -0.0099    0.0066   -0.0016   -0.0008
       11 H3     1s         0.2947   -0.3439    0.0840    0.2764   -0.3495    0.3799   -0.3018   -0.1130    0.4502   -0.3970
       12 H3     2s         0.0626   -0.0703    0.0086    0.0760   -0.0909    0.1134   -0.0895   -0.0404    0.1472   -0.1285
       13 H3     2px       -0.0000   -0.0000    0.0000    0.0000   -0.0000   -0.0000   -0.0000   -0.0000    0.0000   -0.0000
       14 H3     2py        0.0000   -0.0000    0.0000    0.0000   -0.0000    0.0000    0.0000    0.0000   -0.0000    0.0000
       15 H3     2pz        0.0045   -0.0036   -0.0021    0.0070   -0.0061   -0.0066    0.0100   -0.0062   -0.0020    0.0052
       16 H4     1s         0.3176   -0.3124   -0.0127    0.3330   -0.3214   -0.3133    0.4073   -0.0957   -0.3704    0.4422
       17 H4     2s         0.0622   -0.0718    0.0077    0.0787   -0.0889   -0.0897    0.1280   -0.0350   -0.1189    0.1447
       18 H4     2px       -0.0000   -0.0000    0.0000    0.0000    0.0000    0.0000    0.0000    0.0000    0.0000    0.0000
       19 H4     2py        0.0000   -0.0000   -0.0000    0.0000    0.0000   -0.0000    0.0000    0.0000    0.0000    0.0000
       20 H4     2pz       -0.0031    0.0054   -0.0032   -0.0040    0.0075   -0.0099    0.0043    0.0064   -0.0075    0.0020
       21 H5     1s         0.3677   -0.0379   -0.3642    0.0495    0.3740   -0.3993   -0.1018    0.4430    0.0828   -0.4841
       22 H5     2s         0.0752    0.0006   -0.0856    0.0026    0.1002   -0.1171   -0.0369    0.1411    0.0295   -0.1576
       23 H5     2px       -0.0000    0.0000    0.0000    0.0000    0.0000   -0.0000    0.0000    0.0000    0.0000    0.0000
       24 H5     2py        0.0000   -0.0000    0.0000   -0.0000   -0.0000   -0.0000   -0.0000    0.0000   -0.0000   -0.0000
       25 H5     2pz        0.0045    0.0021   -0.0057   -0.0026    0.0076    0.0095   -0.0055   -0.0070    0.0056    0.0041
       26 H6     1s         0.3677    0.0379   -0.3642   -0.0495    0.3740    0.3993   -0.1018   -0.4430    0.0828    0.4841
       27 H6     2s         0.0752   -0.0006   -0.0856   -0.0026    0.1002    0.1171   -0.0369   -0.1411    0.0295    0.1576
       28 H6     2px       -0.0000    0.0000   -0.0000   -0.0000    0.0000    0.0000   -0.0000    0.0000    0.0000    0.0000
       29 H6     2py       -0.0000   -0.0000    0.0000    0.0000    0.0000   -0.0000   -0.0000    0.0000   -0.0000   -0.0000
       30 H6     2pz       -0.0045    0.0021    0.0057   -0.0026   -0.0076    0.0095    0.0055   -0.0070   -0.0056    0.0041
       31 H7     1s         0.3176    0.3124   -0.0127   -0.3330   -0.3214    0.3133    0.4073    0.0957   -0.3704   -0.4422
       32 H7     2s         0.0622    0.0718    0.0077   -0.0787   -0.0889    0.0897    0.1280    0.0350   -0.1189   -0.1447
       33 H7     2px        0.0000   -0.0000   -0.0000    0.0000   -0.0000    0.0000   -0.0000   -0.0000    0.0000   -0.0000
       34 H7     2py        0.0000   -0.0000    0.0000    0.0000   -0.0000   -0.0000   -0.0000   -0.0000    0.0000    0.0000
       35 H7     2pz        0.0031    0.0054    0.0032   -0.0040   -0.0075   -0.0099   -0.0043    0.0064    0.0075    0.0020
       36 H8     1s         0.2947    0.3439    0.0840   -0.2764   -0.3495   -0.3799   -0.3018    0.1130    0.4502    0.3970
       37 H8     2s         0.0626    0.0703    0.0086   -0.0760   -0.0909   -0.1134   -0.0895    0.0404    0.1472    0.1285
       38 H8     2px        0.0000   -0.0000    0.0000   -0.0000   -0.0000    0.0000   -0.0000   -0.0000   -0.0000   -0.0000
       39 H8     2py        0.0000   -0.0000   -0.0000   -0.0000   -0.0000    0.0000    0.0000    0.0000    0.0000   -0.0000
       40 H8     2pz       -0.0045   -0.0036    0.0021    0.0070    0.0061   -0.0066   -0.0100   -0.0062    0.0020    0.0052
       41 H9     1s         0.1717    0.3110    0.3748    0.3360    0.1990   -0.1543   -0.3257   -0.4473   -0.4403   -0.2756
       42 H9     2s         0.0314    0.0636    0.0881    0.0906    0.0595   -0.0410   -0.0970   -0.1427   -0.1446   -0.0911
       43 H9     2px        0.0000   -0.0000    0.0000    0.0000   -0.0000   -0.0000   -0.0000   -0.0000    0.0000    0.0000
       44 H9     2py        0.0000    0.0000    0.0000   -0.0000   -0.0000    0.0000    0.0000   -0.0000    0.0000   -0.0000
       45 H9     2pz        0.0010    0.0029    0.0055    0.0074    0.0059    0.0077    0.0099    0.0066    0.0016   -0.0008
       46 H10    1s         0.1354    0.2623    0.3518    0.3623    0.2444    0.2606    0.4089    0.4278    0.3447    0.1922
       47 H10    2s         0.0291    0.0569    0.0774    0.0813    0.0559    0.0766    0.1232    0.1318    0.1077    0.0603
       48 H10    2px        0.0000   -0.0000   -0.0000    0.0000   -0.0000    0.0000   -0.0000   -0.0000   -0.0000    0.0000
       49 H10    2py        0.0000   -0.0000   -0.0000   -0.0000   -0.0000   -0.0000    0.0000   -0.0000    0.0000    0.0000
       50 H10    2pz       -0.0034   -0.0060   -0.0073   -0.0066   -0.0040    0.0019    0.0045    0.0068    0.0072    0.0047
 
          Orbital           11        12        13    
          Energy            0.3091    0.3161    0.3280
          Occ. No.          0.0000    0.0000    0.0000
 
        1 H1     1s        -0.0742    0.1298   -0.1513
        2 H1     2s         0.1325   -0.2526    0.3425
        3 H1     2px        0.0000   -0.0000    0.0000
        4 H1     2py        0.0000   -0.0000   -0.0000
        5 H1     2pz        0.0012   -0.0025    0.0032
        6 H2     1s        -0.1295    0.1968   -0.1742
        7 H2     2s         0.1767   -0.2882    0.2875
        8 H2     2px       -0.0000   -0.0000   -0.0000
        9 H2     2py        0.0000    0.0000   -0.0000
       10 H2     2pz        0.0031   -0.0023   -0.0049
       11 H3     1s        -0.1587    0.1855   -0.0689
       12 H3     2s         0.2289   -0.2878    0.1209
       13 H3     2px        0.0000    0.0000    0.0000
       14 H3     2py        0.0000    0.0000   -0.0000
       15 H3     2pz       -0.0000    0.0034   -0.0109
       16 H4     1s        -0.1873    0.1334    0.0751
       17 H4     2s         0.2675   -0.2060   -0.1300
       18 H4     2px        0.0000    0.0000   -0.0000
       19 H4     2py        0.0000    0.0000    0.0000
       20 H4     2pz        0.0033    0.0031   -0.0114
       21 H5     1s        -0.2000    0.0518    0.1672
       22 H5     2s         0.2876   -0.0792   -0.2954
       23 H5     2px       -0.0000   -0.0000    0.0000
       24 H5     2py        0.0000    0.0000   -0.0000
       25 H5     2pz       -0.0019    0.0066   -0.0028
       26 H6     1s        -0.2000   -0.0518    0.1672
       27 H6     2s         0.2876    0.0792   -0.2954
       28 H6     2px        0.0000    0.0000    0.0000
       29 H6     2py       -0.0000   -0.0000   -0.0000
       30 H6     2pz        0.0019    0.0066    0.0028
       31 H7     1s        -0.1873   -0.1334    0.0751
       32 H7     2s         0.2675    0.2060   -0.1300
       33 H7     2px       -0.0000    0.0000   -0.0000
       34 H7     2py        0.0000    0.0000    0.0000
       35 H7     2pz       -0.0033    0.0031    0.0114
       36 H8     1s        -0.1587   -0.1855   -0.0689
       37 H8     2s         0.2289    0.2878    0.1209
       38 H8     2px       -0.0000    0.0000    0.0000
       39 H8     2py       -0.0000    0.0000   -0.0000
       40 H8     2pz        0.0000    0.0034    0.0109
       41 H9     1s        -0.1295   -0.1968   -0.1742
       42 H9     2s         0.1767    0.2882    0.2875
       43 H9     2px        0.0000    0.0000   -0.0000
       44 H9     2py       -0.0000    0.0000    0.0000
       45 H9     2pz       -0.0031   -0.0023    0.0049
       46 H10    1s        -0.0742   -0.1298   -0.1513
       47 H10    2s         0.1325    0.2526    0.3425
       48 H10    2px       -0.0000   -0.0000    0.0000
       49 H10    2py       -0.0000   -0.0000    0.0000
       50 H10    2pz       -0.0012   -0.0025   -0.0032
--
 
 
++    Molecular charges:
      ------------------
 
      Mulliken charges per centre and basis function type
      ---------------------------------------------------
 
                H1      H2      H3      H4      H5      H6      H7      H8      H9      H10   
      1s       0.8855  0.9170  0.9015  0.9060  0.9036  0.9036  0.9060  0.9015  0.9170  0.8855
      2s       0.0933  0.0990  0.0939  0.0952  0.0947  0.0947  0.0952  0.0939  0.0990  0.0933
      2px      0.0000  0.0000  0.0000  0.0000  0.0000  0.0000  0.0000  0.0000  0.0000  0.0000
      2pz      0.0019  0.0021  0.0021  0.0021  0.0021  0.0021  0.0021  0.0021  0.0021  0.0019
      2py      0.0000  0.0000  0.0000  0.0000  0.0000  0.0000  0.0000  0.0000  0.0000  0.0000
      Total    0.9807  1.0181  0.9975  1.0033  1.0004  1.0004  1.0033  0.9975  1.0181  0.9807
 
      N-E      0.0193 -0.0181  0.0025 -0.0033 -0.0004 -0.0004 -0.0033  0.0025 -0.0181  0.0193
 
      Total electronic charge=   10.000000
 
      Total            charge=   -0.000000
--
 
 
  Input file to MOLDEN was generated!
 
 
++    Static properties:
      ------------------
 
 
      LoProp Charges per center
 

                   H1       H2       H3       H4       H5       H6       H7       H8       H9       H10   
      Nuclear      1.0000   1.0000   1.0000   1.0000   1.0000   1.0000   1.0000   1.0000   1.0000   1.0000
      Electronic  -0.9865  -1.0118  -0.9981  -1.0031  -1.0004  -1.0004  -1.0031  -0.9981  -1.0118  -0.9865
 
      Total        0.0135  -0.0118   0.0019  -0.0031  -0.0004  -0.0004  -0.0031   0.0019  -0.0118   0.0135
--
 
 
++    Natural Bond Order analysis
      ---------------------------
      Based on LoProp computed density
      -------------------------------------------------------------------------------------
      Atom A       Atom B       Bond Order
      -------------------------------------------------------------------------------------
      NBO located      0.981 non-bonded electrons on atom H1        
      NBO located      1.003 non-bonded electrons on atom H3        
      NBO located      1.008 non-bonded electrons on atom H4        
      NBO located      1.005 non-bonded electrons on atom H5        
      NBO located      1.005 non-bonded electrons on atom H6        
      NBO located      1.008 non-bonded electrons on atom H7        
      NBO located      1.003 non-bonded electrons on atom H8        
      NBO located      0.981 non-bonded electrons on atom H10       
      The remaining    2.007 electrons are to be considered as diffuse
--
 
 
++    Molecular properties:
      ---------------------
 
      Charge (e):
                      =   -0.0000
      Dipole Moment (Debye):
      Origin of the operator (Ang)=    0.0000    0.0000    0.0000
                   X= -3.8812E-13               Y=  1.1064E-13               Z= -8.8856E-12           Total=  8.8948E-12
      Quadrupole Moment (Debye*Ang):
      Origin of the operator (Ang)=    0.0000    0.0000   13.5000
                  XX= -2.4978E+01              XY=  3.7524E-27              XZ=  5.1882E-12              YY= -2.4978E+01
                  YZ= -1.5868E-12              ZZ=  5.6609E-01
      In traceless form (Debye*Ang)
                  XX= -1.2772E+01              XY=  5.6285E-27              XZ=  7.7822E-12              YY= -1.2772E+01
                  YZ= -2.3801E-12              ZZ=  2.5544E+01
--
 
 
  Input file to MOLDEN was generated!
 
 ###############################################################################
 ###############################################################################
 ###                                                                         ###
 ###                                                                         ###
 ###    RunFile label nBas                                                   ###
 ###    was used       78 times                                              ###
 ###                                                                         ###
 ###                                                                         ###
 ###############################################################################
 ###############################################################################
forrtl: warning (528): IEEE_UNDERFLOW is signaling
--- Stop Module: scf at Tue Oct 28 19:15:40 2025 /rc=_RC_ALL_IS_WELL_ ---
*** files: H10_3.00.LprOrb H10_3.00.LoProp.molden H10_3.00.scf.molden H10_3.00.ScfOrb H10_3.00.scf.h5 xmldump
    saved to directory ${LOCALHOME}/DDCASPT2/hydrogen_comps/rerun/H10_chain/H10_3.00

>>> COPY /tmp/H10_3.00/H10_3.00.scf.h5 ${LOCALHOME}/DDCASPT2/hydrogen_comps/rerun/H10_chain/H10_3.00/

*** symbolic link created: INPORB -> H10_3.00.ScfOrb
--- Start Module: rasscf at Tue Oct 28 19:15:40 2025 ---
 
()()()()()()()()()()()()()()()()()()()()()()()()()()()()()()()()()()()()()()()()()()()()()()()()()()

                                              &RASSCF

                                   only a single process is used
                       available to each process: 2.0 GB of memory, 1 thread?
()()()()()()()()()()()()()()()()()()()()()()()()()()()()()()()()()()()()()()()()()()()()()()()()()()
 
 
      Header of the ONEINT file:
      --------------------------
      
      Integrals generated by seward 4.2.0  , Tue Oct 28 19:15:39 2025
 
 
      OrdInt status: non-squared
 
 
      Cartesian coordinates in Angstrom:
      -----------------------------------------------------
      No.  Label        X            Y            Z        
      -----------------------------------------------------
       1   H1         0.00000000   0.00000000   0.00000000
       2   H2         0.00000000   0.00000000   3.00000000
       3   H3         0.00000000   0.00000000   6.00000000
       4   H4         0.00000000   0.00000000   9.00000000
       5   H5         0.00000000   0.00000000  12.00000000
       6   H6         0.00000000   0.00000000  15.00000000
       7   H7         0.00000000   0.00000000  18.00000000
       8   H8         0.00000000   0.00000000  21.00000000
       9   H9         0.00000000   0.00000000  24.00000000
      10   H10        0.00000000   0.00000000  27.00000000
      -----------------------------------------------------
      Nuclear repulsion energy =    3.40255347
 
++    Wave function specifications:
      -----------------------------
 
      Number of closed shell electrons           0
      Number of electrons in active shells      10
      Max number of holes in RAS1 space          0
      Max nr of electrons in RAS3 space          0
      Number of inactive orbitals                0
      Number of active orbitals                 10
      Number of secondary orbitals              40
      Spin quantum number                      0.0
      State symmetry                             1
--
 
++    Orbital specifications:
      -----------------------
 
      Symmetry species                           1
                                                 a
      Frozen orbitals                            0
      Inactive orbitals                          0
      Active orbitals                           10
      RAS1 orbitals                              0
      RAS2 orbitals                             10
      RAS3 orbitals                              0
      Secondary orbitals                        40
      Deleted orbitals                           0
      Number of basis functions                 50
--
 
++    CI expansion specifications:
      ----------------------------
 
      Number of CSFs                         19404
      Number of determinants                 31878
      Number of root(s) required                 1
      Root chosen for geometry opt.              1
      CI root used                               1
         
      highest root included in the CI            1
      max. size of the explicit Hamiltonian    200
--
 
++    Optimization specifications:
      ----------------------------
 
      RASSCF algorithm: Conventional
      Maximum number of macro iterations       200
      Maximum number of SX iterations          100
      Threshold for RASSCF energy            0.100E-07
      Threshold for max MO rotation          0.100E+00
      Threshold for max BLB element          0.100E-03
      Level shift parameter                  0.500E+00
      Make Quasi-Newton update
--
 
      The MO-coefficients are taken from the file:
      ${LOCALHOME}/DDCASPT2/hydrogen_comps/rerun/H10_chain/H10_2.81/H10_2.81.RasOrb                                               
      Title: RASSCF average (pseudo-natural) orbitals                                      
 
      Total molecular charge    0.00
 
      ************************************************************************************************************************
      *                                                                                                                      *
      *                                            Wave function control section                                             *
      *                                                                                                                      *
      ************************************************************************************************************************
 
 
                                         RASSCF iterations: Energy and convergence statistics
                                         ----------------------------------------------------
 
      Iter CI   SX   CI       RASSCF       Energy    max ROT     max BLB   max BLB  Level Ln srch  Step   QN   Walltime
          iter iter root      energy       change     param      element    value   shift minimum  type update hh:mm:ss
 Nr of preliminary CI iterations:   9
        1   1    4    1    -4.98601966    0.00E+00  -0.33E-02   10  34 1 -0.25E-02*  0.01   0.00    SX    NO    0:00:00
        2   1    4    1    -4.98608742   -0.68E-04* -0.19E-02    1  11 1  0.12E-02*  0.01   0.00    SX    NO    0:00:00
        3   1    4    1    -4.98609066   -0.32E-05* -0.65E-03    1  11 1 -0.39E-03*  0.01   0.00    SX    NO    0:00:00
        No convergence in the CI section: MAXJT will be increased to 
 60
        4  48    4    1    -4.98623119   -0.14E-03*  0.51E-03    6  16 1 -0.30E-03*  0.01   0.00    SX    NO    0:00:02
        No convergence in the CI section: MAXJT will be increased to 
 72
        5  60    4    1    -4.98630021   -0.69E-04*  0.25E-03    1  11 1 -0.20E-03*  0.01   1.00    QN   YES    0:00:02
        6  10    4    1    -4.98630520   -0.50E-05* -0.16E-03    6  16 1  0.11E-03*  0.01   0.99    QN   YES    0:00:00
        No convergence in the CI section: MAXJT will be increased to 
 96
        7  84    3    1    -4.98631113   -0.59E-05*  0.33E-04    6  16 1 -0.31E-04   0.01   1.00    QN   YES    0:00:03
        8   2    3    1    -4.98631114   -0.18E-07*  0.97E-05    6  16 1 -0.66E-05   0.01   1.08    QN   YES    0:00:00
        No convergence in the CI section: MAXJT will be increased to 
 120
        9 108    3    1    -4.98631191   -0.76E-06*  0.67E-05    6  16 1  0.12E-04   0.01  -0.50    QN   YES    0:00:04
       10   2    3    1    -4.98631191   -0.15E-08  -0.14E-04    6  16 1  0.96E-05   0.01   1.15    QN   YES    0:00:00
      Convergence after 10 iterations
 
  Dmat in MO in SXCTL bf call to SXHAM                                                                                    
  mat. size =    10x   10
 
        1.1885489480354545
       -0.0000000106924459      1.1712247616056279
        0.0000314519269469     -0.0000000586866683      1.1435376848701972
       -0.0000000112297940      0.0001018181512016     -0.0000000726664862      1.1075472024910296
        0.0000428738217415      0.0000000341304487      0.0001146770918527     -0.0000002620098409      1.0669049743339425
        0.0000000360494600      0.0000477626017019     -0.0000001702904489     -0.0009000320638797     -0.0000000016817315
        0.9343420830715021
        0.0000365785507864     -0.0000001394906783     -0.0008355053498263      0.0000000005042770      0.0010708953523306
        0.0000002536329005      0.8932501233557175
       -0.0000001122052942     -0.0006447937734349      0.0000000006675037      0.0011473073662625      0.0000001663918094
       -0.0000586513950131      0.0000000712329724      0.8565037243205517
       -0.0004209364857999      0.0000000009549386      0.0009320459319727      0.0000001397474042      0.0001133963251396
       -0.0000000327937617     -0.0000496276504075      0.0000000604635800      0.8280029059667607
       -0.0000000006809916      0.0005450844730983      0.0000001138107272      0.0001128284608740     -0.0000000360863491
        0.0000003422267329      0.0000000102195473     -0.0000072971020988      0.0000000167182118      0.8101375919493606
       11   1    3    1    -4.98631191   -0.94E-09  -0.14E-04    8  18 1  0.18E-05   0.01   1.15    QN   YES    0:00:00
 
      ************************************************************************************************************************
                                                      Wave function printout:
                       occupation of active orbitals, and spin coupling of open shells (u,d: Spin up or down)
      ************************************************************************************************************************
 
      Note: transformation to natural orbitals
      has been made, which may change the order of the CSFs.
 
      printout of CI-coefficients larger than  0.05 for root  1
      energy=      -4.986312
      conf/sym  1111111111     Coeff  Weight
             1  2222200000   0.20103 0.04041
            27  2222020000  -0.11060 0.01223
            43  222udud000   0.12273 0.01506
            60  22u2du0d00  -0.10123 0.01025
            78  2u22du00d0   0.09083 0.00825
            94  u222d0u0d0  -0.05208 0.00271
            97  u222du000d  -0.10879 0.01184
           104  2220202000  -0.07978 0.00637
           121  22ud20ud00   0.09978 0.00996
           139  2u2d20u0d0  -0.09938 0.00988
           142  2u2d2u000d  -0.05214 0.00272
           158  u22d20u00d   0.08549 0.00731
           167  2202200200  -0.07242 0.00525
           185  2ud2200ud0   0.09034 0.00816
           204  u2d2200u0d  -0.08479 0.00719
           216  2022200020  -0.06479 0.00420
           235  ud222000ud   0.08859 0.00785
           251  0222200002  -0.07026 0.00494
          1952  2220022000   0.07424 0.00551
          2003  22ud02ud00  -0.07931 0.00629
          2058  2u2d02u0d0   0.07487 0.00561
          2122  u22d02u00d  -0.06795 0.00462
          2155  2202020200   0.05764 0.00332
          2210  2ud2020ud0  -0.06713 0.00451
          2274  u2d2020u0d   0.05975 0.00357
          2316  2022020020   0.05033 0.00253
          2380  ud220200ud  -0.05994 0.00359
          2442  0222020002   0.05409 0.00293
          2454  22u0du2d00   0.06852 0.00469
          2509  2u20du20d0  -0.05659 0.00320
          2573  u220du200d   0.06127 0.00375
          2606  220udud200  -0.06182 0.00382
          2661  2udududud0   0.07869 0.00619
          2725  u2dududu0d  -0.07232 0.00523
          2767  202udud020  -0.05377 0.00289
          2831  ud2udud0ud   0.06969 0.00486
          2893  022udud002  -0.05656 0.00320
          2913  2uudduudd0   0.07167 0.00514
          2977  u2udduud0d  -0.06700 0.00449
          3036  uu2dduu0dd   0.08097 0.00656
          3128  u202du020d   0.06045 0.00365
          3233  udu2du0dud  -0.06610 0.00437
          3337  uud2du0udd  -0.06209 0.00385
          3389  u022du002d   0.05281 0.00279
          3448  0u22du00d2  -0.05068 0.00257
          3457  2200202200   0.05063 0.00256
          3512  2ud0202ud0  -0.05555 0.00309
          3576  u2d0202u0d   0.05011 0.00251
          3618  2020202020   0.05094 0.00259
          3765  2u0d20u2d0   0.06451 0.00416
          3870  20ud20ud20  -0.05133 0.00263
          3934  udud20udud   0.06934 0.00481
          3996  02ud20ud02  -0.05326 0.00284
          4038  uudd20uudd   0.06621 0.00438
          4149  0u2d20u0d2   0.05435 0.00295
          4341  u0d2200u2d   0.05250 0.00276
          4400  0ud2200ud2  -0.05351 0.00286
         12202  2200022200  -0.05608 0.00315
         12253  2ud0022ud0   0.06115 0.00374
         12312  u2d0022u0d  -0.05760 0.00332
         12415  ud200220ud   0.05098 0.00260
         12504  2u0d02u2d0  -0.05821 0.00339
         12607  20ud02ud20   0.05356 0.00287
         12666  udud02udud  -0.06689 0.00447
         12771  uudd02uudd  -0.06357 0.00404
         12888  0u2d02u0d2  -0.05620 0.00316
         13264  u200du220d  -0.05058 0.00256
         13367  udu0du2dud   0.05954 0.00354
         13472  uud0du2udd   0.05546 0.00308
         13525  u020du202d  -0.05106 0.00261
         13669  ud0udud2ud  -0.05845 0.00342
         13777  u0dududu2d   0.05752 0.00331
         13841  0udududud2  -0.05984 0.00358
         13923  uu0dduu2dd  -0.06780 0.00460
         13979  u0udduud2d   0.05312 0.00282
         14043  0uudduudd2  -0.05449 0.00297
         18928  2000022220   0.05330 0.00284
         18944  ud000222ud  -0.06474 0.00419
         18975  u0d0022u2d   0.05843 0.00341
         18994  0ud0022ud2  -0.05950 0.00354
         19021  u00d02u22d  -0.05460 0.00298
         19040  0u0d02u2d2   0.06121 0.00375
         19058  00ud02ud22  -0.05798 0.00336
         19082  u000du222d   0.06461 0.00417
         19101  0u00du22d2  -0.05194 0.00270
         19119  00u0du2d22   0.05505 0.00303
         19136  000udud222  -0.06233 0.00388
         19152  0000202222   0.05200 0.00270
         19404  0000022222  -0.08816 0.00777
 
      Natural orbitals and occupation numbers for root  1
      sym 1:   1.188549   1.171227   1.143543   1.107557   1.066911   0.934337   0.893241   0.856497   0.828000   0.810137

 
      ************************************************************************************************************************
      *                                                                                                                      *
      *                                                    Final results                                                     *
      *                                                                                                                      *
      ************************************************************************************************************************
 
 
++    Wave function specifications:
      -----------------------------
 
      Number of closed shell electrons           0
      Number of electrons in active shells      10
      Max number of holes in RAS1 space          0
      Max nr of electrons in RAS3 space          0
      Number of inactive orbitals                0
      Number of active orbitals                 10
      Number of secondary orbitals              40
      Spin quantum number                      0.0
      State symmetry                             1
--
 
++    Orbital specifications:
      -----------------------
 
      Symmetry species                           1
                                                 a
      Frozen orbitals                            0
      Inactive orbitals                          0
      Active orbitals                           10
      RAS1 orbitals                              0
      RAS2 orbitals                             10
      RAS3 orbitals                              0
      Secondary orbitals                        40
      Deleted orbitals                           0
      Number of basis functions                 50
--
 
++    CI expansion specifications:
      ----------------------------
 
      Number of CSFs                         19404
      Number of determinants                 31878
      Number of root(s) required                 1
      CI root used                               1
      highest root included in the CI            1
      Root passed to geometry opt.               1
--
 
++    Final optimization conditions:
      ------------------------------
 
      Average CI energy                              -4.98631191
      RASSCF energy for state  1                     -4.98631191
      Super-CI energy                                -0.00000000
      RASSCF energy change                            0.00000000
      Max change in MO coefficients               0.856E-05
      Max non-diagonal density matrix element    -0.135E-04
      Maximum BLB matrix element                  0.181E-05
      (orbital pair   8,  18 in symmetry   1)
      Norm of electronic gradient            0.511E-05
--
 
 
      Final state energy(ies):
      ------------------------
 
::    RASSCF root number  1 Total energy:     -4.98631191
 
++    Molecular orbitals:
      -------------------
 
      Pseudonatural active orbitals and approximate occupation numbers
 
 
 
 
      Molecular orbitals for symmetry species 1: a  
 
 
      Orbital                1         2         3         4         5         6         7         8         9        10
      Energy            0.0000    0.0000    0.0000    0.0000    0.0000    0.0000    0.0000    0.0000    0.0000    0.0000
      Occ. No.          1.1885    1.1712    1.1435    1.1076    1.0669    0.9343    0.8932    0.8565    0.8280    0.8101
 
    1 H1     1s         0.1598   -0.2919    0.3699   -0.3700    0.2702   -0.2834    0.3992   -0.4096    0.3303   -0.1837
    2 H1     2s         0.0120   -0.0221    0.0285   -0.0293    0.0222   -0.0279    0.0425   -0.0472    0.0408   -0.0238
    3 H1     2px       -0.0000   -0.0000    0.0000   -0.0000    0.0000   -0.0000    0.0000    0.0000   -0.0000    0.0000
    4 H1     2py       -0.0000    0.0000   -0.0000    0.0000   -0.0000   -0.0000    0.0000   -0.0000    0.0000   -0.0000
    5 H1     2pz        0.0000   -0.0000   -0.0001    0.0001   -0.0001   -0.0003    0.0009   -0.0015    0.0017   -0.0011
    6 H2     1s         0.2224   -0.3701    0.3961   -0.3015    0.1418    0.1289   -0.3107    0.4419   -0.4364    0.2715
    7 H2     2s         0.0146   -0.0268    0.0334   -0.0308    0.0187    0.0081   -0.0317    0.0561   -0.0631    0.0423
    8 H2     2px       -0.0000    0.0000   -0.0000    0.0000   -0.0000    0.0000   -0.0000   -0.0000    0.0000   -0.0000
    9 H2     2py       -0.0000    0.0000   -0.0000    0.0000   -0.0000   -0.0000   -0.0000   -0.0000    0.0000    0.0000
   10 H2     2pz        0.0002   -0.0003    0.0002   -0.0002    0.0002   -0.0008    0.0011   -0.0007    0.0000    0.0003
   11 H3     1s         0.3065   -0.3543    0.0929    0.2663   -0.3947    0.4097   -0.2768   -0.1214    0.4235   -0.3678
   12 H3     2s         0.0219   -0.0242    0.0026    0.0271   -0.0378    0.0443   -0.0303   -0.0202    0.0636   -0.0566
   13 H3     2px        0.0000   -0.0000    0.0000    0.0000   -0.0000   -0.0000   -0.0000    0.0000    0.0000   -0.0000
   14 H3     2py        0.0000   -0.0000   -0.0000    0.0000    0.0000    0.0000   -0.0000   -0.0000    0.0000    0.0000
   15 H3     2pz       -0.0002    0.0003   -0.0001   -0.0003    0.0004    0.0005   -0.0013    0.0011    0.0001   -0.0008
   16 H4     1s         0.3449   -0.2894   -0.1041    0.3924   -0.2919   -0.2920    0.4309   -0.1313   -0.3354    0.4183
   17 H4     2s         0.0235   -0.0230   -0.0044    0.0325   -0.0306   -0.0283    0.0532   -0.0211   -0.0478    0.0656
   18 H4     2px        0.0000    0.0000   -0.0000    0.0000    0.0000    0.0000    0.0000   -0.0000   -0.0000    0.0000
   19 H4     2py       -0.0000   -0.0000   -0.0000   -0.0000    0.0000   -0.0000    0.0000    0.0000   -0.0000   -0.0000
   20 H4     2pz        0.0002   -0.0001   -0.0001    0.0003   -0.0005    0.0011   -0.0003   -0.0011    0.0011   -0.0001
   21 H5     1s         0.3745   -0.0702   -0.3698    0.1249    0.3946   -0.4046   -0.1505    0.4194    0.0925   -0.4521
   22 H5     2s         0.0261   -0.0024   -0.0297    0.0066    0.0388   -0.0422   -0.0222    0.0562    0.0161   -0.0704
   23 H5     2px       -0.0000    0.0000    0.0000    0.0000   -0.0000   -0.0000   -0.0000   -0.0000    0.0000   -0.0000
   24 H5     2py        0.0000   -0.0000   -0.0000   -0.0000   -0.0000   -0.0000   -0.0000    0.0000    0.0000    0.0000
   25 H5     2pz       -0.0002    0.0001    0.0003   -0.0000   -0.0005   -0.0009    0.0010    0.0008   -0.0010   -0.0005
   26 H6     1s         0.3745    0.0702   -0.3698   -0.1249    0.3946    0.4046   -0.1505   -0.4194    0.0925    0.4521
   27 H6     2s         0.0261    0.0024   -0.0297   -0.0066    0.0388    0.0422   -0.0222   -0.0562    0.0161    0.0704
   28 H6     2px        0.0000   -0.0000   -0.0000   -0.0000    0.0000   -0.0000    0.0000    0.0000   -0.0000   -0.0000
   29 H6     2py       -0.0000   -0.0000   -0.0000    0.0000    0.0000   -0.0000    0.0000   -0.0000   -0.0000    0.0000
   30 H6     2pz        0.0002    0.0001   -0.0003   -0.0000    0.0005   -0.0009   -0.0010    0.0008    0.0010   -0.0005
   31 H7     1s         0.3449    0.2894   -0.1041   -0.3924   -0.2919    0.2920    0.4309    0.1313   -0.3354   -0.4183
   32 H7     2s         0.0235    0.0230   -0.0044   -0.0325   -0.0306    0.0283    0.0532    0.0211   -0.0478   -0.0656
   33 H7     2px       -0.0000    0.0000    0.0000    0.0000    0.0000    0.0000    0.0000   -0.0000   -0.0000    0.0000
   34 H7     2py        0.0000   -0.0000   -0.0000   -0.0000    0.0000    0.0000    0.0000    0.0000   -0.0000   -0.0000
   35 H7     2pz       -0.0002   -0.0001    0.0001    0.0003    0.0005    0.0011    0.0003   -0.0011   -0.0011   -0.0001
   36 H8     1s         0.3065    0.3543    0.0929   -0.2663   -0.3947   -0.4097   -0.2768    0.1214    0.4235    0.3678
   37 H8     2s         0.0219    0.0242    0.0026   -0.0271   -0.0378   -0.0443   -0.0303    0.0202    0.0636    0.0566
   38 H8     2px        0.0000    0.0000    0.0000   -0.0000    0.0000   -0.0000   -0.0000   -0.0000    0.0000   -0.0000
   39 H8     2py       -0.0000    0.0000    0.0000    0.0000   -0.0000   -0.0000   -0.0000    0.0000    0.0000    0.0000
   40 H8     2pz        0.0002    0.0003    0.0001   -0.0003   -0.0004    0.0005    0.0013    0.0011   -0.0001   -0.0008
   41 H9     1s         0.2224    0.3701    0.3961    0.3015    0.1418   -0.1289   -0.3107   -0.4419   -0.4364   -0.2715
   42 H9     2s         0.0146    0.0268    0.0334    0.0308    0.0187   -0.0081   -0.0317   -0.0561   -0.0631   -0.0423
   43 H9     2px       -0.0000   -0.0000   -0.0000   -0.0000   -0.0000    0.0000    0.0000    0.0000   -0.0000   -0.0000
   44 H9     2py        0.0000    0.0000   -0.0000   -0.0000    0.0000   -0.0000    0.0000   -0.0000   -0.0000    0.0000
   45 H9     2pz       -0.0002   -0.0003   -0.0002   -0.0002   -0.0002   -0.0008   -0.0011   -0.0007   -0.0000    0.0003
   46 H10    1s         0.1598    0.2919    0.3699    0.3700    0.2702    0.2834    0.3992    0.4096    0.3303    0.1837
   47 H10    2s         0.0120    0.0221    0.0285    0.0293    0.0222    0.0279    0.0425    0.0472    0.0408    0.0238
   48 H10    2px        0.0000    0.0000    0.0000   -0.0000    0.0000   -0.0000   -0.0000   -0.0000    0.0000    0.0000
   49 H10    2py       -0.0000   -0.0000    0.0000    0.0000   -0.0000   -0.0000   -0.0000    0.0000    0.0000   -0.0000
   50 H10    2pz       -0.0000   -0.0000    0.0001    0.0001    0.0001   -0.0003   -0.0009   -0.0015   -0.0017   -0.0011
 
 
      Orbital               11        12        13        14        15        16        17        18        19        20
      Energy            0.3181    0.3247    0.3368    0.3557    0.3835    0.4222    0.4778    0.5523    0.6464    0.7508
      Occ. No.          0.0000    0.0000    0.0000    0.0000    0.0000    0.0000    0.0000    0.0000    0.0000    0.0000
 
    1 H1     1s        -0.0539    0.0878   -0.0921    0.0687   -0.0257   -0.0253    0.0733   -0.1049    0.1087   -0.0862
    2 H1     2s         0.1417   -0.2603    0.3466   -0.4040    0.4390   -0.4482    0.4340   -0.3959    0.3208   -0.2226
    3 H1     2px        0.0000   -0.0000    0.0000   -0.0000    0.0000   -0.0000    0.0000    0.0000   -0.0000   -0.0000
    4 H1     2py        0.0000   -0.0000   -0.0000    0.0000   -0.0000    0.0000   -0.0000    0.0000    0.0000    0.0000
    5 H1     2pz        0.0024   -0.0041    0.0045   -0.0024   -0.0040    0.0170   -0.0406    0.0800   -0.1418    0.2545
    6 H2     1s        -0.0956    0.1401   -0.1185    0.0578   -0.0044   -0.0029   -0.0462    0.1214   -0.1627    0.1254
    7 H2     2s         0.1887   -0.3005    0.2963   -0.1786   -0.0250    0.2649   -0.4905    0.6268   -0.5971    0.3895
    8 H2     2px       -0.0000   -0.0000    0.0000   -0.0000    0.0000   -0.0000    0.0000   -0.0000    0.0000   -0.0000
    9 H2     2py        0.0000    0.0000   -0.0000   -0.0000   -0.0000   -0.0000   -0.0000    0.0000   -0.0000    0.0000
   10 H2     2pz        0.0016   -0.0004   -0.0061    0.0188   -0.0355    0.0483   -0.0445    0.0061    0.0863   -0.2659
   11 H3     1s        -0.1180    0.1311   -0.0408   -0.0539    0.0662   -0.0125   -0.0078   -0.0734    0.1807   -0.1588
   12 H3     2s         0.2375   -0.2922    0.1143    0.1860   -0.4135    0.3895   -0.0677   -0.3905    0.6632   -0.4856
   13 H3     2px        0.0000    0.0000    0.0000    0.0000    0.0000   -0.0000    0.0000   -0.0000   -0.0000    0.0000
   14 H3     2py        0.0000   -0.0000   -0.0000    0.0000   -0.0000   -0.0000   -0.0000   -0.0000   -0.0000    0.0000
   15 H3     2pz        0.0016    0.0019   -0.0105    0.0166   -0.0054   -0.0327    0.0870   -0.1091    0.0294    0.2072
   16 H4     1s        -0.1345    0.0956    0.0502   -0.1029    0.0294    0.0095    0.0466   -0.0268   -0.1394    0.1792
   17 H4     2s         0.2712   -0.2091   -0.1376    0.3708   -0.1709   -0.3108    0.5443   -0.1443   -0.5087    0.5438
   18 H4     2px        0.0000    0.0000   -0.0000   -0.0000    0.0000    0.0000   -0.0000    0.0000    0.0000   -0.0000
   19 H4     2py        0.0000    0.0000    0.0000    0.0000   -0.0000    0.0000    0.0000   -0.0000    0.0000   -0.0000
   20 H4     2pz        0.0010    0.0044   -0.0105    0.0002    0.0299   -0.0414   -0.0209    0.1346   -0.1415   -0.1288
   21 H5     1s        -0.1432    0.0334    0.1175   -0.0498   -0.0536    0.0113   -0.0262    0.1095    0.0517   -0.1888
   22 H5     2s         0.2883   -0.0768   -0.3094    0.1869    0.3283   -0.3517   -0.3195    0.5701    0.1903   -0.5726
   23 H5     2px       -0.0000   -0.0000    0.0000    0.0000   -0.0000   -0.0000   -0.0000   -0.0000   -0.0000   -0.0000
   24 H5     2py        0.0000    0.0000   -0.0000   -0.0000    0.0000    0.0000    0.0000    0.0000    0.0000    0.0000
   25 H5     2pz        0.0003    0.0059   -0.0041   -0.0172    0.0201    0.0371   -0.0720   -0.0598    0.2084    0.0437
   26 H6     1s        -0.1432   -0.0334    0.1175    0.0498   -0.0536   -0.0113   -0.0262   -0.1095    0.0517    0.1888
   27 H6     2s         0.2883    0.0768   -0.3094   -0.1869    0.3283    0.3517   -0.3195   -0.5701    0.1903    0.5726
   28 H6     2px        0.0000    0.0000    0.0000   -0.0000   -0.0000   -0.0000   -0.0000   -0.0000    0.0000    0.0000
   29 H6     2py       -0.0000   -0.0000   -0.0000   -0.0000   -0.0000   -0.0000   -0.0000    0.0000    0.0000   -0.0000
   30 H6     2pz       -0.0003    0.0059    0.0041   -0.0172   -0.0201    0.0371    0.0720   -0.0598   -0.2084    0.0437
   31 H7     1s        -0.1345   -0.0956    0.0502    0.1029    0.0294   -0.0095    0.0466    0.0268   -0.1394   -0.1792
   32 H7     2s         0.2712    0.2091   -0.1376   -0.3708   -0.1709    0.3108    0.5443    0.1443   -0.5087   -0.5438
   33 H7     2px       -0.0000   -0.0000   -0.0000   -0.0000   -0.0000   -0.0000    0.0000   -0.0000    0.0000   -0.0000
   34 H7     2py        0.0000    0.0000    0.0000    0.0000   -0.0000   -0.0000   -0.0000    0.0000   -0.0000    0.0000
   35 H7     2pz       -0.0010    0.0044    0.0105    0.0002   -0.0299   -0.0414    0.0209    0.1346    0.1415   -0.1288
   36 H8     1s        -0.1180   -0.1311   -0.0408    0.0539    0.0662    0.0125   -0.0078    0.0734    0.1807    0.1588
   37 H8     2s         0.2375    0.2922    0.1143   -0.1860   -0.4135   -0.3895   -0.0677    0.3905    0.6632    0.4856
   38 H8     2px        0.0000    0.0000    0.0000   -0.0000   -0.0000   -0.0000    0.0000    0.0000   -0.0000    0.0000
   39 H8     2py        0.0000    0.0000   -0.0000    0.0000   -0.0000    0.0000    0.0000   -0.0000   -0.0000   -0.0000
   40 H8     2pz       -0.0016    0.0019    0.0105    0.0166    0.0054   -0.0327   -0.0870   -0.1091   -0.0294    0.2072
   41 H9     1s        -0.0956   -0.1401   -0.1185   -0.0578   -0.0044    0.0029   -0.0462   -0.1214   -0.1627   -0.1254
   42 H9     2s         0.1887    0.3005    0.2963    0.1786   -0.0250   -0.2649   -0.4905   -0.6268   -0.5971   -0.3895
   43 H9     2px        0.0000    0.0000    0.0000    0.0000    0.0000    0.0000    0.0000    0.0000    0.0000    0.0000
   44 H9     2py       -0.0000    0.0000    0.0000    0.0000   -0.0000   -0.0000   -0.0000   -0.0000   -0.0000   -0.0000
   45 H9     2pz       -0.0016   -0.0004    0.0061    0.0188    0.0355    0.0483    0.0445    0.0061   -0.0863   -0.2659
   46 H10    1s        -0.0539   -0.0878   -0.0921   -0.0687   -0.0257    0.0253    0.0733    0.1049    0.1087    0.0862
   47 H10    2s         0.1417    0.2603    0.3466    0.4040    0.4390    0.4482    0.4340    0.3959    0.3208    0.2226
   48 H10    2px       -0.0000   -0.0000    0.0000    0.0000   -0.0000   -0.0000   -0.0000   -0.0000   -0.0000   -0.0000
   49 H10    2py       -0.0000   -0.0000    0.0000    0.0000    0.0000    0.0000   -0.0000   -0.0000   -0.0000    0.0000
   50 H10    2pz       -0.0024   -0.0041   -0.0045   -0.0024    0.0040    0.0170    0.0406    0.0800    0.1418    0.2545
 
 
      Orbital               21        22        23        24        25        26        27        28        29        30
      Energy            0.8028    0.8995    0.8995    0.9053    0.9053    0.9146    0.9146    0.9268    0.9268    0.9289
      Occ. No.          0.0000    0.0000    0.0000    0.0000    0.0000    0.0000    0.0000    0.0000    0.0000    0.0000
 
    1 H1     1s         0.0459   -0.0000    0.0000   -0.0000    0.0000    0.0000   -0.0000   -0.0000    0.0000    0.0251
    2 H1     2s         0.1146    0.0000   -0.0000    0.0000    0.0000   -0.0000   -0.0000   -0.0000    0.0000    0.0582
    3 H1     2px       -0.0000   -0.0878    0.0748   -0.2185   -0.0367    0.2997    0.0857   -0.3549   -0.1337   -0.0000
    4 H1     2py        0.0000    0.0748    0.0878    0.0367   -0.2185   -0.0857    0.2997    0.1337   -0.3549    0.0000
    5 H1     2pz       -0.2601   -0.0000   -0.0000   -0.0000    0.0000    0.0000   -0.0000   -0.0000    0.0000    0.2384
    6 H2     1s        -0.0453    0.0000    0.0000    0.0000   -0.0000   -0.0000    0.0000    0.0000   -0.0000   -0.0988
    7 H2     2s        -0.1401    0.0000    0.0000    0.0000   -0.0000   -0.0000    0.0000    0.0000   -0.0000   -0.2572
    8 H2     2px       -0.0000   -0.1713    0.1459   -0.3747   -0.0629    0.4013    0.1148   -0.3043   -0.1146   -0.0000
    9 H2     2py       -0.0000    0.1459    0.1713    0.0629   -0.3747   -0.1148    0.4013    0.1146   -0.3043    0.0000
   10 H2     2pz        0.3077    0.0000    0.0000    0.0000   -0.0000   -0.0000    0.0000    0.0000   -0.0000   -0.2979
   11 H3     1s         0.0365   -0.0000   -0.0000   -0.0000    0.0000    0.0000   -0.0000   -0.0000    0.0000    0.1836
   12 H3     2s         0.1091   -0.0000   -0.0000   -0.0000    0.0000    0.0000   -0.0000   -0.0000    0.0000    0.4937
   13 H3     2px       -0.0000   -0.2400    0.2045   -0.4093   -0.0687    0.2211    0.0632    0.1078    0.0406   -0.0000
   14 H3     2py       -0.0000    0.2045    0.2400    0.0687   -0.4093   -0.0632    0.2211   -0.0406    0.1078    0.0000
   15 H3     2pz       -0.3017   -0.0000    0.0000   -0.0000    0.0000    0.0000   -0.0000   -0.0000    0.0000    0.2577
   16 H4     1s        -0.0229    0.0000    0.0000    0.0000   -0.0000   -0.0000    0.0000    0.0000   -0.0000   -0.2522
   17 H4     2s        -0.0657    0.0000   -0.0000    0.0000   -0.0000   -0.0000    0.0000    0.0000   -0.0000   -0.6840
   18 H4     2px       -0.0000   -0.2888    0.2460   -0.3131   -0.0526   -0.1120   -0.0320    0.3914    0.1475    0.0000
   19 H4     2py       -0.0000    0.2460    0.2888    0.0526   -0.3131    0.0320   -0.1120   -0.1475    0.3914   -0.0000
   20 H4     2pz        0.2913    0.0000    0.0000    0.0000   -0.0000   -0.0000    0.0000    0.0000   -0.0000   -0.1706
   21 H5     1s         0.0074   -0.0000    0.0000   -0.0000    0.0000    0.0000   -0.0000   -0.0000    0.0000    0.2902
   22 H5     2s         0.0218   -0.0000   -0.0000   -0.0000    0.0000    0.0000   -0.0000   -0.0000    0.0000    0.7872
   23 H5     2px       -0.0000   -0.3143    0.2677   -0.1165   -0.0196   -0.3683   -0.1053    0.2142    0.0807    0.0000
   24 H5     2py       -0.0000    0.2677    0.3143    0.0196   -0.1165    0.1053   -0.3683   -0.0807    0.2142   -0.0000
   25 H5     2pz       -0.2858   -0.0000   -0.0000   -0.0000    0.0000    0.0000   -0.0000   -0.0000    0.0000    0.0590
   26 H6     1s         0.0074    0.0000   -0.0000    0.0000   -0.0000   -0.0000    0.0000    0.0000   -0.0000   -0.2902
   27 H6     2s         0.0218    0.0000   -0.0000    0.0000   -0.0000   -0.0000    0.0000    0.0000   -0.0000   -0.7872
   28 H6     2px       -0.0000   -0.3143    0.2677    0.1165    0.0196   -0.3683   -0.1053   -0.2142   -0.0807   -0.0000
   29 H6     2py        0.0000    0.2677    0.3143   -0.0196    0.1165    0.1053   -0.3683    0.0807   -0.2142    0.0000
   30 H6     2pz        0.2858   -0.0000    0.0000   -0.0000    0.0000    0.0000   -0.0000   -0.0000    0.0000    0.0590
   31 H7     1s        -0.0229   -0.0000    0.0000   -0.0000    0.0000    0.0000   -0.0000   -0.0000    0.0000    0.2522
   32 H7     2s        -0.0657   -0.0000    0.0000   -0.0000    0.0000    0.0000   -0.0000   -0.0000    0.0000    0.6840
   33 H7     2px       -0.0000   -0.2888    0.2460    0.3131    0.0526   -0.1120   -0.0320   -0.3914   -0.1475   -0.0000
   34 H7     2py        0.0000    0.2460    0.2888   -0.0526    0.3131    0.0320   -0.1120    0.1475   -0.3914    0.0000
   35 H7     2pz       -0.2913    0.0000   -0.0000    0.0000   -0.0000   -0.0000    0.0000    0.0000   -0.0000   -0.1706
   36 H8     1s         0.0365    0.0000    0.0000    0.0000   -0.0000   -0.0000    0.0000    0.0000   -0.0000   -0.1836
   37 H8     2s         0.1091    0.0000   -0.0000    0.0000   -0.0000   -0.0000    0.0000    0.0000   -0.0000   -0.4937
   38 H8     2px       -0.0000   -0.2400    0.2045    0.4093    0.0687    0.2211    0.0632   -0.1078   -0.0406   -0.0000
   39 H8     2py        0.0000    0.2045    0.2400   -0.0687    0.4093   -0.0632    0.2211    0.0406   -0.1078    0.0000
   40 H8     2pz        0.3017   -0.0000   -0.0000   -0.0000    0.0000    0.0000   -0.0000   -0.0000    0.0000    0.2577
   41 H9     1s        -0.0453    0.0000   -0.0000   -0.0000    0.0000    0.0000   -0.0000   -0.0000    0.0000    0.0988
   42 H9     2s        -0.1401   -0.0000   -0.0000   -0.0000    0.0000    0.0000   -0.0000   -0.0000    0.0000    0.2572
   43 H9     2px       -0.0000   -0.1713    0.1459    0.3747    0.0629    0.4013    0.1148    0.3043    0.1146    0.0000
   44 H9     2py        0.0000    0.1459    0.1713   -0.0629    0.3747   -0.1148    0.4013   -0.1146    0.3043   -0.0000
   45 H9     2pz       -0.3077    0.0000   -0.0000    0.0000   -0.0000   -0.0000    0.0000    0.0000   -0.0000   -0.2979
   46 H10    1s         0.0459    0.0000    0.0000    0.0000   -0.0000   -0.0000    0.0000    0.0000   -0.0000   -0.0251
   47 H10    2s         0.1146   -0.0000    0.0000    0.0000   -0.0000   -0.0000    0.0000    0.0000   -0.0000   -0.0582
   48 H10    2px        0.0000   -0.0878    0.0748    0.2185    0.0367    0.2997    0.0857    0.3549    0.1337    0.0000
   49 H10    2py       -0.0000    0.0748    0.0878   -0.0367    0.2185   -0.0857    0.2997   -0.1337    0.3549   -0.0000
   50 H10    2pz        0.2601   -0.0000    0.0000   -0.0000    0.0000    0.0000   -0.0000   -0.0000    0.0000    0.2384
 
 
      Orbital               31        32        33        34        35        36        37        38        39        40
      Energy            0.9409    0.9409    0.9561    0.9561    0.9707    0.9707    0.9736    0.9837    0.9837    0.9940
      Occ. No.          0.0000    0.0000    0.0000    0.0000    0.0000    0.0000    0.0000    0.0000    0.0000    0.0000
 
    1 H1     1s         0.0000    0.0000   -0.0000   -0.0000    0.0000   -0.0000   -0.0461   -0.0000   -0.0000    0.0000
    2 H1     2s        -0.0000    0.0000   -0.0000    0.0000    0.0000   -0.0000   -0.1119    0.0000   -0.0000    0.0000
    3 H1     2px        0.3723    0.1881   -0.3578   -0.2275    0.3498    0.1882    0.0000   -0.3085   -0.1288    0.2231
    4 H1     2py       -0.1881    0.3723    0.2275   -0.3578   -0.1882    0.3498   -0.0000    0.1288   -0.3085   -0.0909
    5 H1     2pz       -0.0000    0.0000   -0.0000   -0.0000    0.0000   -0.0000   -0.3020    0.0000   -0.0000    0.0000
    6 H2     1s         0.0000   -0.0000    0.0000   -0.0000   -0.0000    0.0000    0.1385   -0.0000    0.0000   -0.0000
    7 H2     2s         0.0000   -0.0000    0.0000   -0.0000   -0.0000    0.0000    0.3700   -0.0000    0.0000   -0.0000
    8 H2     2px        0.1157    0.0584    0.0939    0.0597   -0.2811   -0.1512    0.0000    0.3939    0.1645   -0.3670
    9 H2     2py       -0.0584    0.1157   -0.0597    0.0939    0.1512   -0.2811    0.0000   -0.1645    0.3939    0.1496
   10 H2     2pz        0.0000   -0.0000   -0.0000   -0.0000   -0.0000    0.0000    0.3077   -0.0000    0.0000    0.0000
   11 H3     1s        -0.0000    0.0000   -0.0000    0.0000    0.0000   -0.0000   -0.1994    0.0000   -0.0000   -0.0000
   12 H3     2s        -0.0000    0.0000   -0.0000    0.0000    0.0000   -0.0000   -0.5475    0.0000   -0.0000   -0.0000
   13 H3     2px       -0.3431   -0.1733    0.3308    0.2103   -0.1127   -0.0606   -0.0000   -0.2117   -0.0884    0.3974
   14 H3     2py        0.1733   -0.3431   -0.2103    0.3308    0.0606   -0.1127    0.0000    0.0884   -0.2117   -0.1620
   15 H3     2pz       -0.0000    0.0000    0.0000   -0.0000   -0.0000   -0.0000   -0.0859    0.0000   -0.0000   -0.0000
   16 H4     1s         0.0000   -0.0000   -0.0000    0.0000   -0.0000    0.0000    0.1762   -0.0000    0.0000    0.0000
   17 H4     2s         0.0000   -0.0000   -0.0000    0.0000   -0.0000    0.0000    0.4871   -0.0000    0.0000    0.0000
   18 H4     2px       -0.2089   -0.1055   -0.1929   -0.1226    0.3748    0.2016    0.0000   -0.1140   -0.0476   -0.3031
   19 H4     2py        0.1055   -0.2089    0.1226   -0.1929   -0.2016    0.3748   -0.0000    0.0476   -0.1140    0.1235
   20 H4     2pz        0.0000   -0.0000   -0.0000    0.0000    0.0000   -0.0000   -0.1994    0.0000    0.0000    0.0000
   21 H5     1s        -0.0000    0.0000    0.0000   -0.0000    0.0000   -0.0000   -0.0696    0.0000   -0.0000   -0.0000
   22 H5     2s        -0.0000    0.0000    0.0000   -0.0000   -0.0000   -0.0000   -0.1939    0.0000   -0.0000   -0.0000
   23 H5     2px        0.2869    0.1449   -0.2741   -0.1743   -0.2030   -0.1092    0.0000    0.3628    0.1515    0.1127
   24 H5     2py       -0.1449    0.2869    0.1743   -0.2741    0.1092   -0.2030    0.0000   -0.1515    0.3628   -0.0459
   25 H5     2pz       -0.0000    0.0000    0.0000   -0.0000   -0.0000    0.0000    0.3919   -0.0000    0.0000   -0.0000
   26 H6     1s         0.0000   -0.0000   -0.0000    0.0000    0.0000   -0.0000   -0.0696   -0.0000    0.0000    0.0000
   27 H6     2s         0.0000   -0.0000   -0.0000    0.0000    0.0000   -0.0000   -0.1939    0.0000    0.0000    0.0000
   28 H6     2px        0.2869    0.1449    0.2741    0.1743   -0.2030   -0.1092   -0.0000   -0.3628   -0.1515    0.1127
   29 H6     2py       -0.1449    0.2869   -0.1743    0.2741    0.1092   -0.2030    0.0000    0.1515   -0.3628   -0.0459
   30 H6     2pz        0.0000    0.0000   -0.0000    0.0000    0.0000   -0.0000   -0.3919    0.0000   -0.0000   -0.0000
   31 H7     1s        -0.0000    0.0000    0.0000   -0.0000   -0.0000    0.0000    0.1762   -0.0000    0.0000    0.0000
   32 H7     2s        -0.0000    0.0000    0.0000   -0.0000   -0.0000    0.0000    0.4871   -0.0000    0.0000   -0.0000
   33 H7     2px       -0.2089   -0.1055    0.1929    0.1226    0.3748    0.2016    0.0000    0.1140    0.0476   -0.3031
   34 H7     2py        0.1055   -0.2089   -0.1226    0.1929   -0.2016    0.3748   -0.0000   -0.0476    0.1140    0.1235
   35 H7     2pz        0.0000   -0.0000    0.0000    0.0000   -0.0000    0.0000    0.1994   -0.0000    0.0000    0.0000
   36 H8     1s         0.0000   -0.0000   -0.0000    0.0000    0.0000   -0.0000   -0.1994    0.0000   -0.0000   -0.0000
   37 H8     2s         0.0000   -0.0000   -0.0000    0.0000    0.0000   -0.0000   -0.5475    0.0000   -0.0000   -0.0000
   38 H8     2px       -0.3431   -0.1733   -0.3308   -0.2103   -0.1127   -0.0606    0.0000    0.2117    0.0884    0.3974
   39 H8     2py        0.1733   -0.3431    0.2103   -0.3308    0.0606   -0.1127    0.0000   -0.0884    0.2117   -0.1620
   40 H8     2pz       -0.0000    0.0000    0.0000   -0.0000   -0.0000    0.0000    0.0859   -0.0000   -0.0000   -0.0000
   41 H9     1s        -0.0000    0.0000    0.0000   -0.0000   -0.0000    0.0000    0.1385   -0.0000    0.0000    0.0000
   42 H9     2s        -0.0000    0.0000    0.0000   -0.0000   -0.0000    0.0000    0.3700   -0.0000    0.0000    0.0000
   43 H9     2px        0.1157    0.0584   -0.0939   -0.0597   -0.2811   -0.1512   -0.0000   -0.3939   -0.1645   -0.3670
   44 H9     2py       -0.0584    0.1157    0.0597   -0.0939    0.1512   -0.2811    0.0000    0.1645   -0.3939    0.1496
   45 H9     2pz        0.0000   -0.0000   -0.0000    0.0000    0.0000   -0.0000   -0.3077    0.0000   -0.0000   -0.0000
   46 H10    1s         0.0000   -0.0000   -0.0000    0.0000    0.0000   -0.0000   -0.0461    0.0000   -0.0000   -0.0000
   47 H10    2s         0.0000   -0.0000   -0.0000    0.0000    0.0000   -0.0000   -0.1119    0.0000   -0.0000   -0.0000
   48 H10    2px        0.3723    0.1881    0.3578    0.2275    0.3498    0.1882    0.0000    0.3085    0.1288    0.2231
   49 H10    2py       -0.1881    0.3723   -0.2275    0.3578   -0.1882    0.3498   -0.0000   -0.1288    0.3085   -0.0909
   50 H10    2pz       -0.0000    0.0000    0.0000   -0.0000   -0.0000    0.0000    0.3020   -0.0000    0.0000    0.0000
 
 
      Orbital               41        42        43        44        45        46        47        48        49        50
      Energy            0.9940    1.0007    1.0007    1.0086    1.0413    1.0749    1.1087    1.1402    1.1661    1.1833
      Occ. No.          0.0000    0.0000    0.0000    0.0000    0.0000    0.0000    0.0000    0.0000    0.0000    0.0000
 
    1 H1     1s         0.0000   -0.0000    0.0000    0.0541   -0.0551    0.0525   -0.0473    0.0394   -0.0286    0.0151
    2 H1     2s         0.0000    0.0000    0.0000    0.1392   -0.1492    0.1454   -0.1294    0.1037   -0.0718    0.0366
    3 H1     2px        0.0909   -0.1067   -0.0667   -0.0000    0.0000   -0.0000    0.0000   -0.0000    0.0000   -0.0000
    4 H1     2py        0.2231    0.0667   -0.1067    0.0000   -0.0000    0.0000   -0.0000    0.0000    0.0000   -0.0000
    5 H1     2pz        0.0000    0.0000    0.0000    0.3452   -0.3795    0.3940   -0.3768    0.3226   -0.2356    0.1242
    6 H2     1s        -0.0000   -0.0000   -0.0000   -0.1322    0.1059   -0.0730    0.0407   -0.0142   -0.0014    0.0048
    7 H2     2s        -0.0000   -0.0000   -0.0000   -0.3633    0.2929   -0.1962    0.1035   -0.0347   -0.0013    0.0088
    8 H2     2px       -0.1496    0.2006    0.1254    0.0000   -0.0000    0.0000   -0.0000    0.0000    0.0000   -0.0000
    9 H2     2py       -0.3670   -0.1254    0.2006   -0.0000   -0.0000    0.0000   -0.0000   -0.0000    0.0000   -0.0000
   10 H2     2pz       -0.0000   -0.0000   -0.0000   -0.2070    0.0291    0.1892   -0.3808    0.4764   -0.4336    0.2573
   11 H3     1s         0.0000    0.0000    0.0000    0.1199   -0.0341   -0.0195    0.0338   -0.0199   -0.0002    0.0076
   12 H3     2s         0.0000    0.0000    0.0000    0.3374   -0.0927   -0.0596    0.0915   -0.0487   -0.0014    0.0170
   13 H3     2px        0.1620   -0.2797   -0.1749   -0.0000    0.0000   -0.0000    0.0000    0.0000   -0.0000    0.0000
   14 H3     2py        0.3974    0.1749   -0.2797    0.0000    0.0000   -0.0000    0.0000    0.0000   -0.0000    0.0000
   15 H3     2pz        0.0000    0.0000   -0.0000   -0.2223    0.4439   -0.4149    0.1236    0.2553   -0.4650    0.3561
   16 H4     1s        -0.0000   -0.0000    0.0000   -0.0040   -0.0708    0.0447    0.0088   -0.0301    0.0134    0.0037
   17 H4     2s        -0.0000   -0.0000    0.0000   -0.0089   -0.2073    0.1277    0.0215   -0.0720    0.0306    0.0070
   18 H4     2px       -0.1235    0.3363    0.2103   -0.0000    0.0000    0.0000   -0.0000   -0.0000    0.0000    0.0000
   19 H4     2py       -0.3031   -0.2103    0.3363   -0.0000   -0.0000    0.0000    0.0000   -0.0000    0.0000   -0.0000
   20 H4     2pz       -0.0000    0.0000    0.0000    0.4517   -0.2243   -0.2595    0.4546   -0.1247   -0.3602    0.4322
   21 H5     1s         0.0000    0.0000   -0.0000   -0.1107    0.0529    0.0392   -0.0350   -0.0114    0.0183    0.0014
   22 H5     2s         0.0000    0.0000   -0.0000   -0.3174    0.1537    0.1093   -0.0916   -0.0285    0.0407    0.0038
   23 H5     2px        0.0459   -0.3660   -0.2289    0.0000   -0.0000   -0.0000    0.0000   -0.0000    0.0000    0.0000
   24 H5     2py        0.1127    0.2289   -0.3660    0.0000    0.0000   -0.0000   -0.0000    0.0000   -0.0000    0.0000
   25 H5     2pz       -0.0000   -0.0000   -0.0000   -0.2272   -0.3514    0.3435    0.2534   -0.4253   -0.1334    0.4704
   26 H6     1s        -0.0000   -0.0000    0.0000    0.1107    0.0529   -0.0392   -0.0350    0.0114    0.0183   -0.0014
   27 H6     2s        -0.0000   -0.0000    0.0000    0.3174    0.1537   -0.1093   -0.0916    0.0285    0.0407   -0.0038
   28 H6     2px        0.0459    0.3660    0.2289   -0.0000    0.0000    0.0000    0.0000    0.0000    0.0000    0.0000
   29 H6     2py        0.1127   -0.2289    0.3660   -0.0000   -0.0000    0.0000    0.0000   -0.0000   -0.0000   -0.0000
   30 H6     2pz        0.0000    0.0000   -0.0000   -0.2272    0.3514    0.3435   -0.2534   -0.4253    0.1334    0.4704
   31 H7     1s        -0.0000   -0.0000   -0.0000    0.0040   -0.0708   -0.0447    0.0088    0.0301    0.0134   -0.0037
   32 H7     2s        -0.0000    0.0000   -0.0000    0.0089   -0.2073   -0.1277    0.0215    0.0720    0.0306   -0.0070
   33 H7     2px       -0.1235   -0.3363   -0.2103    0.0000    0.0000   -0.0000   -0.0000   -0.0000    0.0000   -0.0000
   34 H7     2py       -0.3031    0.2103   -0.3363    0.0000    0.0000    0.0000    0.0000   -0.0000   -0.0000    0.0000
   35 H7     2pz       -0.0000   -0.0000    0.0000    0.4517    0.2243   -0.2595   -0.4546   -0.1247    0.3602    0.4322
   36 H8     1s         0.0000    0.0000   -0.0000   -0.1199   -0.0341    0.0195    0.0338    0.0199   -0.0002   -0.0076
   37 H8     2s         0.0000    0.0000   -0.0000   -0.3374   -0.0927    0.0596    0.0915    0.0487   -0.0014   -0.0170
   38 H8     2px        0.1620    0.2797    0.1749   -0.0000   -0.0000   -0.0000   -0.0000    0.0000   -0.0000   -0.0000
   39 H8     2py        0.3974   -0.1749    0.2797   -0.0000   -0.0000   -0.0000   -0.0000   -0.0000    0.0000    0.0000
   40 H8     2pz        0.0000    0.0000   -0.0000   -0.2223   -0.4439   -0.4149   -0.1236    0.2553    0.4650    0.3561
   41 H9     1s        -0.0000   -0.0000    0.0000    0.1322    0.1059    0.0730    0.0407    0.0142   -0.0014   -0.0048
   42 H9     2s        -0.0000   -0.0000    0.0000    0.3633    0.2929    0.1962    0.1035    0.0347   -0.0013   -0.0088
   43 H9     2px       -0.1496   -0.2006   -0.1254    0.0000    0.0000   -0.0000   -0.0000    0.0000    0.0000   -0.0000
   44 H9     2py       -0.3670    0.1254   -0.2006    0.0000   -0.0000    0.0000   -0.0000   -0.0000    0.0000   -0.0000
   45 H9     2pz        0.0000    0.0000   -0.0000   -0.2070   -0.0291    0.1892    0.3808    0.4764    0.4336    0.2573
   46 H10    1s         0.0000    0.0000   -0.0000   -0.0541   -0.0551   -0.0525   -0.0473   -0.0394   -0.0286   -0.0151
   47 H10    2s         0.0000    0.0000   -0.0000   -0.1392   -0.1492   -0.1454   -0.1294   -0.1037   -0.0718   -0.0366
   48 H10    2px        0.0909    0.1067    0.0667   -0.0000   -0.0000    0.0000   -0.0000    0.0000    0.0000    0.0000
   49 H10    2py        0.2231   -0.0667    0.1067   -0.0000    0.0000   -0.0000    0.0000   -0.0000   -0.0000   -0.0000
   50 H10    2pz       -0.0000   -0.0000    0.0000    0.3452    0.3795    0.3940    0.3768    0.3226    0.2356    0.1242
--
 
      Von Neumann Entropy (Root  1) =  4.92627
 

      Mulliken population analysis for root number:  1
      -----------------------------------------------
 
 
++    Molecular charges:
      ------------------
 
      Mulliken charges per centre and basis function type
      ---------------------------------------------------
 
                H1      H2      H3      H4      H5      H6      H7      H8      H9      H10   
      1s       0.9945  0.9998  1.0003  1.0002  1.0002  1.0002  1.0002  1.0003  0.9998  0.9945
      2s       0.0052  0.0008 -0.0002 -0.0000 -0.0001 -0.0001 -0.0000 -0.0002  0.0008  0.0052
      2px      0.0000  0.0000  0.0000  0.0000  0.0000  0.0000  0.0000  0.0000  0.0000  0.0000
      2pz     -0.0001 -0.0001 -0.0002 -0.0002 -0.0002 -0.0002 -0.0002 -0.0002 -0.0001 -0.0001
      2py      0.0000  0.0000  0.0000  0.0000  0.0000  0.0000  0.0000  0.0000  0.0000  0.0000
      Total    0.9995  1.0005  1.0000  1.0000  1.0000  1.0000  1.0000  1.0000  1.0005  0.9995
 
      N-E      0.0005 -0.0005  0.0000  0.0000 -0.0000 -0.0000  0.0000  0.0000 -0.0005  0.0005
 
      Total electronic charge=   10.000000
 
      Total            charge=   -0.000000
--
 
 

      Expectation values of various properties for root number:  1
      -----------------------------------------------------------
 
 
++    Molecular properties:
      ---------------------
 
      Charge (e):
                      =   -0.0000
      Dipole Moment (Debye):
      Origin of the operator (Ang)=    0.0000    0.0000    0.0000
                   X= -5.5358E-14               Y=  3.5342E-14               Z=  2.4056E-11           Total=  2.4056E-11
      Quadrupole Moment (Debye*Ang):
      Origin of the operator (Ang)=    0.0000    0.0000   13.5000
                  XX= -1.5030E+01              XY=  2.0005E-27              XZ= -4.4912E-13              YY= -1.5030E+01
                  YZ= -8.6421E-13              ZZ= -1.5669E+01
      In traceless form (Debye*Ang)
                  XX=  3.1949E-01              XY=  3.0007E-27              XZ= -6.7368E-13              YY=  3.1949E-01
                  YZ= -1.2963E-12              ZZ= -6.3897E-01
--
 

      LoProp population analysis for root number:  1
      -----------------------------------------------
 
 
++    LoProp analysis:
      ----------------
 
 
 
  Input file to MOLDEN was generated!
 
 
++    Static properties:
      ------------------
 
 
      LoProp Charges per center
 

                   H1       H2       H3       H4       H5       H6       H7       H8       H9       H10   
      Nuclear      1.0000   1.0000   1.0000   1.0000   1.0000   1.0000   1.0000   1.0000   1.0000   1.0000
      Electronic  -1.0000  -1.0000  -1.0000  -1.0000  -1.0000  -1.0000  -1.0000  -1.0000  -1.0000  -1.0000
 
      Total       -0.0000   0.0000   0.0000  -0.0000   0.0000   0.0000  -0.0000   0.0000   0.0000  -0.0000
--
 
 
      Natural Bond Order analysis for root number:  1
 
++    Natural Bond Order analysis
      ---------------------------
      Based on LoProp computed density
      -------------------------------------------------------------------------------------
      Atom A       Atom B       Bond Order
      -------------------------------------------------------------------------------------
      The remaining   10.000 electrons are to be considered as diffuse
--
 
--
 
 
  Input file to MOLDEN was generated!
 
      Average orbitals are written to the RASORB file
      Natural orbitals for root   1 are written to the RASORB.1 file
      Spin density orbitals for root   1 are written to the SPDORB.1 file
 
forrtl: warning (525): IEEE_DIVIDE_BY_ZERO is signaling
forrtl: warning (526): IEEE_INVALID is signaling
forrtl: warning (528): IEEE_UNDERFLOW is signaling
--- Stop Module: rasscf at Tue Oct 28 19:15:57 2025 /rc=_RC_ALL_IS_WELL_ ---
*** files: H10_3.00.LprOrb H10_3.00.rasscf.molden H10_3.00.LoProp.molden H10_3.00.RasOrb.1 H10_3.00.RasOrb H10_3.00.rasscf.h5 H10_3.00.SpdOrb.1 xmldump
    saved to directory ${LOCALHOME}/DDCASPT2/hydrogen_comps/rerun/H10_chain/H10_3.00
--- Module rasscf spent 17 seconds ---

>>> COPY /tmp/H10_3.00/H10_3.00.rasscf.h5 ${LOCALHOME}/DDCASPT2/hydrogen_comps/rerun/H10_chain/H10_3.00/

>>> COPY /tmp/H10_3.00/DDCASPT2_Fock_MO.csv ${LOCALHOME}/DDCASPT2/hydrogen_comps/rerun/H10_chain/H10_3.00/H10_3.00.DDCASPT2_Fock_MO.csv

*** symbolic link created: INPORB -> H10_3.00.RasOrb
--- Start Module: motra at Tue Oct 28 19:15:57 2025 ---
 
()()()()()()()()()()()()()()()()()()()()()()()()()()()()()()()()()()()()()()()()()()()()()()()()()()

                                               &MOTRA

                                   only a single process is used
                       available to each process: 2.0 GB of memory, 1 thread?
()()()()()()()()()()()()()()()()()()()()()()()()()()()()()()()()()()()()()()()()()()()()()()()()()()
 
 
      *** WARNING: Default frozen orbitals is overwritten by user input.
      *** Default values:   0
 
      Header of the integral files:
      
       Integrals generated by seward 4.2.0  , Tue Oct 28 19:15:39 2025
 
 
      Header of MO coefficients source file:
      * RASSCF average (pseudo-natural) orbitals                                      
 
 
      Cartesian coordinates in Angstrom:
      -----------------------------------------------------
      No.  Label        X            Y            Z        
      -----------------------------------------------------
       1   H1         0.00000000   0.00000000   0.00000000
       2   H2         0.00000000   0.00000000   3.00000000
       3   H3         0.00000000   0.00000000   6.00000000
       4   H4         0.00000000   0.00000000   9.00000000
       5   H5         0.00000000   0.00000000  12.00000000
       6   H6         0.00000000   0.00000000  15.00000000
       7   H7         0.00000000   0.00000000  18.00000000
       8   H8         0.00000000   0.00000000  21.00000000
       9   H9         0.00000000   0.00000000  24.00000000
      10   H10        0.00000000   0.00000000  27.00000000
      -----------------------------------------------------
      Nuclear repulsion energy =    3.40255347
 
      Orbital specifications:
      -----------------------
 
      Symmetry species:              1
      Number of basis functions:    50
      Frozen orbitals:               0
      Deleted orbitals:              0
      Number of orbitals used:      50

       SYMMETRY  BASIS FUNCTIONS       ORBITALS      INTEGRALS   CPU(SEC)  I/O(SEC)
        1 1 1 1   50  50  50  50    50  50  50  50      813450       0.00      0.00

       TOTAL CPU TIME(SEC)    0.53TOTAL I/O TIME(SEC)    1.20
 
--- Stop Module: motra at Tue Oct 28 19:15:58 2025 /rc=_RC_ALL_IS_WELL_ ---
*** files: xmldump
    saved to directory ${LOCALHOME}/DDCASPT2/hydrogen_comps/rerun/H10_chain/H10_3.00
--- Module motra spent 1 second ---

>>> COPY /tmp/H10_3.00/DDCASPT2_one_int_indx.csv ${LOCALHOME}/DDCASPT2/hydrogen_comps/rerun/H10_chain/H10_3.00/H10_3.00.DDCASPT2_one_int_indx.csv

>>> COPY /tmp/H10_3.00/DDCASPT2_one_int.csv ${LOCALHOME}/DDCASPT2/hydrogen_comps/rerun/H10_chain/H10_3.00/H10_3.00.DDCASPT2_one_int.csv

>>> COPY /tmp/H10_3.00/DDCASPT2_two_int_indx.csv ${LOCALHOME}/DDCASPT2/hydrogen_comps/rerun/H10_chain/H10_3.00/H10_3.00.DDCASPT2_two_int_indx.csv

>>> COPY /tmp/H10_3.00/DDCASPT2_two_int.csv ${LOCALHOME}/DDCASPT2/hydrogen_comps/rerun/H10_chain/H10_3.00/H10_3.00.DDCASPT2_two_int.csv

*** symbolic link created: INPORB -> H10_3.00.RasOrb
--- Start Module: caspt2 at Tue Oct 28 19:15:58 2025 ---
 
()()()()()()()()()()()()()()()()()()()()()()()()()()()()()()()()()()()()()()()()()()()()()()()()()()

                                              &CASPT2

                                   only a single process is used
                       available to each process: 2.0 GB of memory, 1 thread?
()()()()()()()()()()()()()()()()()()()()()()()()()()()()()()()()()()()()()()()()()()()()()()()()()()
 
 Cholesky algorithm in CASPT2 =    1
 
 ###############################################################################
 ###############################################################################
 ###                                                                         ###
 ###                                                                         ###
 ###    User changed nr of frozen orbitals.                                  ###
 ###                                                                         ###
 ###                                                                         ###
 ###############################################################################
 ###############################################################################
 
++    Wave function specifications:
      -----------------------------
 
      Number of closed shell electrons           0
      Number of electrons in active shells      10
      Max number of holes in RAS1 space          0
      Max number of electrons in RAS3 space      0
      Number of inactive orbitals                0
      Number of active orbitals                 10
      Number of secondary orbitals              40
      Spin quantum number                      0.0
      State symmetry                             1
      Number of CSFs                         19404
      Number of root(s) available                1
      Root passed to geometry opt.               1
      A file JOBMIX will be created.
      This is a CASSCF or RASSCF reference function
--
 
++    Orbital specifications:
      -----------------------
 
      Symmetry species                           1
                                                 a
      Frozen orbitals                            0
      Inactive orbitals                          0
      Active orbitals                           10
      Secondary orbitals                        40
      Deleted orbitals                           0
      Number of basis functions                 50
--
 
      Type of Fock operator: STANDARD
      Type of 0-order Hamiltonian: STANDARD WITH DEFAULT IPEA
        "IP-EA" denominator shift =      0.25
      The input orbitals and the CI vector will be transformed.
 
--------------------------------------------------------------------------------
 Estimated memory requirements:
  POLY3 :                  3551880
  RHS:                      835500
  SIGMA :                   430400
  PRPCTL:                        0
 Available workspace:    230354915
 
++ CASPT2 computation for group   1
 
********************************************************************************
 Multi-State initialization phase begins for group   1
--------------------------------------------------------------------------------
********************************************************************************
 Compute H0 matrices for state    1
--------------------------------------------------------------------------------
--------------------------------------------------------------------------------
 H0 matrices have been computed.
 
********************************************************************************
  CASPT2 EQUATION SOLUTION
--------------------------------------------------------------------------------
 
  Total nr of CASPT2 parameters:
   Before reduction:      120200
   After  reduction:      118840
 
 The contributions to the second order correlation energy in atomic units.
-----------------------------------------------------------------------------------------------------------------------------
  IT.      VJTU        VJTI        ATVX        AIVX        VJAI        BVAT        BJAT        BJAI        TOTAL       RNORM  
-----------------------------------------------------------------------------------------------------------------------------
   1     0.000000    0.000000   -0.000242    0.000000    0.000000   -0.000783    0.000000    0.000000   -0.001025    0.000388
   2     0.000000    0.000000   -0.000245    0.000000    0.000000   -0.000784    0.000000    0.000000   -0.001029    0.000076
   3     0.000000    0.000000   -0.000246    0.000000    0.000000   -0.000784    0.000000    0.000000   -0.001030    0.000025
   4     0.000000    0.000000   -0.000245    0.000000    0.000000   -0.000784    0.000000    0.000000   -0.001029    0.000005
   5     0.000000    0.000000   -0.000245    0.000000    0.000000   -0.000784    0.000000    0.000000   -0.001029    0.000001
-------------------------------------------------------------------------------------------------------------------
 
  FINAL CASPT2 RESULT:
 
  Correlation energy /Case, /Symm, and sums:
 VJTU      0.00000000  0.00000000
 VJTIP     0.00000000  0.00000000
 VJTIM     0.00000000  0.00000000
 ATVX     -0.00024544 -0.00024544
 AIVX      0.00000000  0.00000000
 VJAIP     0.00000000  0.00000000
 VJAIM     0.00000000  0.00000000
 BVATP    -0.00066236 -0.00066236
 BVATM    -0.00012156 -0.00012156
 BJATP     0.00000000  0.00000000
 BJATM     0.00000000  0.00000000
 BJAIP     0.00000000  0.00000000
 BJAIM     0.00000000  0.00000000
 Summed:  -0.00102935 -0.00102935
 
      Reference energy:          -4.9863119087
      E2 (Non-variational):      -0.0010293519
      E2 (Variational):          -0.0010293517
      Total energy:              -4.9873412604
      Residual norm:              0.0000001997
      Reference weight:           0.99935
 
      Contributions to the CASPT2 correlation energy
      Active & Virtual Only:         -0.0010293519
      One Inactive Excited:           0.0000000000
      Two Inactive Excited:           0.0000000000
 
 
++ Denominators, etc.
----------------------------------------------------------------------------------------------------
 Report on small energy denominators, large coefficients, and large energy contributions.
CASE  SYMM ACTIVE-MIX  NON-ACTIVE INDICES          DENOMINATOR     RHS VALUE       COEFFICIENT     CONTRIBUTION
--
 
   (Skipping property calculation,
    use PROP keyword to activate)
--
 
  Total CASPT2 energies:
::    CASPT2 Root  1     Total energy:     -4.98734126
 
  A NEW JOBIPH FILE NAMED 'JOBMIX' IS PREPARED.
********************************************************************************
forrtl: warning (528): IEEE_UNDERFLOW is signaling
--- Stop Module: caspt2 at Tue Oct 28 19:16:04 2025 /rc=_RC_ALL_IS_WELL_ ---
*** files: xmldump
    saved to directory ${LOCALHOME}/DDCASPT2/hydrogen_comps/rerun/H10_chain/H10_3.00
--- Module caspt2 spent 5 seconds ---

>>> EXPORT i = B

>>> EXPORT j = P

>>> IF (-FILE DDCASPT2_e2_${i}_${j}_1_.csv)
(Skipped)

>>> END FOREACH

>>> EXPORT j = M

>>> IF (-FILE DDCASPT2_e2_${i}_${j}_1_.csv)
(Skipped)

>>> END FOREACH

>>> END FOREACH

>>> EXPORT i = E

>>> EXPORT j = P

>>> IF (-FILE DDCASPT2_e2_${i}_${j}_1_.csv)
(Skipped)

>>> END FOREACH

>>> EXPORT j = M

>>> IF (-FILE DDCASPT2_e2_${i}_${j}_1_.csv)
(Skipped)

>>> END FOREACH

>>> END FOREACH

>>> EXPORT i = F

>>> EXPORT j = P

>>> IF (-FILE DDCASPT2_e2_${i}_${j}_1_.csv)

>>> COPY /tmp/H10_3.00/DDCASPT2_RHS_F_P_1_.csv ${LOCALHOME}/DDCASPT2/hydrogen_comps/rerun/H10_chain/H10_3.00/DDCASPT2_RHS_F_P_1_.csv

>>> COPY /tmp/H10_3.00/DDCASPT2_IVECW_F_P_1_.csv ${LOCALHOME}/DDCASPT2/hydrogen_comps/rerun/H10_chain/H10_3.00/DDCASPT2_IVECW_F_P_1_.csv

>>> COPY /tmp/H10_3.00/DDCASPT2_IVECX_F_P_1_.csv ${LOCALHOME}/DDCASPT2/hydrogen_comps/rerun/H10_chain/H10_3.00/DDCASPT2_IVECX_F_P_1_.csv

>>> COPY /tmp/H10_3.00/DDCASPT2_IVECC2_F_P_1_.csv ${LOCALHOME}/DDCASPT2/hydrogen_comps/rerun/H10_chain/H10_3.00/DDCASPT2_IVECC2_F_P_1_.csv

>>> COPY /tmp/H10_3.00/DDCASPT2_e2_F_P_1_.csv ${LOCALHOME}/DDCASPT2/hydrogen_comps/rerun/H10_chain/H10_3.00/DDCASPT2_e2_F_P_1_.csv

>>> END FOREACH

>>> EXPORT j = M

>>> IF (-FILE DDCASPT2_e2_${i}_${j}_1_.csv)

>>> COPY /tmp/H10_3.00/DDCASPT2_RHS_F_M_1_.csv ${LOCALHOME}/DDCASPT2/hydrogen_comps/rerun/H10_chain/H10_3.00/DDCASPT2_RHS_F_M_1_.csv

>>> COPY /tmp/H10_3.00/DDCASPT2_IVECW_F_M_1_.csv ${LOCALHOME}/DDCASPT2/hydrogen_comps/rerun/H10_chain/H10_3.00/DDCASPT2_IVECW_F_M_1_.csv

>>> COPY /tmp/H10_3.00/DDCASPT2_IVECX_F_M_1_.csv ${LOCALHOME}/DDCASPT2/hydrogen_comps/rerun/H10_chain/H10_3.00/DDCASPT2_IVECX_F_M_1_.csv

>>> COPY /tmp/H10_3.00/DDCASPT2_IVECC2_F_M_1_.csv ${LOCALHOME}/DDCASPT2/hydrogen_comps/rerun/H10_chain/H10_3.00/DDCASPT2_IVECC2_F_M_1_.csv

>>> COPY /tmp/H10_3.00/DDCASPT2_e2_F_M_1_.csv ${LOCALHOME}/DDCASPT2/hydrogen_comps/rerun/H10_chain/H10_3.00/DDCASPT2_e2_F_M_1_.csv

>>> END FOREACH

>>> END FOREACH

>>> EXPORT i = G

>>> EXPORT j = P

>>> IF (-FILE DDCASPT2_e2_${i}_${j}_1_.csv)
(Skipped)

>>> END FOREACH

>>> EXPORT j = M

>>> IF (-FILE DDCASPT2_e2_${i}_${j}_1_.csv)
(Skipped)

>>> END FOREACH

>>> END FOREACH

>>> EXPORT i = H

>>> EXPORT j = P

>>> IF (-FILE DDCASPT2_e2_${i}_${j}_1_.csv)
(Skipped)

>>> END FOREACH

>>> EXPORT j = M

>>> IF (-FILE DDCASPT2_e2_${i}_${j}_1_.csv)
(Skipped)

>>> END FOREACH

>>> END FOREACH

>>> EXPORT i = A

>>> IF (-FILE DDCASPT2_e2_${i}_1_.csv)
(Skipped)

>>> END FOREACH

>>> EXPORT i = C

>>> IF (-FILE DDCASPT2_e2_${i}_1_.csv)

>>> COPY /tmp/H10_3.00/DDCASPT2_RHS_C_1_.csv ${LOCALHOME}/DDCASPT2/hydrogen_comps/rerun/H10_chain/H10_3.00/DDCASPT2_RHS_C_1_.csv

>>> COPY /tmp/H10_3.00/DDCASPT2_IVECW_C_1_.csv ${LOCALHOME}/DDCASPT2/hydrogen_comps/rerun/H10_chain/H10_3.00/DDCASPT2_IVECW_C_1_.csv

>>> COPY /tmp/H10_3.00/DDCASPT2_IVECX_C_1_.csv ${LOCALHOME}/DDCASPT2/hydrogen_comps/rerun/H10_chain/H10_3.00/DDCASPT2_IVECX_C_1_.csv

>>> COPY /tmp/H10_3.00/DDCASPT2_IVECC2_C_1_.csv ${LOCALHOME}/DDCASPT2/hydrogen_comps/rerun/H10_chain/H10_3.00/DDCASPT2_IVECC2_C_1_.csv

>>> COPY /tmp/H10_3.00/DDCASPT2_e2_C_1_.csv ${LOCALHOME}/DDCASPT2/hydrogen_comps/rerun/H10_chain/H10_3.00/DDCASPT2_e2_C_1_.csv

>>> END FOREACH

>>> EXPORT i = D

>>> IF (-FILE DDCASPT2_e2_${i}_1_.csv)
(Skipped)

>>> END FOREACH

.########################.
.# Non-zero return code #.
.########################.

    Timing: Wall=25.29 User=24.03 System=1.26
****************************************
*** WorkDir at /tmp/H10_3.00 cleaned ***
****************************************
