   This run of MOLCAS is using the pymolcas driver

                             OPE
                             OPE          NMOL  CASOP  ENMOLC A   SO
                 OPE        NMOLC        AS  OP EN  MO LC     AS  OP
                OPENM       OL CA        SO  PE NM  OL CA     SOP EN
                OP EN      MO   LC       AS  OP ENMOL  CASO   PENMOL
                OP  EN     MO   LC       AS  OP EN     MO     LC ASO
               OP   E  NMOL  C  AS       OP  EN MO     LC     AS  OP
               OP  E   NMO   LC AS        OPEN  MO     LCASOP EN   M
               O  PEN   MO  LCA  SO
            OPE   NMO   L   CAS    OP
        OPENMOL  CASOP     ENMOL   CASOPE
     OPENMOLCA   SOPENMOLCASOPEN   MOLCASOPE
    OPENMOLCAS   OP           EN   MOL    CAS
    OPENMOLCAS       OP  ENM        O     LCA
    OPENMOLCAS    OPEN  MOLCASO     P  E  NMO
    OPENMOLCAS     OP               E  N  MOL
    OPENMOLCA   SO           PENM   O  L  CAS    OPEN    MO    LCAS
    OPENMOLCA   SOP           ENM   O  L  CAS   OP  EN  MOLC  AS   O
    OPENMOLCA   SOPE           NM      O  LCA   S      OP  EN MO
    OPENMOLC                AS         O  PEN   M      OL  CA  SOPE
    OPENMO        LCASOPE  NMOL        C  ASO   P      ENMOLC     AS
    OPE     NMO      LCA  SO     P     E   NM   OL  CA SO  PE N   MO
          OPENMOLCA            SOPE   NMO        LCAS  O    P  ENMO
     OPENMOLCASOPENMOLCASOPENMOLCASOPENMOLCA
        OPENMOLCASOPENMOLCASOPENMOLCASOPE
            OPENMOLCASOPENMOLCASOPENM
               OPENMOLCASOPENMOLCA        version: f37762c57
                   OPENMOLCASO
                       OPE                tag:

 OpenMolcas is free software; you can redistribute it and/or modify it
 under the terms of the GNU Lesser General Public License version 2.1.
 OpenMolcas is distributed in the hope that it will be useful, but it
 is provided "as is" and without any express or implied warranties.
 For more details see the full text of the license in the file
 LICENSE or in <http://www.gnu.org/licenses/>.

                 Copyright (C) The OpenMolcas Authors
           For the author list and the recommended citation,
                   consult the file CONTRIBUTORS.md

           *************************************************
           * pymolcas version py2.28                       *
           *   build c4a6d18ded8cb6cad61d2372a9abd97c      *
           *   (after the EMIL interpreter by V. Veryazov) *
           *************************************************

configuration info
------------------
C Compiler ID: Intel
C flags: -std=gnu99 -gcc-sys
Fortran Compiler ID: IntelLLVM
Fortran flags: -standard-semantics -fltconsistency -fpp -i8 -heap-arrays
Definitions: _MOLCAS_;_I8_;_LINUX_
Parallel: OFF (GA=OFF)


   ---------------------------------------------------------------------------------------------------
  |
  |              Project: ozone_180.00
  |       Submitted from: ${LOCALHOME}/DDCASPT2/ozone/rerun/ANO-RCC-VTZP/ANO-RCC-VTZP/ozone_180.00
  |         Scratch area: /tmp/ozone_180.00
  |      Save outputs to: ${LOCALHOME}/DDCASPT2/ozone/rerun/ANO-RCC-VTZP/ANO-RCC-VTZP/ozone_180.00
  |               Molcas: ${LOCALHOME}/Test/build
  |
  | Scratch area is empty
  |
  |       MOLCAS_DRIVER = /usr/local/pymolcas
  | MOLCAS_KEEP_WORKDIR = NO
  |  MOLCAS_NEW_WORKDIR = YES
  |       MOLCAS_NPROCS = 1
  |        MOLCAS_PRINT = NORMAL
  |       MOLCAS_SOURCE = ${LOCALHOME}/Test
  |    MOLCAS_STRUCTURE = 0
  |      MOLCAS_THREADS = -1
  |
   ---------------------------------------------------------------------------------------------------

++ ---------   Input file   ---------

&GATEWAY
coord=ozone_180.00.xyz
Basis = ANO-RCC-VTZP
Group = nosymm
End of Input

&SEWARD
End of Input

&SCF

>>> COPY $WorkDir/ozone_180.00.scf.h5 $CurrDir/

&RASSCF
Title= RASSCF
FileOrb
${LOCALHOME}/DDCASPT2/ozone/rerun/ANO-RCC-VTZP/ANO-RCC-VTZP/ozone_179.75/ozone_179.75.RasOrb
NACTEL
4 0 0
Inactive
10
RAS2
3
Symmetry
1
Spin
1
orblisting
all

>>> COPY $WorkDir/ozone_180.00.rasscf.h5 $CurrDir/

>>> COPY $WorkDir/DDCASPT2_Fock_MO.csv $CurrDir/ozone_180.00.DDCASPT2_Fock_MO.csv

&MOTRA
Frozen=0
LUMORB

>>> COPY $WorkDir/DDCASPT2_one_int_indx.csv $CurrDir/ozone_180.00.DDCASPT2_one_int_indx.csv

>>> COPY $WorkDir/DDCASPT2_one_int.csv $CurrDir/ozone_180.00.DDCASPT2_one_int.csv

>>> COPY $WorkDir/DDCASPT2_two_int_indx.csv $CurrDir/ozone_180.00.DDCASPT2_two_int_indx.csv

>>> COPY $WorkDir/DDCASPT2_two_int.csv $CurrDir/ozone_180.00.DDCASPT2_two_int.csv

&CASPT2
Frozen
0

MAXITER
50

>>> FOREACH i IN (B,E,F,G,H)

  >>> FOREACH j IN (P,M)

    >>> IF (-FILE DDCASPT2_e2_${i}_${j}_1_.csv)

      >>> COPY $WorkDir/DDCASPT2_RHS_${i}_${j}_1_.csv $CurrDir/DDCASPT2_RHS_${i}_${j}_1_.csv

      >>> COPY $WorkDir/DDCASPT2_IVECW_${i}_${j}_1_.csv $CurrDir/DDCASPT2_IVECW_${i}_${j}_1_.csv

      >>> COPY $WorkDir/DDCASPT2_IVECX_${i}_${j}_1_.csv $CurrDir/DDCASPT2_IVECX_${i}_${j}_1_.csv

      >>> COPY $WorkDir/DDCASPT2_IVECC2_${i}_${j}_1_.csv $CurrDir/DDCASPT2_IVECC2_${i}_${j}_1_.csv

      >>> COPY $WorkDir/DDCASPT2_e2_${i}_${j}_1_.csv $CurrDir/DDCASPT2_e2_${i}_${j}_1_.csv

    >>> END IF

  >>> END FOREACH

>>> END FOREACH

>>> FOREACH i IN (A,C,D)

  >>> IF (-FILE DDCASPT2_e2_${i}_1_.csv)

    >>> COPY $WorkDir/DDCASPT2_RHS_${i}_1_.csv $CurrDir/DDCASPT2_RHS_${i}_1_.csv

    >>> COPY $WorkDir/DDCASPT2_IVECW_${i}_1_.csv $CurrDir/DDCASPT2_IVECW_${i}_1_.csv

    >>> COPY $WorkDir/DDCASPT2_IVECX_${i}_1_.csv $CurrDir/DDCASPT2_IVECX_${i}_1_.csv

    >>> COPY $WorkDir/DDCASPT2_IVECC2_${i}_1_.csv $CurrDir/DDCASPT2_IVECC2_${i}_1_.csv

    >>> COPY $WorkDir/DDCASPT2_e2_${i}_1_.csv $CurrDir/DDCASPT2_e2_${i}_1_.csv

  >>> END IF

>>> END FOREACH

-- ----------------------------------

--- Start Module: gateway at Tue Oct 28 05:24:49 2025 ---
 
()()()()()()()()()()()()()()()()()()()()()()()()()()()()()()()()()()()()()()()()()()()()()()()()()()

                                              &GATEWAY

                                   only a single process is used
                       available to each process: 2.0 GB of memory, 1 thread?
()()()()()()()()()()()()()()()()()()()()()()()()()()()()()()()()()()()()()()()()()()()()()()()()()()
 
 
++    Symmetry information:
      ---------------------
 
                    Character Table for C1 
 
                             E  
                    a        1  x, y, xy, Rz, z, xz, Ry, yz, Rx, I
--
 
 
++    Basis set information:
      ----------------------
 
 
      Basis set label: O.ANO-RCC...4S3P2D1F.
 
      Electronic valence basis set:
      ------------------
      Associated Effective Charge   8.000000 au
      Associated Actual Charge      8.000000 au
      Nuclear Model: Point charge
 
      Shell  nPrim  nBasis  Cartesian Spherical Contaminant
         s      14       4        X                  
         p       9       3        X                  
         d       4       2                 X         
         f       3       1                 X         
--
 
 
++    Molecular structure info:
      -------------------------
 
                    ************************************************ 
                    **** Cartesian Coordinates / Bohr, Angstrom **** 
                    ************************************************ 
 
     Center  Label                x              y              z                     x              y              z
        1      O1               0.000000       2.415070       0.000000              0.000000       1.278000       0.000000
        2      O2               0.000000       0.000000       0.000000              0.000000       0.000000       0.000000
        3      O3               0.000000      -2.415070       0.000000              0.000000      -1.278000       0.000000
 
                    *************************************** 
                    *    InterNuclear Distances / Bohr    * 
                    *************************************** 
 
               1 O1            2 O2            3 O3    
    1 O1       0.000000
    2 O2       2.415070        0.000000
    3 O3       4.830140        2.415070        0.000000
 
                    ******************************************* 
                    *    InterNuclear Distances / Angstrom    * 
                    ******************************************* 
 
               1 O1            2 O2            3 O3    
    1 O1       0.000000
    2 O2       1.278000        0.000000
    3 O3       2.556000        1.278000        0.000000
 
                    ************************************** 
                    *    Valence Bond Angles / Degree    * 
                    ************************************** 
                          Atom centers                 Phi
                      1 O1       2 O2       3 O3       180.00
--
 
 
            Nuclear Potential Energy             66.25066800 au
 
--- Stop Module: gateway at Tue Oct 28 05:24:49 2025 /rc=_RC_ALL_IS_WELL_ ---
*** files: xmldump
    saved to directory ${LOCALHOME}/DDCASPT2/ozone/rerun/ANO-RCC-VTZP/ANO-RCC-VTZP/ozone_180.00

--- Start Module: seward at Tue Oct 28 05:24:49 2025 ---
 
()()()()()()()()()()()()()()()()()()()()()()()()()()()()()()()()()()()()()()()()()()()()()()()()()()

                                              &SEWARD

                                   only a single process is used
                       available to each process: 2.0 GB of memory, 1 thread?
()()()()()()()()()()()()()()()()()()()()()()()()()()()()()()()()()()()()()()()()()()()()()()()()()()
 
               SEWARD will generate:
                  Multipole Moment integrals up to order  2
                  Kinetic Energy integrals
                  Nuclear Attraction integrals (point charge)
                  One-Electron Hamiltonian integrals
                  Velocity integrals
                  Relativistic Douglas-Kroll-Hess integrals:
                    - Parametrization         : EXP
                    - DKH order of Hamiltonian: 2
                    - DKH order of Properties : 0
                         - multipole moment operators
                         - electric potential operators
                         - contact operators
                  Atomic mean-field integrals
                  Two-Electron Repulsion integrals
 
                   Integrals are discarded if absolute value <: 0.10E-13
                   Integral cutoff threshold is set to       <: 0.10E-15
 
            Nuclear Potential Energy             66.25066800 au
 
 
      Basis set specifications :
      Symmetry species         a  
      Basis functions           90
 
 
  Input file to MOLDEN was generated!
 
forrtl: warning (525): IEEE_DIVIDE_BY_ZERO is signaling
forrtl: warning (526): IEEE_INVALID is signaling
forrtl: warning (528): IEEE_UNDERFLOW is signaling
--- Stop Module: seward at Tue Oct 28 05:24:51 2025 /rc=_RC_ALL_IS_WELL_ ---
*** files: ozone_180.00.GssOrb ozone_180.00.guessorb.h5 ozone_180.00.guessorb.molden xmldump
    saved to directory ${LOCALHOME}/DDCASPT2/ozone/rerun/ANO-RCC-VTZP/ANO-RCC-VTZP/ozone_180.00
--- Module seward spent 2 seconds ---

*** symbolic link created: INPORB -> ozone_180.00.GssOrb
--- Start Module: scf at Tue Oct 28 05:24:51 2025 ---
 
()()()()()()()()()()()()()()()()()()()()()()()()()()()()()()()()()()()()()()()()()()()()()()()()()()

                                                &SCF

                                   only a single process is used
                       available to each process: 2.0 GB of memory, 1 thread?
()()()()()()()()()()()()()()()()()()()()()()()()()()()()()()()()()()()()()()()()()()()()()()()()()()
 
++    Input section:
      --------------
 
      Header of the integral files:
      
       Integrals generated by seward 4.2.0  , Tue Oct 28 05:24:49 2025
 
 
      Cartesian coordinates in Angstrom:
      -----------------------------------------------------
      No.  Label        X            Y            Z        
      -----------------------------------------------------
       1   O1         0.00000000   1.27800000   0.00000000
       2   O2         0.00000000   0.00000000   0.00000000
       3   O3         0.00000000  -1.27800000   0.00000000
      -----------------------------------------------------
      Nuclear repulsion energy =   66.25066800
--
 
++    Orbital specifications:
      -----------------------
 
      Symmetry species               1
                                     a
      Frozen orbitals                0
      Aufbau                        12
      Start temperature = 0.500
      End temperature   = 0.010
      Temperature Factor= 0.460
      Deleted orbitals               0
      Total number of orbitals      90
      Number of basis functions     90
--
 
      Molecular charge                           0.000
 
++    Optimization specifications:
      ----------------------------
 
      SCF Algorithm: Conventional
      Minimized density differences are used
      Number of density matrices in core                5
      Maximum number of NDDO SCF iterations           400
      Maximum number of HF SCF iterations             400
      Threshold for SCF energy change            0.10E-08
      Threshold for density matrix               0.10E-03
      Threshold for Fock matrix                  0.15E-03
      Threshold for linear dependence            0.10E-08
      Threshold at which DIIS is turned on       0.15E+00
      Threshold at which QNR/C2DIIS is turned on 0.75E-01
      Threshold for Norm(delta) (QNR/C2DIIS)     0.20E-04
      DIIS extrapolation of the SCF procedure
      All orbitals punched on: SCFORB
--
 
      Input vectors read from INPORB
      Orbital file label: *Guess orbitals
 
 
++ Convergence information
                                   SCF        iterations: Energy and convergence statistics
 
Iter     Tot. SCF        One-elec.       Two-elec.     Energy      Max Dij or  Max Fij      DNorm      TNorm      AccCon     Time
         Energy          Energy          Energy        Change      Delta Norm                                                in Sec.
   1  -221.440113045  -440.063070608   152.372289560   0.00E+00    0.10E+00*   0.26E+01*    0.77E+01   0.11E+03   None         0.
   2  -221.900855504  -429.639937104   141.488413597  -0.46E+00*   0.12E+00*   0.95E-01*    0.81E+01   0.11E+03   EDIIS        0.
   3  -223.703229195  -444.175708703   154.221811505  -0.18E+01*   0.15E+00*   0.27E+00*    0.39E+01   0.11E+03   EDIIS        0.
   4  -224.081686752  -437.508539254   147.176184499  -0.38E+00*   0.19E+00*   0.20E+00*    0.21E+01   0.11E+03   EDIIS        0.
   5  -224.090663816  -441.662421493   151.321089674  -0.90E-02*   0.50E-01*   0.10E+00*    0.79E+00   0.11E+03   EDIIS        0.
   6  -224.172916767  -440.157268200   149.733683431  -0.82E-01*   0.44E-01*   0.44E-01*    0.22E+00   0.11E+03   EDIIS        0.
   7  -224.171837957  -440.251723272   149.829217313   0.11E-02*   0.67E-02*   0.23E-01*    0.70E-01   0.11E+03   EDIIS        0.
   8  -224.176287793  -440.104487815   149.677532020  -0.44E-02*   0.37E-02*   0.20E-02*    0.83E-02   0.11E+03   EDIIS        0.
   9  -224.176324896  -440.135158921   149.708166022  -0.37E-04*   0.23E-02*   0.19E-02*    0.25E-02   0.11E+03   EDIIS        0.
  10  -224.176330108  -440.135285688   149.708287577  -0.52E-05*   0.19E-02*   0.16E-02*    0.32E-02   0.11E+03   EDIIS        0.
  11  -224.203097180  -440.126484184   149.672719001  -0.27E-01*   0.16E-01*   0.11E-01*    0.32E+00   0.11E+03   EDIIS        0.
  12  -224.392320113  -440.215512360   149.572524245  -0.19E+00*   0.42E-01*   0.22E-01*    0.13E+00   0.11E+03   EDIIS        0.
  13  -224.399434049  -440.299312658   149.649210607  -0.71E-02*   0.18E-01*   0.71E-02*    0.28E-01   0.11E+03   EDIIS        0.
 
       Fermi aufbau procedure completed!
      nOcc=   12
 
  14  -224.400391594  -440.284293922   149.633234325  -0.96E-03*   0.15E-01*   0.53E-02*    0.17E-01   0.11E+03   EDIIS        0.
  15  -224.400579273  -440.280925003   149.629677727  -0.19E-03*   0.41E-02*   0.20E-02*    0.92E-02   0.11E+03   EDIIS        0.
  16  -224.400629184  -440.287538710   149.636241523  -0.50E-04*   0.66E-02*   0.24E-02*    0.44E-02   0.11E+03   EDIIS        0.
  17  -224.400645343  -440.277659073   149.626345727  -0.16E-04*   0.16E-02*   0.12E-02*    0.16E-02   0.11E+03   EDIIS        0.
  18  -224.400651193  -440.286575757   149.635256561  -0.59E-05*   0.22E-02*   0.82E-03*    0.32E-03   0.11E+03   c2DIIS       0.
  19  -224.400656015  -440.280891279   149.629567261  -0.48E-05*   0.60E-03*   0.35E-03*    0.19E-04   0.11E+03   QNRc2DIIS    0.
  20  -224.400657158  -440.282379692   149.631054532  -0.11E-05*   0.99E-03*   0.38E-03*    0.38E-03   0.11E+03   QNRc2DIIS    0.
  21  -224.400657916  -440.281270304   149.629944385  -0.76E-06*   0.26E-04*   0.98E-05     0.33E-02   0.11E+03   QNRc2DIIS    0.
  22  -224.400657918  -440.281223712   149.629897792  -0.17E-08*   0.13E-04    0.35E-05     0.28E-01   0.11E+03   QNRc2DIIS    0.
  23  -224.400657918  -440.281231115   149.629905195  -0.25E-09    0.27E-06    0.19E-06     0.18E-01   0.11E+03   QNRc2DIIS    0.
 
       Convergence after 23 Macro Iterations
--
 
 *****************************************************************************************************************************
 *                                                                                                                           *
 *                                             SCF/KS-DFT Program, Final results                                             *
 *                                                                                                                           *
 *                                                                                                                           *
 *                                                                                                                           *
 *                                                       Final Results                                                       *
 *                                                                                                                           *
 *****************************************************************************************************************************
 
::    Total SCF energy                               -224.4006579184
      One-electron energy                            -440.2812311155
      Two-electron energy                             149.6299051946
      Nuclear repulsion energy                         66.2506680025
      Kinetic energy (interpolated)                   225.3160980539
      Virial theorem                                    0.9959370851
      Total spin, S(S+1)                                0.0000000000
      Total spin, S                                     0.0000000000
      Max non-diagonal density matrix element           0.0000002038
      Max non-diagonal Fock matrix element              0.0000000388
 
 
      All orbitals with orbital energies smaller than  E(LUMO)+0.5 are printed
 
++    Molecular orbitals:
      -------------------
 
      Title: SCF orbitals

      Molecular orbitals for symmetry species 1: a  
 
          Orbital            1         2         3         4         5         6         7         8         9        10    
          Energy          -20.8502  -20.7409  -20.7408   -1.6964   -1.4625   -1.0546   -0.8377   -0.7777   -0.7462   -0.6221
          Occ. No.          2.0000    2.0000    2.0000    2.0000    2.0000    2.0000    2.0000    2.0000    2.0000    2.0000
 
        1 O1     1s         0.0026   -0.7062    0.7062   -0.0126    0.0126    0.0150   -0.0000   -0.0263    0.0000    0.0000
        2 O1     2s         0.0005    0.0063   -0.0060    0.3497   -0.5581    0.6588    0.0000   -0.4526    0.0000   -0.0000
        3 O1     3s         0.0002    0.0045   -0.0041   -0.0097    0.0218    0.0243    0.0000   -0.0565    0.0000   -0.0000
        4 O1     4s         0.0000    0.0010   -0.0008   -0.0003    0.0040    0.0043    0.0000   -0.0118    0.0000   -0.0000
        5 O1     2px       -0.0000    0.0000   -0.0000   -0.0000    0.0000   -0.0000    0.3482    0.0000   -0.0017   -0.7017
        6 O1     3px        0.0000   -0.0000    0.0000    0.0000   -0.0000    0.0000   -0.0263   -0.0000    0.0001    0.0120
        7 O1     4px       -0.0000    0.0000   -0.0000    0.0000    0.0000   -0.0000   -0.0002    0.0000    0.0000    0.0054
        8 O1     2py       -0.0004   -0.0028    0.0032   -0.1145    0.0869    0.1827    0.0000   -0.4040    0.0000   -0.0000
        9 O1     3py       -0.0001   -0.0027    0.0030    0.0116   -0.0203   -0.0292    0.0000    0.0485   -0.0000   -0.0000
       10 O1     4py        0.0001    0.0018   -0.0017    0.0010   -0.0031    0.0005    0.0000    0.0041   -0.0000   -0.0000
       11 O1     2pz        0.0000    0.0000    0.0000   -0.0000    0.0000    0.0000    0.0014    0.0000    0.4324   -0.0028
       12 O1     3pz        0.0000    0.0000    0.0000   -0.0000    0.0000    0.0000   -0.0001   -0.0000   -0.0145    0.0000
       13 O1     4pz        0.0000    0.0000    0.0000   -0.0000    0.0000    0.0000   -0.0000   -0.0000   -0.0067    0.0000
       14 O1     3d2-      -0.0000   -0.0000   -0.0000   -0.0000   -0.0000    0.0000   -0.0215   -0.0000    0.0001    0.0134
       15 O1     4d2-      -0.0000   -0.0000   -0.0000    0.0000   -0.0000   -0.0000   -0.0017   -0.0000    0.0000    0.0007
       16 O1     3d1-       0.0000   -0.0000    0.0000    0.0000    0.0000    0.0000   -0.0001   -0.0000   -0.0321    0.0001
       17 O1     4d1-       0.0000    0.0000    0.0000   -0.0000    0.0000    0.0000   -0.0000   -0.0000   -0.0057    0.0000
       18 O1     3d0       -0.0000   -0.0006    0.0007   -0.0101    0.0080    0.0077   -0.0000   -0.0156   -0.0000    0.0000
       19 O1     4d0       -0.0000   -0.0004    0.0005   -0.0010    0.0005    0.0005   -0.0000   -0.0011   -0.0000   -0.0000
       20 O1     3d1+      -0.0000   -0.0000    0.0000   -0.0000    0.0000    0.0000    0.0000   -0.0000    0.0000   -0.0000
       21 O1     4d1+      -0.0000    0.0000   -0.0000   -0.0000    0.0000    0.0000    0.0000   -0.0000   -0.0000   -0.0000
       22 O1     3d2+      -0.0001   -0.0013    0.0015   -0.0205    0.0149    0.0174   -0.0000   -0.0298   -0.0000   -0.0000
       23 O1     4d2+      -0.0000   -0.0006    0.0007   -0.0029    0.0017    0.0017   -0.0000   -0.0021   -0.0000    0.0000
       24 O1     4f3-       0.0001    0.0002   -0.0002    0.0061   -0.0052   -0.0034   -0.0000    0.0071   -0.0000   -0.0000
       25 O1     4f2-       0.0000   -0.0000    0.0000    0.0000   -0.0000   -0.0000   -0.0000    0.0000   -0.0000   -0.0000
       26 O1     4f1-       0.0000    0.0002   -0.0002    0.0034   -0.0029   -0.0023    0.0000    0.0042   -0.0000   -0.0000
       27 O1     4f0       -0.0000   -0.0000   -0.0000   -0.0000    0.0000   -0.0000   -0.0000   -0.0000   -0.0037   -0.0000
       28 O1     4f1+      -0.0000   -0.0000   -0.0000   -0.0000    0.0000    0.0000   -0.0006   -0.0000   -0.0000   -0.0005
       29 O1     4f2+       0.0000   -0.0000   -0.0000    0.0000   -0.0000   -0.0000   -0.0000   -0.0000   -0.0072    0.0000
       30 O1     4f3+      -0.0000   -0.0000   -0.0000   -0.0000   -0.0000    0.0000   -0.0075   -0.0000    0.0000    0.0064
       31 O2     1s         0.9999    0.0000   -0.0017   -0.0287   -0.0000   -0.0147   -0.0000   -0.0000   -0.0000   -0.0000
       32 O2     2s        -0.0008   -0.0000    0.0126    0.6228    0.0000   -0.6284   -0.0000   -0.0000   -0.0000    0.0000
       33 O2     3s        -0.0012   -0.0000    0.0071   -0.0663   -0.0000   -0.0248    0.0000   -0.0000   -0.0000   -0.0000
       34 O2     4s        -0.0001   -0.0000    0.0011   -0.0126   -0.0000   -0.0041    0.0000   -0.0000   -0.0000   -0.0000
       35 O2     2px        0.0000   -0.0000   -0.0000    0.0000    0.0000   -0.0000    0.7398   -0.0000   -0.0025    0.0000
       36 O2     3px        0.0000   -0.0000    0.0000   -0.0000   -0.0000    0.0000   -0.0785    0.0000    0.0002   -0.0000
       37 O2     4px        0.0000   -0.0000    0.0000   -0.0000    0.0000    0.0000   -0.0108    0.0000    0.0001   -0.0000
       38 O2     2py       -0.0000   -0.0078   -0.0000    0.0000   -0.3383   -0.0000    0.0000    0.5772   -0.0000   -0.0000
       39 O2     3py       -0.0000   -0.0054   -0.0000   -0.0000    0.0636    0.0000    0.0000   -0.0480   -0.0000   -0.0000
       40 O2     4py        0.0000    0.0014    0.0000    0.0000    0.0004    0.0000    0.0000   -0.0130    0.0000   -0.0000
       41 O2     2pz       -0.0000   -0.0000   -0.0000   -0.0000   -0.0000    0.0000    0.0030    0.0000    0.6156    0.0000
       42 O2     3pz       -0.0000   -0.0000   -0.0000   -0.0000   -0.0000    0.0000   -0.0003    0.0000   -0.0381    0.0000
       43 O2     4pz       -0.0000   -0.0000   -0.0000   -0.0000   -0.0000    0.0000   -0.0000    0.0000   -0.0194    0.0000
       44 O2     3d2-      -0.0000   -0.0000   -0.0000   -0.0000   -0.0000   -0.0000    0.0000    0.0000   -0.0000   -0.0390
       45 O2     4d2-      -0.0000   -0.0000   -0.0000    0.0000    0.0000    0.0000    0.0000   -0.0000   -0.0000   -0.0059
       46 O2     3d1-       0.0000    0.0000    0.0000    0.0000    0.0000   -0.0000    0.0000   -0.0000    0.0000   -0.0002
       47 O2     4d1-       0.0000   -0.0000    0.0000    0.0000    0.0000   -0.0000    0.0000   -0.0000    0.0000   -0.0000
       48 O2     3d0       -0.0002    0.0000   -0.0012   -0.0146    0.0000    0.0017    0.0000    0.0000    0.0000   -0.0000
       49 O2     4d0        0.0002    0.0000   -0.0006    0.0004    0.0000    0.0012    0.0000    0.0000    0.0000   -0.0000
       50 O2     3d1+       0.0000    0.0000   -0.0000   -0.0000    0.0000   -0.0000   -0.0000   -0.0000    0.0000    0.0000
       51 O2     4d1+      -0.0000    0.0000   -0.0000   -0.0000    0.0000   -0.0000   -0.0000   -0.0000    0.0000   -0.0000
       52 O2     3d2+       0.0003    0.0000   -0.0021   -0.0263    0.0000   -0.0040    0.0000    0.0000    0.0000   -0.0000
       53 O2     4d2+       0.0001    0.0000   -0.0010   -0.0010    0.0000    0.0003    0.0000    0.0000    0.0000   -0.0000
       54 O2     4f3-       0.0000    0.0002    0.0000   -0.0000    0.0112    0.0000   -0.0000   -0.0098    0.0000   -0.0000
       55 O2     4f2-       0.0000    0.0000    0.0000   -0.0000    0.0000    0.0000   -0.0000   -0.0000    0.0000   -0.0000
       56 O2     4f1-       0.0000    0.0001    0.0000   -0.0000    0.0053    0.0000   -0.0000   -0.0047    0.0000   -0.0000
       57 O2     4f0       -0.0000    0.0000    0.0000   -0.0000   -0.0000    0.0000    0.0000   -0.0000   -0.0051    0.0000
       58 O2     4f1+       0.0000    0.0000    0.0000   -0.0000   -0.0000    0.0000    0.0008   -0.0000   -0.0000    0.0000
       59 O2     4f2+      -0.0000   -0.0000   -0.0000   -0.0000   -0.0000   -0.0000   -0.0001   -0.0000   -0.0122   -0.0000
       60 O2     4f3+       0.0000   -0.0000    0.0000   -0.0000   -0.0000    0.0000   -0.0129   -0.0000    0.0001   -0.0000
       61 O3     1s         0.0026    0.7062    0.7062   -0.0126   -0.0126    0.0150    0.0000    0.0263   -0.0000   -0.0000
       62 O3     2s         0.0005   -0.0063   -0.0060    0.3497    0.5581    0.6588    0.0000    0.4526   -0.0000   -0.0000
       63 O3     3s         0.0002   -0.0045   -0.0041   -0.0097   -0.0218    0.0243    0.0000    0.0565   -0.0000   -0.0000
       64 O3     4s         0.0000   -0.0010   -0.0008   -0.0003   -0.0040    0.0043    0.0000    0.0118   -0.0000   -0.0000
       65 O3     2px       -0.0000   -0.0000   -0.0000   -0.0000    0.0000   -0.0000    0.3482    0.0000   -0.0017    0.7017
       66 O3     3px       -0.0000   -0.0000   -0.0000   -0.0000    0.0000   -0.0000   -0.0263    0.0000    0.0001   -0.0120
       67 O3     4px       -0.0000    0.0000    0.0000   -0.0000    0.0000   -0.0000   -0.0002    0.0000    0.0000   -0.0054
       68 O3     2py        0.0004   -0.0028   -0.0032    0.1145    0.0869   -0.1827   -0.0000   -0.4040    0.0000    0.0000
       69 O3     3py        0.0001   -0.0027   -0.0030   -0.0116   -0.0203    0.0292    0.0000    0.0485   -0.0000   -0.0000
       70 O3     4py       -0.0001    0.0018    0.0017   -0.0010   -0.0031   -0.0005   -0.0000    0.0041   -0.0000    0.0000
       71 O3     2pz        0.0000    0.0000    0.0000    0.0000    0.0000    0.0000    0.0014    0.0000    0.4324    0.0028
       72 O3     3pz        0.0000    0.0000    0.0000    0.0000    0.0000   -0.0000   -0.0001   -0.0000   -0.0145   -0.0000
       73 O3     4pz        0.0000    0.0000    0.0000   -0.0000    0.0000   -0.0000   -0.0000   -0.0000   -0.0067   -0.0000
       74 O3     3d2-      -0.0000   -0.0000   -0.0000    0.0000    0.0000   -0.0000    0.0215   -0.0000   -0.0001    0.0134
       75 O3     4d2-       0.0000   -0.0000   -0.0000   -0.0000    0.0000   -0.0000    0.0017   -0.0000   -0.0000    0.0007
       76 O3     3d1-       0.0000    0.0000    0.0000    0.0000    0.0000    0.0000    0.0001    0.0000    0.0321    0.0001
       77 O3     4d1-       0.0000    0.0000    0.0000    0.0000    0.0000   -0.0000    0.0000   -0.0000    0.0057    0.0000
       78 O3     3d0       -0.0000    0.0006    0.0007   -0.0101   -0.0080    0.0077    0.0000    0.0156   -0.0000   -0.0000
       79 O3     4d0       -0.0000    0.0004    0.0005   -0.0010   -0.0005    0.0005    0.0000    0.0011    0.0000   -0.0000
       80 O3     3d1+      -0.0000    0.0000    0.0000   -0.0000   -0.0000    0.0000    0.0000    0.0000    0.0000    0.0000
       81 O3     4d1+      -0.0000   -0.0000   -0.0000   -0.0000   -0.0000    0.0000    0.0000    0.0000    0.0000   -0.0000
       82 O3     3d2+      -0.0001    0.0013    0.0015   -0.0205   -0.0149    0.0174    0.0000    0.0298   -0.0000   -0.0000
       83 O3     4d2+      -0.0000    0.0006    0.0007   -0.0029   -0.0017    0.0017   -0.0000    0.0021    0.0000   -0.0000
       84 O3     4f3-      -0.0001    0.0002    0.0002   -0.0061   -0.0052    0.0034    0.0000    0.0071   -0.0000   -0.0000
       85 O3     4f2-      -0.0000   -0.0000   -0.0000   -0.0000   -0.0000    0.0000   -0.0000    0.0000    0.0000   -0.0000
       86 O3     4f1-      -0.0000    0.0002    0.0002   -0.0034   -0.0029    0.0023    0.0000    0.0042   -0.0000   -0.0000
       87 O3     4f0       -0.0000   -0.0000   -0.0000   -0.0000   -0.0000   -0.0000   -0.0000   -0.0000   -0.0037    0.0000
       88 O3     4f1+      -0.0000    0.0000    0.0000    0.0000   -0.0000    0.0000   -0.0006    0.0000   -0.0000    0.0005
       89 O3     4f2+      -0.0000   -0.0000   -0.0000   -0.0000   -0.0000   -0.0000   -0.0000   -0.0000   -0.0072   -0.0000
       90 O3     4f3+      -0.0000    0.0000    0.0000   -0.0000   -0.0000    0.0000   -0.0075    0.0000    0.0000   -0.0064
 
          Orbital           11        12        13        14        15        16        17        18        19        20    
          Energy           -0.5161   -0.4655   -0.0199    0.1184    0.1664    0.2350    0.2356    0.2710    0.3666    0.3674
          Occ. No.          2.0000    2.0000    0.0000    0.0000    0.0000    0.0000    0.0000    0.0000    0.0000    0.0000
 
        1 O1     1s         0.0000   -0.0000   -0.0000    0.0542   -0.2280   -0.0000   -0.0000    0.1005    0.0000    0.0000
        2 O1     2s         0.0000   -0.0000   -0.0000    0.5198   -1.6563   -0.0000   -0.0000    0.6877    0.0000    0.0000
        3 O1     3s         0.0000    0.0000   -0.0000    0.1142   -0.9987   -0.0000   -0.0000    0.5854    0.0000    0.0000
        4 O1     4s         0.0000    0.0000   -0.0000    0.0040   -0.2279   -0.0000   -0.0000    0.1491    0.0000   -0.0000
        5 O1     2px        0.0028    0.6683   -0.0026    0.0000   -0.0000    0.0004   -0.0609   -0.0000   -0.1700    0.0006
        6 O1     3px        0.0001    0.0448   -0.0007    0.0000   -0.0000   -0.0015    0.4029   -0.0000   -0.8720    0.0035
        7 O1     4px       -0.0000    0.0013   -0.0001    0.0000   -0.0000   -0.0008    0.2069    0.0000   -0.3442    0.0014
        8 O1     2py       -0.0000    0.0000    0.0000   -0.8948    0.6578    0.0000    0.0000   -0.5180   -0.0000   -0.0000
        9 O1     3py       -0.0000    0.0000    0.0000   -0.3362    0.8157    0.0000    0.0000   -1.0634   -0.0000   -0.0000
       10 O1     4py       -0.0000   -0.0000    0.0000   -0.0309    0.1029    0.0000    0.0000   -0.2396   -0.0000   -0.0000
       11 O1     2pz       -0.6939    0.0027    0.6602   -0.0000    0.0000   -0.1095   -0.0002    0.0000   -0.0007   -0.1493
       12 O1     3pz       -0.0232    0.0002    0.1744    0.0000    0.0000    0.3828    0.0016    0.0000   -0.0035   -0.8707
       13 O1     4pz        0.0070    0.0000    0.0288    0.0000   -0.0000    0.2065    0.0008    0.0000   -0.0014   -0.3492
       14 O1     3d2-      -0.0001    0.0058   -0.0001   -0.0000    0.0000   -0.0000    0.0043   -0.0000    0.0171   -0.0001
       15 O1     4d2-      -0.0000    0.0006   -0.0000    0.0000    0.0000    0.0000   -0.0023   -0.0000    0.0174   -0.0001
       16 O1     3d1-       0.0253    0.0000    0.0159    0.0000   -0.0000    0.0074    0.0000    0.0000    0.0001    0.0132
       17 O1     4d1-       0.0056    0.0000    0.0022    0.0000   -0.0000   -0.0011   -0.0000    0.0000    0.0001    0.0161
       18 O1     3d0       -0.0000    0.0000    0.0000   -0.0102    0.0522    0.0000    0.0000   -0.0586    0.0000   -0.0000
       19 O1     4d0       -0.0000    0.0000    0.0000   -0.0061    0.0327    0.0000    0.0000   -0.0416    0.0000   -0.0000
       20 O1     3d1+      -0.0000   -0.0000    0.0000    0.0000   -0.0000    0.0000    0.0000   -0.0000   -0.0000    0.0000
       21 O1     4d1+       0.0000   -0.0000   -0.0000    0.0000   -0.0000    0.0000   -0.0000   -0.0000    0.0000   -0.0000
       22 O1     3d2+      -0.0000    0.0000    0.0000   -0.0169    0.0879    0.0000    0.0000   -0.1069    0.0000   -0.0000
       23 O1     4d2+      -0.0000   -0.0000    0.0000   -0.0096    0.0545    0.0000    0.0000   -0.0758    0.0000   -0.0000
       24 O1     4f3-      -0.0000    0.0000    0.0000    0.0052   -0.0061   -0.0000   -0.0000    0.0134    0.0000    0.0000
       25 O1     4f2-       0.0000    0.0000   -0.0000    0.0000    0.0000    0.0000   -0.0000   -0.0000    0.0000   -0.0000
       26 O1     4f1-      -0.0000    0.0000    0.0000    0.0020   -0.0048   -0.0000   -0.0000    0.0109    0.0000   -0.0000
       27 O1     4f0        0.0020    0.0000    0.0015   -0.0000   -0.0000   -0.0018   -0.0000   -0.0000    0.0000    0.0064
       28 O1     4f1+       0.0000    0.0015   -0.0000   -0.0000   -0.0000    0.0000   -0.0010   -0.0000    0.0029   -0.0000
       29 O1     4f2+       0.0060   -0.0000   -0.0003   -0.0000   -0.0000   -0.0017   -0.0000   -0.0000    0.0000    0.0075
       30 O1     4f3+      -0.0000   -0.0010    0.0000   -0.0000    0.0000    0.0000   -0.0027    0.0000    0.0097   -0.0000
       31 O2     1s        -0.0000    0.0000    0.0000   -0.1741   -0.0000    0.0000    0.0000   -0.3239    0.0000   -0.0000
       32 O2     2s        -0.0000    0.0000    0.0000   -1.5130   -0.0000    0.0000    0.0000   -2.0548    0.0000   -0.0000
       33 O2     3s        -0.0000    0.0000    0.0000   -0.6524   -0.0000    0.0000    0.0000   -1.2123    0.0000   -0.0000
       34 O2     4s        -0.0000    0.0000    0.0000   -0.1504   -0.0000    0.0000    0.0000   -0.2283    0.0000   -0.0000
       35 O2     2px       -0.0000   -0.7499    0.0037   -0.0000    0.0000    0.0002   -0.0937    0.0000    0.0000   -0.0000
       36 O2     3px       -0.0000   -0.0480    0.0009   -0.0000   -0.0000   -0.0011    0.2496    0.0000    0.0000   -0.0000
       37 O2     4px        0.0000   -0.0031    0.0001    0.0000   -0.0000   -0.0007    0.1663    0.0000    0.0000   -0.0000
       38 O2     2py       -0.0000    0.0000    0.0000   -0.0000    1.6116    0.0000    0.0000    0.0000   -0.0000    0.0000
       39 O2     3py       -0.0000    0.0000    0.0000   -0.0000    1.6849    0.0000    0.0000    0.0000   -0.0000    0.0000
       40 O2     4py       -0.0000    0.0000    0.0000   -0.0000    0.1730    0.0000    0.0000    0.0000    0.0000   -0.0000
       41 O2     2pz        0.0000   -0.0030   -0.9275    0.0000    0.0000   -0.0573   -0.0004   -0.0000    0.0000    0.0000
       42 O2     3pz       -0.0000   -0.0002   -0.2220    0.0000   -0.0000    0.2776    0.0010   -0.0000    0.0000    0.0000
       43 O2     4pz       -0.0000   -0.0000   -0.0218    0.0000   -0.0000    0.1770    0.0007   -0.0000    0.0000    0.0000
       44 O2     3d2-       0.0003   -0.0000    0.0000    0.0000    0.0000    0.0000   -0.0000    0.0000    0.1098   -0.0005
       45 O2     4d2-       0.0001   -0.0000    0.0000   -0.0000    0.0000    0.0000   -0.0000    0.0000    0.0695   -0.0003
       46 O2     3d1-      -0.0625   -0.0000   -0.0000   -0.0000   -0.0000   -0.0000   -0.0000   -0.0000    0.0004    0.1210
       47 O2     4d1-      -0.0146   -0.0000   -0.0000   -0.0000   -0.0000   -0.0000   -0.0000   -0.0000    0.0003    0.0735
       48 O2     3d0        0.0000    0.0000   -0.0000   -0.0229   -0.0000   -0.0000   -0.0000    0.1141   -0.0000    0.0000
       49 O2     4d0        0.0000    0.0000   -0.0000    0.0029    0.0000   -0.0000   -0.0000    0.0503   -0.0000    0.0000
       50 O2     3d1+      -0.0000    0.0000   -0.0000   -0.0000   -0.0000   -0.0000   -0.0000   -0.0000    0.0000    0.0000
       51 O2     4d1+      -0.0000    0.0000    0.0000   -0.0000   -0.0000   -0.0000   -0.0000   -0.0000    0.0000    0.0000
       52 O2     3d2+      -0.0000    0.0000   -0.0000   -0.0447   -0.0000    0.0000   -0.0000    0.1871   -0.0000    0.0000
       53 O2     4d2+       0.0000    0.0000   -0.0000    0.0041   -0.0000    0.0000   -0.0000    0.0786   -0.0000    0.0000
       54 O2     4f3-      -0.0000   -0.0000   -0.0000    0.0000   -0.0157   -0.0000   -0.0000   -0.0000    0.0000   -0.0000
       55 O2     4f2-      -0.0000   -0.0000   -0.0000    0.0000   -0.0000    0.0000    0.0000   -0.0000    0.0000    0.0000
       56 O2     4f1-      -0.0000    0.0000    0.0000    0.0000   -0.0116   -0.0000   -0.0000   -0.0000   -0.0000    0.0000
       57 O2     4f0       -0.0000   -0.0000   -0.0021   -0.0000    0.0000   -0.0018   -0.0000    0.0000   -0.0000   -0.0000
       58 O2     4f1+      -0.0000   -0.0028    0.0000   -0.0000    0.0000    0.0000   -0.0010    0.0000   -0.0000    0.0000
       59 O2     4f2+      -0.0000    0.0000    0.0028   -0.0000    0.0000   -0.0021   -0.0000    0.0000   -0.0000   -0.0000
       60 O2     4f3+       0.0000    0.0007   -0.0000   -0.0000    0.0000    0.0000   -0.0031   -0.0000   -0.0000    0.0000
       61 O3     1s        -0.0000    0.0000    0.0000    0.0542    0.2280    0.0000    0.0000    0.1005   -0.0000    0.0000
       62 O3     2s        -0.0000    0.0000    0.0000    0.5198    1.6563    0.0000    0.0000    0.6877   -0.0000    0.0000
       63 O3     3s        -0.0000    0.0000    0.0000    0.1142    0.9987    0.0000    0.0000    0.5854   -0.0000    0.0000
       64 O3     4s         0.0000    0.0000    0.0000    0.0040    0.2279    0.0000    0.0000    0.1491   -0.0000   -0.0000
       65 O3     2px       -0.0028    0.6683   -0.0026    0.0000    0.0000    0.0004   -0.0609   -0.0000    0.1700   -0.0006
       66 O3     3px       -0.0001    0.0448   -0.0007    0.0000   -0.0000   -0.0015    0.4029    0.0000    0.8720   -0.0035
       67 O3     4px        0.0000    0.0013   -0.0001    0.0000   -0.0000   -0.0008    0.2069    0.0000    0.3442   -0.0014
       68 O3     2py        0.0000   -0.0000    0.0000    0.8948    0.6578    0.0000   -0.0000    0.5180   -0.0000    0.0000
       69 O3     3py       -0.0000    0.0000    0.0000    0.3362    0.8157    0.0000    0.0000    1.0634   -0.0000    0.0000
       70 O3     4py       -0.0000   -0.0000    0.0000    0.0309    0.1029    0.0000   -0.0000    0.2396   -0.0000    0.0000
       71 O3     2pz        0.6939    0.0027    0.6602   -0.0000    0.0000   -0.1095   -0.0002    0.0000    0.0007    0.1493
       72 O3     3pz        0.0232    0.0002    0.1744   -0.0000   -0.0000    0.3828    0.0016    0.0000    0.0035    0.8707
       73 O3     4pz       -0.0070    0.0000    0.0288    0.0000   -0.0000    0.2065    0.0008    0.0000    0.0014    0.3492
       74 O3     3d2-      -0.0001   -0.0058    0.0001   -0.0000    0.0000    0.0000   -0.0043    0.0000    0.0171   -0.0001
       75 O3     4d2-      -0.0000   -0.0006    0.0000   -0.0000    0.0000   -0.0000    0.0023    0.0000    0.0174   -0.0001
       76 O3     3d1-       0.0253   -0.0000   -0.0159   -0.0000    0.0000   -0.0074   -0.0000    0.0000    0.0001    0.0132
       77 O3     4d1-       0.0056   -0.0000   -0.0022   -0.0000    0.0000    0.0011    0.0000    0.0000    0.0001    0.0161
       78 O3     3d0       -0.0000    0.0000   -0.0000   -0.0102   -0.0522   -0.0000   -0.0000   -0.0586    0.0000   -0.0000
       79 O3     4d0        0.0000   -0.0000   -0.0000   -0.0061   -0.0327   -0.0000   -0.0000   -0.0416    0.0000   -0.0000
       80 O3     3d1+       0.0000    0.0000   -0.0000    0.0000    0.0000   -0.0000    0.0000   -0.0000    0.0000   -0.0000
       81 O3     4d1+       0.0000    0.0000   -0.0000    0.0000    0.0000   -0.0000   -0.0000   -0.0000    0.0000   -0.0000
       82 O3     3d2+      -0.0000    0.0000   -0.0000   -0.0169   -0.0879   -0.0000   -0.0000   -0.1069    0.0000   -0.0000
       83 O3     4d2+       0.0000   -0.0000   -0.0000   -0.0096   -0.0545   -0.0000   -0.0000   -0.0758    0.0000   -0.0000
       84 O3     4f3-      -0.0000    0.0000    0.0000   -0.0052   -0.0061   -0.0000    0.0000   -0.0134    0.0000   -0.0000
       85 O3     4f2-       0.0000   -0.0000    0.0000   -0.0000    0.0000   -0.0000   -0.0000    0.0000    0.0000   -0.0000
       86 O3     4f1-      -0.0000    0.0000    0.0000   -0.0020   -0.0048   -0.0000    0.0000   -0.0109    0.0000   -0.0000
       87 O3     4f0       -0.0020    0.0000    0.0015    0.0000    0.0000   -0.0018   -0.0000   -0.0000   -0.0000   -0.0064
       88 O3     4f1+      -0.0000    0.0015   -0.0000   -0.0000   -0.0000    0.0000   -0.0010   -0.0000   -0.0029    0.0000
       89 O3     4f2+      -0.0060   -0.0000   -0.0003    0.0000   -0.0000   -0.0017   -0.0000   -0.0000   -0.0000   -0.0075
       90 O3     4f3+       0.0000   -0.0010    0.0000   -0.0000   -0.0000    0.0000   -0.0027   -0.0000   -0.0097    0.0000
 
          Orbital           21    
          Energy            0.4621
          Occ. No.          0.0000
 
        1 O1     1s        -0.0716
        2 O1     2s        -0.4212
        3 O1     3s         0.1398
        4 O1     4s         0.1299
        5 O1     2px       -0.0000
        6 O1     3px        0.0000
        7 O1     4px        0.0000
        8 O1     2py        0.0318
        9 O1     3py        0.4489
       10 O1     4py        0.0713
       11 O1     2pz        0.0000
       12 O1     3pz        0.0000
       13 O1     4pz       -0.0000
       14 O1     3d2-      -0.0000
       15 O1     4d2-      -0.0000
       16 O1     3d1-       0.0000
       17 O1     4d1-       0.0000
       18 O1     3d0        0.0727
       19 O1     4d0        0.0418
       20 O1     3d1+      -0.0001
       21 O1     4d1+      -0.0000
       22 O1     3d2+       0.1112
       23 O1     4d2+       0.0619
       24 O1     4f3-      -0.0031
       25 O1     4f2-       0.0000
       26 O1     4f1-      -0.0036
       27 O1     4f0       -0.0000
       28 O1     4f1+      -0.0000
       29 O1     4f2+      -0.0000
       30 O1     4f3+      -0.0000
       31 O2     1s         0.0978
       32 O2     2s         0.6145
       33 O2     3s         0.9960
       34 O2     4s         0.3033
       35 O2     2px        0.0000
       36 O2     3px        0.0000
       37 O2     4px        0.0000
       38 O2     2py        0.0000
       39 O2     3py        0.0000
       40 O2     4py        0.0000
       41 O2     2pz       -0.0000
       42 O2     3pz       -0.0000
       43 O2     4pz       -0.0000
       44 O2     3d2-      -0.0000
       45 O2     4d2-      -0.0000
       46 O2     3d1-       0.0000
       47 O2     4d1-       0.0000
       48 O2     3d0       -0.0373
       49 O2     4d0       -0.0151
       50 O2     3d1+      -0.0001
       51 O2     4d1+      -0.0001
       52 O2     3d2+      -0.0932
       53 O2     4d2+      -0.0452
       54 O2     4f3-      -0.0000
       55 O2     4f2-       0.0000
       56 O2     4f1-      -0.0000
       57 O2     4f0        0.0000
       58 O2     4f1+      -0.0000
       59 O2     4f2+       0.0000
       60 O2     4f3+      -0.0000
       61 O3     1s        -0.0716
       62 O3     2s        -0.4212
       63 O3     3s         0.1398
       64 O3     4s         0.1299
       65 O3     2px       -0.0000
       66 O3     3px       -0.0000
       67 O3     4px       -0.0000
       68 O3     2py       -0.0318
       69 O3     3py       -0.4489
       70 O3     4py       -0.0713
       71 O3     2pz        0.0000
       72 O3     3pz        0.0000
       73 O3     4pz        0.0000
       74 O3     3d2-      -0.0000
       75 O3     4d2-      -0.0000
       76 O3     3d1-       0.0000
       77 O3     4d1-       0.0000
       78 O3     3d0        0.0727
       79 O3     4d0        0.0418
       80 O3     3d1+      -0.0001
       81 O3     4d1+      -0.0000
       82 O3     3d2+       0.1112
       83 O3     4d2+       0.0619
       84 O3     4f3-       0.0031
       85 O3     4f2-      -0.0000
       86 O3     4f1-       0.0036
       87 O3     4f0       -0.0000
       88 O3     4f1+       0.0000
       89 O3     4f2+      -0.0000
       90 O3     4f3+       0.0000
--
 
 
++    Molecular charges:
      ------------------
 
      Mulliken charges per centre and basis function type
      ---------------------------------------------------
 
                O1      O2      O3    
      1s       1.9975  1.9997  1.9975
      2s       1.9631  1.5808  1.9631
      2px      2.0131  1.9831  2.0131
      2pz      1.4532  1.0021  1.4532
      2py      0.6978  1.0637  0.6978
      3s      -0.0106 -0.0409 -0.0106
      3px     -0.0177 -0.0497 -0.0177
      3pz     -0.0064 -0.0145 -0.0064
      3py     -0.0039  0.0048 -0.0039
      4s       0.0028 -0.0024  0.0028
      3d2+     0.0217  0.0148  0.0217
      3d1+     0.0000  0.0000  0.0000
      3d0      0.0061  0.0035  0.0061
      3d1-     0.0144  0.0555  0.0144
      3d2-     0.0117  0.0320  0.0117
      4px      0.0009  0.0008  0.0009
      4pz      0.0011  0.0021  0.0011
      4py      0.0017  0.0060  0.0017
      4d2+     0.0016  0.0004  0.0016
      4d1+     0.0000  0.0000  0.0000
      4d0      0.0003 -0.0005  0.0003
      4d1-     0.0023  0.0141  0.0023
      4d2-     0.0011  0.0055  0.0011
      4f3+     0.0026  0.0045  0.0026
      4f2+     0.0020  0.0047  0.0020
      4f1+     0.0002  0.0004  0.0002
      4f0      0.0008  0.0014  0.0008
      4f1-     0.0013  0.0013  0.0013
      4f2-     0.0000  0.0000  0.0000
      4f3-     0.0030  0.0038  0.0030
      Total    8.1615  7.6770  8.1615
 
      N-E     -0.1615  0.3230 -0.1615
 
      Total electronic charge=   24.000000
 
      Total            charge=   -0.000000
--
 
 
  Input file to MOLDEN was generated!
 
 
++    Static properties:
      ------------------
 
 
      LoProp Charges per center
 

                   O1       O2       O3    
      Nuclear      8.0000   8.0000   8.0000
      Electronic  -8.1683  -7.6633  -8.1683
 
      Total       -0.1683   0.3367  -0.1683
--
 
 
++    Natural Bond Order analysis
      ---------------------------
      Based on LoProp computed density
      -------------------------------------------------------------------------------------
      Atom A       Atom B       Bond Order | Atom A       Atom B       Bond Order
        O1           O2             1.995  |   O2           O3             1.995
      -------------------------------------------------------------------------------------
      NBO located     15.999 core electrons.
      NBO located      7.980 electrons involved in    2 bonds.
      The remaining    0.021 electrons are to be considered as diffuse
--
 
 
++    Molecular properties:
      ---------------------
 
      Charge (e):
                      =   -0.0000
      Dipole Moment (Debye):
      Origin of the operator (Ang)=    0.0000    0.0000    0.0000
                   X= -1.7577E-12               Y= -7.7991E-10               Z=  5.2258E-14           Total=  7.7991E-10
      Quadrupole Moment (Debye*Ang):
      Origin of the operator (Ang)=    0.0000    0.0000    0.0000
                  XX= -1.6052E+01              XY= -3.4934E-12              XZ= -4.7243E-03              YY= -1.6780E+01
                  YZ= -1.4615E-13              ZZ= -1.4871E+01
      In traceless form (Debye*Ang)
                  XX= -2.2633E-01              XY= -5.2400E-12              XZ= -7.0864E-03              YY= -1.3183E+00
                  YZ= -2.1922E-13              ZZ=  1.5447E+00
--
 
 
  Input file to MOLDEN was generated!
 
 ###############################################################################
 ###############################################################################
 ###                                                                         ###
 ###                                                                         ###
 ###    RunFile label nBas                                                   ###
 ###    was used       78 times                                              ###
 ###                                                                         ###
 ###                                                                         ###
 ###############################################################################
 ###############################################################################
forrtl: warning (528): IEEE_UNDERFLOW is signaling
--- Stop Module: scf at Tue Oct 28 05:24:53 2025 /rc=_RC_ALL_IS_WELL_ ---
*** files: ozone_180.00.LprOrb ozone_180.00.LoProp.molden ozone_180.00.scf.molden ozone_180.00.ScfOrb ozone_180.00.scf.h5 xmldump
    saved to directory ${LOCALHOME}/DDCASPT2/ozone/rerun/ANO-RCC-VTZP/ANO-RCC-VTZP/ozone_180.00
--- Module scf spent 1 second ---

>>> COPY /tmp/ozone_180.00/ozone_180.00.scf.h5 ${LOCALHOME}/DDCASPT2/ozone/rerun/ANO-RCC-VTZP/ANO-RCC-VTZP/ozone_180.00/

*** symbolic link created: INPORB -> ozone_180.00.ScfOrb
--- Start Module: rasscf at Tue Oct 28 05:24:53 2025 ---
 
()()()()()()()()()()()()()()()()()()()()()()()()()()()()()()()()()()()()()()()()()()()()()()()()()()

                                              &RASSCF

                                   only a single process is used
                       available to each process: 2.0 GB of memory, 1 thread?
()()()()()()()()()()()()()()()()()()()()()()()()()()()()()()()()()()()()()()()()()()()()()()()()()()
 
 
      Header of the ONEINT file:
      --------------------------
      
      Integrals generated by seward 4.2.0  , Tue Oct 28 05:24:49 2025
 
 
      OrdInt status: non-squared
 
 
      Cartesian coordinates in Angstrom:
      -----------------------------------------------------
      No.  Label        X            Y            Z        
      -----------------------------------------------------
       1   O1         0.00000000   1.27800000   0.00000000
       2   O2         0.00000000   0.00000000   0.00000000
       3   O3         0.00000000  -1.27800000   0.00000000
      -----------------------------------------------------
      Nuclear repulsion energy =   66.25066800
 
++    Wave function specifications:
      -----------------------------
 
      Number of closed shell electrons          20
      Number of electrons in active shells       4
      Max number of holes in RAS1 space          0
      Max nr of electrons in RAS3 space          0
      Number of inactive orbitals               10
      Number of active orbitals                  3
      Number of secondary orbitals              77
      Spin quantum number                      0.0
      State symmetry                             1
--
 
++    Orbital specifications:
      -----------------------
 
      Symmetry species                           1
                                                 a
      Frozen orbitals                            0
      Inactive orbitals                         10
      Active orbitals                            3
      RAS1 orbitals                              0
      RAS2 orbitals                              3
      RAS3 orbitals                              0
      Secondary orbitals                        77
      Deleted orbitals                           0
      Number of basis functions                 90
--
 
++    CI expansion specifications:
      ----------------------------
 
      Number of CSFs                             6
      Number of determinants                     6
      Number of root(s) required                 1
      Root chosen for geometry opt.              1
      CI root used                               1
         
      highest root included in the CI            1
      max. size of the explicit Hamiltonian      6
--
 
++    Optimization specifications:
      ----------------------------
 
      RASSCF algorithm: Conventional
      Maximum number of macro iterations       200
      Maximum number of SX iterations          100
      Threshold for RASSCF energy            0.100E-07
      Threshold for max MO rotation          0.100E+00
      Threshold for max BLB element          0.100E-03
      Level shift parameter                  0.500E+00
      Make Quasi-Newton update
--
 
      The MO-coefficients are taken from the file:
      ${LOCALHOME}/DDCASPT2/ozone/rerun/ANO-RCC-VTZP/ANO-RCC-VTZP/ozone_179.75/ozone_179.75.RasOrb                                
      Title: RASSCF average (pseudo-natural) orbitals                                      
 
      Total molecular charge    0.00
 
      ************************************************************************************************************************
      *                                                                                                                      *
      *                                            Wave function control section                                             *
      *                                                                                                                      *
      ************************************************************************************************************************
 
 
                                         RASSCF iterations: Energy and convergence statistics
                                         ----------------------------------------------------
 
      Iter CI   SX   CI       RASSCF       Energy    max ROT     max BLB   max BLB  Level Ln srch  Step   QN   Walltime
          iter iter root      energy       change     param      element    value   shift minimum  type update hh:mm:ss
 Nr of preliminary CI iterations:   1
        1   1    3    1  -224.47007495    0.00E+00  -0.74E-03    7  14 1 -0.15E-02*  0.18   0.00    SX    NO    0:00:00
        2   1    3    1  -224.47008243   -0.75E-05* -0.53E-03    7  14 1 -0.95E-03*  0.18   0.00    SX    NO    0:00:00
        3   1    3    1  -224.47008451   -0.21E-05* -0.38E-03   10  14 1  0.57E-03*  0.18   0.00    SX    NO    0:00:00
        4   1    3    1  -224.47008530   -0.79E-06* -0.29E-03   10  14 1  0.43E-03*  0.18   0.00    SX    NO    0:00:00
        5   1    3    1  -224.47008566   -0.36E-06* -0.43E-03   10  14 1  0.34E-03*  0.18   2.50    LS   YES    0:00:00
        6   1    3    1  -224.47008596   -0.30E-06* -0.25E-03   10  14 1  0.19E-03*  0.18   1.58    LS   YES    0:00:00
        7   1    3    1  -224.47008601   -0.47E-07* -0.13E-03    7  14 1  0.17E-03*  0.18   1.00    QN   YES    0:00:00
        8   1    3    1  -224.47008608   -0.71E-07* -0.19E-03    7  14 1  0.13E-03*  0.18   2.50    LS   YES    0:00:00
        9   1    2    1  -224.47008614   -0.62E-07* -0.13E-03    7  14 1  0.70E-04   0.18   1.68    LS   YES    0:00:00
       10   1    2    1  -224.47008615   -0.12E-07* -0.16E-04    9  25 1  0.34E-04   0.18   1.00    QN   YES    0:00:00
       11   1    2    1  -224.47008615   -0.30E-08  -0.10E-04    9  25 1  0.13E-04   0.18   1.61    QN   YES    0:00:00
      Convergence after 11 iterations
 
  Dmat in MO in SXCTL bf call to SXHAM                                                                                    
  mat. size =     3x    3
 
        1.9827309035060221
       -0.0000000000102946      1.7937093378542459
       -0.0000129246984912      0.0000000000264622      0.2235597586397316
       12   1    2    1  -224.47008615   -0.54E-09  -0.10E-04   10  18 1  0.12E-05   0.18   1.61    QN   YES    0:00:00
 
      ************************************************************************************************************************
                                                      Wave function printout:
                       occupation of active orbitals, and spin coupling of open shells (u,d: Spin up or down)
      ************************************************************************************************************************
 
      Note: transformation to natural orbitals
      has been made, which may change the order of the CSFs.
 
      printout of CI-coefficients larger than  0.05 for root  1
      energy=    -224.470086
      conf/sym  111     Coeff  Weight
             1  220  -0.94245 0.88822
             3  202   0.32116 0.10315
             6  022   0.09292 0.00863
 
      Natural orbitals and occupation numbers for root  1
      sym 1:   1.982731   1.793709   0.223560
 
      ************************************************************************************************************************
      *                                                                                                                      *
      *                                                    Final results                                                     *
      *                                                                                                                      *
      ************************************************************************************************************************
 
 
++    Wave function specifications:
      -----------------------------
 
      Number of closed shell electrons          20
      Number of electrons in active shells       4
      Max number of holes in RAS1 space          0
      Max nr of electrons in RAS3 space          0
      Number of inactive orbitals               10
      Number of active orbitals                  3
      Number of secondary orbitals              77
      Spin quantum number                      0.0
      State symmetry                             1
--
 
++    Orbital specifications:
      -----------------------
 
      Symmetry species                           1
                                                 a
      Frozen orbitals                            0
      Inactive orbitals                         10
      Active orbitals                            3
      RAS1 orbitals                              0
      RAS2 orbitals                              3
      RAS3 orbitals                              0
      Secondary orbitals                        77
      Deleted orbitals                           0
      Number of basis functions                 90
--
 
++    CI expansion specifications:
      ----------------------------
 
      Number of CSFs                             6
      Number of determinants                     6
      Number of root(s) required                 1
      CI root used                               1
      highest root included in the CI            1
      Root passed to geometry opt.               1
--
 
++    Final optimization conditions:
      ------------------------------
 
      Average CI energy                            -224.47008615
      RASSCF energy for state  1                   -224.47008615
      Super-CI energy                                -0.00000000
      RASSCF energy change                           -0.00000000
      Max change in MO coefficients              -0.168E-04
      Max non-diagonal density matrix element    -0.101E-04
      Maximum BLB matrix element                  0.117E-05
      (orbital pair  10,  18 in symmetry   1)
      Norm of electronic gradient            0.343E-05
--
 
 
      Final state energy(ies):
      ------------------------
 
::    RASSCF root number  1 Total energy:   -224.47008615
 
++    Molecular orbitals:
      -------------------
 
      Pseudonatural active orbitals and approximate occupation numbers
 
 
 
 
      Molecular orbitals for symmetry species 1: a  
 
 
      Orbital                1         2         3         4         5         6         7         8         9        10
      Energy          -20.7635  -20.7448  -20.7447   -1.6653   -1.4478   -1.0448   -0.8039   -0.7645   -0.6254   -0.4444
      Occ. No.          2.0000    2.0000    2.0000    2.0000    2.0000    2.0000    2.0000    2.0000    2.0000    2.0000
 
    1 O1     1s         0.0140   -0.7062    0.7061   -0.0125    0.0115    0.0158    0.0000    0.0254   -0.0000    0.0000
    2 O1     2s         0.0007    0.0063   -0.0061    0.3687   -0.5741    0.6465    0.0000    0.4239   -0.0000    0.0000
    3 O1     3s         0.0003    0.0045   -0.0041   -0.0117    0.0214    0.0245    0.0000    0.0539   -0.0000    0.0000
    4 O1     4s         0.0000    0.0009   -0.0008   -0.0008    0.0040    0.0042    0.0000    0.0114   -0.0000    0.0000
    5 O1     2px        0.0000   -0.0000   -0.0000   -0.0000   -0.0000    0.0000    0.3988    0.0000   -0.7028    0.6434
    6 O1     3px        0.0000   -0.0000    0.0000   -0.0000    0.0000   -0.0000   -0.0280   -0.0000    0.0143    0.0512
    7 O1     4px        0.0000    0.0000   -0.0000   -0.0000   -0.0000   -0.0000   -0.0014   -0.0000    0.0056    0.0031
    8 O1     2py       -0.0006   -0.0028    0.0032   -0.1150    0.0828    0.2002   -0.0000    0.4288    0.0000   -0.0000
    9 O1     3py       -0.0002   -0.0027    0.0030    0.0124   -0.0196   -0.0299   -0.0000   -0.0465    0.0000   -0.0000
   10 O1     4py        0.0001    0.0018   -0.0017    0.0008   -0.0031    0.0001   -0.0000   -0.0051    0.0000   -0.0000
   11 O1     2pz        0.0000   -0.0000    0.0000   -0.0000   -0.0000   -0.0000   -0.0000   -0.0000   -0.0000    0.0000
   12 O1     3pz        0.0000   -0.0000    0.0000   -0.0000   -0.0000   -0.0000   -0.0000   -0.0000    0.0000   -0.0000
   13 O1     4pz       -0.0000    0.0000    0.0000   -0.0000   -0.0000    0.0000    0.0000    0.0000   -0.0000   -0.0000
   14 O1     3d2-      -0.0000    0.0000    0.0000   -0.0000    0.0000   -0.0000   -0.0214   -0.0000    0.0120    0.0104
   15 O1     4d2-      -0.0000    0.0000   -0.0000   -0.0000    0.0000   -0.0000   -0.0016   -0.0000   -0.0000    0.0019
   16 O1     3d1-       0.0000   -0.0000   -0.0000    0.0000    0.0000    0.0000   -0.0000    0.0000   -0.0000    0.0000
   17 O1     4d1-      -0.0000    0.0000   -0.0000    0.0000    0.0000   -0.0000   -0.0000    0.0000   -0.0000    0.0000
   18 O1     3d0       -0.0001   -0.0006    0.0007   -0.0107    0.0084    0.0079    0.0000    0.0158   -0.0000   -0.0000
   19 O1     4d0       -0.0000   -0.0004    0.0005   -0.0012    0.0008    0.0003    0.0000    0.0010   -0.0000   -0.0000
   20 O1     3d1+      -0.0000    0.0000    0.0000   -0.0000    0.0000    0.0000   -0.0000   -0.0000    0.0000    0.0000
   21 O1     4d1+      -0.0000    0.0000   -0.0000   -0.0000   -0.0000   -0.0000    0.0000   -0.0000   -0.0000   -0.0000
   22 O1     3d2+      -0.0002   -0.0013    0.0015   -0.0201    0.0142    0.0182    0.0000    0.0303   -0.0000   -0.0000
   23 O1     4d2+      -0.0001   -0.0006    0.0007   -0.0028    0.0016    0.0018    0.0000    0.0024   -0.0000   -0.0000
   24 O1     4f3-       0.0001    0.0002   -0.0002    0.0060   -0.0050   -0.0035   -0.0000   -0.0070   -0.0000    0.0000
   25 O1     4f2-      -0.0000   -0.0000   -0.0000   -0.0000    0.0000   -0.0000   -0.0000   -0.0000    0.0000   -0.0000
   26 O1     4f1-       0.0000    0.0002   -0.0002    0.0034   -0.0029   -0.0020    0.0000   -0.0038   -0.0000    0.0000
   27 O1     4f0       -0.0000   -0.0000    0.0000   -0.0000   -0.0000   -0.0000   -0.0000    0.0000   -0.0000    0.0000
   28 O1     4f1+       0.0000   -0.0000    0.0000    0.0000   -0.0000    0.0000   -0.0003    0.0000   -0.0009    0.0019
   29 O1     4f2+       0.0000   -0.0000   -0.0000   -0.0000    0.0000   -0.0000   -0.0000    0.0000   -0.0000    0.0000
   30 O1     4f3+       0.0000    0.0000   -0.0000   -0.0000    0.0000    0.0000   -0.0075    0.0000    0.0062    0.0000
   31 O2     1s         0.9996   -0.0000   -0.0177   -0.0293   -0.0000   -0.0123   -0.0000    0.0000   -0.0000   -0.0000
   32 O2     2s        -0.0010    0.0000    0.0126    0.5999   -0.0000   -0.6325   -0.0000   -0.0000   -0.0000   -0.0000
   33 O2     3s        -0.0016    0.0000    0.0072   -0.0582   -0.0000   -0.0303   -0.0000   -0.0000   -0.0000   -0.0000
   34 O2     4s        -0.0000    0.0000    0.0011   -0.0120   -0.0000   -0.0044   -0.0000   -0.0000   -0.0000   -0.0000
   35 O2     2px       -0.0000   -0.0000   -0.0000    0.0000    0.0000    0.0000    0.6787    0.0000   -0.0000   -0.8144
   36 O2     3px       -0.0000   -0.0000    0.0000    0.0000    0.0000    0.0000   -0.0644   -0.0000   -0.0000   -0.0682
   37 O2     4px       -0.0000    0.0000    0.0000    0.0000    0.0000    0.0000   -0.0116   -0.0000   -0.0000   -0.0033
   38 O2     2py        0.0000   -0.0079    0.0000   -0.0000   -0.3117    0.0000   -0.0000   -0.5533   -0.0000    0.0000
   39 O2     3py        0.0000   -0.0054    0.0000   -0.0000    0.0605    0.0000   -0.0000    0.0434    0.0000    0.0000
   40 O2     4py       -0.0000    0.0014   -0.0000   -0.0000    0.0010   -0.0000    0.0000    0.0128   -0.0000   -0.0000
   41 O2     2pz       -0.0000    0.0000   -0.0000    0.0000    0.0000   -0.0000    0.0000    0.0000    0.0000   -0.0000
   42 O2     3pz       -0.0000   -0.0000   -0.0000    0.0000    0.0000   -0.0000   -0.0000    0.0000    0.0000    0.0000
   43 O2     4pz        0.0000   -0.0000   -0.0000    0.0000    0.0000   -0.0000   -0.0000   -0.0000    0.0000   -0.0000
   44 O2     3d2-       0.0000    0.0000   -0.0000   -0.0000    0.0000    0.0000   -0.0000    0.0000   -0.0359   -0.0000
   45 O2     4d2-       0.0000    0.0000   -0.0000   -0.0000    0.0000    0.0000    0.0000    0.0000   -0.0047   -0.0000
   46 O2     3d1-      -0.0000    0.0000    0.0000   -0.0000   -0.0000   -0.0000    0.0000    0.0000   -0.0000    0.0000
   47 O2     4d1-       0.0000    0.0000   -0.0000   -0.0000   -0.0000    0.0000    0.0000    0.0000   -0.0000    0.0000
   48 O2     3d0       -0.0000   -0.0000   -0.0012   -0.0141    0.0000    0.0023    0.0000    0.0000    0.0000    0.0000
   49 O2     4d0        0.0002   -0.0000   -0.0006    0.0003    0.0000    0.0013    0.0000    0.0000    0.0000    0.0000
   50 O2     3d1+      -0.0000    0.0000    0.0000    0.0000    0.0000   -0.0000   -0.0000    0.0000    0.0000    0.0000
   51 O2     4d1+      -0.0000   -0.0000    0.0000   -0.0000    0.0000   -0.0000   -0.0000    0.0000    0.0000   -0.0000
   52 O2     3d2+       0.0005   -0.0000   -0.0021   -0.0269    0.0000   -0.0003    0.0000    0.0000    0.0000    0.0000
   53 O2     4d2+       0.0002   -0.0000   -0.0011   -0.0012    0.0000    0.0013    0.0000    0.0000    0.0000    0.0000
   54 O2     4f3-      -0.0000    0.0002   -0.0000    0.0000    0.0109   -0.0000   -0.0000    0.0102    0.0000   -0.0000
   55 O2     4f2-      -0.0000   -0.0000   -0.0000    0.0000    0.0000    0.0000    0.0000   -0.0000    0.0000    0.0000
   56 O2     4f1-      -0.0000    0.0001   -0.0000    0.0000    0.0060   -0.0000   -0.0000    0.0057    0.0000   -0.0000
   57 O2     4f0        0.0000   -0.0000    0.0000   -0.0000    0.0000   -0.0000    0.0000    0.0000   -0.0000   -0.0000
   58 O2     4f1+       0.0000    0.0000    0.0000    0.0000   -0.0000   -0.0000   -0.0005    0.0000   -0.0000   -0.0018
   59 O2     4f2+      -0.0000    0.0000    0.0000    0.0000   -0.0000   -0.0000    0.0000   -0.0000   -0.0000   -0.0000
   60 O2     4f3+       0.0000   -0.0000    0.0000    0.0000    0.0000   -0.0000   -0.0130   -0.0000    0.0000    0.0024
   61 O3     1s         0.0140    0.7062    0.7061   -0.0125   -0.0115    0.0158    0.0000   -0.0254    0.0000    0.0000
   62 O3     2s         0.0007   -0.0063   -0.0061    0.3687    0.5741    0.6465    0.0000   -0.4239    0.0000    0.0000
   63 O3     3s         0.0003   -0.0045   -0.0041   -0.0117   -0.0214    0.0245    0.0000   -0.0539    0.0000    0.0000
   64 O3     4s         0.0000   -0.0009   -0.0008   -0.0008   -0.0040    0.0042    0.0000   -0.0114    0.0000    0.0000
   65 O3     2px        0.0000    0.0000   -0.0000   -0.0000    0.0000    0.0000    0.3988   -0.0000    0.7028    0.6434
   66 O3     3px        0.0000    0.0000    0.0000   -0.0000   -0.0000   -0.0000   -0.0280    0.0000   -0.0143    0.0512
   67 O3     4px        0.0000   -0.0000   -0.0000   -0.0000    0.0000   -0.0000   -0.0014    0.0000   -0.0056    0.0031
   68 O3     2py        0.0006   -0.0028   -0.0032    0.1150    0.0828   -0.2002    0.0000    0.4288    0.0000    0.0000
   69 O3     3py        0.0002   -0.0027   -0.0030   -0.0124   -0.0196    0.0299    0.0000   -0.0465    0.0000    0.0000
   70 O3     4py       -0.0001    0.0018    0.0017   -0.0008   -0.0031   -0.0001    0.0000   -0.0051    0.0000    0.0000
   71 O3     2pz        0.0000   -0.0000    0.0000   -0.0000    0.0000    0.0000    0.0000   -0.0000    0.0000   -0.0000
   72 O3     3pz        0.0000    0.0000    0.0000   -0.0000    0.0000    0.0000    0.0000   -0.0000   -0.0000   -0.0000
   73 O3     4pz        0.0000   -0.0000   -0.0000    0.0000    0.0000    0.0000   -0.0000    0.0000   -0.0000    0.0000
   74 O3     3d2-       0.0000    0.0000   -0.0000    0.0000    0.0000    0.0000    0.0214   -0.0000    0.0120   -0.0104
   75 O3     4d2-       0.0000    0.0000    0.0000    0.0000    0.0000    0.0000    0.0016   -0.0000   -0.0000   -0.0019
   76 O3     3d1-       0.0000    0.0000    0.0000   -0.0000   -0.0000    0.0000    0.0000   -0.0000    0.0000   -0.0000
   77 O3     4d1-      -0.0000    0.0000    0.0000   -0.0000   -0.0000   -0.0000    0.0000    0.0000   -0.0000   -0.0000
   78 O3     3d0       -0.0001    0.0006    0.0007   -0.0107   -0.0084    0.0079    0.0000   -0.0158    0.0000   -0.0000
   79 O3     4d0       -0.0000    0.0004    0.0005   -0.0012   -0.0008    0.0003    0.0000   -0.0010    0.0000   -0.0000
   80 O3     3d1+      -0.0000   -0.0000   -0.0000    0.0000   -0.0000   -0.0000    0.0000   -0.0000    0.0000    0.0000
   81 O3     4d1+      -0.0000   -0.0000   -0.0000    0.0000    0.0000    0.0000    0.0000   -0.0000    0.0000   -0.0000
   82 O3     3d2+      -0.0002    0.0013    0.0015   -0.0201   -0.0142    0.0182    0.0000   -0.0303    0.0000   -0.0000
   83 O3     4d2+      -0.0001    0.0006    0.0007   -0.0028   -0.0016    0.0018    0.0000   -0.0024    0.0000   -0.0000
   84 O3     4f3-      -0.0001    0.0002    0.0002   -0.0060   -0.0050    0.0035    0.0000   -0.0070   -0.0000   -0.0000
   85 O3     4f2-       0.0000   -0.0000   -0.0000   -0.0000    0.0000    0.0000   -0.0000    0.0000   -0.0000   -0.0000
   86 O3     4f1-      -0.0000    0.0002    0.0002   -0.0034   -0.0029    0.0020   -0.0000   -0.0038   -0.0000   -0.0000
   87 O3     4f0       -0.0000   -0.0000    0.0000    0.0000    0.0000    0.0000   -0.0000    0.0000    0.0000    0.0000
   88 O3     4f1+       0.0000    0.0000    0.0000    0.0000    0.0000    0.0000   -0.0003   -0.0000    0.0009    0.0019
   89 O3     4f2+      -0.0000    0.0000    0.0000   -0.0000    0.0000   -0.0000    0.0000   -0.0000   -0.0000   -0.0000
   90 O3     4f3+       0.0000   -0.0000   -0.0000   -0.0000   -0.0000    0.0000   -0.0075   -0.0000   -0.0062    0.0000
 
 
      Orbital               11        12        13        14        15        16        17        18        19        20
      Energy            0.0000    0.0000    0.0000    0.1213    0.1658    0.2283    0.2393    0.2733    0.3657    0.3662
      Occ. No.          1.9827    1.7937    0.2236    0.0000    0.0000    0.0000    0.0000    0.0000    0.0000    0.0000
 
    1 O1     1s        -0.0000   -0.0000    0.0000   -0.0566   -0.2272   -0.0000   -0.0000    0.1041    0.0000   -0.0000
    2 O1     2s        -0.0000   -0.0000    0.0000   -0.5393   -1.6494   -0.0000   -0.0000    0.7116    0.0000   -0.0000
    3 O1     3s        -0.0000   -0.0000    0.0000   -0.1157   -0.9965   -0.0000   -0.0000    0.5906   -0.0000   -0.0000
    4 O1     4s        -0.0000   -0.0000    0.0000   -0.0035   -0.2275   -0.0000   -0.0000    0.1475   -0.0000   -0.0000
    5 O1     2px       -0.0000    0.0000   -0.0000    0.0000    0.0000    0.0000   -0.0418   -0.0000    0.0000   -0.1713
    6 O1     3px       -0.0000   -0.0000    0.0000   -0.0000    0.0000   -0.0000    0.4270    0.0000    0.0000   -0.8719
    7 O1     4px       -0.0000   -0.0000    0.0000   -0.0000    0.0000   -0.0000    0.2137    0.0000    0.0000   -0.3437
    8 O1     2py        0.0000    0.0000   -0.0000    0.8932    0.6499    0.0000    0.0000   -0.5294   -0.0000    0.0000
    9 O1     3py        0.0000    0.0000   -0.0000    0.3369    0.8187    0.0000    0.0000   -1.0840   -0.0000    0.0000
   10 O1     4py       -0.0000   -0.0000    0.0000    0.0302    0.1047    0.0000    0.0000   -0.2414   -0.0000    0.0000
   11 O1     2pz       -0.3494   -0.6972    0.6432   -0.0000    0.0000    0.0467    0.0000    0.0000   -0.1653   -0.0000
   12 O1     3pz        0.0211    0.0002   -0.0785   -0.0000    0.0000    0.4497    0.0000    0.0000   -0.8711   -0.0000
   13 O1     4pz        0.0056    0.0076    0.0060   -0.0000    0.0000    0.2180    0.0000    0.0000   -0.3486   -0.0000
   14 O1     3d2-       0.0000    0.0000   -0.0000   -0.0000   -0.0000   -0.0000    0.0034    0.0000   -0.0000    0.0168
   15 O1     4d2-       0.0000    0.0000   -0.0000   -0.0000   -0.0000    0.0000   -0.0031   -0.0000   -0.0000    0.0170
   16 O1     3d1-       0.0308    0.0198    0.0157   -0.0000   -0.0000    0.0078    0.0000    0.0000    0.0144    0.0000
   17 O1     4d1-       0.0051    0.0033    0.0057   -0.0000   -0.0000   -0.0020    0.0000    0.0000    0.0161    0.0000
   18 O1     3d0        0.0000    0.0000   -0.0000    0.0100    0.0523    0.0000    0.0000   -0.0613   -0.0000    0.0000
   19 O1     4d0        0.0000    0.0000   -0.0000    0.0063    0.0329   -0.0000    0.0000   -0.0429   -0.0000    0.0000
   20 O1     3d1+      -0.0000    0.0000   -0.0000   -0.0000    0.0000    0.0000    0.0000    0.0000   -0.0000   -0.0000
   21 O1     4d1+      -0.0000    0.0000   -0.0000   -0.0000    0.0000    0.0000   -0.0000    0.0000   -0.0000   -0.0000
   22 O1     3d2+       0.0000    0.0000   -0.0000    0.0155    0.0883    0.0000    0.0000   -0.1110   -0.0000    0.0000
   23 O1     4d2+       0.0000    0.0000    0.0000    0.0092    0.0548    0.0000    0.0000   -0.0779   -0.0000    0.0000
   24 O1     4f3-      -0.0000   -0.0000   -0.0000   -0.0050   -0.0061   -0.0000   -0.0000    0.0138    0.0000   -0.0000
   25 O1     4f2-       0.0000    0.0000    0.0000    0.0000    0.0000    0.0000   -0.0000   -0.0000   -0.0000    0.0000
   26 O1     4f1-       0.0000   -0.0000    0.0000   -0.0017   -0.0049    0.0000   -0.0000    0.0113   -0.0000    0.0000
   27 O1     4f0        0.0034    0.0003    0.0117    0.0000   -0.0000   -0.0020    0.0000   -0.0000    0.0068    0.0000
   28 O1     4f1+       0.0000    0.0000    0.0000    0.0000    0.0000    0.0000   -0.0011   -0.0000   -0.0000    0.0030
   29 O1     4f2+       0.0069    0.0055    0.0001    0.0000   -0.0000   -0.0022    0.0000   -0.0000    0.0079    0.0000
   30 O1     4f3+       0.0000   -0.0000    0.0000    0.0000   -0.0000    0.0000   -0.0031    0.0000   -0.0000    0.0099
   31 O2     1s         0.0000    0.0000   -0.0000    0.1747    0.0000    0.0000    0.0000   -0.3307   -0.0000    0.0000
   32 O2     2s         0.0000    0.0000   -0.0000    1.5398    0.0000    0.0000    0.0000   -2.1009   -0.0000   -0.0000
   33 O2     3s         0.0000    0.0000   -0.0000    0.6713    0.0000    0.0000    0.0000   -1.2629   -0.0000    0.0000
   34 O2     4s         0.0000    0.0000   -0.0000    0.1540    0.0000    0.0000    0.0000   -0.2420   -0.0000    0.0000
   35 O2     2px        0.0000   -0.0000    0.0000   -0.0000    0.0000    0.0000   -0.1260    0.0000    0.0000    0.0000
   36 O2     3px        0.0000    0.0000   -0.0000   -0.0000   -0.0000   -0.0000    0.2059    0.0000    0.0000    0.0000
   37 O2     4px        0.0000    0.0000   -0.0000   -0.0000   -0.0000   -0.0000    0.1561    0.0000    0.0000   -0.0000
   38 O2     2py        0.0000   -0.0000   -0.0000   -0.0000    1.6009    0.0000    0.0000    0.0000    0.0000    0.0000
   39 O2     3py        0.0000   -0.0000   -0.0000   -0.0000    1.6797    0.0000    0.0000    0.0000   -0.0000    0.0000
   40 O2     4py        0.0000    0.0000    0.0000   -0.0000    0.1711    0.0000    0.0000    0.0000   -0.0000    0.0000
   41 O2     2pz       -0.7220   -0.0000   -0.6821    0.0000   -0.0000   -0.2613   -0.0000   -0.0000   -0.0000   -0.0000
   42 O2     3pz        0.0253    0.0000   -0.0400   -0.0000   -0.0000    0.1576    0.0000   -0.0000   -0.0000   -0.0000
   43 O2     4pz        0.0173    0.0000    0.0170   -0.0000   -0.0000    0.1482    0.0000   -0.0000   -0.0000   -0.0000
   44 O2     3d2-       0.0000   -0.0000    0.0000   -0.0000    0.0000   -0.0000    0.0000   -0.0000   -0.0000    0.1088
   45 O2     4d2-       0.0000   -0.0000   -0.0000   -0.0000   -0.0000   -0.0000   -0.0000    0.0000   -0.0000    0.0694
   46 O2     3d1-       0.0000   -0.0517    0.0000    0.0000   -0.0000    0.0000   -0.0000   -0.0000    0.1170    0.0000
   47 O2     4d1-       0.0000   -0.0104    0.0000    0.0000   -0.0000    0.0000   -0.0000   -0.0000    0.0725    0.0000
   48 O2     3d0       -0.0000   -0.0000    0.0000    0.0206    0.0000   -0.0000   -0.0000    0.1143    0.0000   -0.0000
   49 O2     4d0       -0.0000   -0.0000    0.0000   -0.0036    0.0000   -0.0000   -0.0000    0.0505    0.0000   -0.0000
   50 O2     3d1+      -0.0000    0.0000   -0.0000   -0.0000   -0.0000    0.0000    0.0000    0.0000   -0.0000    0.0000
   51 O2     4d1+      -0.0000    0.0000   -0.0000   -0.0000   -0.0000    0.0000    0.0000   -0.0000   -0.0000   -0.0000
   52 O2     3d2+      -0.0000   -0.0000    0.0000    0.0379    0.0000    0.0000   -0.0000    0.1887    0.0000   -0.0000
   53 O2     4d2+      -0.0000   -0.0000    0.0000   -0.0065    0.0000    0.0000   -0.0000    0.0801    0.0000   -0.0000
   54 O2     4f3-       0.0000    0.0000   -0.0000    0.0000   -0.0158   -0.0000   -0.0000   -0.0000   -0.0000   -0.0000
   55 O2     4f2-      -0.0000    0.0000    0.0000   -0.0000   -0.0000    0.0000    0.0000    0.0000   -0.0000    0.0000
   56 O2     4f1-      -0.0000    0.0000    0.0000    0.0000   -0.0118   -0.0000   -0.0000   -0.0000   -0.0000   -0.0000
   57 O2     4f0        0.0054    0.0000   -0.0025    0.0000    0.0000   -0.0015   -0.0000    0.0000    0.0000   -0.0000
   58 O2     4f1+      -0.0000   -0.0000    0.0000   -0.0000    0.0000    0.0000   -0.0008    0.0000   -0.0000    0.0000
   59 O2     4f2+       0.0121    0.0000    0.0031    0.0000    0.0000   -0.0012   -0.0000    0.0000    0.0000   -0.0000
   60 O2     4f3+       0.0000   -0.0000   -0.0000   -0.0000    0.0000    0.0000   -0.0028   -0.0000   -0.0000    0.0000
   61 O3     1s        -0.0000   -0.0000   -0.0000   -0.0566    0.2272    0.0000   -0.0000    0.1041    0.0000    0.0000
   62 O3     2s        -0.0000   -0.0000   -0.0000   -0.5393    1.6494    0.0000   -0.0000    0.7116    0.0000    0.0000
   63 O3     3s        -0.0000   -0.0000   -0.0000   -0.1157    0.9965    0.0000   -0.0000    0.5906    0.0000    0.0000
   64 O3     4s        -0.0000   -0.0000   -0.0000   -0.0035    0.2275    0.0000   -0.0000    0.1475   -0.0000    0.0000
   65 O3     2px        0.0000    0.0000    0.0000    0.0000   -0.0000    0.0000   -0.0418   -0.0000   -0.0000    0.1713
   66 O3     3px       -0.0000    0.0000    0.0000   -0.0000   -0.0000   -0.0000    0.4270    0.0000   -0.0000    0.8719
   67 O3     4px       -0.0000   -0.0000    0.0000   -0.0000   -0.0000   -0.0000    0.2137    0.0000   -0.0000    0.3437
   68 O3     2py       -0.0000   -0.0000   -0.0000   -0.8932    0.6499   -0.0000   -0.0000    0.5294    0.0000    0.0000
   69 O3     3py       -0.0000   -0.0000   -0.0000   -0.3369    0.8187    0.0000   -0.0000    1.0840    0.0000    0.0000
   70 O3     4py        0.0000    0.0000    0.0000   -0.0302    0.1047    0.0000   -0.0000    0.2414    0.0000    0.0000
   71 O3     2pz       -0.3494    0.6972    0.6432   -0.0000    0.0000    0.0467   -0.0000    0.0000    0.1653    0.0000
   72 O3     3pz        0.0211   -0.0002   -0.0785   -0.0000   -0.0000    0.4497    0.0000   -0.0000    0.8711    0.0000
   73 O3     4pz        0.0056   -0.0076    0.0060   -0.0000   -0.0000    0.2180    0.0000   -0.0000    0.3486    0.0000
   74 O3     3d2-      -0.0000   -0.0000    0.0000    0.0000   -0.0000    0.0000   -0.0034   -0.0000   -0.0000    0.0168
   75 O3     4d2-      -0.0000   -0.0000    0.0000    0.0000   -0.0000   -0.0000    0.0031    0.0000   -0.0000    0.0170
   76 O3     3d1-      -0.0308    0.0198   -0.0157    0.0000    0.0000   -0.0078   -0.0000    0.0000    0.0144    0.0000
   77 O3     4d1-      -0.0051    0.0033   -0.0057    0.0000    0.0000    0.0020   -0.0000    0.0000    0.0161    0.0000
   78 O3     3d0        0.0000    0.0000    0.0000    0.0100   -0.0523   -0.0000    0.0000   -0.0613   -0.0000   -0.0000
   79 O3     4d0        0.0000    0.0000    0.0000    0.0063   -0.0329   -0.0000    0.0000   -0.0429   -0.0000   -0.0000
   80 O3     3d1+      -0.0000   -0.0000   -0.0000    0.0000   -0.0000    0.0000   -0.0000   -0.0000    0.0000   -0.0000
   81 O3     4d1+      -0.0000   -0.0000   -0.0000    0.0000    0.0000    0.0000   -0.0000   -0.0000    0.0000   -0.0000
   82 O3     3d2+       0.0000    0.0000    0.0000    0.0155   -0.0883   -0.0000    0.0000   -0.1110   -0.0000   -0.0000
   83 O3     4d2+       0.0000    0.0000    0.0000    0.0092   -0.0548   -0.0000    0.0000   -0.0779   -0.0000   -0.0000
   84 O3     4f3-       0.0000    0.0000    0.0000    0.0050   -0.0061   -0.0000    0.0000   -0.0138   -0.0000   -0.0000
   85 O3     4f2-      -0.0000    0.0000   -0.0000    0.0000    0.0000   -0.0000    0.0000    0.0000   -0.0000    0.0000
   86 O3     4f1-       0.0000   -0.0000    0.0000    0.0017   -0.0049   -0.0000    0.0000   -0.0113   -0.0000    0.0000
   87 O3     4f0        0.0034   -0.0003    0.0117    0.0000    0.0000   -0.0020   -0.0000   -0.0000   -0.0068   -0.0000
   88 O3     4f1+       0.0000   -0.0000    0.0000    0.0000   -0.0000    0.0000   -0.0011   -0.0000    0.0000   -0.0030
   89 O3     4f2+       0.0069   -0.0055    0.0001    0.0000    0.0000   -0.0022    0.0000   -0.0000   -0.0079   -0.0000
   90 O3     4f3+      -0.0000    0.0000    0.0000    0.0000    0.0000    0.0000   -0.0031    0.0000    0.0000   -0.0099
 
 
      Orbital               21        22        23        24        25        26        27        28        29        30
      Energy            0.4691    0.5070    0.6167    0.6169    0.7305    0.9211    0.9212    1.0776    1.1498    1.1883
      Occ. No.          0.0000    0.0000    0.0000    0.0000    0.0000    0.0000    0.0000    0.0000    0.0000    0.0000
 
    1 O1     1s        -0.0622   -0.1423   -0.0000   -0.0000   -0.0866   -0.0000   -0.0051   -0.3919   -0.3480   -0.0000
    2 O1     2s        -0.3515   -0.8106   -0.0000   -0.0000   -0.5942   -0.0000   -0.0397   -2.7773   -2.4309   -0.0000
    3 O1     3s         0.1918   -0.4861   -0.0000   -0.0000    0.0991   -0.0000   -0.0457   -2.5756   -2.0714   -0.0000
    4 O1     4s         0.1429   -0.0878   -0.0000   -0.0000    0.0657   -0.0000   -0.0157   -0.6576   -0.4934   -0.0000
    5 O1     2px        0.0000   -0.0000   -0.7020   -0.0000   -0.0000    0.0000   -0.0000   -0.0000   -0.0000    0.0000
    6 O1     3px       -0.0000    0.0000   -1.3318   -0.0000    0.0000    0.0000    0.0000    0.0000    0.0000   -0.0000
    7 O1     4px       -0.0000    0.0000   -0.3770   -0.0000    0.0000    0.0000    0.0000    0.0000    0.0000   -0.0000
    8 O1     2py       -0.0130   -0.4597    0.0000    0.0000    0.2472    0.0000    0.0318    0.9620    1.4801    0.0000
    9 O1     3py        0.3942   -0.6108    0.0000    0.0000   -0.7018    0.0000    0.0224    0.3337    1.2212    0.0000
   10 O1     4py        0.0632   -0.2521    0.0000    0.0000   -0.2855    0.0000    0.0035   -0.1243    0.0359    0.0000
   11 O1     2pz        0.0000    0.0000   -0.0000    0.7317    0.0000    0.0000   -0.0000   -0.0000   -0.0000    0.0000
   12 O1     3pz        0.0000   -0.0000   -0.0000    1.3342    0.0000   -0.0000    0.0000   -0.0000   -0.0000   -0.0000
   13 O1     4pz       -0.0000   -0.0000   -0.0000    0.3734    0.0000   -0.0000    0.0000   -0.0000   -0.0000   -0.0000
   14 O1     3d2-      -0.0000    0.0000    0.0363    0.0000    0.0000   -0.0000   -0.0000    0.0000   -0.0000    0.0000
   15 O1     4d2-      -0.0000   -0.0000    0.0296    0.0000    0.0000   -0.0000    0.0000    0.0000   -0.0000    0.0000
   16 O1     3d1-       0.0000    0.0000    0.0000   -0.0423   -0.0000    0.0000   -0.0000    0.0000    0.0000    0.0000
   17 O1     4d1-       0.0000    0.0000    0.0000   -0.0317   -0.0000    0.0000   -0.0000    0.0000    0.0000    0.0000
   18 O1     3d0        0.0688    0.0464    0.0000    0.0000   -0.0618    0.0000    0.2998    0.0126    0.1691    0.0000
   19 O1     4d0        0.0397    0.0145    0.0000    0.0000   -0.0317    0.0000    0.1813    0.0070    0.0849    0.0000
   20 O1     3d1+      -0.0000    0.0000    0.0000    0.0000    0.0000    0.3426   -0.0000   -0.0000    0.0000   -0.6108
   21 O1     4d1+      -0.0000    0.0000    0.0000    0.0000    0.0000    0.2073   -0.0000   -0.0000    0.0000   -0.3589
   22 O1     3d2+       0.1058    0.0719    0.0000    0.0000   -0.1189   -0.0000   -0.1655    0.0997    0.3236   -0.0000
   23 O1     4d2+       0.0583    0.0188    0.0000    0.0000   -0.0634   -0.0000   -0.1003    0.0613    0.1679   -0.0000
   24 O1     4f3-      -0.0020    0.0155   -0.0000    0.0000    0.0199    0.0000    0.0027   -0.0058   -0.0517    0.0000
   25 O1     4f2-       0.0000   -0.0000   -0.0000   -0.0000    0.0000   -0.0069    0.0000   -0.0000    0.0000    0.0048
   26 O1     4f1-      -0.0029    0.0104   -0.0000    0.0000    0.0169   -0.0000   -0.0066   -0.0034   -0.0407   -0.0000
   27 O1     4f0       -0.0000    0.0000    0.0000   -0.0118    0.0000    0.0000    0.0000   -0.0000   -0.0000   -0.0000
   28 O1     4f1+       0.0000   -0.0000    0.0049    0.0000   -0.0000    0.0000   -0.0000   -0.0000   -0.0000   -0.0000
   29 O1     4f2+      -0.0000   -0.0000    0.0000   -0.0145    0.0000    0.0000    0.0000    0.0000   -0.0000   -0.0000
   30 O1     4f3+      -0.0000    0.0000    0.0176    0.0000    0.0000    0.0000   -0.0000   -0.0000   -0.0000   -0.0000
   31 O2     1s         0.0751    0.0000    0.0000    0.0000   -0.0000    0.0000    0.0153   -0.0000    0.7589   -0.0000
   32 O2     2s         0.4481    0.0000    0.0000    0.0000   -0.0000    0.0000    0.1000   -0.0000    5.2280   -0.0000
   33 O2     3s         0.8825    0.0000    0.0000    0.0000   -0.0000    0.0000    0.0672   -0.0000    4.2216   -0.0000
   34 O2     4s         0.2807    0.0000    0.0000    0.0000   -0.0000    0.0000    0.0101   -0.0000    0.9504   -0.0000
   35 O2     2px        0.0000    0.0000    1.0634    0.0000   -0.0000    0.0000    0.0000    0.0000    0.0000    0.0000
   36 O2     3px       -0.0000    0.0000    2.4024    0.0000   -0.0000   -0.0000   -0.0000    0.0000   -0.0000    0.0000
   37 O2     4px       -0.0000    0.0000    0.6967    0.0000   -0.0000   -0.0000   -0.0000    0.0000   -0.0000    0.0000
   38 O2     2py       -0.0000    0.6388   -0.0000   -0.0000    1.2127    0.0000   -0.0000    2.9274    0.0000    0.0000
   39 O2     3py       -0.0000    1.9589   -0.0000   -0.0000    0.8396    0.0000   -0.0000    3.1557    0.0000    0.0000
   40 O2     4py       -0.0000    0.5474   -0.0000   -0.0000    0.3196   -0.0000   -0.0000    0.3900    0.0000    0.0000
   41 O2     2pz       -0.0000   -0.0000    0.0000   -1.0786   -0.0000   -0.0000   -0.0000    0.0000    0.0000    0.0000
   42 O2     3pz       -0.0000   -0.0000    0.0000   -2.4208   -0.0000    0.0000   -0.0000    0.0000    0.0000   -0.0000
   43 O2     4pz       -0.0000   -0.0000    0.0000   -0.7145   -0.0000    0.0000   -0.0000    0.0000    0.0000   -0.0000
   44 O2     3d2-      -0.0000   -0.0000    0.0000    0.0000   -0.0000    0.0000   -0.0000   -0.0000    0.0000   -0.0000
   45 O2     4d2-      -0.0000   -0.0000    0.0000    0.0000   -0.0000    0.0000   -0.0000   -0.0000    0.0000   -0.0000
   46 O2     3d1-       0.0000    0.0000    0.0000   -0.0000    0.0000   -0.0000    0.0000   -0.0000   -0.0000   -0.0000
   47 O2     4d1-       0.0000    0.0000    0.0000   -0.0000    0.0000   -0.0000    0.0000   -0.0000   -0.0000   -0.0000
   48 O2     3d0       -0.0334   -0.0000    0.0000   -0.0000    0.0000    0.0000    0.4421    0.0000   -0.1809    0.0000
   49 O2     4d0       -0.0137    0.0000    0.0000   -0.0000    0.0000    0.0000    0.2629    0.0000   -0.1041    0.0000
   50 O2     3d1+      -0.0000    0.0000    0.0000    0.0000    0.0000    0.5126   -0.0000    0.0000    0.0000   -0.0000
   51 O2     4d1+      -0.0000    0.0000    0.0000    0.0000    0.0000    0.3047   -0.0000    0.0000    0.0000   -0.0000
   52 O2     3d2+      -0.0814   -0.0000   -0.0000   -0.0000    0.0000   -0.0000   -0.2591    0.0000   -0.3159    0.0000
   53 O2     4d2+      -0.0394   -0.0000   -0.0000   -0.0000    0.0000   -0.0000   -0.1539    0.0000   -0.1849    0.0000
   54 O2     4f3-       0.0000   -0.0324    0.0000    0.0000   -0.0119   -0.0000    0.0000   -0.0465   -0.0000   -0.0000
   55 O2     4f2-       0.0000   -0.0000    0.0000    0.0000    0.0000   -0.0000   -0.0000   -0.0000   -0.0000   -0.0285
   56 O2     4f1-       0.0000   -0.0261    0.0000    0.0000   -0.0059   -0.0000   -0.0000   -0.0377   -0.0000    0.0000
   57 O2     4f0        0.0000    0.0000   -0.0000    0.0165   -0.0000    0.0000    0.0000   -0.0000   -0.0000   -0.0000
   58 O2     4f1+       0.0000    0.0000   -0.0068   -0.0000   -0.0000    0.0000   -0.0000    0.0000   -0.0000    0.0000
   59 O2     4f2+       0.0000   -0.0000   -0.0000    0.0207    0.0000   -0.0000   -0.0000   -0.0000   -0.0000   -0.0000
   60 O2     4f3+      -0.0000   -0.0000   -0.0249   -0.0000    0.0000   -0.0000    0.0000    0.0000   -0.0000    0.0000
   61 O3     1s        -0.0622    0.1423   -0.0000   -0.0000    0.0866   -0.0000   -0.0051    0.3919   -0.3480    0.0000
   62 O3     2s        -0.3515    0.8106   -0.0000   -0.0000    0.5942   -0.0000   -0.0397    2.7773   -2.4309    0.0000
   63 O3     3s         0.1918    0.4861   -0.0000   -0.0000   -0.0991   -0.0000   -0.0457    2.5756   -2.0714    0.0000
   64 O3     4s         0.1429    0.0878   -0.0000   -0.0000   -0.0657   -0.0000   -0.0157    0.6576   -0.4934    0.0000
   65 O3     2px        0.0000    0.0000   -0.7020   -0.0000    0.0000    0.0000   -0.0000    0.0000   -0.0000   -0.0000
   66 O3     3px       -0.0000   -0.0000   -1.3318   -0.0000   -0.0000    0.0000    0.0000   -0.0000    0.0000    0.0000
   67 O3     4px       -0.0000   -0.0000   -0.3770   -0.0000   -0.0000    0.0000    0.0000   -0.0000    0.0000    0.0000
   68 O3     2py        0.0130   -0.4597   -0.0000   -0.0000    0.2472   -0.0000   -0.0318    0.9620   -1.4801    0.0000
   69 O3     3py       -0.3942   -0.6108   -0.0000    0.0000   -0.7018   -0.0000   -0.0224    0.3337   -1.2212    0.0000
   70 O3     4py       -0.0632   -0.2521   -0.0000    0.0000   -0.2855   -0.0000   -0.0035   -0.1243   -0.0359    0.0000
   71 O3     2pz        0.0000    0.0000   -0.0000    0.7317    0.0000    0.0000    0.0000   -0.0000   -0.0000   -0.0000
   72 O3     3pz        0.0000    0.0000   -0.0000    1.3342    0.0000   -0.0000    0.0000   -0.0000   -0.0000    0.0000
   73 O3     4pz        0.0000    0.0000   -0.0000    0.3734    0.0000   -0.0000    0.0000   -0.0000   -0.0000    0.0000
   74 O3     3d2-       0.0000    0.0000   -0.0363   -0.0000    0.0000   -0.0000    0.0000    0.0000    0.0000    0.0000
   75 O3     4d2-       0.0000   -0.0000   -0.0296   -0.0000    0.0000   -0.0000   -0.0000    0.0000    0.0000    0.0000
   76 O3     3d1-       0.0000    0.0000   -0.0000    0.0423   -0.0000   -0.0000   -0.0000    0.0000    0.0000    0.0000
   77 O3     4d1-       0.0000    0.0000   -0.0000    0.0317    0.0000   -0.0000   -0.0000    0.0000    0.0000    0.0000
   78 O3     3d0        0.0688   -0.0464    0.0000   -0.0000    0.0618    0.0000    0.2998   -0.0126    0.1691   -0.0000
   79 O3     4d0        0.0397   -0.0145    0.0000   -0.0000    0.0317    0.0000    0.1813   -0.0070    0.0849   -0.0000
   80 O3     3d1+      -0.0000    0.0000    0.0000    0.0000    0.0000    0.3426   -0.0000   -0.0000    0.0000    0.6108
   81 O3     4d1+      -0.0000    0.0000    0.0000    0.0000    0.0000    0.2073   -0.0000   -0.0000    0.0000    0.3589
   82 O3     3d2+       0.1058   -0.0719    0.0000   -0.0000    0.1189   -0.0000   -0.1655   -0.0997    0.3236    0.0000
   83 O3     4d2+       0.0583   -0.0188    0.0000   -0.0000    0.0634   -0.0000   -0.1003   -0.0613    0.1679    0.0000
   84 O3     4f3-       0.0020    0.0155    0.0000    0.0000    0.0199   -0.0000   -0.0027   -0.0058    0.0517    0.0000
   85 O3     4f2-       0.0000    0.0000    0.0000    0.0000    0.0000    0.0069   -0.0000    0.0000    0.0000    0.0048
   86 O3     4f1-       0.0029    0.0104    0.0000   -0.0000    0.0169    0.0000    0.0066   -0.0034    0.0407   -0.0000
   87 O3     4f0       -0.0000   -0.0000    0.0000   -0.0118   -0.0000    0.0000   -0.0000    0.0000    0.0000    0.0000
   88 O3     4f1+       0.0000    0.0000    0.0049    0.0000    0.0000   -0.0000   -0.0000    0.0000   -0.0000    0.0000
   89 O3     4f2+      -0.0000    0.0000    0.0000   -0.0145   -0.0000    0.0000    0.0000    0.0000    0.0000    0.0000
   90 O3     4f3+      -0.0000   -0.0000    0.0176    0.0000   -0.0000   -0.0000   -0.0000    0.0000   -0.0000    0.0000
 
 
      Orbital               31        32        33        34        35        36        37        38        39        40
      Energy            1.1888    1.1892    1.1954    1.5896    1.6087    1.6097    1.6643    1.6683    1.7575    1.7591
      Occ. No.          0.0000    0.0000    0.0000    0.0000    0.0000    0.0000    0.0000    0.0000    0.0000    0.0000
 
    1 O1     1s        -0.0230   -0.0000   -0.0000    0.0112    0.0000    0.0100    0.0000   -0.0000   -0.0000    0.0000
    2 O1     2s        -0.1664   -0.0000   -0.0000   -0.0143    0.0000    0.0486    0.0000   -0.0000    0.0000    0.0000
    3 O1     3s        -0.1645   -0.0000   -0.0000   -0.0400    0.0000    0.0335    0.0000   -0.0000   -0.0000    0.0000
    4 O1     4s        -0.0446   -0.0000   -0.0000   -0.0452    0.0000    0.0017    0.0000   -0.0000   -0.0000    0.0000
    5 O1     2px        0.0000    0.0000   -0.1463   -0.0000    0.0000    0.0000   -0.0000   -0.1390   -0.5812    0.0000
    6 O1     3px       -0.0000   -0.0000    0.1048   -0.0000    0.0000    0.0000    0.0000    0.1453   -0.9680    0.0000
    7 O1     4px       -0.0000   -0.0000    0.0270    0.0000    0.0000   -0.0000   -0.0000   -0.4605   -0.1543    0.0000
    8 O1     2py        0.0698    0.0000    0.0000    0.2239   -0.0000    0.0127    0.0000    0.0000    0.0000   -0.0000
    9 O1     3py        0.0387    0.0000    0.0000    0.1000   -0.0000   -0.0054    0.0000    0.0000    0.0000   -0.0000
   10 O1     4py        0.0002    0.0000   -0.0000    0.2908   -0.0000    0.0584    0.0000    0.0000   -0.0000   -0.0000
   11 O1     2pz       -0.0000    0.1601    0.0000   -0.0000    0.0000    0.0000    0.1605   -0.0000   -0.0000   -0.5721
   12 O1     3pz        0.0000   -0.1134   -0.0000   -0.0000    0.0000    0.0000   -0.0345    0.0000   -0.0000   -0.9618
   13 O1     4pz        0.0000   -0.0403   -0.0000   -0.0000   -0.0000    0.0000    0.4796   -0.0000   -0.0000   -0.0951
   14 O1     3d2-       0.0000    0.0000   -0.4797   -0.0000   -0.0000    0.0000    0.0000    0.2844    0.8248   -0.0000
   15 O1     4d2-       0.0000    0.0000   -0.2579   -0.0000   -0.0000    0.0000    0.0000    0.1500    0.4291   -0.0000
   16 O1     3d1-      -0.0000    0.4826    0.0000    0.0000    0.0000   -0.0000   -0.3669    0.0000    0.0000    0.7931
   17 O1     4d1-      -0.0000    0.2607    0.0000    0.0000    0.0000   -0.0000   -0.1922    0.0000    0.0000    0.4146
   18 O1     3d0        0.5340    0.0000    0.0000    0.4397   -0.0000   -0.4247    0.0000    0.0000   -0.0000   -0.0000
   19 O1     4d0        0.3139    0.0000    0.0000    0.2453   -0.0000   -0.2379    0.0000    0.0000   -0.0000   -0.0000
   20 O1     3d1+       0.0000    0.0000   -0.0000    0.0000    0.5738   -0.0000    0.0000    0.0000    0.0000    0.0000
   21 O1     4d1+       0.0000    0.0000   -0.0000    0.0000    0.3212   -0.0000    0.0000    0.0000    0.0000    0.0000
   22 O1     3d2+      -0.2941   -0.0000   -0.0000    0.5444    0.0000    0.3909   -0.0000    0.0000   -0.0000   -0.0000
   23 O1     4d2+      -0.1723   -0.0000   -0.0000    0.3026    0.0000    0.2183   -0.0000    0.0000   -0.0000   -0.0000
   24 O1     4f3-       0.0015    0.0000    0.0000    0.0064    0.0000    0.0298   -0.0000   -0.0000   -0.0000   -0.0000
   25 O1     4f2-      -0.0000   -0.0000    0.0000    0.0000    0.0442   -0.0000    0.0000    0.0000    0.0000    0.0000
   26 O1     4f1-      -0.0048   -0.0000   -0.0000    0.0156   -0.0000   -0.0319    0.0000    0.0000   -0.0000    0.0000
   27 O1     4f0        0.0000   -0.0077   -0.0000    0.0000    0.0000   -0.0000   -0.0150    0.0000   -0.0000   -0.0216
   28 O1     4f1+      -0.0000   -0.0000    0.0034   -0.0000    0.0000    0.0000    0.0000    0.0072   -0.0081    0.0000
   29 O1     4f2+       0.0000   -0.0098   -0.0000    0.0000    0.0000   -0.0000   -0.0187    0.0000   -0.0000   -0.0270
   30 O1     4f3+      -0.0000   -0.0000    0.0128   -0.0000   -0.0000    0.0000    0.0000    0.0243   -0.0294    0.0000
   31 O2     1s        -0.0000   -0.0000   -0.0000    0.1953   -0.0000    0.0221   -0.0000    0.0000    0.0000   -0.0000
   32 O2     2s        -0.0000   -0.0000   -0.0000    0.9279   -0.0000    0.0727    0.0000    0.0000    0.0000   -0.0000
   33 O2     3s        -0.0000   -0.0000   -0.0000   -0.0866   -0.0000   -0.1028    0.0000    0.0000    0.0000   -0.0000
   34 O2     4s        -0.0000   -0.0000   -0.0000   -0.1253   -0.0000   -0.0453    0.0000   -0.0000    0.0000   -0.0000
   35 O2     2px        0.0000   -0.0000    0.0000   -0.0000   -0.0000   -0.0000    0.0000    0.2633    1.4887   -0.0000
   36 O2     3px        0.0000   -0.0000    0.0000   -0.0000   -0.0000   -0.0000    0.0000    0.5505    1.5094   -0.0000
   37 O2     4px        0.0000    0.0000    0.0000    0.0000    0.0000   -0.0000   -0.0000   -0.3801    0.5226   -0.0000
   38 O2     2py        0.1705    0.0000    0.0000    0.0000   -0.0000    0.0000   -0.0000   -0.0000    0.0000    0.0000
   39 O2     3py        0.1721    0.0000    0.0000    0.0000    0.0000    0.0000   -0.0000   -0.0000    0.0000    0.0000
   40 O2     4py        0.0097    0.0000    0.0000    0.0000    0.0000    0.0000   -0.0000   -0.0000   -0.0000    0.0000
   41 O2     2pz       -0.0000   -0.0000   -0.0000    0.0000   -0.0000   -0.0000   -0.3541    0.0000    0.0000    1.4876
   42 O2     3pz        0.0000   -0.0000   -0.0000    0.0000    0.0000   -0.0000   -0.7142    0.0000    0.0000    1.4162
   43 O2     4pz       -0.0000   -0.0000   -0.0000    0.0000   -0.0000    0.0000    0.3143   -0.0000    0.0000    0.5330
   44 O2     3d2-      -0.0000   -0.0000    0.3813   -0.0000   -0.0000   -0.0000    0.0000   -0.0000   -0.0000    0.0000
   45 O2     4d2-      -0.0000   -0.0000    0.1720   -0.0000   -0.0000   -0.0000   -0.0000   -0.0000   -0.0000    0.0000
   46 O2     3d1-       0.0000   -0.3751   -0.0000    0.0000    0.0000   -0.0000    0.0000    0.0000    0.0000   -0.0000
   47 O2     4d1-       0.0000   -0.1702   -0.0000    0.0000    0.0000   -0.0000    0.0000    0.0000    0.0000    0.0000
   48 O2     3d0        0.0000    0.0000    0.0000   -0.0861    0.0000    0.6947   -0.0000   -0.0000    0.0000    0.0000
   49 O2     4d0        0.0000    0.0000    0.0000   -0.0641    0.0000    0.3713   -0.0000   -0.0000    0.0000    0.0000
   50 O2     3d1+      -0.0000    0.0000   -0.0000   -0.0000   -0.7991    0.0000   -0.0000   -0.0000   -0.0000   -0.0000
   51 O2     4d1+      -0.0000   -0.0000   -0.0000   -0.0000   -0.4308    0.0000   -0.0000   -0.0000   -0.0000   -0.0000
   52 O2     3d2+      -0.0000    0.0000    0.0000    0.1587   -0.0000   -0.3649    0.0000    0.0000   -0.0000    0.0000
   53 O2     4d2+      -0.0000    0.0000    0.0000    0.0578   -0.0000   -0.2017    0.0000    0.0000   -0.0000    0.0000
   54 O2     4f3-      -0.0191   -0.0000   -0.0000   -0.0000    0.0000    0.0000    0.0000    0.0000   -0.0000   -0.0000
   55 O2     4f2-       0.0000    0.0000   -0.0000    0.0000    0.0000    0.0000    0.0000    0.0000   -0.0000    0.0000
   56 O2     4f1-       0.0212    0.0000    0.0000   -0.0000    0.0000   -0.0000    0.0000    0.0000    0.0000   -0.0000
   57 O2     4f0        0.0000   -0.0000    0.0000   -0.0000    0.0000   -0.0000   -0.0338    0.0000   -0.0000   -0.0227
   58 O2     4f1+       0.0000   -0.0000    0.0000   -0.0000   -0.0000   -0.0000    0.0000    0.0153   -0.0081    0.0000
   59 O2     4f2+       0.0000   -0.0000    0.0000   -0.0000    0.0000   -0.0000   -0.0419    0.0000   -0.0000   -0.0291
   60 O2     4f3+      -0.0000   -0.0000    0.0000   -0.0000   -0.0000    0.0000    0.0000    0.0540   -0.0306    0.0000
   61 O3     1s         0.0230    0.0000    0.0000    0.0112   -0.0000    0.0100   -0.0000   -0.0000   -0.0000    0.0000
   62 O3     2s         0.1664    0.0000    0.0000   -0.0143    0.0000    0.0486   -0.0000   -0.0000    0.0000    0.0000
   63 O3     3s         0.1645    0.0000    0.0000   -0.0400    0.0000    0.0335   -0.0000   -0.0000   -0.0000    0.0000
   64 O3     4s         0.0446    0.0000    0.0000   -0.0452    0.0000    0.0017   -0.0000   -0.0000   -0.0000    0.0000
   65 O3     2px       -0.0000   -0.0000    0.1463   -0.0000    0.0000    0.0000   -0.0000   -0.1390   -0.5812    0.0000
   66 O3     3px        0.0000    0.0000   -0.1048   -0.0000    0.0000    0.0000    0.0000    0.1453   -0.9680    0.0000
   67 O3     4px        0.0000    0.0000   -0.0270    0.0000    0.0000   -0.0000   -0.0000   -0.4605   -0.1543    0.0000
   68 O3     2py        0.0698    0.0000    0.0000   -0.2239    0.0000   -0.0127    0.0000   -0.0000   -0.0000   -0.0000
   69 O3     3py        0.0387    0.0000    0.0000   -0.1000    0.0000    0.0054    0.0000   -0.0000   -0.0000   -0.0000
   70 O3     4py        0.0002    0.0000   -0.0000   -0.2908    0.0000   -0.0584    0.0000   -0.0000    0.0000   -0.0000
   71 O3     2pz        0.0000   -0.1601   -0.0000   -0.0000    0.0000    0.0000    0.1605   -0.0000   -0.0000   -0.5721
   72 O3     3pz       -0.0000    0.1134    0.0000   -0.0000    0.0000    0.0000   -0.0345    0.0000   -0.0000   -0.9618
   73 O3     4pz       -0.0000    0.0403    0.0000    0.0000   -0.0000    0.0000    0.4796   -0.0000   -0.0000   -0.0951
   74 O3     3d2-       0.0000    0.0000   -0.4797    0.0000    0.0000   -0.0000   -0.0000   -0.2844   -0.8248    0.0000
   75 O3     4d2-       0.0000    0.0000   -0.2579    0.0000    0.0000   -0.0000   -0.0000   -0.1500   -0.4291    0.0000
   76 O3     3d1-      -0.0000    0.4826    0.0000    0.0000   -0.0000    0.0000    0.3669   -0.0000   -0.0000   -0.7931
   77 O3     4d1-      -0.0000    0.2607    0.0000    0.0000   -0.0000    0.0000    0.1922   -0.0000   -0.0000   -0.4146
   78 O3     3d0       -0.5340   -0.0000   -0.0000    0.4397   -0.0000   -0.4247    0.0000    0.0000   -0.0000    0.0000
   79 O3     4d0       -0.3139   -0.0000   -0.0000    0.2453   -0.0000   -0.2379    0.0000    0.0000   -0.0000    0.0000
   80 O3     3d1+      -0.0000   -0.0000    0.0000    0.0000    0.5738   -0.0000    0.0000    0.0000    0.0000    0.0000
   81 O3     4d1+      -0.0000   -0.0000    0.0000    0.0000    0.3212   -0.0000    0.0000    0.0000    0.0000    0.0000
   82 O3     3d2+       0.2941    0.0000    0.0000    0.5444    0.0000    0.3909   -0.0000    0.0000   -0.0000    0.0000
   83 O3     4d2+       0.1723    0.0000    0.0000    0.3026    0.0000    0.2183   -0.0000    0.0000   -0.0000    0.0000
   84 O3     4f3-       0.0015    0.0000    0.0000   -0.0064   -0.0000   -0.0298    0.0000    0.0000    0.0000   -0.0000
   85 O3     4f2-      -0.0000   -0.0000    0.0000   -0.0000   -0.0442    0.0000   -0.0000   -0.0000   -0.0000   -0.0000
   86 O3     4f1-      -0.0048   -0.0000   -0.0000   -0.0156    0.0000    0.0319   -0.0000   -0.0000    0.0000    0.0000
   87 O3     4f0       -0.0000    0.0077    0.0000   -0.0000    0.0000   -0.0000   -0.0150    0.0000   -0.0000   -0.0216
   88 O3     4f1+       0.0000    0.0000   -0.0034   -0.0000   -0.0000    0.0000    0.0000    0.0072   -0.0081    0.0000
   89 O3     4f2+      -0.0000    0.0098    0.0000    0.0000    0.0000   -0.0000   -0.0187    0.0000   -0.0000   -0.0270
   90 O3     4f3+       0.0000    0.0000   -0.0128   -0.0000   -0.0000    0.0000    0.0000    0.0243   -0.0294    0.0000
 
 
      Orbital               41        42        43        44        45        46        47        48        49        50
      Energy            1.9071    1.9167    1.9272    2.5185    2.7194    2.7377    2.7675    2.7681    2.8605    3.2071
      Occ. No.          0.0000    0.0000    0.0000    0.0000    0.0000    0.0000    0.0000    0.0000    0.0000    0.0000
 
    1 O1     1s         0.0454   -0.0000   -0.0000   -0.0709   -0.0000   -0.0000    0.0000    0.0000    0.2202    0.2873
    2 O1     2s         0.1473   -0.0000   -0.0000   -0.4813   -0.0000   -0.0000    0.0000    0.0000    1.1324    1.8920
    3 O1     3s         0.0924   -0.0000   -0.0000   -0.4515   -0.0000   -0.0000    0.0000    0.0000    0.2565    1.4571
    4 O1     4s        -0.0042    0.0000   -0.0000   -0.0394    0.0000   -0.0000    0.0000   -0.0000   -0.0671   -0.1949
    5 O1     2px        0.0000    0.3527   -0.0000   -0.0000   -0.0000    0.6110    0.0000   -0.0880    0.0000    0.0000
    6 O1     3px        0.0000    0.0868   -0.0000   -0.0000    0.0000    0.4227    0.0000   -0.2811    0.0000    0.0000
    7 O1     4px        0.0000    0.5941   -0.0000    0.0000    0.0000   -0.4729    0.0000   -0.6680    0.0000    0.0000
    8 O1     2py        0.7522   -0.0000   -0.0000   -0.0095    0.0000    0.0000   -0.0000   -0.0000   -0.5349   -1.1074
    9 O1     3py        0.7392   -0.0000   -0.0000   -0.0373   -0.0000    0.0000   -0.0000    0.0000    0.1430   -0.8006
   10 O1     4py        0.4017   -0.0000   -0.0000   -0.5307   -0.0000   -0.0000    0.0000   -0.0000   -0.2643    0.3145
   11 O1     2pz       -0.0000   -0.0000   -0.3667    0.0000   -0.6095   -0.0000    0.0824    0.0000    0.0000   -0.0000
   12 O1     3pz       -0.0000   -0.0000   -0.0813    0.0000   -0.4233   -0.0000    0.2894    0.0000    0.0000    0.0000
   13 O1     4pz       -0.0000   -0.0000   -0.5881   -0.0000    0.4751   -0.0000    0.6659    0.0000    0.0000    0.0000
   14 O1     3d2-      -0.0000   -0.4268    0.0000   -0.0000    0.0000   -0.6428    0.0000   -0.1951    0.0000    0.0000
   15 O1     4d2-      -0.0000   -0.2416    0.0000   -0.0000    0.0000   -0.4130    0.0000   -0.1210    0.0000    0.0000
   16 O1     3d1-       0.0000    0.0000    0.4248   -0.0000    0.6420   -0.0000    0.1863    0.0000    0.0000   -0.0000
   17 O1     4d1-       0.0000    0.0000    0.2403   -0.0000    0.4137   -0.0000    0.1164    0.0000    0.0000    0.0000
   18 O1     3d0        0.4605   -0.0000   -0.0000    0.0751    0.0000    0.0000   -0.0000    0.0000    0.0688   -0.1750
   19 O1     4d0        0.2518   -0.0000   -0.0000    0.0589    0.0000    0.0000   -0.0000   -0.0000   -0.0242   -0.1240
   20 O1     3d1+       0.0000   -0.0000   -0.0000    0.0000    0.0000   -0.0000    0.0000   -0.0000   -0.0000    0.0000
   21 O1     4d1+       0.0000   -0.0000   -0.0000    0.0000    0.0000   -0.0000    0.0000   -0.0000    0.0000   -0.0000
   22 O1     3d2+       0.8049   -0.0000   -0.0000    0.1219    0.0000    0.0000   -0.0000    0.0000    0.1182   -0.3023
   23 O1     4d2+       0.4399   -0.0000   -0.0000    0.0960    0.0000    0.0000   -0.0000   -0.0000   -0.0405   -0.2137
   24 O1     4f3-       0.0060   -0.0000    0.0000    0.1479    0.0000   -0.0000   -0.0000    0.0000    0.0643   -0.1454
   25 O1     4f2-      -0.0000   -0.0000    0.0000   -0.0000    0.0000    0.0000   -0.0000    0.0000    0.0000    0.0000
   26 O1     4f1-       0.0054   -0.0000   -0.0000    0.1224    0.0000    0.0000    0.0000    0.0000    0.0529   -0.1177
   27 O1     4f0        0.0000    0.0000    0.0076    0.0000   -0.1251    0.0000   -0.0612   -0.0000    0.0000   -0.0000
   28 O1     4f1+      -0.0000   -0.0037    0.0000   -0.0000   -0.0000    0.0531   -0.0000    0.0266   -0.0000   -0.0000
   29 O1     4f2+       0.0000    0.0000    0.0086    0.0000   -0.1563    0.0000   -0.0768   -0.0000   -0.0000    0.0000
   30 O1     4f3+      -0.0000   -0.0107    0.0000    0.0000   -0.0000    0.1923   -0.0000    0.0955   -0.0000   -0.0000
   31 O2     1s         0.0000    0.0000   -0.0000   -0.0000    0.0000    0.0000    0.0000   -0.0000   -0.0922   -0.5389
   32 O2     2s         0.0000    0.0000   -0.0000   -0.0000    0.0000   -0.0000   -0.0000   -0.0000   -0.9877   -3.7153
   33 O2     3s         0.0000    0.0000    0.0000   -0.0000    0.0000    0.0000   -0.0000   -0.0000   -1.0829   -2.2228
   34 O2     4s         0.0000   -0.0000    0.0000   -0.0000    0.0000    0.0000   -0.0000   -0.0000   -0.3951   -0.9083
   35 O2     2px        0.0000   -0.0000   -0.0000   -0.0000   -0.0000   -0.0000   -0.0000    0.0613    0.0000   -0.0000
   36 O2     3px       -0.0000   -0.0000   -0.0000   -0.0000   -0.0000   -0.0000   -0.0000    0.4339   -0.0000   -0.0000
   37 O2     4px        0.0000    0.0000   -0.0000   -0.0000   -0.0000   -0.0000   -0.0000    1.2665   -0.0000   -0.0000
   38 O2     2py        0.1542   -0.0000   -0.0000    0.7678    0.0000   -0.0000   -0.0000   -0.0000   -0.0000    0.0000
   39 O2     3py       -1.5195    0.0000    0.0000    0.6367    0.0000    0.0000   -0.0000   -0.0000   -0.0000    0.0000
   40 O2     4py       -0.7911    0.0000    0.0000    0.7529    0.0000   -0.0000    0.0000    0.0000    0.0000   -0.0000
   41 O2     2pz        0.0000    0.0000   -0.0000   -0.0000    0.0000    0.0000   -0.0704   -0.0000   -0.0000   -0.0000
   42 O2     3pz        0.0000    0.0000    0.0000   -0.0000    0.0000    0.0000   -0.4369   -0.0000   -0.0000   -0.0000
   43 O2     4pz        0.0000    0.0000   -0.0000    0.0000    0.0000    0.0000   -1.2708   -0.0000   -0.0000   -0.0000
   44 O2     3d2-      -0.0000   -0.5924    0.0000   -0.0000    0.0000   -1.4114   -0.0000   -0.0000   -0.0000    0.0000
   45 O2     4d2-      -0.0000   -0.3246    0.0000   -0.0000    0.0000   -0.5738   -0.0000   -0.0000   -0.0000    0.0000
   46 O2     3d1-       0.0000    0.0000    0.6046   -0.0000    1.4079    0.0000    0.0000    0.0000    0.0000    0.0000
   47 O2     4d1-       0.0000    0.0000    0.3320   -0.0000    0.5737    0.0000    0.0000    0.0000    0.0000    0.0000
   48 O2     3d0       -0.0000    0.0000    0.0000   -0.0000   -0.0000   -0.0000   -0.0000    0.0000    0.6682    0.4253
   49 O2     4d0       -0.0000    0.0000    0.0000   -0.0000   -0.0000   -0.0000    0.0000    0.0000    0.2542    0.1686
   50 O2     3d1+      -0.0000    0.0000   -0.0000   -0.0000    0.0000    0.0000    0.0000    0.0000   -0.0000   -0.0000
   51 O2     4d1+      -0.0000    0.0000   -0.0000   -0.0000    0.0000    0.0000    0.0000    0.0000    0.0000   -0.0000
   52 O2     3d2+      -0.0000    0.0000    0.0000   -0.0000   -0.0000   -0.0000   -0.0000    0.0000    1.1539    0.7451
   53 O2     4d2+      -0.0000    0.0000    0.0000   -0.0000   -0.0000   -0.0000   -0.0000    0.0000    0.4408    0.2989
   54 O2     4f3-       0.0231   -0.0000   -0.0000   -0.2195   -0.0000    0.0000   -0.0000   -0.0000   -0.0000   -0.0000
   55 O2     4f2-       0.0000   -0.0000   -0.0000    0.0000   -0.0000   -0.0000   -0.0000   -0.0000   -0.0000   -0.0000
   56 O2     4f1-       0.0179   -0.0000   -0.0000   -0.1801   -0.0000   -0.0000   -0.0000   -0.0000   -0.0000    0.0000
   57 O2     4f0        0.0000   -0.0000    0.0000   -0.0000   -0.0000   -0.0000    0.0681    0.0000    0.0000    0.0000
   58 O2     4f1+       0.0000   -0.0000   -0.0000    0.0000    0.0000    0.0000    0.0000   -0.0295    0.0000    0.0000
   59 O2     4f2+       0.0000   -0.0000    0.0000   -0.0000   -0.0000   -0.0000    0.0817    0.0000    0.0000    0.0000
   60 O2     4f3+      -0.0000   -0.0000    0.0000    0.0000   -0.0000    0.0000    0.0000   -0.0997    0.0000   -0.0000
   61 O3     1s        -0.0454    0.0000    0.0000    0.0709   -0.0000    0.0000    0.0000    0.0000    0.2202    0.2873
   62 O3     2s        -0.1473    0.0000    0.0000    0.4813   -0.0000    0.0000   -0.0000    0.0000    1.1324    1.8920
   63 O3     3s        -0.0924    0.0000    0.0000    0.4515   -0.0000    0.0000   -0.0000    0.0000    0.2565    1.4571
   64 O3     4s         0.0042   -0.0000   -0.0000    0.0394   -0.0000    0.0000    0.0000   -0.0000   -0.0671   -0.1949
   65 O3     2px       -0.0000   -0.3527    0.0000    0.0000    0.0000   -0.6110    0.0000   -0.0880    0.0000    0.0000
   66 O3     3px       -0.0000   -0.0868    0.0000    0.0000    0.0000   -0.4227    0.0000   -0.2811    0.0000    0.0000
   67 O3     4px       -0.0000   -0.5941    0.0000   -0.0000    0.0000    0.4729    0.0000   -0.6680    0.0000    0.0000
   68 O3     2py        0.7522   -0.0000   -0.0000   -0.0095   -0.0000    0.0000   -0.0000    0.0000    0.5349    1.1074
   69 O3     3py        0.7392   -0.0000   -0.0000   -0.0373   -0.0000    0.0000   -0.0000   -0.0000   -0.1430    0.8006
   70 O3     4py        0.4017   -0.0000   -0.0000   -0.5307   -0.0000   -0.0000   -0.0000    0.0000    0.2643   -0.3145
   71 O3     2pz        0.0000    0.0000    0.3667   -0.0000    0.6095    0.0000    0.0824    0.0000    0.0000   -0.0000
   72 O3     3pz       -0.0000    0.0000    0.0813   -0.0000    0.4233   -0.0000    0.2894    0.0000    0.0000    0.0000
   73 O3     4pz        0.0000    0.0000    0.5881    0.0000   -0.4751   -0.0000    0.6659    0.0000   -0.0000    0.0000
   74 O3     3d2-      -0.0000   -0.4268    0.0000   -0.0000    0.0000   -0.6428   -0.0000    0.1951   -0.0000   -0.0000
   75 O3     4d2-      -0.0000   -0.2416    0.0000   -0.0000    0.0000   -0.4130   -0.0000    0.1210   -0.0000   -0.0000
   76 O3     3d1-       0.0000    0.0000    0.4248   -0.0000    0.6420    0.0000   -0.1863   -0.0000    0.0000   -0.0000
   77 O3     4d1-       0.0000    0.0000    0.2403   -0.0000    0.4137    0.0000   -0.1164   -0.0000    0.0000    0.0000
   78 O3     3d0       -0.4605    0.0000    0.0000   -0.0751    0.0000   -0.0000    0.0000    0.0000    0.0688   -0.1750
   79 O3     4d0       -0.2518    0.0000    0.0000   -0.0589    0.0000   -0.0000   -0.0000   -0.0000   -0.0242   -0.1240
   80 O3     3d1+       0.0000   -0.0000    0.0000    0.0000   -0.0000   -0.0000    0.0000   -0.0000   -0.0000   -0.0000
   81 O3     4d1+       0.0000   -0.0000    0.0000   -0.0000   -0.0000   -0.0000    0.0000    0.0000    0.0000   -0.0000
   82 O3     3d2+      -0.8049    0.0000    0.0000   -0.1219   -0.0000   -0.0000    0.0000    0.0000    0.1182   -0.3023
   83 O3     4d2+      -0.4399    0.0000    0.0000   -0.0960   -0.0000   -0.0000    0.0000   -0.0000   -0.0405   -0.2137
   84 O3     4f3-       0.0060   -0.0000   -0.0000    0.1479    0.0000   -0.0000    0.0000   -0.0000   -0.0643    0.1454
   85 O3     4f2-       0.0000    0.0000    0.0000   -0.0000    0.0000    0.0000    0.0000    0.0000    0.0000    0.0000
   86 O3     4f1-       0.0054   -0.0000   -0.0000    0.1224    0.0000    0.0000    0.0000   -0.0000   -0.0529    0.1177
   87 O3     4f0       -0.0000   -0.0000   -0.0076   -0.0000    0.1251    0.0000   -0.0612   -0.0000    0.0000    0.0000
   88 O3     4f1+       0.0000    0.0037   -0.0000    0.0000    0.0000   -0.0531   -0.0000    0.0266   -0.0000   -0.0000
   89 O3     4f2+      -0.0000   -0.0000   -0.0086   -0.0000    0.1563    0.0000   -0.0768   -0.0000    0.0000   -0.0000
   90 O3     4f3+       0.0000    0.0107   -0.0000   -0.0000    0.0000   -0.1923   -0.0000    0.0955   -0.0000   -0.0000
 
 
      Orbital               51        52        53        54        55        56        57        58        59        60
      Energy            3.4573    3.4575    3.5831    3.5833    3.9843    3.9843    4.0697    4.0815    4.0938    4.3066
      Occ. No.          0.0000    0.0000    0.0000    0.0000    0.0000    0.0000    0.0000    0.0000    0.0000    0.0000
 
    1 O1     1s         0.0000    0.0002   -0.0000    0.0000   -0.0000    0.0000    0.0000   -0.5919   -0.0000   -0.0000
    2 O1     2s         0.0000   -0.0009   -0.0000    0.0000   -0.0000    0.0000    0.0000   -3.9454   -0.0000   -0.0000
    3 O1     3s         0.0000   -0.0045   -0.0000    0.0000   -0.0000    0.0000    0.0000   -2.4169   -0.0000   -0.0000
    4 O1     4s        -0.0000    0.0006    0.0000    0.0000   -0.0000    0.0000    0.0000   -0.8344   -0.0000   -0.0000
    5 O1     2px        0.0000    0.0000   -0.0000    0.0022    0.0000   -0.0062    0.0000    0.0000   -0.3584    0.0000
    6 O1     3px        0.0000    0.0000   -0.0000    0.0027    0.0000   -0.0023    0.0000    0.0000   -0.3459    0.0000
    7 O1     4px       -0.0000   -0.0000   -0.0000    0.0019   -0.0000    0.0040    0.0000    0.0000   -0.1510    0.0000
    8 O1     2py       -0.0000   -0.0006   -0.0000   -0.0000    0.0000    0.0000   -0.0000    2.5065    0.0000    0.0000
    9 O1     3py       -0.0000   -0.0006    0.0000   -0.0000    0.0000   -0.0000   -0.0000    1.7358    0.0000    0.0000
   10 O1     4py        0.0000   -0.0076   -0.0000    0.0000   -0.0000    0.0000    0.0000   -0.7115   -0.0000   -0.0000
   11 O1     2pz       -0.0000   -0.0000   -0.0016   -0.0000   -0.0070   -0.0000    0.3496    0.0000    0.0000   -0.0000
   12 O1     3pz       -0.0000   -0.0000    0.0039    0.0000   -0.0023   -0.0000    0.3446    0.0000    0.0000   -0.0000
   13 O1     4pz        0.0000   -0.0000    0.0014    0.0000    0.0040    0.0000    0.1510    0.0000    0.0000   -0.0000
   14 O1     3d2-      -0.0000   -0.0000    0.0000   -0.0005   -0.0000    0.0047   -0.0000   -0.0000    0.0267    0.0000
   15 O1     4d2-      -0.0000   -0.0000    0.0000   -0.0028   -0.0000    0.0019   -0.0000   -0.0000    0.2881   -0.0000
   16 O1     3d1-       0.0000    0.0000   -0.0007   -0.0000    0.0048    0.0000   -0.0272   -0.0000   -0.0000   -0.0000
   17 O1     4d1-       0.0000    0.0000   -0.0032   -0.0000    0.0018    0.0000   -0.2862   -0.0000   -0.0000    0.0000
   18 O1     3d0        0.0000   -0.1062   -0.0000   -0.0000    0.0000   -0.0000   -0.0000    0.3921    0.0000    0.0000
   19 O1     4d0        0.0000   -0.0903   -0.0000    0.0000   -0.0000    0.0000   -0.0000    0.2565    0.0000   -0.0000
   20 O1     3d1+      -0.1249   -0.0000    0.0000   -0.0000    0.0000    0.0000   -0.0000    0.0000   -0.0000   -0.3113
   21 O1     4d1+      -0.1045   -0.0000   -0.0000   -0.0000   -0.0000   -0.0000    0.0000   -0.0000    0.0000    0.2817
   22 O1     3d2+      -0.0000    0.0657   -0.0000    0.0000    0.0000    0.0000   -0.0000    0.7072    0.0000   -0.0000
   23 O1     4d2+      -0.0000    0.0526    0.0000   -0.0000    0.0000   -0.0000   -0.0000    0.4276    0.0000    0.0000
   24 O1     4f3-      -0.0000    0.2907    0.0000    0.0000    0.0000   -0.0000   -0.0000    0.2500    0.0000    0.0000
   25 O1     4f2-      -0.4754   -0.0000    0.0000   -0.0000   -0.0000    0.0000   -0.0000   -0.0000   -0.0000    0.5997
   26 O1     4f1-       0.0000   -0.3761   -0.0000   -0.0000    0.0000    0.0000   -0.0000    0.2310    0.0000   -0.0000
   27 O1     4f0       -0.0000   -0.0000    0.3610    0.0000    0.5602    0.0000    0.3000    0.0000    0.0000   -0.0000
   28 O1     4f1+       0.0000    0.0000   -0.0000    0.4387   -0.0000    0.6855    0.0000    0.0000   -0.1195    0.0000
   29 O1     4f2+      -0.0000   -0.0000   -0.2715   -0.0000   -0.4323   -0.0000    0.3942    0.0000    0.0000    0.0000
   30 O1     4f3+       0.0000    0.0000    0.0000   -0.1074    0.0000   -0.1757    0.0000    0.0000   -0.4803    0.0000
   31 O2     1s        -0.0000   -0.0000   -0.0000   -0.0000    0.0000    0.0000   -0.0000    1.1591    0.0000    0.0000
   32 O2     2s        -0.0000   -0.0000    0.0000   -0.0000    0.0000    0.0000   -0.0000    7.9242    0.0000    0.0000
   33 O2     3s        -0.0000   -0.0000   -0.0000   -0.0000    0.0000    0.0000   -0.0000    5.4069    0.0000    0.0000
   34 O2     4s        -0.0000   -0.0000   -0.0000   -0.0000    0.0000    0.0000   -0.0000    0.9999    0.0000    0.0000
   35 O2     2px        0.0000   -0.0000    0.0000   -0.0048   -0.0000   -0.0000   -0.0000   -0.0000    0.2874   -0.0000
   36 O2     3px       -0.0000   -0.0000    0.0000   -0.0079   -0.0000   -0.0000   -0.0000   -0.0000    0.7981   -0.0000
   37 O2     4px        0.0000   -0.0000    0.0000   -0.0009   -0.0000   -0.0000   -0.0000   -0.0000    0.2976   -0.0000
   38 O2     2py       -0.0000    0.0046    0.0000   -0.0000   -0.0000   -0.0000   -0.0000   -0.0000   -0.0000    0.0000
   39 O2     3py       -0.0000    0.0010    0.0000   -0.0000    0.0000   -0.0000   -0.0000   -0.0000   -0.0000    0.0000
   40 O2     4py       -0.0000    0.0134   -0.0000    0.0000   -0.0000   -0.0000    0.0000    0.0000    0.0000   -0.0000
   41 O2     2pz        0.0000   -0.0000   -0.0008   -0.0000   -0.0000    0.0000   -0.2724   -0.0000   -0.0000    0.0000
   42 O2     3pz        0.0000    0.0000   -0.0085   -0.0000   -0.0000    0.0000   -0.7968   -0.0000   -0.0000    0.0000
   43 O2     4pz       -0.0000    0.0000   -0.0009   -0.0000   -0.0000    0.0000   -0.2951   -0.0000   -0.0000    0.0000
   44 O2     3d2-      -0.0000   -0.0000   -0.0000   -0.0000   -0.0000    0.0097    0.0000   -0.0000    0.0000    0.0000
   45 O2     4d2-      -0.0000   -0.0000   -0.0000   -0.0000   -0.0000    0.0032    0.0000   -0.0000    0.0000    0.0000
   46 O2     3d1-       0.0000   -0.0000   -0.0000   -0.0000    0.0097    0.0000   -0.0000   -0.0000    0.0000    0.0000
   47 O2     4d1-       0.0000   -0.0000   -0.0000   -0.0000    0.0032    0.0000   -0.0000   -0.0000    0.0000    0.0000
   48 O2     3d0        0.0000    0.0000   -0.0000   -0.0000   -0.0000   -0.0000    0.0000   -0.8484   -0.0000   -0.0000
   49 O2     4d0        0.0000    0.0000   -0.0000    0.0000   -0.0000   -0.0000    0.0000   -0.2644   -0.0000   -0.0000
   50 O2     3d1+       0.0000   -0.0000    0.0000    0.0000    0.0000    0.0000   -0.0000   -0.0000   -0.0000    0.2112
   51 O2     4d1+       0.0000    0.0000   -0.0000   -0.0000    0.0000   -0.0000    0.0000   -0.0000    0.0000    0.2653
   52 O2     3d2+       0.0000   -0.0000   -0.0000    0.0000   -0.0000   -0.0000    0.0000   -1.4950   -0.0000   -0.0000
   53 O2     4d2+       0.0000   -0.0000    0.0000   -0.0000   -0.0000   -0.0000    0.0000   -0.4859   -0.0000    0.0000
   54 O2     4f3-       0.0000   -0.3403   -0.0000    0.0000   -0.0000    0.0000   -0.0000   -0.0000   -0.0000   -0.0000
   55 O2     4f2-       0.5548    0.0000    0.0000    0.0000    0.0000   -0.0000    0.0000   -0.0000    0.0000   -0.0000
   56 O2     4f1-      -0.0000    0.4381    0.0000   -0.0000   -0.0000   -0.0000    0.0000   -0.0000   -0.0000    0.0000
   57 O2     4f0       -0.0000   -0.0000    0.5424    0.0000    0.0000   -0.0000    0.3199    0.0000    0.0000    0.0000
   58 O2     4f1+      -0.0000    0.0000   -0.0000    0.6608    0.0000    0.0000    0.0000    0.0000   -0.1254    0.0000
   59 O2     4f2+       0.0000    0.0000   -0.4114   -0.0000   -0.0000   -0.0000    0.4301    0.0000    0.0000   -0.0000
   60 O2     4f3+       0.0000   -0.0000    0.0000   -0.1641    0.0000   -0.0000    0.0000    0.0000   -0.5205    0.0000
   61 O3     1s         0.0000   -0.0002    0.0000    0.0000   -0.0000   -0.0000    0.0000   -0.5919   -0.0000   -0.0000
   62 O3     2s         0.0000    0.0009    0.0000    0.0000   -0.0000   -0.0000    0.0000   -3.9454   -0.0000   -0.0000
   63 O3     3s        -0.0000    0.0045    0.0000    0.0000   -0.0000   -0.0000    0.0000   -2.4169   -0.0000   -0.0000
   64 O3     4s         0.0000   -0.0006    0.0000    0.0000   -0.0000   -0.0000    0.0000   -0.8344   -0.0000   -0.0000
   65 O3     2px       -0.0000   -0.0000   -0.0000    0.0022   -0.0000    0.0062    0.0000    0.0000   -0.3584   -0.0000
   66 O3     3px       -0.0000   -0.0000   -0.0000    0.0027   -0.0000    0.0023    0.0000    0.0000   -0.3459    0.0000
   67 O3     4px        0.0000    0.0000   -0.0000    0.0019    0.0000   -0.0040    0.0000    0.0000   -0.1510   -0.0000
   68 O3     2py        0.0000   -0.0006    0.0000    0.0000   -0.0000    0.0000    0.0000   -2.5065   -0.0000   -0.0000
   69 O3     3py        0.0000   -0.0006    0.0000    0.0000   -0.0000   -0.0000    0.0000   -1.7358   -0.0000   -0.0000
   70 O3     4py        0.0000   -0.0076   -0.0000   -0.0000    0.0000    0.0000   -0.0000    0.7115    0.0000    0.0000
   71 O3     2pz        0.0000   -0.0000   -0.0016   -0.0000    0.0070    0.0000    0.3496    0.0000    0.0000   -0.0000
   72 O3     3pz        0.0000   -0.0000    0.0039    0.0000    0.0023    0.0000    0.3446    0.0000    0.0000   -0.0000
   73 O3     4pz       -0.0000   -0.0000    0.0014    0.0000   -0.0040   -0.0000    0.1510    0.0000    0.0000   -0.0000
   74 O3     3d2-      -0.0000   -0.0000   -0.0000    0.0005   -0.0000    0.0047    0.0000    0.0000   -0.0267    0.0000
   75 O3     4d2-      -0.0000   -0.0000   -0.0000    0.0028   -0.0000    0.0019    0.0000    0.0000   -0.2881   -0.0000
   76 O3     3d1-       0.0000   -0.0000    0.0007    0.0000    0.0048    0.0000    0.0272    0.0000    0.0000    0.0000
   77 O3     4d1-       0.0000   -0.0000    0.0032    0.0000    0.0018    0.0000    0.2862    0.0000    0.0000   -0.0000
   78 O3     3d0       -0.0000    0.1062   -0.0000   -0.0000    0.0000    0.0000   -0.0000    0.3921    0.0000    0.0000
   79 O3     4d0       -0.0000    0.0903    0.0000    0.0000   -0.0000   -0.0000   -0.0000    0.2565    0.0000   -0.0000
   80 O3     3d1+       0.1249    0.0000    0.0000    0.0000   -0.0000   -0.0000   -0.0000    0.0000   -0.0000   -0.3113
   81 O3     4d1+       0.1045    0.0000   -0.0000    0.0000    0.0000   -0.0000    0.0000   -0.0000    0.0000    0.2817
   82 O3     3d2+       0.0000   -0.0657   -0.0000    0.0000    0.0000   -0.0000   -0.0000    0.7072    0.0000   -0.0000
   83 O3     4d2+       0.0000   -0.0526   -0.0000   -0.0000    0.0000    0.0000   -0.0000    0.4276    0.0000    0.0000
   84 O3     4f3-      -0.0000    0.2907    0.0000   -0.0000   -0.0000   -0.0000    0.0000   -0.2500   -0.0000   -0.0000
   85 O3     4f2-      -0.4754   -0.0000   -0.0000   -0.0000   -0.0000    0.0000    0.0000    0.0000   -0.0000   -0.5997
   86 O3     4f1-       0.0000   -0.3761    0.0000    0.0000   -0.0000    0.0000    0.0000   -0.2310   -0.0000    0.0000
   87 O3     4f0        0.0000   -0.0000    0.3610    0.0000   -0.5602   -0.0000    0.3000    0.0000    0.0000   -0.0000
   88 O3     4f1+      -0.0000   -0.0000   -0.0000    0.4387    0.0000   -0.6855   -0.0000    0.0000   -0.1195   -0.0000
   89 O3     4f2+       0.0000    0.0000   -0.2715   -0.0000    0.4323    0.0000    0.3942    0.0000    0.0000    0.0000
   90 O3     4f3+       0.0000   -0.0000    0.0000   -0.1074   -0.0000    0.1757    0.0000    0.0000   -0.4803    0.0000
 
 
      Orbital               61        62        63        64        65        66        67        68        69        70
      Energy            4.3070    4.4369    4.4372    4.5001    4.5002    4.5699    4.6165    4.6482    4.7069    4.7243
      Occ. No.          0.0000    0.0000    0.0000    0.0000    0.0000    0.0000    0.0000    0.0000    0.0000    0.0000
 
    1 O1     1s         0.0388    0.0000   -0.0000   -0.0000   -0.0074    0.0524    0.4970   -0.6602   -0.0000   -0.0000
    2 O1     2s         0.2557   -0.0000   -0.0000   -0.0000   -0.0496    0.5701    3.1546   -4.6045   -0.0000   -0.0000
    3 O1     3s         0.1567   -0.0000   -0.0000   -0.0000   -0.0337    0.6737    1.9039   -3.1744   -0.0000   -0.0000
    4 O1     4s         0.0500   -0.0000   -0.0000   -0.0000   -0.0115    0.3749    0.6334   -0.8528   -0.0000   -0.0000
    5 O1     2px        0.0000    0.0000   -0.0033    0.0000    0.0000   -0.0000   -0.0000    0.0000    0.0000   -0.3593
    6 O1     3px        0.0000    0.0000    0.0003   -0.0000    0.0000    0.0000   -0.0000    0.0000    0.0000   -0.1919
    7 O1     4px        0.0000   -0.0000    0.0033    0.0000    0.0000   -0.0000    0.0000   -0.0000   -0.0000    0.2412
    8 O1     2py       -0.1585    0.0000    0.0000    0.0000    0.0311   -0.0187   -1.7513    2.4455    0.0000    0.0000
    9 O1     3py       -0.1084    0.0000    0.0000    0.0000    0.0237   -0.0986   -1.2134    1.7081    0.0000    0.0000
   10 O1     4py        0.0452   -0.0000   -0.0000   -0.0000   -0.0094    0.2996    0.4596   -0.9289   -0.0000   -0.0000
   11 O1     2pz       -0.0000   -0.0089   -0.0000    0.0000    0.0000    0.0000   -0.0000    0.0000   -0.3617   -0.0000
   12 O1     3pz       -0.0000    0.0006    0.0000   -0.0000    0.0000    0.0000    0.0000    0.0000   -0.1950   -0.0000
   13 O1     4pz        0.0000    0.0027    0.0000    0.0000   -0.0000   -0.0000    0.0000   -0.0000    0.2433    0.0000
   14 O1     3d2-       0.0000   -0.0000    0.0025    0.0000    0.0000   -0.0000   -0.0000   -0.0000   -0.0000    0.6155
   15 O1     4d2-      -0.0000   -0.0000    0.0018   -0.0000   -0.0000    0.0000    0.0000    0.0000    0.0000   -0.3899
   16 O1     3d1-       0.0000    0.0023    0.0000    0.0000   -0.0000   -0.0000    0.0000   -0.0000    0.6187    0.0000
   17 O1     4d1-      -0.0000    0.0022    0.0000   -0.0000    0.0000    0.0000   -0.0000    0.0000   -0.3871   -0.0000
   18 O1     3d0       -0.2966   -0.0000    0.0000   -0.0000   -0.1495   -0.1491   -0.3393    0.3751   -0.0000   -0.0000
   19 O1     4d0        0.2329    0.0000   -0.0000    0.0000    0.2236    0.2007    0.0213    0.1604    0.0000    0.0000
   20 O1     3d1+      -0.0000   -0.0000   -0.0000    0.1801   -0.0000    0.0000    0.0000    0.0000    0.0000   -0.0000
   21 O1     4d1+       0.0000    0.0000   -0.0000   -0.2561    0.0000   -0.0000   -0.0000   -0.0000   -0.0000    0.0000
   22 O1     3d2+       0.1082    0.0000   -0.0000    0.0000    0.1012   -0.2301   -0.5992    0.6561    0.0000    0.0000
   23 O1     4d2+      -0.1598   -0.0000    0.0000   -0.0000   -0.1250    0.3062    0.0455    0.2854   -0.0000   -0.0000
   24 O1     4f3-      -0.3731    0.0000   -0.0000    0.0000    0.2023    0.2664    0.2723    0.2718    0.0000   -0.0000
   25 O1     4f2-       0.0000   -0.0000    0.0000    0.3347   -0.0000   -0.0000    0.0000   -0.0000   -0.0000    0.0000
   26 O1     4f1-       0.4683   -0.0000    0.0000   -0.0000   -0.2665    0.2052    0.1895    0.2199    0.0000    0.0000
   27 O1     4f0       -0.0000    0.4371    0.0000    0.0000   -0.0000   -0.0000    0.0000   -0.0000    0.1638    0.0000
   28 O1     4f1+       0.0000   -0.0000    0.5359   -0.0000    0.0000    0.0000   -0.0000   -0.0000   -0.0000    0.0657
   29 O1     4f2+      -0.0000   -0.3393   -0.0000   -0.0000    0.0000    0.0000    0.0000   -0.0000    0.2139    0.0000
   30 O1     4f3+      -0.0000    0.0000   -0.1384   -0.0000   -0.0000    0.0000    0.0000   -0.0000   -0.0000    0.2600
   31 O2     1s        -0.0742    0.0000    0.0000    0.0000    0.0160    0.0000   -0.8699    0.0000    0.0000    0.0000
   32 O2     2s        -0.5054    0.0000    0.0000    0.0000    0.1055    0.0000   -5.9392    0.0000    0.0000    0.0000
   33 O2     3s        -0.3355    0.0000    0.0000    0.0000    0.0628    0.0000   -3.8009    0.0000    0.0000    0.0000
   34 O2     4s        -0.0816    0.0000   -0.0000    0.0000    0.0216    0.0000   -1.5267    0.0000    0.0000    0.0000
   35 O2     2px       -0.0000   -0.0000    0.0056    0.0000   -0.0000   -0.0000    0.0000    0.0000    0.0000    0.0000
   36 O2     3px       -0.0000   -0.0000    0.0004    0.0000   -0.0000   -0.0000    0.0000    0.0000    0.0000    0.0000
   37 O2     4px        0.0000    0.0000   -0.0062    0.0000   -0.0000   -0.0000   -0.0000    0.0000    0.0000   -0.0000
   38 O2     2py        0.0000   -0.0000    0.0000    0.0000   -0.0000   -0.8308    0.0000    5.4190    0.0000    0.0000
   39 O2     3py        0.0000    0.0000    0.0000    0.0000   -0.0000   -0.8202    0.0000    4.4839    0.0000    0.0000
   40 O2     4py       -0.0000   -0.0000   -0.0000   -0.0000    0.0000   -0.6299   -0.0000   -1.2843   -0.0000    0.0000
   41 O2     2pz        0.0000    0.0115    0.0000   -0.0000   -0.0000    0.0000   -0.0000    0.0000    0.0000    0.0000
   42 O2     3pz        0.0000    0.0018    0.0000   -0.0000   -0.0000    0.0000   -0.0000    0.0000    0.0000    0.0000
   43 O2     4pz        0.0000   -0.0056   -0.0000   -0.0000   -0.0000    0.0000   -0.0000   -0.0000   -0.0000    0.0000
   44 O2     3d2-      -0.0000   -0.0000    0.0000    0.0000    0.0000    0.0000    0.0000   -0.0000   -0.0000    0.6679
   45 O2     4d2-      -0.0000   -0.0000    0.0000   -0.0000    0.0000   -0.0000    0.0000   -0.0000   -0.0000    0.5890
   46 O2     3d1-       0.0000    0.0000    0.0000    0.0000   -0.0000   -0.0000    0.0000   -0.0000    0.6730    0.0000
   47 O2     4d1-       0.0000    0.0000    0.0000    0.0000   -0.0000   -0.0000    0.0000   -0.0000    0.5932    0.0000
   48 O2     3d0        0.2392   -0.0000    0.0000   -0.0000   -0.5243   -0.0000    0.7239   -0.0000   -0.0000   -0.0000
   49 O2     4d0        0.2508    0.0000   -0.0000    0.0000    0.4472   -0.0000    0.3738   -0.0000   -0.0000   -0.0000
   50 O2     3d1+       0.0000   -0.0000   -0.0000    0.5942   -0.0000   -0.0000   -0.0000   -0.0000   -0.0000   -0.0000
   51 O2     4d1+       0.0000    0.0000    0.0000   -0.5206    0.0000    0.0000    0.0000    0.0000    0.0000   -0.0000
   52 O2     3d2+      -0.0068    0.0000   -0.0000    0.0000    0.2802   -0.0000    1.2804   -0.0000   -0.0000   -0.0000
   53 O2     4d2+      -0.0953   -0.0000    0.0000   -0.0000   -0.2665   -0.0000    0.6452   -0.0000   -0.0000   -0.0000
   54 O2     4f3-       0.0000   -0.0000    0.0000   -0.0000   -0.0000   -0.2708   -0.0000    0.2077   -0.0000   -0.0000
   55 O2     4f2-      -0.0000    0.0000    0.0000   -0.0000   -0.0000    0.0000   -0.0000   -0.0000   -0.0000    0.0000
   56 O2     4f1-      -0.0000   -0.0000   -0.0000   -0.0000    0.0000   -0.2003   -0.0000    0.1797    0.0000    0.0000
   57 O2     4f0        0.0000   -0.5928   -0.0000   -0.0000    0.0000    0.0000   -0.0000    0.0000    0.0000   -0.0000
   58 O2     4f1+      -0.0000    0.0000   -0.7241   -0.0000   -0.0000    0.0000    0.0000    0.0000    0.0000    0.0000
   59 O2     4f2+      -0.0000    0.4552    0.0000    0.0000   -0.0000    0.0000    0.0000    0.0000    0.0000    0.0000
   60 O2     4f3+       0.0000   -0.0000    0.1845   -0.0000    0.0000    0.0000   -0.0000   -0.0000   -0.0000    0.0000
   61 O3     1s         0.0388   -0.0000   -0.0000   -0.0000   -0.0074   -0.0524    0.4970    0.6602    0.0000    0.0000
   62 O3     2s         0.2557   -0.0000   -0.0000   -0.0000   -0.0496   -0.5701    3.1546    4.6045    0.0000    0.0000
   63 O3     3s         0.1567   -0.0000   -0.0000   -0.0000   -0.0337   -0.6737    1.9039    3.1744    0.0000    0.0000
   64 O3     4s         0.0500   -0.0000   -0.0000   -0.0000   -0.0115   -0.3749    0.6334    0.8528    0.0000    0.0000
   65 O3     2px        0.0000    0.0000   -0.0033   -0.0000    0.0000    0.0000   -0.0000   -0.0000   -0.0000    0.3593
   66 O3     3px        0.0000   -0.0000    0.0003   -0.0000    0.0000   -0.0000   -0.0000   -0.0000   -0.0000    0.1919
   67 O3     4px        0.0000   -0.0000    0.0033   -0.0000    0.0000    0.0000    0.0000    0.0000    0.0000   -0.2412
   68 O3     2py        0.1585   -0.0000   -0.0000   -0.0000   -0.0311   -0.0187    1.7513    2.4455    0.0000    0.0000
   69 O3     3py        0.1084   -0.0000   -0.0000   -0.0000   -0.0237   -0.0986    1.2134    1.7081    0.0000    0.0000
   70 O3     4py       -0.0452    0.0000    0.0000    0.0000    0.0094    0.2996   -0.4596   -0.9289   -0.0000   -0.0000
   71 O3     2pz       -0.0000   -0.0089   -0.0000    0.0000    0.0000   -0.0000    0.0000   -0.0000    0.3617    0.0000
   72 O3     3pz       -0.0000    0.0006    0.0000   -0.0000   -0.0000   -0.0000    0.0000   -0.0000    0.1950    0.0000
   73 O3     4pz       -0.0000    0.0027    0.0000    0.0000    0.0000    0.0000   -0.0000    0.0000   -0.2433   -0.0000
   74 O3     3d2-      -0.0000    0.0000   -0.0025    0.0000   -0.0000   -0.0000    0.0000   -0.0000   -0.0000    0.6155
   75 O3     4d2-       0.0000    0.0000   -0.0018   -0.0000    0.0000    0.0000   -0.0000    0.0000    0.0000   -0.3899
   76 O3     3d1-       0.0000   -0.0023   -0.0000   -0.0000   -0.0000   -0.0000    0.0000   -0.0000    0.6187    0.0000
   77 O3     4d1-      -0.0000   -0.0022   -0.0000    0.0000    0.0000    0.0000   -0.0000    0.0000   -0.3871   -0.0000
   78 O3     3d0       -0.2966   -0.0000    0.0000   -0.0000   -0.1495    0.1491   -0.3393   -0.3751    0.0000    0.0000
   79 O3     4d0        0.2329    0.0000   -0.0000    0.0000    0.2236   -0.2007    0.0213   -0.1604   -0.0000   -0.0000
   80 O3     3d1+      -0.0000   -0.0000   -0.0000    0.1801   -0.0000   -0.0000   -0.0000   -0.0000   -0.0000    0.0000
   81 O3     4d1+       0.0000    0.0000    0.0000   -0.2561    0.0000    0.0000    0.0000    0.0000    0.0000   -0.0000
   82 O3     3d2+       0.1082    0.0000   -0.0000    0.0000    0.1012    0.2301   -0.5992   -0.6561   -0.0000   -0.0000
   83 O3     4d2+      -0.1598   -0.0000    0.0000   -0.0000   -0.1250   -0.3062    0.0455   -0.2854    0.0000    0.0000
   84 O3     4f3-       0.3731   -0.0000    0.0000   -0.0000   -0.2023    0.2664   -0.2723    0.2718    0.0000   -0.0000
   85 O3     4f2-      -0.0000    0.0000    0.0000   -0.3347    0.0000    0.0000   -0.0000    0.0000   -0.0000    0.0000
   86 O3     4f1-      -0.4683    0.0000   -0.0000    0.0000    0.2665    0.2052   -0.1895    0.2199    0.0000    0.0000
   87 O3     4f0       -0.0000    0.4371    0.0000    0.0000   -0.0000    0.0000   -0.0000    0.0000   -0.1638   -0.0000
   88 O3     4f1+       0.0000   -0.0000    0.5359    0.0000    0.0000   -0.0000   -0.0000    0.0000    0.0000   -0.0657
   89 O3     4f2+       0.0000   -0.3393   -0.0000   -0.0000    0.0000    0.0000   -0.0000    0.0000   -0.2139   -0.0000
   90 O3     4f3+      -0.0000    0.0000   -0.1384   -0.0000   -0.0000   -0.0000    0.0000    0.0000    0.0000   -0.2600
 
 
      Orbital               71        72        73        74        75        76        77        78        79        80
      Energy            4.7256    4.7258    4.9720    5.3833    5.3834    5.7344    5.7545    5.7561    5.7731    5.8638
      Occ. No.          0.0000    0.0000    0.0000    0.0000    0.0000    0.0000    0.0000    0.0000    0.0000    0.0000
 
    1 O1     1s        -0.0000   -0.0028   -0.1698    0.0000   -0.0056   -0.0000    0.0000   -0.0000   -0.0000    0.0000
    2 O1     2s        -0.0000   -0.0276   -1.1588    0.0000   -0.0394    0.0000    0.0000   -0.0000   -0.0000    0.0000
    3 O1     3s        -0.0000   -0.0322   -0.8526    0.0000   -0.0298    0.0000    0.0000   -0.0000   -0.0000    0.0000
    4 O1     4s        -0.0000   -0.0168   -1.0850    0.0000   -0.0098   -0.0000    0.0000   -0.0000   -0.0000    0.0000
    5 O1     2px       -0.0000    0.0000    0.0000   -0.0000    0.0000    0.0000   -0.0000    0.0478    0.3282    0.0000
    6 O1     3px       -0.0000    0.0000    0.0000   -0.0000   -0.0000    0.0000   -0.0000    0.0260    0.5760    0.0000
    7 O1     4px        0.0000   -0.0000   -0.0000   -0.0000    0.0000    0.0000   -0.0000    0.0142    0.1301    0.0000
    8 O1     2py        0.0000    0.0043    0.2012   -0.0000    0.0254   -0.0000   -0.0000    0.0000    0.0000   -0.0000
    9 O1     3py        0.0000    0.0081    0.2172   -0.0000    0.0221   -0.0000   -0.0000    0.0000    0.0000   -0.0000
   10 O1     4py       -0.0000   -0.0111    0.0311    0.0000   -0.0059    0.0000    0.0000   -0.0000   -0.0000    0.0000
   11 O1     2pz        0.0000    0.0000    0.0000   -0.0000   -0.0000    0.0417   -0.3304   -0.0000   -0.0000    0.0000
   12 O1     3pz        0.0000    0.0000    0.0000    0.0000   -0.0000    0.0232   -0.5756   -0.0000   -0.0000    0.0000
   13 O1     4pz       -0.0000   -0.0000    0.0000   -0.0000    0.0000    0.0160   -0.1308   -0.0000   -0.0000   -0.0000
   14 O1     3d2-       0.0000   -0.0000   -0.0000   -0.0000   -0.0000   -0.0000   -0.0000    0.1128    0.0825    0.0000
   15 O1     4d2-      -0.0000    0.0000    0.0000    0.0000    0.0000   -0.0000   -0.0000    0.1313   -0.8164   -0.0000
   16 O1     3d1-      -0.0000   -0.0000   -0.0000    0.0000    0.0000    0.1162   -0.0842   -0.0000   -0.0000   -0.0000
   17 O1     4d1-       0.0000    0.0000    0.0000   -0.0000    0.0000    0.1345    0.8161    0.0000    0.0000   -0.0000
   18 O1     3d0       -0.0000   -0.3200   -0.0360    0.0000   -0.0417   -0.0000   -0.0000   -0.0000    0.0000   -0.0000
   19 O1     4d0        0.0000    0.5096    0.0422   -0.0000    0.4923    0.0000   -0.0000   -0.0000    0.0000   -0.0000
   20 O1     3d1+       0.3758   -0.0000    0.0000   -0.0510   -0.0000    0.0000    0.0000   -0.0000   -0.0000    0.2011
   21 O1     4d1+      -0.5949    0.0000   -0.0000    0.5619    0.0000    0.0000    0.0000   -0.0000    0.0000    0.2512
   22 O1     3d2+       0.0000    0.1968   -0.0640   -0.0000    0.0298   -0.0000   -0.0000    0.0000   -0.0000    0.0000
   23 O1     4d2+      -0.0000   -0.3064    0.0724    0.0000   -0.2710   -0.0000    0.0000    0.0000    0.0000    0.0000
   24 O1     4f3-      -0.0000   -0.0445   -0.0319   -0.0000    0.2146    0.0000   -0.0000   -0.0000    0.0000   -0.0000
   25 O1     4f2-      -0.0560    0.0000   -0.0000   -0.3498   -0.0000   -0.0000   -0.0000    0.0000    0.0000   -0.6219
   26 O1     4f1-       0.0000    0.0364   -0.0322    0.0000   -0.2762   -0.0000    0.0000    0.0000   -0.0000    0.0000
   27 O1     4f0       -0.0000   -0.0000   -0.0000    0.0000    0.0000    0.3331    0.1320    0.0000   -0.0000   -0.0000
   28 O1     4f1+       0.0000   -0.0000   -0.0000   -0.0000   -0.0000   -0.0000   -0.0000    0.1346   -0.0541    0.0000
   29 O1     4f2+      -0.0000   -0.0000   -0.0000   -0.0000    0.0000    0.4325    0.1710    0.0000   -0.0000   -0.0000
   30 O1     4f3+       0.0000   -0.0000   -0.0000   -0.0000    0.0000   -0.0000   -0.0000    0.5272   -0.2106    0.0000
   31 O2     1s         0.0000    0.0000    0.0000   -0.0000    0.0144    0.0000    0.0000   -0.0000    0.0000   -0.0000
   32 O2     2s         0.0000    0.0000    0.0000   -0.0000    0.0911    0.0000   -0.0000   -0.0000    0.0000   -0.0000
   33 O2     3s         0.0000    0.0000    0.0000   -0.0000    0.0579    0.0000   -0.0000   -0.0000    0.0000   -0.0000
   34 O2     4s         0.0000    0.0000    0.0000   -0.0000    0.0158    0.0000    0.0000   -0.0000    0.0000   -0.0000
   35 O2     2px        0.0000    0.0000   -0.0000    0.0000    0.0000   -0.0000    0.0000   -0.0000   -1.0453   -0.0000
   36 O2     3px       -0.0000    0.0000   -0.0000    0.0000    0.0000   -0.0000    0.0000   -0.0000   -1.0552   -0.0000
   37 O2     4px       -0.0000    0.0000   -0.0000    0.0000   -0.0000   -0.0000    0.0000   -0.0000   -0.1147   -0.0000
   38 O2     2py        0.0000    0.0365    0.7122   -0.0000   -0.0000   -0.0000   -0.0000    0.0000   -0.0000   -0.0000
   39 O2     3py        0.0000    0.0346    1.4626   -0.0000    0.0000   -0.0000   -0.0000    0.0000   -0.0000   -0.0000
   40 O2     4py        0.0000    0.0223    0.5409   -0.0000    0.0000    0.0000    0.0000   -0.0000    0.0000    0.0000
   41 O2     2pz        0.0000    0.0000   -0.0000    0.0000   -0.0000   -0.0000    1.0453    0.0000    0.0000   -0.0000
   42 O2     3pz        0.0000    0.0000   -0.0000   -0.0000    0.0000   -0.0000    1.0557    0.0000    0.0000   -0.0000
   43 O2     4pz       -0.0000    0.0000   -0.0000    0.0000   -0.0000   -0.0000    0.1159    0.0000    0.0000   -0.0000
   44 O2     3d2-       0.0000   -0.0000   -0.0000   -0.0000   -0.0000   -0.0000   -0.0000    0.6304   -0.0000    0.0000
   45 O2     4d2-       0.0000   -0.0000   -0.0000    0.0000   -0.0000    0.0000    0.0000   -0.7023    0.0000   -0.0000
   46 O2     3d1-      -0.0000   -0.0000   -0.0000   -0.0000    0.0000    0.6390    0.0000    0.0000   -0.0000   -0.0000
   47 O2     4d1-      -0.0000   -0.0000   -0.0000    0.0000    0.0000   -0.6958   -0.0000   -0.0000    0.0000    0.0000
   48 O2     3d0       -0.0000   -0.0000   -0.0000    0.0000   -0.0710    0.0000    0.0000    0.0000   -0.0000    0.0000
   49 O2     4d0       -0.0000    0.0000   -0.0000    0.0000   -0.7350   -0.0000    0.0000    0.0000   -0.0000   -0.0000
   50 O2     3d1+       0.0000   -0.0000    0.0000   -0.0779   -0.0000   -0.0000   -0.0000   -0.0000   -0.0000   -0.0000
   51 O2     4d1+      -0.0000   -0.0000   -0.0000   -0.8460   -0.0000   -0.0000   -0.0000   -0.0000   -0.0000   -0.0000
   52 O2     3d2+      -0.0000   -0.0000   -0.0000   -0.0000    0.0328   -0.0000    0.0000   -0.0000   -0.0000   -0.0000
   53 O2     4d2+      -0.0000   -0.0000   -0.0000   -0.0000    0.4189   -0.0000    0.0000    0.0000    0.0000    0.0000
   54 O2     4f3-      -0.0000   -0.0651   -0.2359   -0.0000   -0.0000    0.0000   -0.0000   -0.0000    0.0000   -0.0000
   55 O2     4f2-      -0.1241    0.0000   -0.0000    0.0000    0.0000   -0.0000   -0.0000    0.0000    0.0000   -1.0444
   56 O2     4f1-       0.0000    0.1063   -0.1915   -0.0000    0.0000   -0.0000    0.0000    0.0000   -0.0000    0.0000
   57 O2     4f0       -0.0000    0.0000    0.0000   -0.0000   -0.0000   -0.0000    0.1703    0.0000    0.0000   -0.0000
   58 O2     4f1+      -0.0000   -0.0000    0.0000   -0.0000    0.0000   -0.0000    0.0000   -0.0000   -0.0693   -0.0000
   59 O2     4f2+       0.0000   -0.0000    0.0000    0.0000    0.0000   -0.0000    0.2208    0.0000    0.0000   -0.0000
   60 O2     4f3+      -0.0000   -0.0000    0.0000    0.0000    0.0000   -0.0000    0.0000   -0.0000   -0.2709   -0.0000
   61 O3     1s        -0.0000    0.0028    0.1698    0.0000   -0.0056   -0.0000   -0.0000    0.0000   -0.0000   -0.0000
   62 O3     2s        -0.0000    0.0276    1.1588    0.0000   -0.0394   -0.0000   -0.0000    0.0000   -0.0000   -0.0000
   63 O3     3s         0.0000    0.0322    0.8526    0.0000   -0.0298   -0.0000   -0.0000    0.0000   -0.0000   -0.0000
   64 O3     4s         0.0000    0.0168    1.0850    0.0000   -0.0098   -0.0000   -0.0000    0.0000   -0.0000   -0.0000
   65 O3     2px        0.0000   -0.0000   -0.0000   -0.0000    0.0000    0.0000    0.0000   -0.0478    0.3282    0.0000
   66 O3     3px        0.0000   -0.0000   -0.0000   -0.0000   -0.0000    0.0000    0.0000   -0.0260    0.5760    0.0000
   67 O3     4px       -0.0000    0.0000    0.0000   -0.0000    0.0000    0.0000    0.0000   -0.0142    0.1301   -0.0000
   68 O3     2py       -0.0000    0.0043    0.2012    0.0000   -0.0254   -0.0000   -0.0000    0.0000   -0.0000   -0.0000
   69 O3     3py       -0.0000    0.0081    0.2172    0.0000   -0.0221   -0.0000   -0.0000    0.0000   -0.0000   -0.0000
   70 O3     4py       -0.0000   -0.0111    0.0311   -0.0000    0.0059    0.0000    0.0000   -0.0000    0.0000    0.0000
   71 O3     2pz       -0.0000   -0.0000    0.0000   -0.0000   -0.0000   -0.0417   -0.3304   -0.0000   -0.0000   -0.0000
   72 O3     3pz       -0.0000   -0.0000    0.0000    0.0000   -0.0000   -0.0232   -0.5756   -0.0000   -0.0000   -0.0000
   73 O3     4pz        0.0000    0.0000    0.0000   -0.0000   -0.0000   -0.0160   -0.1308   -0.0000   -0.0000    0.0000
   74 O3     3d2-       0.0000   -0.0000   -0.0000   -0.0000    0.0000   -0.0000   -0.0000    0.1128   -0.0825    0.0000
   75 O3     4d2-      -0.0000    0.0000    0.0000   -0.0000   -0.0000    0.0000   -0.0000    0.1313    0.8164    0.0000
   76 O3     3d1-      -0.0000   -0.0000   -0.0000   -0.0000    0.0000    0.1162    0.0842    0.0000    0.0000   -0.0000
   77 O3     4d1-       0.0000    0.0000    0.0000    0.0000   -0.0000    0.1345   -0.8161   -0.0000   -0.0000   -0.0000
   78 O3     3d0        0.0000    0.3200    0.0360    0.0000   -0.0417    0.0000    0.0000    0.0000    0.0000    0.0000
   79 O3     4d0       -0.0000   -0.5096   -0.0422   -0.0000    0.4923   -0.0000    0.0000    0.0000    0.0000    0.0000
   80 O3     3d1+      -0.3758    0.0000    0.0000   -0.0510   -0.0000   -0.0000    0.0000    0.0000    0.0000   -0.2011
   81 O3     4d1+       0.5949   -0.0000    0.0000    0.5619    0.0000   -0.0000    0.0000    0.0000    0.0000   -0.2512
   82 O3     3d2+      -0.0000   -0.1968    0.0640   -0.0000    0.0298    0.0000    0.0000   -0.0000   -0.0000   -0.0000
   83 O3     4d2+       0.0000    0.3064   -0.0724    0.0000   -0.2710    0.0000    0.0000   -0.0000    0.0000   -0.0000
   84 O3     4f3-      -0.0000   -0.0445   -0.0319    0.0000   -0.2146    0.0000   -0.0000   -0.0000   -0.0000   -0.0000
   85 O3     4f2-      -0.0560    0.0000    0.0000    0.3498    0.0000   -0.0000    0.0000    0.0000    0.0000   -0.6219
   86 O3     4f1-       0.0000    0.0364   -0.0322   -0.0000    0.2762   -0.0000    0.0000    0.0000    0.0000    0.0000
   87 O3     4f0        0.0000    0.0000    0.0000    0.0000   -0.0000   -0.3331    0.1320    0.0000    0.0000    0.0000
   88 O3     4f1+      -0.0000    0.0000    0.0000    0.0000   -0.0000    0.0000    0.0000   -0.1346   -0.0541   -0.0000
   89 O3     4f2+       0.0000    0.0000    0.0000   -0.0000   -0.0000   -0.4325    0.1710    0.0000    0.0000    0.0000
   90 O3     4f3+      -0.0000    0.0000    0.0000    0.0000    0.0000    0.0000    0.0000   -0.5272   -0.2106   -0.0000
 
 
      Orbital               81        82        83        84        85        86        87        88        89        90
      Energy            5.8641    6.0594    6.8764    7.2661    7.2909    7.9429    7.9745    8.3041   10.3423   10.3944
      Occ. No.          0.0000    0.0000    0.0000    0.0000    0.0000    0.0000    0.0000    0.0000    0.0000    0.0000
 
    1 O1     1s         0.0101   -0.0888    0.2076   -0.0000   -0.0000    0.0000    0.0000    0.5617   -2.2941   -1.7258
    2 O1     2s         0.0685   -0.8433    1.8605   -0.0000   -0.0000    0.0000    0.0000    2.9374  -14.3977  -11.2564
    3 O1     3s         0.0441   -0.9502    1.6950   -0.0000   -0.0000    0.0000    0.0000    1.3043   -8.0914   -6.6172
    4 O1     4s         0.0040   -0.5798    0.4298   -0.0000   -0.0000    0.0000    0.0000    0.3187   -0.9553   -0.8729
    5 O1     2px        0.0000   -0.0000    0.0000    0.0000    1.4047   -0.0000    1.0412   -0.0000    0.0000   -0.0000
    6 O1     3px        0.0000   -0.0000    0.0000    0.0000    1.0147   -0.0000    0.6344   -0.0000   -0.0000   -0.0000
    7 O1     4px       -0.0000   -0.0000   -0.0000   -0.0000   -0.5041    0.0000   -0.3932    0.0000   -0.0000    0.0000
    8 O1     2py       -0.0412    0.5918   -1.6433    0.0000    0.0000   -0.0000   -0.0000   -1.0490    9.0505    7.1624
    9 O1     3py       -0.0247    0.9323   -1.6653    0.0000    0.0000    0.0000   -0.0000   -0.4329    5.1796    4.2647
   10 O1     4py        0.0151   -0.0394    0.4348   -0.0000   -0.0000   -0.0000    0.0000    0.1180   -2.8153   -2.1457
   11 O1     2pz        0.0000    0.0000   -0.0000   -1.4033    0.0000   -1.0431   -0.0000    0.0000    0.0000   -0.0000
   12 O1     3pz        0.0000    0.0000   -0.0000   -1.0142    0.0000   -0.6337   -0.0000    0.0000    0.0000    0.0000
   13 O1     4pz        0.0000    0.0000   -0.0000    0.5039   -0.0000    0.3935    0.0000   -0.0000   -0.0000   -0.0000
   14 O1     3d2-      -0.0000    0.0000   -0.0000   -0.0000   -1.0513    0.0000   -0.9763    0.0000   -0.0000    0.0000
   15 O1     4d2-      -0.0000    0.0000   -0.0000   -0.0000   -1.0556    0.0000   -0.6114    0.0000    0.0000    0.0000
   16 O1     3d1-      -0.0000   -0.0000    0.0000    1.0489   -0.0000    0.9760    0.0000   -0.0000   -0.0000   -0.0000
   17 O1     4d1-      -0.0000   -0.0000    0.0000    1.0555   -0.0000    0.6116    0.0000   -0.0000   -0.0000   -0.0000
   18 O1     3d0       -0.1811   -0.0009   -0.3161    0.0000    0.0000    0.0000    0.0000    0.0991    1.6221    1.4160
   19 O1     4d0       -0.2194    0.3862   -0.5608    0.0000    0.0000    0.0000    0.0000    0.1125    0.9261    0.7186
   20 O1     3d1+      -0.0000    0.0000    0.0000    0.0000    0.0000    0.0000    0.0000    0.0000   -0.0000   -0.0000
   21 O1     4d1+      -0.0000    0.0000    0.0000   -0.0000    0.0000   -0.0000   -0.0000   -0.0000   -0.0000   -0.0000
   22 O1     3d2+       0.0885   -0.0023   -0.5453    0.0000    0.0000    0.0000    0.0000    0.1711    2.8100    2.4534
   23 O1     4d2+       0.1223    0.6823   -0.9735    0.0000    0.0000    0.0000    0.0000    0.1942    1.6047    1.2452
   24 O1     4f3-      -0.3840   -0.1603    0.3462   -0.0000   -0.0000   -0.0000   -0.0000   -0.4197   -0.6671   -0.7965
   25 O1     4f2-       0.0000   -0.0000   -0.0000   -0.0000   -0.0000   -0.0000    0.0000    0.0000    0.0000    0.0000
   26 O1     4f1-       0.4891   -0.1198    0.2690    0.0000   -0.0000   -0.0000   -0.0000   -0.3245   -0.5162   -0.6157
   27 O1     4f0       -0.0000   -0.0000    0.0000    0.4597   -0.0000    0.4957    0.0000   -0.0000   -0.0000   -0.0000
   28 O1     4f1+      -0.0000    0.0000   -0.0000   -0.0000   -0.1878    0.0000   -0.2019    0.0000   -0.0000    0.0000
   29 O1     4f2+      -0.0000   -0.0000    0.0000    0.5942   -0.0000    0.6412    0.0000   -0.0000   -0.0000   -0.0000
   30 O1     4f3+      -0.0000    0.0000   -0.0000   -0.0000   -0.7293    0.0000   -0.7848    0.0000   -0.0000   -0.0000
   31 O2     1s        -0.0000    0.5536   -0.0000    0.0000   -0.0000    0.0000   -0.0000   -0.2915    4.2783    0.0000
   32 O2     2s        -0.0000    3.0112    0.0000    0.0000   -0.0000    0.0000   -0.0000   -3.2168   27.9126    0.0000
   33 O2     3s        -0.0000    1.6031   -0.0000    0.0000   -0.0000   -0.0000   -0.0000   -3.5898   16.5608    0.0000
   34 O2     4s        -0.0000    0.8855   -0.0000    0.0000   -0.0000   -0.0000   -0.0000   -1.3218    2.0460    0.0000
   35 O2     2px       -0.0000    0.0000    0.0000    0.0000    0.0000    0.0000   -2.0810    0.0000   -0.0000    0.0000
   36 O2     3px       -0.0000    0.0000    0.0000    0.0000    0.0000    0.0000   -1.3156    0.0000    0.0000   -0.0000
   37 O2     4px       -0.0000    0.0000   -0.0000   -0.0000   -0.0000   -0.0000    0.8260   -0.0000    0.0000    0.0000
   38 O2     2py       -0.0885   -0.0000   -2.5414    0.0000    0.0000   -0.0000   -0.0000   -0.0000   -0.0000   14.4193
   39 O2     3py       -0.0613   -0.0000   -0.7232    0.0000    0.0000   -0.0000   -0.0000   -0.0000   -0.0000    8.5562
   40 O2     4py        0.0267    0.0000    0.7938   -0.0000   -0.0000    0.0000    0.0000   -0.0000    0.0000   -4.2823
   41 O2     2pz       -0.0000    0.0000    0.0000   -0.0000   -0.0000    2.0826    0.0000   -0.0000   -0.0000   -0.0000
   42 O2     3pz       -0.0000   -0.0000    0.0000   -0.0000   -0.0000    1.3154    0.0000   -0.0000   -0.0000    0.0000
   43 O2     4pz       -0.0000   -0.0000    0.0000    0.0000    0.0000   -0.8270   -0.0000    0.0000    0.0000   -0.0000
   44 O2     3d2-      -0.0000    0.0000   -0.0000   -0.0000   -2.2025   -0.0000   -0.0000   -0.0000   -0.0000    0.0000
   45 O2     4d2-       0.0000   -0.0000   -0.0000   -0.0000   -2.0262   -0.0000   -0.0000   -0.0000   -0.0000    0.0000
   46 O2     3d1-      -0.0000   -0.0000    0.0000    2.1978   -0.0000    0.0000    0.0000    0.0000    0.0000   -0.0000
   47 O2     4d1-      -0.0000   -0.0000    0.0000    2.0261   -0.0000    0.0000    0.0000    0.0000   -0.0000   -0.0000
   48 O2     3d0        0.0000    0.2108   -0.0000   -0.0000    0.0000    0.0000    0.0000    0.5743   -3.5592   -0.0000
   49 O2     4d0        0.0000    0.0648   -0.0000   -0.0000    0.0000    0.0000    0.0000    1.0331   -2.1537   -0.0000
   50 O2     3d1+      -0.0000    0.0000    0.0000    0.0000   -0.0000   -0.0000    0.0000   -0.0000    0.0000   -0.0000
   51 O2     4d1+      -0.0000   -0.0000    0.0000   -0.0000    0.0000    0.0000   -0.0000    0.0000    0.0000   -0.0000
   52 O2     3d2+      -0.0000    0.3598   -0.0000   -0.0000    0.0000    0.0000    0.0000    0.9944   -6.1654   -0.0000
   53 O2     4d2+      -0.0000    0.0972   -0.0000   -0.0000    0.0000    0.0000    0.0000    1.7925   -3.7318   -0.0000
   54 O2     4f3-      -0.6413   -0.0000   -0.4858   -0.0000    0.0000    0.0000    0.0000    0.0000    0.0000   -1.4141
   55 O2     4f2-       0.0000   -0.0000   -0.0000   -0.0000   -0.0000   -0.0000    0.0000   -0.0000    0.0000   -0.0000
   56 O2     4f1-       0.8242   -0.0000   -0.3725    0.0000   -0.0000    0.0000    0.0000    0.0000    0.0000   -1.0932
   57 O2     4f0       -0.0000    0.0000   -0.0000    0.0000    0.0000   -0.9067   -0.0000    0.0000    0.0000   -0.0000
   58 O2     4f1+      -0.0000   -0.0000   -0.0000   -0.0000   -0.0000   -0.0000    0.3695   -0.0000    0.0000    0.0000
   59 O2     4f2+      -0.0000    0.0000   -0.0000    0.0000    0.0000   -1.1724   -0.0000    0.0000    0.0000   -0.0000
   60 O2     4f3+      -0.0000   -0.0000    0.0000   -0.0000   -0.0000   -0.0000    1.4356   -0.0000    0.0000    0.0000
   61 O3     1s        -0.0101   -0.0888   -0.2076   -0.0000    0.0000    0.0000    0.0000    0.5617   -2.2941    1.7258
   62 O3     2s        -0.0685   -0.8433   -1.8605   -0.0000    0.0000    0.0000    0.0000    2.9374  -14.3977   11.2564
   63 O3     3s        -0.0441   -0.9502   -1.6950   -0.0000    0.0000    0.0000    0.0000    1.3043   -8.0914    6.6172
   64 O3     4s        -0.0040   -0.5798   -0.4298   -0.0000    0.0000    0.0000    0.0000    0.3187   -0.9553    0.8729
   65 O3     2px       -0.0000   -0.0000   -0.0000   -0.0000   -1.4047   -0.0000    1.0412   -0.0000    0.0000    0.0000
   66 O3     3px       -0.0000   -0.0000   -0.0000   -0.0000   -1.0147   -0.0000    0.6344   -0.0000   -0.0000    0.0000
   67 O3     4px        0.0000   -0.0000    0.0000    0.0000    0.5041    0.0000   -0.3932    0.0000   -0.0000   -0.0000
   68 O3     2py       -0.0412   -0.5918   -1.6433   -0.0000    0.0000   -0.0000    0.0000    1.0490   -9.0505    7.1624
   69 O3     3py       -0.0247   -0.9323   -1.6653   -0.0000    0.0000   -0.0000    0.0000    0.4329   -5.1796    4.2647
   70 O3     4py        0.0151    0.0394    0.4348   -0.0000   -0.0000    0.0000   -0.0000   -0.1180    2.8153   -2.1457
   71 O3     2pz        0.0000   -0.0000    0.0000    1.4033   -0.0000   -1.0431   -0.0000    0.0000    0.0000    0.0000
   72 O3     3pz        0.0000    0.0000   -0.0000    1.0142   -0.0000   -0.6337   -0.0000    0.0000    0.0000   -0.0000
   73 O3     4pz        0.0000    0.0000   -0.0000   -0.5039    0.0000    0.3935    0.0000   -0.0000   -0.0000    0.0000
   74 O3     3d2-      -0.0000   -0.0000   -0.0000   -0.0000   -1.0513   -0.0000    0.9763   -0.0000    0.0000    0.0000
   75 O3     4d2-      -0.0000   -0.0000   -0.0000   -0.0000   -1.0556   -0.0000    0.6114   -0.0000   -0.0000    0.0000
   76 O3     3d1-      -0.0000   -0.0000   -0.0000    1.0489   -0.0000   -0.9760   -0.0000    0.0000    0.0000   -0.0000
   77 O3     4d1-       0.0000    0.0000   -0.0000    1.0555   -0.0000   -0.6116   -0.0000    0.0000    0.0000   -0.0000
   78 O3     3d0        0.1811   -0.0009    0.3161   -0.0000   -0.0000    0.0000    0.0000    0.0991    1.6221   -1.4160
   79 O3     4d0        0.2194    0.3862    0.5608   -0.0000   -0.0000    0.0000    0.0000    0.1125    0.9261   -0.7186
   80 O3     3d1+       0.0000   -0.0000   -0.0000   -0.0000   -0.0000    0.0000   -0.0000   -0.0000   -0.0000    0.0000
   81 O3     4d1+       0.0000   -0.0000   -0.0000    0.0000   -0.0000   -0.0000    0.0000   -0.0000   -0.0000    0.0000
   82 O3     3d2+      -0.0885   -0.0023    0.5453   -0.0000   -0.0000    0.0000    0.0000    0.1711    2.8100   -2.4534
   83 O3     4d2+      -0.1223    0.6823    0.9735   -0.0000   -0.0000    0.0000    0.0000    0.1942    1.6047   -1.2452
   84 O3     4f3-      -0.3840    0.1603    0.3462   -0.0000   -0.0000    0.0000    0.0000    0.4197    0.6671   -0.7965
   85 O3     4f2-       0.0000   -0.0000   -0.0000   -0.0000   -0.0000    0.0000    0.0000   -0.0000    0.0000    0.0000
   86 O3     4f1-       0.4891    0.1198    0.2690   -0.0000   -0.0000    0.0000    0.0000    0.3245    0.5162   -0.6157
   87 O3     4f0       -0.0000    0.0000   -0.0000   -0.4597    0.0000    0.4957    0.0000   -0.0000   -0.0000    0.0000
   88 O3     4f1+       0.0000    0.0000    0.0000    0.0000    0.1878    0.0000   -0.2019    0.0000   -0.0000   -0.0000
   89 O3     4f2+      -0.0000   -0.0000    0.0000   -0.5942    0.0000    0.6412    0.0000   -0.0000   -0.0000    0.0000
   90 O3     4f3+       0.0000    0.0000    0.0000    0.0000    0.7293    0.0000   -0.7848    0.0000   -0.0000    0.0000
--
 
      Von Neumann Entropy (Root  1) =  0.50662
 

      Mulliken population analysis for root number:  1
      -----------------------------------------------
 
 
++    Molecular charges:
      ------------------
 
      Mulliken charges per centre and basis function type
      ---------------------------------------------------
 
                O1      O2      O3    
      1s       1.9975  1.9995  1.9975
      2s       1.9571  1.5547  1.9571
      2px      2.0153  1.9991  2.0153
      2pz      1.2926  1.3318  1.2926
      2py      0.7559  0.9994  0.7559
      3s      -0.0108 -0.0436 -0.0108
      3px     -0.0213 -0.0633 -0.0213
      3pz     -0.0035 -0.0096 -0.0035
      3py     -0.0044 -0.0020 -0.0044
      4s       0.0026 -0.0026  0.0026
      3d2+     0.0212  0.0138  0.0212
      3d1+     0.0000  0.0000  0.0000
      3d0      0.0061  0.0034  0.0061
      3d1-     0.0153  0.0395  0.0153
      3d2-     0.0131  0.0291  0.0131
      4px      0.0011  0.0008  0.0011
      4pz      0.0011  0.0017  0.0011
      4py      0.0020  0.0066  0.0020
      4d2+     0.0015 -0.0002  0.0015
      4d1+     0.0000  0.0000  0.0000
      4d0      0.0003 -0.0005  0.0003
      4d1-     0.0027  0.0089  0.0027
      4d2-     0.0017  0.0043  0.0017
      4f3+     0.0027  0.0041  0.0027
      4f2+     0.0021  0.0037  0.0021
      4f1+     0.0002  0.0003  0.0002
      4f0      0.0011  0.0014  0.0011
      4f1-     0.0012  0.0016  0.0012
      4f2-     0.0000  0.0000  0.0000
      4f3-     0.0028  0.0040  0.0028
      Total    8.0571  7.8857  8.0571
 
      N-E     -0.0571  0.1143 -0.0571
 
      Total electronic charge=   24.000000
 
      Total            charge=   -0.000000
--
 
 

      Expectation values of various properties for root number:  1
      -----------------------------------------------------------
 
 
++    Molecular properties:
      ---------------------
 
      Charge (e):
                      =   -0.0000
      Dipole Moment (Debye):
      Origin of the operator (Ang)=    0.0000    0.0000    0.0000
                   X=  3.7992E-06               Y=  2.6843E-10               Z= -3.5989E-14           Total=  3.7992E-06
      Quadrupole Moment (Debye*Ang):
      Origin of the operator (Ang)=    0.0000    0.0000    0.0000
                  XX= -1.6001E+01              XY= -3.1051E-12              XZ= -3.8271E-14              YY= -1.5693E+01
                  YZ=  7.2665E-13              ZZ= -1.4542E+01
      In traceless form (Debye*Ang)
                  XX= -8.8288E-01              XY= -4.6576E-12              XZ= -5.7407E-14              YY= -4.2213E-01
                  YZ=  1.0900E-12              ZZ=  1.3050E+00
--
 

      LoProp population analysis for root number:  1
      -----------------------------------------------
 
 
++    LoProp analysis:
      ----------------
 
 
 
  Input file to MOLDEN was generated!
 
 
++    Static properties:
      ------------------
 
 
      LoProp Charges per center
 

                   O1       O2       O3    
      Nuclear      8.0000   8.0000   8.0000
      Electronic  -8.0570  -7.8859  -8.0570
 
      Total       -0.0570   0.1141  -0.0570
--
 
 
      Natural Bond Order analysis for root number:  1
 
++    Natural Bond Order analysis
      ---------------------------
      Based on LoProp computed density
      -------------------------------------------------------------------------------------
      Atom A       Atom B       Bond Order | Atom A       Atom B       Bond Order
        O1           O2             1.962  |   O2           O3             1.962
      -------------------------------------------------------------------------------------
      NBO located     15.999 core electrons.
      NBO located      7.847 electrons involved in    2 bonds.
      The remaining    0.154 electrons are to be considered as diffuse
--
 
--
 
 
  Input file to MOLDEN was generated!
 
      Average orbitals are written to the RASORB file
      Natural orbitals for root   1 are written to the RASORB.1 file
      Spin density orbitals for root   1 are written to the SPDORB.1 file
 
forrtl: warning (525): IEEE_DIVIDE_BY_ZERO is signaling
forrtl: warning (526): IEEE_INVALID is signaling
forrtl: warning (528): IEEE_UNDERFLOW is signaling
--- Stop Module: rasscf at Tue Oct 28 05:24:55 2025 /rc=_RC_ALL_IS_WELL_ ---
*** files: ozone_180.00.LprOrb ozone_180.00.rasscf.molden ozone_180.00.LoProp.molden ozone_180.00.RasOrb.1 ozone_180.00.RasOrb ozone_180.00.rasscf.h5 ozone_180.00.SpdOrb.1 xmldump
    saved to directory ${LOCALHOME}/DDCASPT2/ozone/rerun/ANO-RCC-VTZP/ANO-RCC-VTZP/ozone_180.00
--- Module rasscf spent 2 seconds ---

>>> COPY /tmp/ozone_180.00/ozone_180.00.rasscf.h5 ${LOCALHOME}/DDCASPT2/ozone/rerun/ANO-RCC-VTZP/ANO-RCC-VTZP/ozone_180.00/

>>> COPY /tmp/ozone_180.00/DDCASPT2_Fock_MO.csv ${LOCALHOME}/DDCASPT2/ozone/rerun/ANO-RCC-VTZP/ANO-RCC-VTZP/ozone_180.00/ozone_180.00.DDCASPT2_Fock_MO.csv

*** symbolic link created: INPORB -> ozone_180.00.RasOrb
--- Start Module: motra at Tue Oct 28 05:24:55 2025 ---
 
()()()()()()()()()()()()()()()()()()()()()()()()()()()()()()()()()()()()()()()()()()()()()()()()()()

                                               &MOTRA

                                   only a single process is used
                       available to each process: 2.0 GB of memory, 1 thread?
()()()()()()()()()()()()()()()()()()()()()()()()()()()()()()()()()()()()()()()()()()()()()()()()()()
 
 
      *** WARNING: Default frozen orbitals is overwritten by user input.
      *** Default values:   3
 
      Header of the integral files:
      
       Integrals generated by seward 4.2.0  , Tue Oct 28 05:24:49 2025
 
 
      Header of MO coefficients source file:
      * RASSCF average (pseudo-natural) orbitals                                      
 
 
      Cartesian coordinates in Angstrom:
      -----------------------------------------------------
      No.  Label        X            Y            Z        
      -----------------------------------------------------
       1   O1         0.00000000   1.27800000   0.00000000
       2   O2         0.00000000   0.00000000   0.00000000
       3   O3         0.00000000  -1.27800000   0.00000000
      -----------------------------------------------------
      Nuclear repulsion energy =   66.25066800
 
      Orbital specifications:
      -----------------------
 
      Symmetry species:              1
      Number of basis functions:    90
      Frozen orbitals:               0
      Deleted orbitals:              0
      Number of orbitals used:      90

       SYMMETRY  BASIS FUNCTIONS       ORBITALS      INTEGRALS   CPU(SEC)  I/O(SEC)
        1 1 1 1   90  90  90  90    90  90  90  90     8386560       0.00      0.00

       TOTAL CPU TIME(SEC)    6.40TOTAL I/O TIME(SEC)   13.16
 
--- Stop Module: motra at Tue Oct 28 05:25:08 2025 /rc=_RC_ALL_IS_WELL_ ---
*** files: xmldump
    saved to directory ${LOCALHOME}/DDCASPT2/ozone/rerun/ANO-RCC-VTZP/ANO-RCC-VTZP/ozone_180.00
--- Module motra spent 13 seconds ---

>>> COPY /tmp/ozone_180.00/DDCASPT2_one_int_indx.csv ${LOCALHOME}/DDCASPT2/ozone/rerun/ANO-RCC-VTZP/ANO-RCC-VTZP/ozone_180.00/ozone_180.00.DDCASPT2_one_int_indx.csv

>>> COPY /tmp/ozone_180.00/DDCASPT2_one_int.csv ${LOCALHOME}/DDCASPT2/ozone/rerun/ANO-RCC-VTZP/ANO-RCC-VTZP/ozone_180.00/ozone_180.00.DDCASPT2_one_int.csv

>>> COPY /tmp/ozone_180.00/DDCASPT2_two_int_indx.csv ${LOCALHOME}/DDCASPT2/ozone/rerun/ANO-RCC-VTZP/ANO-RCC-VTZP/ozone_180.00/ozone_180.00.DDCASPT2_two_int_indx.csv

>>> COPY /tmp/ozone_180.00/DDCASPT2_two_int.csv ${LOCALHOME}/DDCASPT2/ozone/rerun/ANO-RCC-VTZP/ANO-RCC-VTZP/ozone_180.00/ozone_180.00.DDCASPT2_two_int.csv

*** symbolic link created: INPORB -> ozone_180.00.RasOrb
--- Start Module: caspt2 at Tue Oct 28 05:25:08 2025 ---
 
()()()()()()()()()()()()()()()()()()()()()()()()()()()()()()()()()()()()()()()()()()()()()()()()()()

                                              &CASPT2

                                   only a single process is used
                       available to each process: 2.0 GB of memory, 1 thread?
()()()()()()()()()()()()()()()()()()()()()()()()()()()()()()()()()()()()()()()()()()()()()()()()()()
 
 Cholesky algorithm in CASPT2 =    1
 
 ###############################################################################
 ###############################################################################
 ###                                                                         ###
 ###                                                                         ###
 ###    User changed nr of frozen orbitals.                                  ###
 ###                                                                         ###
 ###                                                                         ###
 ###############################################################################
 ###############################################################################
 
++    Wave function specifications:
      -----------------------------
 
      Number of closed shell electrons          20
      Number of electrons in active shells       4
      Max number of holes in RAS1 space          0
      Max number of electrons in RAS3 space      0
      Number of inactive orbitals               10
      Number of active orbitals                  3
      Number of secondary orbitals              77
      Spin quantum number                      0.0
      State symmetry                             1
      Number of CSFs                             6
      Number of root(s) available                1
      Root passed to geometry opt.               1
      A file JOBMIX will be created.
      This is a CASSCF or RASSCF reference function
--
 
++    Orbital specifications:
      -----------------------
 
      Symmetry species                           1
                                                 a
      Frozen orbitals                            0
      Inactive orbitals                         10
      Active orbitals                            3
      Secondary orbitals                        77
      Deleted orbitals                           0
      Number of basis functions                 90
--
 
      Type of Fock operator: STANDARD
      Type of 0-order Hamiltonian: STANDARD WITH DEFAULT IPEA
        "IP-EA" denominator shift =      0.25
      The input orbitals and the CI vector will be transformed.
 
--------------------------------------------------------------------------------
 Estimated memory requirements:
  POLY3 :                   250202
  RHS:                      446386
  SIGMA :                   610360
  PRPCTL:                        0
 Available workspace:    230385072
 
++ CASPT2 computation for group   1
 
********************************************************************************
 Multi-State initialization phase begins for group   1
--------------------------------------------------------------------------------
********************************************************************************
 Compute H0 matrices for state    1
--------------------------------------------------------------------------------
--------------------------------------------------------------------------------
 H0 matrices have been computed.
 
********************************************************************************
  CASPT2 EQUATION SOLUTION
--------------------------------------------------------------------------------
 
  Total nr of CASPT2 parameters:
   Before reduction:      541275
   After  reduction:      532232
 
 The contributions to the second order correlation energy in atomic units.
-----------------------------------------------------------------------------------------------------------------------------
  IT.      VJTU        VJTI        ATVX        AIVX        VJAI        BVAT        BJAT        BJAI        TOTAL       RNORM  
-----------------------------------------------------------------------------------------------------------------------------
   1    -0.000000   -0.001603   -0.016228   -0.103584   -0.018453   -0.023638   -0.168309   -0.353936   -0.685751    0.003247
   2    -0.000000   -0.001631   -0.016308   -0.104077   -0.018484   -0.023645   -0.168342   -0.353942   -0.686430    0.000304
   3    -0.000000   -0.001631   -0.016310   -0.104084   -0.018484   -0.023646   -0.168344   -0.353942   -0.686440    0.000040
   4    -0.000000   -0.001631   -0.016309   -0.104081   -0.018484   -0.023646   -0.168344   -0.353942   -0.686437    0.000007
-------------------------------------------------------------------------------------------------------------------
 
  FINAL CASPT2 RESULT:
 
  Correlation energy /Case, /Symm, and sums:
 VJTU     -0.00000000 -0.00000000
 VJTIP    -0.00163135 -0.00163135
 VJTIM     0.00000000  0.00000000
 ATVX     -0.01630906 -0.01630906
 AIVX     -0.10408110 -0.10408110
 VJAIP    -0.01295295 -0.01295295
 VJAIM    -0.00553100 -0.00553100
 BVATP    -0.02238160 -0.02238160
 BVATM    -0.00126396 -0.00126396
 BJATP    -0.07020932 -0.07020932
 BJATM    -0.09813420 -0.09813420
 BJAIP    -0.24433214 -0.24433214
 BJAIM    -0.10960964 -0.10960964
 Summed:  -0.68643633 -0.68643633
 
      Reference energy:        -224.4700861543
      E2 (Non-variational):      -0.6864363286
      E2 (Variational):          -0.6864363900
      Total energy:            -225.1565225443
      Residual norm:              0.0000006752
      Reference weight:           0.85164
 
      Contributions to the CASPT2 correlation energy
      Active & Virtual Only:         -0.0399546235
      One Inactive Excited:          -0.2724246205
      Two Inactive Excited:          -0.3740570846
 
 
++ Denominators, etc.
----------------------------------------------------------------------------------------------------
 Report on small energy denominators, large coefficients, and large energy contributions.
CASE  SYMM ACTIVE-MIX  NON-ACTIVE INDICES          DENOMINATOR     RHS VALUE       COEFFICIENT     CONTRIBUTION
ATVX     1  Mu1.0006  Se1.016                       1.67346337     -0.04126405      0.02550499     -0.00105244
ATVX     1  Mu1.0005  Se1.019                       1.57005618     -0.06792511      0.04223317     -0.00286869
ATVX     1  Mu1.0005  Se1.032                       2.39352781     -0.08159154      0.03404974     -0.00277817
ATVX     1  Mu1.0005  Se1.043                       3.13157999      0.10906287     -0.03402415     -0.00371077
AIVX     1  Mu1.0005  In1.004 Se1.014               2.59341953     -0.08238449      0.03186893     -0.00262551
AIVX     1  Mu1.0002  In1.005 Se1.014               1.97894921     -0.05290892      0.02588433     -0.00136951
AIVX     1  Mu1.0003  In1.005 Se1.014               2.08111006     -0.06618024      0.03116043     -0.00206220
AIVX     1  Mu1.0004  In1.006 Se1.014               1.82035131     -0.06097990      0.03399377     -0.00207294
AIVX     1  Mu1.0005  In1.006 Se1.014               1.97294050      0.05884967     -0.03056886     -0.00179897
AIVX     1  Mu1.0002  In1.008 Se1.014               1.29565311     -0.11697066      0.08918134     -0.01043160
AIVX     1  Mu1.0003  In1.008 Se1.014               1.39781396     -0.06575368      0.04671080     -0.00307141
AIVX     1  Mu1.0002  In1.009 Se1.017               1.27449094     -0.03957094      0.03002605     -0.00118816
AIVX     1  Mu1.0002  In1.008 Se1.018               1.44766912     -0.04278554      0.02880364     -0.00123238
AIVX     1  Mu1.0002  In1.010 Se1.020               1.22049469     -0.03523981      0.02776008     -0.00097826
AIVX     1  Mu1.0004  In1.006 Se1.021               2.16813261      0.06446442     -0.02985194     -0.00192439
AIVX     1  Mu1.0002  In1.008 Se1.021               1.64343441      0.06327310     -0.03769485     -0.00238507
AIVX     1  Mu1.0004  In1.008 Se1.022               1.92580581      0.07780316     -0.04104656     -0.00319355
AIVX     1  Mu1.0004  In1.008 Se1.025               2.14932135     -0.10114953      0.04746882     -0.00480145
AIVX     1  Mu1.0005  In1.008 Se1.025               2.30191054      0.06746207     -0.02960198     -0.00199701
AIVX     1  Mu1.0002  In1.010 Se1.033               2.04966994      0.06340105     -0.03075227     -0.00194973
BJAIP    1  Se1.014 In1.008 Se1.014 In1.008         1.77159471      0.08061821     -0.04550601     -0.00366861
BJAIP    1  Se1.014 In1.008 Se1.021 In1.008         2.11937602     -0.06159903      0.02906470     -0.00179036
BJAIP    1  Se1.022 In1.008 Se1.025 In1.008         2.76657433     -0.07530193      0.02721848     -0.00204960
BJAIM    1  Se1.014 In1.006 Se1.024 In1.008         2.66111982      0.06764564     -0.02541999     -0.00171955
BJAIM    1  Se1.014 In1.008 Se1.032 In1.010         2.52561155     -0.08025273      0.03177556     -0.00255008
--
 
   (Skipping property calculation,
    use PROP keyword to activate)
--
 
  Total CASPT2 energies:
::    CASPT2 Root  1     Total energy:   -225.15652254
 
  A NEW JOBIPH FILE NAMED 'JOBMIX' IS PREPARED.
********************************************************************************
forrtl: warning (528): IEEE_UNDERFLOW is signaling
--- Stop Module: caspt2 at Tue Oct 28 05:25:10 2025 /rc=_RC_ALL_IS_WELL_ ---
*** files: xmldump
    saved to directory ${LOCALHOME}/DDCASPT2/ozone/rerun/ANO-RCC-VTZP/ANO-RCC-VTZP/ozone_180.00
--- Module caspt2 spent 1 second ---

>>> EXPORT i = B

>>> EXPORT j = P

>>> IF (-FILE DDCASPT2_e2_${i}_${j}_1_.csv)

>>> COPY /tmp/ozone_180.00/DDCASPT2_RHS_B_P_1_.csv ${LOCALHOME}/DDCASPT2/ozone/rerun/ANO-RCC-VTZP/ANO-RCC-VTZP/ozone_180.00/DDCASPT2_RHS_B_P_1_.csv

>>> COPY /tmp/ozone_180.00/DDCASPT2_IVECW_B_P_1_.csv ${LOCALHOME}/DDCASPT2/ozone/rerun/ANO-RCC-VTZP/ANO-RCC-VTZP/ozone_180.00/DDCASPT2_IVECW_B_P_1_.csv

>>> COPY /tmp/ozone_180.00/DDCASPT2_IVECX_B_P_1_.csv ${LOCALHOME}/DDCASPT2/ozone/rerun/ANO-RCC-VTZP/ANO-RCC-VTZP/ozone_180.00/DDCASPT2_IVECX_B_P_1_.csv

>>> COPY /tmp/ozone_180.00/DDCASPT2_IVECC2_B_P_1_.csv ${LOCALHOME}/DDCASPT2/ozone/rerun/ANO-RCC-VTZP/ANO-RCC-VTZP/ozone_180.00/DDCASPT2_IVECC2_B_P_1_.csv

>>> COPY /tmp/ozone_180.00/DDCASPT2_e2_B_P_1_.csv ${LOCALHOME}/DDCASPT2/ozone/rerun/ANO-RCC-VTZP/ANO-RCC-VTZP/ozone_180.00/DDCASPT2_e2_B_P_1_.csv

>>> END FOREACH

>>> EXPORT j = M

>>> IF (-FILE DDCASPT2_e2_${i}_${j}_1_.csv)
(Skipped)

>>> END FOREACH

>>> END FOREACH

>>> EXPORT i = E

>>> EXPORT j = P

>>> IF (-FILE DDCASPT2_e2_${i}_${j}_1_.csv)

>>> COPY /tmp/ozone_180.00/DDCASPT2_RHS_E_P_1_.csv ${LOCALHOME}/DDCASPT2/ozone/rerun/ANO-RCC-VTZP/ANO-RCC-VTZP/ozone_180.00/DDCASPT2_RHS_E_P_1_.csv

>>> COPY /tmp/ozone_180.00/DDCASPT2_IVECW_E_P_1_.csv ${LOCALHOME}/DDCASPT2/ozone/rerun/ANO-RCC-VTZP/ANO-RCC-VTZP/ozone_180.00/DDCASPT2_IVECW_E_P_1_.csv

>>> COPY /tmp/ozone_180.00/DDCASPT2_IVECX_E_P_1_.csv ${LOCALHOME}/DDCASPT2/ozone/rerun/ANO-RCC-VTZP/ANO-RCC-VTZP/ozone_180.00/DDCASPT2_IVECX_E_P_1_.csv

>>> COPY /tmp/ozone_180.00/DDCASPT2_IVECC2_E_P_1_.csv ${LOCALHOME}/DDCASPT2/ozone/rerun/ANO-RCC-VTZP/ANO-RCC-VTZP/ozone_180.00/DDCASPT2_IVECC2_E_P_1_.csv

>>> COPY /tmp/ozone_180.00/DDCASPT2_e2_E_P_1_.csv ${LOCALHOME}/DDCASPT2/ozone/rerun/ANO-RCC-VTZP/ANO-RCC-VTZP/ozone_180.00/DDCASPT2_e2_E_P_1_.csv

>>> END FOREACH

>>> EXPORT j = M

>>> IF (-FILE DDCASPT2_e2_${i}_${j}_1_.csv)

>>> COPY /tmp/ozone_180.00/DDCASPT2_RHS_E_M_1_.csv ${LOCALHOME}/DDCASPT2/ozone/rerun/ANO-RCC-VTZP/ANO-RCC-VTZP/ozone_180.00/DDCASPT2_RHS_E_M_1_.csv

>>> COPY /tmp/ozone_180.00/DDCASPT2_IVECW_E_M_1_.csv ${LOCALHOME}/DDCASPT2/ozone/rerun/ANO-RCC-VTZP/ANO-RCC-VTZP/ozone_180.00/DDCASPT2_IVECW_E_M_1_.csv

>>> COPY /tmp/ozone_180.00/DDCASPT2_IVECX_E_M_1_.csv ${LOCALHOME}/DDCASPT2/ozone/rerun/ANO-RCC-VTZP/ANO-RCC-VTZP/ozone_180.00/DDCASPT2_IVECX_E_M_1_.csv

>>> COPY /tmp/ozone_180.00/DDCASPT2_IVECC2_E_M_1_.csv ${LOCALHOME}/DDCASPT2/ozone/rerun/ANO-RCC-VTZP/ANO-RCC-VTZP/ozone_180.00/DDCASPT2_IVECC2_E_M_1_.csv

>>> COPY /tmp/ozone_180.00/DDCASPT2_e2_E_M_1_.csv ${LOCALHOME}/DDCASPT2/ozone/rerun/ANO-RCC-VTZP/ANO-RCC-VTZP/ozone_180.00/DDCASPT2_e2_E_M_1_.csv

>>> END FOREACH

>>> END FOREACH

>>> EXPORT i = F

>>> EXPORT j = P

>>> IF (-FILE DDCASPT2_e2_${i}_${j}_1_.csv)

>>> COPY /tmp/ozone_180.00/DDCASPT2_RHS_F_P_1_.csv ${LOCALHOME}/DDCASPT2/ozone/rerun/ANO-RCC-VTZP/ANO-RCC-VTZP/ozone_180.00/DDCASPT2_RHS_F_P_1_.csv

>>> COPY /tmp/ozone_180.00/DDCASPT2_IVECW_F_P_1_.csv ${LOCALHOME}/DDCASPT2/ozone/rerun/ANO-RCC-VTZP/ANO-RCC-VTZP/ozone_180.00/DDCASPT2_IVECW_F_P_1_.csv

>>> COPY /tmp/ozone_180.00/DDCASPT2_IVECX_F_P_1_.csv ${LOCALHOME}/DDCASPT2/ozone/rerun/ANO-RCC-VTZP/ANO-RCC-VTZP/ozone_180.00/DDCASPT2_IVECX_F_P_1_.csv

>>> COPY /tmp/ozone_180.00/DDCASPT2_IVECC2_F_P_1_.csv ${LOCALHOME}/DDCASPT2/ozone/rerun/ANO-RCC-VTZP/ANO-RCC-VTZP/ozone_180.00/DDCASPT2_IVECC2_F_P_1_.csv

>>> COPY /tmp/ozone_180.00/DDCASPT2_e2_F_P_1_.csv ${LOCALHOME}/DDCASPT2/ozone/rerun/ANO-RCC-VTZP/ANO-RCC-VTZP/ozone_180.00/DDCASPT2_e2_F_P_1_.csv

>>> END FOREACH

>>> EXPORT j = M

>>> IF (-FILE DDCASPT2_e2_${i}_${j}_1_.csv)

>>> COPY /tmp/ozone_180.00/DDCASPT2_RHS_F_M_1_.csv ${LOCALHOME}/DDCASPT2/ozone/rerun/ANO-RCC-VTZP/ANO-RCC-VTZP/ozone_180.00/DDCASPT2_RHS_F_M_1_.csv

>>> COPY /tmp/ozone_180.00/DDCASPT2_IVECW_F_M_1_.csv ${LOCALHOME}/DDCASPT2/ozone/rerun/ANO-RCC-VTZP/ANO-RCC-VTZP/ozone_180.00/DDCASPT2_IVECW_F_M_1_.csv

>>> COPY /tmp/ozone_180.00/DDCASPT2_IVECX_F_M_1_.csv ${LOCALHOME}/DDCASPT2/ozone/rerun/ANO-RCC-VTZP/ANO-RCC-VTZP/ozone_180.00/DDCASPT2_IVECX_F_M_1_.csv

>>> COPY /tmp/ozone_180.00/DDCASPT2_IVECC2_F_M_1_.csv ${LOCALHOME}/DDCASPT2/ozone/rerun/ANO-RCC-VTZP/ANO-RCC-VTZP/ozone_180.00/DDCASPT2_IVECC2_F_M_1_.csv

>>> COPY /tmp/ozone_180.00/DDCASPT2_e2_F_M_1_.csv ${LOCALHOME}/DDCASPT2/ozone/rerun/ANO-RCC-VTZP/ANO-RCC-VTZP/ozone_180.00/DDCASPT2_e2_F_M_1_.csv

>>> END FOREACH

>>> END FOREACH

>>> EXPORT i = G

>>> EXPORT j = P

>>> IF (-FILE DDCASPT2_e2_${i}_${j}_1_.csv)

>>> COPY /tmp/ozone_180.00/DDCASPT2_RHS_G_P_1_.csv ${LOCALHOME}/DDCASPT2/ozone/rerun/ANO-RCC-VTZP/ANO-RCC-VTZP/ozone_180.00/DDCASPT2_RHS_G_P_1_.csv

>>> COPY /tmp/ozone_180.00/DDCASPT2_IVECW_G_P_1_.csv ${LOCALHOME}/DDCASPT2/ozone/rerun/ANO-RCC-VTZP/ANO-RCC-VTZP/ozone_180.00/DDCASPT2_IVECW_G_P_1_.csv

>>> COPY /tmp/ozone_180.00/DDCASPT2_IVECX_G_P_1_.csv ${LOCALHOME}/DDCASPT2/ozone/rerun/ANO-RCC-VTZP/ANO-RCC-VTZP/ozone_180.00/DDCASPT2_IVECX_G_P_1_.csv

>>> COPY /tmp/ozone_180.00/DDCASPT2_IVECC2_G_P_1_.csv ${LOCALHOME}/DDCASPT2/ozone/rerun/ANO-RCC-VTZP/ANO-RCC-VTZP/ozone_180.00/DDCASPT2_IVECC2_G_P_1_.csv

>>> COPY /tmp/ozone_180.00/DDCASPT2_e2_G_P_1_.csv ${LOCALHOME}/DDCASPT2/ozone/rerun/ANO-RCC-VTZP/ANO-RCC-VTZP/ozone_180.00/DDCASPT2_e2_G_P_1_.csv

>>> END FOREACH

>>> EXPORT j = M

>>> IF (-FILE DDCASPT2_e2_${i}_${j}_1_.csv)

>>> COPY /tmp/ozone_180.00/DDCASPT2_RHS_G_M_1_.csv ${LOCALHOME}/DDCASPT2/ozone/rerun/ANO-RCC-VTZP/ANO-RCC-VTZP/ozone_180.00/DDCASPT2_RHS_G_M_1_.csv

>>> COPY /tmp/ozone_180.00/DDCASPT2_IVECW_G_M_1_.csv ${LOCALHOME}/DDCASPT2/ozone/rerun/ANO-RCC-VTZP/ANO-RCC-VTZP/ozone_180.00/DDCASPT2_IVECW_G_M_1_.csv

>>> COPY /tmp/ozone_180.00/DDCASPT2_IVECX_G_M_1_.csv ${LOCALHOME}/DDCASPT2/ozone/rerun/ANO-RCC-VTZP/ANO-RCC-VTZP/ozone_180.00/DDCASPT2_IVECX_G_M_1_.csv

>>> COPY /tmp/ozone_180.00/DDCASPT2_IVECC2_G_M_1_.csv ${LOCALHOME}/DDCASPT2/ozone/rerun/ANO-RCC-VTZP/ANO-RCC-VTZP/ozone_180.00/DDCASPT2_IVECC2_G_M_1_.csv

>>> COPY /tmp/ozone_180.00/DDCASPT2_e2_G_M_1_.csv ${LOCALHOME}/DDCASPT2/ozone/rerun/ANO-RCC-VTZP/ANO-RCC-VTZP/ozone_180.00/DDCASPT2_e2_G_M_1_.csv

>>> END FOREACH

>>> END FOREACH

>>> EXPORT i = H

>>> EXPORT j = P

>>> IF (-FILE DDCASPT2_e2_${i}_${j}_1_.csv)

>>> COPY /tmp/ozone_180.00/DDCASPT2_RHS_H_P_1_.csv ${LOCALHOME}/DDCASPT2/ozone/rerun/ANO-RCC-VTZP/ANO-RCC-VTZP/ozone_180.00/DDCASPT2_RHS_H_P_1_.csv

>>> COPY /tmp/ozone_180.00/DDCASPT2_IVECW_H_P_1_.csv ${LOCALHOME}/DDCASPT2/ozone/rerun/ANO-RCC-VTZP/ANO-RCC-VTZP/ozone_180.00/DDCASPT2_IVECW_H_P_1_.csv

>>> COPY /tmp/ozone_180.00/DDCASPT2_IVECX_H_P_1_.csv ${LOCALHOME}/DDCASPT2/ozone/rerun/ANO-RCC-VTZP/ANO-RCC-VTZP/ozone_180.00/DDCASPT2_IVECX_H_P_1_.csv

>>> COPY /tmp/ozone_180.00/DDCASPT2_IVECC2_H_P_1_.csv ${LOCALHOME}/DDCASPT2/ozone/rerun/ANO-RCC-VTZP/ANO-RCC-VTZP/ozone_180.00/DDCASPT2_IVECC2_H_P_1_.csv

>>> COPY /tmp/ozone_180.00/DDCASPT2_e2_H_P_1_.csv ${LOCALHOME}/DDCASPT2/ozone/rerun/ANO-RCC-VTZP/ANO-RCC-VTZP/ozone_180.00/DDCASPT2_e2_H_P_1_.csv

>>> END FOREACH

>>> EXPORT j = M

>>> IF (-FILE DDCASPT2_e2_${i}_${j}_1_.csv)

>>> COPY /tmp/ozone_180.00/DDCASPT2_RHS_H_M_1_.csv ${LOCALHOME}/DDCASPT2/ozone/rerun/ANO-RCC-VTZP/ANO-RCC-VTZP/ozone_180.00/DDCASPT2_RHS_H_M_1_.csv

>>> COPY /tmp/ozone_180.00/DDCASPT2_IVECW_H_M_1_.csv ${LOCALHOME}/DDCASPT2/ozone/rerun/ANO-RCC-VTZP/ANO-RCC-VTZP/ozone_180.00/DDCASPT2_IVECW_H_M_1_.csv

>>> COPY /tmp/ozone_180.00/DDCASPT2_IVECX_H_M_1_.csv ${LOCALHOME}/DDCASPT2/ozone/rerun/ANO-RCC-VTZP/ANO-RCC-VTZP/ozone_180.00/DDCASPT2_IVECX_H_M_1_.csv

>>> COPY /tmp/ozone_180.00/DDCASPT2_IVECC2_H_M_1_.csv ${LOCALHOME}/DDCASPT2/ozone/rerun/ANO-RCC-VTZP/ANO-RCC-VTZP/ozone_180.00/DDCASPT2_IVECC2_H_M_1_.csv

>>> COPY /tmp/ozone_180.00/DDCASPT2_e2_H_M_1_.csv ${LOCALHOME}/DDCASPT2/ozone/rerun/ANO-RCC-VTZP/ANO-RCC-VTZP/ozone_180.00/DDCASPT2_e2_H_M_1_.csv

>>> END FOREACH

>>> END FOREACH

>>> EXPORT i = A

>>> IF (-FILE DDCASPT2_e2_${i}_1_.csv)

>>> COPY /tmp/ozone_180.00/DDCASPT2_RHS_A_1_.csv ${LOCALHOME}/DDCASPT2/ozone/rerun/ANO-RCC-VTZP/ANO-RCC-VTZP/ozone_180.00/DDCASPT2_RHS_A_1_.csv

>>> COPY /tmp/ozone_180.00/DDCASPT2_IVECW_A_1_.csv ${LOCALHOME}/DDCASPT2/ozone/rerun/ANO-RCC-VTZP/ANO-RCC-VTZP/ozone_180.00/DDCASPT2_IVECW_A_1_.csv

>>> COPY /tmp/ozone_180.00/DDCASPT2_IVECX_A_1_.csv ${LOCALHOME}/DDCASPT2/ozone/rerun/ANO-RCC-VTZP/ANO-RCC-VTZP/ozone_180.00/DDCASPT2_IVECX_A_1_.csv

>>> COPY /tmp/ozone_180.00/DDCASPT2_IVECC2_A_1_.csv ${LOCALHOME}/DDCASPT2/ozone/rerun/ANO-RCC-VTZP/ANO-RCC-VTZP/ozone_180.00/DDCASPT2_IVECC2_A_1_.csv

>>> COPY /tmp/ozone_180.00/DDCASPT2_e2_A_1_.csv ${LOCALHOME}/DDCASPT2/ozone/rerun/ANO-RCC-VTZP/ANO-RCC-VTZP/ozone_180.00/DDCASPT2_e2_A_1_.csv

>>> END FOREACH

>>> EXPORT i = C

>>> IF (-FILE DDCASPT2_e2_${i}_1_.csv)

>>> COPY /tmp/ozone_180.00/DDCASPT2_RHS_C_1_.csv ${LOCALHOME}/DDCASPT2/ozone/rerun/ANO-RCC-VTZP/ANO-RCC-VTZP/ozone_180.00/DDCASPT2_RHS_C_1_.csv

>>> COPY /tmp/ozone_180.00/DDCASPT2_IVECW_C_1_.csv ${LOCALHOME}/DDCASPT2/ozone/rerun/ANO-RCC-VTZP/ANO-RCC-VTZP/ozone_180.00/DDCASPT2_IVECW_C_1_.csv

>>> COPY /tmp/ozone_180.00/DDCASPT2_IVECX_C_1_.csv ${LOCALHOME}/DDCASPT2/ozone/rerun/ANO-RCC-VTZP/ANO-RCC-VTZP/ozone_180.00/DDCASPT2_IVECX_C_1_.csv

>>> COPY /tmp/ozone_180.00/DDCASPT2_IVECC2_C_1_.csv ${LOCALHOME}/DDCASPT2/ozone/rerun/ANO-RCC-VTZP/ANO-RCC-VTZP/ozone_180.00/DDCASPT2_IVECC2_C_1_.csv

>>> COPY /tmp/ozone_180.00/DDCASPT2_e2_C_1_.csv ${LOCALHOME}/DDCASPT2/ozone/rerun/ANO-RCC-VTZP/ANO-RCC-VTZP/ozone_180.00/DDCASPT2_e2_C_1_.csv

>>> END FOREACH

>>> EXPORT i = D

>>> IF (-FILE DDCASPT2_e2_${i}_1_.csv)

>>> COPY /tmp/ozone_180.00/DDCASPT2_RHS_D_1_.csv ${LOCALHOME}/DDCASPT2/ozone/rerun/ANO-RCC-VTZP/ANO-RCC-VTZP/ozone_180.00/DDCASPT2_RHS_D_1_.csv

>>> COPY /tmp/ozone_180.00/DDCASPT2_IVECW_D_1_.csv ${LOCALHOME}/DDCASPT2/ozone/rerun/ANO-RCC-VTZP/ANO-RCC-VTZP/ozone_180.00/DDCASPT2_IVECW_D_1_.csv

>>> COPY /tmp/ozone_180.00/DDCASPT2_IVECX_D_1_.csv ${LOCALHOME}/DDCASPT2/ozone/rerun/ANO-RCC-VTZP/ANO-RCC-VTZP/ozone_180.00/DDCASPT2_IVECX_D_1_.csv

>>> COPY /tmp/ozone_180.00/DDCASPT2_IVECC2_D_1_.csv ${LOCALHOME}/DDCASPT2/ozone/rerun/ANO-RCC-VTZP/ANO-RCC-VTZP/ozone_180.00/DDCASPT2_IVECC2_D_1_.csv

>>> COPY /tmp/ozone_180.00/DDCASPT2_e2_D_1_.csv ${LOCALHOME}/DDCASPT2/ozone/rerun/ANO-RCC-VTZP/ANO-RCC-VTZP/ozone_180.00/DDCASPT2_e2_D_1_.csv

>>> END FOREACH

.########################.
.# Non-zero return code #.
.########################.

    Timing: Wall=20.97 User=12.90 System=8.07
********************************************
*** WorkDir at /tmp/ozone_180.00 cleaned ***
********************************************
