   This run of MOLCAS is using the pymolcas driver

                             OPE
                             OPE          NMOL  CASOP  ENMOLC A   SO
                 OPE        NMOLC        AS  OP EN  MO LC     AS  OP
                OPENM       OL CA        SO  PE NM  OL CA     SOP EN
                OP EN      MO   LC       AS  OP ENMOL  CASO   PENMOL
                OP  EN     MO   LC       AS  OP EN     MO     LC ASO
               OP   E  NMOL  C  AS       OP  EN MO     LC     AS  OP
               OP  E   NMO   LC AS        OPEN  MO     LCASOP EN   M
               O  PEN   MO  LCA  SO
            OPE   NMO   L   CAS    OP
        OPENMOL  CASOP     ENMOL   CASOPE
     OPENMOLCA   SOPENMOLCASOPEN   MOLCASOPE
    OPENMOLCAS   OP           EN   MOL    CAS
    OPENMOLCAS       OP  ENM        O     LCA
    OPENMOLCAS    OPEN  MOLCASO     P  E  NMO
    OPENMOLCAS     OP               E  N  MOL
    OPENMOLCA   SO           PENM   O  L  CAS    OPEN    MO    LCAS
    OPENMOLCA   SOP           ENM   O  L  CAS   OP  EN  MOLC  AS   O
    OPENMOLCA   SOPE           NM      O  LCA   S      OP  EN MO
    OPENMOLC                AS         O  PEN   M      OL  CA  SOPE
    OPENMO        LCASOPE  NMOL        C  ASO   P      ENMOLC     AS
    OPE     NMO      LCA  SO     P     E   NM   OL  CA SO  PE N   MO
          OPENMOLCA            SOPE   NMO        LCAS  O    P  ENMO
     OPENMOLCASOPENMOLCASOPENMOLCASOPENMOLCA
        OPENMOLCASOPENMOLCASOPENMOLCASOPE
            OPENMOLCASOPENMOLCASOPENM
               OPENMOLCASOPENMOLCA        version: f37762c57
                   OPENMOLCASO
                       OPE                tag:

 OpenMolcas is free software; you can redistribute it and/or modify it
 under the terms of the GNU Lesser General Public License version 2.1.
 OpenMolcas is distributed in the hope that it will be useful, but it
 is provided "as is" and without any express or implied warranties.
 For more details see the full text of the license in the file
 LICENSE or in <http://www.gnu.org/licenses/>.

                 Copyright (C) The OpenMolcas Authors
           For the author list and the recommended citation,
                   consult the file CONTRIBUTORS.md

           *************************************************
           * pymolcas version py2.28                       *
           *   build c4a6d18ded8cb6cad61d2372a9abd97c      *
           *   (after the EMIL interpreter by V. Veryazov) *
           *************************************************

configuration info
------------------
C Compiler ID: Intel
C flags: -std=gnu99 -gcc-sys
Fortran Compiler ID: IntelLLVM
Fortran flags: -standard-semantics -fltconsistency -fpp -i8 -heap-arrays
Definitions: _MOLCAS_;_I8_;_LINUX_
Parallel: OFF (GA=OFF)


   ----------------------------------------------------------------------------------------
  |
  |              Project: H12_2.01
  |       Submitted from: /home/grierjones/DDCASPT2/hydrogen_comps/rerun/H12_chain/H12_2.01
  |         Scratch area: /tmp/H12_2.01
  |      Save outputs to: /home/grierjones/DDCASPT2/hydrogen_comps/rerun/H12_chain/H12_2.01
  |               Molcas: /home/grierjones/Test/build
  |
  | Scratch area is empty
  |
  |       MOLCAS_DRIVER = /usr/local/pymolcas
  | MOLCAS_KEEP_WORKDIR = NO
  |  MOLCAS_NEW_WORKDIR = YES
  |       MOLCAS_NPROCS = 1
  |        MOLCAS_PRINT = NORMAL
  |       MOLCAS_SOURCE = /home/grierjones/Test
  |    MOLCAS_STRUCTURE = 0
  |
   ----------------------------------------------------------------------------------------

++ ---------   Input file   ---------

&GATEWAY
coord=H12_2.01.xyz
Basis = ANO-RCC-VDZP
Group = nosymm
End of Input

&SEWARD
End of Input

&SCF

>>> COPY $WorkDir/H12_2.01.scf.h5 $CurrDir/

&RASSCF
Title= RASSCF
FileOrb
/home/grierjones/DDCASPT2/hydrogen_comps/rerun/H12_chain/H12_0.60/H12_0.60.RasOrb
NACTEL
12 0 0
Inactive
0
RAS2
12
Symmetry
1
Spin
1
orblisting
all

>>> COPY $WorkDir/H12_2.01.rasscf.h5 $CurrDir/

>>> COPY $WorkDir/GMJ_Fock_MO.csv $CurrDir/H12_2.01.GMJ_Fock_MO.csv

&MOTRA
Frozen=0
LUMORB

>>> COPY $WorkDir/GMJ_one_int_indx.csv $CurrDir/H12_2.01.GMJ_one_int_indx.csv

>>> COPY $WorkDir/GMJ_one_int.csv $CurrDir/H12_2.01.GMJ_one_int.csv

>>> COPY $WorkDir/GMJ_two_int_indx.csv $CurrDir/H12_2.01.GMJ_two_int_indx.csv

>>> COPY $WorkDir/GMJ_two_int.csv $CurrDir/H12_2.01.GMJ_two_int.csv

&CASPT2
Frozen
0

MAXITER
50

>>> FOREACH i IN (B,E,F,G,H)

  >>> FOREACH j IN (P,M)

    >>> IF (-FILE GMJ_e2_${i}_${j}_1_.csv)

      >>> COPY $WorkDir/GMJ_RHS_${i}_${j}_1_.csv $CurrDir/GMJ_RHS_${i}_${j}_1_.csv

      >>> COPY $WorkDir/GMJ_IVECW_${i}_${j}_1_.csv $CurrDir/GMJ_IVECW_${i}_${j}_1_.csv

      >>> COPY $WorkDir/GMJ_IVECX_${i}_${j}_1_.csv $CurrDir/GMJ_IVECX_${i}_${j}_1_.csv

      >>> COPY $WorkDir/GMJ_IVECC2_${i}_${j}_1_.csv $CurrDir/GMJ_IVECC2_${i}_${j}_1_.csv

      >>> COPY $WorkDir/GMJ_e2_${i}_${j}_1_.csv $CurrDir/GMJ_e2_${i}_${j}_1_.csv

    >>> END IF

  >>> END FOREACH

>>> END FOREACH

>>> FOREACH i IN (A,C,D)

  >>> IF (-FILE GMJ_e2_${i}_1_.csv)

    >>> COPY $WorkDir/GMJ_RHS_${i}_1_.csv $CurrDir/GMJ_RHS_${i}_1_.csv

    >>> COPY $WorkDir/GMJ_IVECW_${i}_1_.csv $CurrDir/GMJ_IVECW_${i}_1_.csv

    >>> COPY $WorkDir/GMJ_IVECX_${i}_1_.csv $CurrDir/GMJ_IVECX_${i}_1_.csv

    >>> COPY $WorkDir/GMJ_IVECC2_${i}_1_.csv $CurrDir/GMJ_IVECC2_${i}_1_.csv

    >>> COPY $WorkDir/GMJ_e2_${i}_1_.csv $CurrDir/GMJ_e2_${i}_1_.csv

  >>> END IF

>>> END FOREACH

-- ----------------------------------

--- Start Module: gateway at Mon Oct 27 07:14:50 2025 ---
 
()()()()()()()()()()()()()()()()()()()()()()()()()()()()()()()()()()()()()()()()()()()()()()()()()()

                                              &GATEWAY

                                   only a single process is used
                       available to each process: 2.0 GB of memory, 1 thread?
()()()()()()()()()()()()()()()()()()()()()()()()()()()()()()()()()()()()()()()()()()()()()()()()()()
 
 
++    Symmetry information:
      ---------------------
 
                    Character Table for C1 
 
                             E  
                    a        1  x, y, xy, Rz, z, xz, Ry, yz, Rx, I
--
 
 
++    Basis set information:
      ----------------------
 
 
      Basis set label: H.ANO-RCC...2S1P.
 
      Electronic valence basis set:
      ------------------
      Associated Effective Charge   1.000000 au
      Associated Actual Charge      1.000000 au
      Nuclear Model: Point charge
 
      Shell  nPrim  nBasis  Cartesian Spherical Contaminant
         s       8       2        X                  
         p       4       1        X                  
--
 
 
++    Molecular structure info:
      -------------------------
 
                    ************************************************ 
                    **** Cartesian Coordinates / Bohr, Angstrom **** 
                    ************************************************ 
 
     Center  Label                x              y              z                     x              y              z
        1      H1               0.000000       0.000000       0.000000              0.000000       0.000000       0.000000
        2      H2               0.000000       0.000000       3.790906              0.000000       0.000000       2.006061
        3      H3               0.000000       0.000000       7.581810              0.000000       0.000000       4.012121
        4      H4               0.000000       0.000000      11.372716              0.000000       0.000000       6.018182
        5      H5               0.000000       0.000000      15.163620              0.000000       0.000000       8.024242
        6      H6               0.000000       0.000000      18.954526              0.000000       0.000000      10.030303
        7      H7               0.000000       0.000000      22.745432              0.000000       0.000000      12.036364
        8      H8               0.000000       0.000000      26.536335              0.000000       0.000000      14.042424
        9      H9               0.000000       0.000000      30.327241              0.000000       0.000000      16.048485
       10      H10              0.000000       0.000000      34.118145              0.000000       0.000000      18.054545
       11      H11              0.000000       0.000000      37.909051              0.000000       0.000000      20.060606
       12      H12              0.000000       0.000000      41.699957              0.000000       0.000000      22.066667
 
                    *************************************** 
                    *    InterNuclear Distances / Bohr    * 
                    *************************************** 
 
               1 H1            2 H2            3 H3            4 H4            5 H5            6 H6    
    1 H1       0.000000
    2 H2       3.790906        0.000000
    3 H3       7.581810        3.790904        0.000000
    4 H4      11.372716        7.581810        3.790906        0.000000
    5 H5      15.163620       11.372714        7.581810        3.790904        0.000000
    6 H6      18.954526       15.163620       11.372716        7.581810        3.790906        0.000000
    7 H7      22.745432       18.954526       15.163622       11.372716        7.581812        3.790906
    8 H8      26.536335       22.745430       18.954526       15.163620       11.372716        7.581810
    9 H9      30.327241       26.536335       22.745432       18.954526       15.163622       11.372716
   10 H10     34.118145       30.327239       26.536335       22.745430       18.954526       15.163620
   11 H11     37.909051       34.118145       30.327241       26.536335       22.745432       18.954526
   12 H12     41.699957       37.909051       34.118147       30.327241       26.536337       22.745432
 
               7 H7            8 H8            9 H9           10 H10          11 H11          12 H12   
    7 H7       0.000000
    8 H8       3.790904        0.000000
    9 H9       7.581810        3.790906        0.000000
   10 H10     11.372714        7.581810        3.790904        0.000000
   11 H11     15.163620       11.372716        7.581810        3.790906        0.000000
   12 H12     18.954526       15.163622       11.372716        7.581812        3.790906        0.000000
 
                    ******************************************* 
                    *    InterNuclear Distances / Angstrom    * 
                    ******************************************* 
 
               1 H1            2 H2            3 H3            4 H4            5 H5            6 H6    
    1 H1       0.000000
    2 H2       2.006061        0.000000
    3 H3       4.012121        2.006060        0.000000
    4 H4       6.018182        4.012121        2.006061        0.000000
    5 H5       8.024242        6.018181        4.012121        2.006060        0.000000
    6 H6      10.030303        8.024242        6.018182        4.012121        2.006061        0.000000
    7 H7      12.036364       10.030303        8.024243        6.018182        4.012122        2.006061
    8 H8      14.042424       12.036363       10.030303        8.024242        6.018182        4.012121
    9 H9      16.048485       14.042424       12.036364       10.030303        8.024243        6.018182
   10 H10     18.054545       16.048484       14.042424       12.036363       10.030303        8.024242
   11 H11     20.060606       18.054545       16.048485       14.042424       12.036364       10.030303
   12 H12     22.066667       20.060606       18.054546       16.048485       14.042425       12.036364
 
               7 H7            8 H8            9 H9           10 H10          11 H11          12 H12   
    7 H7       0.000000
    8 H8       2.006060        0.000000
    9 H9       4.012121        2.006061        0.000000
   10 H10      6.018181        4.012121        2.006060        0.000000
   11 H11      8.024242        6.018182        4.012121        2.006061        0.000000
   12 H12     10.030303        8.024243        6.018182        4.012122        2.006061        0.000000
--
 
 
            Nuclear Potential Energy              6.65765223 au
 
--- Stop Module: gateway at Mon Oct 27 07:14:50 2025 /rc=_RC_ALL_IS_WELL_ ---
*** files: xmldump
    saved to directory /home/grierjones/DDCASPT2/hydrogen_comps/rerun/H12_chain/H12_2.01

--- Start Module: seward at Mon Oct 27 07:14:50 2025 ---
 
()()()()()()()()()()()()()()()()()()()()()()()()()()()()()()()()()()()()()()()()()()()()()()()()()()

                                              &SEWARD

                                   only a single process is used
                       available to each process: 2.0 GB of memory, 1 thread?
()()()()()()()()()()()()()()()()()()()()()()()()()()()()()()()()()()()()()()()()()()()()()()()()()()
 
               SEWARD will generate:
                  Multipole Moment integrals up to order  2
                  Kinetic Energy integrals
                  Nuclear Attraction integrals (point charge)
                  One-Electron Hamiltonian integrals
                  Velocity integrals
                  Relativistic Douglas-Kroll-Hess integrals:
                    - Parametrization         : EXP
                    - DKH order of Hamiltonian: 2
                    - DKH order of Properties : 0
                         - multipole moment operators
                         - electric potential operators
                         - contact operators
                  Atomic mean-field integrals
                  Two-Electron Repulsion integrals
 
                   Integrals are discarded if absolute value <: 0.10E-13
                   Integral cutoff threshold is set to       <: 0.10E-15
 
            Nuclear Potential Energy              6.65765223 au
 
 
      Basis set specifications :
      Symmetry species         a  
      Basis functions           60
 
 
  Input file to MOLDEN was generated!
 
forrtl: warning (525): IEEE_DIVIDE_BY_ZERO is signaling
forrtl: warning (526): IEEE_INVALID is signaling
forrtl: warning (528): IEEE_UNDERFLOW is signaling
--- Stop Module: seward at Mon Oct 27 07:14:51 2025 /rc=_RC_ALL_IS_WELL_ ---
*** files: H12_2.01.GssOrb H12_2.01.guessorb.h5 H12_2.01.guessorb.molden xmldump
    saved to directory /home/grierjones/DDCASPT2/hydrogen_comps/rerun/H12_chain/H12_2.01
--- Module seward spent 1 second ---

*** symbolic link created: INPORB -> H12_2.01.GssOrb
--- Start Module: scf at Mon Oct 27 07:14:51 2025 ---
 
()()()()()()()()()()()()()()()()()()()()()()()()()()()()()()()()()()()()()()()()()()()()()()()()()()

                                                &SCF

                                   only a single process is used
                       available to each process: 2.0 GB of memory, 1 thread?
()()()()()()()()()()()()()()()()()()()()()()()()()()()()()()()()()()()()()()()()()()()()()()()()()()
 
++    Input section:
      --------------
 
      Header of the integral files:
      
       Integrals generated by seward 4.2.0  , Mon Oct 27 07:14:50 2025
 
 
      Cartesian coordinates in Angstrom:
      -----------------------------------------------------
      No.  Label        X            Y            Z        
      -----------------------------------------------------
       1   H1         0.00000000   0.00000000   0.00000000
       2   H2         0.00000000   0.00000000   2.00606100
       3   H3         0.00000000   0.00000000   4.01212100
       4   H4         0.00000000   0.00000000   6.01818200
       5   H5         0.00000000   0.00000000   8.02424200
       6   H6         0.00000000   0.00000000  10.03030300
       7   H7         0.00000000   0.00000000  12.03636400
       8   H8         0.00000000   0.00000000  14.04242400
       9   H9         0.00000000   0.00000000  16.04848500
      10   H10        0.00000000   0.00000000  18.05454500
      11   H11        0.00000000   0.00000000  20.06060600
      12   H12        0.00000000   0.00000000  22.06666700
      -----------------------------------------------------
      Nuclear repulsion energy =    6.65765223
--
 
++    Orbital specifications:
      -----------------------
 
      Symmetry species               1
                                     a
      Frozen orbitals                0
      Occupied orbitals              6
      Secondary orbitals            54
      Deleted orbitals               0
      Total number of orbitals      60
      Number of basis functions     60
--
 
      Molecular charge                           0.000
 
++    Optimization specifications:
      ----------------------------
 
      SCF Algorithm: Conventional
      Minimized density differences are used
      Number of density matrices in core                5
      Maximum number of NDDO SCF iterations           400
      Maximum number of HF SCF iterations             400
      Threshold for SCF energy change            0.10E-08
      Threshold for density matrix               0.10E-03
      Threshold for Fock matrix                  0.15E-03
      Threshold for linear dependence            0.10E-08
      Threshold at which DIIS is turned on       0.15E+00
      Threshold at which QNR/C2DIIS is turned on 0.75E-01
      Threshold for Norm(delta) (QNR/C2DIIS)     0.20E-04
      DIIS extrapolation of the SCF procedure
      All orbitals punched on: SCFORB
--
 
      Input vectors read from INPORB
      Orbital file label: *Guess orbitals
 
 
++ Convergence information
                                   SCF        iterations: Energy and convergence statistics
 
Iter     Tot. SCF        One-elec.       Two-elec.     Energy      Max Dij or  Max Fij      DNorm      TNorm      AccCon     Time
         Energy          Energy          Energy        Change      Delta Norm                                                in Sec.
   1    -5.276804003   -19.718647013     7.784190782   0.00E+00    0.32E+00*   0.10E+00*    0.50E+01   0.12E+02   None         0.
   2    -5.524137971   -19.656062279     7.474272080  -0.25E+00*   0.14E+00*   0.19E-01*    0.15E+01   0.12E+02   EDIIS        0.
   3    -5.538077474   -19.574048811     7.378319109  -0.14E-01*   0.76E-01*   0.85E-02*    0.37E+00   0.12E+02   EDIIS        0.
   4    -5.541454202   -19.569340193     7.370233763  -0.34E-02*   0.23E-01*   0.10E-01*    0.13E+00   0.12E+02   c2DIIS       0.
   5    -5.543520486   -19.557383480     7.356210766  -0.21E-02*   0.81E-02*   0.13E-02*    0.63E-01   0.12E+02   QNRc2DIIS    0.
   6    -5.543579967   -19.560731767     7.359499572  -0.59E-04*   0.90E-02*   0.64E-03*    0.13E-01   0.12E+02   QNRc2DIIS    0.
   7    -5.543606512   -19.560853873     7.359595132  -0.27E-04*   0.20E-02*   0.21E-03*    0.79E-02   0.12E+02   QNRc2DIIS    0.
   8    -5.543608146   -19.559811732     7.358551358  -0.16E-05*   0.26E-03*   0.53E-04     0.16E-02   0.12E+02   QNRc2DIIS    0.
   9    -5.543608209   -19.559667345     7.358406907  -0.63E-07*   0.38E-04*   0.63E-05     0.31E-03   0.12E+02   QNRc2DIIS    0.
  10    -5.543608211   -19.559663537     7.358403099  -0.11E-08*   0.16E-04    0.16E-05     0.39E-04   0.12E+02   QNRc2DIIS    0.
  11    -5.543608211   -19.559665927     7.358405488  -0.13E-09    0.39E-05    0.41E-06     0.21E-04   0.12E+02   QNRc2DIIS    0.
 
       Convergence after 11 Macro Iterations
--
 
 *****************************************************************************************************************************
 *                                                                                                                           *
 *                                             SCF/KS-DFT Program, Final results                                             *
 *                                                                                                                           *
 *                                                                                                                           *
 *                                                                                                                           *
 *                                                       Final Results                                                       *
 *                                                                                                                           *
 *****************************************************************************************************************************
 
::    Total SCF energy                                 -5.5436082107
      One-electron energy                             -19.5596659267
      Two-electron energy                               7.3584054880
      Nuclear repulsion energy                          6.6576522280
      Kinetic energy (interpolated)                     4.0922159552
      Virial theorem                                    1.3546714717
      Total spin, S(S+1)                                0.0000000000
      Total spin, S                                     0.0000000000
      Max non-diagonal density matrix element           0.0000043299
      Max non-diagonal Fock matrix element              0.0000002599
 
 
      All orbitals with orbital energies smaller than  E(LUMO)+0.5 are printed
 
++    Molecular orbitals:
      -------------------
 
      Title: SCF orbitals

      Molecular orbitals for symmetry species 1: a  
 
          Orbital            1         2         3         4         5         6         7         8         9        10    
          Energy           -0.4530   -0.4415   -0.4232   -0.3981   -0.3677   -0.3380   -0.1441   -0.1046   -0.0595   -0.0146
          Occ. No.          2.0000    2.0000    2.0000    2.0000    2.0000    2.0000    0.0000    0.0000    0.0000    0.0000
 
        1 H1     1s         0.0859   -0.1716    0.2493   -0.3064    0.3199   -0.2352    0.2858   -0.4310    0.4640   -0.4176
        2 H1     2s         0.0099   -0.0208    0.0328   -0.0455    0.0546   -0.0454    0.0932   -0.1546    0.1829   -0.1777
        3 H1     2px        0.0000   -0.0000    0.0000   -0.0000    0.0000    0.0000   -0.0000    0.0000   -0.0000   -0.0000
        4 H1     2py        0.0000   -0.0000    0.0000   -0.0000    0.0000   -0.0000    0.0000    0.0000    0.0000   -0.0000
        5 H1     2pz        0.0049   -0.0092    0.0119   -0.0124    0.0106   -0.0064   -0.0010    0.0056   -0.0126    0.0189
        6 H2     1s         0.1294   -0.2436    0.3195   -0.3366    0.2845   -0.1644   -0.1062    0.2876   -0.4715    0.5647
        7 H2     2s         0.0118   -0.0288    0.0512   -0.0730    0.0807   -0.0574   -0.0275    0.1007   -0.1859    0.2328
        8 H2     2px        0.0000   -0.0000    0.0000   -0.0000    0.0000   -0.0000    0.0000   -0.0000   -0.0000    0.0000
        9 H2     2py        0.0000   -0.0000    0.0000   -0.0000    0.0000    0.0000   -0.0000    0.0000    0.0000   -0.0000
       10 H2     2pz        0.0007    0.0005   -0.0042    0.0097   -0.0141    0.0122   -0.0158    0.0204   -0.0146    0.0023
       11 H3     1s         0.2133   -0.3103    0.2229    0.0221   -0.2835    0.3283   -0.3792    0.3357    0.0241   -0.4285
       12 H3     2s         0.0272   -0.0389    0.0236    0.0206   -0.0750    0.0858   -0.1293    0.1190    0.0146   -0.1754
       13 H3     2px       -0.0000   -0.0000    0.0000   -0.0000   -0.0000    0.0000   -0.0000    0.0000    0.0000   -0.0000
       14 H3     2py       -0.0000    0.0000   -0.0000   -0.0000   -0.0000    0.0000    0.0000   -0.0000    0.0000   -0.0000
       15 H3     2pz        0.0052   -0.0047   -0.0020    0.0102   -0.0132    0.0087    0.0094   -0.0196    0.0223   -0.0114
       16 H4     1s         0.2446   -0.3029    0.1219    0.1695   -0.3442    0.2638    0.2428   -0.4487    0.3307    0.1377
       17 H4     2s         0.0250   -0.0421    0.0310    0.0194   -0.0779    0.0784    0.0763   -0.1664    0.1342    0.0541
       18 H4     2px        0.0000   -0.0000   -0.0000   -0.0000   -0.0000    0.0000   -0.0000    0.0000    0.0000   -0.0000
       19 H4     2py       -0.0000    0.0000    0.0000   -0.0000    0.0000   -0.0000   -0.0000   -0.0000   -0.0000   -0.0000
       20 H4     2pz       -0.0011    0.0057   -0.0096    0.0051    0.0076   -0.0139    0.0185   -0.0105   -0.0127    0.0246
       21 H5     1s         0.2956   -0.1831   -0.1915    0.3053    0.0522   -0.3555    0.3965   -0.0066   -0.4892    0.2950
       22 H5     2s         0.0351   -0.0159   -0.0396    0.0521    0.0264   -0.0964    0.1329    0.0047   -0.1941    0.1181
       23 H5     2px        0.0000   -0.0000    0.0000    0.0000   -0.0000    0.0000   -0.0000   -0.0000    0.0000    0.0000
       24 H5     2py        0.0000    0.0000    0.0000   -0.0000    0.0000    0.0000   -0.0000   -0.0000    0.0000    0.0000
       25 H5     2pz        0.0048    0.0024   -0.0098    0.0024    0.0114   -0.0123   -0.0149    0.0193    0.0006   -0.0234
       26 H6     1s         0.3072   -0.1055   -0.2757    0.2134    0.2082   -0.3329   -0.3472    0.3277    0.2665   -0.5190
       27 H6     2s         0.0342   -0.0225   -0.0364    0.0515    0.0367   -0.0939   -0.1138    0.1266    0.1014   -0.2114
       28 H6     2px        0.0000    0.0000    0.0000    0.0000    0.0000    0.0000    0.0000   -0.0000   -0.0000   -0.0000
       29 H6     2py       -0.0000    0.0000    0.0000   -0.0000   -0.0000   -0.0000    0.0000    0.0000    0.0000    0.0000
       30 H6     2pz       -0.0033    0.0071    0.0002   -0.0118    0.0027    0.0142   -0.0183   -0.0065    0.0226    0.0045
       31 H7     1s         0.3072    0.1055   -0.2757   -0.2134    0.2082    0.3329   -0.3471   -0.3277    0.2665    0.5190
       32 H7     2s         0.0342    0.0225   -0.0364   -0.0515    0.0367    0.0939   -0.1137   -0.1266    0.1014    0.2114
       33 H7     2px        0.0000    0.0000   -0.0000   -0.0000   -0.0000   -0.0000   -0.0000    0.0000   -0.0000   -0.0000
       34 H7     2py       -0.0000    0.0000   -0.0000    0.0000   -0.0000    0.0000    0.0000   -0.0000    0.0000   -0.0000
       35 H7     2pz        0.0033    0.0071   -0.0002   -0.0118   -0.0027    0.0142    0.0183   -0.0065   -0.0226    0.0045
       36 H8     1s         0.2956    0.1831   -0.1915   -0.3053    0.0522    0.3555    0.3965    0.0066   -0.4892   -0.2950
       37 H8     2s         0.0351    0.0159   -0.0396   -0.0521    0.0264    0.0964    0.1329   -0.0047   -0.1941   -0.1181
       38 H8     2px       -0.0000   -0.0000    0.0000    0.0000   -0.0000   -0.0000   -0.0000   -0.0000    0.0000    0.0000
       39 H8     2py        0.0000   -0.0000   -0.0000    0.0000   -0.0000    0.0000   -0.0000    0.0000    0.0000    0.0000
       40 H8     2pz       -0.0048    0.0024    0.0098    0.0024   -0.0114   -0.0123    0.0149    0.0193   -0.0006   -0.0234
       41 H9     1s         0.2446    0.3029    0.1219   -0.1695   -0.3442   -0.2638    0.2428    0.4487    0.3307   -0.1377
       42 H9     2s         0.0250    0.0421    0.0310   -0.0194   -0.0779   -0.0784    0.0763    0.1664    0.1342   -0.0541
       43 H9     2px        0.0000    0.0000   -0.0000   -0.0000    0.0000   -0.0000    0.0000   -0.0000   -0.0000    0.0000
       44 H9     2py       -0.0000    0.0000    0.0000    0.0000   -0.0000   -0.0000   -0.0000   -0.0000    0.0000   -0.0000
       45 H9     2pz        0.0011    0.0057    0.0096    0.0051   -0.0076   -0.0139   -0.0185   -0.0105    0.0127    0.0246
       46 H10    1s         0.2133    0.3103    0.2229   -0.0221   -0.2835   -0.3283   -0.3792   -0.3357    0.0241    0.4285
       47 H10    2s         0.0272    0.0389    0.0236   -0.0206   -0.0750   -0.0858   -0.1293   -0.1190    0.0146    0.1754
       48 H10    2px        0.0000    0.0000   -0.0000    0.0000    0.0000   -0.0000   -0.0000   -0.0000    0.0000    0.0000
       49 H10    2py       -0.0000   -0.0000    0.0000   -0.0000    0.0000    0.0000   -0.0000   -0.0000    0.0000   -0.0000
       50 H10    2pz       -0.0052   -0.0047    0.0020    0.0102    0.0132    0.0087   -0.0094   -0.0196   -0.0223   -0.0114
       51 H11    1s         0.1294    0.2436    0.3195    0.3366    0.2845    0.1644   -0.1062   -0.2876   -0.4715   -0.5647
       52 H11    2s         0.0118    0.0288    0.0512    0.0730    0.0807    0.0574   -0.0275   -0.1007   -0.1859   -0.2328
       53 H11    2px       -0.0000   -0.0000   -0.0000    0.0000   -0.0000   -0.0000   -0.0000   -0.0000    0.0000    0.0000
       54 H11    2py        0.0000   -0.0000   -0.0000   -0.0000   -0.0000   -0.0000    0.0000   -0.0000    0.0000    0.0000
       55 H11    2pz       -0.0007    0.0005    0.0042    0.0097    0.0141    0.0122    0.0158    0.0204    0.0146    0.0023
       56 H12    1s         0.0859    0.1716    0.2493    0.3064    0.3199    0.2352    0.2858    0.4310    0.4640    0.4176
       57 H12    2s         0.0099    0.0208    0.0328    0.0455    0.0546    0.0454    0.0932    0.1546    0.1829    0.1777
       58 H12    2px       -0.0000   -0.0000   -0.0000   -0.0000   -0.0000   -0.0000   -0.0000   -0.0000    0.0000    0.0000
       59 H12    2py       -0.0000    0.0000    0.0000    0.0000    0.0000   -0.0000    0.0000    0.0000    0.0000    0.0000
       60 H12    2pz       -0.0049   -0.0092   -0.0119   -0.0124   -0.0106   -0.0064    0.0010    0.0056    0.0126    0.0189
 
          Orbital           11        12        13        14        15    
          Energy            0.0256    0.0545    0.3106    0.3221    0.3435
          Occ. No.          0.0000    0.0000    0.0000    0.0000    0.0000
 
        1 H1     1s         0.3137   -0.1688   -0.0853    0.1367   -0.1379
        2 H1     2s         0.1411   -0.0785    0.1721   -0.3100    0.4027
        3 H1     2px        0.0000   -0.0000    0.0000   -0.0000    0.0000
        4 H1     2py        0.0000   -0.0000    0.0000   -0.0000    0.0000
        5 H1     2pz       -0.0206    0.0141   -0.0214    0.0348   -0.0382
        6 H2     1s        -0.5111    0.3054   -0.1203    0.1727   -0.1418
        7 H2     2s        -0.2116    0.1246    0.1388   -0.2160    0.2002
        8 H2     2px       -0.0000    0.0000   -0.0000   -0.0000    0.0000
        9 H2     2py        0.0000    0.0000    0.0000   -0.0000    0.0000
       10 H2     2pz        0.0091   -0.0104    0.0033   -0.0117    0.0260
       11 H3     1s         0.6101   -0.4376   -0.1412    0.1747   -0.0857
       12 H3     2s         0.2481   -0.1760    0.1831   -0.2397    0.1268
       13 H3     2px        0.0000   -0.0000   -0.0000   -0.0000    0.0000
       14 H3     2py        0.0000    0.0000    0.0000   -0.0000    0.0000
       15 H3     2pz       -0.0065    0.0132   -0.0081    0.0026    0.0124
       16 H4     1s        -0.5730    0.5310   -0.1572    0.1338    0.0312
       17 H4     2s        -0.2332    0.2131    0.2011   -0.1955   -0.0329
       18 H4     2px        0.0000   -0.0000   -0.0000    0.0000   -0.0000
       19 H4     2py       -0.0000    0.0000    0.0000   -0.0000    0.0000
       20 H4     2pz       -0.0121   -0.0039    0.0003   -0.0109    0.0220
       21 H5     1s         0.3903   -0.6057   -0.1684    0.0991    0.1000
       22 H5     2s         0.1585   -0.2430    0.2180   -0.1304   -0.1763
       23 H5     2px       -0.0000   -0.0000   -0.0000    0.0000   -0.0000
       24 H5     2py       -0.0000    0.0000   -0.0000   -0.0000   -0.0000
       25 H5     2pz        0.0139    0.0088   -0.0045   -0.0095    0.0154
       26 H6     1s        -0.1567    0.6389   -0.1751    0.0260    0.1620
       27 H6     2s        -0.0637    0.2563    0.2250   -0.0456   -0.2621
       28 H6     2px        0.0000   -0.0000   -0.0000    0.0000    0.0000
       29 H6     2py       -0.0000    0.0000    0.0000    0.0000    0.0000
       30 H6     2pz       -0.0223    0.0027    0.0020   -0.0135    0.0052
       31 H7     1s        -0.1567   -0.6389   -0.1751   -0.0260    0.1620
       32 H7     2s        -0.0637   -0.2563    0.2250    0.0456   -0.2621
       33 H7     2px        0.0000   -0.0000   -0.0000    0.0000    0.0000
       34 H7     2py        0.0000   -0.0000    0.0000   -0.0000    0.0000
       35 H7     2pz        0.0223    0.0027   -0.0020   -0.0135   -0.0052
       36 H8     1s         0.3903    0.6057   -0.1684   -0.0992    0.1000
       37 H8     2s         0.1585    0.2430    0.2180    0.1304   -0.1763
       38 H8     2px        0.0000    0.0000   -0.0000   -0.0000    0.0000
       39 H8     2py       -0.0000    0.0000    0.0000    0.0000    0.0000
       40 H8     2pz       -0.0139    0.0088    0.0045   -0.0095   -0.0154
       41 H9     1s        -0.5730   -0.5310   -0.1572   -0.1338    0.0312
       42 H9     2s        -0.2332   -0.2131    0.2011    0.1955   -0.0329
       43 H9     2px        0.0000   -0.0000    0.0000    0.0000    0.0000
       44 H9     2py       -0.0000    0.0000    0.0000    0.0000   -0.0000
       45 H9     2pz        0.0121   -0.0039   -0.0003   -0.0109   -0.0220
       46 H10    1s         0.6101    0.4376   -0.1412   -0.1747   -0.0857
       47 H10    2s         0.2481    0.1760    0.1831    0.2397    0.1268
       48 H10    2px        0.0000    0.0000    0.0000    0.0000    0.0000
       49 H10    2py       -0.0000   -0.0000    0.0000   -0.0000    0.0000
       50 H10    2pz        0.0065    0.0132    0.0081    0.0026   -0.0124
       51 H11    1s        -0.5111   -0.3054   -0.1203   -0.1727   -0.1418
       52 H11    2s        -0.2116   -0.1246    0.1388    0.2160    0.2002
       53 H11    2px        0.0000   -0.0000    0.0000    0.0000    0.0000
       54 H11    2py        0.0000    0.0000   -0.0000   -0.0000   -0.0000
       55 H11    2pz       -0.0091   -0.0104   -0.0033   -0.0117   -0.0260
       56 H12    1s         0.3137    0.1688   -0.0853   -0.1367   -0.1379
       57 H12    2s         0.1411    0.0785    0.1721    0.3100    0.4027
       58 H12    2px       -0.0000   -0.0000   -0.0000    0.0000   -0.0000
       59 H12    2py        0.0000    0.0000   -0.0000   -0.0000    0.0000
       60 H12    2pz        0.0206    0.0141    0.0214    0.0348    0.0382
--
 
 
++    Molecular charges:
      ------------------
 
      Mulliken charges per centre and basis function type
      ---------------------------------------------------
 
                H1      H2      H3      H4      H5      H6      H7      H8      H9      H10     H11     H12   
      1s       0.8814  0.9715  0.9327  0.9445  0.9365  0.9399  0.9399  0.9365  0.9445  0.9327  0.9715  0.8814
      2s       0.0567  0.0669  0.0494  0.0536  0.0522  0.0528  0.0528  0.0522  0.0536  0.0494  0.0669  0.0567
      2px      0.0000  0.0000  0.0000  0.0000  0.0000  0.0000  0.0000  0.0000  0.0000  0.0000  0.0000  0.0000
      2pz      0.0087  0.0110  0.0106  0.0105  0.0107  0.0106  0.0106  0.0107  0.0105  0.0106  0.0110  0.0087
      2py      0.0000  0.0000  0.0000  0.0000  0.0000  0.0000  0.0000  0.0000  0.0000  0.0000  0.0000  0.0000
      Total    0.9468  1.0493  0.9926  1.0086  0.9994  1.0033  1.0033  0.9994  1.0086  0.9926  1.0493  0.9468
 
      N-E      0.0532 -0.0493  0.0074 -0.0086  0.0006 -0.0033 -0.0033  0.0006 -0.0086  0.0074 -0.0493  0.0532
 
      Total electronic charge=   12.000000
 
      Total            charge=   -0.000000
--
 
 
  Input file to MOLDEN was generated!
 
 
++    Static properties:
      ------------------
 
 
      LoProp Charges per center
 

                   H1       H2       H3       H4       H5       H6       H7       H8       H9       H10   
      Nuclear      1.0000   1.0000   1.0000   1.0000   1.0000   1.0000   1.0000   1.0000   1.0000   1.0000
      Electronic  -0.9721  -1.0218  -0.9952  -1.0081  -0.9997  -1.0032  -1.0032  -0.9997  -1.0081  -0.9952
 
      Total        0.0279  -0.0218   0.0048  -0.0081   0.0003  -0.0032  -0.0032   0.0003  -0.0081   0.0048
 

                   H11      H12   
      Nuclear      1.0000   1.0000
      Electronic  -1.0218  -0.9721
 
      Total       -0.0218   0.0279
--
 
 
++    Natural Bond Order analysis
      ---------------------------
      Based on LoProp computed density
      -------------------------------------------------------------------------------------
      Atom A       Atom B       Bond Order
      -------------------------------------------------------------------------------------
      NBO located      0.949 non-bonded electrons on atom H1        
      NBO located      1.005 non-bonded electrons on atom H3        
      NBO located      1.019 non-bonded electrons on atom H4        
      NBO located      1.010 non-bonded electrons on atom H5        
      NBO located      1.014 non-bonded electrons on atom H6        
      NBO located      1.014 non-bonded electrons on atom H7        
      NBO located      1.010 non-bonded electrons on atom H8        
      NBO located      1.019 non-bonded electrons on atom H9        
      NBO located      1.005 non-bonded electrons on atom H10       
      NBO located      0.949 non-bonded electrons on atom H12       
      The remaining    2.006 electrons are to be considered as diffuse
--
 
 
++    Molecular properties:
      ---------------------
 
      Charge (e):
                      =   -0.0000
      Dipole Moment (Debye):
      Origin of the operator (Ang)=    0.0000    0.0000    0.0000
                   X= -1.7649E-13               Y= -9.9690E-14               Z= -1.2709E-06           Total=  1.2709E-06
      Quadrupole Moment (Debye*Ang):
      Origin of the operator (Ang)=    0.0000    0.0000   11.0333
                  XX= -2.4863E+01              XY= -1.0018E-27              XZ=  1.7372E-12              YY= -2.4863E+01
                  YZ=  1.1123E-12              ZZ=  5.5984E+00
      In traceless form (Debye*Ang)
                  XX= -1.5231E+01              XY= -1.5027E-27              XZ=  2.6057E-12              YY= -1.5231E+01
                  YZ=  1.6684E-12              ZZ=  3.0462E+01
--
 
 
  Input file to MOLDEN was generated!
 
 ###############################################################################
 ###############################################################################
 ###                                                                         ###
 ###                                                                         ###
 ###    RunFile label nBas                                                   ###
 ###    was used       78 times                                              ###
 ###                                                                         ###
 ###                                                                         ###
 ###############################################################################
 ###############################################################################
forrtl: warning (528): IEEE_UNDERFLOW is signaling
--- Stop Module: scf at Mon Oct 27 07:14:51 2025 /rc=_RC_ALL_IS_WELL_ ---
*** files: H12_2.01.LprOrb H12_2.01.LoProp.molden H12_2.01.scf.molden H12_2.01.ScfOrb H12_2.01.scf.h5 xmldump
    saved to directory /home/grierjones/DDCASPT2/hydrogen_comps/rerun/H12_chain/H12_2.01

>>> COPY /tmp/H12_2.01/H12_2.01.scf.h5 /home/grierjones/DDCASPT2/hydrogen_comps/rerun/H12_chain/H12_2.01/

*** symbolic link created: INPORB -> H12_2.01.ScfOrb
--- Start Module: rasscf at Mon Oct 27 07:14:51 2025 ---
 
()()()()()()()()()()()()()()()()()()()()()()()()()()()()()()()()()()()()()()()()()()()()()()()()()()

                                              &RASSCF

                                   only a single process is used
                       available to each process: 2.0 GB of memory, 1 thread?
()()()()()()()()()()()()()()()()()()()()()()()()()()()()()()()()()()()()()()()()()()()()()()()()()()
 
 
      Header of the ONEINT file:
      --------------------------
      
      Integrals generated by seward 4.2.0  , Mon Oct 27 07:14:50 2025
 
 
      OrdInt status: non-squared
 
 
      Cartesian coordinates in Angstrom:
      -----------------------------------------------------
      No.  Label        X            Y            Z        
      -----------------------------------------------------
       1   H1         0.00000000   0.00000000   0.00000000
       2   H2         0.00000000   0.00000000   2.00606100
       3   H3         0.00000000   0.00000000   4.01212100
       4   H4         0.00000000   0.00000000   6.01818200
       5   H5         0.00000000   0.00000000   8.02424200
       6   H6         0.00000000   0.00000000  10.03030300
       7   H7         0.00000000   0.00000000  12.03636400
       8   H8         0.00000000   0.00000000  14.04242400
       9   H9         0.00000000   0.00000000  16.04848500
      10   H10        0.00000000   0.00000000  18.05454500
      11   H11        0.00000000   0.00000000  20.06060600
      12   H12        0.00000000   0.00000000  22.06666700
      -----------------------------------------------------
      Nuclear repulsion energy =    6.65765223
 
++    Wave function specifications:
      -----------------------------
 
      Number of closed shell electrons           0
      Number of electrons in active shells      12
      Max number of holes in RAS1 space          0
      Max nr of electrons in RAS3 space          0
      Number of inactive orbitals                0
      Number of active orbitals                 12
      Number of secondary orbitals              48
      Spin quantum number                      0.0
      State symmetry                             1
--
 
++    Orbital specifications:
      -----------------------
 
      Symmetry species                           1
                                                 a
      Frozen orbitals                            0
      Inactive orbitals                          0
      Active orbitals                           12
      RAS1 orbitals                              0
      RAS2 orbitals                             12
      RAS3 orbitals                              0
      Secondary orbitals                        48
      Deleted orbitals                           0
      Number of basis functions                 60
--
 
++    CI expansion specifications:
      ----------------------------
 
      Number of CSFs                        226512
      Number of determinants                427350
      Number of root(s) required                 1
      Root chosen for geometry opt.              1
      CI root used                               1
         
      highest root included in the CI            1
      max. size of the explicit Hamiltonian    200
--
 
++    Optimization specifications:
      ----------------------------
 
      RASSCF algorithm: Conventional
      Maximum number of macro iterations       200
      Maximum number of SX iterations          100
      Threshold for RASSCF energy            0.100E-07
      Threshold for max MO rotation          0.100E+00
      Threshold for max BLB element          0.100E-03
      Level shift parameter                  0.500E+00
      Make Quasi-Newton update
--
 
      The MO-coefficients are taken from the file:
      /home/grierjones/DDCASPT2/hydrogen_comps/rerun/H12_chain/H12_0.60/H12_0.60.RasOrb                                               
      Title: RASSCF average (pseudo-natural) orbitals                                      
 
      Total molecular charge    0.00
 
      ************************************************************************************************************************
      *                                                                                                                      *
      *                                            Wave function control section                                             *
      *                                                                                                                      *
      ************************************************************************************************************************
 
 
                                         RASSCF iterations: Energy and convergence statistics
                                         ----------------------------------------------------
 
      Iter CI   SX   CI       RASSCF       Energy    max ROT     max BLB   max BLB  Level Ln srch  Step   QN   Walltime
          iter iter root      energy       change     param      element    value   shift minimum  type update hh:mm:ss
        No convergence in the CI section: MAXJT will be increased to 
 24
 Nr of preliminary CI iterations:  12
        1  11  100    1    -4.06053873    0.00E+00  -0.21E+00*   4  21 1  0.30E+00*  0.42   0.00    SX    NO    0:00:46
        No convergence in the CI section: MAXJT will be increased to 
 36
        2  24  100    1    -5.10737120   -0.10E+01* -0.19E+00*   4  21 1  0.26E+00*  0.32   0.00    SX    NO    0:00:42
 ###############################################################################
 ###############################################################################
 ###                                                                         ###
 ###                                                                         ###
 ###    Large orbital rotation.                                              ###
 ###                                                                         ###
 ###                                                                         ###
 ###############################################################################
 ###############################################################################
      Molecular orbital  11 of symmetry 1 MO space 2  weight is    0.403422
 ###############################################################################
 ###############################################################################
 ###                                                                         ###
 ###                                                                         ###
 ###    Large orbital rotation.                                              ###
 ###                                                                         ###
 ###                                                                         ###
 ###############################################################################
 ###############################################################################
      Molecular orbital  12 of symmetry 1 MO space 2  weight is    0.402688
        3   7  100    1    -5.59214585   -0.48E+00*  0.75E+00*   2  14 1 -0.17E+00*  0.23   0.00    SX    NO    0:00:16
        4  17  100    1    -5.72383371   -0.13E+00* -0.34E+00*   3  20 1  0.21E+00*  0.12   0.00    SX    NO    0:00:31
        No convergence in the CI section: MAXJT will be increased to 
 72
 ###############################################################################
 ###############################################################################
 ###                                                                         ###
 ###                                                                         ###
 ###    Large orbital rotation.                                              ###
 ###                                                                         ###
 ###                                                                         ###
 ###############################################################################
 ###############################################################################
      Molecular orbital  12 of symmetry 1 MO space 2  weight is    0.409934
 ###############################################################################
 ###############################################################################
 ###                                                                         ###
 ###                                                                         ###
 ###    Large orbital rotation.                                              ###
 ###                                                                         ###
 ###                                                                         ###
 ###############################################################################
 ###############################################################################
      Molecular orbital  14 of symmetry 1 MO space 3  weight is    0.449231
        5  60  100    1    -5.88319075   -0.16E+00*  0.57E+00*   3  27 1  0.52E-01*  0.10   0.00    SX    NO    0:01:39
        6  29   62    1    -6.03162616   -0.15E+00*  0.13E+00*  12  45 1 -0.38E-01*  0.00   0.00    SX    NO    0:00:50
        7  11   24    1    -6.08320953   -0.52E-01*  0.17E-01    2  54 1 -0.11E-01*  0.00   1.08    QN   YES    0:00:22
        8   5   14    1    -6.08524935   -0.20E-02*  0.50E-02   12  21 1 -0.23E-02*  0.00   0.97    QN   YES    0:00:13
        9  16   13    1    -6.08570199   -0.45E-03*  0.33E-02    9  14 1  0.73E-03*  0.00   1.02    QN   YES    0:00:29
       10  15   13    1    -6.08574251   -0.41E-04* -0.12E-02   12  21 1  0.58E-03*  0.00   0.87    QN   YES    0:00:28
       11  15   11    1    -6.08575042   -0.79E-05* -0.35E-03   12  30 1  0.17E-03*  0.00   1.09    QN   YES    0:00:28
       12  16   10    1    -6.08575179   -0.14E-05* -0.84E-04    9  14 1  0.38E-04   0.00   1.07    QN   YES    0:00:29
       13  10    8    1    -6.08575191   -0.11E-06*  0.32E-04   12  14 1 -0.11E-04   0.00   1.05    QN   YES    0:00:21
       14   8    6    1    -6.08575192   -0.12E-07* -0.78E-05    4  14 1  0.33E-05   0.00   1.02    QN   YES    0:00:18
       15   1    6    1    -6.08575192   -0.81E-10  -0.39E-05    4  31 1 -0.24E-05   0.00   0.56    QN   YES    0:00:07
      Convergence after 15 iterations
 
  Dmat in MO in SXCTL bf call to SXHAM                                                                                    
  mat. size =    12x   12
 
        1.6322164563526693
       -0.0002727416744173      1.6116024420874424
       -0.0447831386483116     -0.0003104159901147      1.5234934290082995
       -0.0004541885370548      0.0368757762179474     -0.0005115009029227      1.4254670322706706
       -0.0027050655372174      0.0000628489033099     -0.0597811038266691      0.0002305894688321      1.4133626294927712
        0.0002597703004270      0.0492019360849042      0.0001991371523716     -0.0170284784127412     -0.0001337622010147
        1.2984424811876722
        0.0169177854921459      0.0006407526386950      0.1987282511132570     -0.0000732607468563      0.0026839124216986
        0.0004511160233599      0.4598229144158719
        0.0004457572126588     -0.0343232854992139      0.0002599941698703     -0.1963421948242500     -0.0001329969189908
       -0.0119584326017429      0.0000164817455100      0.4207092925312262
       -0.0537123818355561      0.0002378537699673     -0.1080845779470248      0.0000926281933088     -0.1007678718005470
        0.0003194736346872      0.0064110963025137     -0.0000034585339748      0.7327420262821972
        0.0001751826549475     -0.0352864187360490     -0.0000231173776860      0.2137063279391679     -0.0000481425494034
       -0.0983262891895179      0.0001365069435018      0.0402688818966478      0.0005572866337394      0.5634545972055023
       -0.0838870570116556      0.0167033204814772     -0.0907130709063142     -0.0559038289702594      0.0204474977710141
        0.0357715946660449      0.0290802396076795      0.0116026967099762     -0.0469537364748470      0.0402498206506931
        0.4614747861794354
        0.0612813486560791      0.0283293927802217      0.0649866948202449     -0.0668774715556313     -0.0138356313844486
        0.0460838906091464     -0.0237254073797259      0.0138500381961417      0.0351253608200814      0.0523626538913646
       -0.0035523265615512      0.4572119129860612
       16   1    6    1    -6.08575192   -0.16E-09  -0.39E-05    4  14 1 -0.27E-06   0.00   0.56    QN   YES    0:00:08
 
      ************************************************************************************************************************
                                                      Wave function printout:
                       occupation of active orbitals, and spin coupling of open shells (u,d: Spin up or down)
      ************************************************************************************************************************
 
      Note: transformation to natural orbitals
      has been made, which may change the order of the CSFs.
 
      printout of CI-coefficients larger than  0.05 for root  1
      energy=      -6.085752
      conf/sym  111111111111     Coeff  Weight
             1  222222000000  -0.40174 0.16140
            43  222220002000   0.17717 0.03139
            67  2222ud00ud00   0.17752 0.03151
            83  222u2du0d000  -0.13312 0.01772
            89  222u2d000200   0.05500 0.00303
           107  22u22du00d00  -0.05701 0.00325
           118  22u22d00u00d   0.11088 0.01229
           134  2u222d00u0d0   0.09998 0.01000
           147  u2222d0ud000   0.11807 0.01394
           156  u2222d000ud0  -0.05495 0.00302
           167  222202u0d000  -0.05441 0.00296
           169  222202002000   0.05031 0.00253
           173  222202000200   0.10312 0.01063
           191  222ud2u00d00  -0.11954 0.01429
           202  222ud200u00d   0.05646 0.00319
           224  22u2d2000u0d   0.09860 0.00972
           231  2u22d20ud000  -0.05560 0.00309
           240  2u22d2000ud0   0.09696 0.00940
           242  2u22d2u0000d   0.05381 0.00290
           255  u222d20u0d00   0.07923 0.00628
           260  u222d200u0d0  -0.05005 0.00250
           269  222022200000   0.07286 0.00531
           303  22ud22000ud0  -0.05426 0.00294
           305  22ud22u0000d  -0.09648 0.00931
           321  2u2d22u000d0  -0.07661 0.00587
           333  u22d22ud0000  -0.07035 0.00495
           373  220222000002   0.05701 0.00325
           393  2ud2220000ud   0.07193 0.00517
           411  u2d2220u000d   0.06661 0.00444
           430  202222000020   0.05021 0.00252
           448  ud22220u00d0   0.06671 0.00445
           460  022222020000   0.05097 0.00260
           541  u2222u0dd000   0.05117 0.00262
          5623  222200002200  -0.08248 0.00680
          5721  222ud0u02d00  -0.07924 0.00628
          5877  22u2d0002u0d  -0.06412 0.00411
          5952  2u22d0002ud0  -0.05847 0.00342
          6037  u222d00u2d00   0.05266 0.00277
          6132  222020202000  -0.05055 0.00256
          6290  22ud20u0200d  -0.05344 0.00286
          7196  222u0du0d200  -0.06232 0.00388
          7769  22ududu0ud0d  -0.05532 0.00306
 
      Natural orbitals and occupation numbers for root  1
      sym 1:   1.655304   1.629754   1.584324   1.514668   1.416709   1.293657   0.487469   0.333467   0.719737   0.591968
               0.361418   0.411524
 
      ************************************************************************************************************************
      *                                                                                                                      *
      *                                                    Final results                                                     *
      *                                                                                                                      *
      ************************************************************************************************************************
 
 
++    Wave function specifications:
      -----------------------------
 
      Number of closed shell electrons           0
      Number of electrons in active shells      12
      Max number of holes in RAS1 space          0
      Max nr of electrons in RAS3 space          0
      Number of inactive orbitals                0
      Number of active orbitals                 12
      Number of secondary orbitals              48
      Spin quantum number                      0.0
      State symmetry                             1
--
 
++    Orbital specifications:
      -----------------------
 
      Symmetry species                           1
                                                 a
      Frozen orbitals                            0
      Inactive orbitals                          0
      Active orbitals                           12
      RAS1 orbitals                              0
      RAS2 orbitals                             12
      RAS3 orbitals                              0
      Secondary orbitals                        48
      Deleted orbitals                           0
      Number of basis functions                 60
--
 
++    CI expansion specifications:
      ----------------------------
 
      Number of CSFs                        226512
      Number of determinants                427350
      Number of root(s) required                 1
      CI root used                               1
      highest root included in the CI            1
      Root passed to geometry opt.               1
--
 
++    Final optimization conditions:
      ------------------------------
 
      Average CI energy                              -6.08575192
      RASSCF energy for state  1                     -6.08575192
      Super-CI energy                                -0.00000000
      RASSCF energy change                            0.00000000
      Max change in MO coefficients              -0.513E-05
      Max non-diagonal density matrix element    -0.389E-05
      Maximum BLB matrix element                 -0.274E-06
      (orbital pair   4,  14 in symmetry   1)
      Norm of electronic gradient            0.983E-06
--
 
 
      Final state energy(ies):
      ------------------------
 
::    RASSCF root number  1 Total energy:     -6.08575192
 
++    Molecular orbitals:
      -------------------
 
      Pseudonatural active orbitals and approximate occupation numbers
 
 
 
 
      Molecular orbitals for symmetry species 1: a  
 
 
      Orbital                1         2         3         4         5         6         7         8         9        10
      Energy            0.0000    0.0000    0.0000    0.0000    0.0000    0.0000    0.0000    0.0000    0.0000    0.0000
      Occ. No.          1.6553    1.6298    1.5843    1.5147    1.4167    1.2937    0.4875    0.3335    0.7197    0.5920
 
    1 H1     1s         0.1035    0.2009    0.2817   -0.3296    0.3213   -0.2285    0.4318   -0.1593   -0.2611   -0.3934
    2 H1     2s         0.0060    0.0122    0.0187   -0.0243    0.0264   -0.0205    0.0483   -0.0205   -0.0272   -0.0422
    3 H1     2px        0.0000    0.0000    0.0000   -0.0000    0.0000   -0.0000   -0.0000   -0.0000    0.0000   -0.0000
    4 H1     2py        0.0000    0.0000    0.0000   -0.0000    0.0000   -0.0000    0.0000   -0.0000   -0.0000   -0.0000
    5 H1     2pz        0.0022    0.0038    0.0046   -0.0043    0.0032   -0.0017    0.0029   -0.0018   -0.0012   -0.0021
    6 H2     1s         0.1516    0.2740    0.3401   -0.3332    0.2545   -0.1306   -0.4232    0.2670    0.0924    0.2585
    7 H2     2s         0.0070    0.0165    0.0287   -0.0401    0.0432   -0.0309   -0.0590    0.0518   -0.0021    0.0232
    8 H2     2px        0.0000   -0.0000    0.0000   -0.0000   -0.0000   -0.0000   -0.0000   -0.0000    0.0000   -0.0000
    9 H2     2py       -0.0000   -0.0000   -0.0000    0.0000   -0.0000   -0.0000    0.0000   -0.0000   -0.0000   -0.0000
   10 H2     2pz        0.0015    0.0014   -0.0007    0.0039   -0.0062    0.0053   -0.0008   -0.0006    0.0035    0.0029
   11 H3     1s         0.2237    0.3157    0.2091    0.0496   -0.3016    0.3419   -0.0200   -0.3784    0.3790    0.3420
   12 H3     2s         0.0133    0.0182    0.0084    0.0161   -0.0430    0.0471    0.0070   -0.0718    0.0532    0.0451
   13 H3     2px        0.0000    0.0000    0.0000    0.0000   -0.0000    0.0000    0.0000   -0.0000    0.0000    0.0000
   14 H3     2py        0.0000   -0.0000    0.0000    0.0000    0.0000   -0.0000    0.0000    0.0000   -0.0000    0.0000
   15 H3     2pz        0.0012    0.0001   -0.0030    0.0056   -0.0052    0.0025    0.0018   -0.0018   -0.0013   -0.0018
   16 H4     1s         0.2592    0.3010    0.0846    0.2161   -0.3572    0.2441    0.3293    0.4510   -0.2336   -0.4386
   17 H4     2s         0.0129    0.0205    0.0132    0.0133   -0.0419    0.0419    0.0619    0.0886   -0.0230   -0.0661
   18 H4     2px        0.0000   -0.0000    0.0000    0.0000    0.0000    0.0000   -0.0000    0.0000    0.0000    0.0000
   19 H4     2py        0.0000   -0.0000    0.0000    0.0000    0.0000    0.0000   -0.0000    0.0000    0.0000    0.0000
   20 H4     2pz        0.0010   -0.0013   -0.0045    0.0032    0.0026   -0.0059   -0.0017   -0.0015   -0.0033   -0.0003
   21 H5     1s         0.2989    0.1851   -0.1949    0.3068    0.0482   -0.3772   -0.4455   -0.5098   -0.4064   -0.0151
   22 H5     2s         0.0167    0.0075   -0.0198    0.0247    0.0159   -0.0540   -0.0784   -0.0985   -0.0538    0.0086
   23 H5     2px       -0.0000   -0.0000    0.0000    0.0000    0.0000    0.0000    0.0000   -0.0000   -0.0000   -0.0000
   24 H5     2py       -0.0000   -0.0000    0.0000    0.0000    0.0000    0.0000   -0.0000   -0.0000    0.0000   -0.0000
   25 H5     2pz        0.0005   -0.0026   -0.0040   -0.0008    0.0058   -0.0044   -0.0013   -0.0018    0.0022    0.0024
   26 H6     1s         0.3117    0.0929   -0.2904    0.1922    0.2393   -0.3388    0.2394    0.5354    0.3506    0.3282
   27 H6     2s         0.0165    0.0100   -0.0186    0.0246    0.0201   -0.0518    0.0332    0.1043    0.0426    0.0581
   28 H6     2px        0.0000   -0.0000    0.0000    0.0000    0.0000   -0.0000    0.0000   -0.0000   -0.0000   -0.0000
   29 H6     2py        0.0000   -0.0000   -0.0000    0.0000    0.0000   -0.0000   -0.0000   -0.0000    0.0000   -0.0000
   30 H6     2pz        0.0003   -0.0032   -0.0015   -0.0050    0.0024    0.0057    0.0007   -0.0018    0.0030   -0.0015
   31 H7     1s         0.3118   -0.0927   -0.2903   -0.1922    0.2390    0.3391    0.2394   -0.5354    0.3509   -0.3279
   32 H7     2s         0.0165   -0.0100   -0.0186   -0.0246    0.0201    0.0519    0.0332   -0.1043    0.0427   -0.0581
   33 H7     2px        0.0000   -0.0000    0.0000    0.0000    0.0000   -0.0000    0.0000   -0.0000   -0.0000   -0.0000
   34 H7     2py        0.0000   -0.0000   -0.0000    0.0000    0.0000   -0.0000   -0.0000   -0.0000   -0.0000   -0.0000
   35 H7     2pz       -0.0003   -0.0032    0.0015   -0.0050   -0.0024    0.0057   -0.0007   -0.0018   -0.0030   -0.0015
   36 H8     1s         0.2990   -0.1849   -0.1948   -0.3068    0.0478    0.3772   -0.4455    0.5099   -0.4064    0.0147
   37 H8     2s         0.0167   -0.0075   -0.0198   -0.0248    0.0159    0.0540   -0.0784    0.0985   -0.0538   -0.0086
   38 H8     2px        0.0000   -0.0000   -0.0000    0.0000   -0.0000    0.0000    0.0000    0.0000   -0.0000   -0.0000
   39 H8     2py        0.0000   -0.0000   -0.0000    0.0000   -0.0000    0.0000   -0.0000    0.0000   -0.0000   -0.0000
   40 H8     2pz       -0.0005   -0.0026    0.0040   -0.0008   -0.0058   -0.0044    0.0013   -0.0018   -0.0022    0.0024
   41 H9     1s         0.2594   -0.3008    0.0845   -0.2161   -0.3570   -0.2444    0.3292   -0.4511   -0.2340    0.4384
   42 H9     2s         0.0129   -0.0205    0.0132   -0.0133   -0.0419   -0.0419    0.0619   -0.0886   -0.0230    0.0661
   43 H9     2px        0.0000   -0.0000   -0.0000    0.0000   -0.0000    0.0000    0.0000    0.0000   -0.0000    0.0000
   44 H9     2py        0.0000   -0.0000   -0.0000    0.0000   -0.0000    0.0000    0.0000    0.0000   -0.0000    0.0000
   45 H9     2pz       -0.0010   -0.0013    0.0045    0.0032   -0.0026   -0.0059    0.0017   -0.0015    0.0033   -0.0003
   46 H10    1s         0.2239   -0.3156    0.2092   -0.0495   -0.3013   -0.3422   -0.0199    0.3786    0.3793   -0.3417
   47 H10    2s         0.0133   -0.0182    0.0084   -0.0161   -0.0430   -0.0471    0.0070    0.0718    0.0532   -0.0451
   48 H10    2px        0.0000   -0.0000   -0.0000    0.0000   -0.0000   -0.0000   -0.0000    0.0000    0.0000   -0.0000
   49 H10    2py       -0.0000    0.0000   -0.0000    0.0000    0.0000    0.0000    0.0000   -0.0000   -0.0000    0.0000
   50 H10    2pz       -0.0012    0.0001    0.0030    0.0056    0.0052    0.0025   -0.0018   -0.0018    0.0013   -0.0018
   51 H11    1s         0.1517   -0.2739    0.3401    0.3332    0.2544    0.1308   -0.4232   -0.2671    0.0925   -0.2585
   52 H11    2s         0.0070   -0.0165    0.0287    0.0401    0.0432    0.0309   -0.0590   -0.0518   -0.0021   -0.0232
   53 H11    2px        0.0000   -0.0000    0.0000    0.0000    0.0000   -0.0000   -0.0000   -0.0000    0.0000   -0.0000
   54 H11    2py       -0.0000    0.0000   -0.0000   -0.0000   -0.0000   -0.0000    0.0000   -0.0000   -0.0000   -0.0000
   55 H11    2pz       -0.0015    0.0014    0.0007    0.0039    0.0062    0.0054    0.0008   -0.0006   -0.0035    0.0029
   56 H12    1s         0.1036   -0.2008    0.2816    0.3295    0.3212    0.2288    0.4317    0.1593   -0.2614    0.3933
   57 H12    2s         0.0060   -0.0122    0.0187    0.0243    0.0264    0.0206    0.0483    0.0205   -0.0272    0.0422
   58 H12    2px       -0.0000    0.0000   -0.0000   -0.0000   -0.0000   -0.0000   -0.0000   -0.0000    0.0000   -0.0000
   59 H12    2py       -0.0000    0.0000   -0.0000   -0.0000   -0.0000   -0.0000    0.0000   -0.0000   -0.0000   -0.0000
   60 H12    2pz       -0.0022    0.0038   -0.0046   -0.0043   -0.0032   -0.0017   -0.0029   -0.0018    0.0012   -0.0021
 
 
      Orbital               11        12        13        14        15        16        17        18        19        20
      Energy            0.0000    0.0000    0.3200    0.3317    0.3528    0.3861    0.4343    0.4993    0.5785    0.6705
      Occ. No.          0.3614    0.4115    0.0000    0.0000    0.0000    0.0000    0.0000    0.0000    0.0000    0.0000
 
    1 H1     1s         0.2962   -0.3929   -0.0605    0.0900    0.0733    0.0152    0.0675    0.1553   -0.2206   -0.2479
    2 H1     2s         0.0368   -0.0463    0.1736   -0.3206   -0.4254   -0.4901    0.5245    0.5327   -0.4981   -0.4225
    3 H1     2px       -0.0000   -0.0000   -0.0000    0.0000    0.0000    0.0000    0.0000   -0.0000   -0.0000    0.0000
    4 H1     2py        0.0000   -0.0000   -0.0000    0.0000    0.0000    0.0000   -0.0000   -0.0000    0.0000    0.0000
    5 H1     2pz        0.0030   -0.0034   -0.0193    0.0326    0.0371    0.0350   -0.0316   -0.0333    0.0452    0.0693
    6 H2     1s        -0.4510    0.5031   -0.1170    0.1785    0.1662    0.1078   -0.0562   -0.0579    0.1228    0.2216
    7 H2     2s        -0.0831    0.0841    0.1340   -0.2067   -0.1837   -0.0643   -0.1316   -0.3745    0.6003    0.7581
    8 H2     2px       -0.0000   -0.0000   -0.0000    0.0000   -0.0000    0.0000    0.0000   -0.0000   -0.0000    0.0000
    9 H2     2py        0.0000   -0.0000    0.0000    0.0000   -0.0000    0.0000   -0.0000   -0.0000    0.0000    0.0000
   10 H2     2pz        0.0011   -0.0007    0.0008   -0.0085   -0.0232   -0.0379    0.0435    0.0342   -0.0128    0.0134
   11 H3     1s         0.5227   -0.3504   -0.1226    0.1400    0.0468   -0.0644    0.0951    0.0354    0.0224   -0.0289
   12 H3     2s         0.0986   -0.0686    0.1848   -0.2468   -0.1380    0.0931   -0.3290   -0.4286    0.2790   -0.1223
   13 H3     2px        0.0000   -0.0000   -0.0000    0.0000    0.0000    0.0000    0.0000   -0.0000   -0.0000    0.0000
   14 H3     2py       -0.0000    0.0000    0.0000   -0.0000    0.0000   -0.0000   -0.0000   -0.0000    0.0000    0.0000
   15 H3     2pz        0.0023   -0.0019   -0.0058    0.0001   -0.0139   -0.0207    0.0094   -0.0099    0.0061   -0.0574
   16 H4     1s        -0.4862    0.0989   -0.1406    0.1295   -0.0070   -0.1059    0.0747    0.0095   -0.0498   -0.1466
   17 H4     2s        -0.0895    0.0109    0.2039   -0.1953    0.0388    0.2943   -0.3092    0.0207   -0.4833   -0.6686
   18 H4     2px       -0.0000    0.0000   -0.0000   -0.0000    0.0000    0.0000   -0.0000   -0.0000    0.0000    0.0000
   19 H4     2py        0.0000    0.0000   -0.0000   -0.0000    0.0000    0.0000   -0.0000   -0.0000   -0.0000    0.0000
   20 H4     2pz        0.0016    0.0003   -0.0020   -0.0087   -0.0197   -0.0096   -0.0167   -0.0250    0.0042    0.0245
   21 H5     1s         0.3223    0.2764   -0.1521    0.0778   -0.0977   -0.1096   -0.0145   -0.0291   -0.0410    0.0756
   22 H5     2s         0.0644    0.0443    0.2202   -0.1352    0.1712    0.2960    0.0086    0.4395   -0.3642    0.3640
   23 H5     2px       -0.0000   -0.0000   -0.0000    0.0000    0.0000    0.0000   -0.0000   -0.0000    0.0000    0.0000
   24 H5     2py       -0.0000   -0.0000   -0.0000    0.0000   -0.0000    0.0000    0.0000   -0.0000   -0.0000    0.0000
   25 H5     2pz        0.0011    0.0004   -0.0025   -0.0103   -0.0155    0.0083   -0.0286   -0.0086   -0.0059    0.0299
   26 H6     1s        -0.1327   -0.4613   -0.1573    0.0343   -0.1344   -0.0558   -0.0691   -0.0245    0.0462    0.1130
   27 H6     2s        -0.0209   -0.0856    0.2285   -0.0430    0.2625    0.1161    0.3351    0.2614    0.4298    0.5328
   28 H6     2px        0.0000   -0.0000   -0.0000    0.0000    0.0000    0.0000   -0.0000   -0.0000    0.0000    0.0000
   29 H6     2py       -0.0000   -0.0000   -0.0000    0.0000   -0.0000    0.0000    0.0000   -0.0000   -0.0000    0.0000
   30 H6     2pz        0.0004    0.0015    0.0001   -0.0128   -0.0046    0.0238   -0.0127    0.0211   -0.0039   -0.0243
   31 H7     1s        -0.1326    0.4612   -0.1572   -0.0343   -0.1344    0.0558   -0.0691    0.0245    0.0462   -0.1130
   32 H7     2s        -0.0208    0.0856    0.2285    0.0430    0.2625   -0.1161    0.3351   -0.2614    0.4298   -0.5328
   33 H7     2px        0.0000   -0.0000   -0.0000    0.0000    0.0000    0.0000   -0.0000   -0.0000    0.0000    0.0000
   34 H7     2py       -0.0000   -0.0000    0.0000    0.0000   -0.0000    0.0000    0.0000   -0.0000   -0.0000    0.0000
   35 H7     2pz       -0.0004    0.0015   -0.0001   -0.0128    0.0046    0.0238    0.0127    0.0211    0.0039   -0.0243
   36 H8     1s         0.3222   -0.2763   -0.1521   -0.0778   -0.0977    0.1096   -0.0145    0.0291   -0.0410   -0.0756
   37 H8     2s         0.0644   -0.0443    0.2202    0.1352    0.1712   -0.2960    0.0085   -0.4395   -0.3642   -0.3641
   38 H8     2px        0.0000   -0.0000   -0.0000    0.0000    0.0000    0.0000   -0.0000   -0.0000    0.0000    0.0000
   39 H8     2py        0.0000   -0.0000   -0.0000    0.0000   -0.0000    0.0000    0.0000   -0.0000   -0.0000    0.0000
   40 H8     2pz       -0.0011    0.0004    0.0025   -0.0103    0.0155    0.0083    0.0286   -0.0086    0.0059    0.0299
   41 H9     1s        -0.4861   -0.0990   -0.1406   -0.1295   -0.0070    0.1060    0.0747   -0.0095   -0.0498    0.1466
   42 H9     2s        -0.0895   -0.0109    0.2039    0.1953    0.0388   -0.2943   -0.3092   -0.0206   -0.4832    0.6687
   43 H9     2px       -0.0000    0.0000   -0.0000   -0.0000   -0.0000    0.0000    0.0000   -0.0000    0.0000    0.0000
   44 H9     2py        0.0000    0.0000   -0.0000   -0.0000   -0.0000    0.0000    0.0000   -0.0000    0.0000    0.0000
   45 H9     2pz       -0.0016    0.0003    0.0020   -0.0087    0.0197   -0.0096    0.0167   -0.0250   -0.0042    0.0245
   46 H10    1s         0.5225    0.3505   -0.1226   -0.1400    0.0468    0.0644    0.0951   -0.0354    0.0223    0.0289
   47 H10    2s         0.0985    0.0686    0.1848    0.2468   -0.1380   -0.0931   -0.3290    0.4286    0.2790    0.1223
   48 H10    2px        0.0000    0.0000   -0.0000   -0.0000   -0.0000    0.0000    0.0000   -0.0000   -0.0000    0.0000
   49 H10    2py       -0.0000   -0.0000    0.0000    0.0000   -0.0000   -0.0000   -0.0000   -0.0000    0.0000    0.0000
   50 H10    2pz       -0.0023   -0.0019    0.0058    0.0001    0.0139   -0.0207   -0.0093   -0.0099   -0.0061   -0.0574
   51 H11    1s        -0.4509   -0.5031   -0.1170   -0.1785    0.1662   -0.1078   -0.0562    0.0579    0.1228   -0.2216
   52 H11    2s        -0.0831   -0.0841    0.1340    0.2067   -0.1837    0.0643   -0.1316    0.3745    0.6003   -0.7581
   53 H11    2px       -0.0000   -0.0000   -0.0000    0.0000    0.0000    0.0000    0.0000   -0.0000   -0.0000    0.0000
   54 H11    2py        0.0000   -0.0000    0.0000    0.0000   -0.0000    0.0000   -0.0000   -0.0000    0.0000    0.0000
   55 H11    2pz       -0.0011   -0.0007   -0.0008   -0.0085    0.0232   -0.0379   -0.0435    0.0342    0.0128    0.0134
   56 H12    1s         0.2962    0.3928   -0.0605   -0.0900    0.0733   -0.0152    0.0675   -0.1552   -0.2206    0.2479
   57 H12    2s         0.0368    0.0463    0.1736    0.3206   -0.4254    0.4901    0.5245   -0.5327   -0.4981    0.4226
   58 H12    2px       -0.0000   -0.0000    0.0000    0.0000   -0.0000    0.0000    0.0000   -0.0000   -0.0000    0.0000
   59 H12    2py        0.0000   -0.0000    0.0000    0.0000   -0.0000    0.0000   -0.0000   -0.0000    0.0000    0.0000
   60 H12    2pz       -0.0030   -0.0034    0.0193    0.0326   -0.0371    0.0350    0.0316   -0.0333   -0.0452    0.0693
 
 
      Orbital               21        22        23        24        25        26        27        28        29        30
      Energy            0.7096    0.7314    0.7374    0.7523    0.7523    0.7678    0.7678    0.7690    0.7768    0.7931
      Occ. No.          0.0000    0.0000    0.0000    0.0000    0.0000    0.0000    0.0000    0.0000    0.0000    0.0000
 
    1 H1     1s         0.0166    0.0214   -0.1729   -0.0000    0.0000    0.0000   -0.0000    0.2229    0.2173   -0.0000
    2 H1     2s         0.0802   -0.0617   -0.2644    0.0000    0.0000   -0.0000   -0.0000    0.1401    0.1452   -0.0000
    3 H1     2px       -0.0000    0.0000    0.0000    0.0552    0.0618   -0.1344    0.0934    0.0000    0.0000    0.1283
    4 H1     2py       -0.0000    0.0000   -0.0000    0.0618   -0.0552   -0.0934   -0.1344   -0.0000    0.0000    0.2014
    5 H1     2pz        0.0711   -0.1397    0.0488    0.0000    0.0000   -0.0000    0.0000   -0.3351   -0.3125    0.0000
    6 H2     1s        -0.0552    0.0309    0.2071    0.0000   -0.0000    0.0000    0.0000   -0.2148   -0.2266    0.0000
    7 H2     2s        -0.1835    0.1272    0.5992    0.0000   -0.0000    0.0000    0.0000   -0.4946   -0.5255    0.0000
    8 H2     2px       -0.0000    0.0000    0.0000    0.1075    0.1204   -0.2385    0.1658    0.0000    0.0000    0.1924
    9 H2     2py       -0.0000    0.0000   -0.0000    0.1204   -0.1075   -0.1658   -0.2385   -0.0000    0.0000    0.3020
   10 H2     2pz       -0.1376    0.2186    0.0484   -0.0000   -0.0000    0.0000   -0.0000    0.3222    0.2773   -0.0000
   11 H3     1s         0.0610   -0.0439   -0.1032   -0.0000   -0.0000   -0.0000   -0.0000    0.2009    0.2312   -0.0000
   12 H3     2s         0.1988   -0.1541   -0.3568   -0.0000    0.0000   -0.0000   -0.0000    0.5626    0.6469   -0.0000
   13 H3     2px       -0.0000    0.0000    0.0000    0.1549    0.1735   -0.2902    0.2017    0.0000    0.0000    0.1609
   14 H3     2py        0.0000    0.0000   -0.0000    0.1735   -0.1549   -0.2017   -0.2902   -0.0000    0.0000    0.2525
   15 H3     2pz        0.2117   -0.2831   -0.1335    0.0000    0.0000   -0.0000    0.0000   -0.1843   -0.1087    0.0000
   16 H4     1s        -0.0345    0.0053   -0.1153    0.0000    0.0000   -0.0000    0.0000   -0.1095   -0.1312    0.0000
   17 H4     2s        -0.0976    0.0319   -0.3800    0.0000    0.0000   -0.0000    0.0000   -0.2932   -0.3661    0.0000
   18 H4     2px       -0.0000    0.0000    0.0000    0.1931    0.2162   -0.2745    0.1908    0.0000    0.0000    0.0484
   19 H4     2py        0.0000    0.0000   -0.0000    0.2162   -0.1931   -0.1908   -0.2745   -0.0000    0.0000    0.0760
   20 H4     2pz       -0.2712    0.2992    0.0976   -0.0000   -0.0000    0.0000    0.0000    0.0153   -0.0755    0.0000
   21 H5     1s         0.0017    0.0825    0.2458   -0.0000   -0.0000    0.0000    0.0000    0.0140   -0.0285    0.0000
   22 H5     2s        -0.0078    0.2319    0.8046   -0.0000   -0.0000    0.0000    0.0000    0.0164   -0.0849    0.0000
   23 H5     2px       -0.0000    0.0000    0.0000    0.2203    0.2467   -0.1951    0.1356    0.0000    0.0000   -0.0894
   24 H5     2py        0.0000    0.0000   -0.0000    0.2467   -0.2203   -0.1356   -0.1951   -0.0000    0.0000   -0.1403
   25 H5     2pz        0.3036   -0.2356    0.0682    0.0000   -0.0000    0.0000   -0.0000    0.0939    0.1440   -0.0000
   26 H6     1s         0.0044   -0.1526   -0.1289   -0.0000    0.0000   -0.0000   -0.0000    0.0089    0.1370   -0.0000
   27 H6     2s         0.0229   -0.4674   -0.4093   -0.0000    0.0000   -0.0000   -0.0000    0.0385    0.4094   -0.0000
   28 H6     2px       -0.0000    0.0000    0.0000    0.2342    0.2623   -0.0708    0.0492    0.0000   -0.0000   -0.1811
   29 H6     2py        0.0000    0.0000   -0.0000    0.2623   -0.2342   -0.0492   -0.0708   -0.0000   -0.0000   -0.2842
   30 H6     2pz       -0.3136    0.0901   -0.2273   -0.0000    0.0000   -0.0000    0.0000   -0.1341   -0.0686    0.0000
   31 H7     1s         0.0044    0.1526   -0.1289    0.0000    0.0000    0.0000    0.0000    0.0089   -0.1370    0.0000
   32 H7     2s         0.0229    0.4674   -0.4093    0.0000    0.0000   -0.0000    0.0000    0.0385   -0.4094    0.0000
   33 H7     2px       -0.0000    0.0000    0.0000    0.2342    0.2623    0.0708   -0.0492    0.0000   -0.0000   -0.1811
   34 H7     2py        0.0000    0.0000   -0.0000    0.2623   -0.2342    0.0492    0.0708   -0.0000   -0.0000   -0.2842
   35 H7     2pz        0.3136    0.0901    0.2273    0.0000   -0.0000    0.0000   -0.0000    0.1341   -0.0686    0.0000
   36 H8     1s         0.0017   -0.0825    0.2458    0.0000   -0.0000    0.0000   -0.0000    0.0140    0.0285   -0.0000
   37 H8     2s        -0.0078   -0.2319    0.8046    0.0000   -0.0000    0.0000    0.0000    0.0164    0.0849   -0.0000
   38 H8     2px       -0.0000    0.0000    0.0000    0.2203    0.2467    0.1951   -0.1356    0.0000    0.0000   -0.0894
   39 H8     2py        0.0000    0.0000   -0.0000    0.2467   -0.2203    0.1356    0.1951   -0.0000    0.0000   -0.1403
   40 H8     2pz       -0.3036   -0.2356   -0.0682    0.0000    0.0000   -0.0000    0.0000   -0.0939    0.1439   -0.0000
   41 H9     1s        -0.0345   -0.0053   -0.1153   -0.0000    0.0000   -0.0000    0.0000   -0.1095    0.1312   -0.0000
   42 H9     2s        -0.0976   -0.0319   -0.3800   -0.0000    0.0000   -0.0000    0.0000   -0.2932    0.3661   -0.0000
   43 H9     2px       -0.0000    0.0000    0.0000    0.1931    0.2162    0.2745   -0.1908    0.0000    0.0000    0.0484
   44 H9     2py        0.0000    0.0000   -0.0000    0.2162   -0.1931    0.1908    0.2745   -0.0000    0.0000    0.0760
   45 H9     2pz        0.2712    0.2992   -0.0976   -0.0000    0.0000   -0.0000    0.0000   -0.0153   -0.0755    0.0000
   46 H10    1s         0.0610    0.0439   -0.1032    0.0000   -0.0000    0.0000   -0.0000    0.2009   -0.2311    0.0000
   47 H10    2s         0.1988    0.1541   -0.3568    0.0000    0.0000    0.0000   -0.0000    0.5626   -0.6469    0.0000
   48 H10    2px       -0.0000    0.0000    0.0000    0.1549    0.1735    0.2902   -0.2017    0.0000    0.0000    0.1609
   49 H10    2py        0.0000    0.0000   -0.0000    0.1735   -0.1549    0.2017    0.2902   -0.0000    0.0000    0.2525
   50 H10    2pz       -0.2117   -0.2831    0.1335    0.0000   -0.0000    0.0000   -0.0000    0.1843   -0.1087    0.0000
   51 H11    1s        -0.0552   -0.0309    0.2071   -0.0000    0.0000    0.0000    0.0000   -0.2148    0.2266   -0.0000
   52 H11    2s        -0.1835   -0.1272    0.5992   -0.0000   -0.0000    0.0000    0.0000   -0.4946    0.5255   -0.0000
   53 H11    2px       -0.0000    0.0000    0.0000    0.1075    0.1204    0.2385   -0.1658    0.0000    0.0000    0.1924
   54 H11    2py        0.0000    0.0000   -0.0000    0.1204   -0.1075    0.1658    0.2385   -0.0000    0.0000    0.3020
   55 H11    2pz        0.1376    0.2186   -0.0484   -0.0000    0.0000   -0.0000    0.0000   -0.3222    0.2773   -0.0000
   56 H12    1s         0.0166   -0.0214   -0.1729    0.0000   -0.0000    0.0000   -0.0000    0.2229   -0.2173    0.0000
   57 H12    2s         0.0802    0.0617   -0.2644   -0.0000    0.0000   -0.0000   -0.0000    0.1401   -0.1452    0.0000
   58 H12    2px        0.0000    0.0000    0.0000    0.0552    0.0618    0.1344   -0.0934    0.0000    0.0000    0.1283
   59 H12    2py       -0.0000    0.0000   -0.0000    0.0618   -0.0552    0.0934    0.1344   -0.0000    0.0000    0.2014
   60 H12    2pz       -0.0711   -0.1397   -0.0488    0.0000   -0.0000    0.0000   -0.0000    0.3351   -0.3125    0.0000
 
 
      Orbital               31        32        33        34        35        36        37        38        39        40
      Energy            0.7931    0.8277    0.8277    0.8707    0.8707    0.9207    0.9207    0.9770    0.9770    1.0346
      Occ. No.          0.0000    0.0000    0.0000    0.0000    0.0000    0.0000    0.0000    0.0000    0.0000    0.0000
 
    1 H1     1s         0.0000   -0.0000   -0.0000   -0.0000    0.0000    0.0000   -0.0000    0.0000   -0.0000   -0.0000
    2 H1     2s         0.0000   -0.0000    0.0000    0.0000   -0.0000   -0.0000   -0.0000   -0.0000    0.0000    0.0000
    3 H1     2px       -0.2014   -0.1540   -0.2618    0.2242   -0.2740   -0.2466   -0.2935    0.2563   -0.2991   -0.2565
    4 H1     2py        0.1283   -0.2618    0.1540    0.2740    0.2242   -0.2935    0.2466    0.2991    0.2563   -0.2856
    5 H1     2pz       -0.0000    0.0000   -0.0000   -0.0000    0.0000   -0.0000   -0.0000    0.0000   -0.0000    0.0000
    6 H2     1s        -0.0000   -0.0000    0.0000    0.0000   -0.0000    0.0000    0.0000   -0.0000    0.0000   -0.0000
    7 H2     2s        -0.0000    0.0000   -0.0000   -0.0000    0.0000    0.0000    0.0000    0.0000    0.0000   -0.0000
    8 H2     2px       -0.3020   -0.1754   -0.2981    0.1599   -0.1954   -0.0613   -0.0730   -0.0617    0.0720    0.1816
    9 H2     2py        0.1924   -0.2981    0.1754    0.1954    0.1599   -0.0730    0.0613   -0.0720   -0.0617    0.2022
   10 H2     2pz        0.0000   -0.0000    0.0000    0.0000   -0.0000    0.0000    0.0000   -0.0000    0.0000   -0.0000
   11 H3     1s         0.0000    0.0000    0.0000   -0.0000    0.0000   -0.0000   -0.0000    0.0000   -0.0000    0.0000
   12 H3     2s         0.0000   -0.0000    0.0000    0.0000   -0.0000   -0.0000   -0.0000    0.0000   -0.0000    0.0000
   13 H3     2px       -0.2525   -0.0458   -0.0778   -0.1110    0.1356    0.2329    0.2772   -0.2433    0.2838    0.1297
   14 H3     2py        0.1609   -0.0778    0.0458   -0.1356   -0.1110    0.2772   -0.2329   -0.2838   -0.2433    0.1444
   15 H3     2pz       -0.0000    0.0000    0.0000    0.0000   -0.0000   -0.0000   -0.0000   -0.0000   -0.0000    0.0000
   16 H4     1s        -0.0000    0.0000   -0.0000    0.0000   -0.0000    0.0000    0.0000   -0.0000    0.0000   -0.0000
   17 H4     2s        -0.0000    0.0000   -0.0000    0.0000   -0.0000    0.0000    0.0000   -0.0000    0.0000   -0.0000
   18 H4     2px       -0.0760    0.1225    0.2082   -0.2371    0.2897    0.1174    0.1397    0.1209   -0.1411   -0.2727
   19 H4     2py        0.0484    0.2082   -0.1225   -0.2897   -0.2371    0.1397   -0.1174    0.1411    0.1209   -0.3036
   20 H4     2pz       -0.0000    0.0000   -0.0000   -0.0000    0.0000    0.0000   -0.0000    0.0000   -0.0000   -0.0000
   21 H5     1s        -0.0000    0.0000    0.0000   -0.0000    0.0000   -0.0000   -0.0000    0.0000   -0.0000    0.0000
   22 H5     2s        -0.0000   -0.0000   -0.0000   -0.0000    0.0000    0.0000   -0.0000    0.0000   -0.0000    0.0000
   23 H5     2px        0.1403    0.1853    0.3150   -0.0568    0.0694   -0.2056   -0.2447    0.2149   -0.2507    0.0641
   24 H5     2py       -0.0894    0.3150   -0.1853   -0.0694   -0.0568   -0.2447    0.2056    0.2507    0.2149    0.0714
   25 H5     2pz        0.0000   -0.0000    0.0000    0.0000   -0.0000    0.0000    0.0000   -0.0000    0.0000   -0.0000
   26 H6     1s         0.0000   -0.0000   -0.0000    0.0000   -0.0000    0.0000    0.0000    0.0000    0.0000   -0.0000
   27 H6     2s         0.0000    0.0000    0.0000    0.0000   -0.0000   -0.0000    0.0000   -0.0000    0.0000   -0.0000
   28 H6     2px        0.2842    0.0873    0.1484    0.1958   -0.2392   -0.1663   -0.1979   -0.1732    0.2021    0.2258
   29 H6     2py       -0.1811    0.1484   -0.0873    0.2392    0.1958   -0.1979    0.1663   -0.2021   -0.1732    0.2513
   30 H6     2pz       -0.0000    0.0000   -0.0000   -0.0000    0.0000   -0.0000   -0.0000    0.0000   -0.0000    0.0000
   31 H7     1s        -0.0000   -0.0000    0.0000   -0.0000   -0.0000    0.0000   -0.0000   -0.0000    0.0000   -0.0000
   32 H7     2s        -0.0000    0.0000    0.0000   -0.0000   -0.0000    0.0000   -0.0000    0.0000    0.0000    0.0000
   33 H7     2px        0.2842   -0.0873   -0.1484    0.1958   -0.2392    0.1663    0.1979   -0.1732    0.2021   -0.2258
   34 H7     2py       -0.1811   -0.1484    0.0873    0.2392    0.1958    0.1979   -0.1663   -0.2021   -0.1732   -0.2513
   35 H7     2pz       -0.0000   -0.0000   -0.0000   -0.0000   -0.0000    0.0000   -0.0000    0.0000    0.0000   -0.0000
   36 H8     1s         0.0000    0.0000   -0.0000    0.0000   -0.0000   -0.0000    0.0000   -0.0000    0.0000    0.0000
   37 H8     2s        -0.0000   -0.0000    0.0000    0.0000    0.0000   -0.0000    0.0000   -0.0000   -0.0000    0.0000
   38 H8     2px        0.1403   -0.1853   -0.3150   -0.0568    0.0694    0.2056    0.2447    0.2149   -0.2507   -0.0641
   39 H8     2py       -0.0894   -0.3150    0.1853   -0.0694   -0.0568    0.2447   -0.2056    0.2507    0.2149   -0.0714
   40 H8     2pz        0.0000    0.0000    0.0000    0.0000    0.0000   -0.0000    0.0000   -0.0000   -0.0000    0.0000
   41 H9     1s         0.0000   -0.0000    0.0000   -0.0000   -0.0000    0.0000   -0.0000    0.0000    0.0000   -0.0000
   42 H9     2s         0.0000   -0.0000    0.0000   -0.0000   -0.0000    0.0000   -0.0000    0.0000    0.0000   -0.0000
   43 H9     2px       -0.0760   -0.1225   -0.2082   -0.2371    0.2897   -0.1174   -0.1397    0.1209   -0.1411    0.2727
   44 H9     2py        0.0484   -0.2082    0.1225   -0.2897   -0.2371   -0.1397    0.1174    0.1411    0.1209    0.3036
   45 H9     2pz       -0.0000    0.0000   -0.0000   -0.0000   -0.0000   -0.0000   -0.0000    0.0000    0.0000    0.0000
   46 H10    1s        -0.0000    0.0000   -0.0000    0.0000    0.0000   -0.0000    0.0000   -0.0000   -0.0000    0.0000
   47 H10    2s        -0.0000    0.0000   -0.0000   -0.0000   -0.0000   -0.0000    0.0000   -0.0000   -0.0000    0.0000
   48 H10    2px       -0.2525    0.0458    0.0778   -0.1110    0.1356   -0.2329   -0.2772   -0.2433    0.2838   -0.1297
   49 H10    2py        0.1609    0.0778   -0.0458   -0.1356   -0.1110   -0.2772    0.2329   -0.2838   -0.2433   -0.1444
   50 H10    2pz       -0.0000   -0.0000    0.0000    0.0000    0.0000    0.0000   -0.0000   -0.0000   -0.0000   -0.0000
   51 H11    1s         0.0000   -0.0000   -0.0000   -0.0000   -0.0000    0.0000   -0.0000    0.0000    0.0000    0.0000
   52 H11    2s         0.0000   -0.0000    0.0000    0.0000    0.0000    0.0000   -0.0000   -0.0000   -0.0000   -0.0000
   53 H11    2px       -0.3020    0.1754    0.2981    0.1599   -0.1954    0.0613    0.0730   -0.0617    0.0720   -0.1816
   54 H11    2py        0.1924    0.2981   -0.1754    0.1954    0.1599    0.0730   -0.0613   -0.0720   -0.0617   -0.2022
   55 H11    2pz        0.0000    0.0000    0.0000    0.0000    0.0000   -0.0000    0.0000   -0.0000   -0.0000    0.0000
   56 H12    1s        -0.0000   -0.0000    0.0000    0.0000    0.0000   -0.0000    0.0000   -0.0000   -0.0000    0.0000
   57 H12    2s        -0.0000    0.0000   -0.0000   -0.0000   -0.0000   -0.0000   -0.0000    0.0000    0.0000    0.0000
   58 H12    2px       -0.2014    0.1540    0.2618    0.2242   -0.2740    0.2466    0.2935    0.2563   -0.2991    0.2565
   59 H12    2py        0.1283    0.2618   -0.1540    0.2740    0.2242    0.2935   -0.2466    0.2991    0.2563    0.2856
   60 H12    2pz       -0.0000   -0.0000   -0.0000   -0.0000   -0.0000    0.0000   -0.0000    0.0000    0.0000   -0.0000
 
 
      Orbital               41        42        43        44        45        46        47        48        49        50
      Energy            1.0346    1.0910    1.0910    1.1417    1.1417    1.1822    1.1822    1.2083    1.2083    1.2240
      Occ. No.          0.0000    0.0000    0.0000    0.0000    0.0000    0.0000    0.0000    0.0000    0.0000    0.0000
 
    1 H1     1s        -0.0000   -0.0000   -0.0000    0.0000    0.0000    0.0000    0.0000    0.0000    0.0000    0.2059
    2 H1     2s         0.0000   -0.0000   -0.0000   -0.0000    0.0000    0.0000    0.0000    0.0000    0.0000    0.3377
    3 H1     2px       -0.2856    0.1589    0.3090   -0.0489   -0.2826   -0.0548    0.1976   -0.0699   -0.0812    0.0000
    4 H1     2py        0.2565    0.3090   -0.1589   -0.2826    0.0489    0.1976    0.0548   -0.0812    0.0699    0.0000
    5 H1     2pz       -0.0000   -0.0000   -0.0000   -0.0000    0.0000    0.0000    0.0000    0.0000    0.0000    0.2974
    6 H2     1s         0.0000    0.0000    0.0000    0.0000    0.0000   -0.0000   -0.0000   -0.0000   -0.0000   -0.4812
    7 H2     2s         0.0000    0.0000    0.0000    0.0000   -0.0000   -0.0000   -0.0000   -0.0000   -0.0000   -0.6861
    8 H2     2px        0.2022   -0.1804   -0.3507    0.0732    0.4229    0.0970   -0.3499    0.1357    0.1576   -0.0000
    9 H2     2py       -0.1816   -0.3507    0.1804    0.4229   -0.0732   -0.3499   -0.0970    0.1576   -0.1357   -0.0000
   10 H2     2pz        0.0000    0.0000    0.0000    0.0000   -0.0000   -0.0000   -0.0000   -0.0000   -0.0000   -0.1466
   11 H3     1s        -0.0000   -0.0000   -0.0000   -0.0000    0.0000    0.0000    0.0000    0.0000    0.0000    0.3157
   12 H3     2s         0.0000   -0.0000   -0.0000   -0.0000    0.0000    0.0000    0.0000    0.0000    0.0000    0.4243
   13 H3     2px        0.1444    0.0448    0.0872   -0.0603   -0.3486   -0.1166    0.4207   -0.1930   -0.2241    0.0000
   14 H3     2py       -0.1297    0.0872   -0.0448   -0.3486    0.0603    0.4207    0.1166   -0.2241    0.1930    0.0000
   15 H3     2pz        0.0000    0.0000    0.0000   -0.0000   -0.0000   -0.0000    0.0000   -0.0000    0.0000   -0.2793
   16 H4     1s        -0.0000    0.0000    0.0000    0.0000    0.0000   -0.0000   -0.0000   -0.0000   -0.0000    0.2460
   17 H4     2s        -0.0000    0.0000    0.0000    0.0000    0.0000   -0.0000   -0.0000   -0.0000   -0.0000    0.3711
   18 H4     2px       -0.3036    0.1285    0.2499    0.0174    0.1004    0.1097   -0.3957    0.2389    0.2775   -0.0000
   19 H4     2py        0.2727    0.2499   -0.1285    0.1004   -0.0174   -0.3957   -0.1097    0.2775   -0.2389   -0.0000
   20 H4     2pz       -0.0000   -0.0000   -0.0000    0.0000    0.0000    0.0000    0.0000    0.0000    0.0000    0.4272
   21 H5     1s         0.0000   -0.0000   -0.0000   -0.0000   -0.0000    0.0000    0.0000    0.0000    0.0000   -0.6061
   22 H5     2s         0.0000   -0.0000   -0.0000   -0.0000   -0.0000    0.0000    0.0000    0.0000    0.0000   -0.8635
   23 H5     2px        0.0714   -0.1916   -0.3725    0.0345    0.1994   -0.0776    0.2799   -0.2710   -0.3147    0.0000
   24 H5     2py       -0.0641   -0.3725    0.1916    0.1994   -0.0345    0.2799    0.0776   -0.3147    0.2710    0.0000
   25 H5     2pz        0.0000    0.0000    0.0000   -0.0000   -0.0000   -0.0000   -0.0000    0.0000   -0.0000   -0.0587
   26 H6     1s        -0.0000   -0.0000   -0.0000    0.0000    0.0000    0.0000    0.0000   -0.0000    0.0000    0.3205
   27 H6     2s        -0.0000   -0.0000    0.0000    0.0000    0.0000    0.0000    0.0000   -0.0000    0.0000    0.4516
   28 H6     2px        0.2513    0.0899    0.1747   -0.0689   -0.3984    0.0281   -0.1012    0.2875    0.3339    0.0000
   29 H6     2py       -0.2258    0.1747   -0.0899   -0.3984    0.0689   -0.1012   -0.0281    0.3339   -0.2875   -0.0000
   30 H6     2pz        0.0000   -0.0000   -0.0000    0.0000   -0.0000    0.0000    0.0000   -0.0000    0.0000   -0.4067
   31 H7     1s         0.0000    0.0000    0.0000   -0.0000   -0.0000   -0.0000   -0.0000    0.0000   -0.0000    0.3205
   32 H7     2s         0.0000    0.0000    0.0000   -0.0000   -0.0000   -0.0000   -0.0000    0.0000   -0.0000    0.4516
   33 H7     2px       -0.2513    0.0899    0.1747    0.0689    0.3984    0.0281   -0.1012   -0.2875   -0.3339    0.0000
   34 H7     2py        0.2258    0.1747   -0.0899    0.3984   -0.0689   -0.1012   -0.0281   -0.3339    0.2875    0.0000
   35 H7     2pz       -0.0000   -0.0000   -0.0000    0.0000    0.0000    0.0000    0.0000    0.0000    0.0000    0.4067
   36 H8     1s        -0.0000    0.0000    0.0000    0.0000    0.0000   -0.0000   -0.0000   -0.0000   -0.0000   -0.6061
   37 H8     2s        -0.0000    0.0000    0.0000    0.0000    0.0000   -0.0000   -0.0000   -0.0000   -0.0000   -0.8635
   38 H8     2px       -0.0714   -0.1916   -0.3725   -0.0345   -0.1994   -0.0776    0.2799    0.2710    0.3147   -0.0000
   39 H8     2py        0.0641   -0.3725    0.1916   -0.1994    0.0345    0.2799    0.0776    0.3147   -0.2710   -0.0000
   40 H8     2pz        0.0000    0.0000    0.0000   -0.0000    0.0000   -0.0000   -0.0000    0.0000   -0.0000    0.0587
   41 H9     1s         0.0000   -0.0000   -0.0000   -0.0000   -0.0000    0.0000    0.0000    0.0000    0.0000    0.2461
   42 H9     2s         0.0000   -0.0000   -0.0000   -0.0000   -0.0000    0.0000    0.0000    0.0000    0.0000    0.3711
   43 H9     2px        0.3036    0.1285    0.2499   -0.0174   -0.1004    0.1097   -0.3957   -0.2389   -0.2775    0.0000
   44 H9     2py       -0.2727    0.2499   -0.1285   -0.1004    0.0174   -0.3957   -0.1097   -0.2775    0.2389    0.0000
   45 H9     2pz       -0.0000   -0.0000   -0.0000    0.0000    0.0000    0.0000    0.0000   -0.0000    0.0000   -0.4272
   46 H10    1s        -0.0000    0.0000    0.0000    0.0000    0.0000   -0.0000   -0.0000   -0.0000   -0.0000    0.3157
   47 H10    2s        -0.0000    0.0000    0.0000    0.0000    0.0000   -0.0000   -0.0000   -0.0000   -0.0000    0.4242
   48 H10    2px       -0.1444    0.0448    0.0872    0.0603    0.3486   -0.1166    0.4207    0.1930    0.2241   -0.0000
   49 H10    2py        0.1297    0.0872   -0.0448    0.3486   -0.0603    0.4207    0.1166    0.2241   -0.1930   -0.0000
   50 H10    2pz        0.0000    0.0000   -0.0000   -0.0000   -0.0000    0.0000    0.0000    0.0000    0.0000    0.2793
   51 H11    1s         0.0000   -0.0000   -0.0000   -0.0000   -0.0000    0.0000    0.0000   -0.0000    0.0000   -0.4812
   52 H11    2s         0.0000   -0.0000   -0.0000   -0.0000   -0.0000    0.0000    0.0000   -0.0000    0.0000   -0.6861
   53 H11    2px       -0.2022   -0.1804   -0.3507   -0.0732   -0.4229    0.0970   -0.3499   -0.1357   -0.1576    0.0000
   54 H11    2py        0.1816   -0.3507    0.1804   -0.4229    0.0732   -0.3499   -0.0970   -0.1576    0.1357    0.0000
   55 H11    2pz       -0.0000    0.0000    0.0000    0.0000    0.0000   -0.0000   -0.0000    0.0000   -0.0000    0.1466
   56 H12    1s        -0.0000    0.0000    0.0000   -0.0000    0.0000   -0.0000   -0.0000    0.0000   -0.0000    0.2059
   57 H12    2s         0.0000    0.0000    0.0000    0.0000   -0.0000   -0.0000   -0.0000    0.0000   -0.0000    0.3377
   58 H12    2px        0.2856    0.1589    0.3090    0.0489    0.2826   -0.0548    0.1976    0.0699    0.0812   -0.0000
   59 H12    2py       -0.2565    0.3090   -0.1589    0.2826   -0.0489    0.1976    0.0548    0.0812   -0.0699   -0.0000
   60 H12    2pz       -0.0000   -0.0000   -0.0000   -0.0000    0.0000    0.0000    0.0000   -0.0000    0.0000   -0.2974
 
 
      Orbital               51        52        53        54        55        56        57        58        59        60
      Energy            1.2381    1.2667    1.2947    1.3451    1.3452    1.4475    1.5626    1.6773    1.7770    1.8456
      Occ. No.          0.0000    0.0000    0.0000    0.0000    0.0000    0.0000    0.0000    0.0000    0.0000    0.0000
 
    1 H1     1s        -0.1508   -0.2741   -0.1938    0.2379    0.1282   -0.2043   -0.1846    0.1579   -0.1173    0.0629
    2 H1     2s        -0.2253   -0.4314   -0.2821    0.3371    0.1813   -0.2410   -0.1760    0.1241   -0.0794    0.0388
    3 H1     2px        0.0000    0.0000    0.0000    0.0000    0.0000    0.0000   -0.0000   -0.0000   -0.0000   -0.0000
    4 H1     2py        0.0000    0.0000   -0.0000    0.0000   -0.0000    0.0000    0.0000   -0.0000    0.0000   -0.0000
    5 H1     2pz       -0.0834   -0.4439   -0.1259    0.4599    0.0955   -0.4353   -0.3907    0.3221   -0.2305    0.1205
    6 H2     1s         0.4410    0.6063    0.5820   -0.4282   -0.3871    0.2381    0.1066   -0.0130   -0.0341    0.0328
    7 H2     2s         0.7038    0.8022    0.8826   -0.4872   -0.5640    0.2318    0.1133   -0.0535    0.0234   -0.0085
    8 H2     2px       -0.0000   -0.0000    0.0000   -0.0000    0.0000    0.0000   -0.0000   -0.0000   -0.0000   -0.0000
    9 H2     2py       -0.0000   -0.0000   -0.0000    0.0000    0.0000    0.0000   -0.0000   -0.0000    0.0000   -0.0000
   10 H2     2pz        0.2177    0.0814    0.2512    0.1579   -0.1411   -0.3812   -0.5180    0.5483   -0.4585    0.2613
   11 H3     1s        -0.6812   -0.3285   -0.9562    0.0606    0.6663    0.1317    0.1334   -0.0511   -0.0279    0.0439
   12 H3     2s        -1.0316   -0.4569   -1.4174    0.1552    0.9770    0.0297    0.0258    0.0075   -0.0242    0.0189
   13 H3     2px        0.0000    0.0000   -0.0000    0.0000   -0.0000   -0.0000    0.0000    0.0000    0.0000   -0.0000
   14 H3     2py        0.0000    0.0000    0.0000   -0.0000   -0.0000   -0.0000    0.0000    0.0000   -0.0000    0.0000
   15 H3     2pz       -0.1262    0.4510   -0.1410   -0.4384    0.0871    0.2090   -0.1528    0.4642   -0.5606    0.3779
   16 H4     1s         0.4986   -0.2149    0.9965    0.0897   -0.8763    0.0264    0.1550   -0.1428    0.0362    0.0274
   17 H4     2s         0.7117   -0.2228    1.4862   -0.0037   -1.3082    0.0470    0.0848   -0.0594    0.0172    0.0029
   18 H4     2px       -0.0000   -0.0000   -0.0000   -0.0000    0.0000    0.0000   -0.0000    0.0000    0.0000   -0.0000
   19 H4     2py       -0.0000   -0.0000   -0.0000   -0.0000    0.0000    0.0000   -0.0000   -0.0000    0.0000   -0.0000
   20 H4     2pz       -0.2274   -0.2845   -0.1112   -0.2221   -0.0507    0.4927    0.3241    0.1559   -0.5414    0.4780
   21 H5     1s         0.1504    0.3219   -0.6792    0.2307    1.0416   -0.2313   -0.0242   -0.1200    0.0704    0.0180
   22 H5     2s         0.2466    0.4220   -1.0486    0.2493    1.5566   -0.1643   -0.0159   -0.0376    0.0167    0.0064
   23 H5     2px        0.0000    0.0000    0.0000   -0.0000   -0.0000   -0.0000    0.0000    0.0000   -0.0000    0.0000
   24 H5     2py        0.0000    0.0000   -0.0000    0.0000   -0.0000   -0.0000    0.0000    0.0000    0.0000    0.0000
   25 H5     2pz        0.4683   -0.2543    0.2182    0.3595    0.0691    0.1372    0.5250   -0.2450   -0.3854    0.5457
   26 H6     1s        -0.7611   -0.0677    0.2283   -0.2155   -1.1566   -0.1027   -0.1527   -0.0535    0.0942    0.0069
   27 H6     2s        -1.1223   -0.1919    0.3636   -0.2020   -1.7108   -0.0455   -0.0680   -0.0191    0.0269    0.0001
   28 H6     2px       -0.0000   -0.0000   -0.0000    0.0000    0.0000    0.0000    0.0000   -0.0000    0.0000   -0.0000
   29 H6     2py       -0.0000   -0.0000    0.0000   -0.0000    0.0000    0.0000   -0.0000   -0.0000   -0.0000   -0.0000
   30 H6     2pz       -0.2461    0.2381   -0.1576    0.3364   -0.0420   -0.4084    0.2481   -0.5126   -0.1403    0.5813
   31 H7     1s         0.7611    0.0677    0.2283   -0.2162    1.1564    0.1027   -0.1527    0.0535    0.0942   -0.0069
   32 H7     2s         1.1223    0.1919    0.3636   -0.2032    1.7107    0.0455   -0.0680    0.0191    0.0269   -0.0001
   33 H7     2px       -0.0000   -0.0000   -0.0000    0.0000    0.0000    0.0000    0.0000   -0.0000    0.0000   -0.0000
   34 H7     2py       -0.0000   -0.0000    0.0000   -0.0000    0.0000    0.0000   -0.0000   -0.0000   -0.0000   -0.0000
   35 H7     2pz       -0.2461    0.2381    0.1576   -0.3364   -0.0423   -0.4084   -0.2481   -0.5126    0.1403    0.5813
   36 H8     1s        -0.1504   -0.3219   -0.6792    0.2314   -1.0415    0.2313   -0.0242    0.1200    0.0704   -0.0180
   37 H8     2s        -0.2466   -0.4220   -1.0486    0.2503   -1.5565    0.1643   -0.0159    0.0376    0.0167   -0.0064
   38 H8     2px        0.0000    0.0000   -0.0000   -0.0000   -0.0000   -0.0000   -0.0000    0.0000    0.0000    0.0000
   39 H8     2py        0.0000    0.0000   -0.0000    0.0000   -0.0000   -0.0000   -0.0000    0.0000    0.0000    0.0000
   40 H8     2pz        0.4683   -0.2543   -0.2182   -0.3595    0.0688    0.1372   -0.5250   -0.2450    0.3854    0.5457
   41 H9     1s        -0.4986    0.2149    0.9965    0.0891    0.8763   -0.0264    0.1550    0.1428    0.0362   -0.0274
   42 H9     2s        -0.7117    0.2228    1.4862   -0.0046    1.3082   -0.0470    0.0848    0.0594    0.0172   -0.0029
   43 H9     2px       -0.0000   -0.0000    0.0000   -0.0000    0.0000    0.0000    0.0000   -0.0000   -0.0000   -0.0000
   44 H9     2py       -0.0000   -0.0000    0.0000   -0.0000    0.0000    0.0000    0.0000    0.0000   -0.0000   -0.0000
   45 H9     2pz       -0.2274   -0.2844    0.1112    0.2221   -0.0505    0.4927   -0.3241    0.1559    0.5414    0.4780
   46 H10    1s         0.6812    0.3285   -0.9562    0.0611   -0.6663   -0.1317    0.1334    0.0511   -0.0279   -0.0439
   47 H10    2s         1.0316    0.4569   -1.4174    0.1558   -0.9768   -0.0297    0.0258   -0.0075   -0.0242   -0.0189
   48 H10    2px        0.0000    0.0000   -0.0000    0.0000   -0.0000   -0.0000   -0.0000    0.0000    0.0000    0.0000
   49 H10    2py        0.0000    0.0000    0.0000   -0.0000   -0.0000   -0.0000    0.0000    0.0000   -0.0000   -0.0000
   50 H10    2pz       -0.1262    0.4510    0.1410    0.4384    0.0874    0.2090    0.1528    0.4642    0.5606    0.3779
   51 H11    1s        -0.4410   -0.6063    0.5820   -0.4285    0.3868   -0.2381    0.1066    0.0130   -0.0341   -0.0328
   52 H11    2s        -0.7038   -0.8022    0.8826   -0.4876    0.5636   -0.2318    0.1133    0.0535    0.0234    0.0085
   53 H11    2px       -0.0000   -0.0000    0.0000   -0.0000    0.0000    0.0000    0.0000   -0.0000   -0.0000   -0.0000
   54 H11    2py       -0.0000   -0.0000   -0.0000    0.0000    0.0000    0.0000    0.0000   -0.0000    0.0000   -0.0000
   55 H11    2pz        0.2177    0.0814   -0.2512   -0.1579   -0.1412   -0.3812    0.5180    0.5483    0.4585    0.2613
   56 H12    1s         0.1508    0.2741   -0.1938    0.2380   -0.1281    0.2043   -0.1846   -0.1579   -0.1173   -0.0629
   57 H12    2s         0.2253    0.4314   -0.2821    0.3372   -0.1811    0.2410   -0.1760   -0.1241   -0.0794   -0.0388
   58 H12    2px        0.0000    0.0000    0.0000    0.0000   -0.0000    0.0000   -0.0000   -0.0000   -0.0000   -0.0000
   59 H12    2py        0.0000    0.0000   -0.0000   -0.0000   -0.0000   -0.0000    0.0000    0.0000    0.0000   -0.0000
   60 H12    2pz       -0.0834   -0.4439    0.1259   -0.4600    0.0952   -0.4353    0.3907    0.3221    0.2305    0.1205
--
 
      Von Neumann Entropy (Root  1) =  4.68858
 

      Mulliken population analysis for root number:  1
      -----------------------------------------------
 
 
++    Molecular charges:
      ------------------
 
      Mulliken charges per centre and basis function type
      ---------------------------------------------------
 
                H1      H2      H3      H4      H5      H6      H7      H8      H9      H10     H11     H12   
      1s       0.9805  1.0030  1.0009  0.9998  1.0003  1.0000  1.0000  1.0003  0.9998  1.0009  1.0030  0.9805
      2s       0.0084  0.0029 -0.0051 -0.0030 -0.0040 -0.0036 -0.0036 -0.0040 -0.0030 -0.0051  0.0029  0.0084
      2px      0.0000  0.0000  0.0000  0.0000  0.0000  0.0000  0.0000  0.0000  0.0000  0.0000  0.0000  0.0000
      2pz      0.0016  0.0040  0.0036  0.0036  0.0036  0.0036  0.0036  0.0036  0.0036  0.0036  0.0040  0.0016
      2py      0.0000  0.0000  0.0000  0.0000  0.0000  0.0000  0.0000  0.0000  0.0000  0.0000  0.0000  0.0000
      Total    0.9904  1.0099  0.9994  1.0003  0.9999  1.0001  1.0001  0.9999  1.0003  0.9994  1.0099  0.9904
 
      N-E      0.0096 -0.0099  0.0006 -0.0003  0.0001 -0.0001 -0.0001  0.0001 -0.0003  0.0006 -0.0099  0.0096
 
      Total electronic charge=   12.000000
 
      Total            charge=   -0.000000
--
 
 

      Expectation values of various properties for root number:  1
      -----------------------------------------------------------
 
 
++    Molecular properties:
      ---------------------
 
      Charge (e):
                      =   -0.0000
      Dipole Moment (Debye):
      Origin of the operator (Ang)=    0.0000    0.0000    0.0000
                   X= -4.6186E-09               Y= -1.1490E-08               Z=  1.2754E-05           Total=  1.2754E-05
      Quadrupole Moment (Debye*Ang):
      Origin of the operator (Ang)=    0.0000    0.0000   11.0333
                  XX= -1.8452E+01              XY= -1.5743E-14              XZ=  2.5102E-08              YY= -1.8452E+01
                  YZ=  2.6149E-08              ZZ= -1.3876E+01
      In traceless form (Debye*Ang)
                  XX= -2.2880E+00              XY= -2.3615E-14              XZ=  3.7653E-08              YY= -2.2880E+00
                  YZ=  3.9223E-08              ZZ=  4.5760E+00
--
 

      LoProp population analysis for root number:  1
      -----------------------------------------------
 
 
++    LoProp analysis:
      ----------------
 
 
 
  Input file to MOLDEN was generated!
 
 
++    Static properties:
      ------------------
 
 
      LoProp Charges per center
 

                   H1       H2       H3       H4       H5       H6       H7       H8       H9       H10   
      Nuclear      1.0000   1.0000   1.0000   1.0000   1.0000   1.0000   1.0000   1.0000   1.0000   1.0000
      Electronic  -0.9998  -1.0003  -0.9997  -1.0002  -0.9999  -1.0000  -1.0000  -0.9999  -1.0002  -0.9997
 
      Total        0.0002  -0.0003   0.0003  -0.0002   0.0001  -0.0000  -0.0000   0.0001  -0.0002   0.0003
 

                   H11      H12   
      Nuclear      1.0000   1.0000
      Electronic  -1.0003  -0.9998
 
      Total       -0.0003   0.0002
--
 
 
      Natural Bond Order analysis for root number:  1
 
++    Natural Bond Order analysis
      ---------------------------
      Based on LoProp computed density
      -------------------------------------------------------------------------------------
      Atom A       Atom B       Bond Order
      -------------------------------------------------------------------------------------
      NBO located      0.996 non-bonded electrons on atom H1        
      NBO located      1.018 non-bonded electrons on atom H3        
      NBO located      1.017 non-bonded electrons on atom H4        
      NBO located      1.017 non-bonded electrons on atom H5        
      NBO located      1.017 non-bonded electrons on atom H6        
      NBO located      1.017 non-bonded electrons on atom H7        
      NBO located      1.017 non-bonded electrons on atom H8        
      NBO located      1.017 non-bonded electrons on atom H9        
      NBO located      1.018 non-bonded electrons on atom H10       
      NBO located      0.996 non-bonded electrons on atom H12       
      The remaining    1.869 electrons are to be considered as diffuse
--
 
--
 
 
  Input file to MOLDEN was generated!
 
      Average orbitals are written to the RASORB file
      Natural orbitals for root   1 are written to the RASORB.1 file
      Spin density orbitals for root   1 are written to the SPDORB.1 file
 
forrtl: warning (525): IEEE_DIVIDE_BY_ZERO is signaling
forrtl: warning (526): IEEE_INVALID is signaling
forrtl: warning (528): IEEE_UNDERFLOW is signaling
--- Stop Module: rasscf at Mon Oct 27 07:23:14 2025 /rc=_RC_ALL_IS_WELL_ ---
*** files: H12_2.01.LprOrb H12_2.01.rasscf.molden H12_2.01.LoProp.molden H12_2.01.RasOrb.1 H12_2.01.RasOrb H12_2.01.rasscf.h5 H12_2.01.SpdOrb.1 xmldump
    saved to directory /home/grierjones/DDCASPT2/hydrogen_comps/rerun/H12_chain/H12_2.01
--- Module rasscf spent 8 minutes 22 seconds ---

>>> COPY /tmp/H12_2.01/H12_2.01.rasscf.h5 /home/grierjones/DDCASPT2/hydrogen_comps/rerun/H12_chain/H12_2.01/

>>> COPY /tmp/H12_2.01/GMJ_Fock_MO.csv /home/grierjones/DDCASPT2/hydrogen_comps/rerun/H12_chain/H12_2.01/H12_2.01.GMJ_Fock_MO.csv

*** symbolic link created: INPORB -> H12_2.01.RasOrb
--- Start Module: motra at Mon Oct 27 07:23:14 2025 ---
 
()()()()()()()()()()()()()()()()()()()()()()()()()()()()()()()()()()()()()()()()()()()()()()()()()()

                                               &MOTRA

                                   only a single process is used
                       available to each process: 2.0 GB of memory, 1 thread?
()()()()()()()()()()()()()()()()()()()()()()()()()()()()()()()()()()()()()()()()()()()()()()()()()()
 
 
      *** WARNING: Default frozen orbitals is overwritten by user input.
      *** Default values:   0
 
      Header of the integral files:
      
       Integrals generated by seward 4.2.0  , Mon Oct 27 07:14:50 2025
 
 
      Header of MO coefficients source file:
      * RASSCF average (pseudo-natural) orbitals                                      
 
 
      Cartesian coordinates in Angstrom:
      -----------------------------------------------------
      No.  Label        X            Y            Z        
      -----------------------------------------------------
       1   H1         0.00000000   0.00000000   0.00000000
       2   H2         0.00000000   0.00000000   2.00606100
       3   H3         0.00000000   0.00000000   4.01212100
       4   H4         0.00000000   0.00000000   6.01818200
       5   H5         0.00000000   0.00000000   8.02424200
       6   H6         0.00000000   0.00000000  10.03030300
       7   H7         0.00000000   0.00000000  12.03636400
       8   H8         0.00000000   0.00000000  14.04242400
       9   H9         0.00000000   0.00000000  16.04848500
      10   H10        0.00000000   0.00000000  18.05454500
      11   H11        0.00000000   0.00000000  20.06060600
      12   H12        0.00000000   0.00000000  22.06666700
      -----------------------------------------------------
      Nuclear repulsion energy =    6.65765223
 
      Orbital specifications:
      -----------------------
 
      Symmetry species:              1
      Number of basis functions:    60
      Frozen orbitals:               0
      Deleted orbitals:              0
      Number of orbitals used:      60

       SYMMETRY  BASIS FUNCTIONS       ORBITALS      INTEGRALS   CPU(SEC)  I/O(SEC)
        1 1 1 1   60  60  60  60    60  60  60  60     1675365       0.00      0.00

       TOTAL CPU TIME(SEC)    1.09TOTAL I/O TIME(SEC)    2.47
 
--- Stop Module: motra at Mon Oct 27 07:23:17 2025 /rc=_RC_ALL_IS_WELL_ ---
*** files: xmldump
    saved to directory /home/grierjones/DDCASPT2/hydrogen_comps/rerun/H12_chain/H12_2.01
--- Module motra spent 2 seconds ---

>>> COPY /tmp/H12_2.01/GMJ_one_int_indx.csv /home/grierjones/DDCASPT2/hydrogen_comps/rerun/H12_chain/H12_2.01/H12_2.01.GMJ_one_int_indx.csv

>>> COPY /tmp/H12_2.01/GMJ_one_int.csv /home/grierjones/DDCASPT2/hydrogen_comps/rerun/H12_chain/H12_2.01/H12_2.01.GMJ_one_int.csv

>>> COPY /tmp/H12_2.01/GMJ_two_int_indx.csv /home/grierjones/DDCASPT2/hydrogen_comps/rerun/H12_chain/H12_2.01/H12_2.01.GMJ_two_int_indx.csv

>>> COPY /tmp/H12_2.01/GMJ_two_int.csv /home/grierjones/DDCASPT2/hydrogen_comps/rerun/H12_chain/H12_2.01/H12_2.01.GMJ_two_int.csv

*** symbolic link created: INPORB -> H12_2.01.RasOrb
--- Start Module: caspt2 at Mon Oct 27 07:23:17 2025 ---
 
()()()()()()()()()()()()()()()()()()()()()()()()()()()()()()()()()()()()()()()()()()()()()()()()()()

                                              &CASPT2

                                   only a single process is used
                       available to each process: 2.0 GB of memory, 1 thread?
()()()()()()()()()()()()()()()()()()()()()()()()()()()()()()()()()()()()()()()()()()()()()()()()()()
 
 Cholesky algorithm in CASPT2 =    1
 
 ###############################################################################
 ###############################################################################
 ###                                                                         ###
 ###                                                                         ###
 ###    User changed nr of frozen orbitals.                                  ###
 ###                                                                         ###
 ###                                                                         ###
 ###############################################################################
 ###############################################################################
 
++    Wave function specifications:
      -----------------------------
 
      Number of closed shell electrons           0
      Number of electrons in active shells      12
      Max number of holes in RAS1 space          0
      Max number of electrons in RAS3 space      0
      Number of inactive orbitals                0
      Number of active orbitals                 12
      Number of secondary orbitals              48
      Spin quantum number                      0.0
      State symmetry                             1
      Number of CSFs                        226512
      Number of root(s) available                1
      Root passed to geometry opt.               1
      A file JOBMIX will be created.
      This is a CASSCF or RASSCF reference function
--
 
++    Orbital specifications:
      -----------------------
 
      Symmetry species                           1
                                                 a
      Frozen orbitals                            0
      Inactive orbitals                          0
      Active orbitals                           12
      Secondary orbitals                        48
      Deleted orbitals                           0
      Number of basis functions                 60
--
 
      Type of Fock operator: STANDARD
      Type of 0-order Hamiltonian: STANDARD WITH DEFAULT IPEA
        "IP-EA" denominator shift =      0.25
      The input orbitals and the CI vector will be transformed.
 
--------------------------------------------------------------------------------
 Estimated memory requirements:
  POLY3 :                 54392696
  RHS:                     1916944
  SIGMA :                   616912
  PRPCTL:                        0
 Available workspace:    230179958
 
++ CASPT2 computation for group   1
 
********************************************************************************
 Multi-State initialization phase begins for group   1
--------------------------------------------------------------------------------
********************************************************************************
 Compute H0 matrices for state    1
--------------------------------------------------------------------------------
--------------------------------------------------------------------------------
 H0 matrices have been computed.
 
********************************************************************************
  CASPT2 EQUATION SOLUTION
--------------------------------------------------------------------------------
 
  Total nr of CASPT2 parameters:
   Before reduction:      249120
   After  reduction:      248544
 
 The contributions to the second order correlation energy in atomic units.
-----------------------------------------------------------------------------------------------------------------------------
  IT.      VJTU        VJTI        ATVX        AIVX        VJAI        BVAT        BJAT        BJAI        TOTAL       RNORM  
-----------------------------------------------------------------------------------------------------------------------------
   1     0.000000    0.000000   -0.006693    0.000000    0.000000   -0.013907    0.000000    0.000000   -0.020600    0.001902
   2     0.000000    0.000000   -0.006751    0.000000    0.000000   -0.013927    0.000000    0.000000   -0.020677    0.000346
   3     0.000000    0.000000   -0.006761    0.000000    0.000000   -0.013930    0.000000    0.000000   -0.020691    0.000099
   4     0.000000    0.000000   -0.006757    0.000000    0.000000   -0.013930    0.000000    0.000000   -0.020686    0.000017
   5     0.000000    0.000000   -0.006757    0.000000    0.000000   -0.013930    0.000000    0.000000   -0.020686    0.000004
-------------------------------------------------------------------------------------------------------------------
 
  FINAL CASPT2 RESULT:
 
  Correlation energy /Case, /Symm, and sums:
 VJTU      0.00000000  0.00000000
 VJTIP     0.00000000  0.00000000
 VJTIM     0.00000000  0.00000000
 ATVX     -0.00675669 -0.00675669
 AIVX      0.00000000  0.00000000
 VJAIP     0.00000000  0.00000000
 VJAIM     0.00000000  0.00000000
 BVATP    -0.01310425 -0.01310425
 BVATM    -0.00082541 -0.00082541
 BJATP     0.00000000  0.00000000
 BJATM     0.00000000  0.00000000
 BJAIP     0.00000000  0.00000000
 BJAIM     0.00000000  0.00000000
 Summed:  -0.02068635 -0.02068635
 
      Reference energy:          -6.0857519214
      E2 (Non-variational):      -0.0206863492
      E2 (Variational):          -0.0206863504
      Total energy:              -6.1064382718
      Residual norm:              0.0000005641
      Reference weight:           0.98730
 
      Contributions to the CASPT2 correlation energy
      Active & Virtual Only:         -0.0206863492
      One Inactive Excited:           0.0000000000
      Two Inactive Excited:           0.0000000000
 
 
++ Denominators, etc.
----------------------------------------------------------------------------------------------------
 Report on small energy denominators, large coefficients, and large energy contributions.
CASE  SYMM ACTIVE-MIX  NON-ACTIVE INDICES          DENOMINATOR     RHS VALUE       COEFFICIENT     CONTRIBUTION
ATVX     1  Mu1.0001  Se1.013                       0.16515775     -0.00000018      0.00000132     -0.00000000
ATVX     1  Mu1.0002  Se1.013                       0.19932365     -0.00003285      0.00041439     -0.00000001
ATVX     1  Mu1.0003  Se1.013                       0.23618009     -0.00000002      0.00000017     -0.00000000
ATVX     1  Mu1.0004  Se1.013                       0.26726983     -0.00005217      0.00074314     -0.00000004
ATVX     1  Mu1.0005  Se1.013                       0.29022759     -0.00000000     -0.00000048      0.00000000
ATVX     1  Mu1.0001  Se1.014                       0.17683457      0.00000912      0.00018786      0.00000000
ATVX     1  Mu1.0002  Se1.014                       0.21100048      0.00000011     -0.00000062     -0.00000000
ATVX     1  Mu1.0003  Se1.014                       0.24785691     -0.00006721      0.00100596     -0.00000007
ATVX     1  Mu1.0004  Se1.014                       0.27894666      0.00000009     -0.00000035     -0.00000000
ATVX     1  Mu1.0001  Se1.015                       0.19796691      0.00000012     -0.00000069     -0.00000000
ATVX     1  Mu1.0002  Se1.015                       0.23213282     -0.00004535     -0.00049251      0.00000002
ATVX     1  Mu1.0003  Se1.015                       0.26898925     -0.00000023      0.00000095     -0.00000000
ATVX     1  Mu1.0001  Se1.016                       0.23121297      0.00015862     -0.00027012     -0.00000004
ATVX     1  Mu1.0002  Se1.016                       0.26537888      0.00000025     -0.00000107     -0.00000000
ATVX     1  Mu1.0001  Se1.017                       0.27939896      0.00000127     -0.00000465     -0.00000000
--
 
   (Skipping property calculation,
    use PROP keyword to activate)
--
 
  Total CASPT2 energies:
::    CASPT2 Root  1     Total energy:     -6.10643827
 
  A NEW JOBIPH FILE NAMED 'JOBMIX' IS PREPARED.
********************************************************************************
forrtl: warning (528): IEEE_UNDERFLOW is signaling
--- Stop Module: caspt2 at Mon Oct 27 07:24:54 2025 /rc=_RC_ALL_IS_WELL_ ---
*** files: xmldump
    saved to directory /home/grierjones/DDCASPT2/hydrogen_comps/rerun/H12_chain/H12_2.01
--- Module caspt2 spent 1 minute 37 seconds ---

>>> EXPORT i = B

>>> EXPORT j = P

>>> IF (-FILE GMJ_e2_${i}_${j}_1_.csv)
(Skipped)

>>> END FOREACH

>>> EXPORT j = M

>>> IF (-FILE GMJ_e2_${i}_${j}_1_.csv)
(Skipped)

>>> END FOREACH

>>> END FOREACH

>>> EXPORT i = E

>>> EXPORT j = P

>>> IF (-FILE GMJ_e2_${i}_${j}_1_.csv)
(Skipped)

>>> END FOREACH

>>> EXPORT j = M

>>> IF (-FILE GMJ_e2_${i}_${j}_1_.csv)
(Skipped)

>>> END FOREACH

>>> END FOREACH

>>> EXPORT i = F

>>> EXPORT j = P

>>> IF (-FILE GMJ_e2_${i}_${j}_1_.csv)

>>> COPY /tmp/H12_2.01/GMJ_RHS_F_P_1_.csv /home/grierjones/DDCASPT2/hydrogen_comps/rerun/H12_chain/H12_2.01/GMJ_RHS_F_P_1_.csv

>>> COPY /tmp/H12_2.01/GMJ_IVECW_F_P_1_.csv /home/grierjones/DDCASPT2/hydrogen_comps/rerun/H12_chain/H12_2.01/GMJ_IVECW_F_P_1_.csv

>>> COPY /tmp/H12_2.01/GMJ_IVECX_F_P_1_.csv /home/grierjones/DDCASPT2/hydrogen_comps/rerun/H12_chain/H12_2.01/GMJ_IVECX_F_P_1_.csv

>>> COPY /tmp/H12_2.01/GMJ_IVECC2_F_P_1_.csv /home/grierjones/DDCASPT2/hydrogen_comps/rerun/H12_chain/H12_2.01/GMJ_IVECC2_F_P_1_.csv

>>> COPY /tmp/H12_2.01/GMJ_e2_F_P_1_.csv /home/grierjones/DDCASPT2/hydrogen_comps/rerun/H12_chain/H12_2.01/GMJ_e2_F_P_1_.csv

>>> END FOREACH

>>> EXPORT j = M

>>> IF (-FILE GMJ_e2_${i}_${j}_1_.csv)

>>> COPY /tmp/H12_2.01/GMJ_RHS_F_M_1_.csv /home/grierjones/DDCASPT2/hydrogen_comps/rerun/H12_chain/H12_2.01/GMJ_RHS_F_M_1_.csv

>>> COPY /tmp/H12_2.01/GMJ_IVECW_F_M_1_.csv /home/grierjones/DDCASPT2/hydrogen_comps/rerun/H12_chain/H12_2.01/GMJ_IVECW_F_M_1_.csv

>>> COPY /tmp/H12_2.01/GMJ_IVECX_F_M_1_.csv /home/grierjones/DDCASPT2/hydrogen_comps/rerun/H12_chain/H12_2.01/GMJ_IVECX_F_M_1_.csv

>>> COPY /tmp/H12_2.01/GMJ_IVECC2_F_M_1_.csv /home/grierjones/DDCASPT2/hydrogen_comps/rerun/H12_chain/H12_2.01/GMJ_IVECC2_F_M_1_.csv

>>> COPY /tmp/H12_2.01/GMJ_e2_F_M_1_.csv /home/grierjones/DDCASPT2/hydrogen_comps/rerun/H12_chain/H12_2.01/GMJ_e2_F_M_1_.csv

>>> END FOREACH

>>> END FOREACH

>>> EXPORT i = G

>>> EXPORT j = P

>>> IF (-FILE GMJ_e2_${i}_${j}_1_.csv)
(Skipped)

>>> END FOREACH

>>> EXPORT j = M

>>> IF (-FILE GMJ_e2_${i}_${j}_1_.csv)
(Skipped)

>>> END FOREACH

>>> END FOREACH

>>> EXPORT i = H

>>> EXPORT j = P

>>> IF (-FILE GMJ_e2_${i}_${j}_1_.csv)
(Skipped)

>>> END FOREACH

>>> EXPORT j = M

>>> IF (-FILE GMJ_e2_${i}_${j}_1_.csv)
(Skipped)

>>> END FOREACH

>>> END FOREACH

>>> EXPORT i = A

>>> IF (-FILE GMJ_e2_${i}_1_.csv)
(Skipped)

>>> END FOREACH

>>> EXPORT i = C

>>> IF (-FILE GMJ_e2_${i}_1_.csv)

>>> COPY /tmp/H12_2.01/GMJ_RHS_C_1_.csv /home/grierjones/DDCASPT2/hydrogen_comps/rerun/H12_chain/H12_2.01/GMJ_RHS_C_1_.csv

>>> COPY /tmp/H12_2.01/GMJ_IVECW_C_1_.csv /home/grierjones/DDCASPT2/hydrogen_comps/rerun/H12_chain/H12_2.01/GMJ_IVECW_C_1_.csv

>>> COPY /tmp/H12_2.01/GMJ_IVECX_C_1_.csv /home/grierjones/DDCASPT2/hydrogen_comps/rerun/H12_chain/H12_2.01/GMJ_IVECX_C_1_.csv

>>> COPY /tmp/H12_2.01/GMJ_IVECC2_C_1_.csv /home/grierjones/DDCASPT2/hydrogen_comps/rerun/H12_chain/H12_2.01/GMJ_IVECC2_C_1_.csv

>>> COPY /tmp/H12_2.01/GMJ_e2_C_1_.csv /home/grierjones/DDCASPT2/hydrogen_comps/rerun/H12_chain/H12_2.01/GMJ_e2_C_1_.csv

>>> END FOREACH

>>> EXPORT i = D

>>> IF (-FILE GMJ_e2_${i}_1_.csv)
(Skipped)

>>> END FOREACH

.########################.
.# Non-zero return code #.
.########################.

    Timing: Wall=604.23 User=599.92 System=4.19
****************************************
*** WorkDir at /tmp/H12_2.01 cleaned ***
****************************************
