   This run of MOLCAS is using the pymolcas driver

                             OPE
                             OPE          NMOL  CASOP  ENMOLC A   SO
                 OPE        NMOLC        AS  OP EN  MO LC     AS  OP
                OPENM       OL CA        SO  PE NM  OL CA     SOP EN
                OP EN      MO   LC       AS  OP ENMOL  CASO   PENMOL
                OP  EN     MO   LC       AS  OP EN     MO     LC ASO
               OP   E  NMOL  C  AS       OP  EN MO     LC     AS  OP
               OP  E   NMO   LC AS        OPEN  MO     LCASOP EN   M
               O  PEN   MO  LCA  SO
            OPE   NMO   L   CAS    OP
        OPENMOL  CASOP     ENMOL   CASOPE
     OPENMOLCA   SOPENMOLCASOPEN   MOLCASOPE
    OPENMOLCAS   OP           EN   MOL    CAS
    OPENMOLCAS       OP  ENM        O     LCA
    OPENMOLCAS    OPEN  MOLCASO     P  E  NMO
    OPENMOLCAS     OP               E  N  MOL
    OPENMOLCA   SO           PENM   O  L  CAS    OPEN    MO    LCAS
    OPENMOLCA   SOP           ENM   O  L  CAS   OP  EN  MOLC  AS   O
    OPENMOLCA   SOPE           NM      O  LCA   S      OP  EN MO
    OPENMOLC                AS         O  PEN   M      OL  CA  SOPE
    OPENMO        LCASOPE  NMOL        C  ASO   P      ENMOLC     AS
    OPE     NMO      LCA  SO     P     E   NM   OL  CA SO  PE N   MO
          OPENMOLCA            SOPE   NMO        LCAS  O    P  ENMO
     OPENMOLCASOPENMOLCASOPENMOLCASOPENMOLCA
        OPENMOLCASOPENMOLCASOPENMOLCASOPE
            OPENMOLCASOPENMOLCASOPENM
               OPENMOLCASOPENMOLCA        version: f37762c57
                   OPENMOLCASO
                       OPE                tag:

 OpenMolcas is free software; you can redistribute it and/or modify it
 under the terms of the GNU Lesser General Public License version 2.1.
 OpenMolcas is distributed in the hope that it will be useful, but it
 is provided "as is" and without any express or implied warranties.
 For more details see the full text of the license in the file
 LICENSE or in <http://www.gnu.org/licenses/>.

                 Copyright (C) The OpenMolcas Authors
           For the author list and the recommended citation,
                   consult the file CONTRIBUTORS.md

           *************************************************
           * pymolcas version py2.28                       *
           *   build c4a6d18ded8cb6cad61d2372a9abd97c      *
           *   (after the EMIL interpreter by V. Veryazov) *
           *************************************************

configuration info
------------------
C Compiler ID: Intel
C flags: -std=gnu99 -gcc-sys
Fortran Compiler ID: IntelLLVM
Fortran flags: -standard-semantics -fltconsistency -fpp -i8 -heap-arrays
Definitions: _MOLCAS_;_I8_;_LINUX_
Parallel: OFF (GA=OFF)


   ----------------------------------------------------------------------------------------
  |
  |              Project: H10_1.28
  |       Submitted from: /home/grierjones/DDCASPT2/hydrogen_comps/rerun/H10_chain/H10_1.28
  |         Scratch area: /tmp/H10_1.28
  |      Save outputs to: /home/grierjones/DDCASPT2/hydrogen_comps/rerun/H10_chain/H10_1.28
  |               Molcas: /home/grierjones/Test/build
  |
  | Scratch area is empty
  |
  |       MOLCAS_DRIVER = /usr/local/pymolcas
  | MOLCAS_KEEP_WORKDIR = NO
  |  MOLCAS_NEW_WORKDIR = YES
  |       MOLCAS_NPROCS = 1
  |        MOLCAS_PRINT = NORMAL
  |       MOLCAS_SOURCE = /home/grierjones/Test
  |    MOLCAS_STRUCTURE = 0
  |
   ----------------------------------------------------------------------------------------

++ ---------   Input file   ---------

&GATEWAY
coord=H10_1.28.xyz
Basis = ANO-RCC-VDZP
Group = nosymm
End of Input

&SEWARD
End of Input

&SCF

>>> COPY $WorkDir/H10_1.28.scf.h5 $CurrDir/

&RASSCF
Title= RASSCF
FileOrb
/home/grierjones/DDCASPT2/hydrogen_comps/rerun/H10_chain/H10_0.60/H10_0.60.RasOrb
NACTEL
10 0 0
Inactive
0
RAS2
10
Symmetry
1
Spin
1
orblisting
all

>>> COPY $WorkDir/H10_1.28.rasscf.h5 $CurrDir/

>>> COPY $WorkDir/GMJ_Fock_MO.csv $CurrDir/H10_1.28.GMJ_Fock_MO.csv

&MOTRA
Frozen=0
LUMORB

>>> COPY $WorkDir/GMJ_one_int_indx.csv $CurrDir/H10_1.28.GMJ_one_int_indx.csv

>>> COPY $WorkDir/GMJ_one_int.csv $CurrDir/H10_1.28.GMJ_one_int.csv

>>> COPY $WorkDir/GMJ_two_int_indx.csv $CurrDir/H10_1.28.GMJ_two_int_indx.csv

>>> COPY $WorkDir/GMJ_two_int.csv $CurrDir/H10_1.28.GMJ_two_int.csv

&CASPT2
Frozen
0

MAXITER
50

>>> FOREACH i IN (B,E,F,G,H)

  >>> FOREACH j IN (P,M)

    >>> IF (-FILE GMJ_e2_${i}_${j}_1_.csv)

      >>> COPY $WorkDir/GMJ_RHS_${i}_${j}_1_.csv $CurrDir/GMJ_RHS_${i}_${j}_1_.csv

      >>> COPY $WorkDir/GMJ_IVECW_${i}_${j}_1_.csv $CurrDir/GMJ_IVECW_${i}_${j}_1_.csv

      >>> COPY $WorkDir/GMJ_IVECX_${i}_${j}_1_.csv $CurrDir/GMJ_IVECX_${i}_${j}_1_.csv

      >>> COPY $WorkDir/GMJ_IVECC2_${i}_${j}_1_.csv $CurrDir/GMJ_IVECC2_${i}_${j}_1_.csv

      >>> COPY $WorkDir/GMJ_e2_${i}_${j}_1_.csv $CurrDir/GMJ_e2_${i}_${j}_1_.csv

    >>> END IF

  >>> END FOREACH

>>> END FOREACH

>>> FOREACH i IN (A,C,D)

  >>> IF (-FILE GMJ_e2_${i}_1_.csv)

    >>> COPY $WorkDir/GMJ_RHS_${i}_1_.csv $CurrDir/GMJ_RHS_${i}_1_.csv

    >>> COPY $WorkDir/GMJ_IVECW_${i}_1_.csv $CurrDir/GMJ_IVECW_${i}_1_.csv

    >>> COPY $WorkDir/GMJ_IVECX_${i}_1_.csv $CurrDir/GMJ_IVECX_${i}_1_.csv

    >>> COPY $WorkDir/GMJ_IVECC2_${i}_1_.csv $CurrDir/GMJ_IVECC2_${i}_1_.csv

    >>> COPY $WorkDir/GMJ_e2_${i}_1_.csv $CurrDir/GMJ_e2_${i}_1_.csv

  >>> END IF

>>> END FOREACH

-- ----------------------------------

--- Start Module: gateway at Sun Oct 26 14:41:33 2025 ---
 
()()()()()()()()()()()()()()()()()()()()()()()()()()()()()()()()()()()()()()()()()()()()()()()()()()

                                              &GATEWAY

                                   only a single process is used
                       available to each process: 2.0 GB of memory, 1 thread?
()()()()()()()()()()()()()()()()()()()()()()()()()()()()()()()()()()()()()()()()()()()()()()()()()()
 
 
++    Symmetry information:
      ---------------------
 
                    Character Table for C1 
 
                             E  
                    a        1  x, y, xy, Rz, z, xz, Ry, yz, Rx, I
--
 
 
++    Basis set information:
      ----------------------
 
 
      Basis set label: H.ANO-RCC...2S1P.
 
      Electronic valence basis set:
      ------------------
      Associated Effective Charge   1.000000 au
      Associated Actual Charge      1.000000 au
      Nuclear Model: Point charge
 
      Shell  nPrim  nBasis  Cartesian Spherical Contaminant
         s       8       2        X                  
         p       4       1        X                  
--
 
 
++    Molecular structure info:
      -------------------------
 
                    ************************************************ 
                    **** Cartesian Coordinates / Bohr, Angstrom **** 
                    ************************************************ 
 
     Center  Label                x              y              z                     x              y              z
        1      H1               0.000000       0.000000       0.000000              0.000000       0.000000       0.000000
        2      H2               0.000000       0.000000       2.416559              0.000000       0.000000       1.278788
        3      H3               0.000000       0.000000       4.833118              0.000000       0.000000       2.557576
        4      H4               0.000000       0.000000       7.249677              0.000000       0.000000       3.836364
        5      H5               0.000000       0.000000       9.666236              0.000000       0.000000       5.115152
        6      H6               0.000000       0.000000      12.082794              0.000000       0.000000       6.393939
        7      H7               0.000000       0.000000      14.499353              0.000000       0.000000       7.672727
        8      H8               0.000000       0.000000      16.915912              0.000000       0.000000       8.951515
        9      H9               0.000000       0.000000      19.332471              0.000000       0.000000      10.230303
       10      H10              0.000000       0.000000      21.749030              0.000000       0.000000      11.509091
 
                    *************************************** 
                    *    InterNuclear Distances / Bohr    * 
                    *************************************** 
 
               1 H1            2 H2            3 H3            4 H4            5 H5            6 H6    
    1 H1       0.000000
    2 H2       2.416559        0.000000
    3 H3       4.833118        2.416559        0.000000
    4 H4       7.249677        4.833118        2.416559        0.000000
    5 H5       9.666236        7.249677        4.833118        2.416559        0.000000
    6 H6      12.082794        9.666234        7.249675        4.833116        2.416557        0.000000
    7 H7      14.499353       12.082794        9.666234        7.249675        4.833116        2.416559
    8 H8      16.915912       14.499353       12.082794        9.666234        7.249675        4.833118
    9 H9      19.332471       16.915912       14.499353       12.082794        9.666234        7.249677
   10 H10     21.749030       19.332471       16.915912       14.499353       12.082794        9.666236
 
               7 H7            8 H8            9 H9           10 H10   
    7 H7       0.000000
    8 H8       2.416559        0.000000
    9 H9       4.833118        2.416559        0.000000
   10 H10      7.249677        4.833118        2.416559        0.000000
 
                    ******************************************* 
                    *    InterNuclear Distances / Angstrom    * 
                    ******************************************* 
 
               1 H1            2 H2            3 H3            4 H4            5 H5            6 H6    
    1 H1       0.000000
    2 H2       1.278788        0.000000
    3 H3       2.557576        1.278788        0.000000
    4 H4       3.836364        2.557576        1.278788        0.000000
    5 H5       5.115152        3.836364        2.557576        1.278788        0.000000
    6 H6       6.393939        5.115151        3.836363        2.557575        1.278787        0.000000
    7 H7       7.672727        6.393939        5.115151        3.836363        2.557575        1.278788
    8 H8       8.951515        7.672727        6.393939        5.115151        3.836363        2.557576
    9 H9      10.230303        8.951515        7.672727        6.393939        5.115151        3.836364
   10 H10     11.509091       10.230303        8.951515        7.672727        6.393939        5.115152
 
               7 H7            8 H8            9 H9           10 H10   
    7 H7       0.000000
    8 H8       1.278788        0.000000
    9 H9       2.557576        1.278788        0.000000
   10 H10      3.836364        2.557576        1.278788        0.000000
 
                    ************************************** 
                    *    Valence Bond Angles / Degree    * 
                    ************************************** 
                          Atom centers                 Phi
                      1 H1       2 H2       3 H3       180.00
                      2 H2       3 H3       4 H4       180.00
                      3 H3       4 H4       5 H5       180.00
                      4 H4       5 H5       6 H6       180.00
                      5 H5       6 H6       7 H7       180.00
                      6 H6       7 H7       8 H8       180.00
                      7 H7       8 H8       9 H9       180.00
                      8 H8       9 H9      10 H10      180.00
--
 
 
            Nuclear Potential Energy              7.98229373 au
 
--- Stop Module: gateway at Sun Oct 26 14:41:34 2025 /rc=_RC_ALL_IS_WELL_ ---
*** files: xmldump
    saved to directory /home/grierjones/DDCASPT2/hydrogen_comps/rerun/H10_chain/H10_1.28

--- Start Module: seward at Sun Oct 26 14:41:34 2025 ---
 
()()()()()()()()()()()()()()()()()()()()()()()()()()()()()()()()()()()()()()()()()()()()()()()()()()

                                              &SEWARD

                                   only a single process is used
                       available to each process: 2.0 GB of memory, 1 thread?
()()()()()()()()()()()()()()()()()()()()()()()()()()()()()()()()()()()()()()()()()()()()()()()()()()
 
               SEWARD will generate:
                  Multipole Moment integrals up to order  2
                  Kinetic Energy integrals
                  Nuclear Attraction integrals (point charge)
                  One-Electron Hamiltonian integrals
                  Velocity integrals
                  Relativistic Douglas-Kroll-Hess integrals:
                    - Parametrization         : EXP
                    - DKH order of Hamiltonian: 2
                    - DKH order of Properties : 0
                         - multipole moment operators
                         - electric potential operators
                         - contact operators
                  Atomic mean-field integrals
                  Two-Electron Repulsion integrals
 
                   Integrals are discarded if absolute value <: 0.10E-13
                   Integral cutoff threshold is set to       <: 0.10E-15
 
            Nuclear Potential Energy              7.98229373 au
 
 
      Basis set specifications :
      Symmetry species         a  
      Basis functions           50
 
 
  Input file to MOLDEN was generated!
 
forrtl: warning (525): IEEE_DIVIDE_BY_ZERO is signaling
forrtl: warning (526): IEEE_INVALID is signaling
forrtl: warning (528): IEEE_UNDERFLOW is signaling
--- Stop Module: seward at Sun Oct 26 14:41:35 2025 /rc=_RC_ALL_IS_WELL_ ---
*** files: H10_1.28.GssOrb H10_1.28.guessorb.h5 H10_1.28.guessorb.molden xmldump
    saved to directory /home/grierjones/DDCASPT2/hydrogen_comps/rerun/H10_chain/H10_1.28

*** symbolic link created: INPORB -> H10_1.28.GssOrb
--- Start Module: scf at Sun Oct 26 14:41:35 2025 ---
 
()()()()()()()()()()()()()()()()()()()()()()()()()()()()()()()()()()()()()()()()()()()()()()()()()()

                                                &SCF

                                   only a single process is used
                       available to each process: 2.0 GB of memory, 1 thread?
()()()()()()()()()()()()()()()()()()()()()()()()()()()()()()()()()()()()()()()()()()()()()()()()()()
 
++    Input section:
      --------------
 
      Header of the integral files:
      
       Integrals generated by seward 4.2.0  , Sun Oct 26 14:41:34 2025
 
 
      Cartesian coordinates in Angstrom:
      -----------------------------------------------------
      No.  Label        X            Y            Z        
      -----------------------------------------------------
       1   H1         0.00000000   0.00000000   0.00000000
       2   H2         0.00000000   0.00000000   1.27878800
       3   H3         0.00000000   0.00000000   2.55757600
       4   H4         0.00000000   0.00000000   3.83636400
       5   H5         0.00000000   0.00000000   5.11515200
       6   H6         0.00000000   0.00000000   6.39393900
       7   H7         0.00000000   0.00000000   7.67272700
       8   H8         0.00000000   0.00000000   8.95151500
       9   H9         0.00000000   0.00000000  10.23030300
      10   H10        0.00000000   0.00000000  11.50909100
      -----------------------------------------------------
      Nuclear repulsion energy =    7.98229373
--
 
++    Orbital specifications:
      -----------------------
 
      Symmetry species               1
                                     a
      Frozen orbitals                0
      Occupied orbitals              5
      Secondary orbitals            45
      Deleted orbitals               0
      Total number of orbitals      50
      Number of basis functions     50
--
 
      Molecular charge                           0.000
 
++    Optimization specifications:
      ----------------------------
 
      SCF Algorithm: Conventional
      Minimized density differences are used
      Number of density matrices in core                5
      Maximum number of NDDO SCF iterations           400
      Maximum number of HF SCF iterations             400
      Threshold for SCF energy change            0.10E-08
      Threshold for density matrix               0.10E-03
      Threshold for Fock matrix                  0.15E-03
      Threshold for linear dependence            0.10E-08
      Threshold at which DIIS is turned on       0.15E+00
      Threshold at which QNR/C2DIIS is turned on 0.75E-01
      Threshold for Norm(delta) (QNR/C2DIIS)     0.20E-04
      DIIS extrapolation of the SCF procedure
      All orbitals punched on: SCFORB
--
 
      Input vectors read from INPORB
      Orbital file label: *Guess orbitals
 
 
++ Convergence information
                                   SCF        iterations: Energy and convergence statistics
 
Iter     Tot. SCF        One-elec.       Two-elec.     Energy      Max Dij or  Max Fij      DNorm      TNorm      AccCon     Time
         Energy          Energy          Energy        Change      Delta Norm                                                in Sec.
   1    -5.109693768   -21.324191042     8.232203544   0.00E+00    0.22E+00*   0.14E+00*    0.40E+01   0.15E+02   None         0.
   2    -5.202395541   -21.435529932     8.250840660  -0.93E-01*   0.89E-01*   0.18E-01*    0.15E+01   0.15E+02   EDIIS        0.
   3    -5.207124494   -21.393975689     8.204557463  -0.47E-02*   0.40E-01*   0.93E-02*    0.31E+00   0.15E+02   c2DIIS       0.
   4    -5.208172785   -21.396115675     8.205649159  -0.10E-02*   0.10E-01*   0.27E-02*    0.13E+00   0.15E+02   QNRc2DIIS    0.
   5    -5.208311096   -21.393812939     8.203208113  -0.14E-03*   0.11E-01*   0.13E-02*    0.12E-01   0.15E+02   QNRc2DIIS    0.
   6    -5.208360856   -21.393487102     8.202832515  -0.50E-04*   0.41E-03*   0.10E-03     0.68E-02   0.15E+02   QNRc2DIIS    0.
   7    -5.208361016   -21.393428353     8.202773606  -0.16E-06*   0.39E-04*   0.14E-04     0.67E-03   0.15E+02   QNRc2DIIS    0.
   8    -5.208361019   -21.393406899     8.202752150  -0.24E-08*   0.15E-04    0.31E-05     0.11E-03   0.15E+02   QNRc2DIIS    0.
   9    -5.208361019   -21.393406446     8.202751696  -0.21E-09    0.14E-05    0.36E-06     0.22E-04   0.15E+02   QNRc2DIIS    0.
 
       Convergence after  9 Macro Iterations
--
 
 *****************************************************************************************************************************
 *                                                                                                                           *
 *                                             SCF/KS-DFT Program, Final results                                             *
 *                                                                                                                           *
 *                                                                                                                           *
 *                                                                                                                           *
 *                                                       Final Results                                                       *
 *                                                                                                                           *
 *****************************************************************************************************************************
 
::    Total SCF energy                                 -5.2083610188
      One-electron energy                             -21.3934064456
      Two-electron energy                               8.2027516961
      Nuclear repulsion energy                          7.9822937307
      Kinetic energy (interpolated)                     4.2399281105
      Virial theorem                                    1.2284078605
      Total spin, S(S+1)                                0.0000000000
      Total spin, S                                     0.0000000000
      Max non-diagonal density matrix element           0.0000014075
      Max non-diagonal Fock matrix element              0.0000000912
 
 
      All orbitals with orbital energies smaller than  E(LUMO)+0.5 are printed
 
++    Molecular orbitals:
      -------------------
 
      Title: SCF orbitals

      Molecular orbitals for symmetry species 1: a  
 
          Orbital            1         2         3         4         5         6         7         8         9        10    
          Energy           -0.6078   -0.5739   -0.5184   -0.4422   -0.3517   -0.0623    0.0470    0.1603    0.2331    0.2783
          Occ. No.          2.0000    2.0000    2.0000    2.0000    2.0000    0.0000    0.0000    0.0000    0.0000    0.0000
 
        1 H1     1s         0.0945   -0.1851    0.2658   -0.3288    0.3184   -0.4834    0.6879   -0.6830    0.0009    0.4714
        2 H1     2s         0.0023   -0.0029    0.0054   -0.0210    0.0462   -0.1998    0.3855   -0.5444    0.2469    0.5620
        3 H1     2px       -0.0000    0.0000   -0.0000   -0.0000    0.0000   -0.0000    0.0000    0.0000   -0.0000   -0.0000
        4 H1     2py       -0.0000    0.0000    0.0000    0.0000   -0.0000   -0.0000    0.0000   -0.0000    0.0000    0.0000
        5 H1     2pz        0.0085   -0.0147    0.0166   -0.0138    0.0080    0.0025   -0.0130    0.0287   -0.0291   -0.0283
        6 H2     1s         0.1464   -0.2712    0.3462   -0.3406    0.2179    0.1974   -0.6456    1.0283   -0.3105   -0.8562
        7 H2     2s        -0.0108    0.0047    0.0275   -0.0736    0.0790    0.0704   -0.3030    0.5178    0.0127   -0.4870
        8 H2     2px        0.0000   -0.0000    0.0000   -0.0000    0.0000   -0.0000    0.0000   -0.0000    0.0000   -0.0000
        9 H2     2py       -0.0000   -0.0000    0.0000    0.0000   -0.0000    0.0000    0.0000   -0.0000    0.0000    0.0000
       10 H2     2pz        0.0044   -0.0028   -0.0073    0.0202   -0.0234    0.0221   -0.0123   -0.0203    0.0099    0.0744
       11 H3     1s         0.2390   -0.3012    0.1240    0.2069   -0.4188    0.5261   -0.2077   -0.5829    0.2317    1.0313
       12 H3     2s         0.0005    0.0056   -0.0176    0.0555   -0.1069    0.1991   -0.0785   -0.3317    0.3596    0.4933
       13 H3     2px        0.0000   -0.0000   -0.0000    0.0000    0.0000   -0.0000    0.0000   -0.0000    0.0000   -0.0000
       14 H3     2py       -0.0000    0.0000   -0.0000    0.0000   -0.0000    0.0000    0.0000   -0.0000    0.0000    0.0000
       15 H3     2pz        0.0072   -0.0007   -0.0152    0.0220   -0.0124   -0.0146    0.0286   -0.0250   -0.0160    0.0207
       16 H4     1s         0.2707   -0.2631   -0.0368    0.3418   -0.3183   -0.3497    0.6699   -0.1174   -0.4355   -0.7859
       17 H4     2s        -0.0099   -0.0129    0.0224    0.0399   -0.0897   -0.1263    0.3038   -0.0657    0.0168   -0.6071
       18 H4     2px        0.0000    0.0000    0.0000    0.0000   -0.0000   -0.0000    0.0000   -0.0000    0.0000   -0.0000
       19 H4     2py        0.0000    0.0000    0.0000    0.0000   -0.0000   -0.0000    0.0000   -0.0000    0.0000    0.0000
       20 H4     2pz        0.0009    0.0112   -0.0185   -0.0005    0.0217   -0.0247    0.0010    0.0270   -0.0101    0.0035
       21 H5     1s         0.3057   -0.0551   -0.3199    0.1185    0.3958   -0.4769   -0.3390    0.7727    0.0052    0.3878
       22 H5     2s        -0.0058    0.0181   -0.0250   -0.0040    0.1044   -0.1794   -0.1576    0.3840    0.2638   -0.0186
       23 H5     2px       -0.0000   -0.0000   -0.0000   -0.0000    0.0000    0.0000   -0.0000   -0.0000    0.0000   -0.0000
       24 H5     2py       -0.0000    0.0000   -0.0000   -0.0000    0.0000    0.0000   -0.0000   -0.0000    0.0000    0.0000
       25 H5     2pz        0.0036    0.0134   -0.0102   -0.0172    0.0187    0.0211   -0.0215   -0.0199    0.0088    0.0405
       26 H6     1s         0.3057    0.0551   -0.3199   -0.1185    0.3958    0.4769   -0.3390   -0.7727    0.0052    0.3878
       27 H6     2s        -0.0058   -0.0181   -0.0250    0.0040    0.1044    0.1794   -0.1576   -0.3840    0.2638   -0.0186
       28 H6     2px        0.0000   -0.0000    0.0000    0.0000    0.0000   -0.0000   -0.0000    0.0000   -0.0000    0.0000
       29 H6     2py       -0.0000    0.0000   -0.0000   -0.0000    0.0000    0.0000   -0.0000   -0.0000    0.0000    0.0000
       30 H6     2pz       -0.0036    0.0134    0.0102   -0.0172   -0.0187    0.0211    0.0215   -0.0199   -0.0088   -0.0405
       31 H7     1s         0.2707    0.2631   -0.0368   -0.3418   -0.3183    0.3497    0.6699    0.1174   -0.4355   -0.7859
       32 H7     2s        -0.0099    0.0129    0.0224   -0.0399   -0.0897    0.1263    0.3038    0.0657    0.0168   -0.6071
       33 H7     2px       -0.0000    0.0000    0.0000    0.0000   -0.0000    0.0000    0.0000    0.0000   -0.0000   -0.0000
       34 H7     2py       -0.0000    0.0000    0.0000    0.0000    0.0000   -0.0000   -0.0000   -0.0000    0.0000    0.0000
       35 H7     2pz       -0.0009    0.0112    0.0185   -0.0005   -0.0217   -0.0247   -0.0010    0.0270    0.0101   -0.0035
       36 H8     1s         0.2390    0.3012    0.1240   -0.2069   -0.4188   -0.5261   -0.2077    0.5829    0.2317    1.0313
       37 H8     2s         0.0005   -0.0056   -0.0176   -0.0555   -0.1069   -0.1991   -0.0785    0.3317    0.3596    0.4933
       38 H8     2px        0.0000    0.0000   -0.0000   -0.0000    0.0000    0.0000    0.0000    0.0000    0.0000    0.0000
       39 H8     2py       -0.0000    0.0000   -0.0000   -0.0000   -0.0000    0.0000   -0.0000    0.0000   -0.0000   -0.0000
       40 H8     2pz       -0.0072   -0.0007    0.0152    0.0220    0.0124   -0.0146   -0.0286   -0.0250    0.0160   -0.0207
       41 H9     1s         0.1464    0.2712    0.3462    0.3406    0.2179   -0.1974   -0.6456   -1.0283   -0.3105   -0.8562
       42 H9     2s        -0.0108   -0.0047    0.0275    0.0736    0.0790   -0.0704   -0.3030   -0.5178    0.0127   -0.4870
       43 H9     2px       -0.0000   -0.0000    0.0000    0.0000    0.0000    0.0000   -0.0000   -0.0000   -0.0000    0.0000
       44 H9     2py        0.0000   -0.0000    0.0000   -0.0000   -0.0000   -0.0000    0.0000    0.0000   -0.0000   -0.0000
       45 H9     2pz       -0.0044   -0.0028    0.0073    0.0202    0.0234    0.0221    0.0123   -0.0203   -0.0099   -0.0744
       46 H10    1s         0.0945    0.1851    0.2658    0.3288    0.3184    0.4834    0.6879    0.6830    0.0009    0.4714
       47 H10    2s         0.0023    0.0029    0.0054    0.0210    0.0462    0.1998    0.3855    0.5444    0.2469    0.5620
       48 H10    2px       -0.0000    0.0000   -0.0000    0.0000   -0.0000   -0.0000    0.0000   -0.0000    0.0000   -0.0000
       49 H10    2py       -0.0000    0.0000   -0.0000    0.0000   -0.0000   -0.0000    0.0000   -0.0000   -0.0000    0.0000
       50 H10    2pz       -0.0085   -0.0147   -0.0166   -0.0138   -0.0080    0.0025    0.0130    0.0287    0.0291    0.0283
 
          Orbital           11        12        13    
          Energy            0.2817    0.3843    0.4190
          Occ. No.          0.0000    0.0000    0.0000
 
        1 H1     1s         0.3146   -0.5215   -0.3294
        2 H1     2s        -0.1663    0.1097   -0.5886
        3 H1     2px        0.0000   -0.0000    0.0000
        4 H1     2py       -0.0000   -0.0000   -0.0000
        5 H1     2pz        0.0253    0.0079    0.0147
        6 H2     1s        -0.1285    0.7543    0.4729
        7 H2     2s        -0.3592    0.7010    0.4021
        8 H2     2px       -0.0000   -0.0000    0.0000
        9 H2     2py       -0.0000   -0.0000   -0.0000
       10 H2     2pz       -0.0180    0.0430   -0.1285
       11 H3     1s         0.0978   -0.7749   -0.7565
       12 H3     2s        -0.2487   -0.3135   -0.1782
       13 H3     2px       -0.0000   -0.0000    0.0000
       14 H3     2py       -0.0000   -0.0000   -0.0000
       15 H3     2pz        0.0015    0.0555    0.0133
       16 H4     1s         0.3191    0.5611    1.0930
       17 H4     2s        -0.0332    0.1736    0.9067
       18 H4     2px       -0.0000   -0.0000    0.0000
       19 H4     2py       -0.0000   -0.0000    0.0000
       20 H4     2pz       -0.0486    0.0878   -0.0028
       21 H5     1s        -0.4124   -0.1859   -1.2655
       22 H5     2s        -0.3023   -0.4079   -0.5867
       23 H5     2px       -0.0000   -0.0000    0.0000
       24 H5     2py        0.0000   -0.0000    0.0000
       25 H5     2pz       -0.0386   -0.0049    0.0733
       26 H6     1s         0.4124   -0.1859    1.2655
       27 H6     2s         0.3023   -0.4079    0.5867
       28 H6     2px       -0.0000   -0.0000    0.0000
       29 H6     2py       -0.0000   -0.0000    0.0000
       30 H6     2pz       -0.0386    0.0049    0.0733
       31 H7     1s        -0.3191    0.5611   -1.0930
       32 H7     2s         0.0332    0.1736   -0.9067
       33 H7     2px       -0.0000   -0.0000   -0.0000
       34 H7     2py       -0.0000    0.0000    0.0000
       35 H7     2pz       -0.0486   -0.0878   -0.0028
       36 H8     1s        -0.0978   -0.7749    0.7565
       37 H8     2s         0.2487   -0.3135    0.1782
       38 H8     2px       -0.0000    0.0000   -0.0000
       39 H8     2py        0.0000   -0.0000    0.0000
       40 H8     2pz        0.0015   -0.0555    0.0133
       41 H9     1s         0.1285    0.7543   -0.4729
       42 H9     2s         0.3592    0.7010   -0.4021
       43 H9     2px       -0.0000    0.0000    0.0000
       44 H9     2py       -0.0000    0.0000   -0.0000
       45 H9     2pz       -0.0180   -0.0430   -0.1285
       46 H10    1s        -0.3146   -0.5215    0.3294
       47 H10    2s         0.1663    0.1097    0.5886
       48 H10    2px        0.0000   -0.0000   -0.0000
       49 H10    2py       -0.0000    0.0000   -0.0000
       50 H10    2pz        0.0253   -0.0079    0.0147
--
 
 
++    Molecular charges:
      ------------------
 
      Mulliken charges per centre and basis function type
      ---------------------------------------------------
 
                H1      H2      H3      H4      H5      H6      H7      H8      H9      H10   
      1s       0.9334  1.0309  1.0037  0.9969  1.0012  1.0012  0.9969  1.0037  1.0309  0.9334
      2s       0.0036 -0.0077 -0.0438 -0.0291 -0.0315 -0.0315 -0.0291 -0.0438 -0.0077  0.0036
      2px      0.0000  0.0000  0.0000  0.0000 -0.0000  0.0000  0.0000  0.0000  0.0000  0.0000
      2pz      0.0172  0.0320  0.0308  0.0310  0.0311  0.0311  0.0310  0.0308  0.0320  0.0172
      2py      0.0000  0.0000  0.0000  0.0000  0.0000  0.0000  0.0000  0.0000  0.0000  0.0000
      Total    0.9542  1.0553  0.9908  0.9988  1.0009  1.0009  0.9988  0.9908  1.0553  0.9542
 
      N-E      0.0458 -0.0553  0.0092  0.0012 -0.0009 -0.0009  0.0012  0.0092 -0.0553  0.0458
 
      Total electronic charge=   10.000000
 
      Total            charge=   -0.000000
--
 
 
  Input file to MOLDEN was generated!
 
 
++    Static properties:
      ------------------
 
 
      LoProp Charges per center
 

                   H1       H2       H3       H4       H5       H6       H7       H8       H9       H10   
      Nuclear      1.0000   1.0000   1.0000   1.0000   1.0000   1.0000   1.0000   1.0000   1.0000   1.0000
      Electronic  -0.9926  -1.0083  -0.9973  -1.0015  -1.0003  -1.0003  -1.0015  -0.9973  -1.0083  -0.9926
 
      Total        0.0074  -0.0083   0.0027  -0.0015  -0.0003  -0.0003  -0.0015   0.0027  -0.0083   0.0074
--
 
 
++    Natural Bond Order analysis
      ---------------------------
      Based on LoProp computed density
      -------------------------------------------------------------------------------------
      Atom A       Atom B       Bond Order
      -------------------------------------------------------------------------------------
      NBO located      0.960 non-bonded electrons on atom H1        
      NBO located      1.018 non-bonded electrons on atom H3        
      NBO located      1.011 non-bonded electrons on atom H4        
      NBO located      1.015 non-bonded electrons on atom H5        
      NBO located      1.015 non-bonded electrons on atom H6        
      NBO located      1.011 non-bonded electrons on atom H7        
      NBO located      1.018 non-bonded electrons on atom H8        
      NBO located      0.960 non-bonded electrons on atom H10       
      The remaining    1.992 electrons are to be considered as diffuse
--
 
 
++    Molecular properties:
      ---------------------
 
      Charge (e):
                      =   -0.0000
      Dipole Moment (Debye):
      Origin of the operator (Ang)=    0.0000    0.0000    0.0000
                   X= -9.8288E-14               Y=  1.6999E-14               Z= -6.1405E-13           Total=  6.2210E-13
      Quadrupole Moment (Debye*Ang):
      Origin of the operator (Ang)=    0.0000    0.0000    5.7545
                  XX= -1.3920E+01              XY=  9.6647E-29              XZ=  4.3210E-13              YY= -1.3920E+01
                  YZ= -1.1638E-13              ZZ= -7.5980E+00
      In traceless form (Debye*Ang)
                  XX= -3.1608E+00              XY=  1.4497E-28              XZ=  6.4816E-13              YY= -3.1608E+00
                  YZ= -1.7456E-13              ZZ=  6.3216E+00
--
 
 
  Input file to MOLDEN was generated!
 
 ###############################################################################
 ###############################################################################
 ###                                                                         ###
 ###                                                                         ###
 ###    RunFile label nBas                                                   ###
 ###    was used       78 times                                              ###
 ###                                                                         ###
 ###                                                                         ###
 ###############################################################################
 ###############################################################################
forrtl: warning (528): IEEE_UNDERFLOW is signaling
--- Stop Module: scf at Sun Oct 26 14:41:35 2025 /rc=_RC_ALL_IS_WELL_ ---
*** files: H10_1.28.LprOrb H10_1.28.LoProp.molden H10_1.28.scf.molden H10_1.28.ScfOrb H10_1.28.scf.h5 xmldump
    saved to directory /home/grierjones/DDCASPT2/hydrogen_comps/rerun/H10_chain/H10_1.28

>>> COPY /tmp/H10_1.28/H10_1.28.scf.h5 /home/grierjones/DDCASPT2/hydrogen_comps/rerun/H10_chain/H10_1.28/

*** symbolic link created: INPORB -> H10_1.28.ScfOrb
--- Start Module: rasscf at Sun Oct 26 14:41:35 2025 ---
 
()()()()()()()()()()()()()()()()()()()()()()()()()()()()()()()()()()()()()()()()()()()()()()()()()()

                                              &RASSCF

                                   only a single process is used
                       available to each process: 2.0 GB of memory, 1 thread?
()()()()()()()()()()()()()()()()()()()()()()()()()()()()()()()()()()()()()()()()()()()()()()()()()()
 
 
      Header of the ONEINT file:
      --------------------------
      
      Integrals generated by seward 4.2.0  , Sun Oct 26 14:41:34 2025
 
 
      OrdInt status: non-squared
 
 
      Cartesian coordinates in Angstrom:
      -----------------------------------------------------
      No.  Label        X            Y            Z        
      -----------------------------------------------------
       1   H1         0.00000000   0.00000000   0.00000000
       2   H2         0.00000000   0.00000000   1.27878800
       3   H3         0.00000000   0.00000000   2.55757600
       4   H4         0.00000000   0.00000000   3.83636400
       5   H5         0.00000000   0.00000000   5.11515200
       6   H6         0.00000000   0.00000000   6.39393900
       7   H7         0.00000000   0.00000000   7.67272700
       8   H8         0.00000000   0.00000000   8.95151500
       9   H9         0.00000000   0.00000000  10.23030300
      10   H10        0.00000000   0.00000000  11.50909100
      -----------------------------------------------------
      Nuclear repulsion energy =    7.98229373
 
++    Wave function specifications:
      -----------------------------
 
      Number of closed shell electrons           0
      Number of electrons in active shells      10
      Max number of holes in RAS1 space          0
      Max nr of electrons in RAS3 space          0
      Number of inactive orbitals                0
      Number of active orbitals                 10
      Number of secondary orbitals              40
      Spin quantum number                      0.0
      State symmetry                             1
--
 
++    Orbital specifications:
      -----------------------
 
      Symmetry species                           1
                                                 a
      Frozen orbitals                            0
      Inactive orbitals                          0
      Active orbitals                           10
      RAS1 orbitals                              0
      RAS2 orbitals                             10
      RAS3 orbitals                              0
      Secondary orbitals                        40
      Deleted orbitals                           0
      Number of basis functions                 50
--
 
++    CI expansion specifications:
      ----------------------------
 
      Number of CSFs                         19404
      Number of determinants                 31878
      Number of root(s) required                 1
      Root chosen for geometry opt.              1
      CI root used                               1
         
      highest root included in the CI            1
      max. size of the explicit Hamiltonian    200
--
 
++    Optimization specifications:
      ----------------------------
 
      RASSCF algorithm: Conventional
      Maximum number of macro iterations       200
      Maximum number of SX iterations          100
      Threshold for RASSCF energy            0.100E-07
      Threshold for max MO rotation          0.100E+00
      Threshold for max BLB element          0.100E-03
      Level shift parameter                  0.500E+00
      Make Quasi-Newton update
--
 
      The MO-coefficients are taken from the file:
      /home/grierjones/DDCASPT2/hydrogen_comps/rerun/H10_chain/H10_0.60/H10_0.60.RasOrb                                               
      Title: RASSCF average (pseudo-natural) orbitals                                      
 
      Total molecular charge    0.00
 
      ************************************************************************************************************************
      *                                                                                                                      *
      *                                            Wave function control section                                             *
      *                                                                                                                      *
      ************************************************************************************************************************
 
 
                                         RASSCF iterations: Energy and convergence statistics
                                         ----------------------------------------------------
 
      Iter CI   SX   CI       RASSCF       Energy    max ROT     max BLB   max BLB  Level Ln srch  Step   QN   Walltime
          iter iter root      energy       change     param      element    value   shift minimum  type update hh:mm:ss
 Nr of preliminary CI iterations:   6
        1   1  100    1    -4.44414676    0.00E+00  -0.21E+00*   2  46 1  0.87E+00*  0.00   0.00    SX    NO    0:00:01
        2   6  100    1    -5.20568267   -0.76E+00* -0.14E+00*   3  16 1  0.21E+00*  0.00   0.00    SX    NO    0:00:00
        3   3   26    1    -5.33221167   -0.13E+00* -0.67E-01    2  12 1  0.56E-01*  0.00   0.00    SX    NO    0:00:00
        4   3   39    1    -5.34157847   -0.94E-02* -0.45E-01    2  12 1  0.12E-01*  0.00   0.00    SX    NO    0:00:00
        5   5   50    1    -5.34366484   -0.21E-02* -0.20E+00*   8  17 1  0.57E-02*  0.00   2.50    QN   YES    0:00:00
        6   8  100    1    -5.34195545    0.17E-02*  0.50E-01    2  12 1 -0.52E-01*  0.00   0.51    SX   YES    0:00:00
        7   6   35    1    -5.35110647   -0.92E-02*  0.55E-01    2  12 1 -0.31E-01*  0.00   2.50    LS   YES    0:00:00
        8   5   45    1    -5.35704412   -0.59E-02*  0.32E-01    2  12 1 -0.73E-02*  0.00   1.69    LS   YES    0:00:00
        9   4   38    1    -5.35827002   -0.12E-02* -0.32E-01    5  17 1 -0.69E-02*  0.00   1.20    QN   YES    0:00:00
       10   6   22    1    -5.35955893   -0.13E-02*  0.47E-01    8  17 1  0.66E-02*  0.00   1.87    QN   YES    0:00:00
       11   6   33    1    -5.36037990   -0.82E-03*  0.26E-01    8  17 1  0.66E-02*  0.00   1.34    QN   YES    0:00:00
       12   5   40    1    -5.36078265   -0.40E-03*  0.30E-01    8  17 1  0.64E-02*  0.00   2.02    QN   YES    0:00:00
       13   6   25    1    -5.36141383   -0.63E-03* -0.27E-01    8  17 1  0.52E-02*  0.00   1.62    QN   YES    0:00:00
       14   5   24    1    -5.36196336   -0.55E-03* -0.20E-01    8  17 1  0.35E-02*  0.00   1.74    QN   YES    0:00:00
       15   4   22    1    -5.36232796   -0.36E-03*  0.13E-01    9  17 1  0.20E-02*  0.00   1.51    QN   YES    0:00:00
       16   4   21    1    -5.36245001   -0.12E-03*  0.20E-01    2  37 1  0.12E-02*  0.00   1.48    QN   YES    0:00:00
       17   4   20    1    -5.36249130   -0.41E-04*  0.40E-01    2  12 1  0.49E-03*  0.00   1.72    QN   YES    0:00:00
       18   6   19    1    -5.36252943   -0.38E-04*  0.28E+00*   3  12 1 -0.34E-03*  0.00   2.50    QN   YES    0:00:00
 ###############################################################################
 ###############################################################################
 ###                                                                         ###
 ###                                                                         ###
 ###    Large orbital rotation.                                              ###
 ###                                                                         ###
 ###                                                                         ###
 ###############################################################################
 ###############################################################################
      Molecular orbital  10 of symmetry 1 MO space 2  weight is    0.457300
       19   9   24    1    -5.36411939   -0.16E-02*  0.50E+00*   2  37 1 -0.54E-02*  0.00   2.50    QN   YES    0:00:00
       20   9   44    1    -5.39541110   -0.31E-01*  0.12E+00*  10  17 1 -0.13E-01*  0.00   0.00    SX    NO    0:00:00
       21   4   24    1    -5.40090452   -0.55E-02*  0.38E-01   10  17 1 -0.32E-02*  0.00   1.27    QN   YES    0:00:00
       22   4   20    1    -5.40142157   -0.52E-03*  0.71E-02    2  41 1  0.94E-03*  0.00   1.13    QN   YES    0:00:00
       23   3   19    1    -5.40146306   -0.41E-04*  0.32E-02    3  44 1 -0.45E-03*  0.00   1.45    LS   YES    0:00:00
       24   4   18    1    -5.40146779   -0.47E-05*  0.18E-02    4  45 1 -0.34E-03*  0.00   1.04    QN   YES    0:00:00
       25   5   16    1    -5.40147104   -0.33E-05*  0.48E-03    4  45 1 -0.56E-04   0.00   1.25    QN   YES    0:00:00
       26   4   12    1    -5.40147126   -0.21E-06*  0.97E-04    5  50 1  0.15E-04   0.00   1.10    QN   YES    0:00:00
       27   3   10    1    -5.40147127   -0.11E-07*  0.41E-04    5  50 1  0.56E-05   0.00   1.23    QN   YES    0:00:00
       28   1    6    1    -5.40147127   -0.11E-08  -0.48E-05    5  29 1 -0.12E-05   0.00   0.95    QN   YES    0:00:00
      Convergence after 28 iterations
 
  Dmat in MO in SXCTL bf call to SXHAM                                                                                    
  mat. size =    10x   10
 
        1.9073174726984559
        0.0015617903771750      1.9230977044789308
       -0.0575971557804891      0.0021725858237243      1.8284350652021542
        0.0005978796153931      0.0066796571354654      0.0006010810079684      1.8441073388094367
       -0.0405701171675671      0.0006370989438104     -0.0660877337315537     -0.0000656911444058      1.7429081804735604
       -0.0928505711290221      0.0069338095728123     -0.2110799500189653      0.0020658270756344     -0.0105918936765457
        0.1167123266417427
       -0.0034736915205031      0.0925339959572156     -0.0016284909803528      0.0788369067690771      0.0024303737157965
       -0.0049404060036777      0.0786257413162662
        0.2090358550738838     -0.0090246854851615      0.2564964725575331     -0.0027011904129177      0.1264878668840931
       -0.0109037729609186      0.0128642980414409      0.1932135900336502
       -0.0040242334207337      0.0165885172043413     -0.0035261267661369      0.1149964085490413      0.0002807489336260
       -0.0070345449493937     -0.0218252008615381      0.0199005558930028      0.2773989727233206
       -0.0009635782129051      0.0010533461127732      0.0005576382840394      0.0014073439585664     -0.0166775461949721
        0.0219771496386610     -0.0094049277150617      0.0176129202011565     -0.0357886295479571      0.0881836076224746
       29   1    6    1    -5.40147127   -0.33E-10  -0.48E-05    3  23 1 -0.22E-06   0.00   0.95    QN   YES    0:00:00
 
      ************************************************************************************************************************
                                                      Wave function printout:
                       occupation of active orbitals, and spin coupling of open shells (u,d: Spin up or down)
      ************************************************************************************************************************
 
      Note: transformation to natural orbitals
      has been made, which may change the order of the CSFs.
 
      printout of CI-coefficients larger than  0.05 for root  1
      energy=      -5.401471
      conf/sym  1111111111     Coeff  Weight
             1  2222200000  -0.84519 0.71435
            32  2222000200   0.05656 0.00320
            36  2222000020   0.23222 0.05392
            50  222ud00ud0   0.18365 0.03373
            70  22u2d000ud  -0.12555 0.01576
            78  2u22du00d0   0.10099 0.01020
            94  u222d0u0d0  -0.09878 0.00976
           107  2220200200   0.08924 0.00796
           111  2220200020   0.06911 0.00478
           125  22ud200ud0   0.05713 0.00326
           129  22ud200u0d  -0.09070 0.00823
           135  2u2d2u0d00   0.07500 0.00562
           151  u22d20ud00  -0.05651 0.00319
           176  2202200002   0.05261 0.00277
           187  2ud22u000d  -0.05320 0.00283
           257  222uu00dd0   0.08047 0.00648
           271  22u2u000dd   0.05840 0.00341
 
      Natural orbitals and occupation numbers for root  1
      sym 1:   1.942824   1.929771   1.904410   1.853946   1.738409   0.061379   0.046867   0.150630   0.280653   0.091110

 
      ************************************************************************************************************************
      *                                                                                                                      *
      *                                                    Final results                                                     *
      *                                                                                                                      *
      ************************************************************************************************************************
 
 
++    Wave function specifications:
      -----------------------------
 
      Number of closed shell electrons           0
      Number of electrons in active shells      10
      Max number of holes in RAS1 space          0
      Max nr of electrons in RAS3 space          0
      Number of inactive orbitals                0
      Number of active orbitals                 10
      Number of secondary orbitals              40
      Spin quantum number                      0.0
      State symmetry                             1
--
 
++    Orbital specifications:
      -----------------------
 
      Symmetry species                           1
                                                 a
      Frozen orbitals                            0
      Inactive orbitals                          0
      Active orbitals                           10
      RAS1 orbitals                              0
      RAS2 orbitals                             10
      RAS3 orbitals                              0
      Secondary orbitals                        40
      Deleted orbitals                           0
      Number of basis functions                 50
--
 
++    CI expansion specifications:
      ----------------------------
 
      Number of CSFs                         19404
      Number of determinants                 31878
      Number of root(s) required                 1
      CI root used                               1
      highest root included in the CI            1
      Root passed to geometry opt.               1
--
 
++    Final optimization conditions:
      ------------------------------
 
      Average CI energy                              -5.40147127
      RASSCF energy for state  1                     -5.40147127
      Super-CI energy                                -0.00000000
      RASSCF energy change                            0.00000000
      Max change in MO coefficients               0.167E-04
      Max non-diagonal density matrix element    -0.475E-05
      Maximum BLB matrix element                 -0.224E-06
      (orbital pair   3,  23 in symmetry   1)
      Norm of electronic gradient            0.914E-06
--
 
 
      Final state energy(ies):
      ------------------------
 
::    RASSCF root number  1 Total energy:     -5.40147127
 
++    Molecular orbitals:
      -------------------
 
      Pseudonatural active orbitals and approximate occupation numbers
 
 
 
 
      Molecular orbitals for symmetry species 1: a  
 
 
      Orbital                1         2         3         4         5         6         7         8         9        10
      Energy            0.0000    0.0000    0.0000    0.0000    0.0000    0.0000    0.0000    0.0000    0.0000    0.0000
      Occ. No.          1.9428    1.9298    1.9044    1.8539    1.7384    0.0614    0.0469    0.1506    0.2807    0.0911
 
    1 H1     1s         0.0938    0.1917    0.2801   -0.3370    0.3232    0.4604    0.2723   -0.5235   -0.3989    0.5420
    2 H1     2s         0.0009    0.0006    0.0018   -0.0122    0.0316    0.0449    0.0363   -0.0174   -0.0175    0.0323
    3 H1     2px       -0.0000   -0.0000   -0.0000    0.0000   -0.0000   -0.0000   -0.0000    0.0000    0.0000   -0.0000
    4 H1     2py       -0.0000   -0.0000   -0.0000    0.0000   -0.0000   -0.0000   -0.0000    0.0000    0.0000   -0.0000
    5 H1     2pz        0.0063    0.0110    0.0122   -0.0092    0.0043    0.0085    0.0063   -0.0046   -0.0024    0.0072
    6 H2     1s         0.1483    0.2780    0.3478   -0.3225    0.1951   -0.7978   -0.5458    0.4306    0.1162   -0.7184
    7 H2     2s        -0.0112   -0.0092    0.0146   -0.0514    0.0616   -0.1776   -0.1437    0.0340   -0.0255   -0.1197
    8 H2     2px       -0.0000   -0.0000   -0.0000    0.0000   -0.0000    0.0000    0.0000   -0.0000   -0.0000    0.0000
    9 H2     2py       -0.0000   -0.0000   -0.0000    0.0000   -0.0000    0.0000    0.0000   -0.0000   -0.0000    0.0000
   10 H2     2pz        0.0052    0.0047   -0.0041    0.0162   -0.0205    0.0048    0.0048    0.0157    0.0204   -0.0035
   11 H3     1s         0.2353    0.3030    0.1295    0.1953   -0.4190    0.8865    0.7950    0.2408    0.4893    0.3678
   12 H3     2s        -0.0048   -0.0100   -0.0157    0.0390   -0.0820    0.2086    0.2084    0.0140    0.0655    0.0881
   13 H3     2px        0.0000    0.0000    0.0000    0.0000   -0.0000    0.0000    0.0000    0.0000    0.0000    0.0000
   14 H3     2py        0.0000    0.0000    0.0000    0.0000   -0.0000    0.0000    0.0000    0.0000    0.0000    0.0000
   15 H3     2pz        0.0045   -0.0017   -0.0147    0.0190   -0.0091    0.0100    0.0036   -0.0154   -0.0077    0.0159
   16 H4     1s         0.2750    0.2548   -0.0566    0.3472   -0.3031   -0.6847   -0.9553   -0.6074   -0.3069    0.2039
   17 H4     2s        -0.0123    0.0036    0.0142    0.0268   -0.0675   -0.1513   -0.2592   -0.1077   -0.0232    0.0606
   18 H4     2px        0.0000    0.0000    0.0000    0.0000   -0.0000   -0.0000   -0.0000   -0.0000    0.0000   -0.0000
   19 H4     2py        0.0000    0.0000    0.0000    0.0000   -0.0000   -0.0000   -0.0000   -0.0000    0.0000   -0.0000
   20 H4     2pz        0.0029   -0.0081   -0.0162    0.0013    0.0188   -0.0031    0.0083    0.0034   -0.0170   -0.0157
   21 H5     1s         0.3107    0.0653   -0.3045    0.1332    0.3913    0.2405    1.0464    0.2992   -0.4313   -0.6793
   22 H5     2s        -0.0099   -0.0127   -0.0110   -0.0030    0.0792    0.0661    0.2827    0.0744   -0.0465   -0.1288
   23 H5     2px       -0.0000    0.0000   -0.0000   -0.0000   -0.0000    0.0000   -0.0000   -0.0000    0.0000   -0.0000
   24 H5     2py       -0.0000    0.0000   -0.0000   -0.0000   -0.0000    0.0000   -0.0000   -0.0000    0.0000   -0.0000
   25 H5     2pz        0.0012   -0.0119   -0.0069   -0.0163    0.0154    0.0126    0.0060    0.0154    0.0133    0.0022
   26 H6     1s         0.3107   -0.0653   -0.3045   -0.1331    0.3913    0.2405   -1.0464    0.2991    0.4313    0.6793
   27 H6     2s        -0.0099    0.0127   -0.0110    0.0030    0.0792    0.0661   -0.2827    0.0744    0.0465    0.1288
   28 H6     2px        0.0000   -0.0000   -0.0000   -0.0000    0.0000    0.0000   -0.0000   -0.0000    0.0000   -0.0000
   29 H6     2py        0.0000   -0.0000   -0.0000   -0.0000    0.0000    0.0000   -0.0000   -0.0000    0.0000   -0.0000
   30 H6     2pz       -0.0012   -0.0119    0.0069   -0.0163   -0.0154   -0.0126    0.0060   -0.0154    0.0133    0.0022
   31 H7     1s         0.2750   -0.2548   -0.0566   -0.3472   -0.3031   -0.6847    0.9553   -0.6074    0.3068   -0.2039
   32 H7     2s        -0.0123   -0.0036    0.0142   -0.0268   -0.0675   -0.1513    0.2592   -0.1077    0.0231   -0.0606
   33 H7     2px       -0.0000    0.0000    0.0000    0.0000    0.0000    0.0000   -0.0000    0.0000   -0.0000    0.0000
   34 H7     2py       -0.0000    0.0000    0.0000    0.0000    0.0000    0.0000   -0.0000    0.0000   -0.0000    0.0000
   35 H7     2pz       -0.0029   -0.0081    0.0162    0.0013   -0.0188    0.0032    0.0083   -0.0034   -0.0170   -0.0157
   36 H8     1s         0.2353   -0.3030    0.1295   -0.1953   -0.4190    0.8865   -0.7950    0.2409   -0.4893   -0.3677
   37 H8     2s        -0.0048    0.0100   -0.0158   -0.0390   -0.0820    0.2086   -0.2084    0.0140   -0.0655   -0.0880
   38 H8     2px        0.0000   -0.0000    0.0000   -0.0000   -0.0000    0.0000   -0.0000    0.0000   -0.0000    0.0000
   39 H8     2py        0.0000   -0.0000    0.0000   -0.0000   -0.0000    0.0000   -0.0000    0.0000   -0.0000    0.0000
   40 H8     2pz       -0.0045   -0.0017    0.0147    0.0190    0.0091   -0.0100    0.0036    0.0154   -0.0077    0.0159
   41 H9     1s         0.1482   -0.2780    0.3478    0.3225    0.1950   -0.7978    0.5458    0.4305   -0.1161    0.7184
   42 H9     2s        -0.0112    0.0092    0.0146    0.0514    0.0616   -0.1776    0.1437    0.0340    0.0255    0.1197
   43 H9     2px        0.0000   -0.0000    0.0000   -0.0000   -0.0000   -0.0000    0.0000    0.0000   -0.0000    0.0000
   44 H9     2py        0.0000   -0.0000    0.0000   -0.0000   -0.0000   -0.0000    0.0000    0.0000   -0.0000    0.0000
   45 H9     2pz       -0.0052    0.0047    0.0041    0.0162    0.0205   -0.0048    0.0048   -0.0157    0.0204   -0.0035
   46 H10    1s         0.0937   -0.1917    0.2801    0.3370    0.3231    0.4604   -0.2723   -0.5234    0.3988   -0.5420
   47 H10    2s         0.0009   -0.0006    0.0018    0.0122    0.0316    0.0449   -0.0363   -0.0174    0.0174   -0.0323
   48 H10    2px       -0.0000    0.0000   -0.0000   -0.0000   -0.0000   -0.0000    0.0000    0.0000   -0.0000    0.0000
   49 H10    2py       -0.0000    0.0000   -0.0000   -0.0000   -0.0000   -0.0000    0.0000    0.0000   -0.0000    0.0000
   50 H10    2pz       -0.0063    0.0110   -0.0122   -0.0092   -0.0043   -0.0085    0.0063    0.0046   -0.0025    0.0072
 
 
      Orbital               11        12        13        14        15        16        17        18        19        20
      Energy            0.2374    0.2721    0.3313    0.4311    0.5867    0.5867    0.5917    0.6310    0.6310    0.7047
      Occ. No.          0.0000    0.0000    0.0000    0.0000    0.0000    0.0000    0.0000    0.0000    0.0000    0.0000
 
    1 H1     1s        -0.0704    0.0451    0.1118    0.3713   -0.0000    0.0000   -0.6465   -0.0000    0.0000    0.0000
    2 H1     2s         0.1748   -0.3915    0.6199    0.8076   -0.0000    0.0000   -0.9151   -0.0000    0.0000    0.0000
    3 H1     2px       -0.0000    0.0000   -0.0000    0.0000    0.0970   -0.0100   -0.0000   -0.1857    0.0580   -0.2854
    4 H1     2py       -0.0000    0.0000   -0.0000    0.0000    0.0100    0.0970   -0.0000   -0.0580   -0.1857   -0.0267
    5 H1     2pz       -0.0215    0.0291   -0.0161    0.0098   -0.0000    0.0000   -0.0232   -0.0000    0.0000   -0.0000
    6 H2     1s        -0.1042    0.1653   -0.1819   -0.2337    0.0000   -0.0000    0.4814    0.0000   -0.0000   -0.0000
    7 H2     2s         0.1337   -0.1786    0.0542   -0.2828    0.0000   -0.0000    0.8313    0.0000   -0.0000   -0.0000
    8 H2     2px       -0.0000    0.0000   -0.0000    0.0000    0.1746   -0.0181   -0.0000   -0.2909    0.0909   -0.3433
    9 H2     2py       -0.0000    0.0000   -0.0000    0.0000    0.0181    0.1746   -0.0000   -0.0909   -0.2909   -0.0322
   10 H2     2pz       -0.0028   -0.0283    0.0901    0.1467   -0.0000    0.0000   -0.1598   -0.0000    0.0000    0.0000
   11 H3     1s        -0.1020    0.0484    0.0702    0.0409    0.0000   -0.0000    0.1349    0.0000   -0.0000    0.0000
   12 H3     2s         0.1916   -0.2532    0.0735   -0.2981    0.0000   -0.0000    0.5499    0.0000   -0.0000   -0.0000
   13 H3     2px       -0.0000   -0.0000   -0.0000    0.0000    0.2424   -0.0251   -0.0000   -0.3126    0.0977   -0.1787
   14 H3     2py       -0.0000   -0.0000   -0.0000    0.0000    0.0251    0.2424   -0.0000   -0.0977   -0.3126   -0.0167
   15 H3     2pz       -0.0142   -0.0122    0.0511    0.0331    0.0000   -0.0000    0.0810    0.0000   -0.0000   -0.0000
   16 H4     1s        -0.1194    0.0936   -0.0037   -0.0309   -0.0000    0.0000   -0.0109   -0.0000    0.0000   -0.0000
   17 H4     2s         0.2019   -0.1220   -0.2080   -0.4415    0.0000   -0.0000    0.0534   -0.0000    0.0000    0.0000
   18 H4     2px       -0.0000   -0.0000   -0.0000    0.0000    0.2902   -0.0301   -0.0000   -0.2368    0.0740    0.1052
   19 H4     2py       -0.0000   -0.0000   -0.0000    0.0000    0.0301    0.2902   -0.0000   -0.0740   -0.2368    0.0099
   20 H4     2pz       -0.0053   -0.0358    0.0564   -0.0197    0.0000   -0.0000    0.1173    0.0000   -0.0000   -0.0000
   21 H5     1s        -0.1276   -0.0095    0.0574   -0.0488   -0.0000    0.0000   -0.1607    0.0000   -0.0000    0.0000
   22 H5     2s         0.2167   -0.0740   -0.2845   -0.1966   -0.0000    0.0000   -0.5699   -0.0000    0.0000    0.0000
   23 H5     2px       -0.0000   -0.0000   -0.0000    0.0000    0.3156   -0.0327   -0.0000   -0.0879    0.0275    0.3198
   24 H5     2py       -0.0000   -0.0000   -0.0000    0.0000    0.0327    0.3156   -0.0000   -0.0275   -0.0879    0.0300
   25 H5     2pz       -0.0038   -0.0388    0.0167   -0.0861    0.0000   -0.0000    0.0791    0.0000   -0.0000    0.0000
   26 H6     1s        -0.1276    0.0095    0.0574    0.0488   -0.0000    0.0000   -0.1607   -0.0000    0.0000   -0.0000
   27 H6     2s         0.2167    0.0740   -0.2845    0.1966   -0.0000    0.0000   -0.5699   -0.0000    0.0000   -0.0000
   28 H6     2px       -0.0000   -0.0000   -0.0000    0.0000    0.3157   -0.0327   -0.0000    0.0879   -0.0275    0.3198
   29 H6     2py       -0.0000   -0.0000   -0.0000    0.0000    0.0327    0.3157   -0.0000    0.0275    0.0879    0.0300
   30 H6     2pz        0.0038   -0.0388   -0.0167   -0.0861   -0.0000    0.0000   -0.0791   -0.0000    0.0000    0.0000
   31 H7     1s        -0.1194   -0.0936   -0.0037    0.0309    0.0000   -0.0000   -0.0109    0.0000   -0.0000    0.0000
   32 H7     2s         0.2019    0.1219   -0.2080    0.4415    0.0000   -0.0000    0.0534    0.0000   -0.0000   -0.0000
   33 H7     2px       -0.0000   -0.0000   -0.0000    0.0000    0.2902   -0.0301   -0.0000    0.2368   -0.0740    0.1052
   34 H7     2py       -0.0000   -0.0000   -0.0000    0.0000    0.0301    0.2902   -0.0000    0.0740    0.2368    0.0099
   35 H7     2pz        0.0053   -0.0358   -0.0563   -0.0197   -0.0000    0.0000   -0.1173   -0.0000    0.0000    0.0000
   36 H8     1s        -0.1020   -0.0484    0.0702   -0.0409   -0.0000    0.0000    0.1349   -0.0000    0.0000   -0.0000
   37 H8     2s         0.1916    0.2532    0.0735    0.2981    0.0000   -0.0000    0.5499    0.0000   -0.0000   -0.0000
   38 H8     2px       -0.0000   -0.0000   -0.0000    0.0000    0.2425   -0.0251   -0.0000    0.3126   -0.0977   -0.1787
   39 H8     2py       -0.0000   -0.0000   -0.0000    0.0000    0.0251    0.2425   -0.0000    0.0977    0.3126   -0.0167
   40 H8     2pz        0.0142   -0.0122   -0.0511    0.0330   -0.0000    0.0000   -0.0810   -0.0000    0.0000   -0.0000
   41 H9     1s        -0.1042   -0.1653   -0.1819    0.2337    0.0000   -0.0000    0.4814    0.0000   -0.0000    0.0000
   42 H9     2s         0.1337    0.1786    0.0541    0.2828    0.0000   -0.0000    0.8313    0.0000   -0.0000    0.0000
   43 H9     2px        0.0000    0.0000    0.0000   -0.0000    0.1746   -0.0181   -0.0000    0.2909   -0.0909   -0.3433
   44 H9     2py        0.0000    0.0000    0.0000   -0.0000    0.0181    0.1746   -0.0000    0.0909    0.2909   -0.0322
   45 H9     2pz        0.0028   -0.0283   -0.0901    0.1467    0.0000   -0.0000    0.1598    0.0000   -0.0000   -0.0000
   46 H10    1s        -0.0704   -0.0451    0.1118   -0.3713   -0.0000    0.0000   -0.6465   -0.0000    0.0000   -0.0000
   47 H10    2s         0.1748    0.3915    0.6199   -0.8076   -0.0000    0.0000   -0.9151   -0.0000    0.0000   -0.0000
   48 H10    2px        0.0000    0.0000    0.0000   -0.0000    0.0970   -0.0101   -0.0000    0.1857   -0.0580   -0.2854
   49 H10    2py        0.0000    0.0000    0.0000   -0.0000    0.0101    0.0970   -0.0000    0.0580    0.1857   -0.0267
   50 H10    2pz        0.0215    0.0291    0.0161    0.0098    0.0000   -0.0000    0.0232   -0.0000    0.0000   -0.0000
 
 
      Orbital               21        22        23        24        25        26        27        28        29        30
      Energy            0.7047    0.8087    0.8087    0.8104    0.9439    0.9439    1.0251    1.1100    1.1129    1.1129
      Occ. No.          0.0000    0.0000    0.0000    0.0000    0.0000    0.0000    0.0000    0.0000    0.0000    0.0000
 
    1 H1     1s        -0.0000   -0.0000   -0.0000    0.8133   -0.0000   -0.0000   -0.5693    0.5599   -0.0000   -0.0000
    2 H1     2s        -0.0000   -0.0000   -0.0000    0.8774   -0.0000   -0.0000   -0.3628    0.6784   -0.0000   -0.0000
    3 H1     2px       -0.0267   -0.3659   -0.0222   -0.0000    0.4236   -0.0200   -0.0000   -0.0000   -0.4375   -0.1240
    4 H1     2py        0.2854    0.0222   -0.3659   -0.0000    0.0200    0.4236   -0.0000   -0.0000    0.1240   -0.4375
    5 H1     2pz        0.0000    0.0000    0.0000   -0.0089   -0.0000   -0.0000    0.2169    0.1483   -0.0000   -0.0000
    6 H2     1s         0.0000    0.0000    0.0000   -0.9199    0.0000    0.0000    0.9688   -0.9796    0.0000    0.0000
    7 H2     2s         0.0000    0.0000    0.0000   -1.4252    0.0000    0.0000    1.2487   -1.3944    0.0000    0.0000
    8 H2     2px       -0.0322   -0.2691   -0.0163   -0.0000    0.0842   -0.0040    0.0000    0.0000    0.1652    0.0468
    9 H2     2py        0.3433    0.0163   -0.2691   -0.0000    0.0040    0.0842    0.0000    0.0000   -0.0468    0.1652
   10 H2     2pz       -0.0000   -0.0000   -0.0000    0.1170   -0.0000   -0.0000   -0.1511   -0.1480    0.0000    0.0000
   11 H3     1s        -0.0000    0.0000    0.0000   -0.0933    0.0000    0.0000   -0.5446    0.3138   -0.0000   -0.0000
   12 H3     2s         0.0000    0.0000    0.0000   -0.2008    0.0000    0.0000   -0.7685    0.5512   -0.0000   -0.0000
   13 H3     2px       -0.0167    0.1270    0.0077    0.0000   -0.3928    0.0185    0.0000    0.0000    0.3980    0.1128
   14 H3     2py        0.1787   -0.0077    0.1270    0.0000   -0.0185   -0.3928    0.0000    0.0000   -0.1128    0.3980
   15 H3     2pz        0.0000    0.0000    0.0000   -0.2131    0.0000    0.0000    0.3159    0.0855   -0.0000   -0.0000
   16 H4     1s         0.0000   -0.0000   -0.0000    0.4852   -0.0000   -0.0000   -0.5090    0.7062   -0.0000   -0.0000
   17 H4     2s        -0.0000   -0.0000   -0.0000    0.8950   -0.0000   -0.0000   -0.7864    0.9289   -0.0000   -0.0000
   18 H4     2px        0.0099    0.3781    0.0229    0.0000   -0.2151    0.0101   -0.0000   -0.0000   -0.2590   -0.0734
   19 H4     2py       -0.1052   -0.0229    0.3781    0.0000   -0.0101   -0.2151   -0.0000   -0.0000    0.0734   -0.2590
   20 H4     2pz        0.0000    0.0000    0.0000   -0.0602    0.0000    0.0000   -0.2764   -0.1879    0.0000    0.0000
   21 H5     1s        -0.0000   -0.0000   -0.0000    0.3667    0.0000    0.0000    0.4810   -0.5327    0.0000    0.0000
   22 H5     2s        -0.0000   -0.0000   -0.0000    0.7005    0.0000    0.0000    0.7426   -0.7350    0.0000    0.0000
   23 H5     2px        0.0300    0.2019    0.0122    0.0000    0.3218   -0.0152   -0.0000   -0.0000   -0.3382   -0.0959
   24 H5     2py       -0.3198   -0.0122    0.2019    0.0000    0.0152    0.3218   -0.0000   -0.0000    0.0959   -0.3382
   25 H5     2pz       -0.0000   -0.0000   -0.0000    0.1271   -0.0000   -0.0000    0.0749    0.3843   -0.0000   -0.0000
   26 H6     1s         0.0000    0.0000    0.0000   -0.3667   -0.0000   -0.0000    0.4810   -0.5327    0.0000    0.0000
   27 H6     2s         0.0000    0.0000    0.0000   -0.7005    0.0000    0.0000    0.7426   -0.7350    0.0000    0.0000
   28 H6     2px        0.0300   -0.2019   -0.0122   -0.0000    0.3218   -0.0152   -0.0000    0.0000    0.3382    0.0959
   29 H6     2py       -0.3198    0.0122   -0.2019   -0.0000    0.0152    0.3218   -0.0000    0.0000   -0.0959    0.3382
   30 H6     2pz       -0.0000   -0.0000   -0.0000    0.1271    0.0000    0.0000   -0.0749   -0.3843    0.0000    0.0000
   31 H7     1s        -0.0000    0.0000    0.0000   -0.4852    0.0000    0.0000   -0.5089    0.7062   -0.0000   -0.0000
   32 H7     2s         0.0000    0.0000    0.0000   -0.8950    0.0000    0.0000   -0.7863    0.9289   -0.0000   -0.0000
   33 H7     2px        0.0099   -0.3781   -0.0229   -0.0000   -0.2151    0.0101   -0.0000    0.0000    0.2590    0.0734
   34 H7     2py       -0.1052    0.0229   -0.3781   -0.0000   -0.0101   -0.2151   -0.0000    0.0000   -0.0734    0.2590
   35 H7     2pz       -0.0000    0.0000    0.0000   -0.0602    0.0000    0.0000    0.2764    0.1879   -0.0000   -0.0000
   36 H8     1s         0.0000    0.0000    0.0000    0.0933   -0.0000   -0.0000   -0.5447    0.3138   -0.0000   -0.0000
   37 H8     2s         0.0000   -0.0000   -0.0000    0.2008   -0.0000   -0.0000   -0.7686    0.5512   -0.0000   -0.0000
   38 H8     2px       -0.0167   -0.1270   -0.0077   -0.0000   -0.3928    0.0185    0.0000   -0.0000   -0.3980   -0.1128
   39 H8     2py        0.1787    0.0077   -0.1270   -0.0000   -0.0185   -0.3928    0.0000   -0.0000    0.1128   -0.3980
   40 H8     2pz        0.0000    0.0000    0.0000   -0.2131    0.0000    0.0000   -0.3160   -0.0855    0.0000    0.0000
   41 H9     1s        -0.0000   -0.0000   -0.0000    0.9199    0.0000    0.0000    0.9688   -0.9796    0.0000    0.0000
   42 H9     2s        -0.0000   -0.0000   -0.0000    1.4252    0.0000    0.0000    1.2487   -1.3944    0.0000    0.0000
   43 H9     2px       -0.0322    0.2691    0.0163    0.0000    0.0842   -0.0040    0.0000   -0.0000   -0.1652   -0.0468
   44 H9     2py        0.3433   -0.0163    0.2691    0.0000    0.0040    0.0842    0.0000   -0.0000    0.0468   -0.1652
   45 H9     2pz        0.0000   -0.0000   -0.0000    0.1170   -0.0000   -0.0000    0.1511    0.1480   -0.0000   -0.0000
   46 H10    1s         0.0000    0.0000    0.0000   -0.8133   -0.0000   -0.0000   -0.5693    0.5599   -0.0000   -0.0000
   47 H10    2s         0.0000    0.0000    0.0000   -0.8774    0.0000    0.0000   -0.3627    0.6784   -0.0000   -0.0000
   48 H10    2px       -0.0267    0.3659    0.0222    0.0000    0.4236   -0.0200   -0.0000    0.0000    0.4375    0.1240
   49 H10    2py        0.2854   -0.0222    0.3659    0.0000    0.0200    0.4236   -0.0000    0.0000   -0.1240    0.4375
   50 H10    2pz        0.0000    0.0000    0.0000   -0.0089   -0.0000   -0.0000   -0.2169   -0.1483    0.0000    0.0000
 
 
      Orbital               31        32        33        34        35        36        37        38        39        40
      Energy            1.1511    1.3080    1.3080    1.3140    1.3187    1.5191    1.5191    1.7209    1.7209    1.7216
      Occ. No.          0.0000    0.0000    0.0000    0.0000    0.0000    0.0000    0.0000    0.0000    0.0000    0.0000
 
    1 H1     1s         0.0835   -0.0000   -0.0000   -0.5999    0.1232   -0.0000   -0.0000   -0.0000   -0.0000   -0.8290
    2 H1     2s        -0.2237   -0.0000   -0.0000   -0.6042    0.3092   -0.0000   -0.0000   -0.0000   -0.0000   -0.7750
    3 H1     2px       -0.0000    0.4503   -0.0323   -0.0000    0.0000   -0.3986   -0.0625    0.3075    0.0028   -0.0000
    4 H1     2py       -0.0000    0.0323    0.4503   -0.0000    0.0000    0.0625   -0.3986   -0.0028    0.3075   -0.0000
    5 H1     2pz       -0.4180   -0.0000   -0.0000   -0.0402    0.4196   -0.0000   -0.0000   -0.0000   -0.0000   -0.6222
    6 H2     1s        -0.2526    0.0000    0.0000    1.4372   -0.1490    0.0000    0.0000    0.0000    0.0000    1.9457
    7 H2     2s        -0.2948    0.0000    0.0000    1.7932   -0.0138    0.0000    0.0000    0.0000    0.0000    1.5583
    8 H2     2px        0.0000   -0.4208    0.0302    0.0000   -0.0000    0.5699    0.0894   -0.5595   -0.0050    0.0000
    9 H2     2py        0.0000   -0.0302   -0.4208    0.0000   -0.0000   -0.0894    0.5699    0.0050   -0.5595    0.0000
   10 H2     2pz        0.2405    0.0000    0.0000    0.1793   -0.1662    0.0000    0.0000    0.0000    0.0000    0.1301
   11 H3     1s         0.6437   -0.0000   -0.0000   -1.4645   -0.5404   -0.0000   -0.0000   -0.0000   -0.0000   -1.4115
   12 H3     2s         0.9626   -0.0000   -0.0000   -1.8328   -0.9520   -0.0000   -0.0000   -0.0000   -0.0000   -1.1342
   13 H3     2px        0.0000   -0.1187    0.0085    0.0000   -0.0000   -0.3308   -0.0519    0.6251    0.0056   -0.0000
   14 H3     2py        0.0000   -0.0085   -0.1187    0.0000   -0.0000    0.0519   -0.3308   -0.0056    0.6251   -0.0000
   15 H3     2pz       -0.2550   -0.0000   -0.0000   -0.1286   -0.0238   -0.0000   -0.0000    0.0000    0.0000    0.4046
   16 H4     1s        -0.2487   -0.0000   -0.0000    0.1150    0.9428    0.0000    0.0000   -0.0000   -0.0000   -0.3756
   17 H4     2s        -0.5332   -0.0000   -0.0000    0.0286    1.4456    0.0000    0.0000   -0.0000   -0.0000   -0.3380
   18 H4     2px       -0.0000    0.5134   -0.0368   -0.0000    0.0000   -0.1455   -0.0228   -0.4836   -0.0043    0.0000
   19 H4     2py       -0.0000    0.0368    0.5134   -0.0000    0.0000    0.0228   -0.1455    0.0043   -0.4836    0.0000
   20 H4     2pz        0.2501   -0.0000   -0.0000    0.0318    0.1764   -0.0000   -0.0000   -0.0000   -0.0000   -0.6165
   21 H5     1s        -0.4996    0.0000    0.0000    1.3572   -0.4716   -0.0000   -0.0000    0.0000    0.0000    1.9457
   22 H5     2s        -0.4460    0.0000    0.0000    1.8920   -0.7008   -0.0000   -0.0000    0.0000    0.0000    1.6059
   23 H5     2px       -0.0000   -0.2863    0.0205    0.0000   -0.0000    0.5177    0.0812    0.1811    0.0016   -0.0000
   24 H5     2py       -0.0000   -0.0205   -0.2863    0.0000   -0.0000   -0.0812    0.5177   -0.0016    0.1811   -0.0000
   25 H5     2pz       -0.1143    0.0000    0.0000    0.0033   -0.2398    0.0000    0.0000    0.0000    0.0000    0.2906
   26 H6     1s         0.4996   -0.0000   -0.0000   -1.3571   -0.4718    0.0000    0.0000   -0.0000   -0.0000   -1.9456
   27 H6     2s         0.4460   -0.0000   -0.0000   -1.8918   -0.7012    0.0000    0.0000   -0.0000   -0.0000   -1.6057
   28 H6     2px       -0.0000   -0.2864    0.0206    0.0000   -0.0000   -0.5177   -0.0812    0.1811    0.0016   -0.0000
   29 H6     2py       -0.0000   -0.0206   -0.2864    0.0000   -0.0000    0.0812   -0.5177   -0.0016    0.1811   -0.0000
   30 H6     2pz       -0.1143   -0.0000   -0.0000    0.0033    0.2398   -0.0000   -0.0000    0.0000    0.0000    0.2906
   31 H7     1s         0.2487   -0.0000   -0.0000   -0.1152    0.9427   -0.0000   -0.0000    0.0000    0.0000    0.3752
   32 H7     2s         0.5332   -0.0000   -0.0000   -0.0288    1.4455   -0.0000   -0.0000    0.0000    0.0000    0.3376
   33 H7     2px       -0.0000    0.5134   -0.0368   -0.0000    0.0000    0.1455    0.0228   -0.4836   -0.0043    0.0000
   34 H7     2py       -0.0000    0.0368    0.5134   -0.0000    0.0000   -0.0228    0.1455    0.0043   -0.4836    0.0000
   35 H7     2pz        0.2500    0.0000    0.0000    0.0318   -0.1764    0.0000    0.0000   -0.0000   -0.0000   -0.6166
   36 H8     1s        -0.6438    0.0000    0.0000    1.4646   -0.5401    0.0000    0.0000    0.0000    0.0000    1.4119
   37 H8     2s        -0.9626    0.0000    0.0000    1.8330   -0.9516    0.0000    0.0000    0.0000    0.0000    1.1347
   38 H8     2px        0.0000   -0.1186    0.0085    0.0000   -0.0000    0.3308    0.0519    0.6251    0.0056   -0.0000
   39 H8     2py        0.0000   -0.0085   -0.1186    0.0000   -0.0000   -0.0519    0.3308   -0.0056    0.6251   -0.0000
   40 H8     2pz       -0.2550   -0.0000   -0.0000   -0.1286    0.0238   -0.0000   -0.0000    0.0000    0.0000    0.4046
   41 H9     1s         0.2527   -0.0000   -0.0000   -1.4372   -0.1492   -0.0000   -0.0000   -0.0000   -0.0000   -1.9460
   42 H9     2s         0.2948   -0.0000   -0.0000   -1.7931   -0.0142   -0.0000   -0.0000   -0.0000   -0.0000   -1.5587
   43 H9     2px        0.0000   -0.4208    0.0302    0.0000   -0.0000   -0.5700   -0.0894   -0.5595   -0.0050    0.0000
   44 H9     2py        0.0000   -0.0302   -0.4208    0.0000   -0.0000    0.0894   -0.5700    0.0050   -0.5595    0.0000
   45 H9     2pz        0.2405    0.0000    0.0000    0.1792    0.1662    0.0000    0.0000    0.0000    0.0000    0.1301
   46 H10    1s        -0.0835    0.0000    0.0000    0.5998    0.1234    0.0000    0.0000    0.0000    0.0000    0.8291
   47 H10    2s         0.2237    0.0000    0.0000    0.6041    0.3093    0.0000    0.0000    0.0000    0.0000    0.7751
   48 H10    2px       -0.0000    0.4503   -0.0323   -0.0000    0.0000    0.3986    0.0625    0.3075    0.0028   -0.0000
   49 H10    2py       -0.0000    0.0323    0.4503   -0.0000    0.0000   -0.0625    0.3986   -0.0028    0.3075   -0.0000
   50 H10    2pz       -0.4180    0.0000    0.0000   -0.0401   -0.4196    0.0000    0.0000   -0.0000   -0.0000   -0.6223
 
 
      Orbital               41        42        43        44        45        46        47        48        49        50
      Energy            1.7425    1.8721    1.8721    1.9507    1.9650    2.2486    2.5888    2.9715    3.3890    3.7620
      Occ. No.          0.0000    0.0000    0.0000    0.0000    0.0000    0.0000    0.0000    0.0000    0.0000    0.0000
 
    1 H1     1s         0.8478    0.0000   -0.0000    0.8147    0.5696   -0.7433    0.6754   -0.6046   -0.4878    0.2840
    2 H1     2s         0.8109    0.0000   -0.0000    0.6165    0.5208   -0.4203    0.2716   -0.1754   -0.1111    0.0571
    3 H1     2px        0.0000   -0.1663    0.0195    0.0000    0.0000   -0.0000    0.0000   -0.0000   -0.0000    0.0000
    4 H1     2py        0.0000   -0.0195   -0.1663    0.0000    0.0000   -0.0000    0.0000   -0.0000   -0.0000    0.0000
    5 H1     2pz        0.3441    0.0000   -0.0000    0.6693    0.1922   -0.6216    0.5576   -0.4800   -0.3704    0.2086
    6 H2     1s        -2.4896   -0.0000    0.0000   -1.5488   -1.8398    0.9157   -0.3460   -0.0446   -0.2517    0.2219
    7 H2     2s        -2.4060   -0.0000    0.0000   -0.9992   -1.7449    0.4703   -0.1660    0.0718    0.0507   -0.0338
    8 H2     2px       -0.0000    0.3440   -0.0404   -0.0000   -0.0000    0.0000   -0.0000    0.0000    0.0000   -0.0000
    9 H2     2py       -0.0000    0.0404    0.3440   -0.0000   -0.0000    0.0000   -0.0000    0.0000    0.0000   -0.0000
   10 H2     2pz       -0.3335   -0.0000    0.0000    0.1930   -0.2461   -0.5580    0.8505   -0.9962   -0.9260    0.5758
   11 H3     1s         3.5800    0.0000   -0.0000    0.4207    3.2210    0.4853   -0.7566    0.4160   -0.0544    0.2369
   12 H3     2s         3.4761    0.0000   -0.0000    0.4156    3.0929    0.0320   -0.0998   -0.0150   -0.0520    0.0367
   13 H3     2px        0.0000   -0.4920    0.0578    0.0000    0.0000   -0.0000   -0.0000    0.0000    0.0000   -0.0000
   14 H3     2py        0.0000   -0.0578   -0.4920    0.0000    0.0000   -0.0000   -0.0000    0.0000    0.0000   -0.0000
   15 H3     2pz        0.1144    0.0000   -0.0000   -0.6660    0.1724    0.5238    0.0250   -0.7294   -1.1532    0.8994
   16 H4     1s        -3.1694   -0.0000    0.0000    0.8517   -4.1840   -0.4904   -0.3484    0.7621    0.3317    0.1255
   17 H4     2s        -3.0477   -0.0000    0.0000    0.3394   -4.0638   -0.0664   -0.1255    0.1456    0.0444   -0.0085
   18 H4     2px       -0.0000    0.5984   -0.0702   -0.0000   -0.0000    0.0000    0.0000    0.0000   -0.0000    0.0000
   19 H4     2py       -0.0000    0.0702    0.5984   -0.0000   -0.0000    0.0000    0.0000    0.0000   -0.0000    0.0000
   20 H4     2pz        0.2167   -0.0000    0.0000    0.2327   -0.0593    0.5336   -0.8165    0.1381   -0.9465    1.1427
   21 H5     1s         1.2571    0.0000   -0.0000   -0.6095    4.6181   -0.8822    0.7119    0.2842    0.5061    0.0494
   22 H5     2s         1.2045    0.0000   -0.0000   -0.2878    4.5330   -0.4329    0.1825    0.0074    0.0290    0.0087
   23 H5     2px        0.0000   -0.6537    0.0767   -0.0000    0.0000   -0.0000   -0.0000   -0.0000    0.0000    0.0000
   24 H5     2py        0.0000   -0.0767   -0.6537   -0.0000    0.0000   -0.0000   -0.0000   -0.0000    0.0000    0.0000
   25 H5     2pz       -0.4526    0.0000   -0.0000    0.5014    0.0062   -0.5272   -0.5211    0.8984   -0.3599    1.2668
   26 H6     1s         1.2574   -0.0000    0.0000   -0.6095   -4.6180    0.8822    0.7119   -0.2842    0.5061   -0.0494
   27 H6     2s         1.2048   -0.0000    0.0000   -0.2877   -4.5330    0.4329    0.1825   -0.0074    0.0290   -0.0087
   28 H6     2px        0.0000    0.6537   -0.0767   -0.0000   -0.0000   -0.0000   -0.0000   -0.0000    0.0000    0.0000
   29 H6     2py        0.0000    0.0767    0.6537   -0.0000   -0.0000   -0.0000   -0.0000   -0.0000    0.0000    0.0000
   30 H6     2pz        0.4525   -0.0000    0.0000   -0.5014    0.0062   -0.5272    0.5211    0.8984    0.3599    1.2668
   31 H7     1s        -3.1695    0.0000   -0.0000    0.8517    4.1839    0.4904   -0.3485   -0.7621    0.3317   -0.1255
   32 H7     2s        -3.0478    0.0000   -0.0000    0.3394    4.0638    0.0664   -0.1255   -0.1456    0.0444    0.0085
   33 H7     2px       -0.0000   -0.5984    0.0702    0.0000    0.0000    0.0000    0.0000    0.0000   -0.0000   -0.0000
   34 H7     2py       -0.0000   -0.0702   -0.5984    0.0000    0.0000    0.0000    0.0000    0.0000   -0.0000   -0.0000
   35 H7     2pz       -0.2166   -0.0000    0.0000   -0.2327   -0.0593    0.5336    0.8165    0.1381    0.9465    1.1427
   36 H8     1s         3.5798   -0.0000    0.0000    0.4207   -3.2210   -0.4853   -0.7566   -0.4160   -0.0544   -0.2369
   37 H8     2s         3.4760   -0.0000    0.0000    0.4156   -3.0929   -0.0320   -0.0998    0.0150   -0.0520   -0.0367
   38 H8     2px        0.0000    0.4920   -0.0578   -0.0000   -0.0000    0.0000    0.0000   -0.0000    0.0000    0.0000
   39 H8     2py        0.0000    0.0578    0.4920   -0.0000   -0.0000    0.0000    0.0000   -0.0000    0.0000    0.0000
   40 H8     2pz       -0.1144    0.0000   -0.0000    0.6660    0.1724    0.5238   -0.0251   -0.7294    1.1532    0.8994
   41 H9     1s        -2.4893    0.0000   -0.0000   -1.5488    1.8398   -0.9157   -0.3460    0.0446   -0.2517   -0.2219
   42 H9     2s        -2.4058    0.0000   -0.0000   -0.9992    1.7449   -0.4703   -0.1660   -0.0718    0.0507    0.0338
   43 H9     2px       -0.0000   -0.3440    0.0404    0.0000    0.0000    0.0000    0.0000    0.0000   -0.0000   -0.0000
   44 H9     2py       -0.0000   -0.0404   -0.3440    0.0000    0.0000    0.0000    0.0000    0.0000   -0.0000   -0.0000
   45 H9     2pz        0.3335   -0.0000    0.0000   -0.1930   -0.2461   -0.5580   -0.8505   -0.9962    0.9260    0.5758
   46 H10    1s         0.8477   -0.0000    0.0000    0.8147   -0.5696    0.7433    0.6754    0.6046   -0.4878   -0.2840
   47 H10    2s         0.8108   -0.0000    0.0000    0.6165   -0.5207    0.4203    0.2716    0.1754   -0.1111   -0.0571
   48 H10    2px        0.0000    0.1663   -0.0195    0.0000   -0.0000    0.0000    0.0000    0.0000   -0.0000   -0.0000
   49 H10    2py        0.0000    0.0195    0.1663    0.0000   -0.0000    0.0000    0.0000    0.0000   -0.0000   -0.0000
   50 H10    2pz       -0.3440    0.0000   -0.0000   -0.6693    0.1922   -0.6215   -0.5576   -0.4800    0.3704    0.2086
--
 
      Von Neumann Entropy (Root  1) =  1.59759
 

      Mulliken population analysis for root number:  1
      -----------------------------------------------
 
 
++    Molecular charges:
      ------------------
 
      Mulliken charges per centre and basis function type
      ---------------------------------------------------
 
                H1      H2      H3      H4      H5      H6      H7      H8      H9      H10   
      1s       0.9711  1.0156  1.0140  1.0038  1.0083  1.0083  1.0038  1.0140  1.0156  0.9711
      2s      -0.0019 -0.0175 -0.0438 -0.0322 -0.0346 -0.0346 -0.0322 -0.0438 -0.0175 -0.0019
      2px      0.0000  0.0000  0.0000  0.0000  0.0000  0.0000  0.0000  0.0000  0.0000  0.0000
      2pz      0.0110  0.0274  0.0261  0.0263  0.0264  0.0264  0.0263  0.0261  0.0274  0.0110
      2py      0.0000  0.0000  0.0000  0.0000  0.0000  0.0000  0.0000  0.0000  0.0000  0.0000
      Total    0.9801  1.0256  0.9963  0.9978  1.0001  1.0001  0.9978  0.9963  1.0256  0.9801
 
      N-E      0.0199 -0.0256  0.0037  0.0022 -0.0001 -0.0001  0.0022  0.0037 -0.0256  0.0199
 
      Total electronic charge=   10.000000
 
      Total            charge=   -0.000000
--
 
 

      Expectation values of various properties for root number:  1
      -----------------------------------------------------------
 
 
++    Molecular properties:
      ---------------------
 
      Charge (e):
                      =   -0.0000
      Dipole Moment (Debye):
      Origin of the operator (Ang)=    0.0000    0.0000    0.0000
                   X= -2.6456E-07               Y= -2.6704E-08               Z=  3.8378E-04           Total=  3.8378E-04
      Quadrupole Moment (Debye*Ang):
      Origin of the operator (Ang)=    0.0000    0.0000    5.7545
                  XX= -1.2828E+01              XY= -2.7618E-14              XZ= -3.1838E-07              YY= -1.2828E+01
                  YZ= -3.2214E-08              ZZ= -9.4889E+00
      In traceless form (Debye*Ang)
                  XX= -1.6696E+00              XY= -4.1427E-14              XZ= -4.7757E-07              YY= -1.6696E+00
                  YZ= -4.8321E-08              ZZ=  3.3393E+00
--
 

      LoProp population analysis for root number:  1
      -----------------------------------------------
 
 
++    LoProp analysis:
      ----------------
 
 
 
  Input file to MOLDEN was generated!
 
 
++    Static properties:
      ------------------
 
 
      LoProp Charges per center
 

                   H1       H2       H3       H4       H5       H6       H7       H8       H9       H10   
      Nuclear      1.0000   1.0000   1.0000   1.0000   1.0000   1.0000   1.0000   1.0000   1.0000   1.0000
      Electronic  -1.0043  -0.9976  -0.9990  -0.9995  -0.9997  -0.9997  -0.9995  -0.9990  -0.9976  -1.0043
 
      Total       -0.0043   0.0024   0.0010   0.0005   0.0003   0.0003   0.0005   0.0010   0.0024  -0.0043
--
 
 
      Natural Bond Order analysis for root number:  1
 
++    Natural Bond Order analysis
      ---------------------------
      Based on LoProp computed density
      -------------------------------------------------------------------------------------
      Atom A       Atom B       Bond Order
      -------------------------------------------------------------------------------------
      NBO located      0.983 non-bonded electrons on atom H1        
      NBO located      1.018 non-bonded electrons on atom H3        
      NBO located      1.009 non-bonded electrons on atom H4        
      NBO located      1.013 non-bonded electrons on atom H5        
      NBO located      1.013 non-bonded electrons on atom H6        
      NBO located      1.009 non-bonded electrons on atom H7        
      NBO located      1.018 non-bonded electrons on atom H8        
      NBO located      0.983 non-bonded electrons on atom H10       
      The remaining    1.953 electrons are to be considered as diffuse
--
 
--
 
 
  Input file to MOLDEN was generated!
 
      Average orbitals are written to the RASORB file
      Natural orbitals for root   1 are written to the RASORB.1 file
      Spin density orbitals for root   1 are written to the SPDORB.1 file
 
forrtl: warning (525): IEEE_DIVIDE_BY_ZERO is signaling
forrtl: warning (526): IEEE_INVALID is signaling
forrtl: warning (528): IEEE_UNDERFLOW is signaling
--- Stop Module: rasscf at Sun Oct 26 14:41:50 2025 /rc=_RC_ALL_IS_WELL_ ---
*** files: H10_1.28.LprOrb H10_1.28.rasscf.molden H10_1.28.LoProp.molden H10_1.28.RasOrb.1 H10_1.28.RasOrb H10_1.28.rasscf.h5 H10_1.28.SpdOrb.1 xmldump
    saved to directory /home/grierjones/DDCASPT2/hydrogen_comps/rerun/H10_chain/H10_1.28
--- Module rasscf spent 15 seconds ---

>>> COPY /tmp/H10_1.28/H10_1.28.rasscf.h5 /home/grierjones/DDCASPT2/hydrogen_comps/rerun/H10_chain/H10_1.28/

>>> COPY /tmp/H10_1.28/GMJ_Fock_MO.csv /home/grierjones/DDCASPT2/hydrogen_comps/rerun/H10_chain/H10_1.28/H10_1.28.GMJ_Fock_MO.csv

*** symbolic link created: INPORB -> H10_1.28.RasOrb
--- Start Module: motra at Sun Oct 26 14:41:50 2025 ---
 
()()()()()()()()()()()()()()()()()()()()()()()()()()()()()()()()()()()()()()()()()()()()()()()()()()

                                               &MOTRA

                                   only a single process is used
                       available to each process: 2.0 GB of memory, 1 thread?
()()()()()()()()()()()()()()()()()()()()()()()()()()()()()()()()()()()()()()()()()()()()()()()()()()
 
 
      *** WARNING: Default frozen orbitals is overwritten by user input.
      *** Default values:   0
 
      Header of the integral files:
      
       Integrals generated by seward 4.2.0  , Sun Oct 26 14:41:34 2025
 
 
      Header of MO coefficients source file:
      * RASSCF average (pseudo-natural) orbitals                                      
 
 
      Cartesian coordinates in Angstrom:
      -----------------------------------------------------
      No.  Label        X            Y            Z        
      -----------------------------------------------------
       1   H1         0.00000000   0.00000000   0.00000000
       2   H2         0.00000000   0.00000000   1.27878800
       3   H3         0.00000000   0.00000000   2.55757600
       4   H4         0.00000000   0.00000000   3.83636400
       5   H5         0.00000000   0.00000000   5.11515200
       6   H6         0.00000000   0.00000000   6.39393900
       7   H7         0.00000000   0.00000000   7.67272700
       8   H8         0.00000000   0.00000000   8.95151500
       9   H9         0.00000000   0.00000000  10.23030300
      10   H10        0.00000000   0.00000000  11.50909100
      -----------------------------------------------------
      Nuclear repulsion energy =    7.98229373
 
      Orbital specifications:
      -----------------------
 
      Symmetry species:              1
      Number of basis functions:    50
      Frozen orbitals:               0
      Deleted orbitals:              0
      Number of orbitals used:      50

       SYMMETRY  BASIS FUNCTIONS       ORBITALS      INTEGRALS   CPU(SEC)  I/O(SEC)
        1 1 1 1   50  50  50  50    50  50  50  50      813450       0.00      0.00

       TOTAL CPU TIME(SEC)    0.52TOTAL I/O TIME(SEC)    1.18
 
--- Stop Module: motra at Sun Oct 26 14:41:51 2025 /rc=_RC_ALL_IS_WELL_ ---
*** files: xmldump
    saved to directory /home/grierjones/DDCASPT2/hydrogen_comps/rerun/H10_chain/H10_1.28
--- Module motra spent 1 second ---

>>> COPY /tmp/H10_1.28/GMJ_one_int_indx.csv /home/grierjones/DDCASPT2/hydrogen_comps/rerun/H10_chain/H10_1.28/H10_1.28.GMJ_one_int_indx.csv

>>> COPY /tmp/H10_1.28/GMJ_one_int.csv /home/grierjones/DDCASPT2/hydrogen_comps/rerun/H10_chain/H10_1.28/H10_1.28.GMJ_one_int.csv

>>> COPY /tmp/H10_1.28/GMJ_two_int_indx.csv /home/grierjones/DDCASPT2/hydrogen_comps/rerun/H10_chain/H10_1.28/H10_1.28.GMJ_two_int_indx.csv

>>> COPY /tmp/H10_1.28/GMJ_two_int.csv /home/grierjones/DDCASPT2/hydrogen_comps/rerun/H10_chain/H10_1.28/H10_1.28.GMJ_two_int.csv

*** symbolic link created: INPORB -> H10_1.28.RasOrb
--- Start Module: caspt2 at Sun Oct 26 14:41:51 2025 ---
 
()()()()()()()()()()()()()()()()()()()()()()()()()()()()()()()()()()()()()()()()()()()()()()()()()()

                                              &CASPT2

                                   only a single process is used
                       available to each process: 2.0 GB of memory, 1 thread?
()()()()()()()()()()()()()()()()()()()()()()()()()()()()()()()()()()()()()()()()()()()()()()()()()()
 
 Cholesky algorithm in CASPT2 =    1
 
 ###############################################################################
 ###############################################################################
 ###                                                                         ###
 ###                                                                         ###
 ###    User changed nr of frozen orbitals.                                  ###
 ###                                                                         ###
 ###                                                                         ###
 ###############################################################################
 ###############################################################################
 
++    Wave function specifications:
      -----------------------------
 
      Number of closed shell electrons           0
      Number of electrons in active shells      10
      Max number of holes in RAS1 space          0
      Max number of electrons in RAS3 space      0
      Number of inactive orbitals                0
      Number of active orbitals                 10
      Number of secondary orbitals              40
      Spin quantum number                      0.0
      State symmetry                             1
      Number of CSFs                         19404
      Number of root(s) available                1
      Root passed to geometry opt.               1
      A file JOBMIX will be created.
      This is a CASSCF or RASSCF reference function
--
 
++    Orbital specifications:
      -----------------------
 
      Symmetry species                           1
                                                 a
      Frozen orbitals                            0
      Inactive orbitals                          0
      Active orbitals                           10
      Secondary orbitals                        40
      Deleted orbitals                           0
      Number of basis functions                 50
--
 
      Type of Fock operator: STANDARD
      Type of 0-order Hamiltonian: STANDARD WITH DEFAULT IPEA
        "IP-EA" denominator shift =      0.25
      The input orbitals and the CI vector will be transformed.
 
--------------------------------------------------------------------------------
 Estimated memory requirements:
  POLY3 :                  3551880
  RHS:                      835500
  SIGMA :                   430400
  PRPCTL:                        0
 Available workspace:    230354915
 
++ CASPT2 computation for group   1
 
********************************************************************************
 Multi-State initialization phase begins for group   1
--------------------------------------------------------------------------------
********************************************************************************
 Compute H0 matrices for state    1
--------------------------------------------------------------------------------
--------------------------------------------------------------------------------
 H0 matrices have been computed.
 
********************************************************************************
  CASPT2 EQUATION SOLUTION
--------------------------------------------------------------------------------
 
  Total nr of CASPT2 parameters:
   Before reduction:      120200
   After  reduction:      119800
 
 The contributions to the second order correlation energy in atomic units.
-----------------------------------------------------------------------------------------------------------------------------
  IT.      VJTU        VJTI        ATVX        AIVX        VJAI        BVAT        BJAT        BJAI        TOTAL       RNORM  
-----------------------------------------------------------------------------------------------------------------------------
   1     0.000000    0.000000   -0.018806    0.000000    0.000000   -0.042267    0.000000    0.000000   -0.061073    0.002585
   2     0.000000    0.000000   -0.019002    0.000000    0.000000   -0.042309    0.000000    0.000000   -0.061311    0.000215
   3     0.000000    0.000000   -0.019004    0.000000    0.000000   -0.042309    0.000000    0.000000   -0.061313    0.000030
   4     0.000000    0.000000   -0.019003    0.000000    0.000000   -0.042309    0.000000    0.000000   -0.061312    0.000003
-------------------------------------------------------------------------------------------------------------------
 
  FINAL CASPT2 RESULT:
 
  Correlation energy /Case, /Symm, and sums:
 VJTU      0.00000000  0.00000000
 VJTIP     0.00000000  0.00000000
 VJTIM     0.00000000  0.00000000
 ATVX     -0.01900272 -0.01900272
 AIVX      0.00000000  0.00000000
 VJAIP     0.00000000  0.00000000
 VJAIM     0.00000000  0.00000000
 BVATP    -0.03992547 -0.03992547
 BVATM    -0.00238356 -0.00238356
 BJATP     0.00000000  0.00000000
 BJATM     0.00000000  0.00000000
 BJAIP     0.00000000  0.00000000
 BJAIM     0.00000000  0.00000000
 Summed:  -0.06131176 -0.06131176
 
      Reference energy:          -5.4014712670
      E2 (Non-variational):      -0.0613117603
      E2 (Variational):          -0.0613117690
      Total energy:              -5.4627830360
      Residual norm:              0.0000003250
      Reference weight:           0.97360
 
      Contributions to the CASPT2 correlation energy
      Active & Virtual Only:         -0.0613117603
      One Inactive Excited:           0.0000000000
      Two Inactive Excited:           0.0000000000
 
 
++ Denominators, etc.
----------------------------------------------------------------------------------------------------
 Report on small energy denominators, large coefficients, and large energy contributions.
CASE  SYMM ACTIVE-MIX  NON-ACTIVE INDICES          DENOMINATOR     RHS VALUE       COEFFICIENT     CONTRIBUTION
ATVX     1  Mu1.0001  Se1.011                       0.27492680      0.00021874     -0.00063370     -0.00000014
--
 
   (Skipping property calculation,
    use PROP keyword to activate)
--
 
  Total CASPT2 energies:
::    CASPT2 Root  1     Total energy:     -5.46278304
 
  A NEW JOBIPH FILE NAMED 'JOBMIX' IS PREPARED.
********************************************************************************
forrtl: warning (528): IEEE_UNDERFLOW is signaling
--- Stop Module: caspt2 at Sun Oct 26 14:41:58 2025 /rc=_RC_ALL_IS_WELL_ ---
*** files: xmldump
    saved to directory /home/grierjones/DDCASPT2/hydrogen_comps/rerun/H10_chain/H10_1.28
--- Module caspt2 spent 6 seconds ---

>>> EXPORT i = B

>>> EXPORT j = P

>>> IF (-FILE GMJ_e2_${i}_${j}_1_.csv)
(Skipped)

>>> END FOREACH

>>> EXPORT j = M

>>> IF (-FILE GMJ_e2_${i}_${j}_1_.csv)
(Skipped)

>>> END FOREACH

>>> END FOREACH

>>> EXPORT i = E

>>> EXPORT j = P

>>> IF (-FILE GMJ_e2_${i}_${j}_1_.csv)
(Skipped)

>>> END FOREACH

>>> EXPORT j = M

>>> IF (-FILE GMJ_e2_${i}_${j}_1_.csv)
(Skipped)

>>> END FOREACH

>>> END FOREACH

>>> EXPORT i = F

>>> EXPORT j = P

>>> IF (-FILE GMJ_e2_${i}_${j}_1_.csv)

>>> COPY /tmp/H10_1.28/GMJ_RHS_F_P_1_.csv /home/grierjones/DDCASPT2/hydrogen_comps/rerun/H10_chain/H10_1.28/GMJ_RHS_F_P_1_.csv

>>> COPY /tmp/H10_1.28/GMJ_IVECW_F_P_1_.csv /home/grierjones/DDCASPT2/hydrogen_comps/rerun/H10_chain/H10_1.28/GMJ_IVECW_F_P_1_.csv

>>> COPY /tmp/H10_1.28/GMJ_IVECX_F_P_1_.csv /home/grierjones/DDCASPT2/hydrogen_comps/rerun/H10_chain/H10_1.28/GMJ_IVECX_F_P_1_.csv

>>> COPY /tmp/H10_1.28/GMJ_IVECC2_F_P_1_.csv /home/grierjones/DDCASPT2/hydrogen_comps/rerun/H10_chain/H10_1.28/GMJ_IVECC2_F_P_1_.csv

>>> COPY /tmp/H10_1.28/GMJ_e2_F_P_1_.csv /home/grierjones/DDCASPT2/hydrogen_comps/rerun/H10_chain/H10_1.28/GMJ_e2_F_P_1_.csv

>>> END FOREACH

>>> EXPORT j = M

>>> IF (-FILE GMJ_e2_${i}_${j}_1_.csv)

>>> COPY /tmp/H10_1.28/GMJ_RHS_F_M_1_.csv /home/grierjones/DDCASPT2/hydrogen_comps/rerun/H10_chain/H10_1.28/GMJ_RHS_F_M_1_.csv

>>> COPY /tmp/H10_1.28/GMJ_IVECW_F_M_1_.csv /home/grierjones/DDCASPT2/hydrogen_comps/rerun/H10_chain/H10_1.28/GMJ_IVECW_F_M_1_.csv

>>> COPY /tmp/H10_1.28/GMJ_IVECX_F_M_1_.csv /home/grierjones/DDCASPT2/hydrogen_comps/rerun/H10_chain/H10_1.28/GMJ_IVECX_F_M_1_.csv

>>> COPY /tmp/H10_1.28/GMJ_IVECC2_F_M_1_.csv /home/grierjones/DDCASPT2/hydrogen_comps/rerun/H10_chain/H10_1.28/GMJ_IVECC2_F_M_1_.csv

>>> COPY /tmp/H10_1.28/GMJ_e2_F_M_1_.csv /home/grierjones/DDCASPT2/hydrogen_comps/rerun/H10_chain/H10_1.28/GMJ_e2_F_M_1_.csv

>>> END FOREACH

>>> END FOREACH

>>> EXPORT i = G

>>> EXPORT j = P

>>> IF (-FILE GMJ_e2_${i}_${j}_1_.csv)
(Skipped)

>>> END FOREACH

>>> EXPORT j = M

>>> IF (-FILE GMJ_e2_${i}_${j}_1_.csv)
(Skipped)

>>> END FOREACH

>>> END FOREACH

>>> EXPORT i = H

>>> EXPORT j = P

>>> IF (-FILE GMJ_e2_${i}_${j}_1_.csv)
(Skipped)

>>> END FOREACH

>>> EXPORT j = M

>>> IF (-FILE GMJ_e2_${i}_${j}_1_.csv)
(Skipped)

>>> END FOREACH

>>> END FOREACH

>>> EXPORT i = A

>>> IF (-FILE GMJ_e2_${i}_1_.csv)
(Skipped)

>>> END FOREACH

>>> EXPORT i = C

>>> IF (-FILE GMJ_e2_${i}_1_.csv)

>>> COPY /tmp/H10_1.28/GMJ_RHS_C_1_.csv /home/grierjones/DDCASPT2/hydrogen_comps/rerun/H10_chain/H10_1.28/GMJ_RHS_C_1_.csv

>>> COPY /tmp/H10_1.28/GMJ_IVECW_C_1_.csv /home/grierjones/DDCASPT2/hydrogen_comps/rerun/H10_chain/H10_1.28/GMJ_IVECW_C_1_.csv

>>> COPY /tmp/H10_1.28/GMJ_IVECX_C_1_.csv /home/grierjones/DDCASPT2/hydrogen_comps/rerun/H10_chain/H10_1.28/GMJ_IVECX_C_1_.csv

>>> COPY /tmp/H10_1.28/GMJ_IVECC2_C_1_.csv /home/grierjones/DDCASPT2/hydrogen_comps/rerun/H10_chain/H10_1.28/GMJ_IVECC2_C_1_.csv

>>> COPY /tmp/H10_1.28/GMJ_e2_C_1_.csv /home/grierjones/DDCASPT2/hydrogen_comps/rerun/H10_chain/H10_1.28/GMJ_e2_C_1_.csv

>>> END FOREACH

>>> EXPORT i = D

>>> IF (-FILE GMJ_e2_${i}_1_.csv)
(Skipped)

>>> END FOREACH

.########################.
.# Non-zero return code #.
.########################.

    Timing: Wall=24.24 User=22.62 System=1.59
****************************************
*** WorkDir at /tmp/H10_1.28 cleaned ***
****************************************
