   This run of MOLCAS is using the pymolcas driver

                             OPE
                             OPE          NMOL  CASOP  ENMOLC A   SO
                 OPE        NMOLC        AS  OP EN  MO LC     AS  OP
                OPENM       OL CA        SO  PE NM  OL CA     SOP EN
                OP EN      MO   LC       AS  OP ENMOL  CASO   PENMOL
                OP  EN     MO   LC       AS  OP EN     MO     LC ASO
               OP   E  NMOL  C  AS       OP  EN MO     LC     AS  OP
               OP  E   NMO   LC AS        OPEN  MO     LCASOP EN   M
               O  PEN   MO  LCA  SO
            OPE   NMO   L   CAS    OP
        OPENMOL  CASOP     ENMOL   CASOPE
     OPENMOLCA   SOPENMOLCASOPEN   MOLCASOPE
    OPENMOLCAS   OP           EN   MOL    CAS
    OPENMOLCAS       OP  ENM        O     LCA
    OPENMOLCAS    OPEN  MOLCASO     P  E  NMO
    OPENMOLCAS     OP               E  N  MOL
    OPENMOLCA   SO           PENM   O  L  CAS    OPEN    MO    LCAS
    OPENMOLCA   SOP           ENM   O  L  CAS   OP  EN  MOLC  AS   O
    OPENMOLCA   SOPE           NM      O  LCA   S      OP  EN MO
    OPENMOLC                AS         O  PEN   M      OL  CA  SOPE
    OPENMO        LCASOPE  NMOL        C  ASO   P      ENMOLC     AS
    OPE     NMO      LCA  SO     P     E   NM   OL  CA SO  PE N   MO
          OPENMOLCA            SOPE   NMO        LCAS  O    P  ENMO
     OPENMOLCASOPENMOLCASOPENMOLCASOPENMOLCA
        OPENMOLCASOPENMOLCASOPENMOLCASOPE
            OPENMOLCASOPENMOLCASOPENM
               OPENMOLCASOPENMOLCA        version: f37762c57
                   OPENMOLCASO
                       OPE                tag:

 OpenMolcas is free software; you can redistribute it and/or modify it
 under the terms of the GNU Lesser General Public License version 2.1.
 OpenMolcas is distributed in the hope that it will be useful, but it
 is provided "as is" and without any express or implied warranties.
 For more details see the full text of the license in the file
 LICENSE or in <http://www.gnu.org/licenses/>.

                 Copyright (C) The OpenMolcas Authors
           For the author list and the recommended citation,
                   consult the file CONTRIBUTORS.md

           *************************************************
           * pymolcas version py2.28                       *
           *   build c4a6d18ded8cb6cad61d2372a9abd97c      *
           *   (after the EMIL interpreter by V. Veryazov) *
           *************************************************

configuration info
------------------
C Compiler ID: Intel
C flags: -std=gnu99 -gcc-sys
Fortran Compiler ID: IntelLLVM
Fortran flags: -standard-semantics -fltconsistency -fpp -i8 -heap-arrays
Definitions: _MOLCAS_;_I8_;_LINUX_
Parallel: OFF (GA=OFF)


   ----------------------------------------------------------------------------------------
  |
  |              Project: H12_2.81
  |       Submitted from: /home/grierjones/DDCASPT2/hydrogen_comps/rerun/H12_chain/H12_2.81
  |         Scratch area: /tmp/H12_2.81
  |      Save outputs to: /home/grierjones/DDCASPT2/hydrogen_comps/rerun/H12_chain/H12_2.81
  |               Molcas: /home/grierjones/Test/build
  |
  | Scratch area is empty
  |
  |       MOLCAS_DRIVER = /usr/local/pymolcas
  | MOLCAS_KEEP_WORKDIR = NO
  |  MOLCAS_NEW_WORKDIR = YES
  |       MOLCAS_NPROCS = 1
  |        MOLCAS_PRINT = NORMAL
  |       MOLCAS_SOURCE = /home/grierjones/Test
  |    MOLCAS_STRUCTURE = 0
  |
   ----------------------------------------------------------------------------------------

++ ---------   Input file   ---------

&GATEWAY
coord=H12_2.81.xyz
Basis = ANO-RCC-VDZP
Group = nosymm
EXPErt
End of Input

&SEWARD
End of Input

&SCF

>>> COPY $WorkDir/H12_2.81.scf.h5 $CurrDir/

&RASSCF
Title= RASSCF
FileOrb
/home/grierjones/DDCASPT2/hydrogen_comps/rerun/H12_chain/H12_2.49/H12_2.49.RasOrb
NACTEL
12 0 0
Inactive
0
RAS2
12
Symmetry
1
Spin
1
orblisting
all

>>> COPY $WorkDir/H12_2.81.rasscf.h5 $CurrDir/

>>> COPY $WorkDir/GMJ_Fock_MO.csv $CurrDir/H12_2.81.GMJ_Fock_MO.csv

&MOTRA
Frozen=0
LUMORB

>>> COPY $WorkDir/GMJ_one_int_indx.csv $CurrDir/H12_2.81.GMJ_one_int_indx.csv

>>> COPY $WorkDir/GMJ_one_int.csv $CurrDir/H12_2.81.GMJ_one_int.csv

>>> COPY $WorkDir/GMJ_two_int_indx.csv $CurrDir/H12_2.81.GMJ_two_int_indx.csv

>>> COPY $WorkDir/GMJ_two_int.csv $CurrDir/H12_2.81.GMJ_two_int.csv

&CASPT2
Frozen
0

MAXITER
50

>>> FOREACH i IN (B,E,F,G,H)

  >>> FOREACH j IN (P,M)

    >>> IF (-FILE GMJ_e2_${i}_${j}_1_.csv)

      >>> COPY $WorkDir/GMJ_RHS_${i}_${j}_1_.csv $CurrDir/GMJ_RHS_${i}_${j}_1_.csv

      >>> COPY $WorkDir/GMJ_IVECW_${i}_${j}_1_.csv $CurrDir/GMJ_IVECW_${i}_${j}_1_.csv

      >>> COPY $WorkDir/GMJ_IVECX_${i}_${j}_1_.csv $CurrDir/GMJ_IVECX_${i}_${j}_1_.csv

      >>> COPY $WorkDir/GMJ_IVECC2_${i}_${j}_1_.csv $CurrDir/GMJ_IVECC2_${i}_${j}_1_.csv

      >>> COPY $WorkDir/GMJ_e2_${i}_${j}_1_.csv $CurrDir/GMJ_e2_${i}_${j}_1_.csv

    >>> END IF

  >>> END FOREACH

>>> END FOREACH

>>> FOREACH i IN (A,C,D)

  >>> IF (-FILE GMJ_e2_${i}_1_.csv)

    >>> COPY $WorkDir/GMJ_RHS_${i}_1_.csv $CurrDir/GMJ_RHS_${i}_1_.csv

    >>> COPY $WorkDir/GMJ_IVECW_${i}_1_.csv $CurrDir/GMJ_IVECW_${i}_1_.csv

    >>> COPY $WorkDir/GMJ_IVECX_${i}_1_.csv $CurrDir/GMJ_IVECX_${i}_1_.csv

    >>> COPY $WorkDir/GMJ_IVECC2_${i}_1_.csv $CurrDir/GMJ_IVECC2_${i}_1_.csv

    >>> COPY $WorkDir/GMJ_e2_${i}_1_.csv $CurrDir/GMJ_e2_${i}_1_.csv

  >>> END IF

>>> END FOREACH

-- ----------------------------------

--- Start Module: gateway at Wed Oct 29 06:09:05 2025 ---
 
()()()()()()()()()()()()()()()()()()()()()()()()()()()()()()()()()()()()()()()()()()()()()()()()()()

                                              &GATEWAY

                                   only a single process is used
                       available to each process: 2.0 GB of memory, 1 thread?
()()()()()()()()()()()()()()()()()()()()()()()()()()()()()()()()()()()()()()()()()()()()()()()()()()
 
 ###############################################################################
 ###############################################################################
 ###                                                                         ###
 ###                                                                         ###
 ###                                                                         ###
 ###    WARNING: EXPERT option is ON!                                        ###
 ###                                                                         ###
 ###                                                                         ###
 ###############################################################################
 ###############################################################################
 
++    Symmetry information:
      ---------------------
 
                    Character Table for C1 
 
                             E  
                    a        1  x, y, xy, Rz, z, xz, Ry, yz, Rx, I
--
 
 
++    Basis set information:
      ----------------------
 
 
      Basis set label: H.ANO-RCC...2S1P.
 
      Electronic valence basis set:
      ------------------
      Associated Effective Charge   1.000000 au
      Associated Actual Charge      1.000000 au
      Nuclear Model: Point charge
 
      Shell  nPrim  nBasis  Cartesian Spherical Contaminant
         s       8       2        X                  
         p       4       1        X                  
--
 
 
++    Molecular structure info:
      -------------------------
 
                    ************************************************ 
                    **** Cartesian Coordinates / Bohr, Angstrom **** 
                    ************************************************ 
 
     Center  Label                x              y              z                     x              y              z
        1      H1               0.000000       0.000000       0.000000              0.000000       0.000000       0.000000
        2      H2               0.000000       0.000000       5.302687              0.000000       0.000000       2.806061
        3      H3               0.000000       0.000000      10.605372              0.000000       0.000000       5.612121
        4      H4               0.000000       0.000000      15.908058              0.000000       0.000000       8.418182
        5      H5               0.000000       0.000000      21.210743              0.000000       0.000000      11.224242
        6      H6               0.000000       0.000000      26.513430              0.000000       0.000000      14.030303
        7      H7               0.000000       0.000000      31.816117              0.000000       0.000000      16.836364
        8      H8               0.000000       0.000000      37.118802              0.000000       0.000000      19.642424
        9      H9               0.000000       0.000000      42.421489              0.000000       0.000000      22.448485
       10      H10              0.000000       0.000000      47.724173              0.000000       0.000000      25.254545
       11      H11              0.000000       0.000000      53.026860              0.000000       0.000000      28.060606
       12      H12              0.000000       0.000000      58.329547              0.000000       0.000000      30.866667
 
                    *************************************** 
                    *    InterNuclear Distances / Bohr    * 
                    *************************************** 
 
               1 H1            2 H2            3 H3            4 H4            5 H5            6 H6    
    1 H1       0.000000
    2 H2       5.302687        0.000000
    3 H3      10.605372        5.302685        0.000000
    4 H4      15.908058       10.605372        5.302687        0.000000
    5 H5      21.210743       15.908057       10.605372        5.302685        0.000000
    6 H6      26.513430       21.210743       15.908058       10.605372        5.302687        0.000000
    7 H7      31.816117       26.513430       21.210745       15.908058       10.605374        5.302687
    8 H8      37.118802       31.816115       26.513430       21.210743       15.908058       10.605372
    9 H9      42.421489       37.118802       31.816117       26.513430       21.210745       15.908058
   10 H10     47.724173       42.421487       37.118802       31.816115       26.513430       21.210743
   11 H11     53.026860       47.724173       42.421489       37.118802       31.816117       26.513430
   12 H12     58.329547       53.026860       47.724175       42.421489       37.118804       31.816117
 
               7 H7            8 H8            9 H9           10 H10          11 H11          12 H12   
    7 H7       0.000000
    8 H8       5.302685        0.000000
    9 H9      10.605372        5.302687        0.000000
   10 H10     15.908057       10.605372        5.302685        0.000000
   11 H11     21.210743       15.908058       10.605372        5.302687        0.000000
   12 H12     26.513430       21.210745       15.908058       10.605374        5.302687        0.000000
 
                    ******************************************* 
                    *    InterNuclear Distances / Angstrom    * 
                    ******************************************* 
 
               1 H1            2 H2            3 H3            4 H4            5 H5            6 H6    
    1 H1       0.000000
    2 H2       2.806061        0.000000
    3 H3       5.612121        2.806060        0.000000
    4 H4       8.418182        5.612121        2.806061        0.000000
    5 H5      11.224242        8.418181        5.612121        2.806060        0.000000
    6 H6      14.030303       11.224242        8.418182        5.612121        2.806061        0.000000
    7 H7      16.836364       14.030303       11.224243        8.418182        5.612122        2.806061
    8 H8      19.642424       16.836363       14.030303       11.224242        8.418182        5.612121
    9 H9      22.448485       19.642424       16.836364       14.030303       11.224243        8.418182
   10 H10     25.254545       22.448484       19.642424       16.836363       14.030303       11.224242
   11 H11     28.060606       25.254545       22.448485       19.642424       16.836364       14.030303
   12 H12     30.866667       28.060606       25.254546       22.448485       19.642425       16.836364
 
               7 H7            8 H8            9 H9           10 H10          11 H11          12 H12   
    7 H7       0.000000
    8 H8       2.806060        0.000000
    9 H9       5.612121        2.806061        0.000000
   10 H10      8.418181        5.612121        2.806060        0.000000
   11 H11     11.224242        8.418182        5.612121        2.806061        0.000000
   12 H12     14.030303       11.224243        8.418182        5.612122        2.806061        0.000000
--
 
 
            Nuclear Potential Energy              4.75957428 au
 
 ###############################################################################
 ###############################################################################
 ###                                                                         ###
 ###                                                                         ###
 ###    There were warnings during the execution                             ###
 ###    Please, check the output with care!                                  ###
 ###                                                                         ###
 ###                                                                         ###
 ###############################################################################
 ###############################################################################
--- Stop Module: gateway at Wed Oct 29 06:09:05 2025 /rc=_RC_ALL_IS_WELL_ ---
*** files: xmldump
    saved to directory /home/grierjones/DDCASPT2/hydrogen_comps/rerun/H12_chain/H12_2.81

--- Start Module: seward at Wed Oct 29 06:09:05 2025 ---
 
()()()()()()()()()()()()()()()()()()()()()()()()()()()()()()()()()()()()()()()()()()()()()()()()()()

                                              &SEWARD

                                   only a single process is used
                       available to each process: 2.0 GB of memory, 1 thread?
()()()()()()()()()()()()()()()()()()()()()()()()()()()()()()()()()()()()()()()()()()()()()()()()()()
 
 ###############################################################################
 ###############################################################################
 ###                                                                         ###
 ###                                                                         ###
 ###                                                                         ###
 ###    WARNING: EXPERT option is ON!                                        ###
 ###                                                                         ###
 ###                                                                         ###
 ###############################################################################
 ###############################################################################
               SEWARD will generate:
                  Multipole Moment integrals up to order  2
                  Kinetic Energy integrals
                  Nuclear Attraction integrals (point charge)
                  One-Electron Hamiltonian integrals
                  Velocity integrals
                  Relativistic Douglas-Kroll-Hess integrals:
                    - Parametrization         : EXP
                    - DKH order of Hamiltonian: 2
                    - DKH order of Properties : 0
                         - multipole moment operators
                         - electric potential operators
                         - contact operators
                  Atomic mean-field integrals
                  Two-Electron Repulsion integrals
 
                   Integrals are discarded if absolute value <: 0.10E-13
                   Integral cutoff threshold is set to       <: 0.10E-15
 
            Nuclear Potential Energy              4.75957428 au
 
 
      Basis set specifications :
      Symmetry species         a  
      Basis functions           60
 
 
  Input file to MOLDEN was generated!
 
 ###############################################################################
 ###############################################################################
 ###                                                                         ###
 ###                                                                         ###
 ###    There were warnings during the execution                             ###
 ###    Please, check the output with care!                                  ###
 ###                                                                         ###
 ###                                                                         ###
 ###############################################################################
 ###############################################################################
forrtl: warning (525): IEEE_DIVIDE_BY_ZERO is signaling
forrtl: warning (526): IEEE_INVALID is signaling
forrtl: warning (528): IEEE_UNDERFLOW is signaling
--- Stop Module: seward at Wed Oct 29 06:09:07 2025 /rc=_RC_ALL_IS_WELL_ ---
*** files: H12_2.81.GssOrb H12_2.81.guessorb.h5 H12_2.81.guessorb.molden xmldump
    saved to directory /home/grierjones/DDCASPT2/hydrogen_comps/rerun/H12_chain/H12_2.81
--- Module seward spent 2 seconds ---

*** symbolic link created: INPORB -> H12_2.81.GssOrb
--- Start Module: scf at Wed Oct 29 06:09:07 2025 ---
 
()()()()()()()()()()()()()()()()()()()()()()()()()()()()()()()()()()()()()()()()()()()()()()()()()()

                                                &SCF

                                   only a single process is used
                       available to each process: 2.0 GB of memory, 1 thread?
()()()()()()()()()()()()()()()()()()()()()()()()()()()()()()()()()()()()()()()()()()()()()()()()()()
 
++    Input section:
      --------------
 
      Header of the integral files:
      
       Integrals generated by seward 4.2.0  , Wed Oct 29 06:09:05 2025
 
 
      Cartesian coordinates in Angstrom:
      -----------------------------------------------------
      No.  Label        X            Y            Z        
      -----------------------------------------------------
       1   H1         0.00000000   0.00000000   0.00000000
       2   H2         0.00000000   0.00000000   2.80606100
       3   H3         0.00000000   0.00000000   5.61212100
       4   H4         0.00000000   0.00000000   8.41818200
       5   H5         0.00000000   0.00000000  11.22424200
       6   H6         0.00000000   0.00000000  14.03030300
       7   H7         0.00000000   0.00000000  16.83636400
       8   H8         0.00000000   0.00000000  19.64242400
       9   H9         0.00000000   0.00000000  22.44848500
      10   H10        0.00000000   0.00000000  25.25454500
      11   H11        0.00000000   0.00000000  28.06060600
      12   H12        0.00000000   0.00000000  30.86666700
      -----------------------------------------------------
      Nuclear repulsion energy =    4.75957428
--
 
++    Orbital specifications:
      -----------------------
 
      Symmetry species               1
                                     a
      Frozen orbitals                0
      Occupied orbitals              6
      Secondary orbitals            54
      Deleted orbitals               0
      Total number of orbitals      60
      Number of basis functions     60
--
 
      Molecular charge                           0.000
 
++    Optimization specifications:
      ----------------------------
 
      SCF Algorithm: Conventional
      Minimized density differences are used
      Number of density matrices in core                5
      Maximum number of NDDO SCF iterations           400
      Maximum number of HF SCF iterations             400
      Threshold for SCF energy change            0.10E-08
      Threshold for density matrix               0.10E-03
      Threshold for Fock matrix                  0.15E-03
      Threshold for linear dependence            0.10E-08
      Threshold at which DIIS is turned on       0.15E+00
      Threshold at which QNR/C2DIIS is turned on 0.75E-01
      Threshold for Norm(delta) (QNR/C2DIIS)     0.20E-04
      DIIS extrapolation of the SCF procedure
      All orbitals punched on: SCFORB
--
 
      Input vectors read from INPORB
      Orbital file label: *Guess orbitals
 
 
++ Convergence information
                                   SCF        iterations: Energy and convergence statistics
 
Iter     Tot. SCF        One-elec.       Two-elec.     Energy      Max Dij or  Max Fij      DNorm      TNorm      AccCon     Time
         Energy          Energy          Energy        Change      Delta Norm                                                in Sec.
   1    -4.656830314   -15.628107337     6.211702746   0.00E+00    0.42E+00*   0.13E+00*    0.56E+01   0.99E+01   None         0.
   2    -5.035110112   -15.572009489     5.777325100  -0.38E+00*   0.17E+00*   0.25E-01*    0.17E+01   0.95E+01   EDIIS        0.
   3    -5.055000596   -15.485168993     5.670594120  -0.20E-01*   0.11E+00*   0.93E-02*    0.45E+00   0.94E+01   EDIIS        0.
   4    -5.060667103   -15.489767187     5.669525808  -0.57E-02*   0.11E+00*   0.18E-01*    0.22E+00   0.94E+01   c2DIIS       0.
   5    -5.063136707   -15.450575025     5.627864041  -0.25E-02*   0.28E-01*   0.41E-02*    0.23E+00   0.94E+01   c2DIIS       0.
   6    -5.065234094   -15.471672520     5.646864149  -0.21E-02*   0.13E-01*   0.14E-02*    0.57E-01   0.94E+01   QNRc2DIIS    0.
   7    -5.065308190   -15.477030709     5.652148242  -0.74E-04*   0.85E-02*   0.94E-03*    0.18E-01   0.94E+01   QNRc2DIIS    0.
   8    -5.065343170   -15.476008710     5.651091263  -0.35E-04*   0.72E-02*   0.39E-03*    0.76E-02   0.94E+01   QNRc2DIIS    0.
   9    -5.065350344   -15.474930332     5.650005711  -0.72E-05*   0.12E-02*   0.15E-03*    0.65E-02   0.94E+01   QNRc2DIIS    0.
  10    -5.065351429   -15.474938438     5.650012731  -0.11E-05*   0.21E-03*   0.29E-04     0.12E-02   0.94E+01   QNRc2DIIS    0.
  11    -5.065351446   -15.474882123     5.649956400  -0.16E-07*   0.73E-04*   0.16E-04     0.14E-03   0.94E+01   QNRc2DIIS    0.
  12    -5.065351451   -15.474891266     5.649965538  -0.50E-08*   0.13E-04    0.10E-05     0.29E-04   0.94E+01   QNRc2DIIS    0.
  13    -5.065351451   -15.474894636     5.649968908  -0.11E-09    0.10E-04    0.59E-06     0.20E-04   0.94E+01   QNRc2DIIS    0.
 
       Convergence after 13 Macro Iterations
--
 
 *****************************************************************************************************************************
 *                                                                                                                           *
 *                                             SCF/KS-DFT Program, Final results                                             *
 *                                                                                                                           *
 *                                                                                                                           *
 *                                                                                                                           *
 *                                                       Final Results                                                       *
 *                                                                                                                           *
 *****************************************************************************************************************************
 
::    Total SCF energy                                 -5.0653514508
      One-electron energy                             -15.4748946358
      Two-electron energy                               5.6499689081
      Nuclear repulsion energy                          4.7595742769
      Kinetic energy (interpolated)                     3.9426617498
      Virial theorem                                    1.2847542529
      Total spin, S(S+1)                                0.0000000000
      Total spin, S                                     0.0000000000
      Max non-diagonal density matrix element           0.0000088767
      Max non-diagonal Fock matrix element              0.0000004806
 
 
      All orbitals with orbital energies smaller than  E(LUMO)+0.5 are printed
 
++    Molecular orbitals:
      -------------------
 
      Title: SCF orbitals

      Molecular orbitals for symmetry species 1: a  
 
          Orbital            1         2         3         4         5         6         7         8         9        10    
          Energy           -0.3713   -0.3652   -0.3560   -0.3440   -0.3309   -0.3201   -0.1620   -0.1469   -0.1289   -0.1113
          Occ. No.          2.0000    2.0000    2.0000    2.0000    2.0000    2.0000    0.0000    0.0000    0.0000    0.0000
 
        1 H1     1s         0.1000   -0.2008    0.2869   -0.3362    0.3222   -0.2092    0.2223   -0.3642    0.4098   -0.3753
        2 H1     2s         0.0203   -0.0411    0.0597   -0.0717    0.0706   -0.0469    0.0662   -0.1115    0.1290   -0.1205
        3 H1     2px       -0.0000   -0.0000    0.0000   -0.0000    0.0000   -0.0000    0.0000   -0.0000    0.0000   -0.0000
        4 H1     2py        0.0000   -0.0000    0.0000    0.0000   -0.0000   -0.0000   -0.0000    0.0000   -0.0000   -0.0000
        5 H1     2pz        0.0030   -0.0057    0.0074   -0.0078    0.0066   -0.0038   -0.0015    0.0038   -0.0065    0.0082
        6 H2     1s         0.1318   -0.2509    0.3292   -0.3430    0.2858   -0.1638   -0.1173    0.2587   -0.3863    0.4423
        7 H2     2s         0.0222   -0.0469    0.0702   -0.0842    0.0801   -0.0505   -0.0305    0.0767   -0.1244    0.1483
        8 H2     2px       -0.0000    0.0000   -0.0000   -0.0000    0.0000   -0.0000    0.0000   -0.0000   -0.0000    0.0000
        9 H2     2py       -0.0000    0.0000   -0.0000    0.0000    0.0000   -0.0000    0.0000   -0.0000    0.0000   -0.0000
       10 H2     2pz       -0.0006    0.0019   -0.0041    0.0068   -0.0082    0.0061   -0.0079    0.0113   -0.0093    0.0043
       11 H3     1s         0.2325   -0.3316    0.2202    0.0551   -0.3087    0.3058   -0.3311    0.3431   -0.0591   -0.2899
       12 H3     2s         0.0471   -0.0658    0.0391    0.0240   -0.0827    0.0795   -0.1009    0.1052   -0.0145   -0.0993
       13 H3     2px       -0.0000    0.0000   -0.0000   -0.0000    0.0000    0.0000    0.0000   -0.0000    0.0000   -0.0000
       14 H3     2py       -0.0000    0.0000   -0.0000    0.0000    0.0000   -0.0000   -0.0000   -0.0000    0.0000   -0.0000
       15 H3     2pz        0.0040   -0.0045    0.0005    0.0051   -0.0081    0.0060    0.0062   -0.0108    0.0102   -0.0037
       16 H4     1s         0.2568   -0.3244    0.1443    0.1552   -0.3423    0.2715    0.2513   -0.3947    0.2650    0.1096
       17 H4     2s         0.0465   -0.0671    0.0402    0.0266   -0.0848    0.0767    0.0722   -0.1246    0.0907    0.0335
       18 H4     2px       -0.0000   -0.0000   -0.0000    0.0000   -0.0000   -0.0000    0.0000   -0.0000    0.0000    0.0000
       19 H4     2py        0.0000    0.0000   -0.0000    0.0000   -0.0000    0.0000    0.0000   -0.0000    0.0000    0.0000
       20 H4     2pz       -0.0023    0.0049   -0.0054    0.0012    0.0060   -0.0079    0.0105   -0.0077   -0.0036    0.0099
       21 H5     1s         0.3208   -0.1849   -0.2173    0.3040    0.0905   -0.3465    0.3758   -0.0705   -0.3883    0.2730
       22 H5     2s         0.0628   -0.0307   -0.0543    0.0660    0.0321   -0.0926    0.1128   -0.0168   -0.1291    0.0886
       23 H5     2px        0.0000    0.0000   -0.0000    0.0000    0.0000   -0.0000   -0.0000    0.0000    0.0000    0.0000
       24 H5     2py        0.0000    0.0000   -0.0000    0.0000    0.0000   -0.0000   -0.0000   -0.0000   -0.0000    0.0000
       25 H5     2pz        0.0045   -0.0002   -0.0060    0.0032    0.0057   -0.0079   -0.0095    0.0096    0.0019   -0.0101
       26 H6     1s         0.3301   -0.1254   -0.2780    0.2416    0.1828   -0.3348   -0.3466    0.2551    0.2505   -0.4023
       27 H6     2s         0.0625   -0.0324   -0.0545    0.0640    0.0382   -0.0917   -0.1023    0.0848    0.0783   -0.1359
       28 H6     2px        0.0000    0.0000    0.0000    0.0000    0.0000   -0.0000   -0.0000   -0.0000    0.0000   -0.0000
       29 H6     2py       -0.0000    0.0000    0.0000   -0.0000   -0.0000    0.0000    0.0000   -0.0000   -0.0000    0.0000
       30 H6     2pz       -0.0038    0.0042    0.0020   -0.0071   -0.0002    0.0085   -0.0111   -0.0015    0.0111   -0.0004
       31 H7     1s         0.3301    0.1254   -0.2780   -0.2416    0.1828    0.3348   -0.3466   -0.2551    0.2505    0.4023
       32 H7     2s         0.0625    0.0324   -0.0545   -0.0640    0.0382    0.0917   -0.1023   -0.0848    0.0783    0.1359
       33 H7     2px        0.0000   -0.0000   -0.0000   -0.0000   -0.0000    0.0000   -0.0000   -0.0000   -0.0000   -0.0000
       34 H7     2py        0.0000    0.0000   -0.0000    0.0000    0.0000   -0.0000   -0.0000    0.0000    0.0000   -0.0000
       35 H7     2pz        0.0038    0.0042   -0.0020   -0.0071    0.0002    0.0085    0.0111   -0.0015   -0.0111   -0.0004
       36 H8     1s         0.3208    0.1849   -0.2173   -0.3040    0.0905    0.3465    0.3758    0.0705   -0.3883   -0.2730
       37 H8     2s         0.0628    0.0307   -0.0543   -0.0660    0.0321    0.0926    0.1128    0.0168   -0.1291   -0.0886
       38 H8     2px       -0.0000   -0.0000   -0.0000    0.0000    0.0000   -0.0000   -0.0000   -0.0000    0.0000    0.0000
       39 H8     2py        0.0000   -0.0000   -0.0000   -0.0000    0.0000    0.0000    0.0000   -0.0000   -0.0000    0.0000
       40 H8     2pz       -0.0045   -0.0002    0.0060    0.0032   -0.0057   -0.0079    0.0095    0.0096   -0.0019   -0.0101
       41 H9     1s         0.2568    0.3244    0.1443   -0.1552   -0.3423   -0.2715    0.2513    0.3947    0.2650   -0.1096
       42 H9     2s         0.0465    0.0671    0.0402   -0.0266   -0.0848   -0.0767    0.0722    0.1246    0.0907   -0.0335
       43 H9     2px        0.0000   -0.0000    0.0000   -0.0000   -0.0000    0.0000   -0.0000   -0.0000    0.0000    0.0000
       44 H9     2py       -0.0000    0.0000   -0.0000    0.0000   -0.0000   -0.0000   -0.0000   -0.0000    0.0000    0.0000
       45 H9     2pz        0.0023    0.0049    0.0054    0.0012   -0.0060   -0.0079   -0.0105   -0.0077    0.0036    0.0099
       46 H10    1s         0.2325    0.3316    0.2202   -0.0551   -0.3087   -0.3058   -0.3311   -0.3431   -0.0591    0.2899
       47 H10    2s         0.0471    0.0658    0.0391   -0.0240   -0.0827   -0.0795   -0.1009   -0.1052   -0.0145    0.0993
       48 H10    2px       -0.0000   -0.0000    0.0000    0.0000    0.0000   -0.0000    0.0000    0.0000   -0.0000    0.0000
       49 H10    2py       -0.0000   -0.0000   -0.0000   -0.0000   -0.0000    0.0000    0.0000    0.0000    0.0000   -0.0000
       50 H10    2pz       -0.0040   -0.0045   -0.0005    0.0051    0.0081    0.0060   -0.0062   -0.0108   -0.0102   -0.0037
       51 H11    1s         0.1318    0.2509    0.3292    0.3430    0.2858    0.1638   -0.1173   -0.2587   -0.3863   -0.4423
       52 H11    2s         0.0222    0.0469    0.0702    0.0842    0.0801    0.0505   -0.0305   -0.0767   -0.1244   -0.1483
       53 H11    2px       -0.0000   -0.0000    0.0000    0.0000    0.0000    0.0000   -0.0000    0.0000    0.0000    0.0000
       54 H11    2py        0.0000    0.0000    0.0000    0.0000    0.0000    0.0000   -0.0000   -0.0000   -0.0000   -0.0000
       55 H11    2pz        0.0006    0.0019    0.0041    0.0068    0.0082    0.0061    0.0079    0.0113    0.0093    0.0043
       56 H12    1s         0.1000    0.2008    0.2869    0.3362    0.3222    0.2092    0.2223    0.3642    0.4098    0.3753
       57 H12    2s         0.0203    0.0411    0.0597    0.0717    0.0706    0.0469    0.0662    0.1115    0.1290    0.1205
       58 H12    2px        0.0000    0.0000   -0.0000    0.0000    0.0000    0.0000    0.0000   -0.0000    0.0000    0.0000
       59 H12    2py        0.0000    0.0000    0.0000    0.0000    0.0000    0.0000    0.0000    0.0000    0.0000    0.0000
       60 H12    2pz       -0.0030   -0.0057   -0.0074   -0.0078   -0.0066   -0.0038    0.0015    0.0038    0.0065    0.0082
 
          Orbital           11        12        13        14        15    
          Energy           -0.0967   -0.0874    0.3133    0.3192    0.3289
          Occ. No.          0.0000    0.0000    0.0000    0.0000    0.0000
 
        1 H1     1s         0.2847   -0.1548   -0.0648    0.1167   -0.1419
        2 H1     2s         0.0923   -0.0503    0.1174   -0.2268    0.3107
        3 H1     2px        0.0000    0.0000    0.0000   -0.0000    0.0000
        4 H1     2py        0.0000    0.0000    0.0000   -0.0000    0.0000
        5 H1     2pz       -0.0078    0.0049   -0.0015    0.0024   -0.0025
        6 H2     1s        -0.3922    0.2329   -0.1116    0.1814   -0.1829
        7 H2     2s        -0.1331    0.0790    0.1427   -0.2444    0.2682
        8 H2     2px       -0.0000    0.0000   -0.0000    0.0000   -0.0000
        9 H2     2py       -0.0000    0.0000    0.0000   -0.0000    0.0000
       10 H2     2pz        0.0003   -0.0016    0.0019   -0.0023   -0.0004
       11 H3     1s         0.4619   -0.3405   -0.1349    0.1821   -0.1151
       12 H3     2s         0.1549   -0.1132    0.1866   -0.2666    0.1854
       13 H3     2px       -0.0000   -0.0000    0.0000    0.0000   -0.0000
       14 H3     2py       -0.0000   -0.0000   -0.0000   -0.0000    0.0000
       15 H3     2pz       -0.0039    0.0054   -0.0010    0.0021   -0.0044
       16 H4     1s        -0.4320    0.3908   -0.1631    0.1611   -0.0066
       17 H4     2s        -0.1444    0.1313    0.2218   -0.2328    0.0121
       18 H4     2px       -0.0000    0.0000    0.0000    0.0000   -0.0000
       19 H4     2py        0.0000   -0.0000   -0.0000   -0.0000    0.0000
       20 H4     2pz       -0.0065    0.0010    0.0027   -0.0008   -0.0049
       21 H5     1s         0.2685   -0.4464   -0.1795    0.1125    0.0955
       22 H5     2s         0.0915   -0.1490    0.2471   -0.1632   -0.1548
       23 H5     2px       -0.0000   -0.0000    0.0000   -0.0000   -0.0000
       24 H5     2py        0.0000   -0.0000   -0.0000   -0.0000    0.0000
       25 H5     2pz        0.0034    0.0047   -0.0021    0.0033   -0.0029
       26 H6     1s        -0.1319    0.4635   -0.1900    0.0371    0.1672
       27 H6     2s        -0.0425    0.1551    0.2607   -0.0549   -0.2674
       28 H6     2px        0.0000   -0.0000   -0.0000    0.0000    0.0000
       29 H6     2py        0.0000    0.0000    0.0000    0.0000    0.0000
       30 H6     2pz       -0.0080    0.0032    0.0027    0.0019   -0.0034
       31 H7     1s        -0.1319   -0.4635   -0.1900   -0.0371    0.1672
       32 H7     2s        -0.0425   -0.1551    0.2607    0.0549   -0.2674
       33 H7     2px        0.0000   -0.0000   -0.0000   -0.0000    0.0000
       34 H7     2py       -0.0000    0.0000   -0.0000   -0.0000    0.0000
       35 H7     2pz        0.0080    0.0032   -0.0027    0.0019    0.0034
       36 H8     1s         0.2685    0.4464   -0.1795   -0.1125    0.0955
       37 H8     2s         0.0915    0.1490    0.2471    0.1632   -0.1548
       38 H8     2px        0.0000   -0.0000   -0.0000   -0.0000    0.0000
       39 H8     2py       -0.0000   -0.0000   -0.0000    0.0000    0.0000
       40 H8     2pz       -0.0034    0.0047    0.0021    0.0033    0.0029
       41 H9     1s        -0.4320   -0.3908   -0.1631   -0.1611   -0.0066
       42 H9     2s        -0.1444   -0.1313    0.2218    0.2328    0.0121
       43 H9     2px       -0.0000   -0.0000   -0.0000    0.0000   -0.0000
       44 H9     2py        0.0000    0.0000    0.0000    0.0000    0.0000
       45 H9     2pz        0.0065    0.0010   -0.0027   -0.0008    0.0049
       46 H10    1s         0.4619    0.3405   -0.1349   -0.1821   -0.1151
       47 H10    2s         0.1549    0.1132    0.1866    0.2666    0.1854
       48 H10    2px       -0.0000   -0.0000    0.0000    0.0000   -0.0000
       49 H10    2py        0.0000    0.0000    0.0000    0.0000    0.0000
       50 H10    2pz        0.0039    0.0054    0.0010    0.0021    0.0044
       51 H11    1s        -0.3922   -0.2329   -0.1116   -0.1814   -0.1829
       52 H11    2s        -0.1331   -0.0790    0.1427    0.2444    0.2682
       53 H11    2px       -0.0000    0.0000    0.0000    0.0000   -0.0000
       54 H11    2py        0.0000    0.0000    0.0000   -0.0000    0.0000
       55 H11    2pz       -0.0003   -0.0016   -0.0019   -0.0023    0.0004
       56 H12    1s         0.2847    0.1548   -0.0648   -0.1167   -0.1419
       57 H12    2s         0.0923    0.0503    0.1174    0.2268    0.3107
       58 H12    2px        0.0000   -0.0000   -0.0000   -0.0000    0.0000
       59 H12    2py        0.0000   -0.0000   -0.0000   -0.0000    0.0000
       60 H12    2pz        0.0078    0.0049    0.0015    0.0024    0.0025
--
 
 
++    Molecular charges:
      ------------------
 
      Mulliken charges per centre and basis function type
      ---------------------------------------------------
 
                H1      H2      H3      H4      H5      H6      H7      H8      H9      H10     H11     H12   
      1s       0.8823  0.9218  0.9024  0.9086  0.9044  0.9060  0.9060  0.9044  0.9086  0.9024  0.9218  0.8823
      2s       0.0908  0.0977  0.0911  0.0928  0.0921  0.0923  0.0923  0.0921  0.0928  0.0911  0.0977  0.0908
      2px      0.0000  0.0000  0.0000  0.0000  0.0000  0.0000  0.0000  0.0000  0.0000  0.0000  0.0000  0.0000
      2pz      0.0027  0.0030  0.0030  0.0030  0.0030  0.0030  0.0030  0.0030  0.0030  0.0030  0.0030  0.0027
      2py      0.0000  0.0000  0.0000  0.0000  0.0000  0.0000  0.0000  0.0000  0.0000  0.0000  0.0000  0.0000
      Total    0.9758  1.0225  0.9965  1.0044  0.9995  1.0013  1.0013  0.9995  1.0044  0.9965  1.0225  0.9758
 
      N-E      0.0242 -0.0225  0.0035 -0.0044  0.0005 -0.0013 -0.0013  0.0005 -0.0044  0.0035 -0.0225  0.0242
 
      Total electronic charge=   12.000000
 
      Total            charge=   -0.000000
--
 
 
  Input file to MOLDEN was generated!
 
 
++    Static properties:
      ------------------
 
 
      LoProp Charges per center
 

                   H1       H2       H3       H4       H5       H6       H7       H8       H9       H10   
      Nuclear      1.0000   1.0000   1.0000   1.0000   1.0000   1.0000   1.0000   1.0000   1.0000   1.0000
      Electronic  -0.9836  -1.0140  -0.9973  -1.0042  -0.9996  -1.0013  -1.0013  -0.9996  -1.0042  -0.9973
 
      Total        0.0164  -0.0140   0.0027  -0.0042   0.0004  -0.0013  -0.0013   0.0004  -0.0042   0.0027
 

                   H11      H12   
      Nuclear      1.0000   1.0000
      Electronic  -1.0140  -0.9836
 
      Total       -0.0140   0.0164
--
 
 
++    Natural Bond Order analysis
      ---------------------------
      Based on LoProp computed density
      -------------------------------------------------------------------------------------
      Atom A       Atom B       Bond Order
      -------------------------------------------------------------------------------------
      NBO located      0.976 non-bonded electrons on atom H1        
      NBO located      1.002 non-bonded electrons on atom H3        
      NBO located      1.010 non-bonded electrons on atom H4        
      NBO located      1.005 non-bonded electrons on atom H5        
      NBO located      1.007 non-bonded electrons on atom H6        
      NBO located      1.007 non-bonded electrons on atom H7        
      NBO located      1.005 non-bonded electrons on atom H8        
      NBO located      1.010 non-bonded electrons on atom H9        
      NBO located      1.002 non-bonded electrons on atom H10       
      NBO located      0.976 non-bonded electrons on atom H12       
      The remaining    1.999 electrons are to be considered as diffuse
--
 
 
++    Molecular properties:
      ---------------------
 
      Charge (e):
                      =   -0.0000
      Dipole Moment (Debye):
      Origin of the operator (Ang)=    0.0000    0.0000    0.0000
                   X= -6.1715E-14               Y=  1.3166E-15               Z= -5.4203E-07           Total=  5.4203E-07
      Quadrupole Moment (Debye*Ang):
      Origin of the operator (Ang)=    0.0000    0.0000   15.4333
                  XX= -2.9495E+01              XY= -2.3974E-28              XZ=  9.1047E-13              YY= -2.9495E+01
                  YZ= -1.2764E-13              ZZ=  4.1474E+00
      In traceless form (Debye*Ang)
                  XX= -1.6821E+01              XY= -3.5960E-28              XZ=  1.3657E-12              YY= -1.6821E+01
                  YZ= -1.9146E-13              ZZ=  3.3643E+01
--
 
 
  Input file to MOLDEN was generated!
 
 ###############################################################################
 ###############################################################################
 ###                                                                         ###
 ###                                                                         ###
 ###    RunFile label nBas                                                   ###
 ###    was used       78 times                                              ###
 ###                                                                         ###
 ###                                                                         ###
 ###############################################################################
 ###############################################################################
forrtl: warning (528): IEEE_UNDERFLOW is signaling
--- Stop Module: scf at Wed Oct 29 06:09:09 2025 /rc=_RC_ALL_IS_WELL_ ---
*** files: H12_2.81.LprOrb H12_2.81.LoProp.molden H12_2.81.scf.molden H12_2.81.ScfOrb H12_2.81.scf.h5 xmldump
    saved to directory /home/grierjones/DDCASPT2/hydrogen_comps/rerun/H12_chain/H12_2.81
--- Module scf spent 1 second ---

>>> COPY /tmp/H12_2.81/H12_2.81.scf.h5 /home/grierjones/DDCASPT2/hydrogen_comps/rerun/H12_chain/H12_2.81/

*** symbolic link created: INPORB -> H12_2.81.ScfOrb
--- Start Module: rasscf at Wed Oct 29 06:09:09 2025 ---
 
()()()()()()()()()()()()()()()()()()()()()()()()()()()()()()()()()()()()()()()()()()()()()()()()()()

                                              &RASSCF

                                   only a single process is used
                       available to each process: 2.0 GB of memory, 1 thread?
()()()()()()()()()()()()()()()()()()()()()()()()()()()()()()()()()()()()()()()()()()()()()()()()()()
 
 
      Header of the ONEINT file:
      --------------------------
      
      Integrals generated by seward 4.2.0  , Wed Oct 29 06:09:05 2025
 
 
      OrdInt status: non-squared
 
 
      Cartesian coordinates in Angstrom:
      -----------------------------------------------------
      No.  Label        X            Y            Z        
      -----------------------------------------------------
       1   H1         0.00000000   0.00000000   0.00000000
       2   H2         0.00000000   0.00000000   2.80606100
       3   H3         0.00000000   0.00000000   5.61212100
       4   H4         0.00000000   0.00000000   8.41818200
       5   H5         0.00000000   0.00000000  11.22424200
       6   H6         0.00000000   0.00000000  14.03030300
       7   H7         0.00000000   0.00000000  16.83636400
       8   H8         0.00000000   0.00000000  19.64242400
       9   H9         0.00000000   0.00000000  22.44848500
      10   H10        0.00000000   0.00000000  25.25454500
      11   H11        0.00000000   0.00000000  28.06060600
      12   H12        0.00000000   0.00000000  30.86666700
      -----------------------------------------------------
      Nuclear repulsion energy =    4.75957428
 
++    Wave function specifications:
      -----------------------------
 
      Number of closed shell electrons           0
      Number of electrons in active shells      12
      Max number of holes in RAS1 space          0
      Max nr of electrons in RAS3 space          0
      Number of inactive orbitals                0
      Number of active orbitals                 12
      Number of secondary orbitals              48
      Spin quantum number                      0.0
      State symmetry                             1
--
 
++    Orbital specifications:
      -----------------------
 
      Symmetry species                           1
                                                 a
      Frozen orbitals                            0
      Inactive orbitals                          0
      Active orbitals                           12
      RAS1 orbitals                              0
      RAS2 orbitals                             12
      RAS3 orbitals                              0
      Secondary orbitals                        48
      Deleted orbitals                           0
      Number of basis functions                 60
--
 
++    CI expansion specifications:
      ----------------------------
 
      Number of CSFs                        226512
      Number of determinants                427350
      Number of root(s) required                 1
      Root chosen for geometry opt.              1
      CI root used                               1
         
      highest root included in the CI            1
      max. size of the explicit Hamiltonian    200
--
 
++    Optimization specifications:
      ----------------------------
 
      RASSCF algorithm: Conventional
      Maximum number of macro iterations       200
      Maximum number of SX iterations          100
      Threshold for RASSCF energy            0.100E-07
      Threshold for max MO rotation          0.100E+00
      Threshold for max BLB element          0.100E-03
      Level shift parameter                  0.500E+00
      Make Quasi-Newton update
--
 
      The MO-coefficients are taken from the file:
      /home/grierjones/DDCASPT2/hydrogen_comps/rerun/H12_chain/H12_2.49/H12_2.49.RasOrb                                               
      Title: RASSCF average (pseudo-natural) orbitals                                      
 
      Total molecular charge    0.00
 
      ************************************************************************************************************************
      *                                                                                                                      *
      *                                            Wave function control section                                             *
      *                                                                                                                      *
      ************************************************************************************************************************
 
 
                                         RASSCF iterations: Energy and convergence statistics
                                         ----------------------------------------------------
 
      Iter CI   SX   CI       RASSCF       Energy    max ROT     max BLB   max BLB  Level Ln srch  Step   QN   Walltime
          iter iter root      energy       change     param      element    value   shift minimum  type update hh:mm:ss
 Nr of preliminary CI iterations:  10
        1   1    5    1    -5.98815015    0.00E+00  -0.88E-02    6  20 1 -0.61E-02*  0.00   0.00    SX    NO    0:00:59
        2   1    4    1    -5.98855420   -0.40E-03*  0.39E-02    1  13 1  0.25E-02*  0.00   0.00    SX    NO    0:00:10
        3   2    4    1    -5.98858724   -0.33E-04* -0.12E-02    1  13 1 -0.77E-03*  0.01   0.00    SX    NO    0:00:22
        No convergence in the CI section: MAXJT will be increased to 
 60
        4  48    4    1    -5.98878977   -0.20E-03* -0.63E-03    7  19 1 -0.38E-03*  0.00   0.00    SX    NO    0:03:22
        No convergence in the CI section: MAXJT will be increased to 
 72
        5  60    4    1    -5.98885891   -0.69E-04*  0.15E-03    1  13 1 -0.14E-03*  0.00   1.00    QN   YES    0:03:59
        6  11    4    1    -5.98886943   -0.11E-04* -0.99E-04    7  19 1  0.45E-04   0.00   1.00    QN   YES    0:00:53
        No convergence in the CI section: MAXJT will be increased to 
 96
        7  84    4    1    -5.98887367   -0.42E-05*  0.43E-03    6  20 1  0.49E-04   0.01   1.00    QN   YES    0:05:41
        No convergence in the CI section: MAXJT will be increased to 
 108
        8  96    4    1    -5.98887496   -0.13E-05*  0.34E-03    7  19 1 -0.20E-03*  0.01   0.89    QN   YES    0:01:54
        No convergence in the CI section: MAXJT will be increased to 
 120
        9 108    4    1    -5.98887599   -0.10E-05* -0.11E-03    7  19 1  0.88E-04   0.01   0.92    QN   YES    0:02:07
        No convergence in the CI section: MAXJT will be increased to 
 132
       10 120    4    1    -5.98887640   -0.41E-06* -0.12E-03    6  20 1  0.48E-04   0.01   1.04    QN   YES    0:02:20
        No convergence in the CI section: MAXJT will be increased to 
 144
       11 132    3    1    -5.98887660   -0.20E-06* -0.19E-04    7  19 1 -0.13E-04   0.01   0.99    QN   YES    0:02:34
       12   2    3    1    -5.98887661   -0.18E-08   0.50E-05   12  60 1  0.40E-05   0.01   0.94    QN   YES    0:00:07
      Convergence after 12 iterations
 
  Dmat in MO in SXCTL bf call to SXHAM                                                                                    
  mat. size =    12x   12
 
        1.2505548822385042
        0.0000000014336647      1.2342296292522261
        0.0001952952368789     -0.0000000054367251      1.2075253142323903
       -0.0000000383875906      0.0003959070086375      0.0000000390775000      1.1715457614232705
        0.0001867003897212     -0.0000000450967957      0.0004223978113106      0.0000000512576465      1.1285242704504954
        0.0000000205729540      0.0001971002848932     -0.0000001161766808      0.0002732104376569      0.0000003671244506
        1.0824928060000669
        0.0000886247033503     -0.0000000634563441      0.0001382832633977      0.0000002445906156     -0.0014146356238408
        0.0000000012877816      0.9197229095667240
       -0.0000000562892640      0.0002120899643859      0.0000002136186759     -0.0012499921873097     -0.0000000000116595
        0.0018027444658224     -0.0000003573482783      0.8731044517939043
        0.0001482499384322      0.0000001703585433     -0.0008701773377391      0.0000000010721379      0.0020791101534761
       -0.0000002423455253     -0.0001617794450046     -0.0000000502000764      0.8290917098004275
        0.0000001377466507     -0.0005720729463996      0.0000000001688701      0.0018439694364186     -0.0000002119136750
        0.0003230427735309      0.0000001132908698     -0.0002843199816510     -0.0000000395418462      0.7919219376747297
       -0.0003783945052018     -0.0000000006115430      0.0012869886922647     -0.0000001692437413      0.0004153370816996
        0.0000000627599703     -0.0000358504508853      0.0000000430648132     -0.0002936525354722      0.0000000026840273
        0.7641337099321017
        0.0000000012494527      0.0006524777861788     -0.0000001396028878      0.0002653058968929      0.0000000553369611
        0.0001171929232575     -0.0000000197140166     -0.0000833417064564      0.0000000404548256     -0.0001434129846961
       -0.0000000098132691      0.7471526176430344
       13   1    3    1    -5.98887661   -0.26E-09   0.50E-05   12  60 1  0.45E-06   0.01   0.94    QN   YES    0:00:07
 
      ************************************************************************************************************************
                                                      Wave function printout:
                       occupation of active orbitals, and spin coupling of open shells (u,d: Spin up or down)
      ************************************************************************************************************************
 
      Note: transformation to natural orbitals
      has been made, which may change the order of the CSFs.
 
      printout of CI-coefficients larger than  0.05 for root  1
      energy=      -5.988877
      conf/sym  111111111111     Coeff  Weight
             1  222222000000  -0.16390 0.02686
            38  222220200000   0.08470 0.00717
            60  2222udud0000  -0.09363 0.00877
            83  222u2du0d000   0.07598 0.00577
           107  22u22du00d00  -0.06642 0.00441
           132  2u222du000d0   0.06154 0.00379
           158  u2222du0000d  -0.07620 0.00581
           166  222202020000   0.05965 0.00356
           189  222ud20ud000  -0.07410 0.00549
           213  22u2d20u0d00   0.06419 0.00412
           238  2u22d20u00d0  -0.06669 0.00445
           264  u222d20u000d   0.05780 0.00334
           298  22ud2200ud00  -0.06917 0.00478
           323  2u2d2200u0d0   0.05842 0.00341
           349  u22d2200u00d  -0.05569 0.00310
           387  2ud222000ud0  -0.05833 0.00340
           413  u2d222000u0d   0.05593 0.00313
           456  ud22220000ud  -0.05864 0.00344
          5604  222200220000  -0.05377 0.00289
          5710  222ud02ud000   0.05621 0.00316
          7713  22udududud00  -0.05442 0.00296
 
      Natural orbitals and occupation numbers for root  1
      sym 1:   1.250556   1.234234   1.207532   1.171558   1.128546   1.082508   0.919713   0.873085   0.829076   0.791911
               0.764128   0.747151
 
      ************************************************************************************************************************
      *                                                                                                                      *
      *                                                    Final results                                                     *
      *                                                                                                                      *
      ************************************************************************************************************************
 
 
++    Wave function specifications:
      -----------------------------
 
      Number of closed shell electrons           0
      Number of electrons in active shells      12
      Max number of holes in RAS1 space          0
      Max nr of electrons in RAS3 space          0
      Number of inactive orbitals                0
      Number of active orbitals                 12
      Number of secondary orbitals              48
      Spin quantum number                      0.0
      State symmetry                             1
--
 
++    Orbital specifications:
      -----------------------
 
      Symmetry species                           1
                                                 a
      Frozen orbitals                            0
      Inactive orbitals                          0
      Active orbitals                           12
      RAS1 orbitals                              0
      RAS2 orbitals                             12
      RAS3 orbitals                              0
      Secondary orbitals                        48
      Deleted orbitals                           0
      Number of basis functions                 60
--
 
++    CI expansion specifications:
      ----------------------------
 
      Number of CSFs                        226512
      Number of determinants                427350
      Number of root(s) required                 1
      CI root used                               1
      highest root included in the CI            1
      Root passed to geometry opt.               1
--
 
++    Final optimization conditions:
      ------------------------------
 
      Average CI energy                              -5.98887661
      RASSCF energy for state  1                     -5.98887661
      Super-CI energy                                -0.00000000
      RASSCF energy change                            0.00000000
      Max change in MO coefficients              -0.275E-05
      Max non-diagonal density matrix element     0.496E-05
      Maximum BLB matrix element                  0.453E-06
      (orbital pair  12,  60 in symmetry   1)
      Norm of electronic gradient            0.126E-05
--
 
 
      Final state energy(ies):
      ------------------------
 
::    RASSCF root number  1 Total energy:     -5.98887661
 
++    Molecular orbitals:
      -------------------
 
      Pseudonatural active orbitals and approximate occupation numbers
 
 
 
 
      Molecular orbitals for symmetry species 1: a  
 
 
      Orbital                1         2         3         4         5         6         7         8         9        10
      Energy            0.0000    0.0000    0.0000    0.0000    0.0000    0.0000    0.0000    0.0000    0.0000    0.0000
      Occ. No.          1.2506    1.2342    1.2075    1.1716    1.1285    1.0825    0.9197    0.8731    0.8291    0.7919
 
    1 H1     1s         0.1262   -0.2365    0.3157   -0.3498    0.3243   -0.2237    0.2362   -0.3528    0.3914   -0.3621
    2 H1     2s         0.0095   -0.0179    0.0242   -0.0273    0.0261   -0.0186    0.0234   -0.0373    0.0444   -0.0438
    3 H1     2px        0.0000   -0.0000    0.0000   -0.0000    0.0000   -0.0000    0.0000   -0.0000    0.0000    0.0000
    4 H1     2py        0.0000    0.0000    0.0000   -0.0000   -0.0000    0.0000   -0.0000    0.0000    0.0000    0.0000
    5 H1     2pz        0.0002   -0.0004    0.0004   -0.0003    0.0002   -0.0001    0.0003   -0.0008    0.0013   -0.0016
    6 H2     1s         0.1767   -0.3096    0.3673   -0.3391    0.2398   -0.1106   -0.0952    0.2398   -0.3733    0.4335
    7 H2     2s         0.0114   -0.0217    0.0295   -0.0323    0.0279   -0.0165   -0.0045    0.0224   -0.0452    0.0610
    8 H2     2px       -0.0000    0.0000    0.0000   -0.0000   -0.0000   -0.0000   -0.0000    0.0000   -0.0000    0.0000
    9 H2     2py       -0.0000    0.0000   -0.0000    0.0000    0.0000    0.0000    0.0000   -0.0000   -0.0000   -0.0000
   10 H2     2pz        0.0003   -0.0004    0.0001    0.0002   -0.0004    0.0003    0.0003   -0.0007    0.0008   -0.0004
   11 H3     1s         0.2503   -0.3424    0.2127    0.0658   -0.3148    0.3439   -0.3592    0.3326   -0.0559   -0.2686
   12 H3     2s         0.0179   -0.0238    0.0124    0.0110   -0.0323    0.0344   -0.0402    0.0381   -0.0031   -0.0426
   13 H3     2px        0.0000   -0.0000    0.0000   -0.0000    0.0000   -0.0000   -0.0000    0.0000    0.0000    0.0000
   14 H3     2py       -0.0000    0.0000   -0.0000    0.0000   -0.0000    0.0000    0.0000    0.0000    0.0000   -0.0000
   15 H3     2pz       -0.0000    0.0003   -0.0005    0.0005   -0.0001   -0.0001   -0.0002    0.0007   -0.0010    0.0004
   16 H4     1s         0.2871   -0.3224    0.0735    0.2463   -0.3714    0.2324    0.2283   -0.4043    0.2947    0.0750
   17 H4     2s         0.0192   -0.0243    0.0093    0.0170   -0.0341    0.0267    0.0215   -0.0491    0.0429    0.0079
   18 H4     2px       -0.0000   -0.0000   -0.0000   -0.0000   -0.0000   -0.0000   -0.0000    0.0000    0.0000   -0.0000
   19 H4     2py       -0.0000    0.0000    0.0000    0.0000    0.0000    0.0000    0.0000   -0.0000   -0.0000   -0.0000
   20 H4     2pz        0.0003   -0.0000   -0.0004    0.0005   -0.0001   -0.0001   -0.0006    0.0006    0.0004   -0.0011
   21 H5     1s         0.3262   -0.1962   -0.2156    0.3273    0.0460   -0.3802    0.3928   -0.0333   -0.3837    0.2491
   22 H5     2s         0.0227   -0.0119   -0.0191    0.0253    0.0088   -0.0388    0.0427    0.0003   -0.0539    0.0345
   23 H5     2px        0.0000    0.0000    0.0000   -0.0000    0.0000   -0.0000    0.0000    0.0000   -0.0000   -0.0000
   24 H5     2py        0.0000   -0.0000   -0.0000   -0.0000   -0.0000    0.0000   -0.0000    0.0000    0.0000   -0.0000
   25 H5     2pz       -0.0002    0.0004   -0.0003   -0.0003    0.0004    0.0000    0.0004   -0.0008   -0.0001    0.0011
   26 H6     1s         0.3395   -0.0967   -0.3173    0.1981    0.2594   -0.3358   -0.3412    0.2960    0.2161   -0.3871
   27 H6     2s         0.0232   -0.0092   -0.0226    0.0197    0.0202   -0.0357   -0.0355    0.0396    0.0264   -0.0586
   28 H6     2px       -0.0000   -0.0000   -0.0000    0.0000   -0.0000    0.0000   -0.0000   -0.0000    0.0000   -0.0000
   29 H6     2py        0.0000    0.0000    0.0000   -0.0000    0.0000   -0.0000    0.0000    0.0000   -0.0000    0.0000
   30 H6     2pz        0.0002    0.0003   -0.0004   -0.0003    0.0003    0.0001    0.0006    0.0003   -0.0011    0.0000
   31 H7     1s         0.3395    0.0967   -0.3173   -0.1981    0.2594    0.3358   -0.3412   -0.2960    0.2161    0.3871
   32 H7     2s         0.0232    0.0092   -0.0226   -0.0197    0.0202    0.0357   -0.0355   -0.0396    0.0264    0.0586
   33 H7     2px       -0.0000    0.0000    0.0000    0.0000    0.0000    0.0000   -0.0000   -0.0000    0.0000    0.0000
   34 H7     2py       -0.0000    0.0000   -0.0000   -0.0000   -0.0000   -0.0000   -0.0000    0.0000    0.0000   -0.0000
   35 H7     2pz       -0.0002    0.0003    0.0004   -0.0003   -0.0003    0.0001   -0.0006    0.0003    0.0011    0.0000
   36 H8     1s         0.3262    0.1962   -0.2156   -0.3273    0.0461    0.3802    0.3928    0.0333   -0.3837   -0.2491
   37 H8     2s         0.0227    0.0119   -0.0191   -0.0253    0.0088    0.0388    0.0427   -0.0003   -0.0539   -0.0345
   38 H8     2px        0.0000    0.0000   -0.0000    0.0000    0.0000    0.0000    0.0000   -0.0000   -0.0000    0.0000
   39 H8     2py       -0.0000   -0.0000    0.0000   -0.0000    0.0000   -0.0000    0.0000    0.0000   -0.0000    0.0000
   40 H8     2pz        0.0002    0.0004    0.0003   -0.0003   -0.0004    0.0000   -0.0004   -0.0008    0.0001    0.0011
   41 H9     1s         0.2871    0.3224    0.0735   -0.2463   -0.3714   -0.2324    0.2283    0.4043    0.2947   -0.0750
   42 H9     2s         0.0192    0.0243    0.0093   -0.0170   -0.0341   -0.0267    0.0215    0.0491    0.0429   -0.0079
   43 H9     2px        0.0000    0.0000    0.0000    0.0000   -0.0000    0.0000    0.0000    0.0000    0.0000    0.0000
   44 H9     2py       -0.0000   -0.0000   -0.0000   -0.0000   -0.0000   -0.0000   -0.0000    0.0000    0.0000    0.0000
   45 H9     2pz       -0.0003   -0.0000    0.0004    0.0005    0.0001   -0.0001    0.0006    0.0006   -0.0004   -0.0011
   46 H10    1s         0.2503    0.3424    0.2127   -0.0658   -0.3148   -0.3439   -0.3592   -0.3326   -0.0559    0.2686
   47 H10    2s         0.0179    0.0238    0.0124   -0.0110   -0.0323   -0.0344   -0.0402   -0.0381   -0.0031    0.0426
   48 H10    2px       -0.0000   -0.0000   -0.0000   -0.0000   -0.0000   -0.0000   -0.0000   -0.0000    0.0000   -0.0000
   49 H10    2py       -0.0000    0.0000   -0.0000   -0.0000    0.0000   -0.0000    0.0000    0.0000   -0.0000    0.0000
   50 H10    2pz        0.0000    0.0003    0.0005    0.0005    0.0001   -0.0001    0.0002    0.0007    0.0010    0.0004
   51 H11    1s         0.1767    0.3096    0.3673    0.3391    0.2398    0.1106   -0.0952   -0.2398   -0.3733   -0.4335
   52 H11    2s         0.0114    0.0217    0.0295    0.0323    0.0279    0.0165   -0.0045   -0.0224   -0.0452   -0.0610
   53 H11    2px       -0.0000   -0.0000    0.0000   -0.0000    0.0000   -0.0000    0.0000   -0.0000   -0.0000   -0.0000
   54 H11    2py       -0.0000   -0.0000    0.0000   -0.0000   -0.0000    0.0000   -0.0000   -0.0000   -0.0000    0.0000
   55 H11    2pz       -0.0003   -0.0004   -0.0001    0.0002    0.0004    0.0003   -0.0003   -0.0007   -0.0008   -0.0004
   56 H12    1s         0.1262    0.2365    0.3157    0.3498    0.3243    0.2237    0.2362    0.3528    0.3914    0.3621
   57 H12    2s         0.0095    0.0179    0.0242    0.0273    0.0261    0.0186    0.0234    0.0373    0.0444    0.0438
   58 H12    2px        0.0000   -0.0000    0.0000   -0.0000   -0.0000   -0.0000    0.0000   -0.0000    0.0000   -0.0000
   59 H12    2py        0.0000   -0.0000   -0.0000   -0.0000   -0.0000   -0.0000   -0.0000   -0.0000   -0.0000    0.0000
   60 H12    2pz       -0.0002   -0.0004   -0.0004   -0.0003   -0.0002   -0.0001   -0.0003   -0.0008   -0.0013   -0.0016
 
 
      Orbital               11        12        13        14        15        16        17        18        19        20
      Energy            0.0000    0.0000    0.3236    0.3290    0.3388    0.3536    0.3745    0.4026    0.4384    0.4866
      Occ. No.          0.7641    0.7472    0.0000    0.0000    0.0000    0.0000    0.0000    0.0000    0.0000    0.0000
 
    1 H1     1s         0.2769   -0.1501   -0.0493    0.0825   -0.0917    0.0775   -0.0457    0.0033    0.0404   -0.0800
    2 H1     2s         0.0354   -0.0199    0.1272   -0.2343    0.3133   -0.3665    0.3995   -0.4181    0.4154   -0.3971
    3 H1     2px        0.0000    0.0000    0.0000   -0.0000    0.0000   -0.0000    0.0000   -0.0000   -0.0000   -0.0000
    4 H1     2py        0.0000   -0.0000    0.0000   -0.0000    0.0000   -0.0000   -0.0000    0.0000   -0.0000   -0.0000
    5 H1     2pz        0.0016   -0.0010   -0.0003    0.0003   -0.0003    0.0009   -0.0031    0.0085   -0.0185    0.0361
    6 H2     1s        -0.3843    0.2264   -0.0878    0.1372   -0.1336    0.0901   -0.0355   -0.0004   -0.0016    0.0436
    7 H2     2s        -0.0596    0.0371    0.1549   -0.2562    0.2757   -0.2127    0.0825    0.0928   -0.2776    0.4485
    8 H2     2px       -0.0000    0.0000   -0.0000    0.0000   -0.0000    0.0000   -0.0000   -0.0000    0.0000   -0.0000
    9 H2     2py        0.0000    0.0000    0.0000   -0.0000    0.0000   -0.0000   -0.0000    0.0000   -0.0000    0.0000
   10 H2     2pz       -0.0000    0.0002    0.0006   -0.0002   -0.0022    0.0081   -0.0183    0.0314   -0.0420    0.0428
   11 H3     1s         0.4264   -0.3135   -0.1066    0.1368   -0.0776   -0.0155    0.0713   -0.0590    0.0096    0.0117
   12 H3     2s         0.0674   -0.0506    0.1960   -0.2716    0.1806    0.0320   -0.2638    0.4012   -0.3548    0.1113
   13 H3     2px       -0.0000   -0.0000    0.0000    0.0000   -0.0000   -0.0000    0.0000   -0.0000    0.0000   -0.0000
   14 H3     2py       -0.0000   -0.0000   -0.0000   -0.0000    0.0000   -0.0000    0.0000    0.0000    0.0000   -0.0000
   15 H3     2pz        0.0006   -0.0008    0.0007    0.0002   -0.0037    0.0087   -0.0101   -0.0012    0.0308   -0.0758
   16 H4     1s        -0.3952    0.3651   -0.1233    0.1204   -0.0047   -0.0944    0.0864   -0.0158   -0.0073   -0.0423
   17 H4     2s        -0.0612    0.0603    0.2270   -0.2352    0.0054    0.2647   -0.3274    0.0857    0.2979   -0.5185
   18 H4     2px       -0.0000    0.0000    0.0000   -0.0000    0.0000   -0.0000    0.0000    0.0000   -0.0000   -0.0000
   19 H4     2py        0.0000   -0.0000    0.0000   -0.0000   -0.0000    0.0000   -0.0000   -0.0000    0.0000   -0.0000
   20 H4     2pz        0.0008   -0.0002    0.0006    0.0012   -0.0050    0.0056    0.0057   -0.0276    0.0357    0.0055
   21 H5     1s         0.2513   -0.4111   -0.1351    0.0802    0.0767   -0.1108    0.0057    0.0536   -0.0092    0.0130
   22 H5     2s         0.0415   -0.0672    0.2479   -0.1603   -0.1678    0.3081   -0.0335   -0.3569    0.3352    0.1838
   23 H5     2px       -0.0000   -0.0000   -0.0000   -0.0000   -0.0000   -0.0000   -0.0000   -0.0000   -0.0000    0.0000
   24 H5     2py       -0.0000    0.0000    0.0000   -0.0000    0.0000   -0.0000    0.0000    0.0000    0.0000    0.0000
   25 H5     2pz       -0.0004   -0.0006    0.0002    0.0021   -0.0039   -0.0028    0.0166   -0.0119   -0.0320    0.0720
   26 H6     1s        -0.1112    0.4295   -0.1409    0.0298    0.1236   -0.0504   -0.0772    0.0381    0.0085    0.0327
   27 H6     2s        -0.0155    0.0705    0.2588   -0.0557   -0.2781    0.1323    0.3031   -0.2451   -0.3168    0.4178
   28 H6     2px       -0.0000   -0.0000   -0.0000    0.0000    0.0000    0.0000   -0.0000    0.0000    0.0000   -0.0000
   29 H6     2py       -0.0000    0.0000    0.0000   -0.0000   -0.0000   -0.0000    0.0000    0.0000   -0.0000    0.0000
   30 H6     2pz        0.0010   -0.0004    0.0002    0.0024   -0.0017   -0.0083    0.0091    0.0219   -0.0339   -0.0461
   31 H7     1s        -0.1112   -0.4295   -0.1409   -0.0298    0.1236    0.0504   -0.0772   -0.0381    0.0085   -0.0327
   32 H7     2s        -0.0155   -0.0705    0.2588    0.0557   -0.2781   -0.1323    0.3031    0.2451   -0.3168   -0.4178
   33 H7     2px        0.0000   -0.0000    0.0000   -0.0000   -0.0000   -0.0000   -0.0000   -0.0000    0.0000    0.0000
   34 H7     2py        0.0000   -0.0000   -0.0000   -0.0000    0.0000   -0.0000    0.0000   -0.0000    0.0000   -0.0000
   35 H7     2pz       -0.0010   -0.0004   -0.0002    0.0024    0.0017   -0.0083   -0.0091    0.0219    0.0339   -0.0461
   36 H8     1s         0.2513    0.4111   -0.1351   -0.0802    0.0767    0.1108    0.0057   -0.0536   -0.0092   -0.0130
   37 H8     2s         0.0415    0.0672    0.2479    0.1603   -0.1678   -0.3081   -0.0335    0.3569    0.3352   -0.1838
   38 H8     2px        0.0000   -0.0000   -0.0000   -0.0000    0.0000   -0.0000   -0.0000   -0.0000   -0.0000    0.0000
   39 H8     2py       -0.0000    0.0000   -0.0000    0.0000   -0.0000    0.0000    0.0000    0.0000    0.0000    0.0000
   40 H8     2pz        0.0004   -0.0006   -0.0002    0.0021    0.0039   -0.0028   -0.0166   -0.0119    0.0320    0.0720
   41 H9     1s        -0.3952   -0.3651   -0.1233   -0.1204   -0.0047    0.0944    0.0864    0.0158   -0.0073    0.0423
   42 H9     2s        -0.0612   -0.0603    0.2270    0.2352    0.0054   -0.2647   -0.3274   -0.0857    0.2979    0.5185
   43 H9     2px       -0.0000    0.0000   -0.0000   -0.0000   -0.0000   -0.0000    0.0000    0.0000   -0.0000   -0.0000
   44 H9     2py        0.0000    0.0000    0.0000    0.0000    0.0000    0.0000    0.0000    0.0000   -0.0000   -0.0000
   45 H9     2pz       -0.0008   -0.0002   -0.0006    0.0012    0.0050    0.0056   -0.0057   -0.0276   -0.0357    0.0055
   46 H10    1s         0.4264    0.3135   -0.1066   -0.1368   -0.0776    0.0155    0.0713    0.0590    0.0096   -0.0117
   47 H10    2s         0.0674    0.0506    0.1960    0.2716    0.1806   -0.0320   -0.2638   -0.4012   -0.3548   -0.1113
   48 H10    2px        0.0000   -0.0000   -0.0000   -0.0000    0.0000   -0.0000   -0.0000    0.0000    0.0000   -0.0000
   49 H10    2py       -0.0000    0.0000    0.0000    0.0000    0.0000   -0.0000   -0.0000    0.0000   -0.0000   -0.0000
   50 H10    2pz       -0.0006   -0.0008   -0.0007    0.0002    0.0037    0.0087    0.0101   -0.0012   -0.0308   -0.0758
   51 H11    1s        -0.3843   -0.2264   -0.0878   -0.1372   -0.1336   -0.0901   -0.0355    0.0004   -0.0016   -0.0436
   52 H11    2s        -0.0596   -0.0371    0.1549    0.2562    0.2757    0.2127    0.0825   -0.0928   -0.2776   -0.4485
   53 H11    2px        0.0000   -0.0000    0.0000    0.0000    0.0000   -0.0000   -0.0000   -0.0000    0.0000    0.0000
   54 H11    2py        0.0000   -0.0000    0.0000    0.0000   -0.0000   -0.0000    0.0000    0.0000    0.0000   -0.0000
   55 H11    2pz        0.0000    0.0002   -0.0006   -0.0002    0.0022    0.0081    0.0183    0.0314    0.0420    0.0428
   56 H12    1s         0.2769    0.1501   -0.0493   -0.0825   -0.0917   -0.0775   -0.0457   -0.0033    0.0404    0.0800
   57 H12    2s         0.0354    0.0199    0.1272    0.2343    0.3133    0.3665    0.3995    0.4181    0.4154    0.3971
   58 H12    2px       -0.0000    0.0000   -0.0000   -0.0000    0.0000   -0.0000    0.0000   -0.0000   -0.0000   -0.0000
   59 H12    2py       -0.0000   -0.0000    0.0000    0.0000    0.0000   -0.0000    0.0000    0.0000    0.0000   -0.0000
   60 H12    2pz       -0.0016   -0.0010    0.0003    0.0003    0.0003    0.0009    0.0031    0.0085    0.0185    0.0361
 
 
      Orbital               21        22        23        24        25        26        27        28        29        30
      Energy            0.5458    0.6158    0.6910    0.7615    0.7766    0.8818    0.8818    0.8873    0.8873    0.8964
      Occ. No.          0.0000    0.0000    0.0000    0.0000    0.0000    0.0000    0.0000    0.0000    0.0000    0.0000
 
    1 H1     1s         0.1076   -0.1162    0.1025    0.0899    0.0649   -0.0000    0.0000    0.0000    0.0000   -0.0000
    2 H1     2s         0.3681   -0.3159    0.2401    0.1889    0.1330   -0.0000   -0.0000    0.0000    0.0000   -0.0000
    3 H1     2px       -0.0000   -0.0000    0.0000   -0.0000    0.0000    0.0868   -0.0215   -0.1545    0.0799    0.1704
    4 H1     2py       -0.0000    0.0000    0.0000    0.0000    0.0000    0.0215    0.0868   -0.0799   -0.1545    0.1821
    5 H1     2pz       -0.0644    0.1060   -0.1618   -0.2932   -0.2633   -0.0000   -0.0000   -0.0000    0.0000   -0.0000
    6 H2     1s        -0.1061    0.1535   -0.1496   -0.1072   -0.0648    0.0000    0.0000   -0.0000   -0.0000    0.0000
    7 H2     2s        -0.5647    0.5796   -0.4661   -0.3068   -0.1867    0.0000    0.0000   -0.0000   -0.0000    0.0000
    8 H2     2px        0.0000    0.0000    0.0000    0.0000    0.0000    0.1711   -0.0423   -0.2780    0.1437    0.2597
    9 H2     2py        0.0000    0.0000   -0.0000    0.0000    0.0000    0.0423    0.1711   -0.1437   -0.2780    0.2776
   10 H2     2pz       -0.0229   -0.0305    0.1237    0.3201    0.3030   -0.0000   -0.0000    0.0000    0.0000   -0.0000
   11 H3     1s         0.0407   -0.1363    0.1788    0.1192    0.0574   -0.0000   -0.0000    0.0000    0.0000   -0.0000
   12 H3     2s         0.2374   -0.5246    0.5560    0.3340    0.1614    0.0000   -0.0000    0.0000    0.0000   -0.0000
   13 H3     2px        0.0000   -0.0000    0.0000    0.0000    0.0000    0.2449   -0.0605   -0.3366    0.1740    0.2165
   14 H3     2py       -0.0000    0.0000    0.0000    0.0000    0.0000    0.0605    0.2449   -0.1740   -0.3366    0.2314
   15 H3     2pz        0.1111   -0.0944   -0.0115   -0.2627   -0.2780    0.0000    0.0000   -0.0000   -0.0000    0.0000
   16 H4     1s         0.0579    0.0473   -0.1660   -0.1210   -0.0422   -0.0000    0.0000    0.0000   -0.0000    0.0000
   17 H4     2s         0.3251    0.1779   -0.5124   -0.3318   -0.1141    0.0000   -0.0000   -0.0000   -0.0000    0.0000
   18 H4     2px       -0.0000    0.0000   -0.0000    0.0000    0.0000    0.3038   -0.0751   -0.3175    0.1641    0.0640
   19 H4     2py        0.0000    0.0000   -0.0000    0.0000    0.0000    0.0751    0.3038   -0.1641   -0.3175    0.0684
   20 H4     2pz       -0.1002    0.1777   -0.1146    0.1873    0.2475   -0.0000   -0.0000    0.0000    0.0000   -0.0000
   21 H5     1s        -0.1045    0.0704    0.1160    0.1193    0.0246   -0.0000    0.0000   -0.0000   -0.0000   -0.0000
   22 H5     2s        -0.5781    0.2647    0.3583    0.3263    0.0665   -0.0000    0.0000   -0.0000    0.0000   -0.0000
   23 H5     2px        0.0000    0.0000    0.0000    0.0000   -0.0000    0.3452   -0.0853   -0.2250    0.1163   -0.1215
   24 H5     2py       -0.0000    0.0000   -0.0000    0.0000   -0.0000    0.0853    0.3452   -0.1163   -0.2250   -0.1299
   25 H5     2pz       -0.0051   -0.1673    0.2179   -0.1115   -0.2267    0.0000    0.0000   -0.0000   -0.0000    0.0000
   26 H6     1s         0.0521   -0.1492   -0.0418   -0.1184   -0.0083    0.0000   -0.0000    0.0000    0.0000   -0.0000
   27 H6     2s         0.2810   -0.5683   -0.1280   -0.3233   -0.0218    0.0000   -0.0000    0.0000   -0.0000   -0.0000
   28 H6     2px       -0.0000    0.0000    0.0000   -0.0000   -0.0000    0.3664   -0.0906   -0.0814    0.0421   -0.2451
   29 H6     2py        0.0000    0.0000    0.0000   -0.0000   -0.0000    0.0906    0.3664   -0.0421   -0.0814   -0.2619
   30 H6     2pz        0.1054    0.0678   -0.2757    0.0370    0.2165   -0.0000   -0.0000    0.0000    0.0000   -0.0000
   31 H7     1s         0.0521    0.1492   -0.0418    0.1184   -0.0083    0.0000    0.0000   -0.0000   -0.0000    0.0000
   32 H7     2s         0.2810    0.5683   -0.1280    0.3233   -0.0218   -0.0000    0.0000   -0.0000   -0.0000    0.0000
   33 H7     2px       -0.0000    0.0000   -0.0000   -0.0000    0.0000    0.3664   -0.0906    0.0814   -0.0421   -0.2451
   34 H7     2py       -0.0000    0.0000   -0.0000   -0.0000    0.0000    0.0906    0.3664    0.0421    0.0814   -0.2619
   35 H7     2pz       -0.1054    0.0678    0.2757    0.0370   -0.2165    0.0000   -0.0000    0.0000   -0.0000   -0.0000
   36 H8     1s        -0.1045   -0.0704    0.1160   -0.1193    0.0246   -0.0000   -0.0000   -0.0000    0.0000   -0.0000
   37 H8     2s        -0.5781   -0.2647    0.3583   -0.3263    0.0665   -0.0000   -0.0000    0.0000    0.0000   -0.0000
   38 H8     2px       -0.0000   -0.0000   -0.0000   -0.0000    0.0000    0.3452   -0.0853    0.2250   -0.1163   -0.1215
   39 H8     2py        0.0000   -0.0000   -0.0000    0.0000    0.0000    0.0853    0.3452    0.1163    0.2250   -0.1299
   40 H8     2pz        0.0051   -0.1673   -0.2179   -0.1115    0.2267   -0.0000    0.0000   -0.0000    0.0000    0.0000
   41 H9     1s         0.0579   -0.0473   -0.1660    0.1210   -0.0422   -0.0000    0.0000    0.0000   -0.0000    0.0000
   42 H9     2s         0.3251   -0.1779   -0.5124    0.3318   -0.1141    0.0000    0.0000   -0.0000    0.0000    0.0000
   43 H9     2px        0.0000   -0.0000    0.0000   -0.0000    0.0000    0.3038   -0.0751    0.3175   -0.1641    0.0640
   44 H9     2py       -0.0000    0.0000   -0.0000    0.0000   -0.0000    0.0751    0.3038    0.1641    0.3175    0.0684
   45 H9     2pz        0.1002    0.1777    0.1146    0.1873   -0.2475    0.0000   -0.0000    0.0000    0.0000   -0.0000
   46 H10    1s         0.0407    0.1363    0.1788   -0.1192    0.0574   -0.0000   -0.0000    0.0000   -0.0000   -0.0000
   47 H10    2s         0.2374    0.5246    0.5560   -0.3340    0.1614   -0.0000   -0.0000    0.0000   -0.0000    0.0000
   48 H10    2px       -0.0000   -0.0000   -0.0000   -0.0000   -0.0000    0.2449   -0.0605    0.3366   -0.1740    0.2165
   49 H10    2py        0.0000   -0.0000    0.0000   -0.0000   -0.0000    0.0605    0.2449    0.1740    0.3366    0.2314
   50 H10    2pz       -0.1111   -0.0944    0.0115   -0.2627    0.2780    0.0000    0.0000   -0.0000   -0.0000    0.0000
   51 H11    1s        -0.1061   -0.1535   -0.1496    0.1072   -0.0648    0.0000    0.0000   -0.0000    0.0000   -0.0000
   52 H11    2s        -0.5647   -0.5796   -0.4661    0.3068   -0.1867    0.0000    0.0000   -0.0000   -0.0000   -0.0000
   53 H11    2px        0.0000   -0.0000   -0.0000   -0.0000    0.0000    0.1711   -0.0423    0.2780   -0.1437    0.2597
   54 H11    2py       -0.0000   -0.0000   -0.0000   -0.0000   -0.0000    0.0423    0.1711    0.1437    0.2780    0.2776
   55 H11    2pz        0.0229   -0.0305   -0.1237    0.3201   -0.3030   -0.0000   -0.0000   -0.0000   -0.0000    0.0000
   56 H12    1s         0.1076    0.1162    0.1025   -0.0899    0.0649   -0.0000    0.0000    0.0000    0.0000    0.0000
   57 H12    2s         0.3681    0.3159    0.2401   -0.1889    0.1330   -0.0000   -0.0000    0.0000   -0.0000   -0.0000
   58 H12    2px       -0.0000    0.0000    0.0000    0.0000   -0.0000    0.0868   -0.0215    0.1545   -0.0799    0.1704
   59 H12    2py        0.0000   -0.0000    0.0000   -0.0000   -0.0000    0.0215    0.0868    0.0799    0.1545    0.1821
   60 H12    2pz        0.0644    0.1060    0.1618   -0.2932    0.2633   -0.0000    0.0000   -0.0000    0.0000   -0.0000
 
 
      Orbital               31        32        33        34        35        36        37        38        39        40
      Energy            0.8964    0.9084    0.9084    0.9230    0.9230    0.9392    0.9392    0.9566    0.9566    0.9719
      Occ. No.          0.0000    0.0000    0.0000    0.0000    0.0000    0.0000    0.0000    0.0000    0.0000    0.0000
 
    1 H1     1s        -0.0000    0.0000   -0.0000   -0.0000   -0.0000    0.0000    0.0000   -0.0000    0.0000   -0.0340
    2 H1     2s        -0.0000    0.0000   -0.0000   -0.0000    0.0000    0.0000    0.0000   -0.0000    0.0000   -0.0731
    3 H1     2px       -0.1821   -0.1813   -0.2543    0.1660    0.3182   -0.2588    0.2845    0.0884    0.3804   -0.0000
    4 H1     2py        0.1704   -0.2543    0.1813    0.3182   -0.1660   -0.2845   -0.2588    0.3804   -0.0884   -0.0000
    5 H1     2pz       -0.0000    0.0000   -0.0000   -0.0000    0.0000    0.0000    0.0000   -0.0000    0.0000   -0.1292
    6 H2     1s         0.0000   -0.0000    0.0000    0.0000   -0.0000   -0.0000   -0.0000    0.0000   -0.0000    0.1114
    7 H2     2s         0.0000   -0.0000    0.0000    0.0000   -0.0000   -0.0000   -0.0000    0.0000   -0.0000    0.2591
    8 H2     2px       -0.2776   -0.2107   -0.2954    0.1218    0.2335   -0.0690    0.0758   -0.0194   -0.0837    0.0000
    9 H2     2py        0.2597   -0.2954    0.2107    0.2335   -0.1218   -0.0758   -0.0690   -0.0837    0.0194    0.0000
   10 H2     2pz        0.0000    0.0000   -0.0000   -0.0000    0.0000    0.0000   -0.0000    0.0000   -0.0000    0.1848
   11 H3     1s        -0.0000    0.0000   -0.0000   -0.0000    0.0000    0.0000    0.0000   -0.0000    0.0000   -0.2077
   12 H3     2s        -0.0000    0.0000   -0.0000   -0.0000    0.0000    0.0000    0.0000   -0.0000    0.0000   -0.4938
   13 H3     2px       -0.2314   -0.0555   -0.0778   -0.0818   -0.1567    0.2444   -0.2687   -0.0838   -0.3609    0.0000
   14 H3     2py        0.2165   -0.0778    0.0555   -0.1567    0.0818    0.2687    0.2444   -0.3609    0.0838    0.0000
   15 H3     2pz        0.0000   -0.0000    0.0000    0.0000   -0.0000   -0.0000   -0.0000    0.0000    0.0000   -0.1821
   16 H4     1s         0.0000   -0.0000    0.0000    0.0000   -0.0000   -0.0000   -0.0000    0.0000   -0.0000    0.2971
   17 H4     2s         0.0000   -0.0000    0.0000    0.0000   -0.0000   -0.0000   -0.0000    0.0000   -0.0000    0.7124
   18 H4     2px       -0.0684    0.1471    0.2063   -0.1785   -0.3421    0.1255   -0.1380    0.0406    0.1749   -0.0000
   19 H4     2py        0.0640    0.2063   -0.1471   -0.3421    0.1785    0.1380    0.1255    0.1749   -0.0406   -0.0000
   20 H4     2pz       -0.0000    0.0000   -0.0000   -0.0000    0.0000    0.0000    0.0000   -0.0000    0.0000    0.1472
   21 H5     1s        -0.0000    0.0000   -0.0000   -0.0000    0.0000    0.0000    0.0000    0.0000    0.0000   -0.3647
   22 H5     2s        -0.0000    0.0000   -0.0000   -0.0000    0.0000    0.0000    0.0000    0.0000    0.0000   -0.8748
   23 H5     2px        0.1299    0.2225    0.3119   -0.0435   -0.0833   -0.2160    0.2374    0.0738    0.3179    0.0000
   24 H5     2py       -0.1215    0.3119   -0.2225   -0.0833    0.0435   -0.2374   -0.2160    0.3179   -0.0738    0.0000
   25 H5     2pz        0.0000   -0.0000    0.0000    0.0000   -0.0000   -0.0000   -0.0000    0.0000   -0.0000   -0.0938
   26 H6     1s        -0.0000    0.0000   -0.0000    0.0000    0.0000    0.0000   -0.0000   -0.0000   -0.0000    0.4001
   27 H6     2s        -0.0000   -0.0000    0.0000   -0.0000   -0.0000    0.0000   -0.0000   -0.0000   -0.0000    0.9605
   28 H6     2px        0.2619    0.1047    0.1468    0.1474    0.2823   -0.1755    0.1930   -0.0591   -0.2546    0.0000
   29 H6     2py       -0.2451    0.1468   -0.1047    0.2823   -0.1474   -0.1930   -0.1755   -0.2546    0.0591    0.0000
   30 H6     2pz       -0.0000    0.0000   -0.0000   -0.0000    0.0000    0.0000    0.0000   -0.0000    0.0000    0.0326
   31 H7     1s         0.0000   -0.0000    0.0000    0.0000   -0.0000   -0.0000    0.0000    0.0000    0.0000   -0.4001
   32 H7     2s         0.0000   -0.0000    0.0000    0.0000   -0.0000   -0.0000   -0.0000    0.0000    0.0000   -0.9605
   33 H7     2px        0.2619   -0.1047   -0.1468    0.1474    0.2823    0.1755   -0.1930   -0.0591   -0.2546   -0.0000
   34 H7     2py       -0.2451   -0.1468    0.1047    0.2823   -0.1474    0.1930    0.1755   -0.2546    0.0591   -0.0000
   35 H7     2pz        0.0000   -0.0000    0.0000    0.0000   -0.0000    0.0000   -0.0000    0.0000   -0.0000    0.0326
   36 H8     1s        -0.0000   -0.0000   -0.0000   -0.0000    0.0000   -0.0000    0.0000   -0.0000   -0.0000    0.3647
   37 H8     2s        -0.0000    0.0000   -0.0000   -0.0000    0.0000   -0.0000    0.0000   -0.0000   -0.0000    0.8748
   38 H8     2px        0.1299   -0.2225   -0.3119   -0.0435   -0.0833    0.2160   -0.2374    0.0738    0.3179    0.0000
   39 H8     2py       -0.1215   -0.3119    0.2225   -0.0833    0.0435    0.2374    0.2160    0.3179   -0.0738    0.0000
   40 H8     2pz        0.0000   -0.0000    0.0000    0.0000   -0.0000   -0.0000   -0.0000    0.0000    0.0000   -0.0938
   41 H9     1s         0.0000   -0.0000    0.0000    0.0000    0.0000    0.0000   -0.0000    0.0000   -0.0000   -0.2971
   42 H9     2s         0.0000   -0.0000    0.0000    0.0000   -0.0000    0.0000   -0.0000    0.0000   -0.0000   -0.7124
   43 H9     2px       -0.0684   -0.1471   -0.2063   -0.1785   -0.3421   -0.1255    0.1380    0.0406    0.1749    0.0000
   44 H9     2py        0.0640   -0.2063    0.1471   -0.3421    0.1785   -0.1380   -0.1255    0.1749   -0.0406    0.0000
   45 H9     2pz       -0.0000    0.0000   -0.0000   -0.0000    0.0000    0.0000    0.0000   -0.0000   -0.0000    0.1472
   46 H10    1s        -0.0000    0.0000    0.0000   -0.0000   -0.0000   -0.0000    0.0000   -0.0000    0.0000    0.2077
   47 H10    2s        -0.0000    0.0000   -0.0000   -0.0000    0.0000   -0.0000    0.0000   -0.0000    0.0000    0.4938
   48 H10    2px       -0.2314    0.0555    0.0778   -0.0818   -0.1567   -0.2444    0.2687   -0.0838   -0.3609   -0.0000
   49 H10    2py        0.2165    0.0778   -0.0555   -0.1567    0.0818   -0.2687   -0.2444   -0.3609    0.0838   -0.0000
   50 H10    2pz        0.0000   -0.0000    0.0000    0.0000   -0.0000   -0.0000   -0.0000    0.0000    0.0000   -0.1821
   51 H11    1s         0.0000   -0.0000   -0.0000    0.0000    0.0000    0.0000   -0.0000    0.0000   -0.0000   -0.1114
   52 H11    2s         0.0000    0.0000    0.0000    0.0000   -0.0000    0.0000   -0.0000    0.0000   -0.0000   -0.2591
   53 H11    2px       -0.2776    0.2107    0.2954    0.1218    0.2335    0.0690   -0.0758   -0.0194   -0.0837   -0.0000
   54 H11    2py        0.2597    0.2954   -0.2107    0.2335   -0.1218    0.0758    0.0690   -0.0837    0.0194   -0.0000
   55 H11    2pz       -0.0000   -0.0000   -0.0000   -0.0000    0.0000   -0.0000    0.0000   -0.0000    0.0000    0.1848
   56 H12    1s        -0.0000    0.0000    0.0000   -0.0000   -0.0000   -0.0000    0.0000   -0.0000   -0.0000    0.0340
   57 H12    2s        -0.0000    0.0000   -0.0000   -0.0000    0.0000   -0.0000    0.0000   -0.0000    0.0000    0.0731
   58 H12    2px       -0.1821    0.1813    0.2543    0.1660    0.3182    0.2588   -0.2845    0.0884    0.3804    0.0000
   59 H12    2py        0.1704    0.2543   -0.1813    0.3182   -0.1660    0.2845    0.2588    0.3804   -0.0884    0.0000
   60 H12    2pz        0.0000    0.0000    0.0000    0.0000   -0.0000    0.0000   -0.0000    0.0000   -0.0000   -0.1292
 
 
      Orbital               41        42        43        44        45        46        47        48        49        50
      Energy            0.9736    0.9736    0.9894    0.9894    0.9912    1.0031    1.0031    1.0131    1.0137    1.0137
      Occ. No.          0.0000    0.0000    0.0000    0.0000    0.0000    0.0000    0.0000    0.0000    0.0000    0.0000
 
    1 H1     1s         0.0000    0.0000   -0.0000    0.0000    0.0550    0.0000   -0.0000    0.0651    0.0000    0.0000
    2 H1     2s         0.0000    0.0000   -0.0000    0.0000    0.1215    0.0000   -0.0000    0.1504    0.0000    0.0000
    3 H1     2px        0.0162   -0.3748   -0.1177    0.3135   -0.0000   -0.1286    0.2403    0.0000   -0.1675    0.0940
    4 H1     2py       -0.3748   -0.0162    0.3135    0.1177    0.0000   -0.2403   -0.1286   -0.0000    0.0940    0.1675
    5 H1     2pz        0.0000    0.0000   -0.0000    0.0000    0.2090    0.0000   -0.0000    0.2676    0.0000    0.0000
    6 H2     1s        -0.0000   -0.0000    0.0000   -0.0000   -0.1663   -0.0000    0.0000   -0.1764   -0.0000   -0.0000
    7 H2     2s        -0.0000   -0.0000    0.0000   -0.0000   -0.3931   -0.0000    0.0000   -0.4242   -0.0000   -0.0000
    8 H2     2px       -0.0111    0.2565    0.1304   -0.3472    0.0000    0.1883   -0.3520   -0.0000    0.2908   -0.1633
    9 H2     2py        0.2565    0.0111   -0.3472   -0.1304   -0.0000    0.3520    0.1883    0.0000   -0.1633   -0.2908
   10 H2     2pz       -0.0000   -0.0000    0.0000   -0.0000   -0.2611   -0.0000    0.0000   -0.2486   -0.0000   -0.0000
   11 H3     1s         0.0000    0.0000   -0.0000    0.0000    0.2682    0.0000   -0.0000    0.2182    0.0000    0.0000
   12 H3     2s         0.0000    0.0000   -0.0000    0.0000    0.6473    0.0000   -0.0000    0.5342    0.0000    0.0000
   13 H3     2px       -0.0082    0.1909   -0.0315    0.0840   -0.0000   -0.1548    0.2893    0.0000   -0.3494    0.1961
   14 H3     2py        0.1909    0.0082    0.0840    0.0315   -0.0000   -0.2893   -0.1548   -0.0000    0.1961    0.3494
   15 H3     2pz        0.0000    0.0000   -0.0000    0.0000    0.1588   -0.0000   -0.0000   -0.0264   -0.0000   -0.0000
   16 H4     1s        -0.0000   -0.0000    0.0000   -0.0000   -0.2986    0.0000    0.0000   -0.1287   -0.0000   -0.0000
   17 H4     2s        -0.0000   -0.0000    0.0000   -0.0000   -0.7262    0.0000    0.0000   -0.3157   -0.0000   -0.0000
   18 H4     2px        0.0169   -0.3925   -0.0938    0.2498   -0.0000    0.0444   -0.0830   -0.0000    0.3286   -0.1845
   19 H4     2py       -0.3925   -0.0169    0.2498    0.0938    0.0000    0.0830    0.0444    0.0000   -0.1845   -0.3286
   20 H4     2pz        0.0000   -0.0000   -0.0000    0.0000    0.0258    0.0000    0.0000    0.3146    0.0000    0.0000
   21 H5     1s         0.0000    0.0000   -0.0000    0.0000    0.2324   -0.0000   -0.0000   -0.0450   -0.0000   -0.0000
   22 H5     2s         0.0000    0.0000   -0.0000    0.0000    0.5674   -0.0000   -0.0000   -0.1120   -0.0000   -0.0000
   23 H5     2px       -0.0039    0.0910    0.1391   -0.3703    0.0000    0.0886   -0.1657    0.0000   -0.2327    0.1307
   24 H5     2py        0.0910    0.0039   -0.3703   -0.1391   -0.0000    0.1657    0.0886   -0.0000    0.1307    0.2327
   25 H5     2pz       -0.0000    0.0000    0.0000   -0.0000   -0.2118   -0.0000    0.0000   -0.3823   -0.0000   -0.0000
   26 H6     1s        -0.0000   -0.0000    0.0000   -0.0000   -0.0880    0.0000    0.0000    0.1803    0.0000    0.0000
   27 H6     2s        -0.0000   -0.0000    0.0000   -0.0000   -0.2137    0.0000    0.0000    0.4488    0.0000    0.0000
   28 H6     2px       -0.0141    0.3258   -0.0651    0.1733   -0.0000   -0.1770    0.3308   -0.0000    0.0842   -0.0473
   29 H6     2py        0.3258    0.0141    0.1733    0.0651   -0.0000   -0.3308   -0.1770    0.0000   -0.0473   -0.0842
   30 H6     2pz        0.0000    0.0000   -0.0000    0.0000    0.3250   -0.0000   -0.0000    0.1696    0.0000    0.0000
   31 H7     1s         0.0000    0.0000    0.0000   -0.0000   -0.0880   -0.0000    0.0000   -0.1803   -0.0000   -0.0000
   32 H7     2s         0.0000    0.0000    0.0000   -0.0000   -0.2137   -0.0000    0.0000   -0.4488   -0.0000   -0.0000
   33 H7     2px        0.0141   -0.3258   -0.0651    0.1733   -0.0000    0.1770   -0.3308   -0.0000    0.0842   -0.0473
   34 H7     2py       -0.3258   -0.0141    0.1733    0.0651    0.0000    0.3308    0.1770    0.0000   -0.0473   -0.0842
   35 H7     2pz       -0.0000   -0.0000    0.0000   -0.0000   -0.3250    0.0000    0.0000    0.1696    0.0000    0.0000
   36 H8     1s        -0.0000   -0.0000   -0.0000    0.0000    0.2324   -0.0000   -0.0000    0.0450    0.0000    0.0000
   37 H8     2s        -0.0000   -0.0000   -0.0000    0.0000    0.5674   -0.0000   -0.0000    0.1120    0.0000    0.0000
   38 H8     2px        0.0039   -0.0910    0.1391   -0.3703    0.0000   -0.0886    0.1657    0.0000   -0.2327    0.1307
   39 H8     2py       -0.0910   -0.0039   -0.3703   -0.1391   -0.0000   -0.1657   -0.0886   -0.0000    0.1307    0.2327
   40 H8     2pz        0.0000    0.0000   -0.0000    0.0000    0.2119   -0.0000   -0.0000   -0.3823   -0.0000   -0.0000
   41 H9     1s        -0.0000    0.0000    0.0000   -0.0000   -0.2986    0.0000    0.0000    0.1287    0.0000    0.0000
   42 H9     2s        -0.0000    0.0000    0.0000   -0.0000   -0.7262    0.0000    0.0000    0.3157    0.0000    0.0000
   43 H9     2px       -0.0169    0.3925   -0.0938    0.2498   -0.0000   -0.0444    0.0830   -0.0000    0.3286   -0.1845
   44 H9     2py        0.3925    0.0169    0.2498    0.0938    0.0000   -0.0830   -0.0444    0.0000   -0.1845   -0.3286
   45 H9     2pz        0.0000   -0.0000   -0.0000   -0.0000   -0.0258    0.0000    0.0000    0.3146    0.0000    0.0000
   46 H10    1s         0.0000   -0.0000   -0.0000    0.0000    0.2682   -0.0000   -0.0000   -0.2182   -0.0000   -0.0000
   47 H10    2s        -0.0000   -0.0000   -0.0000    0.0000    0.6473   -0.0000   -0.0000   -0.5342   -0.0000   -0.0000
   48 H10    2px        0.0082   -0.1909   -0.0315    0.0840   -0.0000    0.1548   -0.2893    0.0000   -0.3494    0.1961
   49 H10    2py       -0.1909   -0.0082    0.0840    0.0315    0.0000    0.2893    0.1548   -0.0000    0.1961    0.3494
   50 H10    2pz       -0.0000    0.0000    0.0000   -0.0000   -0.1588    0.0000    0.0000   -0.0264   -0.0000   -0.0000
   51 H11    1s        -0.0000    0.0000    0.0000   -0.0000   -0.1663    0.0000    0.0000    0.1764    0.0000    0.0000
   52 H11    2s         0.0000    0.0000    0.0000   -0.0000   -0.3931    0.0000    0.0000    0.4242    0.0000    0.0000
   53 H11    2px        0.0111   -0.2565    0.1304   -0.3472    0.0000   -0.1883    0.3520   -0.0000    0.2908   -0.1633
   54 H11    2py       -0.2565   -0.0111   -0.3472   -0.1304   -0.0000   -0.3520   -0.1883    0.0000   -0.1633   -0.2908
   55 H11    2pz       -0.0000   -0.0000   -0.0000    0.0000    0.2611   -0.0000   -0.0000   -0.2486   -0.0000   -0.0000
   56 H12    1s         0.0000   -0.0000   -0.0000    0.0000    0.0550   -0.0000   -0.0000   -0.0651   -0.0000   -0.0000
   57 H12    2s        -0.0000   -0.0000   -0.0000    0.0000    0.1215   -0.0000   -0.0000   -0.1504   -0.0000   -0.0000
   58 H12    2px       -0.0162    0.3748   -0.1177    0.3135   -0.0000    0.1286   -0.2403    0.0000   -0.1675    0.0940
   59 H12    2py        0.3748    0.0162    0.3135    0.1177    0.0000    0.2403    0.1286   -0.0000    0.0940    0.1675
   60 H12    2pz       -0.0000    0.0000    0.0000   -0.0000   -0.2090    0.0000    0.0000    0.2676    0.0000    0.0000
 
 
      Orbital               51        52        53        54        55        56        57        58        59        60
      Energy            1.0204    1.0204    1.0384    1.0683    1.1028    1.1394    1.1759    1.2091    1.2358    1.2531
      Occ. No.          0.0000    0.0000    0.0000    0.0000    0.0000    0.0000    0.0000    0.0000    0.0000    0.0000
 
    1 H1     1s        -0.0000    0.0000   -0.0690    0.0684   -0.0655    0.0608   -0.0539    0.0444   -0.0319    0.0167
    2 H1     2s        -0.0000    0.0000   -0.1661    0.1686   -0.1601    0.1430   -0.1191    0.0914   -0.0616    0.0310
    3 H1     2px        0.0638   -0.0758   -0.0000   -0.0000    0.0000    0.0000    0.0000   -0.0000    0.0000   -0.0000
    4 H1     2py       -0.0758   -0.0638   -0.0000    0.0000   -0.0000    0.0000   -0.0000    0.0000    0.0000   -0.0000
    5 H1     2pz       -0.0000    0.0000   -0.3185    0.3550   -0.3722    0.3655   -0.3316    0.2731   -0.1942    0.1008
    6 H2     1s         0.0000   -0.0000    0.1622   -0.1340    0.0994   -0.0640    0.0317   -0.0075   -0.0051    0.0062
    7 H2     2s         0.0000   -0.0000    0.3907   -0.3148    0.2216   -0.1342    0.0649   -0.0201   -0.0013    0.0053
    8 H2     2px       -0.1217    0.1445    0.0000   -0.0000    0.0000   -0.0000   -0.0000    0.0000   -0.0000    0.0000
    9 H2     2py        0.1445    0.1217    0.0000   -0.0000    0.0000    0.0000   -0.0000    0.0000   -0.0000   -0.0000
   10 H2     2pz        0.0000    0.0000    0.1653   -0.0226   -0.1528    0.3168   -0.4258    0.4473   -0.3704    0.2093
   11 H3     1s        -0.0000    0.0000   -0.1289    0.0434    0.0158   -0.0402    0.0345   -0.0128   -0.0063    0.0100
   12 H3     2s        -0.0000   -0.0000   -0.3132    0.0996    0.0373   -0.0809    0.0600   -0.0174   -0.0124    0.0159
   13 H3     2px        0.1732   -0.2057   -0.0000    0.0000   -0.0000    0.0000   -0.0000    0.0000   -0.0000    0.0000
   14 H3     2py       -0.2057   -0.1732   -0.0000    0.0000    0.0000   -0.0000   -0.0000   -0.0000    0.0000    0.0000
   15 H3     2pz       -0.0000   -0.0000    0.2601   -0.4163    0.4001   -0.1976   -0.1068    0.3636   -0.4409    0.2957
   16 H4     1s         0.0000    0.0000   -0.0235    0.0823   -0.0580    0.0012    0.0368   -0.0342    0.0090    0.0059
   17 H4     2s         0.0000    0.0000   -0.0622    0.2001   -0.1308    0.0030    0.0667   -0.0566    0.0149    0.0071
   18 H4     2px       -0.2148    0.2551   -0.0000   -0.0000    0.0000   -0.0000   -0.0000    0.0000    0.0000    0.0000
   19 H4     2py        0.2551    0.2148    0.0000   -0.0000    0.0000   -0.0000    0.0000   -0.0000    0.0000    0.0000
   20 H4     2pz       -0.0000   -0.0000   -0.4052    0.1781    0.2065   -0.4252    0.2820    0.1125   -0.4205    0.3702
   21 H5     1s        -0.0000   -0.0000    0.1320   -0.0500   -0.0449    0.0566   -0.0063   -0.0282    0.0161    0.0041
   22 H5     2s        -0.0000    0.0000    0.3287   -0.1212   -0.1002    0.1142   -0.0108   -0.0458    0.0232    0.0067
   23 H5     2px        0.2441   -0.2898    0.0000    0.0000   -0.0000    0.0000   -0.0000    0.0000   -0.0000   -0.0000
   24 H5     2py       -0.2898   -0.2441   -0.0000    0.0000    0.0000    0.0000   -0.0000   -0.0000   -0.0000   -0.0000
   25 H5     2pz        0.0000    0.0000    0.0739    0.3506   -0.3427   -0.1090    0.4350   -0.2040   -0.2975    0.4207
   26 H6     1s        -0.0000   -0.0000   -0.0747   -0.0749    0.0550    0.0315   -0.0386   -0.0124    0.0216    0.0015
   27 H6     2s        -0.0000   -0.0000   -0.1852   -0.1794    0.1229    0.0634   -0.0700   -0.0195    0.0324    0.0011
   28 H6     2px       -0.2591    0.3077   -0.0000   -0.0000    0.0000    0.0000   -0.0000   -0.0000   -0.0000    0.0000
   29 H6     2py        0.3077    0.2591    0.0000   -0.0000   -0.0000   -0.0000    0.0000    0.0000    0.0000    0.0000
   30 H6     2pz       -0.0000   -0.0000    0.3400   -0.2735   -0.2852    0.3532    0.2041   -0.4132   -0.1081    0.4473
   31 H7     1s         0.0000    0.0000   -0.0747    0.0749    0.0550   -0.0315   -0.0386    0.0124    0.0216   -0.0015
   32 H7     2s         0.0000    0.0000   -0.1852    0.1794    0.1229   -0.0634   -0.0700    0.0195    0.0324   -0.0011
   33 H7     2px        0.2591   -0.3077    0.0000    0.0000   -0.0000    0.0000    0.0000    0.0000    0.0000    0.0000
   34 H7     2py       -0.3077   -0.2591   -0.0000   -0.0000   -0.0000    0.0000   -0.0000    0.0000    0.0000   -0.0000
   35 H7     2pz        0.0000   -0.0000   -0.3401   -0.2735    0.2852    0.3532   -0.2041   -0.4132    0.1081    0.4473
   36 H8     1s        -0.0000   -0.0000    0.1320    0.0500   -0.0449   -0.0566   -0.0063    0.0282    0.0161   -0.0041
   37 H8     2s        -0.0000   -0.0000    0.3287    0.1212   -0.1002   -0.1142   -0.0108    0.0458    0.0232   -0.0067
   38 H8     2px       -0.2441    0.2898    0.0000   -0.0000   -0.0000    0.0000    0.0000   -0.0000   -0.0000   -0.0000
   39 H8     2py        0.2898    0.2441    0.0000   -0.0000    0.0000   -0.0000    0.0000    0.0000    0.0000    0.0000
   40 H8     2pz        0.0000    0.0000   -0.0739    0.3506    0.3427   -0.1090   -0.4350   -0.2040    0.2975    0.4207
   41 H9     1s        -0.0000   -0.0000   -0.0235   -0.0823   -0.0580   -0.0012    0.0368    0.0342    0.0090   -0.0059
   42 H9     2s        -0.0000   -0.0000   -0.0622   -0.2001   -0.1308   -0.0030    0.0667    0.0566    0.0149   -0.0071
   43 H9     2px        0.2148   -0.2551   -0.0000    0.0000    0.0000    0.0000   -0.0000   -0.0000   -0.0000   -0.0000
   44 H9     2py       -0.2551   -0.2148   -0.0000    0.0000    0.0000    0.0000    0.0000    0.0000    0.0000   -0.0000
   45 H9     2pz       -0.0000   -0.0000    0.4052    0.1781   -0.2065   -0.4252   -0.2820    0.1125    0.4205    0.3702
   46 H10    1s         0.0000    0.0000   -0.1289   -0.0434    0.0158    0.0402    0.0345    0.0128   -0.0063   -0.0100
   47 H10    2s         0.0000    0.0000   -0.3132   -0.0995    0.0373    0.0809    0.0600    0.0174   -0.0124   -0.0159
   48 H10    2px       -0.1732    0.2057    0.0000    0.0000   -0.0000   -0.0000   -0.0000    0.0000    0.0000    0.0000
   49 H10    2py        0.2057    0.1732    0.0000   -0.0000   -0.0000   -0.0000   -0.0000    0.0000   -0.0000    0.0000
   50 H10    2pz        0.0000    0.0000   -0.2601   -0.4163   -0.4001   -0.1976    0.1068    0.3636    0.4409    0.2957
   51 H11    1s        -0.0000   -0.0000    0.1622    0.1340    0.0994    0.0640    0.0317    0.0075   -0.0051   -0.0062
   52 H11    2s        -0.0000   -0.0000    0.3907    0.3148    0.2216    0.1342    0.0649    0.0201   -0.0013   -0.0053
   53 H11    2px        0.1217   -0.1445   -0.0000    0.0000    0.0000    0.0000   -0.0000    0.0000   -0.0000    0.0000
   54 H11    2py       -0.1445   -0.1217   -0.0000    0.0000   -0.0000    0.0000   -0.0000   -0.0000    0.0000    0.0000
   55 H11    2pz        0.0000    0.0000   -0.1653   -0.0226    0.1528    0.3168    0.4258    0.4473    0.3704    0.2093
   56 H12    1s         0.0000    0.0000   -0.0690   -0.0684   -0.0655   -0.0608   -0.0539   -0.0444   -0.0319   -0.0167
   57 H12    2s         0.0000    0.0000   -0.1661   -0.1686   -0.1600   -0.1430   -0.1191   -0.0914   -0.0616   -0.0310
   58 H12    2px       -0.0638    0.0758    0.0000   -0.0000   -0.0000   -0.0000   -0.0000    0.0000   -0.0000   -0.0000
   59 H12    2py        0.0758    0.0638   -0.0000   -0.0000    0.0000   -0.0000    0.0000   -0.0000    0.0000   -0.0000
   60 H12    2pz       -0.0000   -0.0000    0.3185    0.3550    0.3722    0.3655    0.3316    0.2731    0.1942    0.1008
--
 
      Von Neumann Entropy (Root  1) =  5.84427
 

      Mulliken population analysis for root number:  1
      -----------------------------------------------
 
 
++    Molecular charges:
      ------------------
 
      Mulliken charges per centre and basis function type
      ---------------------------------------------------
 
                H1      H2      H3      H4      H5      H6      H7      H8      H9      H10     H11     H12   
      1s       0.9939  1.0006  1.0013  1.0010  1.0012  1.0011  1.0011  1.0012  1.0010  1.0013  1.0006  0.9939
      2s       0.0054  0.0003 -0.0012 -0.0009 -0.0011 -0.0010 -0.0010 -0.0011 -0.0009 -0.0012  0.0003  0.0054
      2px      0.0000  0.0000  0.0000  0.0000  0.0000  0.0000  0.0000  0.0000  0.0000  0.0000  0.0000  0.0000
      2pz     -0.0001 -0.0000 -0.0001 -0.0001 -0.0001 -0.0001 -0.0001 -0.0001 -0.0001 -0.0001 -0.0000 -0.0001
      2py      0.0000  0.0000  0.0000  0.0000  0.0000  0.0000  0.0000  0.0000  0.0000  0.0000  0.0000  0.0000
      Total    0.9991  1.0009  1.0000  1.0000  1.0000  1.0000  1.0000  1.0000  1.0000  1.0000  1.0009  0.9991
 
      N-E      0.0009 -0.0009  0.0000  0.0000 -0.0000  0.0000  0.0000 -0.0000  0.0000  0.0000 -0.0009  0.0009
 
      Total electronic charge=   12.000000
 
      Total            charge=   -0.000000
--
 
 

      Expectation values of various properties for root number:  1
      -----------------------------------------------------------
 
 
++    Molecular properties:
      ---------------------
 
      Charge (e):
                      =   -0.0000
      Dipole Moment (Debye):
      Origin of the operator (Ang)=    0.0000    0.0000    0.0000
                   X= -4.9295E-13               Y=  2.4563E-13               Z=  1.5731E-09           Total=  1.5731E-09
      Quadrupole Moment (Debye*Ang):
      Origin of the operator (Ang)=    0.0000    0.0000   15.4333
                  XX= -1.8109E+01              XY=  4.8293E-27              XZ=  7.7564E-13              YY= -1.8109E+01
                  YZ=  5.3699E-13              ZZ= -1.8482E+01
      In traceless form (Debye*Ang)
                  XX=  1.8643E-01              XY=  7.2439E-27              XZ=  1.1635E-12              YY=  1.8643E-01
                  YZ=  8.0549E-13              ZZ= -3.7286E-01
--
 

      LoProp population analysis for root number:  1
      -----------------------------------------------
 
 
++    LoProp analysis:
      ----------------
 
 
 
  Input file to MOLDEN was generated!
 
 
++    Static properties:
      ------------------
 
 
      LoProp Charges per center
 

                   H1       H2       H3       H4       H5       H6       H7       H8       H9       H10   
      Nuclear      1.0000   1.0000   1.0000   1.0000   1.0000   1.0000   1.0000   1.0000   1.0000   1.0000
      Electronic  -1.0001  -0.9999  -1.0000  -1.0000  -1.0000  -1.0000  -1.0000  -1.0000  -1.0000  -1.0000
 
      Total       -0.0001   0.0001   0.0000  -0.0000   0.0000  -0.0000  -0.0000   0.0000  -0.0000   0.0000
 

                   H11      H12   
      Nuclear      1.0000   1.0000
      Electronic  -0.9999  -1.0001
 
      Total        0.0001  -0.0001
--
 
 
      Natural Bond Order analysis for root number:  1
 
++    Natural Bond Order analysis
      ---------------------------
      Based on LoProp computed density
      -------------------------------------------------------------------------------------
      Atom A       Atom B       Bond Order
      -------------------------------------------------------------------------------------
      The remaining   12.000 electrons are to be considered as diffuse
--
 
--
 
 
  Input file to MOLDEN was generated!
 
      Average orbitals are written to the RASORB file
      Natural orbitals for root   1 are written to the RASORB.1 file
      Spin density orbitals for root   1 are written to the SPDORB.1 file
 
forrtl: warning (525): IEEE_DIVIDE_BY_ZERO is signaling
forrtl: warning (526): IEEE_INVALID is signaling
forrtl: warning (528): IEEE_UNDERFLOW is signaling
--- Stop Module: rasscf at Wed Oct 29 06:33:54 2025 /rc=_RC_ALL_IS_WELL_ ---
*** files: H12_2.81.LprOrb H12_2.81.rasscf.molden H12_2.81.LoProp.molden H12_2.81.RasOrb.1 H12_2.81.RasOrb H12_2.81.rasscf.h5 H12_2.81.SpdOrb.1 xmldump
    saved to directory /home/grierjones/DDCASPT2/hydrogen_comps/rerun/H12_chain/H12_2.81
--- Module rasscf spent 24 minutes 45 seconds ---

>>> COPY /tmp/H12_2.81/H12_2.81.rasscf.h5 /home/grierjones/DDCASPT2/hydrogen_comps/rerun/H12_chain/H12_2.81/

>>> COPY /tmp/H12_2.81/GMJ_Fock_MO.csv /home/grierjones/DDCASPT2/hydrogen_comps/rerun/H12_chain/H12_2.81/H12_2.81.GMJ_Fock_MO.csv

*** symbolic link created: INPORB -> H12_2.81.RasOrb
--- Start Module: motra at Wed Oct 29 06:33:54 2025 ---
 
()()()()()()()()()()()()()()()()()()()()()()()()()()()()()()()()()()()()()()()()()()()()()()()()()()

                                               &MOTRA

                                   only a single process is used
                       available to each process: 2.0 GB of memory, 1 thread?
()()()()()()()()()()()()()()()()()()()()()()()()()()()()()()()()()()()()()()()()()()()()()()()()()()
 
 
      *** WARNING: Default frozen orbitals is overwritten by user input.
      *** Default values:   0
 
      Header of the integral files:
      
       Integrals generated by seward 4.2.0  , Wed Oct 29 06:09:05 2025
 
 
      Header of MO coefficients source file:
      * RASSCF average (pseudo-natural) orbitals                                      
 
 
      Cartesian coordinates in Angstrom:
      -----------------------------------------------------
      No.  Label        X            Y            Z        
      -----------------------------------------------------
       1   H1         0.00000000   0.00000000   0.00000000
       2   H2         0.00000000   0.00000000   2.80606100
       3   H3         0.00000000   0.00000000   5.61212100
       4   H4         0.00000000   0.00000000   8.41818200
       5   H5         0.00000000   0.00000000  11.22424200
       6   H6         0.00000000   0.00000000  14.03030300
       7   H7         0.00000000   0.00000000  16.83636400
       8   H8         0.00000000   0.00000000  19.64242400
       9   H9         0.00000000   0.00000000  22.44848500
      10   H10        0.00000000   0.00000000  25.25454500
      11   H11        0.00000000   0.00000000  28.06060600
      12   H12        0.00000000   0.00000000  30.86666700
      -----------------------------------------------------
      Nuclear repulsion energy =    4.75957428
 
      Orbital specifications:
      -----------------------
 
      Symmetry species:              1
      Number of basis functions:    60
      Frozen orbitals:               0
      Deleted orbitals:              0
      Number of orbitals used:      60

       SYMMETRY  BASIS FUNCTIONS       ORBITALS      INTEGRALS   CPU(SEC)  I/O(SEC)
        1 1 1 1   60  60  60  60    60  60  60  60     1675365       0.00      0.00

       TOTAL CPU TIME(SEC)    1.01TOTAL I/O TIME(SEC)    2.42
 
--- Stop Module: motra at Wed Oct 29 06:33:57 2025 /rc=_RC_ALL_IS_WELL_ ---
*** files: xmldump
    saved to directory /home/grierjones/DDCASPT2/hydrogen_comps/rerun/H12_chain/H12_2.81
--- Module motra spent 2 seconds ---

>>> COPY /tmp/H12_2.81/GMJ_one_int_indx.csv /home/grierjones/DDCASPT2/hydrogen_comps/rerun/H12_chain/H12_2.81/H12_2.81.GMJ_one_int_indx.csv

>>> COPY /tmp/H12_2.81/GMJ_one_int.csv /home/grierjones/DDCASPT2/hydrogen_comps/rerun/H12_chain/H12_2.81/H12_2.81.GMJ_one_int.csv

>>> COPY /tmp/H12_2.81/GMJ_two_int_indx.csv /home/grierjones/DDCASPT2/hydrogen_comps/rerun/H12_chain/H12_2.81/H12_2.81.GMJ_two_int_indx.csv

>>> COPY /tmp/H12_2.81/GMJ_two_int.csv /home/grierjones/DDCASPT2/hydrogen_comps/rerun/H12_chain/H12_2.81/H12_2.81.GMJ_two_int.csv

*** symbolic link created: INPORB -> H12_2.81.RasOrb
--- Start Module: caspt2 at Wed Oct 29 06:33:57 2025 ---
 
()()()()()()()()()()()()()()()()()()()()()()()()()()()()()()()()()()()()()()()()()()()()()()()()()()

                                              &CASPT2

                                   only a single process is used
                       available to each process: 2.0 GB of memory, 1 thread?
()()()()()()()()()()()()()()()()()()()()()()()()()()()()()()()()()()()()()()()()()()()()()()()()()()
 
 Cholesky algorithm in CASPT2 =    1
 
 ###############################################################################
 ###############################################################################
 ###                                                                         ###
 ###                                                                         ###
 ###    User changed nr of frozen orbitals.                                  ###
 ###                                                                         ###
 ###                                                                         ###
 ###############################################################################
 ###############################################################################
 
++    Wave function specifications:
      -----------------------------
 
      Number of closed shell electrons           0
      Number of electrons in active shells      12
      Max number of holes in RAS1 space          0
      Max number of electrons in RAS3 space      0
      Number of inactive orbitals                0
      Number of active orbitals                 12
      Number of secondary orbitals              48
      Spin quantum number                      0.0
      State symmetry                             1
      Number of CSFs                        226512
      Number of root(s) available                1
      Root passed to geometry opt.               1
      A file JOBMIX will be created.
      This is a CASSCF or RASSCF reference function
--
 
++    Orbital specifications:
      -----------------------
 
      Symmetry species                           1
                                                 a
      Frozen orbitals                            0
      Inactive orbitals                          0
      Active orbitals                           12
      Secondary orbitals                        48
      Deleted orbitals                           0
      Number of basis functions                 60
--
 
      Type of Fock operator: STANDARD
      Type of 0-order Hamiltonian: STANDARD WITH DEFAULT IPEA
        "IP-EA" denominator shift =      0.25
      The input orbitals and the CI vector will be transformed.
 
--------------------------------------------------------------------------------
 Estimated memory requirements:
  POLY3 :                 54392696
  RHS:                     1916944
  SIGMA :                   616912
  PRPCTL:                        0
 Available workspace:    230179958
 
++ CASPT2 computation for group   1
 
********************************************************************************
 Multi-State initialization phase begins for group   1
--------------------------------------------------------------------------------
********************************************************************************
 Compute H0 matrices for state    1
--------------------------------------------------------------------------------
--------------------------------------------------------------------------------
 H0 matrices have been computed.
 
********************************************************************************
  CASPT2 EQUATION SOLUTION
--------------------------------------------------------------------------------
 
  Total nr of CASPT2 parameters:
   Before reduction:      249120
   After  reduction:      247872
 
 The contributions to the second order correlation energy in atomic units.
-----------------------------------------------------------------------------------------------------------------------------
  IT.      VJTU        VJTI        ATVX        AIVX        VJAI        BVAT        BJAT        BJAI        TOTAL       RNORM  
-----------------------------------------------------------------------------------------------------------------------------
   1     0.000000    0.000000   -0.000581    0.000000    0.000000   -0.001599    0.000000    0.000000   -0.002180    0.000644
   2     0.000000    0.000000   -0.000587    0.000000    0.000000   -0.001600    0.000000    0.000000   -0.002187    0.000139
   3     0.000000    0.000000   -0.000588    0.000000    0.000000   -0.001601    0.000000    0.000000   -0.002189    0.000048
   4     0.000000    0.000000   -0.000588    0.000000    0.000000   -0.001601    0.000000    0.000000   -0.002189    0.000011
   5     0.000000    0.000000   -0.000588    0.000000    0.000000   -0.001601    0.000000    0.000000   -0.002189    0.000003
-------------------------------------------------------------------------------------------------------------------
 
  FINAL CASPT2 RESULT:
 
  Correlation energy /Case, /Symm, and sums:
 VJTU      0.00000000  0.00000000
 VJTIP     0.00000000  0.00000000
 VJTIM     0.00000000  0.00000000
 ATVX     -0.00058781 -0.00058781
 AIVX      0.00000000  0.00000000
 VJAIP     0.00000000  0.00000000
 VJAIM     0.00000000  0.00000000
 BVATP    -0.00138910 -0.00138910
 BVATM    -0.00021163 -0.00021163
 BJATP     0.00000000  0.00000000
 BJATM     0.00000000  0.00000000
 BJAIP     0.00000000  0.00000000
 BJAIM     0.00000000  0.00000000
 Summed:  -0.00218853 -0.00218853
 
      Reference energy:          -5.9888766057
      E2 (Non-variational):      -0.0021885336
      E2 (Variational):          -0.0021885330
      Total energy:              -5.9910651388
      Residual norm:              0.0000005521
      Reference weight:           0.99857
 
      Contributions to the CASPT2 correlation energy
      Active & Virtual Only:         -0.0021885336
      One Inactive Excited:           0.0000000000
      Two Inactive Excited:           0.0000000000
 
 
++ Denominators, etc.
----------------------------------------------------------------------------------------------------
 Report on small energy denominators, large coefficients, and large energy contributions.
CASE  SYMM ACTIVE-MIX  NON-ACTIVE INDICES          DENOMINATOR     RHS VALUE       COEFFICIENT     CONTRIBUTION
--
 
   (Skipping property calculation,
    use PROP keyword to activate)
--
 
  Total CASPT2 energies:
::    CASPT2 Root  1     Total energy:     -5.99106514
 
  A NEW JOBIPH FILE NAMED 'JOBMIX' IS PREPARED.
********************************************************************************
forrtl: warning (528): IEEE_UNDERFLOW is signaling
--- Stop Module: caspt2 at Wed Oct 29 06:35:25 2025 /rc=_RC_ALL_IS_WELL_ ---
*** files: xmldump
    saved to directory /home/grierjones/DDCASPT2/hydrogen_comps/rerun/H12_chain/H12_2.81
--- Module caspt2 spent 1 minute 28 seconds ---

>>> EXPORT i = B

>>> EXPORT j = P

>>> IF (-FILE GMJ_e2_${i}_${j}_1_.csv)
(Skipped)

>>> END FOREACH

>>> EXPORT j = M

>>> IF (-FILE GMJ_e2_${i}_${j}_1_.csv)
(Skipped)

>>> END FOREACH

>>> END FOREACH

>>> EXPORT i = E

>>> EXPORT j = P

>>> IF (-FILE GMJ_e2_${i}_${j}_1_.csv)
(Skipped)

>>> END FOREACH

>>> EXPORT j = M

>>> IF (-FILE GMJ_e2_${i}_${j}_1_.csv)
(Skipped)

>>> END FOREACH

>>> END FOREACH

>>> EXPORT i = F

>>> EXPORT j = P

>>> IF (-FILE GMJ_e2_${i}_${j}_1_.csv)

>>> COPY /tmp/H12_2.81/GMJ_RHS_F_P_1_.csv /home/grierjones/DDCASPT2/hydrogen_comps/rerun/H12_chain/H12_2.81/GMJ_RHS_F_P_1_.csv

>>> COPY /tmp/H12_2.81/GMJ_IVECW_F_P_1_.csv /home/grierjones/DDCASPT2/hydrogen_comps/rerun/H12_chain/H12_2.81/GMJ_IVECW_F_P_1_.csv

>>> COPY /tmp/H12_2.81/GMJ_IVECX_F_P_1_.csv /home/grierjones/DDCASPT2/hydrogen_comps/rerun/H12_chain/H12_2.81/GMJ_IVECX_F_P_1_.csv

>>> COPY /tmp/H12_2.81/GMJ_IVECC2_F_P_1_.csv /home/grierjones/DDCASPT2/hydrogen_comps/rerun/H12_chain/H12_2.81/GMJ_IVECC2_F_P_1_.csv

>>> COPY /tmp/H12_2.81/GMJ_e2_F_P_1_.csv /home/grierjones/DDCASPT2/hydrogen_comps/rerun/H12_chain/H12_2.81/GMJ_e2_F_P_1_.csv

>>> END FOREACH

>>> EXPORT j = M

>>> IF (-FILE GMJ_e2_${i}_${j}_1_.csv)

>>> COPY /tmp/H12_2.81/GMJ_RHS_F_M_1_.csv /home/grierjones/DDCASPT2/hydrogen_comps/rerun/H12_chain/H12_2.81/GMJ_RHS_F_M_1_.csv

>>> COPY /tmp/H12_2.81/GMJ_IVECW_F_M_1_.csv /home/grierjones/DDCASPT2/hydrogen_comps/rerun/H12_chain/H12_2.81/GMJ_IVECW_F_M_1_.csv

>>> COPY /tmp/H12_2.81/GMJ_IVECX_F_M_1_.csv /home/grierjones/DDCASPT2/hydrogen_comps/rerun/H12_chain/H12_2.81/GMJ_IVECX_F_M_1_.csv

>>> COPY /tmp/H12_2.81/GMJ_IVECC2_F_M_1_.csv /home/grierjones/DDCASPT2/hydrogen_comps/rerun/H12_chain/H12_2.81/GMJ_IVECC2_F_M_1_.csv

>>> COPY /tmp/H12_2.81/GMJ_e2_F_M_1_.csv /home/grierjones/DDCASPT2/hydrogen_comps/rerun/H12_chain/H12_2.81/GMJ_e2_F_M_1_.csv

>>> END FOREACH

>>> END FOREACH

>>> EXPORT i = G

>>> EXPORT j = P

>>> IF (-FILE GMJ_e2_${i}_${j}_1_.csv)
(Skipped)

>>> END FOREACH

>>> EXPORT j = M

>>> IF (-FILE GMJ_e2_${i}_${j}_1_.csv)
(Skipped)

>>> END FOREACH

>>> END FOREACH

>>> EXPORT i = H

>>> EXPORT j = P

>>> IF (-FILE GMJ_e2_${i}_${j}_1_.csv)
(Skipped)

>>> END FOREACH

>>> EXPORT j = M

>>> IF (-FILE GMJ_e2_${i}_${j}_1_.csv)
(Skipped)

>>> END FOREACH

>>> END FOREACH

>>> EXPORT i = A

>>> IF (-FILE GMJ_e2_${i}_1_.csv)
(Skipped)

>>> END FOREACH

>>> EXPORT i = C

>>> IF (-FILE GMJ_e2_${i}_1_.csv)

>>> COPY /tmp/H12_2.81/GMJ_RHS_C_1_.csv /home/grierjones/DDCASPT2/hydrogen_comps/rerun/H12_chain/H12_2.81/GMJ_RHS_C_1_.csv

>>> COPY /tmp/H12_2.81/GMJ_IVECW_C_1_.csv /home/grierjones/DDCASPT2/hydrogen_comps/rerun/H12_chain/H12_2.81/GMJ_IVECW_C_1_.csv

>>> COPY /tmp/H12_2.81/GMJ_IVECX_C_1_.csv /home/grierjones/DDCASPT2/hydrogen_comps/rerun/H12_chain/H12_2.81/GMJ_IVECX_C_1_.csv

>>> COPY /tmp/H12_2.81/GMJ_IVECC2_C_1_.csv /home/grierjones/DDCASPT2/hydrogen_comps/rerun/H12_chain/H12_2.81/GMJ_IVECC2_C_1_.csv

>>> COPY /tmp/H12_2.81/GMJ_e2_C_1_.csv /home/grierjones/DDCASPT2/hydrogen_comps/rerun/H12_chain/H12_2.81/GMJ_e2_C_1_.csv

>>> END FOREACH

>>> EXPORT i = D

>>> IF (-FILE GMJ_e2_${i}_1_.csv)
(Skipped)

>>> END FOREACH

.########################.
.# Non-zero return code #.
.########################.

    Timing: Wall=1580.22 User=1513.59 System=8.05
****************************************
*** WorkDir at /tmp/H12_2.81 cleaned ***
****************************************
