   This run of MOLCAS is using the pymolcas driver

                             OPE
                             OPE          NMOL  CASOP  ENMOLC A   SO
                 OPE        NMOLC        AS  OP EN  MO LC     AS  OP
                OPENM       OL CA        SO  PE NM  OL CA     SOP EN
                OP EN      MO   LC       AS  OP ENMOL  CASO   PENMOL
                OP  EN     MO   LC       AS  OP EN     MO     LC ASO
               OP   E  NMOL  C  AS       OP  EN MO     LC     AS  OP
               OP  E   NMO   LC AS        OPEN  MO     LCASOP EN   M
               O  PEN   MO  LCA  SO
            OPE   NMO   L   CAS    OP
        OPENMOL  CASOP     ENMOL   CASOPE
     OPENMOLCA   SOPENMOLCASOPEN   MOLCASOPE
    OPENMOLCAS   OP           EN   MOL    CAS
    OPENMOLCAS       OP  ENM        O     LCA
    OPENMOLCAS    OPEN  MOLCASO     P  E  NMO
    OPENMOLCAS     OP               E  N  MOL
    OPENMOLCA   SO           PENM   O  L  CAS    OPEN    MO    LCAS
    OPENMOLCA   SOP           ENM   O  L  CAS   OP  EN  MOLC  AS   O
    OPENMOLCA   SOPE           NM      O  LCA   S      OP  EN MO
    OPENMOLC                AS         O  PEN   M      OL  CA  SOPE
    OPENMO        LCASOPE  NMOL        C  ASO   P      ENMOLC     AS
    OPE     NMO      LCA  SO     P     E   NM   OL  CA SO  PE N   MO
          OPENMOLCA            SOPE   NMO        LCAS  O    P  ENMO
     OPENMOLCASOPENMOLCASOPENMOLCASOPENMOLCA
        OPENMOLCASOPENMOLCASOPENMOLCASOPE
            OPENMOLCASOPENMOLCASOPENM
               OPENMOLCASOPENMOLCA        version: f37762c57
                   OPENMOLCASO
                       OPE                tag:

 OpenMolcas is free software; you can redistribute it and/or modify it
 under the terms of the GNU Lesser General Public License version 2.1.
 OpenMolcas is distributed in the hope that it will be useful, but it
 is provided "as is" and without any express or implied warranties.
 For more details see the full text of the license in the file
 LICENSE or in <http://www.gnu.org/licenses/>.

                 Copyright (C) The OpenMolcas Authors
           For the author list and the recommended citation,
                   consult the file CONTRIBUTORS.md

           *************************************************
           * pymolcas version py2.28                       *
           *   build c4a6d18ded8cb6cad61d2372a9abd97c      *
           *   (after the EMIL interpreter by V. Veryazov) *
           *************************************************

configuration info
------------------
C Compiler ID: Intel
C flags: -std=gnu99 -gcc-sys
Fortran Compiler ID: IntelLLVM
Fortran flags: -standard-semantics -fltconsistency -fpp -i8 -heap-arrays
Definitions: _MOLCAS_;_I8_;_LINUX_
Parallel: OFF (GA=OFF)


   ----------------------------------------------------------------------------------------
  |
  |              Project: H12_2.13
  |       Submitted from: /home/grierjones/DDCASPT2/hydrogen_comps/rerun/H12_chain/H12_2.13
  |         Scratch area: /tmp/H12_2.13
  |      Save outputs to: /home/grierjones/DDCASPT2/hydrogen_comps/rerun/H12_chain/H12_2.13
  |               Molcas: /home/grierjones/Test/build
  |
  | Scratch area is empty
  |
  |       MOLCAS_DRIVER = /usr/local/pymolcas
  | MOLCAS_KEEP_WORKDIR = NO
  |  MOLCAS_NEW_WORKDIR = YES
  |       MOLCAS_NPROCS = 1
  |        MOLCAS_PRINT = NORMAL
  |       MOLCAS_SOURCE = /home/grierjones/Test
  |    MOLCAS_STRUCTURE = 0
  |
   ----------------------------------------------------------------------------------------

++ ---------   Input file   ---------

&GATEWAY
coord=H12_2.13.xyz
Basis = ANO-RCC-VDZP
Group = nosymm
End of Input

&SEWARD
End of Input

&SCF

>>> COPY $WorkDir/H12_2.13.scf.h5 $CurrDir/

&RASSCF
Title= RASSCF
FileOrb
/home/grierjones/DDCASPT2/hydrogen_comps/rerun/H12_chain/H12_0.60/H12_0.60.RasOrb
NACTEL
12 0 0
Inactive
0
RAS2
12
Symmetry
1
Spin
1
orblisting
all

>>> COPY $WorkDir/H12_2.13.rasscf.h5 $CurrDir/

>>> COPY $WorkDir/GMJ_Fock_MO.csv $CurrDir/H12_2.13.GMJ_Fock_MO.csv

&MOTRA
Frozen=0
LUMORB

>>> COPY $WorkDir/GMJ_one_int_indx.csv $CurrDir/H12_2.13.GMJ_one_int_indx.csv

>>> COPY $WorkDir/GMJ_one_int.csv $CurrDir/H12_2.13.GMJ_one_int.csv

>>> COPY $WorkDir/GMJ_two_int_indx.csv $CurrDir/H12_2.13.GMJ_two_int_indx.csv

>>> COPY $WorkDir/GMJ_two_int.csv $CurrDir/H12_2.13.GMJ_two_int.csv

&CASPT2
Frozen
0

MAXITER
50

>>> FOREACH i IN (B,E,F,G,H)

  >>> FOREACH j IN (P,M)

    >>> IF (-FILE GMJ_e2_${i}_${j}_1_.csv)

      >>> COPY $WorkDir/GMJ_RHS_${i}_${j}_1_.csv $CurrDir/GMJ_RHS_${i}_${j}_1_.csv

      >>> COPY $WorkDir/GMJ_IVECW_${i}_${j}_1_.csv $CurrDir/GMJ_IVECW_${i}_${j}_1_.csv

      >>> COPY $WorkDir/GMJ_IVECX_${i}_${j}_1_.csv $CurrDir/GMJ_IVECX_${i}_${j}_1_.csv

      >>> COPY $WorkDir/GMJ_IVECC2_${i}_${j}_1_.csv $CurrDir/GMJ_IVECC2_${i}_${j}_1_.csv

      >>> COPY $WorkDir/GMJ_e2_${i}_${j}_1_.csv $CurrDir/GMJ_e2_${i}_${j}_1_.csv

    >>> END IF

  >>> END FOREACH

>>> END FOREACH

>>> FOREACH i IN (A,C,D)

  >>> IF (-FILE GMJ_e2_${i}_1_.csv)

    >>> COPY $WorkDir/GMJ_RHS_${i}_1_.csv $CurrDir/GMJ_RHS_${i}_1_.csv

    >>> COPY $WorkDir/GMJ_IVECW_${i}_1_.csv $CurrDir/GMJ_IVECW_${i}_1_.csv

    >>> COPY $WorkDir/GMJ_IVECX_${i}_1_.csv $CurrDir/GMJ_IVECX_${i}_1_.csv

    >>> COPY $WorkDir/GMJ_IVECC2_${i}_1_.csv $CurrDir/GMJ_IVECC2_${i}_1_.csv

    >>> COPY $WorkDir/GMJ_e2_${i}_1_.csv $CurrDir/GMJ_e2_${i}_1_.csv

  >>> END IF

>>> END FOREACH

-- ----------------------------------

--- Start Module: gateway at Mon Oct 27 08:54:07 2025 ---
 
()()()()()()()()()()()()()()()()()()()()()()()()()()()()()()()()()()()()()()()()()()()()()()()()()()

                                              &GATEWAY

                                   only a single process is used
                       available to each process: 2.0 GB of memory, 1 thread?
()()()()()()()()()()()()()()()()()()()()()()()()()()()()()()()()()()()()()()()()()()()()()()()()()()
 
 
++    Symmetry information:
      ---------------------
 
                    Character Table for C1 
 
                             E  
                    a        1  x, y, xy, Rz, z, xz, Ry, yz, Rx, I
--
 
 
++    Basis set information:
      ----------------------
 
 
      Basis set label: H.ANO-RCC...2S1P.
 
      Electronic valence basis set:
      ------------------
      Associated Effective Charge   1.000000 au
      Associated Actual Charge      1.000000 au
      Nuclear Model: Point charge
 
      Shell  nPrim  nBasis  Cartesian Spherical Contaminant
         s       8       2        X                  
         p       4       1        X                  
--
 
 
++    Molecular structure info:
      -------------------------
 
                    ************************************************ 
                    **** Cartesian Coordinates / Bohr, Angstrom **** 
                    ************************************************ 
 
     Center  Label                x              y              z                     x              y              z
        1      H1               0.000000       0.000000       0.000000              0.000000       0.000000       0.000000
        2      H2               0.000000       0.000000       4.019963              0.000000       0.000000       2.127273
        3      H3               0.000000       0.000000       8.039925              0.000000       0.000000       4.254545
        4      H4               0.000000       0.000000      12.059888              0.000000       0.000000       6.381818
        5      H5               0.000000       0.000000      16.079852              0.000000       0.000000       8.509091
        6      H6               0.000000       0.000000      20.099815              0.000000       0.000000      10.636364
        7      H7               0.000000       0.000000      24.119776              0.000000       0.000000      12.763636
        8      H8               0.000000       0.000000      28.139740              0.000000       0.000000      14.890909
        9      H9               0.000000       0.000000      32.159703              0.000000       0.000000      17.018182
       10      H10              0.000000       0.000000      36.179666              0.000000       0.000000      19.145455
       11      H11              0.000000       0.000000      40.199628              0.000000       0.000000      21.272727
       12      H12              0.000000       0.000000      44.219591              0.000000       0.000000      23.400000
 
                    *************************************** 
                    *    InterNuclear Distances / Bohr    * 
                    *************************************** 
 
               1 H1            2 H2            3 H3            4 H4            5 H5            6 H6    
    1 H1       0.000000
    2 H2       4.019963        0.000000
    3 H3       8.039925        4.019961        0.000000
    4 H4      12.059888        8.039925        4.019963        0.000000
    5 H5      16.079852       12.059888        8.039927        4.019963        0.000000
    6 H6      20.099815       16.079852       12.059890        8.039927        4.019963        0.000000
    7 H7      24.119776       20.099813       16.079852       12.059888        8.039925        4.019961
    8 H8      28.139740       24.119776       20.099815       16.079852       12.059888        8.039925
    9 H9      32.159703       28.139740       24.119778       20.099815       16.079852       12.059888
   10 H10     36.179666       32.159703       28.139742       24.119778       20.099815       16.079852
   11 H11     40.199628       36.179665       32.159703       28.139740       24.119776       20.099813
   12 H12     44.219591       40.199628       36.179666       32.159703       28.139740       24.119776
 
               7 H7            8 H8            9 H9           10 H10          11 H11          12 H12   
    7 H7       0.000000
    8 H8       4.019963        0.000000
    9 H9       8.039927        4.019963        0.000000
   10 H10     12.059890        8.039927        4.019963        0.000000
   11 H11     16.079852       12.059888        8.039925        4.019961        0.000000
   12 H12     20.099815       16.079852       12.059888        8.039925        4.019963        0.000000
 
                    ******************************************* 
                    *    InterNuclear Distances / Angstrom    * 
                    ******************************************* 
 
               1 H1            2 H2            3 H3            4 H4            5 H5            6 H6    
    1 H1       0.000000
    2 H2       2.127273        0.000000
    3 H3       4.254545        2.127272        0.000000
    4 H4       6.381818        4.254545        2.127273        0.000000
    5 H5       8.509091        6.381818        4.254546        2.127273        0.000000
    6 H6      10.636364        8.509091        6.381819        4.254546        2.127273        0.000000
    7 H7      12.763636       10.636363        8.509091        6.381818        4.254545        2.127272
    8 H8      14.890909       12.763636       10.636364        8.509091        6.381818        4.254545
    9 H9      17.018182       14.890909       12.763637       10.636364        8.509091        6.381818
   10 H10     19.145455       17.018182       14.890910       12.763637       10.636364        8.509091
   11 H11     21.272727       19.145454       17.018182       14.890909       12.763636       10.636363
   12 H12     23.400000       21.272727       19.145455       17.018182       14.890909       12.763636
 
               7 H7            8 H8            9 H9           10 H10          11 H11          12 H12   
    7 H7       0.000000
    8 H8       2.127273        0.000000
    9 H9       4.254546        2.127273        0.000000
   10 H10      6.381819        4.254546        2.127273        0.000000
   11 H11      8.509091        6.381818        4.254545        2.127272        0.000000
   12 H12     10.636364        8.509091        6.381818        4.254545        2.127273        0.000000
--
 
 
            Nuclear Potential Energy              6.27829885 au
 
--- Stop Module: gateway at Mon Oct 27 08:54:07 2025 /rc=_RC_ALL_IS_WELL_ ---
*** files: xmldump
    saved to directory /home/grierjones/DDCASPT2/hydrogen_comps/rerun/H12_chain/H12_2.13

--- Start Module: seward at Mon Oct 27 08:54:07 2025 ---
 
()()()()()()()()()()()()()()()()()()()()()()()()()()()()()()()()()()()()()()()()()()()()()()()()()()

                                              &SEWARD

                                   only a single process is used
                       available to each process: 2.0 GB of memory, 1 thread?
()()()()()()()()()()()()()()()()()()()()()()()()()()()()()()()()()()()()()()()()()()()()()()()()()()
 
               SEWARD will generate:
                  Multipole Moment integrals up to order  2
                  Kinetic Energy integrals
                  Nuclear Attraction integrals (point charge)
                  One-Electron Hamiltonian integrals
                  Velocity integrals
                  Relativistic Douglas-Kroll-Hess integrals:
                    - Parametrization         : EXP
                    - DKH order of Hamiltonian: 2
                    - DKH order of Properties : 0
                         - multipole moment operators
                         - electric potential operators
                         - contact operators
                  Atomic mean-field integrals
                  Two-Electron Repulsion integrals
 
                   Integrals are discarded if absolute value <: 0.10E-13
                   Integral cutoff threshold is set to       <: 0.10E-15
 
            Nuclear Potential Energy              6.27829885 au
 
 
      Basis set specifications :
      Symmetry species         a  
      Basis functions           60
 
 
  Input file to MOLDEN was generated!
 
forrtl: warning (525): IEEE_DIVIDE_BY_ZERO is signaling
forrtl: warning (526): IEEE_INVALID is signaling
forrtl: warning (528): IEEE_UNDERFLOW is signaling
--- Stop Module: seward at Mon Oct 27 08:54:08 2025 /rc=_RC_ALL_IS_WELL_ ---
*** files: H12_2.13.GssOrb H12_2.13.guessorb.h5 H12_2.13.guessorb.molden xmldump
    saved to directory /home/grierjones/DDCASPT2/hydrogen_comps/rerun/H12_chain/H12_2.13

*** symbolic link created: INPORB -> H12_2.13.GssOrb
--- Start Module: scf at Mon Oct 27 08:54:08 2025 ---
 
()()()()()()()()()()()()()()()()()()()()()()()()()()()()()()()()()()()()()()()()()()()()()()()()()()

                                                &SCF

                                   only a single process is used
                       available to each process: 2.0 GB of memory, 1 thread?
()()()()()()()()()()()()()()()()()()()()()()()()()()()()()()()()()()()()()()()()()()()()()()()()()()
 
++    Input section:
      --------------
 
      Header of the integral files:
      
       Integrals generated by seward 4.2.0  , Mon Oct 27 08:54:07 2025
 
 
      Cartesian coordinates in Angstrom:
      -----------------------------------------------------
      No.  Label        X            Y            Z        
      -----------------------------------------------------
       1   H1         0.00000000   0.00000000   0.00000000
       2   H2         0.00000000   0.00000000   2.12727300
       3   H3         0.00000000   0.00000000   4.25454500
       4   H4         0.00000000   0.00000000   6.38181800
       5   H5         0.00000000   0.00000000   8.50909100
       6   H6         0.00000000   0.00000000  10.63636400
       7   H7         0.00000000   0.00000000  12.76363600
       8   H8         0.00000000   0.00000000  14.89090900
       9   H9         0.00000000   0.00000000  17.01818200
      10   H10        0.00000000   0.00000000  19.14545500
      11   H11        0.00000000   0.00000000  21.27272700
      12   H12        0.00000000   0.00000000  23.40000000
      -----------------------------------------------------
      Nuclear repulsion energy =    6.27829885
--
 
++    Orbital specifications:
      -----------------------
 
      Symmetry species               1
                                     a
      Frozen orbitals                0
      Occupied orbitals              6
      Secondary orbitals            54
      Deleted orbitals               0
      Total number of orbitals      60
      Number of basis functions     60
--
 
      Molecular charge                           0.000
 
++    Optimization specifications:
      ----------------------------
 
      SCF Algorithm: Conventional
      Minimized density differences are used
      Number of density matrices in core                5
      Maximum number of NDDO SCF iterations           400
      Maximum number of HF SCF iterations             400
      Threshold for SCF energy change            0.10E-08
      Threshold for density matrix               0.10E-03
      Threshold for Fock matrix                  0.15E-03
      Threshold for linear dependence            0.10E-08
      Threshold at which DIIS is turned on       0.15E+00
      Threshold at which QNR/C2DIIS is turned on 0.75E-01
      Threshold for Norm(delta) (QNR/C2DIIS)     0.20E-04
      DIIS extrapolation of the SCF procedure
      All orbitals punched on: SCFORB
--
 
      Input vectors read from INPORB
      Orbital file label: *Guess orbitals
 
 
++ Convergence information
                                   SCF        iterations: Energy and convergence statistics
 
Iter     Tot. SCF        One-elec.       Two-elec.     Energy      Max Dij or  Max Fij      DNorm      TNorm      AccCon     Time
         Energy          Energy          Energy        Change      Delta Norm                                                in Sec.
   1    -5.155705591   -18.906643567     7.472639123   0.00E+00    0.34E+00*   0.11E+00*    0.51E+01   0.12E+02   None         0.
   2    -5.429004582   -18.842406475     7.135103040  -0.27E+00*   0.14E+00*   0.20E-01*    0.15E+01   0.12E+02   EDIIS        0.
   3    -5.444289515   -18.758311614     7.035723245  -0.15E-01*   0.81E-01*   0.86E-02*    0.38E+00   0.12E+02   EDIIS        0.
   4    -5.448046870   -18.754251963     7.027906239  -0.38E-02*   0.30E-01*   0.11E-01*    0.14E+00   0.12E+02   c2DIIS       0.
   5    -5.450434125   -18.740248285     7.011515306  -0.24E-02*   0.11E-01*   0.16E-02*    0.77E-01   0.12E+02   QNRc2DIIS    0.
   6    -5.450514205   -18.745319906     7.016506848  -0.80E-04*   0.76E-02*   0.81E-03*    0.20E-01   0.12E+02   QNRc2DIIS    0.
   7    -5.450544602   -18.745243802     7.016400347  -0.30E-04*   0.47E-02*   0.34E-03*    0.76E-02   0.12E+02   QNRc2DIIS    0.
   8    -5.450550304   -18.743880695     7.015031537  -0.57E-05*   0.31E-03*   0.64E-04     0.22E-02   0.12E+02   QNRc2DIIS    0.
   9    -5.450550398   -18.743795885     7.014946633  -0.93E-07*   0.78E-04*   0.15E-04     0.47E-03   0.12E+02   QNRc2DIIS    0.
  10    -5.450550403   -18.743762422     7.014913166  -0.50E-08*   0.19E-04    0.34E-05     0.15E-03   0.12E+02   QNRc2DIIS    0.
  11    -5.450550403   -18.743762107     7.014912850  -0.32E-09    0.82E-05    0.11E-05     0.29E-04   0.12E+02   QNRc2DIIS    0.
 
       Convergence after 11 Macro Iterations
--
 
 *****************************************************************************************************************************
 *                                                                                                                           *
 *                                             SCF/KS-DFT Program, Final results                                             *
 *                                                                                                                           *
 *                                                                                                                           *
 *                                                                                                                           *
 *                                                       Final Results                                                       *
 *                                                                                                                           *
 *****************************************************************************************************************************
 
::    Total SCF energy                                 -5.4505504032
      One-electron energy                             -18.7437621071
      Two-electron energy                               7.0149128503
      Nuclear repulsion energy                          6.2782988535
      Kinetic energy (interpolated)                     4.0330892637
      Virial theorem                                    1.3514579140
      Total spin, S(S+1)                                0.0000000000
      Total spin, S                                     0.0000000000
      Max non-diagonal density matrix element           0.0000088937
      Max non-diagonal Fock matrix element              0.0000001572
 
 
      All orbitals with orbital energies smaller than  E(LUMO)+0.5 are printed
 
++    Molecular orbitals:
      -------------------
 
      Title: SCF orbitals

      Molecular orbitals for symmetry species 1: a  
 
          Orbital            1         2         3         4         5         6         7         8         9        10    
          Energy           -0.4368   -0.4264   -0.4100   -0.3876   -0.3609   -0.3354   -0.1485   -0.1143   -0.0749   -0.0361
          Occ. No.          2.0000    2.0000    2.0000    2.0000    2.0000    2.0000    0.0000    0.0000    0.0000    0.0000
 
        1 H1     1s         0.0881   -0.1763    0.2556   -0.3119    0.3209   -0.2301    0.2736   -0.4178    0.4516   -0.4062
        2 H1     2s         0.0117   -0.0244    0.0378   -0.0506    0.0581   -0.0458    0.0877   -0.1450    0.1695   -0.1620
        3 H1     2px       -0.0000    0.0000   -0.0000   -0.0000    0.0000   -0.0000    0.0000   -0.0000    0.0000    0.0000
        4 H1     2py        0.0000   -0.0000    0.0000   -0.0000   -0.0000    0.0000   -0.0000    0.0000   -0.0000   -0.0000
        5 H1     2pz        0.0046   -0.0086    0.0112   -0.0118    0.0101   -0.0060   -0.0011    0.0053   -0.0113    0.0166
        6 H2     1s         0.1301   -0.2452    0.3214   -0.3374    0.2838   -0.1633   -0.1070    0.2786   -0.4502    0.5353
        7 H2     2s         0.0140   -0.0325    0.0552   -0.0755    0.0807   -0.0559   -0.0276    0.0944   -0.1711    0.2122
        8 H2     2px       -0.0000   -0.0000    0.0000   -0.0000    0.0000   -0.0000    0.0000   -0.0000    0.0000    0.0000
        9 H2     2py        0.0000   -0.0000    0.0000    0.0000   -0.0000    0.0000    0.0000    0.0000    0.0000   -0.0000
       10 H2     2pz        0.0004    0.0008   -0.0043    0.0093   -0.0132    0.0112   -0.0146    0.0193   -0.0142    0.0033
       11 H3     1s         0.2163   -0.3139    0.2229    0.0272   -0.2877    0.3233   -0.3693    0.3361    0.0082   -0.3984
       12 H3     2s         0.0309   -0.0442    0.0269    0.0209   -0.0765    0.0845   -0.1237    0.1161    0.0083   -0.1576
       13 H3     2px       -0.0000    0.0000   -0.0000    0.0000   -0.0000   -0.0000    0.0000   -0.0000   -0.0000    0.0000
       14 H3     2py       -0.0000    0.0000   -0.0000    0.0000   -0.0000    0.0000    0.0000   -0.0000    0.0000   -0.0000
       15 H3     2pz        0.0050   -0.0048   -0.0015    0.0093   -0.0124    0.0084    0.0090   -0.0183    0.0204   -0.0101
       16 H4     1s         0.2468   -0.3064    0.1250    0.1679   -0.3437    0.2644    0.2428   -0.4359    0.3175    0.1291
       17 H4     2s         0.0292   -0.0469    0.0326    0.0212   -0.0795    0.0781    0.0751   -0.1573    0.1251    0.0484
       18 H4     2px       -0.0000   -0.0000   -0.0000    0.0000    0.0000   -0.0000    0.0000    0.0000   -0.0000    0.0000
       19 H4     2py       -0.0000   -0.0000    0.0000    0.0000   -0.0000    0.0000    0.0000   -0.0000    0.0000   -0.0000
       20 H4     2pz       -0.0014    0.0057   -0.0089    0.0043    0.0075   -0.0130    0.0175   -0.0103   -0.0110    0.0219
       21 H5     1s         0.2998   -0.1839   -0.1953    0.3053    0.0586   -0.3533    0.3913   -0.0179   -0.4675    0.2879
       22 H5     2s         0.0404   -0.0190   -0.0424    0.0551    0.0273   -0.0956    0.1288    0.0006   -0.1798    0.1108
       23 H5     2px        0.0000    0.0000   -0.0000   -0.0000    0.0000    0.0000   -0.0000    0.0000    0.0000    0.0000
       24 H5     2py       -0.0000   -0.0000    0.0000    0.0000   -0.0000    0.0000    0.0000    0.0000   -0.0000    0.0000
       25 H5     2pz        0.0048    0.0018   -0.0091    0.0026    0.0105   -0.0118   -0.0143    0.0178    0.0008   -0.0209
       26 H6     1s         0.3112   -0.1083   -0.2764    0.2176    0.2040   -0.3327   -0.3455    0.3132    0.2606   -0.4925
       27 H6     2s         0.0396   -0.0242   -0.0403    0.0539    0.0373   -0.0935   -0.1112    0.1181    0.0957   -0.1937
       28 H6     2px        0.0000   -0.0000    0.0000   -0.0000    0.0000   -0.0000   -0.0000    0.0000    0.0000   -0.0000
       29 H6     2py        0.0000   -0.0000    0.0000   -0.0000   -0.0000   -0.0000   -0.0000   -0.0000   -0.0000   -0.0000
       30 H6     2pz       -0.0035    0.0066    0.0007   -0.0110    0.0021    0.0134   -0.0174   -0.0056    0.0208    0.0035
       31 H7     1s         0.3112    0.1083   -0.2764   -0.2176    0.2040    0.3327   -0.3455   -0.3132    0.2606    0.4925
       32 H7     2s         0.0396    0.0242   -0.0403   -0.0539    0.0373    0.0935   -0.1112   -0.1181    0.0957    0.1937
       33 H7     2px       -0.0000   -0.0000   -0.0000   -0.0000   -0.0000   -0.0000   -0.0000   -0.0000   -0.0000   -0.0000
       34 H7     2py       -0.0000   -0.0000   -0.0000    0.0000    0.0000    0.0000   -0.0000   -0.0000   -0.0000   -0.0000
       35 H7     2pz        0.0035    0.0066   -0.0007   -0.0110   -0.0021    0.0134    0.0174   -0.0056   -0.0208    0.0035
       36 H8     1s         0.2998    0.1839   -0.1953   -0.3053    0.0586    0.3533    0.3913    0.0179   -0.4675   -0.2879
       37 H8     2s         0.0404    0.0190   -0.0424   -0.0551    0.0273    0.0956    0.1288   -0.0006   -0.1798   -0.1108
       38 H8     2px       -0.0000    0.0000   -0.0000   -0.0000   -0.0000   -0.0000    0.0000   -0.0000    0.0000   -0.0000
       39 H8     2py        0.0000   -0.0000    0.0000   -0.0000    0.0000    0.0000   -0.0000    0.0000   -0.0000   -0.0000
       40 H8     2pz       -0.0048    0.0018    0.0091    0.0026   -0.0105   -0.0118    0.0143    0.0178   -0.0008   -0.0209
       41 H9     1s         0.2468    0.3064    0.1250   -0.1679   -0.3437   -0.2644    0.2428    0.4359    0.3175   -0.1291
       42 H9     2s         0.0292    0.0469    0.0326   -0.0212   -0.0795   -0.0781    0.0751    0.1573    0.1251   -0.0484
       43 H9     2px        0.0000   -0.0000   -0.0000   -0.0000   -0.0000    0.0000    0.0000    0.0000    0.0000    0.0000
       44 H9     2py       -0.0000   -0.0000    0.0000    0.0000   -0.0000    0.0000   -0.0000    0.0000    0.0000   -0.0000
       45 H9     2pz        0.0014    0.0057    0.0089    0.0043   -0.0075   -0.0130   -0.0175   -0.0103    0.0110    0.0219
       46 H10    1s         0.2163    0.3139    0.2229   -0.0272   -0.2877   -0.3233   -0.3693   -0.3361    0.0082    0.3984
       47 H10    2s         0.0309    0.0442    0.0269   -0.0209   -0.0765   -0.0845   -0.1237   -0.1161    0.0083    0.1576
       48 H10    2px        0.0000    0.0000    0.0000    0.0000    0.0000   -0.0000   -0.0000    0.0000    0.0000    0.0000
       49 H10    2py       -0.0000    0.0000   -0.0000   -0.0000   -0.0000   -0.0000    0.0000   -0.0000   -0.0000   -0.0000
       50 H10    2pz       -0.0050   -0.0048    0.0015    0.0093    0.0124    0.0084   -0.0090   -0.0183   -0.0204   -0.0101
       51 H11    1s         0.1301    0.2452    0.3214    0.3374    0.2838    0.1633   -0.1070   -0.2786   -0.4502   -0.5353
       52 H11    2s         0.0140    0.0325    0.0552    0.0755    0.0807    0.0559   -0.0276   -0.0944   -0.1711   -0.2122
       53 H11    2px       -0.0000   -0.0000   -0.0000   -0.0000   -0.0000    0.0000   -0.0000   -0.0000    0.0000    0.0000
       54 H11    2py       -0.0000   -0.0000    0.0000    0.0000   -0.0000    0.0000    0.0000   -0.0000   -0.0000    0.0000
       55 H11    2pz       -0.0004    0.0008    0.0043    0.0093    0.0132    0.0112    0.0146    0.0193    0.0142    0.0033
       56 H12    1s         0.0881    0.1763    0.2556    0.3119    0.3209    0.2301    0.2736    0.4178    0.4516    0.4062
       57 H12    2s         0.0117    0.0244    0.0378    0.0506    0.0581    0.0458    0.0877    0.1450    0.1695    0.1620
       58 H12    2px       -0.0000   -0.0000    0.0000   -0.0000   -0.0000    0.0000   -0.0000    0.0000    0.0000   -0.0000
       59 H12    2py        0.0000   -0.0000   -0.0000   -0.0000   -0.0000   -0.0000   -0.0000    0.0000   -0.0000   -0.0000
       60 H12    2pz       -0.0046   -0.0086   -0.0112   -0.0118   -0.0101   -0.0060    0.0011    0.0053    0.0113    0.0166
 
          Orbital           11        12        13        14        15    
          Energy           -0.0020    0.0217    0.3155    0.3257    0.3444
          Occ. No.          0.0000    0.0000    0.0000    0.0000    0.0000
 
        1 H1     1s         0.3046   -0.1636   -0.0831    0.1346   -0.1396
        2 H1     2s         0.1263   -0.0692    0.1701   -0.3061    0.3947
        3 H1     2px       -0.0000    0.0000   -0.0000    0.0000   -0.0000
        4 H1     2py        0.0000   -0.0000   -0.0000    0.0000    0.0000
        5 H1     2pz       -0.0177    0.0118   -0.0185    0.0303   -0.0333
        6 H2     1s        -0.4819    0.2869   -0.1255    0.1838   -0.1568
        7 H2     2s        -0.1917    0.1126    0.1404   -0.2191    0.2056
        8 H2     2px       -0.0000    0.0000   -0.0000    0.0000    0.0000
        9 H2     2py        0.0000   -0.0000    0.0000   -0.0000    0.0000
       10 H2     2pz        0.0067   -0.0080    0.0029   -0.0094    0.0196
       11 H3     1s         0.5744   -0.4124   -0.1413    0.1746   -0.0849
       12 H3     2s         0.2246   -0.1593    0.1856   -0.2442    0.1330
       13 H3     2px       -0.0000    0.0000   -0.0000    0.0000    0.0000
       14 H3     2py       -0.0000   -0.0000   -0.0000   -0.0000    0.0000
       15 H3     2pz       -0.0059    0.0113   -0.0067    0.0023    0.0097
       16 H4     1s        -0.5381    0.4959   -0.1615    0.1414    0.0258
       17 H4     2s        -0.2106    0.1917    0.2040   -0.1979   -0.0309
       18 H4     2px       -0.0000    0.0000   -0.0000    0.0000   -0.0000
       19 H4     2py        0.0000   -0.0000   -0.0000    0.0000    0.0000
       20 H4     2pz       -0.0111   -0.0026    0.0007   -0.0087    0.0162
       21 H5     1s         0.3621   -0.5654   -0.1717    0.1001    0.1047
       22 H5     2s         0.1419   -0.2181    0.2217   -0.1337   -0.1743
       23 H5     2px        0.0000    0.0000    0.0000    0.0000   -0.0000
       24 H5     2py       -0.0000   -0.0000   -0.0000   -0.0000    0.0000
       25 H5     2pz        0.0116    0.0078   -0.0042   -0.0071    0.0125
       26 H6     1s        -0.1492    0.5949   -0.1793    0.0289    0.1669
       27 H6     2s        -0.0579    0.2296    0.2292   -0.0457   -0.2629
       28 H6     2px       -0.0000   -0.0000    0.0000    0.0000   -0.0000
       29 H6     2py       -0.0000    0.0000   -0.0000   -0.0000   -0.0000
       30 H6     2pz       -0.0192    0.0029    0.0023   -0.0106    0.0031
       31 H7     1s        -0.1492   -0.5949   -0.1793   -0.0289    0.1669
       32 H7     2s        -0.0579   -0.2296    0.2292    0.0457   -0.2629
       33 H7     2px       -0.0000   -0.0000   -0.0000   -0.0000    0.0000
       34 H7     2py        0.0000   -0.0000    0.0000    0.0000    0.0000
       35 H7     2pz        0.0192    0.0029   -0.0023   -0.0106   -0.0031
       36 H8     1s         0.3621    0.5654   -0.1717   -0.1001    0.1047
       37 H8     2s         0.1419    0.2181    0.2217    0.1337   -0.1743
       38 H8     2px       -0.0000    0.0000   -0.0000   -0.0000    0.0000
       39 H8     2py        0.0000    0.0000    0.0000    0.0000   -0.0000
       40 H8     2pz       -0.0116    0.0078    0.0042   -0.0071   -0.0125
       41 H9     1s        -0.5381   -0.4959   -0.1615   -0.1414    0.0258
       42 H9     2s        -0.2106   -0.1917    0.2040    0.1979   -0.0309
       43 H9     2px        0.0000   -0.0000   -0.0000   -0.0000    0.0000
       44 H9     2py       -0.0000    0.0000    0.0000    0.0000    0.0000
       45 H9     2pz        0.0111   -0.0026   -0.0007   -0.0087   -0.0162
       46 H10    1s         0.5744    0.4124   -0.1413   -0.1746   -0.0849
       47 H10    2s         0.2246    0.1593    0.1856    0.2442    0.1330
       48 H10    2px       -0.0000    0.0000   -0.0000    0.0000    0.0000
       49 H10    2py        0.0000    0.0000    0.0000   -0.0000   -0.0000
       50 H10    2pz        0.0059    0.0113    0.0067    0.0023   -0.0097
       51 H11    1s        -0.4819   -0.2869   -0.1255   -0.1838   -0.1568
       52 H11    2s        -0.1917   -0.1126    0.1404    0.2191    0.2056
       53 H11    2px       -0.0000   -0.0000   -0.0000   -0.0000    0.0000
       54 H11    2py       -0.0000   -0.0000    0.0000   -0.0000   -0.0000
       55 H11    2pz       -0.0067   -0.0080   -0.0029   -0.0094   -0.0196
       56 H12    1s         0.3046    0.1636   -0.0831   -0.1346   -0.1396
       57 H12    2s         0.1263    0.0692    0.1701    0.3061    0.3947
       58 H12    2px        0.0000    0.0000   -0.0000   -0.0000   -0.0000
       59 H12    2py        0.0000    0.0000   -0.0000   -0.0000   -0.0000
       60 H12    2pz        0.0177    0.0118    0.0185    0.0303    0.0333
--
 
 
++    Molecular charges:
      ------------------
 
      Mulliken charges per centre and basis function type
      ---------------------------------------------------
 
                H1      H2      H3      H4      H5      H6      H7      H8      H9      H10     H11     H12   
      1s       0.8797  0.9603  0.9246  0.9359  0.9283  0.9314  0.9314  0.9283  0.9359  0.9246  0.9603  0.8797
      2s       0.0646  0.0751  0.0597  0.0634  0.0621  0.0627  0.0627  0.0621  0.0634  0.0597  0.0751  0.0646
      2px      0.0000  0.0000  0.0000  0.0000  0.0000  0.0000  0.0000  0.0000  0.0000  0.0000  0.0000  0.0000
      2pz      0.0075  0.0092  0.0089  0.0088  0.0090  0.0089  0.0089  0.0090  0.0088  0.0089  0.0092  0.0075
      2py      0.0000  0.0000  0.0000  0.0000  0.0000  0.0000  0.0000  0.0000  0.0000  0.0000  0.0000  0.0000
      Total    0.9518  1.0446  0.9932  1.0081  0.9994  1.0030  1.0030  0.9994  1.0081  0.9932  1.0446  0.9518
 
      N-E      0.0482 -0.0446  0.0068 -0.0081  0.0006 -0.0030 -0.0030  0.0006 -0.0081  0.0068 -0.0446  0.0482
 
      Total electronic charge=   12.000000
 
      Total            charge=   -0.000000
--
 
 
  Input file to MOLDEN was generated!
 
 
++    Static properties:
      ------------------
 
 
      LoProp Charges per center
 

                   H1       H2       H3       H4       H5       H6       H7       H8       H9       H10   
      Nuclear      1.0000   1.0000   1.0000   1.0000   1.0000   1.0000   1.0000   1.0000   1.0000   1.0000
      Electronic  -0.9733  -1.0211  -0.9954  -1.0077  -0.9996  -1.0029  -1.0029  -0.9996  -1.0077  -0.9954
 
      Total        0.0267  -0.0211   0.0046  -0.0077   0.0004  -0.0029  -0.0029   0.0004  -0.0077   0.0046
 

                   H11      H12   
      Nuclear      1.0000   1.0000
      Electronic  -1.0211  -0.9733
 
      Total       -0.0211   0.0267
--
 
 
++    Natural Bond Order analysis
      ---------------------------
      Based on LoProp computed density
      -------------------------------------------------------------------------------------
      Atom A       Atom B       Bond Order
      -------------------------------------------------------------------------------------
      NBO located      0.954 non-bonded electrons on atom H1        
      NBO located      1.004 non-bonded electrons on atom H3        
      NBO located      1.018 non-bonded electrons on atom H4        
      NBO located      1.009 non-bonded electrons on atom H5        
      NBO located      1.012 non-bonded electrons on atom H6        
      NBO located      1.012 non-bonded electrons on atom H7        
      NBO located      1.009 non-bonded electrons on atom H8        
      NBO located      1.018 non-bonded electrons on atom H9        
      NBO located      1.004 non-bonded electrons on atom H10       
      NBO located      0.954 non-bonded electrons on atom H12       
      The remaining    2.007 electrons are to be considered as diffuse
--
 
 
++    Molecular properties:
      ---------------------
 
      Charge (e):
                      =   -0.0000
      Dipole Moment (Debye):
      Origin of the operator (Ang)=    0.0000    0.0000    0.0000
                   X= -1.2824E-13               Y= -1.8042E-15               Z= -1.1559E-11           Total=  1.1559E-11
      Quadrupole Moment (Debye*Ang):
      Origin of the operator (Ang)=    0.0000    0.0000   11.7000
                  XX= -2.5896E+01              XY=  6.1614E-28              XZ=  1.4951E-12              YY= -2.5896E+01
                  YZ=  8.5070E-14              ZZ=  6.3569E+00
      In traceless form (Debye*Ang)
                  XX= -1.6126E+01              XY=  9.2420E-28              XZ=  2.2427E-12              YY= -1.6126E+01
                  YZ=  1.2761E-13              ZZ=  3.2253E+01
--
 
 
  Input file to MOLDEN was generated!
 
 ###############################################################################
 ###############################################################################
 ###                                                                         ###
 ###                                                                         ###
 ###    RunFile label nBas                                                   ###
 ###    was used       78 times                                              ###
 ###                                                                         ###
 ###                                                                         ###
 ###############################################################################
 ###############################################################################
forrtl: warning (528): IEEE_UNDERFLOW is signaling
--- Stop Module: scf at Mon Oct 27 08:54:09 2025 /rc=_RC_ALL_IS_WELL_ ---
*** files: H12_2.13.LprOrb H12_2.13.LoProp.molden H12_2.13.scf.molden H12_2.13.ScfOrb H12_2.13.scf.h5 xmldump
    saved to directory /home/grierjones/DDCASPT2/hydrogen_comps/rerun/H12_chain/H12_2.13

>>> COPY /tmp/H12_2.13/H12_2.13.scf.h5 /home/grierjones/DDCASPT2/hydrogen_comps/rerun/H12_chain/H12_2.13/

*** symbolic link created: INPORB -> H12_2.13.ScfOrb
--- Start Module: rasscf at Mon Oct 27 08:54:09 2025 ---
 
()()()()()()()()()()()()()()()()()()()()()()()()()()()()()()()()()()()()()()()()()()()()()()()()()()

                                              &RASSCF

                                   only a single process is used
                       available to each process: 2.0 GB of memory, 1 thread?
()()()()()()()()()()()()()()()()()()()()()()()()()()()()()()()()()()()()()()()()()()()()()()()()()()
 
 
      Header of the ONEINT file:
      --------------------------
      
      Integrals generated by seward 4.2.0  , Mon Oct 27 08:54:07 2025
 
 
      OrdInt status: non-squared
 
 
      Cartesian coordinates in Angstrom:
      -----------------------------------------------------
      No.  Label        X            Y            Z        
      -----------------------------------------------------
       1   H1         0.00000000   0.00000000   0.00000000
       2   H2         0.00000000   0.00000000   2.12727300
       3   H3         0.00000000   0.00000000   4.25454500
       4   H4         0.00000000   0.00000000   6.38181800
       5   H5         0.00000000   0.00000000   8.50909100
       6   H6         0.00000000   0.00000000  10.63636400
       7   H7         0.00000000   0.00000000  12.76363600
       8   H8         0.00000000   0.00000000  14.89090900
       9   H9         0.00000000   0.00000000  17.01818200
      10   H10        0.00000000   0.00000000  19.14545500
      11   H11        0.00000000   0.00000000  21.27272700
      12   H12        0.00000000   0.00000000  23.40000000
      -----------------------------------------------------
      Nuclear repulsion energy =    6.27829885
 
++    Wave function specifications:
      -----------------------------
 
      Number of closed shell electrons           0
      Number of electrons in active shells      12
      Max number of holes in RAS1 space          0
      Max nr of electrons in RAS3 space          0
      Number of inactive orbitals                0
      Number of active orbitals                 12
      Number of secondary orbitals              48
      Spin quantum number                      0.0
      State symmetry                             1
--
 
++    Orbital specifications:
      -----------------------
 
      Symmetry species                           1
                                                 a
      Frozen orbitals                            0
      Inactive orbitals                          0
      Active orbitals                           12
      RAS1 orbitals                              0
      RAS2 orbitals                             12
      RAS3 orbitals                              0
      Secondary orbitals                        48
      Deleted orbitals                           0
      Number of basis functions                 60
--
 
++    CI expansion specifications:
      ----------------------------
 
      Number of CSFs                        226512
      Number of determinants                427350
      Number of root(s) required                 1
      Root chosen for geometry opt.              1
      CI root used                               1
         
      highest root included in the CI            1
      max. size of the explicit Hamiltonian    200
--
 
++    Optimization specifications:
      ----------------------------
 
      RASSCF algorithm: Conventional
      Maximum number of macro iterations       200
      Maximum number of SX iterations          100
      Threshold for RASSCF energy            0.100E-07
      Threshold for max MO rotation          0.100E+00
      Threshold for max BLB element          0.100E-03
      Level shift parameter                  0.500E+00
      Make Quasi-Newton update
--
 
      The MO-coefficients are taken from the file:
      /home/grierjones/DDCASPT2/hydrogen_comps/rerun/H12_chain/H12_0.60/H12_0.60.RasOrb                                               
      Title: RASSCF average (pseudo-natural) orbitals                                      
 
      Total molecular charge    0.00
 
      ************************************************************************************************************************
      *                                                                                                                      *
      *                                            Wave function control section                                             *
      *                                                                                                                      *
      ************************************************************************************************************************
 
 
                                         RASSCF iterations: Energy and convergence statistics
                                         ----------------------------------------------------
 
      Iter CI   SX   CI       RASSCF       Energy    max ROT     max BLB   max BLB  Level Ln srch  Step   QN   Walltime
          iter iter root      energy       change     param      element    value   shift minimum  type update hh:mm:ss
        No convergence in the CI section: MAXJT will be increased to 
 24
 Nr of preliminary CI iterations:  12
        No convergence in the CI section: MAXJT will be increased to 
 24
        1  12  100    1    -4.03753666    0.00E+00  -0.21E+00*   4  21 1  0.28E+00*  0.45   0.00    SX    NO    0:00:48
        2  13  100    1    -5.02114719   -0.98E+00* -0.19E+00*   4  21 1  0.23E+00*  0.37   0.00    SX    NO    0:00:25
 ###############################################################################
 ###############################################################################
 ###                                                                         ###
 ###                                                                         ###
 ###    Large orbital rotation.                                              ###
 ###                                                                         ###
 ###                                                                         ###
 ###############################################################################
 ###############################################################################
      Molecular orbital  11 of symmetry 1 MO space 2  weight is    0.226895
 ###############################################################################
 ###############################################################################
 ###                                                                         ###
 ###                                                                         ###
 ###    Large orbital rotation.                                              ###
 ###                                                                         ###
 ###                                                                         ###
 ###############################################################################
 ###############################################################################
      Molecular orbital  12 of symmetry 1 MO space 2  weight is    0.338886
 ###############################################################################
 ###############################################################################
 ###                                                                         ###
 ###                                                                         ###
 ###    Large orbital rotation.                                              ###
 ###                                                                         ###
 ###                                                                         ###
 ###############################################################################
 ###############################################################################
      Molecular orbital  20 of symmetry 1 MO space 3  weight is    0.475619
        3   6  100    1    -5.49164381   -0.47E+00*  0.61E+00*   2  14 1 -0.15E+00*  0.30   0.00    SX    NO    0:00:15
        No convergence in the CI section: MAXJT will be increased to 
 60
 ###############################################################################
 ###############################################################################
 ###                                                                         ###
 ###                                                                         ###
 ###    Large orbital rotation.                                              ###
 ###                                                                         ###
 ###                                                                         ###
 ###############################################################################
 ###############################################################################
      Molecular orbital  11 of symmetry 1 MO space 2  weight is    0.245135
 ###############################################################################
 ###############################################################################
 ###                                                                         ###
 ###                                                                         ###
 ###    Large orbital rotation.                                              ###
 ###                                                                         ###
 ###                                                                         ###
 ###############################################################################
 ###############################################################################
      Molecular orbital  12 of symmetry 1 MO space 2  weight is    0.230603
        4  48  100    1    -5.80631316   -0.31E+00*  0.57E+00*   2  14 1 -0.11E+00*  0.00   0.00    SX    NO    0:01:19
        5  10  100    1    -5.93705224   -0.13E+00* -0.25E+00*  12  14 1  0.51E-01*  0.00   0.00    SX    NO    0:00:18
        6  13   51    1    -6.04379018   -0.11E+00*  0.43E-01    2  24 1  0.23E-01*  0.00   1.03    QN   YES    0:00:20
        7  10   18    1    -6.05171050   -0.79E-02*  0.20E-01   12  14 1 -0.26E-01*  0.00   0.85    QN   YES    0:00:20
        8  16   14    1    -6.05483119   -0.31E-02*  0.21E-01   12  14 1 -0.14E-01*  0.00   1.27    QN   YES    0:00:29
        9  17   13    1    -6.05589828   -0.11E-02*  0.96E-03    1  15 1 -0.11E-02*  0.00   0.99    QN   YES    0:00:31
       10   9   11    1    -6.05592487   -0.27E-04* -0.24E-03    6  30 1  0.23E-03*  0.00   0.99    QN   YES    0:00:19
       11  35   10    1    -6.05593367   -0.88E-05* -0.21E-02    9  31 1  0.22E-03*  0.00   1.02    QN   YES    0:00:59
       12  71   13    1    -6.05591046    0.23E-04* -0.12E-02    6  30 1 -0.12E-02*  0.00   0.17    LS   YES    0:01:55
       13  17   12    1    -6.05593260   -0.22E-04*  0.36E-03    2  24 1 -0.44E-03*  0.00   1.34    QN   YES    0:00:31
       14  11   10    1    -6.05593509   -0.25E-05*  0.79E-04    2  24 1 -0.14E-03*  0.00   1.10    QN   YES    0:00:22
       15  23   10    1    -6.05593549   -0.40E-06*  0.63E-04    2  24 1 -0.61E-04   0.00   1.08    QN   YES    0:00:40
       16  16    7    1    -6.05593555   -0.67E-07* -0.21E-04    6  37 1 -0.17E-04   0.00   0.99    QN   YES    0:00:29
       17   1    6    1    -6.05593556   -0.41E-08  -0.43E-05    4  24 1  0.28E-05   0.00   1.14    QN   YES    0:00:07
      Convergence after 17 iterations
 
  Dmat in MO in SXCTL bf call to SXHAM                                                                                    
  mat. size =    12x   12
 
        1.5400750332840385
        0.0015410383237121      1.5124910179045077
       -0.0688235298315922      0.0005947634149513      1.4289042549758322
       -0.0000764435857261      0.0573997020544648      0.0008969492876148      1.3395910058227691
        0.0035507744165817      0.0005563698820008     -0.0511909805994970     -0.0008022760701844      1.3473390362135960
       -0.0000950949179883      0.0407125700647177     -0.0001108841991384     -0.0123458630863811      0.0002161874365445
        1.2508687819268929
        0.0171773624663302     -0.0001221181168464      0.1816192187381546     -0.0000554595453211      0.0125279148030190
       -0.0000981755834671      0.5322873849755800
        0.0001877008479251     -0.0440598623187380     -0.0003311556222215     -0.1814524256048580      0.0001957725148150
       -0.0118719706929475     -0.0000346485543627      0.4901171126762838
       -0.0622253254039798      0.0003412157427211     -0.1069898355380239      0.0000532932590350     -0.0856791017891660
        0.0000014635618786     -0.0007643539211693      0.0000125856161545      0.7817119624974427
       -0.0001730399118676     -0.0418052747236739     -0.0001269949177188      0.2021906576981093      0.0002223395850339
       -0.0794832395468428     -0.0000392547131189      0.0310361332373364     -0.0000943474625681      0.6432827893438906
        0.1393021724797035      0.0808202587005967      0.1583113552434063     -0.0737764051372715     -0.0387289721326649
        0.0227675649510987     -0.0173599950787190      0.0081804145823598      0.0342195839960530      0.0227933110088369
        0.5715683586925777
       -0.0888880692941079      0.1430865238190300     -0.0933373031797911     -0.1163995134475486      0.0185920769893116
        0.0363422894814187      0.0117948180530757      0.0120497704281448     -0.0214045473322243      0.0359618170549845
       -0.0104794452706604      0.5617632616866416
       18   1    6    1    -6.05593556   -0.19E-09  -0.43E-05    6  14 1  0.23E-06   0.00   1.14    QN   YES    0:00:08
 
      ************************************************************************************************************************
                                                      Wave function printout:
                       occupation of active orbitals, and spin coupling of open shells (u,d: Spin up or down)
      ************************************************************************************************************************
 
      Note: transformation to natural orbitals
      has been made, which may change the order of the CSFs.
 
      printout of CI-coefficients larger than  0.05 for root  1
      energy=      -6.055936
      conf/sym  111111111111     Coeff  Weight
             1  222222000000   0.34382 0.11822
            43  222220002000  -0.15704 0.02466
            67  2222ud00ud00  -0.16122 0.02599
            83  222u2du0d000   0.12292 0.01511
            89  222u2d000200  -0.05081 0.00258
           107  22u22du00d00   0.05332 0.00284
           118  22u22d00u00d  -0.10329 0.01067
           134  2u222d00u0d0   0.09350 0.00874
           147  u2222d0ud000  -0.11186 0.01251
           156  u2222d000ud0  -0.05265 0.00277
           167  222202u0d000   0.05038 0.00254
           173  222202000200  -0.09568 0.00916
           191  222ud2u00d00   0.11265 0.01269
           202  222ud200u00d  -0.05290 0.00280
           224  22u2d2000u0d  -0.09377 0.00879
           231  2u22d20ud000   0.05311 0.00282
           240  2u22d2000ud0   0.09340 0.00872
           242  2u22d2u0000d  -0.05222 0.00273
           255  u222d20u0d00  -0.07716 0.00595
           269  222022200000  -0.06983 0.00488
           303  22ud22000ud0  -0.05254 0.00276
           305  22ud22u0000d   0.09393 0.00882
           321  2u2d22u000d0  -0.07543 0.00569
           333  u22d22ud0000   0.06970 0.00486
           373  220222000002  -0.05630 0.00317
           393  2ud2220000ud   0.07169 0.00514
           411  u2d2220u000d  -0.06680 0.00446
           430  202222000020  -0.05042 0.00254
           448  ud22220u00d0   0.06753 0.00456
           460  022222020000  -0.05186 0.00269
          5623  222200002200   0.07892 0.00623
          5721  222ud0u02d00   0.07718 0.00596
          5877  22u2d0002u0d   0.06324 0.00400
          5952  2u22d0002ud0  -0.05812 0.00338
          6037  u222d00u2d00  -0.05297 0.00281
          6132  222020202000   0.05005 0.00251
          6290  22ud20u0200d   0.05369 0.00288
          6365  2u2d20u020d0  -0.05018 0.00252
          7196  222u0du0d200   0.06183 0.00382
          7769  22ududu0ud0d   0.05670 0.00321
 
      Natural orbitals and occupation numbers for root  1
      sym 1:   1.584154   1.557970   1.512191   1.444207   1.352800   1.244009   0.557872   0.406193   0.766918   0.654515
               0.434612   0.484558
 
      ************************************************************************************************************************
      *                                                                                                                      *
      *                                                    Final results                                                     *
      *                                                                                                                      *
      ************************************************************************************************************************
 
 
++    Wave function specifications:
      -----------------------------
 
      Number of closed shell electrons           0
      Number of electrons in active shells      12
      Max number of holes in RAS1 space          0
      Max nr of electrons in RAS3 space          0
      Number of inactive orbitals                0
      Number of active orbitals                 12
      Number of secondary orbitals              48
      Spin quantum number                      0.0
      State symmetry                             1
--
 
++    Orbital specifications:
      -----------------------
 
      Symmetry species                           1
                                                 a
      Frozen orbitals                            0
      Inactive orbitals                          0
      Active orbitals                           12
      RAS1 orbitals                              0
      RAS2 orbitals                             12
      RAS3 orbitals                              0
      Secondary orbitals                        48
      Deleted orbitals                           0
      Number of basis functions                 60
--
 
++    CI expansion specifications:
      ----------------------------
 
      Number of CSFs                        226512
      Number of determinants                427350
      Number of root(s) required                 1
      CI root used                               1
      highest root included in the CI            1
      Root passed to geometry opt.               1
--
 
++    Final optimization conditions:
      ------------------------------
 
      Average CI energy                              -6.05593556
      RASSCF energy for state  1                     -6.05593556
      Super-CI energy                                -0.00000000
      RASSCF energy change                            0.00000000
      Max change in MO coefficients              -0.558E-05
      Max non-diagonal density matrix element    -0.434E-05
      Maximum BLB matrix element                  0.227E-06
      (orbital pair   6,  14 in symmetry   1)
      Norm of electronic gradient            0.953E-06
--
 
 
      Final state energy(ies):
      ------------------------
 
::    RASSCF root number  1 Total energy:     -6.05593556
 
++    Molecular orbitals:
      -------------------
 
      Pseudonatural active orbitals and approximate occupation numbers
 
 
 
 
      Molecular orbitals for symmetry species 1: a  
 
 
      Orbital                1         2         3         4         5         6         7         8         9        10
      Energy            0.0000    0.0000    0.0000    0.0000    0.0000    0.0000    0.0000    0.0000    0.0000    0.0000
      Occ. No.          1.5842    1.5580    1.5122    1.4442    1.3528    1.2440    0.5579    0.4062    0.7669    0.6545
 
    1 H1     1s         0.1087    0.2090    0.2895   -0.3341    0.3210   -0.2255    0.4232   -0.1576   -0.2537   -0.3836
    2 H1     2s         0.0070    0.0139    0.0205   -0.0255    0.0265   -0.0199    0.0485   -0.0207   -0.0265   -0.0418
    3 H1     2px        0.0000    0.0000    0.0000   -0.0000    0.0000   -0.0000    0.0000   -0.0000   -0.0000   -0.0000
    4 H1     2py        0.0000   -0.0000    0.0000   -0.0000    0.0000   -0.0000   -0.0000   -0.0000   -0.0000   -0.0000
    5 H1     2pz        0.0017    0.0031    0.0036   -0.0034    0.0025   -0.0013    0.0025   -0.0016   -0.0009   -0.0017
    6 H2     1s         0.1565    0.2807    0.3451   -0.3340    0.2513   -0.1266   -0.4108    0.2580    0.0932    0.2535
    7 H2     2s         0.0082    0.0181    0.0295   -0.0390    0.0401   -0.0277   -0.0562    0.0488   -0.0005    0.0231
    8 H2     2px       -0.0000   -0.0000   -0.0000    0.0000   -0.0000    0.0000    0.0000   -0.0000   -0.0000   -0.0000
    9 H2     2py        0.0000   -0.0000   -0.0000    0.0000   -0.0000    0.0000   -0.0000   -0.0000    0.0000   -0.0000
   10 H2     2pz        0.0012    0.0011   -0.0006    0.0031   -0.0049    0.0041   -0.0004   -0.0005    0.0025    0.0020
   11 H3     1s         0.2291    0.3202    0.2078    0.0556   -0.3057    0.3409   -0.0308   -0.3634    0.3736    0.3417
   12 H3     2s         0.0147    0.0198    0.0092    0.0156   -0.0411    0.0440    0.0040   -0.0673    0.0505    0.0445
   13 H3     2px        0.0000    0.0000    0.0000   -0.0000   -0.0000    0.0000   -0.0000   -0.0000    0.0000   -0.0000
   14 H3     2py       -0.0000    0.0000    0.0000   -0.0000    0.0000    0.0000   -0.0000    0.0000    0.0000   -0.0000
   15 H3     2pz        0.0009   -0.0000   -0.0025    0.0044   -0.0040    0.0019    0.0011   -0.0015   -0.0009   -0.0012
   16 H4     1s         0.2641    0.3045    0.0825    0.2213   -0.3597    0.2425    0.3215    0.4304   -0.2333   -0.4305
   17 H4     2s         0.0147    0.0219    0.0127    0.0141   -0.0404    0.0386    0.0582    0.0824   -0.0230   -0.0627
   18 H4     2px       -0.0000   -0.0000   -0.0000   -0.0000    0.0000    0.0000   -0.0000   -0.0000   -0.0000    0.0000
   19 H4     2py       -0.0000   -0.0000   -0.0000   -0.0000    0.0000   -0.0000   -0.0000   -0.0000    0.0000    0.0000
   20 H4     2pz        0.0009   -0.0010   -0.0036    0.0025    0.0021   -0.0045   -0.0011   -0.0012   -0.0023   -0.0001
   21 H5     1s         0.3036    0.1858   -0.2001    0.3098    0.0503   -0.3775   -0.4308   -0.4860   -0.4035   -0.0215
   22 H5     2s         0.0185    0.0086   -0.0202    0.0250    0.0149   -0.0505   -0.0735   -0.0916   -0.0517    0.0062
   23 H5     2px        0.0000    0.0000   -0.0000    0.0000    0.0000   -0.0000    0.0000    0.0000   -0.0000   -0.0000
   24 H5     2py        0.0000    0.0000    0.0000   -0.0000    0.0000   -0.0000   -0.0000    0.0000   -0.0000   -0.0000
   25 H5     2pz        0.0003   -0.0021   -0.0031   -0.0007    0.0045   -0.0034   -0.0010   -0.0015    0.0016    0.0016
   26 H6     1s         0.3162    0.0939   -0.2949    0.1945    0.2416   -0.3389    0.2346    0.5095    0.3494    0.3197
   27 H6     2s         0.0185    0.0101   -0.0198    0.0240    0.0200   -0.0483    0.0321    0.0968    0.0415    0.0541
   28 H6     2px       -0.0000   -0.0000    0.0000   -0.0000    0.0000    0.0000    0.0000    0.0000   -0.0000    0.0000
   29 H6     2py        0.0000   -0.0000    0.0000   -0.0000    0.0000   -0.0000   -0.0000    0.0000    0.0000    0.0000
   30 H6     2pz        0.0003   -0.0025   -0.0012   -0.0039    0.0018    0.0044    0.0002   -0.0015    0.0022   -0.0011
   31 H7     1s         0.3162   -0.0939   -0.2949   -0.1945    0.2416    0.3389    0.2346   -0.5095    0.3494   -0.3197
   32 H7     2s         0.0185   -0.0101   -0.0198   -0.0240    0.0200    0.0483    0.0321   -0.0968    0.0415   -0.0541
   33 H7     2px        0.0000   -0.0000   -0.0000   -0.0000   -0.0000   -0.0000    0.0000    0.0000   -0.0000    0.0000
   34 H7     2py        0.0000   -0.0000    0.0000    0.0000   -0.0000    0.0000   -0.0000    0.0000    0.0000    0.0000
   35 H7     2pz       -0.0003   -0.0025    0.0012   -0.0039   -0.0018    0.0044   -0.0002   -0.0015   -0.0022   -0.0011
   36 H8     1s         0.3036   -0.1858   -0.2001   -0.3098    0.0503    0.3775   -0.4308    0.4860   -0.4035    0.0215
   37 H8     2s         0.0185   -0.0086   -0.0202   -0.0250    0.0149    0.0505   -0.0735    0.0916   -0.0517   -0.0062
   38 H8     2px       -0.0000    0.0000   -0.0000    0.0000   -0.0000   -0.0000    0.0000    0.0000    0.0000   -0.0000
   39 H8     2py       -0.0000    0.0000    0.0000   -0.0000    0.0000   -0.0000    0.0000    0.0000   -0.0000   -0.0000
   40 H8     2pz       -0.0003   -0.0021    0.0031   -0.0007   -0.0045   -0.0034    0.0010   -0.0015   -0.0016    0.0016
   41 H9     1s         0.2641   -0.3045    0.0825   -0.2213   -0.3597   -0.2425    0.3214   -0.4304   -0.2333    0.4305
   42 H9     2s         0.0147   -0.0219    0.0127   -0.0141   -0.0404   -0.0386    0.0582   -0.0824   -0.0230    0.0627
   43 H9     2px        0.0000   -0.0000    0.0000   -0.0000   -0.0000    0.0000    0.0000   -0.0000   -0.0000   -0.0000
   44 H9     2py        0.0000   -0.0000    0.0000    0.0000   -0.0000    0.0000   -0.0000   -0.0000    0.0000    0.0000
   45 H9     2pz       -0.0009   -0.0010    0.0036    0.0025   -0.0021   -0.0045    0.0011   -0.0012    0.0023   -0.0001
   46 H10    1s         0.2291   -0.3202    0.2078   -0.0556   -0.3057   -0.3409   -0.0308    0.3634    0.3736   -0.3416
   47 H10    2s         0.0147   -0.0198    0.0092   -0.0156   -0.0411   -0.0440    0.0040    0.0673    0.0505   -0.0445
   48 H10    2px        0.0000    0.0000    0.0000   -0.0000   -0.0000   -0.0000   -0.0000    0.0000    0.0000   -0.0000
   49 H10    2py       -0.0000    0.0000   -0.0000   -0.0000   -0.0000    0.0000    0.0000    0.0000   -0.0000   -0.0000
   50 H10    2pz       -0.0009   -0.0000    0.0025    0.0044    0.0040    0.0019   -0.0011   -0.0015    0.0009   -0.0012
   51 H11    1s         0.1565   -0.2807    0.3451    0.3340    0.2513    0.1266   -0.4108   -0.2580    0.0932   -0.2535
   52 H11    2s         0.0082   -0.0181    0.0295    0.0390    0.0401    0.0277   -0.0562   -0.0488   -0.0005   -0.0231
   53 H11    2px        0.0000   -0.0000    0.0000    0.0000    0.0000    0.0000    0.0000   -0.0000   -0.0000   -0.0000
   54 H11    2py        0.0000   -0.0000   -0.0000   -0.0000   -0.0000   -0.0000   -0.0000   -0.0000    0.0000   -0.0000
   55 H11    2pz       -0.0012    0.0011    0.0006    0.0031    0.0049    0.0041    0.0004   -0.0005   -0.0025    0.0020
   56 H12    1s         0.1087   -0.2090    0.2895    0.3341    0.3210    0.2255    0.4232    0.1576   -0.2537    0.3836
   57 H12    2s         0.0070   -0.0139    0.0205    0.0255    0.0265    0.0199    0.0485    0.0207   -0.0265    0.0418
   58 H12    2px        0.0000   -0.0000    0.0000    0.0000    0.0000    0.0000   -0.0000   -0.0000   -0.0000    0.0000
   59 H12    2py        0.0000   -0.0000    0.0000   -0.0000   -0.0000    0.0000   -0.0000   -0.0000    0.0000   -0.0000
   60 H12    2pz       -0.0017    0.0031   -0.0036   -0.0034   -0.0025   -0.0013   -0.0025   -0.0016    0.0009   -0.0017
 
 
      Orbital               11        12        13        14        15        16        17        18        19        20
      Energy            0.0000    0.0000    0.3260    0.3362    0.3549    0.3840    0.4257    0.4812    0.5484    0.6277
      Occ. No.          0.4346    0.4846    0.0000    0.0000    0.0000    0.0000    0.0000    0.0000    0.0000    0.0000
 
    1 H1     1s        -0.2926   -0.3869   -0.0606    0.0924    0.0818    0.0335    0.0381    0.1158   -0.1760   -0.2066
    2 H1     2s        -0.0371   -0.0468    0.1700   -0.3110   -0.4094   -0.4690    0.4999    0.5070   -0.4749   -0.4076
    3 H1     2px       -0.0000   -0.0000   -0.0000    0.0000    0.0000    0.0000   -0.0000   -0.0000    0.0000    0.0000
    4 H1     2py       -0.0000    0.0000   -0.0000    0.0000    0.0000    0.0000    0.0000   -0.0000   -0.0000    0.0000
    5 H1     2pz       -0.0026   -0.0029   -0.0162    0.0272    0.0312    0.0299   -0.0276   -0.0294    0.0389    0.0586
    6 H2     1s         0.4357    0.4867   -0.1152    0.1754    0.1629    0.1040   -0.0475   -0.0364    0.0833    0.1675
    7 H2     2s         0.0783    0.0794    0.1391   -0.2164   -0.1991   -0.0888   -0.0939   -0.3198    0.5286    0.6784
    8 H2     2px       -0.0000   -0.0000    0.0000   -0.0000    0.0000    0.0000   -0.0000   -0.0000    0.0000    0.0000
    9 H2     2py        0.0000   -0.0000    0.0000   -0.0000   -0.0000    0.0000    0.0000   -0.0000   -0.0000   -0.0000
   10 H2     2pz       -0.0008   -0.0007    0.0004   -0.0059   -0.0164   -0.0262    0.0277    0.0166    0.0039    0.0253
   11 H3     1s        -0.4999   -0.3300   -0.1228    0.1431    0.0537   -0.0580    0.0968    0.0464    0.0151   -0.0099
   12 H3     2s        -0.0920   -0.0628    0.1870   -0.2492   -0.1404    0.0880   -0.3208   -0.4250    0.2975   -0.0609
   13 H3     2px       -0.0000    0.0000   -0.0000    0.0000    0.0000   -0.0000   -0.0000    0.0000    0.0000   -0.0000
   14 H3     2py        0.0000    0.0000    0.0000   -0.0000   -0.0000    0.0000    0.0000   -0.0000   -0.0000   -0.0000
   15 H3     2pz       -0.0018   -0.0013   -0.0043   -0.0002   -0.0110   -0.0161    0.0083   -0.0020   -0.0105   -0.0714
   16 H4     1s         0.4641    0.0925   -0.1405    0.1299   -0.0072   -0.1095    0.0816    0.0093   -0.0297   -0.1178
   17 H4     2s         0.0835    0.0101    0.2077   -0.2007    0.0335    0.2892   -0.3091    0.0046   -0.4458   -0.6372
   18 H4     2px       -0.0000   -0.0000   -0.0000   -0.0000    0.0000   -0.0000   -0.0000    0.0000    0.0000   -0.0000
   19 H4     2py       -0.0000   -0.0000    0.0000   -0.0000   -0.0000   -0.0000    0.0000    0.0000   -0.0000   -0.0000
   20 H4     2pz       -0.0014   -0.0001   -0.0016   -0.0065   -0.0147   -0.0068   -0.0113   -0.0129   -0.0037    0.0237
   21 H5     1s        -0.3048    0.2711   -0.1520    0.0800   -0.0971   -0.1146   -0.0112   -0.0417   -0.0250    0.0552
   22 H5     2s        -0.0594    0.0427    0.2240   -0.1375    0.1722    0.2968    0.0022    0.4199   -0.3535    0.3218
   23 H5     2px       -0.0000    0.0000   -0.0000   -0.0000    0.0000   -0.0000   -0.0000    0.0000    0.0000   -0.0000
   24 H5     2py        0.0000    0.0000   -0.0000   -0.0000   -0.0000   -0.0000    0.0000    0.0000   -0.0000   -0.0000
   25 H5     2pz       -0.0007    0.0006   -0.0020   -0.0079   -0.0120    0.0055   -0.0185   -0.0048    0.0060    0.0467
   26 H6     1s         0.1275   -0.4438   -0.1572    0.0336   -0.1370   -0.0563   -0.0762   -0.0309    0.0274    0.0893
   27 H6     2s         0.0197   -0.0801    0.2325   -0.0448    0.2648    0.1180    0.3275    0.2553    0.4024    0.5068
   28 H6     2px       -0.0000    0.0000    0.0000   -0.0000    0.0000   -0.0000   -0.0000    0.0000    0.0000   -0.0000
   29 H6     2py        0.0000    0.0000    0.0000   -0.0000   -0.0000   -0.0000    0.0000    0.0000   -0.0000   -0.0000
   30 H6     2pz       -0.0006    0.0011    0.0001   -0.0099   -0.0034    0.0173   -0.0082    0.0105    0.0067   -0.0349
   31 H7     1s         0.1275    0.4438   -0.1572   -0.0336   -0.1370    0.0563   -0.0762    0.0309    0.0274   -0.0893
   32 H7     2s         0.0197    0.0801    0.2325    0.0448    0.2648   -0.1180    0.3275   -0.2553    0.4024   -0.5068
   33 H7     2px       -0.0000    0.0000   -0.0000   -0.0000    0.0000   -0.0000   -0.0000    0.0000    0.0000   -0.0000
   34 H7     2py        0.0000    0.0000    0.0000   -0.0000   -0.0000   -0.0000    0.0000    0.0000   -0.0000   -0.0000
   35 H7     2pz        0.0006    0.0011   -0.0001   -0.0099    0.0034    0.0173    0.0082    0.0105   -0.0067   -0.0349
   36 H8     1s        -0.3048   -0.2711   -0.1520   -0.0800   -0.0971    0.1146   -0.0112    0.0417   -0.0250   -0.0552
   37 H8     2s        -0.0594   -0.0427    0.2240    0.1375    0.1722   -0.2968    0.0022   -0.4199   -0.3535   -0.3218
   38 H8     2px       -0.0000    0.0000   -0.0000   -0.0000    0.0000   -0.0000   -0.0000    0.0000    0.0000   -0.0000
   39 H8     2py        0.0000    0.0000    0.0000   -0.0000   -0.0000   -0.0000    0.0000    0.0000   -0.0000   -0.0000
   40 H8     2pz        0.0007    0.0006    0.0020   -0.0079    0.0120    0.0055    0.0185   -0.0048   -0.0060    0.0467
   41 H9     1s         0.4641   -0.0925   -0.1405   -0.1299   -0.0072    0.1095    0.0816   -0.0093   -0.0297    0.1178
   42 H9     2s         0.0835   -0.0101    0.2077    0.2007    0.0335   -0.2892   -0.3091   -0.0046   -0.4458    0.6372
   43 H9     2px       -0.0000   -0.0000   -0.0000   -0.0000    0.0000   -0.0000   -0.0000    0.0000    0.0000   -0.0000
   44 H9     2py        0.0000   -0.0000    0.0000    0.0000   -0.0000   -0.0000    0.0000    0.0000   -0.0000   -0.0000
   45 H9     2pz        0.0014   -0.0001    0.0016   -0.0065    0.0147   -0.0068    0.0113   -0.0129    0.0037    0.0237
   46 H10    1s        -0.4999    0.3300   -0.1228   -0.1431    0.0537    0.0580    0.0968   -0.0464    0.0151    0.0099
   47 H10    2s        -0.0920    0.0628    0.1870    0.2492   -0.1404   -0.0880   -0.3208    0.4250    0.2975    0.0609
   48 H10    2px       -0.0000    0.0000   -0.0000   -0.0000    0.0000   -0.0000   -0.0000   -0.0000    0.0000   -0.0000
   49 H10    2py        0.0000    0.0000    0.0000    0.0000   -0.0000   -0.0000    0.0000    0.0000   -0.0000   -0.0000
   50 H10    2pz        0.0018   -0.0013    0.0043   -0.0002    0.0110   -0.0161   -0.0083   -0.0020    0.0105   -0.0714
   51 H11    1s         0.4357   -0.4866   -0.1152   -0.1754    0.1629   -0.1040   -0.0475    0.0364    0.0833   -0.1675
   52 H11    2s         0.0783   -0.0794    0.1391    0.2164   -0.1991    0.0888   -0.0939    0.3198    0.5286   -0.6784
   53 H11    2px       -0.0000   -0.0000   -0.0000   -0.0000    0.0000   -0.0000   -0.0000   -0.0000    0.0000    0.0000
   54 H11    2py       -0.0000    0.0000    0.0000    0.0000   -0.0000    0.0000    0.0000   -0.0000   -0.0000   -0.0000
   55 H11    2pz        0.0008   -0.0007   -0.0004   -0.0059    0.0164   -0.0262   -0.0277    0.0166   -0.0039    0.0253
   56 H12    1s        -0.2926    0.3869   -0.0606   -0.0924    0.0818   -0.0335    0.0381   -0.1158   -0.1760    0.2066
   57 H12    2s        -0.0371    0.0468    0.1700    0.3110   -0.4094    0.4689    0.4999   -0.5070   -0.4749    0.4076
   58 H12    2px        0.0000    0.0000   -0.0000   -0.0000    0.0000   -0.0000   -0.0000    0.0000   -0.0000   -0.0000
   59 H12    2py       -0.0000    0.0000   -0.0000   -0.0000   -0.0000    0.0000    0.0000   -0.0000   -0.0000    0.0000
   60 H12    2pz        0.0026   -0.0029    0.0162    0.0272   -0.0312    0.0299    0.0276   -0.0294   -0.0389    0.0586
 
 
      Orbital               21        22        23        24        25        26        27        28        29        30
      Energy            0.6897    0.7037    0.7112    0.7509    0.7515    0.7785    0.7785    0.7920    0.7920    0.8140
      Occ. No.          0.0000    0.0000    0.0000    0.0000    0.0000    0.0000    0.0000    0.0000    0.0000    0.0000
 
    1 H1     1s        -0.1721   -0.0342   -0.0514   -0.2001    0.2120   -0.0000    0.0000    0.0000    0.0000   -0.0000
    2 H1     2s        -0.2930   -0.0324   -0.1115   -0.1590    0.1770    0.0000   -0.0000    0.0000    0.0000    0.0000
    3 H1     2px        0.0000    0.0000   -0.0000    0.0000    0.0000    0.0435    0.0721    0.0462   -0.1592   -0.0938
    4 H1     2py       -0.0000   -0.0000   -0.0000   -0.0000    0.0000   -0.0721    0.0435   -0.1592   -0.0462    0.2220
    5 H1     2pz        0.0473    0.0603   -0.0413    0.3379   -0.3411   -0.0000    0.0000   -0.0000    0.0000   -0.0000
    6 H2     1s         0.2020    0.0097    0.0993    0.1878   -0.2068    0.0000   -0.0000    0.0000   -0.0000    0.0000
    7 H2     2s         0.6418    0.0376    0.2955    0.4492   -0.5005   -0.0000    0.0000   -0.0000   -0.0000   -0.0000
    8 H2     2px        0.0000   -0.0000   -0.0000    0.0000    0.0000    0.0851    0.1409    0.0824   -0.2836   -0.1412
    9 H2     2py       -0.0000   -0.0000   -0.0000   -0.0000    0.0000   -0.1409    0.0851   -0.2836   -0.0824    0.3344
   10 H2     2pz        0.0658   -0.0818    0.1272   -0.3410    0.3320    0.0000   -0.0000   -0.0000   -0.0000    0.0000
   11 H3     1s        -0.1133    0.0390   -0.1047   -0.1770    0.1959   -0.0000   -0.0000    0.0000    0.0000   -0.0000
   12 H3     2s        -0.4179    0.0950   -0.3390   -0.4887    0.5484    0.0000   -0.0000    0.0000    0.0000    0.0000
   13 H3     2px        0.0000   -0.0000   -0.0000    0.0000    0.0000    0.1225    0.2029    0.1001   -0.3449   -0.1181
   14 H3     2py       -0.0000   -0.0000   -0.0000   -0.0000    0.0000   -0.2029    0.1225   -0.3449   -0.1001    0.2796
   15 H3     2pz       -0.1887    0.1222   -0.2362    0.2124   -0.1860   -0.0000   -0.0000    0.0000    0.0000    0.0000
   16 H4     1s        -0.0720   -0.0920    0.0330    0.1153   -0.1140    0.0000    0.0000   -0.0000   -0.0000    0.0000
   17 H4     2s        -0.2719   -0.2819    0.1170    0.3001   -0.3064    0.0000    0.0000    0.0000    0.0000    0.0000
   18 H4     2px        0.0000   -0.0000   -0.0000    0.0000    0.0000    0.1525    0.2526    0.0947   -0.3261   -0.0355
   19 H4     2py       -0.0000   -0.0000   -0.0000   -0.0000    0.0000   -0.2526    0.1525   -0.3261   -0.0947    0.0840
   20 H4     2pz        0.1991   -0.2036    0.3030   -0.0526    0.0227   -0.0000    0.0000   -0.0000   -0.0000   -0.0000
   21 H5     1s         0.1869    0.1020    0.0930   -0.0454    0.0035   -0.0000   -0.0000    0.0000    0.0000   -0.0000
   22 H5     2s         0.6784    0.3279    0.2630   -0.1018   -0.0071   -0.0000    0.0000   -0.0000   -0.0000   -0.0000
   23 H5     2px        0.0000   -0.0000   -0.0000    0.0000    0.0000    0.1738    0.2880    0.0673   -0.2316    0.0657
   24 H5     2py       -0.0000   -0.0000   -0.0000   -0.0000    0.0000   -0.2880    0.1738   -0.2316   -0.0673   -0.1555
   25 H5     2pz       -0.0753    0.3107   -0.2615   -0.0571    0.0546    0.0000   -0.0000    0.0000   -0.0000    0.0000
   26 H6     1s        -0.1002   -0.0462   -0.1844    0.0092    0.0659    0.0000    0.0000   -0.0000   -0.0000    0.0000
   27 H6     2s        -0.3521   -0.1437   -0.5623    0.0128    0.2091    0.0000   -0.0000    0.0000    0.0000    0.0000
   28 H6     2px        0.0000   -0.0000   -0.0000    0.0000    0.0000    0.1848    0.3060    0.0244   -0.0840    0.1330
   29 H6     2py       -0.0000    0.0000   -0.0000   -0.0000    0.0000   -0.3060    0.1848   -0.0840   -0.0244   -0.3149
   30 H6     2pz       -0.0578   -0.3891    0.1037    0.1038   -0.0320   -0.0000    0.0000    0.0000    0.0000   -0.0000
   31 H7     1s        -0.1002   -0.0462    0.1844    0.0092   -0.0659    0.0000   -0.0000    0.0000   -0.0000    0.0000
   32 H7     2s        -0.3521   -0.1437    0.5623    0.0128   -0.2091    0.0000    0.0000    0.0000    0.0000    0.0000
   33 H7     2px        0.0000   -0.0000   -0.0000    0.0000    0.0000    0.1848    0.3060   -0.0244    0.0840    0.1330
   34 H7     2py       -0.0000    0.0000   -0.0000   -0.0000    0.0000   -0.3060    0.1848    0.0840    0.0244   -0.3149
   35 H7     2pz        0.0578    0.3891    0.1037   -0.1038   -0.0320    0.0000    0.0000   -0.0000   -0.0000    0.0000
   36 H8     1s         0.1869    0.1020   -0.0930   -0.0454   -0.0035   -0.0000    0.0000    0.0000    0.0000   -0.0000
   37 H8     2s         0.6784    0.3279   -0.2630   -0.1018    0.0071   -0.0000   -0.0000   -0.0000   -0.0000   -0.0000
   38 H8     2px        0.0000    0.0000   -0.0000    0.0000    0.0000    0.1738    0.2880   -0.0673    0.2316    0.0657
   39 H8     2py       -0.0000    0.0000   -0.0000   -0.0000    0.0000   -0.2880    0.1738    0.2316    0.0673   -0.1555
   40 H8     2pz        0.0753   -0.3107   -0.2615    0.0571    0.0546   -0.0000   -0.0000    0.0000    0.0000   -0.0000
   41 H9     1s        -0.0720   -0.0920   -0.0330    0.1153    0.1140    0.0000   -0.0000    0.0000   -0.0000    0.0000
   42 H9     2s        -0.2719   -0.2819   -0.1170    0.3001    0.3063    0.0000   -0.0000    0.0000    0.0000    0.0000
   43 H9     2px        0.0000    0.0000   -0.0000    0.0000    0.0000    0.1525    0.2526   -0.0947    0.3261   -0.0355
   44 H9     2py       -0.0000    0.0000   -0.0000   -0.0000    0.0000   -0.2526    0.1525    0.3261    0.0947    0.0840
   45 H9     2pz       -0.1991    0.2036    0.3030    0.0526    0.0227    0.0000    0.0000   -0.0000    0.0000    0.0000
   46 H10    1s        -0.1133    0.0390    0.1047   -0.1770   -0.1959   -0.0000    0.0000    0.0000    0.0000   -0.0000
   47 H10    2s        -0.4179    0.0950    0.3390   -0.4887   -0.5484    0.0000    0.0000   -0.0000    0.0000    0.0000
   48 H10    2px        0.0000    0.0000   -0.0000    0.0000    0.0000    0.1225    0.2029   -0.1001    0.3449   -0.1181
   49 H10    2py       -0.0000    0.0000   -0.0000   -0.0000    0.0000   -0.2029    0.1225    0.3449    0.1001    0.2796
   50 H10    2pz        0.1886   -0.1222   -0.2362   -0.2124   -0.1860    0.0000    0.0000   -0.0000   -0.0000   -0.0000
   51 H11    1s         0.2020    0.0097   -0.0993    0.1878    0.2068    0.0000    0.0000   -0.0000   -0.0000    0.0000
   52 H11    2s         0.6418    0.0376   -0.2955    0.4492    0.5005   -0.0000   -0.0000    0.0000   -0.0000   -0.0000
   53 H11    2px        0.0000    0.0000   -0.0000    0.0000    0.0000    0.0851    0.1409   -0.0824    0.2836   -0.1412
   54 H11    2py       -0.0000    0.0000   -0.0000   -0.0000    0.0000   -0.1409    0.0851    0.2836    0.0824    0.3344
   55 H11    2pz       -0.0658    0.0818    0.1272    0.3410    0.3320   -0.0000   -0.0000    0.0000    0.0000   -0.0000
   56 H12    1s        -0.1721   -0.0342    0.0514   -0.2001   -0.2120   -0.0000   -0.0000   -0.0000    0.0000   -0.0000
   57 H12    2s        -0.2930   -0.0324    0.1115   -0.1590   -0.1770    0.0000    0.0000   -0.0000    0.0000    0.0000
   58 H12    2px        0.0000    0.0000   -0.0000    0.0000    0.0000    0.0435    0.0721   -0.0462    0.1592   -0.0938
   59 H12    2py       -0.0000   -0.0000   -0.0000   -0.0000    0.0000   -0.0721    0.0435    0.1592    0.0462    0.2220
   60 H12    2pz       -0.0473   -0.0603   -0.0413   -0.3379   -0.3411    0.0000    0.0000   -0.0000   -0.0000    0.0000
 
 
      Orbital               31        32        33        34        35        36        37        38        39        40
      Energy            0.8140    0.8439    0.8439    0.8810    0.8810    0.9236    0.9236    0.9711    0.9711    1.0193
      Occ. No.          0.0000    0.0000    0.0000    0.0000    0.0000    0.0000    0.0000    0.0000    0.0000    0.0000
 
    1 H1     1s        -0.0000    0.0000   -0.0000    0.0000    0.0000    0.0000    0.0000   -0.0000    0.0000   -0.0000
    2 H1     2s         0.0000   -0.0000   -0.0000   -0.0000   -0.0000    0.0000    0.0000    0.0000   -0.0000   -0.0000
    3 H1     2px        0.2220   -0.2208   -0.2112   -0.2076    0.2879    0.1792   -0.3389   -0.3055   -0.2469   -0.3662
    4 H1     2py        0.0938    0.2112   -0.2208    0.2879    0.2076   -0.3389   -0.1792    0.2469   -0.3055    0.1075
    5 H1     2pz       -0.0000   -0.0000    0.0000    0.0000    0.0000   -0.0000   -0.0000   -0.0000    0.0000   -0.0000
    6 H2     1s         0.0000   -0.0000   -0.0000   -0.0000   -0.0000    0.0000   -0.0000    0.0000   -0.0000    0.0000
    7 H2     2s        -0.0000    0.0000    0.0000    0.0000    0.0000   -0.0000   -0.0000    0.0000    0.0000    0.0000
    8 H2     2px        0.3344   -0.2528   -0.2418   -0.1493    0.2071    0.0455   -0.0861    0.0718    0.0580    0.2568
    9 H2     2py        0.1412    0.2418   -0.2528    0.2071    0.1493   -0.0861   -0.0455   -0.0580    0.0718   -0.0754
   10 H2     2pz        0.0000    0.0000    0.0000   -0.0000   -0.0000    0.0000   -0.0000    0.0000   -0.0000    0.0000
   11 H3     1s        -0.0000   -0.0000   -0.0000    0.0000    0.0000   -0.0000   -0.0000   -0.0000    0.0000   -0.0000
   12 H3     2s         0.0000    0.0000   -0.0000    0.0000    0.0000    0.0000    0.0000   -0.0000    0.0000   -0.0000
   13 H3     2px        0.2796   -0.0663   -0.0634    0.1025   -0.1422   -0.1692    0.3200    0.2901    0.2344    0.1860
   14 H3     2py        0.1181    0.0634   -0.0663   -0.1422   -0.1025    0.3200    0.1692   -0.2344    0.2901   -0.0546
   15 H3     2pz        0.0000   -0.0000   -0.0000   -0.0000   -0.0000    0.0000    0.0000    0.0000   -0.0000   -0.0000
   16 H4     1s        -0.0000   -0.0000    0.0000   -0.0000    0.0000   -0.0000   -0.0000    0.0000    0.0000    0.0000
   17 H4     2s         0.0000   -0.0000    0.0000   -0.0000   -0.0000   -0.0000   -0.0000    0.0000   -0.0000    0.0000
   18 H4     2px        0.0840    0.1763    0.1686    0.2204   -0.3057   -0.0858    0.1623   -0.1432   -0.1157   -0.3878
   19 H4     2py        0.0355   -0.1686    0.1763   -0.3057   -0.2204    0.1623    0.0858    0.1157   -0.1432    0.1139
   20 H4     2pz       -0.0000    0.0000    0.0000    0.0000    0.0000   -0.0000   -0.0000   -0.0000    0.0000    0.0000
   21 H5     1s         0.0000    0.0000   -0.0000    0.0000   -0.0000    0.0000    0.0000   -0.0000   -0.0000   -0.0000
   22 H5     2s        -0.0000    0.0000    0.0000    0.0000    0.0000    0.0000    0.0000   -0.0000    0.0000   -0.0000
   23 H5     2px       -0.1555    0.2670    0.2554    0.0530   -0.0735    0.1494   -0.2826   -0.2561   -0.2070    0.0906
   24 H5     2py       -0.0657   -0.2554    0.2670   -0.0735   -0.0530   -0.2826   -0.1494    0.2070   -0.2561   -0.0266
   25 H5     2pz        0.0000    0.0000    0.0000   -0.0000   -0.0000    0.0000   -0.0000    0.0000   -0.0000    0.0000
   26 H6     1s        -0.0000   -0.0000    0.0000   -0.0000    0.0000   -0.0000   -0.0000    0.0000    0.0000    0.0000
   27 H6     2s         0.0000   -0.0000   -0.0000   -0.0000    0.0000   -0.0000    0.0000    0.0000    0.0000    0.0000
   28 H6     2px       -0.3149    0.1258    0.1203   -0.1819    0.2523    0.1211   -0.2290    0.2060    0.1665    0.3212
   29 H6     2py       -0.1330   -0.1203    0.1258    0.2523    0.1819   -0.2290   -0.1211   -0.1665    0.2060   -0.0943
   30 H6     2pz       -0.0000   -0.0000   -0.0000    0.0000    0.0000    0.0000    0.0000   -0.0000    0.0000   -0.0000
   31 H7     1s         0.0000    0.0000    0.0000   -0.0000   -0.0000    0.0000   -0.0000    0.0000   -0.0000    0.0000
   32 H7     2s        -0.0000    0.0000   -0.0000   -0.0000   -0.0000    0.0000    0.0000    0.0000   -0.0000   -0.0000
   33 H7     2px       -0.3149   -0.1258   -0.1203   -0.1819    0.2523   -0.1211    0.2290    0.2060    0.1665   -0.3212
   34 H7     2py       -0.1330    0.1203   -0.1258    0.2523    0.1819    0.2290    0.1211   -0.1665    0.2060    0.0943
   35 H7     2pz       -0.0000    0.0000    0.0000   -0.0000    0.0000   -0.0000   -0.0000    0.0000    0.0000    0.0000
   36 H8     1s        -0.0000   -0.0000   -0.0000    0.0000    0.0000   -0.0000    0.0000   -0.0000    0.0000   -0.0000
   37 H8     2s         0.0000    0.0000    0.0000    0.0000    0.0000   -0.0000   -0.0000   -0.0000    0.0000   -0.0000
   38 H8     2px       -0.1555   -0.2670   -0.2554    0.0530   -0.0735   -0.1494    0.2826   -0.2561   -0.2070   -0.0906
   39 H8     2py       -0.0657    0.2554   -0.2670   -0.0735   -0.0530    0.2826    0.1494    0.2070   -0.2561    0.0266
   40 H8     2pz        0.0000    0.0000   -0.0000    0.0000   -0.0000    0.0000    0.0000   -0.0000   -0.0000   -0.0000
   41 H9     1s         0.0000    0.0000    0.0000   -0.0000   -0.0000    0.0000   -0.0000    0.0000   -0.0000    0.0000
   42 H9     2s        -0.0000    0.0000   -0.0000   -0.0000    0.0000    0.0000   -0.0000    0.0000   -0.0000    0.0000
   43 H9     2px        0.0840   -0.1763   -0.1686    0.2204   -0.3057    0.0858   -0.1623   -0.1432   -0.1157    0.3878
   44 H9     2py        0.0355    0.1686   -0.1763   -0.3057   -0.2204   -0.1623   -0.0858    0.1157   -0.1432   -0.1139
   45 H9     2pz       -0.0000   -0.0000   -0.0000   -0.0000    0.0000   -0.0000    0.0000    0.0000    0.0000    0.0000
   46 H10    1s         0.0000   -0.0000   -0.0000    0.0000   -0.0000    0.0000    0.0000   -0.0000    0.0000    0.0000
   47 H10    2s        -0.0000   -0.0000   -0.0000    0.0000   -0.0000   -0.0000    0.0000   -0.0000   -0.0000   -0.0000
   48 H10    2px        0.2796    0.0663    0.0634    0.1025   -0.1422    0.1692   -0.3200    0.2901    0.2344   -0.1860
   49 H10    2py        0.1181   -0.0634    0.0663   -0.1422   -0.1025   -0.3200   -0.1692   -0.2344    0.2901    0.0546
   50 H10    2pz        0.0000    0.0000    0.0000    0.0000   -0.0000   -0.0000   -0.0000   -0.0000   -0.0000    0.0000
   51 H11    1s        -0.0000   -0.0000    0.0000   -0.0000    0.0000   -0.0000   -0.0000    0.0000    0.0000   -0.0000
   52 H11    2s         0.0000    0.0000    0.0000    0.0000   -0.0000    0.0000   -0.0000   -0.0000   -0.0000    0.0000
   53 H11    2px        0.3344    0.2528    0.2418   -0.1493    0.2071   -0.0455    0.0861    0.0718    0.0580   -0.2568
   54 H11    2py        0.1412   -0.2418    0.2528    0.2071    0.1493    0.0861    0.0455   -0.0580    0.0718    0.0754
   55 H11    2pz        0.0000   -0.0000   -0.0000    0.0000   -0.0000    0.0000    0.0000   -0.0000    0.0000   -0.0000
   56 H12    1s         0.0000   -0.0000   -0.0000    0.0000   -0.0000   -0.0000    0.0000   -0.0000   -0.0000   -0.0000
   57 H12    2s        -0.0000   -0.0000   -0.0000   -0.0000    0.0000   -0.0000    0.0000    0.0000    0.0000   -0.0000
   58 H12    2px        0.2220    0.2208    0.2112   -0.2076    0.2879   -0.1792    0.3389   -0.3055   -0.2469    0.3662
   59 H12    2py        0.0938   -0.2112    0.2208    0.2879    0.2076    0.3389    0.1792    0.2469   -0.3055   -0.1075
   60 H12    2pz       -0.0000   -0.0000    0.0000   -0.0000    0.0000   -0.0000   -0.0000    0.0000   -0.0000    0.0000
 
 
      Orbital               41        42        43        44        45        46        47        48        49        50
      Energy            1.0193    1.0659    1.0659    1.1075    1.1075    1.1404    1.1404    1.1615    1.1615    1.1810
      Occ. No.          0.0000    0.0000    0.0000    0.0000    0.0000    0.0000    0.0000    0.0000    0.0000    0.0000
 
    1 H1     1s        -0.0000    0.0000    0.0000    0.0000    0.0000    0.0000   -0.0000   -0.0000   -0.0000   -0.1637
    2 H1     2s        -0.0000   -0.0000   -0.0000    0.0000    0.0000    0.0000   -0.0000   -0.0000   -0.0000   -0.2888
    3 H1     2px       -0.1075    0.3215    0.1233   -0.2694   -0.0879    0.1880    0.0740   -0.1030   -0.0221    0.0000
    4 H1     2py       -0.3662   -0.1233    0.3215    0.0879   -0.2694   -0.0740    0.1880    0.0221   -0.1030   -0.0000
    5 H1     2pz        0.0000   -0.0000    0.0000    0.0000    0.0000    0.0000   -0.0000   -0.0000   -0.0000   -0.2793
    6 H2     1s        -0.0000    0.0000   -0.0000   -0.0000   -0.0000   -0.0000    0.0000    0.0000    0.0000    0.3795
    7 H2     2s         0.0000    0.0000   -0.0000   -0.0000   -0.0000   -0.0000    0.0000    0.0000    0.0000    0.5863
    8 H2     2px        0.0754   -0.3624   -0.1390    0.4008    0.1308   -0.3311   -0.1303    0.1988    0.0428   -0.0000
    9 H2     2py        0.2568    0.1390   -0.3624   -0.1308    0.4008    0.1303   -0.3311   -0.0428    0.1988    0.0000
   10 H2     2pz        0.0000    0.0000   -0.0000   -0.0000   -0.0000   -0.0000    0.0000    0.0000    0.0000    0.1399
   11 H3     1s         0.0000   -0.0000    0.0000    0.0000   -0.0000    0.0000   -0.0000   -0.0000   -0.0000   -0.2391
   12 H3     2s        -0.0000   -0.0000    0.0000    0.0000    0.0000    0.0000   -0.0000   -0.0000   -0.0000   -0.3474
   13 H3     2px        0.0546    0.0890    0.0341   -0.3297   -0.1076    0.3976    0.1565   -0.2826   -0.0608    0.0000
   14 H3     2py        0.1860   -0.0341    0.0890    0.1076   -0.3297   -0.1565    0.3976    0.0608   -0.2826   -0.0000
   15 H3     2pz       -0.0000   -0.0000   -0.0000    0.0000    0.0000   -0.0000    0.0000    0.0000    0.0000    0.2736
   16 H4     1s         0.0000    0.0000    0.0000   -0.0000   -0.0000   -0.0000   -0.0000    0.0000    0.0000   -0.2225
   17 H4     2s         0.0000    0.0000   -0.0000   -0.0000   -0.0000   -0.0000    0.0000    0.0000    0.0000   -0.3626
   18 H4     2px       -0.1139    0.2593    0.0994    0.0946    0.0309   -0.3738   -0.1471    0.3498    0.0752   -0.0000
   19 H4     2py       -0.3878   -0.0994    0.2593   -0.0309    0.0946    0.1471   -0.3738   -0.0752    0.3498    0.0000
   20 H4     2pz        0.0000   -0.0000    0.0000    0.0000    0.0000    0.0000   -0.0000   -0.0000   -0.0000   -0.4181
   21 H5     1s        -0.0000   -0.0000   -0.0000    0.0000    0.0000    0.0000    0.0000   -0.0000    0.0000    0.5144
   22 H5     2s        -0.0000   -0.0000    0.0000    0.0000    0.0000    0.0000    0.0000   -0.0000    0.0000    0.7967
   23 H5     2px        0.0266   -0.3856   -0.1479    0.1891    0.0617    0.2644    0.1041   -0.3968   -0.0853    0.0000
   24 H5     2py        0.0906    0.1479   -0.3856   -0.0617    0.1891   -0.1041    0.2644    0.0853   -0.3968   -0.0000
   25 H5     2pz        0.0000    0.0000   -0.0000    0.0000   -0.0000   -0.0000    0.0000   -0.0000    0.0000    0.0541
   26 H6     1s         0.0000    0.0000    0.0000   -0.0000   -0.0000   -0.0000   -0.0000    0.0000   -0.0000   -0.2699
   27 H6     2s         0.0000    0.0000    0.0000   -0.0000    0.0000   -0.0000   -0.0000    0.0000   -0.0000   -0.4137
   28 H6     2px        0.0943    0.1807    0.0693   -0.3773   -0.1231   -0.0956   -0.0376    0.4209    0.0905   -0.0000
   29 H6     2py        0.3212   -0.0693    0.1807    0.1231   -0.3773    0.0376   -0.0956   -0.0905    0.4209    0.0000
   30 H6     2pz       -0.0000   -0.0000   -0.0000    0.0000    0.0000   -0.0000    0.0000    0.0000    0.0000    0.4058
   31 H7     1s         0.0000    0.0000   -0.0000   -0.0000   -0.0000   -0.0000    0.0000   -0.0000    0.0000   -0.2699
   32 H7     2s        -0.0000   -0.0000   -0.0000    0.0000   -0.0000    0.0000    0.0000   -0.0000    0.0000   -0.4137
   33 H7     2px       -0.0943    0.1807    0.0693    0.3773    0.1231   -0.0956   -0.0376   -0.4209   -0.0905   -0.0000
   34 H7     2py       -0.3212   -0.0693    0.1807   -0.1231    0.3773    0.0376   -0.0956    0.0905   -0.4209    0.0000
   35 H7     2pz        0.0000    0.0000    0.0000   -0.0000   -0.0000   -0.0000   -0.0000    0.0000   -0.0000   -0.4058
   36 H8     1s        -0.0000   -0.0000    0.0000    0.0000    0.0000    0.0000   -0.0000    0.0000   -0.0000    0.5144
   37 H8     2s        -0.0000   -0.0000    0.0000   -0.0000    0.0000    0.0000   -0.0000    0.0000   -0.0000    0.7967
   38 H8     2px       -0.0266   -0.3856   -0.1479   -0.1891   -0.0617    0.2644    0.1041    0.3968    0.0853   -0.0000
   39 H8     2py       -0.0906    0.1479   -0.3856    0.0617   -0.1891   -0.1041    0.2644   -0.0853    0.3968   -0.0000
   40 H8     2pz       -0.0000   -0.0000    0.0000    0.0000    0.0000    0.0000   -0.0000   -0.0000    0.0000   -0.0541
   41 H9     1s         0.0000    0.0000   -0.0000   -0.0000   -0.0000   -0.0000    0.0000    0.0000    0.0000   -0.2225
   42 H9     2s         0.0000    0.0000   -0.0000   -0.0000   -0.0000   -0.0000    0.0000    0.0000    0.0000   -0.3626
   43 H9     2px        0.1139    0.2593    0.0994   -0.0946   -0.0309   -0.3738   -0.1471   -0.3498   -0.0752    0.0000
   44 H9     2py        0.3878   -0.0994    0.2593    0.0309   -0.0946    0.1471   -0.3738    0.0752   -0.3498    0.0000
   45 H9     2pz       -0.0000    0.0000   -0.0000   -0.0000   -0.0000   -0.0000    0.0000    0.0000    0.0000    0.4181
   46 H10    1s        -0.0000   -0.0000    0.0000   -0.0000    0.0000    0.0000   -0.0000   -0.0000   -0.0000   -0.2391
   47 H10    2s        -0.0000   -0.0000    0.0000    0.0000    0.0000    0.0000   -0.0000   -0.0000   -0.0000   -0.3474
   48 H10    2px       -0.0546    0.0890    0.0341    0.3297    0.1076    0.3976    0.1565    0.2826    0.0608   -0.0000
   49 H10    2py       -0.1860   -0.0341    0.0890   -0.1076    0.3297   -0.1565    0.3976   -0.0608    0.2826   -0.0000
   50 H10    2pz        0.0000   -0.0000    0.0000   -0.0000   -0.0000    0.0000   -0.0000   -0.0000   -0.0000   -0.2736
   51 H11    1s         0.0000    0.0000   -0.0000   -0.0000   -0.0000   -0.0000    0.0000    0.0000    0.0000    0.3795
   52 H11    2s         0.0000    0.0000   -0.0000   -0.0000   -0.0000   -0.0000    0.0000    0.0000    0.0000    0.5863
   53 H11    2px       -0.0754   -0.3624   -0.1390   -0.4008   -0.1308   -0.3310   -0.1303   -0.1988   -0.0428    0.0000
   54 H11    2py       -0.2568    0.1390   -0.3624    0.1308   -0.4008    0.1303   -0.3310    0.0428   -0.1988    0.0000
   55 H11    2pz       -0.0000   -0.0000    0.0000    0.0000    0.0000    0.0000   -0.0000   -0.0000   -0.0000   -0.1399
   56 H12    1s        -0.0000   -0.0000    0.0000    0.0000    0.0000    0.0000   -0.0000   -0.0000   -0.0000   -0.1637
   57 H12    2s        -0.0000    0.0000    0.0000    0.0000    0.0000    0.0000   -0.0000   -0.0000   -0.0000   -0.2888
   58 H12    2px        0.1075    0.3215    0.1233    0.2694    0.0879    0.1880    0.0740    0.1030    0.0221   -0.0000
   59 H12    2py        0.3662   -0.1233    0.3215   -0.0879    0.2694   -0.0740    0.1880   -0.0221    0.1030   -0.0000
   60 H12    2pz        0.0000    0.0000   -0.0000   -0.0000   -0.0000   -0.0000    0.0000    0.0000    0.0000    0.2793
 
 
      Orbital               51        52        53        54        55        56        57        58        59        60
      Energy            1.1889    1.2196    1.2339    1.2761    1.2878    1.3750    1.4720    1.5673    1.6489    1.7043
      Occ. No.          0.0000    0.0000    0.0000    0.0000    0.0000    0.0000    0.0000    0.0000    0.0000    0.0000
 
    1 H1     1s        -0.1385   -0.2178   -0.1724    0.1144    0.1977   -0.1718   -0.1544    0.1312   -0.0970    0.0519
    2 H1     2s        -0.2220   -0.3713   -0.2682    0.1735    0.3080   -0.2287   -0.1698    0.1207   -0.0776    0.0380
    3 H1     2px       -0.0000   -0.0000    0.0000    0.0000    0.0000    0.0000    0.0000   -0.0000   -0.0000   -0.0000
    4 H1     2py        0.0000    0.0000   -0.0000   -0.0000   -0.0000    0.0000   -0.0000    0.0000    0.0000   -0.0000
    5 H1     2pz       -0.1109   -0.4183   -0.1422    0.1037    0.4436   -0.4242   -0.3814    0.3140   -0.2241    0.1169
    6 H2     1s         0.3927    0.4738    0.5048   -0.3376   -0.3541    0.2045    0.0944   -0.0153   -0.0250    0.0254
    7 H2     2s         0.6613    0.6795    0.8173   -0.5270   -0.4450    0.2240    0.1097   -0.0495    0.0195   -0.0061
    8 H2     2px        0.0000   -0.0000   -0.0000    0.0000    0.0000   -0.0000    0.0000   -0.0000    0.0000   -0.0000
    9 H2     2py       -0.0000   -0.0000    0.0000    0.0000    0.0000   -0.0000   -0.0000   -0.0000   -0.0000   -0.0000
   10 H2     2pz        0.2195    0.0732    0.2522   -0.1436    0.1453   -0.3595   -0.4936    0.5236   -0.4374    0.2489
   11 H3     1s        -0.5754   -0.2317   -0.8078    0.5687    0.0451    0.1038    0.1071   -0.0412   -0.0226    0.0355
   12 H3     2s        -0.9353   -0.3428   -1.2877    0.8946    0.1197    0.0341    0.0304    0.0038   -0.0228    0.0189
   13 H3     2px       -0.0000    0.0000    0.0000   -0.0000    0.0000    0.0000   -0.0000    0.0000   -0.0000   -0.0000
   14 H3     2py        0.0000    0.0000   -0.0000   -0.0000   -0.0000    0.0000    0.0000    0.0000    0.0000   -0.0000
   15 H3     2pz       -0.0959    0.4465   -0.1273    0.0810   -0.4337    0.2129   -0.1365    0.4370   -0.5302    0.3574
   16 H4     1s         0.3987   -0.2148    0.8272   -0.7377    0.0885    0.0190    0.1258   -0.1166    0.0302    0.0215
   17 H4     2s         0.6206   -0.2685    1.3281   -1.1815    0.0322    0.0385    0.0832   -0.0605    0.0176    0.0034
   18 H4     2px        0.0000   -0.0000   -0.0000    0.0000    0.0000   -0.0000    0.0000   -0.0000    0.0000    0.0000
   19 H4     2py       -0.0000   -0.0000    0.0000    0.0000    0.0000   -0.0000   -0.0000   -0.0000   -0.0000    0.0000
   20 H4     2pz       -0.2431   -0.2726   -0.1165   -0.0473   -0.2090    0.4739    0.3153    0.1432   -0.5102    0.4506
   21 H5     1s         0.1408    0.2776   -0.5589    0.8755    0.1783   -0.1891   -0.0211   -0.0964    0.0565    0.0146
   22 H5     2s         0.2408    0.3985   -0.9241    1.4029    0.2108   -0.1566   -0.0160   -0.0394    0.0178    0.0069
   23 H5     2px       -0.0000   -0.0000    0.0000   -0.0000    0.0000    0.0000   -0.0000    0.0000    0.0000   -0.0000
   24 H5     2py        0.0000    0.0000   -0.0000    0.0000   -0.0000    0.0000    0.0000    0.0000    0.0000   -0.0000
   25 H5     2pz        0.4482   -0.2704    0.2140    0.0730    0.3548    0.1278    0.5024   -0.2359   -0.3623    0.5136
   26 H6     1s        -0.6315   -0.0385    0.1875   -0.9757   -0.1745   -0.0843   -0.1244   -0.0430    0.0759    0.0053
   27 H6     2s        -1.0102   -0.1328    0.3176   -1.5478   -0.1842   -0.0490   -0.0691   -0.0193    0.0284    0.0000
   28 H6     2px        0.0000    0.0000   -0.0000    0.0000    0.0000   -0.0000    0.0000    0.0000    0.0000    0.0000
   29 H6     2py        0.0000    0.0000    0.0000    0.0000   -0.0000   -0.0000   -0.0000    0.0000   -0.0000    0.0000
   30 H6     2pz       -0.2293    0.2463   -0.1567   -0.0456    0.3221   -0.3947    0.2364   -0.4875   -0.1319    0.5467
   31 H7     1s         0.6315    0.0385    0.1875    0.9757   -0.1745    0.0843   -0.1244    0.0430    0.0759   -0.0053
   32 H7     2s         1.0102    0.1328    0.3176    1.5478   -0.1842    0.0490   -0.0691    0.0193    0.0284   -0.0000
   33 H7     2px        0.0000    0.0000   -0.0000   -0.0000    0.0000   -0.0000    0.0000    0.0000    0.0000    0.0000
   34 H7     2py        0.0000    0.0000    0.0000    0.0000   -0.0000   -0.0000   -0.0000    0.0000   -0.0000    0.0000
   35 H7     2pz       -0.2293    0.2463    0.1567   -0.0456   -0.3221   -0.3947   -0.2364   -0.4875    0.1319    0.5467
   36 H8     1s        -0.1408   -0.2776   -0.5589   -0.8755    0.1783    0.1891   -0.0211    0.0964    0.0565   -0.0146
   37 H8     2s        -0.2408   -0.3985   -0.9241   -1.4029    0.2108    0.1566   -0.0160    0.0394    0.0178   -0.0069
   38 H8     2px        0.0000    0.0000   -0.0000    0.0000    0.0000    0.0000    0.0000    0.0000    0.0000   -0.0000
   39 H8     2py       -0.0000   -0.0000   -0.0000   -0.0000   -0.0000    0.0000    0.0000   -0.0000    0.0000    0.0000
   40 H8     2pz        0.4482   -0.2704   -0.2140    0.0730   -0.3548    0.1278   -0.5024   -0.2359    0.3623    0.5136
   41 H9     1s        -0.3987    0.2148    0.8272    0.7377    0.0885   -0.0190    0.1258    0.1166    0.0302   -0.0215
   42 H9     2s        -0.6206    0.2685    1.3281    1.1815    0.0322   -0.0385    0.0832    0.0605    0.0176   -0.0034
   43 H9     2px       -0.0000   -0.0000    0.0000    0.0000   -0.0000   -0.0000   -0.0000   -0.0000    0.0000    0.0000
   44 H9     2py        0.0000    0.0000    0.0000    0.0000   -0.0000   -0.0000   -0.0000    0.0000   -0.0000   -0.0000
   45 H9     2pz       -0.2431   -0.2726    0.1165   -0.0473    0.2090    0.4739   -0.3153    0.1432    0.5102    0.4506
   46 H10    1s         0.5754    0.2317   -0.8078   -0.5687    0.0451   -0.1038    0.1071    0.0412   -0.0226   -0.0355
   47 H10    2s         0.9353    0.3428   -1.2877   -0.8946    0.1197   -0.0341    0.0304   -0.0038   -0.0228   -0.0189
   48 H10    2px        0.0000    0.0000   -0.0000   -0.0000    0.0000    0.0000   -0.0000    0.0000    0.0000    0.0000
   49 H10    2py       -0.0000    0.0000   -0.0000   -0.0000   -0.0000    0.0000    0.0000    0.0000    0.0000    0.0000
   50 H10    2pz       -0.0959    0.4465    0.1273    0.0810    0.4337    0.2129    0.1365    0.4370    0.5302    0.3574
   51 H11    1s        -0.3927   -0.4738    0.5048    0.3376   -0.3541   -0.2045    0.0944    0.0153   -0.0250   -0.0254
   52 H11    2s        -0.6613   -0.6795    0.8173    0.5270   -0.4450   -0.2240    0.1097    0.0495    0.0195    0.0061
   53 H11    2px       -0.0000   -0.0000    0.0000    0.0000   -0.0000   -0.0000    0.0000   -0.0000    0.0000   -0.0000
   54 H11    2py        0.0000    0.0000    0.0000    0.0000    0.0000   -0.0000   -0.0000    0.0000   -0.0000   -0.0000
   55 H11    2pz        0.2195    0.0732   -0.2522   -0.1436   -0.1453   -0.3595    0.4936    0.5236    0.4374    0.2489
   56 H12    1s         0.1385    0.2178   -0.1724   -0.1144    0.1977    0.1718   -0.1544   -0.1312   -0.0970   -0.0519
   57 H12    2s         0.2220    0.3713   -0.2682   -0.1735    0.3080    0.2287   -0.1698   -0.1207   -0.0776   -0.0380
   58 H12    2px        0.0000    0.0000    0.0000   -0.0000    0.0000    0.0000   -0.0000    0.0000   -0.0000   -0.0000
   59 H12    2py       -0.0000   -0.0000   -0.0000   -0.0000   -0.0000    0.0000   -0.0000   -0.0000    0.0000   -0.0000
   60 H12    2pz       -0.1109   -0.4183    0.1422    0.1037   -0.4436   -0.4242    0.3814    0.3140    0.2241    0.1169
--
 
      Von Neumann Entropy (Root  1) =  5.01142
 

      Mulliken population analysis for root number:  1
      -----------------------------------------------
 
 
++    Molecular charges:
      ------------------
 
      Mulliken charges per centre and basis function type
      ---------------------------------------------------
 
                H1      H2      H3      H4      H5      H6      H7      H8      H9      H10     H11     H12   
      1s       0.9841  1.0022  1.0013  1.0003  1.0008  1.0006  1.0006  1.0008  1.0003  1.0013  1.0022  0.9841
      2s       0.0081  0.0023 -0.0040 -0.0025 -0.0032 -0.0029 -0.0029 -0.0032 -0.0025 -0.0040  0.0023  0.0081
      2px      0.0000  0.0000  0.0000  0.0000  0.0000  0.0000  0.0000  0.0000  0.0000  0.0000  0.0000  0.0000
      2pz      0.0010  0.0026  0.0023  0.0023  0.0023  0.0023  0.0023  0.0023  0.0023  0.0023  0.0026  0.0010
      2py      0.0000  0.0000  0.0000  0.0000  0.0000  0.0000  0.0000  0.0000  0.0000  0.0000  0.0000  0.0000
      Total    0.9932  1.0071  0.9996  1.0002  0.9999  1.0000  1.0000  0.9999  1.0002  0.9996  1.0071  0.9932
 
      N-E      0.0068 -0.0071  0.0004 -0.0002  0.0001 -0.0000 -0.0000  0.0001 -0.0002  0.0004 -0.0071  0.0068
 
      Total electronic charge=   12.000000
 
      Total            charge=   -0.000000
--
 
 

      Expectation values of various properties for root number:  1
      -----------------------------------------------------------
 
 
++    Molecular properties:
      ---------------------
 
      Charge (e):
                      =   -0.0000
      Dipole Moment (Debye):
      Origin of the operator (Ang)=    0.0000    0.0000    0.0000
                   X=  1.2497E-08               Y= -1.9839E-08               Z=  4.7527E-06           Total=  4.7527E-06
      Quadrupole Moment (Debye*Ang):
      Origin of the operator (Ang)=    0.0000    0.0000   11.7000
                  XX= -1.8466E+01              XY=  6.3169E-16              XZ=  2.6837E-08              YY= -1.8466E+01
                  YZ=  3.3702E-08              ZZ= -1.4942E+01
      In traceless form (Debye*Ang)
                  XX= -1.7624E+00              XY=  9.4754E-16              XZ=  4.0256E-08              YY= -1.7624E+00
                  YZ=  5.0554E-08              ZZ=  3.5248E+00
--
 

      LoProp population analysis for root number:  1
      -----------------------------------------------
 
 
++    LoProp analysis:
      ----------------
 
 
 
  Input file to MOLDEN was generated!
 
 
++    Static properties:
      ------------------
 
 
      LoProp Charges per center
 

                   H1       H2       H3       H4       H5       H6       H7       H8       H9       H10   
      Nuclear      1.0000   1.0000   1.0000   1.0000   1.0000   1.0000   1.0000   1.0000   1.0000   1.0000
      Electronic  -1.0000  -1.0001  -0.9998  -1.0001  -0.9999  -1.0000  -1.0000  -0.9999  -1.0001  -0.9998
 
      Total        0.0000  -0.0001   0.0002  -0.0001   0.0001  -0.0000  -0.0000   0.0001  -0.0001   0.0002
 

                   H11      H12   
      Nuclear      1.0000   1.0000
      Electronic  -1.0001  -1.0000
 
      Total       -0.0001   0.0000
--
 
 
      Natural Bond Order analysis for root number:  1
 
++    Natural Bond Order analysis
      ---------------------------
      Based on LoProp computed density
      -------------------------------------------------------------------------------------
      Atom A       Atom B       Bond Order
      -------------------------------------------------------------------------------------
      NBO located      0.998 non-bonded electrons on atom H1        
      NBO located      1.017 non-bonded electrons on atom H3        
      NBO located      1.017 non-bonded electrons on atom H4        
      NBO located      1.017 non-bonded electrons on atom H5        
      NBO located      1.017 non-bonded electrons on atom H6        
      NBO located      1.017 non-bonded electrons on atom H7        
      NBO located      1.017 non-bonded electrons on atom H8        
      NBO located      1.017 non-bonded electrons on atom H9        
      NBO located      1.017 non-bonded electrons on atom H10       
      NBO located      0.998 non-bonded electrons on atom H12       
      The remaining    1.868 electrons are to be considered as diffuse
--
 
--
 
 
  Input file to MOLDEN was generated!
 
      Average orbitals are written to the RASORB file
      Natural orbitals for root   1 are written to the RASORB.1 file
      Spin density orbitals for root   1 are written to the SPDORB.1 file
 
forrtl: warning (525): IEEE_DIVIDE_BY_ZERO is signaling
forrtl: warning (526): IEEE_INVALID is signaling
forrtl: warning (528): IEEE_UNDERFLOW is signaling
--- Stop Module: rasscf at Mon Oct 27 09:04:43 2025 /rc=_RC_ALL_IS_WELL_ ---
*** files: H12_2.13.LprOrb H12_2.13.rasscf.molden H12_2.13.LoProp.molden H12_2.13.RasOrb.1 H12_2.13.RasOrb H12_2.13.rasscf.h5 H12_2.13.SpdOrb.1 xmldump
    saved to directory /home/grierjones/DDCASPT2/hydrogen_comps/rerun/H12_chain/H12_2.13
--- Module rasscf spent 10 minutes 33 seconds ---

>>> COPY /tmp/H12_2.13/H12_2.13.rasscf.h5 /home/grierjones/DDCASPT2/hydrogen_comps/rerun/H12_chain/H12_2.13/

>>> COPY /tmp/H12_2.13/GMJ_Fock_MO.csv /home/grierjones/DDCASPT2/hydrogen_comps/rerun/H12_chain/H12_2.13/H12_2.13.GMJ_Fock_MO.csv

*** symbolic link created: INPORB -> H12_2.13.RasOrb
--- Start Module: motra at Mon Oct 27 09:04:43 2025 ---
 
()()()()()()()()()()()()()()()()()()()()()()()()()()()()()()()()()()()()()()()()()()()()()()()()()()

                                               &MOTRA

                                   only a single process is used
                       available to each process: 2.0 GB of memory, 1 thread?
()()()()()()()()()()()()()()()()()()()()()()()()()()()()()()()()()()()()()()()()()()()()()()()()()()
 
 
      *** WARNING: Default frozen orbitals is overwritten by user input.
      *** Default values:   0
 
      Header of the integral files:
      
       Integrals generated by seward 4.2.0  , Mon Oct 27 08:54:07 2025
 
 
      Header of MO coefficients source file:
      * RASSCF average (pseudo-natural) orbitals                                      
 
 
      Cartesian coordinates in Angstrom:
      -----------------------------------------------------
      No.  Label        X            Y            Z        
      -----------------------------------------------------
       1   H1         0.00000000   0.00000000   0.00000000
       2   H2         0.00000000   0.00000000   2.12727300
       3   H3         0.00000000   0.00000000   4.25454500
       4   H4         0.00000000   0.00000000   6.38181800
       5   H5         0.00000000   0.00000000   8.50909100
       6   H6         0.00000000   0.00000000  10.63636400
       7   H7         0.00000000   0.00000000  12.76363600
       8   H8         0.00000000   0.00000000  14.89090900
       9   H9         0.00000000   0.00000000  17.01818200
      10   H10        0.00000000   0.00000000  19.14545500
      11   H11        0.00000000   0.00000000  21.27272700
      12   H12        0.00000000   0.00000000  23.40000000
      -----------------------------------------------------
      Nuclear repulsion energy =    6.27829885
 
      Orbital specifications:
      -----------------------
 
      Symmetry species:              1
      Number of basis functions:    60
      Frozen orbitals:               0
      Deleted orbitals:              0
      Number of orbitals used:      60

       SYMMETRY  BASIS FUNCTIONS       ORBITALS      INTEGRALS   CPU(SEC)  I/O(SEC)
        1 1 1 1   60  60  60  60    60  60  60  60     1675365       0.00      0.00

       TOTAL CPU TIME(SEC)    1.08TOTAL I/O TIME(SEC)    2.48
 
--- Stop Module: motra at Mon Oct 27 09:04:45 2025 /rc=_RC_ALL_IS_WELL_ ---
*** files: xmldump
    saved to directory /home/grierjones/DDCASPT2/hydrogen_comps/rerun/H12_chain/H12_2.13
--- Module motra spent 2 seconds ---

>>> COPY /tmp/H12_2.13/GMJ_one_int_indx.csv /home/grierjones/DDCASPT2/hydrogen_comps/rerun/H12_chain/H12_2.13/H12_2.13.GMJ_one_int_indx.csv

>>> COPY /tmp/H12_2.13/GMJ_one_int.csv /home/grierjones/DDCASPT2/hydrogen_comps/rerun/H12_chain/H12_2.13/H12_2.13.GMJ_one_int.csv

>>> COPY /tmp/H12_2.13/GMJ_two_int_indx.csv /home/grierjones/DDCASPT2/hydrogen_comps/rerun/H12_chain/H12_2.13/H12_2.13.GMJ_two_int_indx.csv

>>> COPY /tmp/H12_2.13/GMJ_two_int.csv /home/grierjones/DDCASPT2/hydrogen_comps/rerun/H12_chain/H12_2.13/H12_2.13.GMJ_two_int.csv

*** symbolic link created: INPORB -> H12_2.13.RasOrb
--- Start Module: caspt2 at Mon Oct 27 09:04:45 2025 ---
 
()()()()()()()()()()()()()()()()()()()()()()()()()()()()()()()()()()()()()()()()()()()()()()()()()()

                                              &CASPT2

                                   only a single process is used
                       available to each process: 2.0 GB of memory, 1 thread?
()()()()()()()()()()()()()()()()()()()()()()()()()()()()()()()()()()()()()()()()()()()()()()()()()()
 
 Cholesky algorithm in CASPT2 =    1
 
 ###############################################################################
 ###############################################################################
 ###                                                                         ###
 ###                                                                         ###
 ###    User changed nr of frozen orbitals.                                  ###
 ###                                                                         ###
 ###                                                                         ###
 ###############################################################################
 ###############################################################################
 
++    Wave function specifications:
      -----------------------------
 
      Number of closed shell electrons           0
      Number of electrons in active shells      12
      Max number of holes in RAS1 space          0
      Max number of electrons in RAS3 space      0
      Number of inactive orbitals                0
      Number of active orbitals                 12
      Number of secondary orbitals              48
      Spin quantum number                      0.0
      State symmetry                             1
      Number of CSFs                        226512
      Number of root(s) available                1
      Root passed to geometry opt.               1
      A file JOBMIX will be created.
      This is a CASSCF or RASSCF reference function
--
 
++    Orbital specifications:
      -----------------------
 
      Symmetry species                           1
                                                 a
      Frozen orbitals                            0
      Inactive orbitals                          0
      Active orbitals                           12
      Secondary orbitals                        48
      Deleted orbitals                           0
      Number of basis functions                 60
--
 
      Type of Fock operator: STANDARD
      Type of 0-order Hamiltonian: STANDARD WITH DEFAULT IPEA
        "IP-EA" denominator shift =      0.25
      The input orbitals and the CI vector will be transformed.
 
--------------------------------------------------------------------------------
 Estimated memory requirements:
  POLY3 :                 54392696
  RHS:                     1916944
  SIGMA :                   616912
  PRPCTL:                        0
 Available workspace:    230179958
 
++ CASPT2 computation for group   1
 
********************************************************************************
 Multi-State initialization phase begins for group   1
--------------------------------------------------------------------------------
********************************************************************************
 Compute H0 matrices for state    1
--------------------------------------------------------------------------------
--------------------------------------------------------------------------------
 H0 matrices have been computed.
 
********************************************************************************
  CASPT2 EQUATION SOLUTION
--------------------------------------------------------------------------------
 
  Total nr of CASPT2 parameters:
   Before reduction:      249120
   After  reduction:      248544
 
 The contributions to the second order correlation energy in atomic units.
-----------------------------------------------------------------------------------------------------------------------------
  IT.      VJTU        VJTI        ATVX        AIVX        VJAI        BVAT        BJAT        BJAI        TOTAL       RNORM  
-----------------------------------------------------------------------------------------------------------------------------
   1     0.000000    0.000000   -0.004839    0.000000    0.000000   -0.010282    0.000000    0.000000   -0.015121    0.001745
   2     0.000000    0.000000   -0.004881    0.000000    0.000000   -0.010296    0.000000    0.000000   -0.015177    0.000342
   3     0.000000    0.000000   -0.004890    0.000000    0.000000   -0.010298    0.000000    0.000000   -0.015189    0.000100
   4     0.000000    0.000000   -0.004886    0.000000    0.000000   -0.010298    0.000000    0.000000   -0.015185    0.000019
   5     0.000000    0.000000   -0.004886    0.000000    0.000000   -0.010299    0.000000    0.000000   -0.015185    0.000005
-------------------------------------------------------------------------------------------------------------------
 
  FINAL CASPT2 RESULT:
 
  Correlation energy /Case, /Symm, and sums:
 VJTU      0.00000000  0.00000000
 VJTIP     0.00000000  0.00000000
 VJTIM     0.00000000  0.00000000
 ATVX     -0.00488627 -0.00488627
 AIVX      0.00000000  0.00000000
 VJAIP     0.00000000  0.00000000
 VJAIM     0.00000000  0.00000000
 BVATP    -0.00962293 -0.00962293
 BVATM    -0.00067560 -0.00067560
 BJATP     0.00000000  0.00000000
 BJATM     0.00000000  0.00000000
 BJAIP     0.00000000  0.00000000
 BJAIM     0.00000000  0.00000000
 Summed:  -0.01518481 -0.01518481
 
      Reference energy:          -6.0559355589
      E2 (Non-variational):      -0.0151848079
      E2 (Variational):          -0.0151848082
      Total energy:              -6.0711203671
      Residual norm:              0.0000007251
      Reference weight:           0.99038
 
      Contributions to the CASPT2 correlation energy
      Active & Virtual Only:         -0.0151848079
      One Inactive Excited:           0.0000000000
      Two Inactive Excited:           0.0000000000
 
 
++ Denominators, etc.
----------------------------------------------------------------------------------------------------
 Report on small energy denominators, large coefficients, and large energy contributions.
CASE  SYMM ACTIVE-MIX  NON-ACTIVE INDICES          DENOMINATOR     RHS VALUE       COEFFICIENT     CONTRIBUTION
ATVX     1  Mu1.0001  Se1.013                       0.20162014     -0.00000000      0.00000001     -0.00000000
ATVX     1  Mu1.0002  Se1.013                       0.22677981     -0.00004226      0.00037781     -0.00000002
ATVX     1  Mu1.0003  Se1.013                       0.25653845     -0.00000001      0.00000004     -0.00000000
ATVX     1  Mu1.0004  Se1.013                       0.28267463     -0.00004402      0.00062941     -0.00000003
ATVX     1  Mu1.0001  Se1.014                       0.21185300     -0.00001834      0.00026230     -0.00000000
ATVX     1  Mu1.0002  Se1.014                       0.23701268     -0.00000004      0.00000020     -0.00000000
ATVX     1  Mu1.0003  Se1.014                       0.26677131      0.00006258     -0.00082953     -0.00000005
ATVX     1  Mu1.0004  Se1.014                       0.29290749     -0.00000001      0.00000006     -0.00000000
ATVX     1  Mu1.0001  Se1.015                       0.23047958     -0.00000005      0.00000024     -0.00000000
ATVX     1  Mu1.0002  Se1.015                       0.25563926     -0.00001005     -0.00048583      0.00000000
ATVX     1  Mu1.0003  Se1.015                       0.28539789      0.00000006     -0.00000022     -0.00000000
ATVX     1  Mu1.0001  Se1.016                       0.25958986      0.00009718     -0.00007009     -0.00000001
ATVX     1  Mu1.0002  Se1.016                       0.28474953      0.00000000     -0.00000000     -0.00000000
--
 
   (Skipping property calculation,
    use PROP keyword to activate)
--
 
  Total CASPT2 energies:
::    CASPT2 Root  1     Total energy:     -6.07112037
 
  A NEW JOBIPH FILE NAMED 'JOBMIX' IS PREPARED.
********************************************************************************
forrtl: warning (528): IEEE_UNDERFLOW is signaling
--- Stop Module: caspt2 at Mon Oct 27 09:06:22 2025 /rc=_RC_ALL_IS_WELL_ ---
*** files: xmldump
    saved to directory /home/grierjones/DDCASPT2/hydrogen_comps/rerun/H12_chain/H12_2.13
--- Module caspt2 spent 1 minute 36 seconds ---

>>> EXPORT i = B

>>> EXPORT j = P

>>> IF (-FILE GMJ_e2_${i}_${j}_1_.csv)
(Skipped)

>>> END FOREACH

>>> EXPORT j = M

>>> IF (-FILE GMJ_e2_${i}_${j}_1_.csv)
(Skipped)

>>> END FOREACH

>>> END FOREACH

>>> EXPORT i = E

>>> EXPORT j = P

>>> IF (-FILE GMJ_e2_${i}_${j}_1_.csv)
(Skipped)

>>> END FOREACH

>>> EXPORT j = M

>>> IF (-FILE GMJ_e2_${i}_${j}_1_.csv)
(Skipped)

>>> END FOREACH

>>> END FOREACH

>>> EXPORT i = F

>>> EXPORT j = P

>>> IF (-FILE GMJ_e2_${i}_${j}_1_.csv)

>>> COPY /tmp/H12_2.13/GMJ_RHS_F_P_1_.csv /home/grierjones/DDCASPT2/hydrogen_comps/rerun/H12_chain/H12_2.13/GMJ_RHS_F_P_1_.csv

>>> COPY /tmp/H12_2.13/GMJ_IVECW_F_P_1_.csv /home/grierjones/DDCASPT2/hydrogen_comps/rerun/H12_chain/H12_2.13/GMJ_IVECW_F_P_1_.csv

>>> COPY /tmp/H12_2.13/GMJ_IVECX_F_P_1_.csv /home/grierjones/DDCASPT2/hydrogen_comps/rerun/H12_chain/H12_2.13/GMJ_IVECX_F_P_1_.csv

>>> COPY /tmp/H12_2.13/GMJ_IVECC2_F_P_1_.csv /home/grierjones/DDCASPT2/hydrogen_comps/rerun/H12_chain/H12_2.13/GMJ_IVECC2_F_P_1_.csv

>>> COPY /tmp/H12_2.13/GMJ_e2_F_P_1_.csv /home/grierjones/DDCASPT2/hydrogen_comps/rerun/H12_chain/H12_2.13/GMJ_e2_F_P_1_.csv

>>> END FOREACH

>>> EXPORT j = M

>>> IF (-FILE GMJ_e2_${i}_${j}_1_.csv)

>>> COPY /tmp/H12_2.13/GMJ_RHS_F_M_1_.csv /home/grierjones/DDCASPT2/hydrogen_comps/rerun/H12_chain/H12_2.13/GMJ_RHS_F_M_1_.csv

>>> COPY /tmp/H12_2.13/GMJ_IVECW_F_M_1_.csv /home/grierjones/DDCASPT2/hydrogen_comps/rerun/H12_chain/H12_2.13/GMJ_IVECW_F_M_1_.csv

>>> COPY /tmp/H12_2.13/GMJ_IVECX_F_M_1_.csv /home/grierjones/DDCASPT2/hydrogen_comps/rerun/H12_chain/H12_2.13/GMJ_IVECX_F_M_1_.csv

>>> COPY /tmp/H12_2.13/GMJ_IVECC2_F_M_1_.csv /home/grierjones/DDCASPT2/hydrogen_comps/rerun/H12_chain/H12_2.13/GMJ_IVECC2_F_M_1_.csv

>>> COPY /tmp/H12_2.13/GMJ_e2_F_M_1_.csv /home/grierjones/DDCASPT2/hydrogen_comps/rerun/H12_chain/H12_2.13/GMJ_e2_F_M_1_.csv

>>> END FOREACH

>>> END FOREACH

>>> EXPORT i = G

>>> EXPORT j = P

>>> IF (-FILE GMJ_e2_${i}_${j}_1_.csv)
(Skipped)

>>> END FOREACH

>>> EXPORT j = M

>>> IF (-FILE GMJ_e2_${i}_${j}_1_.csv)
(Skipped)

>>> END FOREACH

>>> END FOREACH

>>> EXPORT i = H

>>> EXPORT j = P

>>> IF (-FILE GMJ_e2_${i}_${j}_1_.csv)
(Skipped)

>>> END FOREACH

>>> EXPORT j = M

>>> IF (-FILE GMJ_e2_${i}_${j}_1_.csv)
(Skipped)

>>> END FOREACH

>>> END FOREACH

>>> EXPORT i = A

>>> IF (-FILE GMJ_e2_${i}_1_.csv)
(Skipped)

>>> END FOREACH

>>> EXPORT i = C

>>> IF (-FILE GMJ_e2_${i}_1_.csv)

>>> COPY /tmp/H12_2.13/GMJ_RHS_C_1_.csv /home/grierjones/DDCASPT2/hydrogen_comps/rerun/H12_chain/H12_2.13/GMJ_RHS_C_1_.csv

>>> COPY /tmp/H12_2.13/GMJ_IVECW_C_1_.csv /home/grierjones/DDCASPT2/hydrogen_comps/rerun/H12_chain/H12_2.13/GMJ_IVECW_C_1_.csv

>>> COPY /tmp/H12_2.13/GMJ_IVECX_C_1_.csv /home/grierjones/DDCASPT2/hydrogen_comps/rerun/H12_chain/H12_2.13/GMJ_IVECX_C_1_.csv

>>> COPY /tmp/H12_2.13/GMJ_IVECC2_C_1_.csv /home/grierjones/DDCASPT2/hydrogen_comps/rerun/H12_chain/H12_2.13/GMJ_IVECC2_C_1_.csv

>>> COPY /tmp/H12_2.13/GMJ_e2_C_1_.csv /home/grierjones/DDCASPT2/hydrogen_comps/rerun/H12_chain/H12_2.13/GMJ_e2_C_1_.csv

>>> END FOREACH

>>> EXPORT i = D

>>> IF (-FILE GMJ_e2_${i}_1_.csv)
(Skipped)

>>> END FOREACH

.########################.
.# Non-zero return code #.
.########################.

    Timing: Wall=734.85 User=729.95 System=4.78
****************************************
*** WorkDir at /tmp/H12_2.13 cleaned ***
****************************************
