   This run of MOLCAS is using the pymolcas driver

                             OPE
                             OPE          NMOL  CASOP  ENMOLC A   SO
                 OPE        NMOLC        AS  OP EN  MO LC     AS  OP
                OPENM       OL CA        SO  PE NM  OL CA     SOP EN
                OP EN      MO   LC       AS  OP ENMOL  CASO   PENMOL
                OP  EN     MO   LC       AS  OP EN     MO     LC ASO
               OP   E  NMOL  C  AS       OP  EN MO     LC     AS  OP
               OP  E   NMO   LC AS        OPEN  MO     LCASOP EN   M
               O  PEN   MO  LCA  SO
            OPE   NMO   L   CAS    OP
        OPENMOL  CASOP     ENMOL   CASOPE
     OPENMOLCA   SOPENMOLCASOPEN   MOLCASOPE
    OPENMOLCAS   OP           EN   MOL    CAS
    OPENMOLCAS       OP  ENM        O     LCA
    OPENMOLCAS    OPEN  MOLCASO     P  E  NMO
    OPENMOLCAS     OP               E  N  MOL
    OPENMOLCA   SO           PENM   O  L  CAS    OPEN    MO    LCAS
    OPENMOLCA   SOP           ENM   O  L  CAS   OP  EN  MOLC  AS   O
    OPENMOLCA   SOPE           NM      O  LCA   S      OP  EN MO
    OPENMOLC                AS         O  PEN   M      OL  CA  SOPE
    OPENMO        LCASOPE  NMOL        C  ASO   P      ENMOLC     AS
    OPE     NMO      LCA  SO     P     E   NM   OL  CA SO  PE N   MO
          OPENMOLCA            SOPE   NMO        LCAS  O    P  ENMO
     OPENMOLCASOPENMOLCASOPENMOLCASOPENMOLCA
        OPENMOLCASOPENMOLCASOPENMOLCASOPE
            OPENMOLCASOPENMOLCASOPENM
               OPENMOLCASOPENMOLCA        version: f37762c57
                   OPENMOLCASO
                       OPE                tag:

 OpenMolcas is free software; you can redistribute it and/or modify it
 under the terms of the GNU Lesser General Public License version 2.1.
 OpenMolcas is distributed in the hope that it will be useful, but it
 is provided "as is" and without any express or implied warranties.
 For more details see the full text of the license in the file
 LICENSE or in <http://www.gnu.org/licenses/>.

                 Copyright (C) The OpenMolcas Authors
           For the author list and the recommended citation,
                   consult the file CONTRIBUTORS.md

           *************************************************
           * pymolcas version py2.28                       *
           *   build c4a6d18ded8cb6cad61d2372a9abd97c      *
           *   (after the EMIL interpreter by V. Veryazov) *
           *************************************************

configuration info
------------------
C Compiler ID: Intel
C flags: -std=gnu99 -gcc-sys
Fortran Compiler ID: IntelLLVM
Fortran flags: -standard-semantics -fltconsistency -fpp -i8 -heap-arrays
Definitions: _MOLCAS_;_I8_;_LINUX_
Parallel: OFF (GA=OFF)


   ----------------------------------------------------------------------------------------
  |
  |              Project: H10_1.79
  |       Submitted from: /home/grierjones/DDCASPT2/hydrogen_comps/rerun/H10_chain/H10_1.79
  |         Scratch area: /tmp/H10_1.79
  |      Save outputs to: /home/grierjones/DDCASPT2/hydrogen_comps/rerun/H10_chain/H10_1.79
  |               Molcas: /home/grierjones/Test/build
  |
  | Scratch area is empty
  |
  |       MOLCAS_DRIVER = /usr/local/pymolcas
  | MOLCAS_KEEP_WORKDIR = NO
  |  MOLCAS_NEW_WORKDIR = YES
  |       MOLCAS_NPROCS = 1
  |        MOLCAS_PRINT = NORMAL
  |       MOLCAS_SOURCE = /home/grierjones/Test
  |    MOLCAS_STRUCTURE = 0
  |
   ----------------------------------------------------------------------------------------

++ ---------   Input file   ---------

&GATEWAY
coord=H10_1.79.xyz
Basis = ANO-RCC-VDZP
Group = nosymm
End of Input

&SEWARD
End of Input

&SCF

>>> COPY $WorkDir/H10_1.79.scf.h5 $CurrDir/

&RASSCF
Title= RASSCF
FileOrb
/home/grierjones/DDCASPT2/hydrogen_comps/rerun/H10_chain/H10_0.60/H10_0.60.RasOrb
NACTEL
10 0 0
Inactive
0
RAS2
10
Symmetry
1
Spin
1
orblisting
all

>>> COPY $WorkDir/H10_1.79.rasscf.h5 $CurrDir/

>>> COPY $WorkDir/GMJ_Fock_MO.csv $CurrDir/H10_1.79.GMJ_Fock_MO.csv

&MOTRA
Frozen=0
LUMORB

>>> COPY $WorkDir/GMJ_one_int_indx.csv $CurrDir/H10_1.79.GMJ_one_int_indx.csv

>>> COPY $WorkDir/GMJ_one_int.csv $CurrDir/H10_1.79.GMJ_one_int.csv

>>> COPY $WorkDir/GMJ_two_int_indx.csv $CurrDir/H10_1.79.GMJ_two_int_indx.csv

>>> COPY $WorkDir/GMJ_two_int.csv $CurrDir/H10_1.79.GMJ_two_int.csv

&CASPT2
Frozen
0

MAXITER
50

>>> FOREACH i IN (B,E,F,G,H)

  >>> FOREACH j IN (P,M)

    >>> IF (-FILE GMJ_e2_${i}_${j}_1_.csv)

      >>> COPY $WorkDir/GMJ_RHS_${i}_${j}_1_.csv $CurrDir/GMJ_RHS_${i}_${j}_1_.csv

      >>> COPY $WorkDir/GMJ_IVECW_${i}_${j}_1_.csv $CurrDir/GMJ_IVECW_${i}_${j}_1_.csv

      >>> COPY $WorkDir/GMJ_IVECX_${i}_${j}_1_.csv $CurrDir/GMJ_IVECX_${i}_${j}_1_.csv

      >>> COPY $WorkDir/GMJ_IVECC2_${i}_${j}_1_.csv $CurrDir/GMJ_IVECC2_${i}_${j}_1_.csv

      >>> COPY $WorkDir/GMJ_e2_${i}_${j}_1_.csv $CurrDir/GMJ_e2_${i}_${j}_1_.csv

    >>> END IF

  >>> END FOREACH

>>> END FOREACH

>>> FOREACH i IN (A,C,D)

  >>> IF (-FILE GMJ_e2_${i}_1_.csv)

    >>> COPY $WorkDir/GMJ_RHS_${i}_1_.csv $CurrDir/GMJ_RHS_${i}_1_.csv

    >>> COPY $WorkDir/GMJ_IVECW_${i}_1_.csv $CurrDir/GMJ_IVECW_${i}_1_.csv

    >>> COPY $WorkDir/GMJ_IVECX_${i}_1_.csv $CurrDir/GMJ_IVECX_${i}_1_.csv

    >>> COPY $WorkDir/GMJ_IVECC2_${i}_1_.csv $CurrDir/GMJ_IVECC2_${i}_1_.csv

    >>> COPY $WorkDir/GMJ_e2_${i}_1_.csv $CurrDir/GMJ_e2_${i}_1_.csv

  >>> END IF

>>> END FOREACH

-- ----------------------------------

--- Start Module: gateway at Sun Oct 26 15:52:55 2025 ---
 
()()()()()()()()()()()()()()()()()()()()()()()()()()()()()()()()()()()()()()()()()()()()()()()()()()

                                              &GATEWAY

                                   only a single process is used
                       available to each process: 2.0 GB of memory, 1 thread?
()()()()()()()()()()()()()()()()()()()()()()()()()()()()()()()()()()()()()()()()()()()()()()()()()()
 
 
++    Symmetry information:
      ---------------------
 
                    Character Table for C1 
 
                             E  
                    a        1  x, y, xy, Rz, z, xz, Ry, yz, Rx, I
--
 
 
++    Basis set information:
      ----------------------
 
 
      Basis set label: H.ANO-RCC...2S1P.
 
      Electronic valence basis set:
      ------------------
      Associated Effective Charge   1.000000 au
      Associated Actual Charge      1.000000 au
      Nuclear Model: Point charge
 
      Shell  nPrim  nBasis  Cartesian Spherical Contaminant
         s       8       2        X                  
         p       4       1        X                  
--
 
 
++    Molecular structure info:
      -------------------------
 
                    ************************************************ 
                    **** Cartesian Coordinates / Bohr, Angstrom **** 
                    ************************************************ 
 
     Center  Label                x              y              z                     x              y              z
        1      H1               0.000000       0.000000       0.000000              0.000000       0.000000       0.000000
        2      H2               0.000000       0.000000       3.378602              0.000000       0.000000       1.787879
        3      H3               0.000000       0.000000       6.757203              0.000000       0.000000       3.575758
        4      H4               0.000000       0.000000      10.135803              0.000000       0.000000       5.363636
        5      H5               0.000000       0.000000      13.514405              0.000000       0.000000       7.151515
        6      H6               0.000000       0.000000      16.893006              0.000000       0.000000       8.939394
        7      H7               0.000000       0.000000      20.271608              0.000000       0.000000      10.727273
        8      H8               0.000000       0.000000      23.650210              0.000000       0.000000      12.515152
        9      H9               0.000000       0.000000      27.028809              0.000000       0.000000      14.303030
       10      H10              0.000000       0.000000      30.407411              0.000000       0.000000      16.090909
 
                    *************************************** 
                    *    InterNuclear Distances / Bohr    * 
                    *************************************** 
 
               1 H1            2 H2            3 H3            4 H4            5 H5            6 H6    
    1 H1       0.000000
    2 H2       3.378602        0.000000
    3 H3       6.757203        3.378602        0.000000
    4 H4      10.135803        6.757201        3.378600        0.000000
    5 H5      13.514405       10.135803        6.757201        3.378602        0.000000
    6 H6      16.893006       13.514405       10.135803        6.757203        3.378602        0.000000
    7 H7      20.271608       16.893006       13.514405       10.135805        6.757203        3.378602
    8 H8      23.650210       20.271608       16.893006       13.514407       10.135805        6.757203
    9 H9      27.028809       23.650208       20.271606       16.893006       13.514405       10.135803
   10 H10     30.407411       27.028809       23.650208       20.271608       16.893006       13.514405
 
               7 H7            8 H8            9 H9           10 H10   
    7 H7       0.000000
    8 H8       3.378602        0.000000
    9 H9       6.757201        3.378600        0.000000
   10 H10     10.135803        6.757201        3.378602        0.000000
 
                    ******************************************* 
                    *    InterNuclear Distances / Angstrom    * 
                    ******************************************* 
 
               1 H1            2 H2            3 H3            4 H4            5 H5            6 H6    
    1 H1       0.000000
    2 H2       1.787879        0.000000
    3 H3       3.575758        1.787879        0.000000
    4 H4       5.363636        3.575757        1.787878        0.000000
    5 H5       7.151515        5.363636        3.575757        1.787879        0.000000
    6 H6       8.939394        7.151515        5.363636        3.575758        1.787879        0.000000
    7 H7      10.727273        8.939394        7.151515        5.363637        3.575758        1.787879
    8 H8      12.515152       10.727273        8.939394        7.151516        5.363637        3.575758
    9 H9      14.303030       12.515151       10.727272        8.939394        7.151515        5.363636
   10 H10     16.090909       14.303030       12.515151       10.727273        8.939394        7.151515
 
               7 H7            8 H8            9 H9           10 H10   
    7 H7       0.000000
    8 H8       1.787879        0.000000
    9 H9       3.575757        1.787878        0.000000
   10 H10      5.363636        3.575757        1.787879        0.000000
--
 
 
            Nuclear Potential Energy              5.70936943 au
 
--- Stop Module: gateway at Sun Oct 26 15:52:56 2025 /rc=_RC_ALL_IS_WELL_ ---
*** files: xmldump
    saved to directory /home/grierjones/DDCASPT2/hydrogen_comps/rerun/H10_chain/H10_1.79

--- Start Module: seward at Sun Oct 26 15:52:56 2025 ---
 
()()()()()()()()()()()()()()()()()()()()()()()()()()()()()()()()()()()()()()()()()()()()()()()()()()

                                              &SEWARD

                                   only a single process is used
                       available to each process: 2.0 GB of memory, 1 thread?
()()()()()()()()()()()()()()()()()()()()()()()()()()()()()()()()()()()()()()()()()()()()()()()()()()
 
               SEWARD will generate:
                  Multipole Moment integrals up to order  2
                  Kinetic Energy integrals
                  Nuclear Attraction integrals (point charge)
                  One-Electron Hamiltonian integrals
                  Velocity integrals
                  Relativistic Douglas-Kroll-Hess integrals:
                    - Parametrization         : EXP
                    - DKH order of Hamiltonian: 2
                    - DKH order of Properties : 0
                         - multipole moment operators
                         - electric potential operators
                         - contact operators
                  Atomic mean-field integrals
                  Two-Electron Repulsion integrals
 
                   Integrals are discarded if absolute value <: 0.10E-13
                   Integral cutoff threshold is set to       <: 0.10E-15
 
            Nuclear Potential Energy              5.70936943 au
 
 
      Basis set specifications :
      Symmetry species         a  
      Basis functions           50
 
 
  Input file to MOLDEN was generated!
 
forrtl: warning (525): IEEE_DIVIDE_BY_ZERO is signaling
forrtl: warning (526): IEEE_INVALID is signaling
forrtl: warning (528): IEEE_UNDERFLOW is signaling
--- Stop Module: seward at Sun Oct 26 15:52:56 2025 /rc=_RC_ALL_IS_WELL_ ---
*** files: H10_1.79.GssOrb H10_1.79.guessorb.h5 H10_1.79.guessorb.molden xmldump
    saved to directory /home/grierjones/DDCASPT2/hydrogen_comps/rerun/H10_chain/H10_1.79

*** symbolic link created: INPORB -> H10_1.79.GssOrb
--- Start Module: scf at Sun Oct 26 15:52:56 2025 ---
 
()()()()()()()()()()()()()()()()()()()()()()()()()()()()()()()()()()()()()()()()()()()()()()()()()()

                                                &SCF

                                   only a single process is used
                       available to each process: 2.0 GB of memory, 1 thread?
()()()()()()()()()()()()()()()()()()()()()()()()()()()()()()()()()()()()()()()()()()()()()()()()()()
 
++    Input section:
      --------------
 
      Header of the integral files:
      
       Integrals generated by seward 4.2.0  , Sun Oct 26 15:52:56 2025
 
 
      Cartesian coordinates in Angstrom:
      -----------------------------------------------------
      No.  Label        X            Y            Z        
      -----------------------------------------------------
       1   H1         0.00000000   0.00000000   0.00000000
       2   H2         0.00000000   0.00000000   1.78787900
       3   H3         0.00000000   0.00000000   3.57575800
       4   H4         0.00000000   0.00000000   5.36363600
       5   H5         0.00000000   0.00000000   7.15151500
       6   H6         0.00000000   0.00000000   8.93939400
       7   H7         0.00000000   0.00000000  10.72727300
       8   H8         0.00000000   0.00000000  12.51515200
       9   H9         0.00000000   0.00000000  14.30303000
      10   H10        0.00000000   0.00000000  16.09090900
      -----------------------------------------------------
      Nuclear repulsion energy =    5.70936943
--
 
++    Orbital specifications:
      -----------------------
 
      Symmetry species               1
                                     a
      Frozen orbitals                0
      Occupied orbitals              5
      Secondary orbitals            45
      Deleted orbitals               0
      Total number of orbitals      50
      Number of basis functions     50
--
 
      Molecular charge                           0.000
 
++    Optimization specifications:
      ----------------------------
 
      SCF Algorithm: Conventional
      Minimized density differences are used
      Number of density matrices in core                5
      Maximum number of NDDO SCF iterations           400
      Maximum number of HF SCF iterations             400
      Threshold for SCF energy change            0.10E-08
      Threshold for density matrix               0.10E-03
      Threshold for Fock matrix                  0.15E-03
      Threshold for linear dependence            0.10E-08
      Threshold at which DIIS is turned on       0.15E+00
      Threshold at which QNR/C2DIIS is turned on 0.75E-01
      Threshold for Norm(delta) (QNR/C2DIIS)     0.20E-04
      DIIS extrapolation of the SCF procedure
      All orbitals punched on: SCFORB
--
 
      Input vectors read from INPORB
      Orbital file label: *Guess orbitals
 
 
++ Convergence information
                                   SCF        iterations: Energy and convergence statistics
 
Iter     Tot. SCF        One-elec.       Two-elec.     Energy      Max Dij or  Max Fij      DNorm      TNorm      AccCon     Time
         Energy          Energy          Energy        Change      Delta Norm                                                in Sec.
   1    -4.597521469   -16.828542477     6.521651581   0.00E+00    0.28E+00*   0.89E-01*    0.44E+01   0.12E+02   None         0.
   2    -4.763699345   -16.794930102     6.321861329  -0.17E+00*   0.12E+00*   0.16E-01*    0.14E+01   0.11E+02   EDIIS        0.
   3    -4.772901674   -16.729533468     6.247262367  -0.92E-02*   0.59E-01*   0.82E-02*    0.30E+00   0.11E+02   EDIIS        0.
   4    -4.774829927   -16.726888720     6.242689366  -0.19E-02*   0.23E-01*   0.69E-02*    0.11E+00   0.11E+02   c2DIIS       0.
   5    -4.775722796   -16.720484907     6.235392684  -0.89E-03*   0.70E-02*   0.13E-02*    0.26E-01   0.11E+02   QNRc2DIIS    0.
   6    -4.775774963   -16.721531241     6.236386851  -0.52E-04*   0.94E-02*   0.63E-03*    0.38E-02   0.11E+02   QNRc2DIIS    0.
   7    -4.775799905   -16.720835306     6.235665974  -0.25E-04*   0.23E-03*   0.53E-04     0.15E-02   0.11E+02   QNRc2DIIS    0.
   8    -4.775799962   -16.720831279     6.235661889  -0.57E-07*   0.45E-04*   0.13E-04     0.29E-03   0.11E+02   QNRc2DIIS    0.
   9    -4.775799964   -16.720800568     6.235631176  -0.23E-08*   0.74E-05    0.23E-05     0.75E-04   0.11E+02   QNRc2DIIS    0.
  10    -4.775799964   -16.720798327     6.235628936  -0.60E-10    0.17E-05    0.33E-06     0.13E-04   0.11E+02   QNRc2DIIS    0.
 
       Convergence after 10 Macro Iterations
--
 
 *****************************************************************************************************************************
 *                                                                                                                           *
 *                                             SCF/KS-DFT Program, Final results                                             *
 *                                                                                                                           *
 *                                                                                                                           *
 *                                                                                                                           *
 *                                                       Final Results                                                       *
 *                                                                                                                           *
 *****************************************************************************************************************************
 
::    Total SCF energy                                 -4.7757999644
      One-electron energy                             -16.7207983273
      Two-electron energy                               6.2356289357
      Nuclear repulsion energy                          5.7093694273
      Kinetic energy (interpolated)                     3.5457118190
      Virial theorem                                    1.3469227642
      Total spin, S(S+1)                                0.0000000000
      Total spin, S                                     0.0000000000
      Max non-diagonal density matrix element           0.0000021245
      Max non-diagonal Fock matrix element              0.0000000408
 
 
      All orbitals with orbital energies smaller than  E(LUMO)+0.5 are printed
 
++    Molecular orbitals:
      -------------------
 
      Title: SCF orbitals

      Molecular orbitals for symmetry species 1: a  
 
          Orbital            1         2         3         4         5         6         7         8         9        10    
          Energy           -0.4849   -0.4658   -0.4348   -0.3929   -0.3465   -0.1259   -0.0644    0.0034    0.0702    0.1253
          Occ. No.          2.0000    2.0000    2.0000    2.0000    2.0000    0.0000    0.0000    0.0000    0.0000    0.0000
 
        1 H1     1s         0.1061   -0.2077    0.2940   -0.3422    0.2842   -0.3677    0.5179   -0.5201    0.4158   -0.2317
        2 H1     2s         0.0087   -0.0188    0.0319   -0.0478    0.0505   -0.1266    0.2081   -0.2421    0.2203   -0.1375
        3 H1     2px        0.0000    0.0000   -0.0000    0.0000   -0.0000    0.0000    0.0000   -0.0000    0.0000   -0.0000
        4 H1     2py       -0.0000    0.0000    0.0000   -0.0000    0.0000   -0.0000   -0.0000    0.0000   -0.0000    0.0000
        5 H1     2pz        0.0071   -0.0124    0.0146   -0.0132    0.0082    0.0015   -0.0095    0.0209   -0.0294    0.0246
        6 H2     1s         0.1638   -0.2957    0.3611   -0.3327    0.2013    0.1423   -0.4107    0.6439   -0.6782    0.4429
        7 H2     2s         0.0099   -0.0302    0.0609   -0.0853    0.0707    0.0409   -0.1613    0.2808   -0.3043    0.1952
        8 H2     2px        0.0000   -0.0000    0.0000   -0.0000   -0.0000    0.0000   -0.0000    0.0000   -0.0000    0.0000
        9 H2     2py       -0.0000    0.0000   -0.0000   -0.0000    0.0000   -0.0000    0.0000    0.0000   -0.0000    0.0000
       10 H2     2pz        0.0015    0.0008   -0.0078    0.0158   -0.0164    0.0205   -0.0222    0.0084    0.0121   -0.0200
       11 H3     1s         0.2580   -0.3200    0.1174    0.2245   -0.3791    0.4506   -0.2588   -0.2999    0.7258   -0.6165
       12 H3     2s         0.0246   -0.0290   -0.0004    0.0618   -0.0987    0.1599   -0.0963   -0.1320    0.3205   -0.2722
       13 H3     2px       -0.0000    0.0000    0.0000   -0.0000    0.0000   -0.0000   -0.0000    0.0000   -0.0000    0.0000
       14 H3     2py        0.0000   -0.0000    0.0000   -0.0000   -0.0000    0.0000   -0.0000    0.0000   -0.0000    0.0000
       15 H3     2pz        0.0064   -0.0025   -0.0090    0.0158   -0.0109   -0.0127    0.0259   -0.0237   -0.0002    0.0196
       16 H4     1s         0.2917   -0.2765   -0.0419    0.3427   -0.3104   -0.3093    0.5294   -0.1616   -0.5655    0.7413
       17 H4     2s         0.0213   -0.0373    0.0106    0.0634   -0.0902   -0.1037    0.2135   -0.0720   -0.2496    0.3231
       18 H4     2px        0.0000    0.0000    0.0000   -0.0000   -0.0000    0.0000    0.0000    0.0000   -0.0000    0.0000
       19 H4     2py        0.0000   -0.0000   -0.0000    0.0000    0.0000    0.0000    0.0000   -0.0000   -0.0000   -0.0000
       20 H4     2pz       -0.0012    0.0090   -0.0113   -0.0031    0.0168   -0.0221    0.0033    0.0275   -0.0244   -0.0058
       21 H5     1s         0.3283   -0.0575   -0.3354    0.1003    0.3771   -0.4217   -0.2278    0.5903    0.1944   -0.8108
       22 H5     2s         0.0276    0.0064   -0.0534    0.0035    0.1028   -0.1467   -0.0974    0.2519    0.0847   -0.3545
       23 H5     2px       -0.0000   -0.0000   -0.0000   -0.0000    0.0000    0.0000   -0.0000    0.0000   -0.0000    0.0000
       24 H5     2py       -0.0000    0.0000    0.0000   -0.0000   -0.0000    0.0000    0.0000   -0.0000   -0.0000    0.0000
       25 H5     2pz        0.0044    0.0082   -0.0087   -0.0106    0.0153    0.0192   -0.0191   -0.0165    0.0298    0.0081
       26 H6     1s         0.3283    0.0575   -0.3354   -0.1003    0.3771    0.4217   -0.2278   -0.5903    0.1944    0.8108
       27 H6     2s         0.0276   -0.0064   -0.0534   -0.0035    0.1028    0.1467   -0.0974   -0.2519    0.0847    0.3545
       28 H6     2px       -0.0000   -0.0000    0.0000    0.0000   -0.0000    0.0000    0.0000    0.0000   -0.0000   -0.0000
       29 H6     2py       -0.0000   -0.0000    0.0000    0.0000    0.0000    0.0000    0.0000    0.0000    0.0000    0.0000
       30 H6     2pz       -0.0044    0.0082    0.0087   -0.0106   -0.0153    0.0192    0.0191   -0.0165   -0.0298    0.0081
       31 H7     1s         0.2917    0.2765   -0.0419   -0.3427   -0.3104    0.3093    0.5294    0.1616   -0.5655   -0.7413
       32 H7     2s         0.0213    0.0373    0.0106   -0.0634   -0.0902    0.1037    0.2135    0.0720   -0.2496   -0.3231
       33 H7     2px       -0.0000    0.0000    0.0000    0.0000   -0.0000   -0.0000    0.0000    0.0000   -0.0000   -0.0000
       34 H7     2py       -0.0000    0.0000    0.0000   -0.0000   -0.0000   -0.0000    0.0000   -0.0000   -0.0000    0.0000
       35 H7     2pz        0.0012    0.0090    0.0113   -0.0031   -0.0168   -0.0221   -0.0033    0.0275    0.0244   -0.0058
       36 H8     1s         0.2580    0.3200    0.1174   -0.2245   -0.3791   -0.4506   -0.2588    0.2999    0.7258    0.6165
       37 H8     2s         0.0246    0.0290   -0.0004   -0.0618   -0.0987   -0.1599   -0.0963    0.1320    0.3205    0.2722
       38 H8     2px       -0.0000   -0.0000   -0.0000   -0.0000   -0.0000   -0.0000    0.0000    0.0000    0.0000   -0.0000
       39 H8     2py        0.0000    0.0000   -0.0000   -0.0000    0.0000   -0.0000    0.0000    0.0000    0.0000    0.0000
       40 H8     2pz       -0.0064   -0.0025    0.0090    0.0158    0.0109   -0.0127   -0.0259   -0.0237    0.0002    0.0196
       41 H9     1s         0.1638    0.2957    0.3611    0.3327    0.2013   -0.1423   -0.4107   -0.6439   -0.6782   -0.4429
       42 H9     2s         0.0099    0.0302    0.0609    0.0853    0.0707   -0.0409   -0.1613   -0.2808   -0.3043   -0.1952
       43 H9     2px       -0.0000    0.0000   -0.0000   -0.0000   -0.0000   -0.0000    0.0000    0.0000    0.0000   -0.0000
       44 H9     2py       -0.0000    0.0000    0.0000   -0.0000   -0.0000    0.0000    0.0000    0.0000   -0.0000    0.0000
       45 H9     2pz       -0.0015    0.0008    0.0078    0.0158    0.0164    0.0205    0.0222    0.0084   -0.0121   -0.0200
       46 H10    1s         0.1061    0.2077    0.2940    0.3422    0.2842    0.3677    0.5179    0.5201    0.4158    0.2317
       47 H10    2s         0.0087    0.0188    0.0319    0.0478    0.0505    0.1266    0.2081    0.2421    0.2203    0.1375
       48 H10    2px        0.0000   -0.0000    0.0000    0.0000   -0.0000    0.0000    0.0000   -0.0000    0.0000   -0.0000
       49 H10    2py        0.0000    0.0000    0.0000    0.0000    0.0000    0.0000    0.0000   -0.0000    0.0000    0.0000
       50 H10    2pz       -0.0071   -0.0124   -0.0146   -0.0132   -0.0082    0.0015    0.0095    0.0209    0.0294    0.0246
 
          Orbital           11        12        13    
          Energy            0.2974    0.3174    0.3551
          Occ. No.          0.0000    0.0000    0.0000
 
        1 H1     1s        -0.1095    0.1649   -0.1330
        2 H1     2s         0.1919   -0.3514    0.4734
        3 H1     2px        0.0000   -0.0000    0.0000
        4 H1     2py       -0.0000    0.0000   -0.0000
        5 H1     2pz       -0.0279    0.0429   -0.0436
        6 H2     1s        -0.1132    0.1344   -0.0700
        7 H2     2s         0.1651   -0.2456    0.1841
        8 H2     2px       -0.0000    0.0000   -0.0000
        9 H2     2py       -0.0000    0.0000   -0.0000
       10 H2     2pz        0.0035   -0.0199    0.0517
       11 H3     1s        -0.1674    0.1883   -0.0552
       12 H3     2s         0.2021   -0.2262    0.0264
       13 H3     2px       -0.0000    0.0000   -0.0000
       14 H3     2py        0.0000    0.0000   -0.0000
       15 H3     2pz       -0.0116   -0.0028    0.0256
       16 H4     1s        -0.1610    0.0717    0.1073
       17 H4     2s         0.2275   -0.1693   -0.1616
       18 H4     2px       -0.0000    0.0000   -0.0000
       19 H4     2py       -0.0000    0.0000   -0.0000
       20 H4     2pz        0.0005   -0.0226    0.0368
       21 H5     1s        -0.1787    0.0638    0.1333
       22 H5     2s         0.2359   -0.0496   -0.2978
       23 H5     2px       -0.0000    0.0000   -0.0000
       24 H5     2py        0.0000   -0.0000   -0.0000
       25 H5     2pz       -0.0046   -0.0221    0.0083
       26 H6     1s        -0.1787   -0.0638    0.1333
       27 H6     2s         0.2359    0.0496   -0.2978
       28 H6     2px        0.0000    0.0000   -0.0000
       29 H6     2py        0.0000   -0.0000   -0.0000
       30 H6     2pz        0.0046   -0.0221   -0.0083
       31 H7     1s        -0.1610   -0.0717    0.1073
       32 H7     2s         0.2275    0.1693   -0.1616
       33 H7     2px        0.0000   -0.0000    0.0000
       34 H7     2py        0.0000   -0.0000   -0.0000
       35 H7     2pz       -0.0005   -0.0226   -0.0368
       36 H8     1s        -0.1674   -0.1883   -0.0552
       37 H8     2s         0.2021    0.2262    0.0264
       38 H8     2px        0.0000    0.0000   -0.0000
       39 H8     2py        0.0000    0.0000   -0.0000
       40 H8     2pz        0.0116   -0.0028   -0.0256
       41 H9     1s        -0.1132   -0.1344   -0.0700
       42 H9     2s         0.1651    0.2456    0.1841
       43 H9     2px       -0.0000   -0.0000    0.0000
       44 H9     2py        0.0000    0.0000   -0.0000
       45 H9     2pz       -0.0035   -0.0199   -0.0517
       46 H10    1s        -0.1095   -0.1649   -0.1330
       47 H10    2s         0.1919    0.3514    0.4734
       48 H10    2px        0.0000    0.0000    0.0000
       49 H10    2py        0.0000   -0.0000    0.0000
       50 H10    2pz        0.0279    0.0429    0.0436
--
 
 
++    Molecular charges:
      ------------------
 
      Mulliken charges per centre and basis function type
      ---------------------------------------------------
 
                H1      H2      H3      H4      H5      H6      H7      H8      H9      H10   
      1s       0.8887  0.9935  0.9523  0.9616  0.9568  0.9568  0.9616  0.9523  0.9935  0.8887
      2s       0.0405  0.0483  0.0266  0.0318  0.0305  0.0305  0.0318  0.0266  0.0483  0.0405
      2px      0.0000  0.0000  0.0000  0.0000  0.0000  0.0000  0.0000  0.0000  0.0000  0.0000
      2pz      0.0112  0.0151  0.0144  0.0144  0.0145  0.0145  0.0144  0.0144  0.0151  0.0112
      2py      0.0000  0.0000  0.0000  0.0000  0.0000  0.0000  0.0000  0.0000  0.0000  0.0000
      Total    0.9403  1.0569  0.9932  1.0077  1.0019  1.0019  1.0077  0.9932  1.0569  0.9403
 
      N-E      0.0597 -0.0569  0.0068 -0.0077 -0.0019 -0.0019 -0.0077  0.0068 -0.0569  0.0597
 
      Total electronic charge=   10.000000
 
      Total            charge=   -0.000000
--
 
 
  Input file to MOLDEN was generated!
 
 
++    Static properties:
      ------------------
 
 
      LoProp Charges per center
 

                   H1       H2       H3       H4       H5       H6       H7       H8       H9       H10   
      Nuclear      1.0000   1.0000   1.0000   1.0000   1.0000   1.0000   1.0000   1.0000   1.0000   1.0000
      Electronic  -0.9727  -1.0214  -0.9964  -1.0076  -1.0020  -1.0020  -1.0076  -0.9964  -1.0214  -0.9727
 
      Total        0.0273  -0.0214   0.0036  -0.0076  -0.0020  -0.0020  -0.0076   0.0036  -0.0214   0.0273
--
 
 
++    Natural Bond Order analysis
      ---------------------------
      Based on LoProp computed density
      -------------------------------------------------------------------------------------
      Atom A       Atom B       Bond Order
      -------------------------------------------------------------------------------------
      NBO located      0.944 non-bonded electrons on atom H1        
      NBO located      1.009 non-bonded electrons on atom H3        
      NBO located      1.020 non-bonded electrons on atom H4        
      NBO located      1.014 non-bonded electrons on atom H5        
      NBO located      1.014 non-bonded electrons on atom H6        
      NBO located      1.020 non-bonded electrons on atom H7        
      NBO located      1.009 non-bonded electrons on atom H8        
      NBO located      0.944 non-bonded electrons on atom H10       
      The remaining    2.025 electrons are to be considered as diffuse
--
 
 
++    Molecular properties:
      ---------------------
 
      Charge (e):
                      =   -0.0000
      Dipole Moment (Debye):
      Origin of the operator (Ang)=    0.0000    0.0000    0.0000
                   X=  1.6064E-13               Y= -4.4624E-16               Z=  6.1186E-07           Total=  6.1186E-07
      Quadrupole Moment (Debye*Ang):
      Origin of the operator (Ang)=    0.0000    0.0000    8.0455
                  XX= -1.8957E+01              XY=  2.6487E-28              XZ= -1.2017E-12              YY= -1.8957E+01
                  YZ= -3.1317E-14              ZZ=  6.9959E-01
      In traceless form (Debye*Ang)
                  XX= -9.8282E+00              XY=  3.9731E-28              XZ= -1.8025E-12              YY= -9.8282E+00
                  YZ= -4.6975E-14              ZZ=  1.9656E+01
--
 
 
  Input file to MOLDEN was generated!
 
 ###############################################################################
 ###############################################################################
 ###                                                                         ###
 ###                                                                         ###
 ###    RunFile label nBas                                                   ###
 ###    was used       78 times                                              ###
 ###                                                                         ###
 ###                                                                         ###
 ###############################################################################
 ###############################################################################
forrtl: warning (528): IEEE_UNDERFLOW is signaling
--- Stop Module: scf at Sun Oct 26 15:52:57 2025 /rc=_RC_ALL_IS_WELL_ ---
*** files: H10_1.79.LprOrb H10_1.79.LoProp.molden H10_1.79.scf.molden H10_1.79.ScfOrb H10_1.79.scf.h5 xmldump
    saved to directory /home/grierjones/DDCASPT2/hydrogen_comps/rerun/H10_chain/H10_1.79

>>> COPY /tmp/H10_1.79/H10_1.79.scf.h5 /home/grierjones/DDCASPT2/hydrogen_comps/rerun/H10_chain/H10_1.79/

*** symbolic link created: INPORB -> H10_1.79.ScfOrb
--- Start Module: rasscf at Sun Oct 26 15:52:57 2025 ---
 
()()()()()()()()()()()()()()()()()()()()()()()()()()()()()()()()()()()()()()()()()()()()()()()()()()

                                              &RASSCF

                                   only a single process is used
                       available to each process: 2.0 GB of memory, 1 thread?
()()()()()()()()()()()()()()()()()()()()()()()()()()()()()()()()()()()()()()()()()()()()()()()()()()
 
 
      Header of the ONEINT file:
      --------------------------
      
      Integrals generated by seward 4.2.0  , Sun Oct 26 15:52:56 2025
 
 
      OrdInt status: non-squared
 
 
      Cartesian coordinates in Angstrom:
      -----------------------------------------------------
      No.  Label        X            Y            Z        
      -----------------------------------------------------
       1   H1         0.00000000   0.00000000   0.00000000
       2   H2         0.00000000   0.00000000   1.78787900
       3   H3         0.00000000   0.00000000   3.57575800
       4   H4         0.00000000   0.00000000   5.36363600
       5   H5         0.00000000   0.00000000   7.15151500
       6   H6         0.00000000   0.00000000   8.93939400
       7   H7         0.00000000   0.00000000  10.72727300
       8   H8         0.00000000   0.00000000  12.51515200
       9   H9         0.00000000   0.00000000  14.30303000
      10   H10        0.00000000   0.00000000  16.09090900
      -----------------------------------------------------
      Nuclear repulsion energy =    5.70936943
 
++    Wave function specifications:
      -----------------------------
 
      Number of closed shell electrons           0
      Number of electrons in active shells      10
      Max number of holes in RAS1 space          0
      Max nr of electrons in RAS3 space          0
      Number of inactive orbitals                0
      Number of active orbitals                 10
      Number of secondary orbitals              40
      Spin quantum number                      0.0
      State symmetry                             1
--
 
++    Orbital specifications:
      -----------------------
 
      Symmetry species                           1
                                                 a
      Frozen orbitals                            0
      Inactive orbitals                          0
      Active orbitals                           10
      RAS1 orbitals                              0
      RAS2 orbitals                             10
      RAS3 orbitals                              0
      Secondary orbitals                        40
      Deleted orbitals                           0
      Number of basis functions                 50
--
 
++    CI expansion specifications:
      ----------------------------
 
      Number of CSFs                         19404
      Number of determinants                 31878
      Number of root(s) required                 1
      Root chosen for geometry opt.              1
      CI root used                               1
         
      highest root included in the CI            1
      max. size of the explicit Hamiltonian    200
--
 
++    Optimization specifications:
      ----------------------------
 
      RASSCF algorithm: Conventional
      Maximum number of macro iterations       200
      Maximum number of SX iterations          100
      Threshold for RASSCF energy            0.100E-07
      Threshold for max MO rotation          0.100E+00
      Threshold for max BLB element          0.100E-03
      Level shift parameter                  0.500E+00
      Make Quasi-Newton update
--
 
      The MO-coefficients are taken from the file:
      /home/grierjones/DDCASPT2/hydrogen_comps/rerun/H10_chain/H10_0.60/H10_0.60.RasOrb                                               
      Title: RASSCF average (pseudo-natural) orbitals                                      
 
      Total molecular charge    0.00
 
      ************************************************************************************************************************
      *                                                                                                                      *
      *                                            Wave function control section                                             *
      *                                                                                                                      *
      ************************************************************************************************************************
 
 
                                         RASSCF iterations: Energy and convergence statistics
                                         ----------------------------------------------------
 
      Iter CI   SX   CI       RASSCF       Energy    max ROT     max BLB   max BLB  Level Ln srch  Step   QN   Walltime
          iter iter root      energy       change     param      element    value   shift minimum  type update hh:mm:ss
        No convergence in the CI section: MAXJT will be increased to 
 24
 Nr of preliminary CI iterations:  12
        No convergence in the CI section: MAXJT will be increased to 
 24
        1  12  100    1    -3.63200437    0.00E+00  -0.24E+00*   3  16 1  0.29E+00*  0.20   0.00    SX    NO    0:00:01
        2  24  100    1    -4.56386371   -0.93E+00* -0.24E+00*   3  16 1  0.31E+00*  0.03   0.00    SX    NO    0:00:01
 ###############################################################################
 ###############################################################################
 ###                                                                         ###
 ###                                                                         ###
 ###    Large orbital rotation.                                              ###
 ###                                                                         ###
 ###                                                                         ###
 ###############################################################################
 ###############################################################################
      Molecular orbital   8 of symmetry 1 MO space 2  weight is    0.496584
        3   5  100    1    -4.93676962   -0.37E+00*  0.44E+00*   3  16 1  0.11E+00*  0.00   0.00    SX    NO    0:00:00
        4   4  100    1    -4.99782436   -0.61E-01* -0.29E+00*   3  26 1 -0.40E-01*  0.00   0.00    SX    NO    0:00:00
 ###############################################################################
 ###############################################################################
 ###                                                                         ###
 ###                                                                         ###
 ###    Large orbital rotation.                                              ###
 ###                                                                         ###
 ###                                                                         ###
 ###############################################################################
 ###############################################################################
      Molecular orbital  10 of symmetry 1 MO space 2  weight is    0.289914
        5   7  100    1    -5.02027072   -0.22E-01* -0.53E+00*   8  17 1  0.14E-01*  0.00   0.00    SX    NO    0:00:00
 ###############################################################################
 ###############################################################################
 ###                                                                         ###
 ###                                                                         ###
 ###    Large orbital rotation.                                              ###
 ###                                                                         ###
 ###                                                                         ###
 ###############################################################################
 ###############################################################################
      Molecular orbital  10 of symmetry 1 MO space 2  weight is    0.312744
        6   4   93    1    -5.02018069    0.90E-04* -0.52E+00*   8  17 1 -0.14E-01*  0.00   0.00    SX    NO    0:00:00
 ###############################################################################
 ###############################################################################
 ###                                                                         ###
 ###                                                                         ###
 ###    Large orbital rotation.                                              ###
 ###                                                                         ###
 ###                                                                         ###
 ###############################################################################
 ###############################################################################
      Molecular orbital  10 of symmetry 1 MO space 2  weight is    0.394330
        7  14  100    1    -5.01909307    0.11E-02* -0.53E+00*  10  17 1  0.12E-01*  0.00   0.00    SX    NO    0:00:01
        8   5  100    1    -5.01594594    0.31E-02* -0.59E+00*   8  17 1 -0.12E-01*  0.00   0.00    SX    NO    0:00:00
        9   5  100    1    -5.01036884    0.56E-02* -0.61E+00*   8  17 1  0.96E-02*  0.00   0.00    SX    NO    0:00:00
       10   5  100    1    -5.01023058    0.14E-03* -0.64E+00*   8  17 1 -0.74E-02*  0.00   0.00    SX    NO    0:00:00
 ###############################################################################
 ###############################################################################
 ###                                                                         ###
 ###                                                                         ###
 ###    Large orbital rotation.                                              ###
 ###                                                                         ###
 ###                                                                         ###
 ###############################################################################
 ###############################################################################
      Molecular orbital  10 of symmetry 1 MO space 2  weight is    0.088634
       11   8  100    1    -5.00830187    0.19E-02*  0.59E+00*   9  17 1  0.47E-02*  0.00   0.00    SX    NO    0:00:00
       12  17  100    1    -5.09414695   -0.86E-01* -0.17E+00*  10  17 1  0.40E-01*  0.00   0.00    SX    NO    0:00:01
       13   6   25    1    -5.13451582   -0.40E-01* -0.27E-01    3  45 1  0.10E-01*  0.00   1.06    QN   YES    0:00:00
       14   8   17    1    -5.13636501   -0.18E-02*  0.84E-02   10  17 1 -0.42E-02*  0.00   0.96    QN   YES    0:00:00
       15   8   16    1    -5.13656761   -0.20E-03*  0.40E-02   10  17 1 -0.11E-02*  0.00   1.17    QN   YES    0:00:00
       16   9   13    1    -5.13659069   -0.23E-04* -0.50E-03   10  17 1  0.19E-03*  0.00   0.92    QN   YES    0:00:00
       17   8   11    1    -5.13659153   -0.84E-06* -0.13E-03    9  29 1  0.69E-04   0.00   1.02    QN   YES    0:00:00
       18   9    9    1    -5.13659164   -0.11E-06* -0.67E-04    9  29 1  0.22E-04   0.00   1.09    QN   YES    0:00:00
       19   7    8    1    -5.13659165   -0.13E-07*  0.97E-05    5  26 1  0.55E-05   0.00   0.96    QN   YES    0:00:00
       20   1    6    1    -5.13659165   -0.36E-09   0.20E-05    5  23 1  0.19E-05   0.00   0.86    QN   YES    0:00:00
      Convergence after 20 iterations
 
  Dmat in MO in SXCTL bf call to SXHAM                                                                                    
  mat. size =    10x   10
 
        1.6944500787878807
        0.0001725565623384      1.7305770732629682
       -0.1023490923788548      0.0002452820397890      1.5658242405442069
        0.0007874931695589      0.0424115606205852      0.0008963068007355      1.5327616659853152
       -0.0510059364818369      0.0001102104320642     -0.0618217958317457      0.0002051644019823      1.4573621424001306
       -0.1546020050546129      0.0002103687711606     -0.3098247071779296      0.0014254317223250      0.0569497099970945
        0.3736001075622741
        0.0015846146595373     -0.0612153046597701      0.0019881276227234      0.2098573281457675      0.0006750704005253
        0.0023075631547659      0.2780967462088936
        0.2415973647862454     -0.0005476194170547      0.1691895855509109     -0.0029282514054352      0.0320845413980373
       -0.0076794048008892     -0.0058904720157883      0.4671559288998670
        0.0039320881102664     -0.0640606368791954      0.0048055839799923      0.1467712971064532      0.0014920284833216
        0.0057822312373818     -0.0015007316212493     -0.0141357440783698      0.5729428734873779
        0.0035404823014610     -0.0093762762831334      0.0090971992249502     -0.0183603311358455      0.0097147949340920
       -0.0156254332406329     -0.0378627898572231     -0.0033363932495527     -0.0993045698425622      0.3272291428610791
       21   1    6    1    -5.13659165   -0.24E-10   0.20E-05    5  33 1 -0.16E-06   0.00   0.86    QN   YES    0:00:00
 
      ************************************************************************************************************************
                                                      Wave function printout:
                       occupation of active orbitals, and spin coupling of open shells (u,d: Spin up or down)
      ************************************************************************************************************************
 
      Note: transformation to natural orbitals
      has been made, which may change the order of the CSFs.
 
      printout of CI-coefficients larger than  0.05 for root  1
      energy=      -5.136592
      conf/sym  1111111111     Coeff  Weight
             1  2222200000  -0.59028 0.34843
            32  2222000200   0.05997 0.00360
            36  2222000020   0.24002 0.05761
            50  222ud00ud0   0.22535 0.05078
            62  22u2d00200   0.06599 0.00436
            70  22u2d000ud  -0.16502 0.02723
            76  2u22d0ud00   0.05821 0.00339
            78  2u22du00d0   0.13907 0.01934
            84  2u22d00u0d   0.06796 0.00462
            90  u222du0d00  -0.06943 0.00482
            94  u222d0u0d0  -0.15160 0.02298
           107  2220200200   0.12373 0.01531
           111  2220200020   0.06588 0.00434
           115  22202000ud  -0.06508 0.00424
           123  22ud2u00d0  -0.06758 0.00457
           125  22ud200ud0   0.05465 0.00299
           129  22ud200u0d  -0.13941 0.01944
           135  2u2d2u0d00   0.12395 0.01536
           139  2u2d20u0d0   0.07054 0.00498
           145  2u2d2000ud   0.05097 0.00260
           146  2u2d200002  -0.05091 0.00259
           151  u22d20ud00  -0.09648 0.00931
           153  u22d2u00d0  -0.06346 0.00403
           165  22022u0d00  -0.05145 0.00265
           176  2202200002   0.08617 0.00743
           187  2ud22u000d  -0.09555 0.00913
           189  2ud2200u0d   0.05177 0.00268
           203  u2d220u00d   0.08431 0.00711
           207  2022220000   0.06309 0.00398
           223  ud222ud000  -0.08032 0.00645
           239  0222202000   0.05984 0.00358
           257  222uu00dd0   0.06845 0.00469
           271  22u2u000dd   0.06225 0.00388
           275  2u22ud00d0   0.05710 0.00326
           286  u222u0d0d0  -0.06282 0.00395
          1971  2220000220  -0.09144 0.00836
          2041  22ud000u2d  -0.08503 0.00723
          2069  2u2d0u0d20  -0.07114 0.00506
          2120  u22d00ud20   0.05948 0.00354
          2201  2202000022  -0.05388 0.00290
          2239  2ud20u002d  -0.05467 0.00299
          2485  22u0d002ud  -0.06431 0.00414
          2687  2ududu0udd  -0.05026 0.00253
          3013  uu2dduudd0  -0.05018 0.00252
 
      Natural orbitals and occupation numbers for root  1
      sym 1:   1.771309   1.740801   1.683181   1.585320   1.431944   0.249676   0.215600   0.422548   0.585024   0.314596

 
      ************************************************************************************************************************
      *                                                                                                                      *
      *                                                    Final results                                                     *
      *                                                                                                                      *
      ************************************************************************************************************************
 
 
++    Wave function specifications:
      -----------------------------
 
      Number of closed shell electrons           0
      Number of electrons in active shells      10
      Max number of holes in RAS1 space          0
      Max nr of electrons in RAS3 space          0
      Number of inactive orbitals                0
      Number of active orbitals                 10
      Number of secondary orbitals              40
      Spin quantum number                      0.0
      State symmetry                             1
--
 
++    Orbital specifications:
      -----------------------
 
      Symmetry species                           1
                                                 a
      Frozen orbitals                            0
      Inactive orbitals                          0
      Active orbitals                           10
      RAS1 orbitals                              0
      RAS2 orbitals                             10
      RAS3 orbitals                              0
      Secondary orbitals                        40
      Deleted orbitals                           0
      Number of basis functions                 50
--
 
++    CI expansion specifications:
      ----------------------------
 
      Number of CSFs                         19404
      Number of determinants                 31878
      Number of root(s) required                 1
      CI root used                               1
      highest root included in the CI            1
      Root passed to geometry opt.               1
--
 
++    Final optimization conditions:
      ------------------------------
 
      Average CI energy                              -5.13659165
      RASSCF energy for state  1                     -5.13659165
      Super-CI energy                                -0.00000000
      RASSCF energy change                            0.00000000
      Max change in MO coefficients               0.198E-05
      Max non-diagonal density matrix element     0.205E-05
      Maximum BLB matrix element                 -0.159E-06
      (orbital pair   5,  33 in symmetry   1)
      Norm of electronic gradient            0.669E-06
--
 
 
      Final state energy(ies):
      ------------------------
 
::    RASSCF root number  1 Total energy:     -5.13659165
 
++    Molecular orbitals:
      -------------------
 
      Pseudonatural active orbitals and approximate occupation numbers
 
 
 
 
      Molecular orbitals for symmetry species 1: a  
 
 
      Orbital                1         2         3         4         5         6         7         8         9        10
      Energy            0.0000    0.0000    0.0000    0.0000    0.0000    0.0000    0.0000    0.0000    0.0000    0.0000
      Occ. No.          1.7713    1.7408    1.6832    1.5853    1.4319    0.2497    0.2156    0.4225    0.5850    0.3146
 
    1 H1     1s         0.1189    0.2315    0.3205   -0.3541    0.2814    0.3743    0.2068   -0.4690   -0.3349    0.4714
    2 H1     2s         0.0050    0.0111    0.0188   -0.0264    0.0257    0.0426    0.0252   -0.0466   -0.0334    0.0494
    3 H1     2px       -0.0000    0.0000   -0.0000    0.0000   -0.0000   -0.0000   -0.0000    0.0000    0.0000   -0.0000
    4 H1     2py        0.0000    0.0000    0.0000   -0.0000    0.0000    0.0000    0.0000   -0.0000   -0.0000    0.0000
    5 H1     2pz        0.0038    0.0064    0.0070   -0.0056    0.0031    0.0048    0.0031   -0.0037   -0.0021    0.0048
    6 H2     1s         0.1792    0.3152    0.3669   -0.3135    0.1750   -0.5669   -0.3601    0.3601    0.1256   -0.5523
    7 H2     2s         0.0053    0.0174    0.0363   -0.0516    0.0447   -0.1063   -0.0732    0.0388   -0.0038   -0.0882
    8 H2     2px        0.0000    0.0000    0.0000   -0.0000    0.0000   -0.0000   -0.0000    0.0000    0.0000   -0.0000
    9 H2     2py        0.0000    0.0000    0.0000   -0.0000    0.0000   -0.0000   -0.0000    0.0000    0.0000   -0.0000
   10 H2     2pz        0.0025    0.0017   -0.0033    0.0089   -0.0095    0.0016    0.0012    0.0046    0.0068   -0.0004
   11 H3     1s         0.2625    0.3207    0.1059    0.2369   -0.3905    0.5969    0.5067    0.2700    0.4446    0.2247
   12 H3     2s         0.0120    0.0136   -0.0043    0.0401   -0.0608    0.1178    0.1007    0.0311    0.0650    0.0522
   13 H3     2px       -0.0000   -0.0000   -0.0000   -0.0000    0.0000   -0.0000   -0.0000   -0.0000   -0.0000   -0.0000
   14 H3     2py       -0.0000   -0.0000   -0.0000   -0.0000    0.0000   -0.0000   -0.0000   -0.0000   -0.0000   -0.0000
   15 H3     2pz        0.0021   -0.0011   -0.0072    0.0091   -0.0048    0.0038    0.0029   -0.0038   -0.0027    0.0038
   16 H4     1s         0.3003    0.2668   -0.0723    0.3572   -0.3026   -0.4636   -0.5948   -0.5034   -0.3025    0.1613
   17 H4     2s         0.0107    0.0191    0.0043    0.0372   -0.0559   -0.0846   -0.1222   -0.0865   -0.0324    0.0402
   18 H4     2px        0.0000    0.0000   -0.0000    0.0000   -0.0000   -0.0000   -0.0000   -0.0000   -0.0000    0.0000
   19 H4     2py        0.0000    0.0000   -0.0000    0.0000   -0.0000   -0.0000   -0.0000   -0.0000   -0.0000    0.0000
   20 H4     2pz        0.0014   -0.0042   -0.0075   -0.0006    0.0095    0.0012    0.0029    0.0011   -0.0057   -0.0030
   21 H5     1s         0.3314    0.0652   -0.3307    0.1113    0.3890    0.1506    0.6467    0.2083   -0.4227   -0.5255
   22 H5     2s         0.0135   -0.0034   -0.0283    0.0002    0.0642    0.0360    0.1313    0.0487   -0.0559   -0.0923
   23 H5     2px        0.0000   -0.0000   -0.0000    0.0000    0.0000    0.0000    0.0000    0.0000    0.0000    0.0000
   24 H5     2py        0.0000   -0.0000   -0.0000    0.0000    0.0000    0.0000    0.0000    0.0000    0.0000    0.0000
   25 H5     2pz        0.0004   -0.0059   -0.0035   -0.0075    0.0081    0.0017    0.0030    0.0041    0.0045   -0.0010
   26 H6     1s         0.3314   -0.0652   -0.3307   -0.1113    0.3890    0.1506   -0.6467    0.2083    0.4227    0.5255
   27 H6     2s         0.0135    0.0034   -0.0283   -0.0002    0.0642    0.0360   -0.1313    0.0487    0.0559    0.0923
   28 H6     2px       -0.0000   -0.0000   -0.0000    0.0000   -0.0000   -0.0000    0.0000    0.0000    0.0000    0.0000
   29 H6     2py       -0.0000   -0.0000   -0.0000    0.0000   -0.0000   -0.0000    0.0000    0.0000    0.0000    0.0000
   30 H6     2pz       -0.0004   -0.0059    0.0035   -0.0075   -0.0081   -0.0017    0.0030   -0.0041    0.0045   -0.0010
   31 H7     1s         0.3003   -0.2668   -0.0723   -0.3572   -0.3026   -0.4636    0.5948   -0.5034    0.3025   -0.1613
   32 H7     2s         0.0107   -0.0191    0.0043   -0.0372   -0.0559   -0.0846    0.1222   -0.0865    0.0324   -0.0402
   33 H7     2px       -0.0000    0.0000   -0.0000    0.0000    0.0000    0.0000   -0.0000    0.0000   -0.0000    0.0000
   34 H7     2py       -0.0000    0.0000   -0.0000    0.0000    0.0000    0.0000   -0.0000    0.0000   -0.0000    0.0000
   35 H7     2pz       -0.0014   -0.0042    0.0075   -0.0006   -0.0095   -0.0012    0.0029   -0.0011   -0.0057   -0.0030
   36 H8     1s         0.2625   -0.3207    0.1059   -0.2369   -0.3905    0.5969   -0.5067    0.2700   -0.4446   -0.2247
   37 H8     2s         0.0120   -0.0136   -0.0043   -0.0401   -0.0608    0.1178   -0.1007    0.0311   -0.0650   -0.0522
   38 H8     2px        0.0000    0.0000    0.0000   -0.0000    0.0000   -0.0000    0.0000   -0.0000   -0.0000   -0.0000
   39 H8     2py        0.0000   -0.0000    0.0000   -0.0000   -0.0000    0.0000   -0.0000    0.0000   -0.0000   -0.0000
   40 H8     2pz       -0.0021   -0.0011    0.0072    0.0091    0.0048   -0.0038    0.0029    0.0038   -0.0027    0.0038
   41 H9     1s         0.1792   -0.3152    0.3669    0.3135    0.1751   -0.5669    0.3601    0.3601   -0.1256    0.5523
   42 H9     2s         0.0053   -0.0174    0.0363    0.0516    0.0447   -0.1063    0.0732    0.0388    0.0038    0.0882
   43 H9     2px        0.0000   -0.0000    0.0000    0.0000    0.0000   -0.0000    0.0000    0.0000   -0.0000    0.0000
   44 H9     2py       -0.0000    0.0000    0.0000   -0.0000    0.0000   -0.0000    0.0000    0.0000    0.0000   -0.0000
   45 H9     2pz       -0.0025    0.0017    0.0033    0.0089    0.0095   -0.0016    0.0012   -0.0046    0.0068   -0.0004
   46 H10    1s         0.1189   -0.2315    0.3205    0.3541    0.2814    0.3743   -0.2068   -0.4690    0.3350   -0.4714
   47 H10    2s         0.0050   -0.0111    0.0188    0.0264    0.0257    0.0426   -0.0252   -0.0466    0.0334   -0.0494
   48 H10    2px       -0.0000    0.0000   -0.0000   -0.0000   -0.0000   -0.0000    0.0000    0.0000   -0.0000    0.0000
   49 H10    2py        0.0000   -0.0000    0.0000    0.0000    0.0000    0.0000   -0.0000   -0.0000    0.0000   -0.0000
   50 H10    2pz       -0.0038    0.0064   -0.0070   -0.0056   -0.0031   -0.0048    0.0031    0.0037   -0.0021    0.0048
 
 
      Orbital               11        12        13        14        15        16        17        18        19        20
      Energy            0.3040    0.3234    0.3592    0.4186    0.5093    0.6316    0.7038    0.7038    0.7310    0.7310
      Occ. No.          0.0000    0.0000    0.0000    0.0000    0.0000    0.0000    0.0000    0.0000    0.0000    0.0000
 
    1 H1     1s        -0.0696    0.0853   -0.0250    0.0955    0.2380    0.3495   -0.0000   -0.0000    0.0000    0.0000
    2 H1     2s         0.2099   -0.3921    0.5242    0.6039    0.6377    0.6034    0.0000    0.0000    0.0000    0.0000
    3 H1     2px        0.0000   -0.0000    0.0000    0.0000    0.0000   -0.0000    0.0834    0.0616   -0.1994   -0.0443
    4 H1     2py       -0.0000    0.0000   -0.0000   -0.0000   -0.0000   -0.0000   -0.0616    0.0834    0.0443   -0.1994
    5 H1     2pz       -0.0276    0.0444   -0.0462   -0.0387   -0.0366   -0.0595    0.0000    0.0000    0.0000   -0.0000
    6 H2     1s        -0.1367    0.1946   -0.1595   -0.0975   -0.1098   -0.2414    0.0000    0.0000   -0.0000    0.0000
    7 H2     2s         0.1484   -0.2063    0.1226   -0.1045   -0.4423   -0.8008   -0.0000   -0.0000   -0.0000   -0.0000
    8 H2     2px        0.0000   -0.0000    0.0000    0.0000    0.0000   -0.0000    0.1588    0.1173   -0.3321   -0.0738
    9 H2     2py        0.0000   -0.0000    0.0000    0.0000    0.0000   -0.0000   -0.1173    0.1588    0.0738   -0.3321
   10 H2     2pz        0.0020   -0.0196    0.0505    0.0769    0.0800    0.0591   -0.0000   -0.0000   -0.0000    0.0000
   11 H3     1s        -0.1370    0.1185    0.0194    0.0988    0.0266   -0.0437   -0.0000   -0.0000   -0.0000   -0.0000
   12 H3     2s         0.2103   -0.2465    0.0514   -0.2693   -0.4751   -0.2894   -0.0000   -0.0000   -0.0000   -0.0000
   13 H3     2px        0.0000   -0.0000    0.0000   -0.0000   -0.0000   -0.0000    0.2241    0.1655   -0.3636   -0.0807
   14 H3     2py        0.0000   -0.0000    0.0000    0.0000   -0.0000   -0.0000   -0.1655    0.2241    0.0807   -0.3636
   15 H3     2pz       -0.0092   -0.0046    0.0277    0.0224   -0.0235   -0.0601    0.0000    0.0000   -0.0000   -0.0000
   16 H4     1s        -0.1551    0.1029    0.0587    0.0887    0.0171    0.1072    0.0000    0.0000    0.0000    0.0000
   17 H4     2s         0.2247   -0.1485   -0.1805   -0.3817   -0.0799    0.5720    0.0000    0.0000    0.0000    0.0000
   18 H4     2px       -0.0000    0.0000    0.0000   -0.0000   -0.0000   -0.0000    0.2706    0.1998   -0.2785   -0.0619
   19 H4     2py       -0.0000    0.0000    0.0000   -0.0000   -0.0000   -0.0000   -0.1998    0.2706    0.0619   -0.2785
   20 H4     2pz       -0.0020   -0.0201    0.0306   -0.0094   -0.0519   -0.0204   -0.0000   -0.0000    0.0000    0.0000
   21 H5     1s        -0.1630    0.0221    0.1295    0.0246   -0.0171    0.0951   -0.0000   -0.0000   -0.0000   -0.0000
   22 H5     2s         0.2372   -0.0631   -0.2872   -0.1775    0.4212    0.4754    0.0000    0.0000   -0.0000   -0.0000
   23 H5     2px       -0.0000    0.0000   -0.0000   -0.0000   -0.0000   -0.0000    0.2954    0.2182   -0.1036   -0.0230
   24 H5     2py       -0.0000    0.0000   -0.0000   -0.0000   -0.0000   -0.0000   -0.2182    0.2954    0.0230   -0.1036
   25 H5     2pz       -0.0024   -0.0216    0.0118   -0.0429   -0.0343    0.0346    0.0000    0.0000   -0.0000   -0.0000
   26 H6     1s        -0.1630   -0.0221    0.1295   -0.0246   -0.0171   -0.0951    0.0000    0.0000   -0.0000   -0.0000
   27 H6     2s         0.2372    0.0631   -0.2872    0.1775    0.4212   -0.4754   -0.0000   -0.0000   -0.0000   -0.0000
   28 H6     2px        0.0000    0.0000    0.0000   -0.0000    0.0000   -0.0000    0.2954    0.2182    0.1036    0.0230
   29 H6     2py        0.0000    0.0000    0.0000   -0.0000    0.0000   -0.0000   -0.2182    0.2954   -0.0230    0.1036
   30 H6     2pz        0.0024   -0.0216   -0.0118   -0.0429    0.0343    0.0346    0.0000    0.0000    0.0000    0.0000
   31 H7     1s        -0.1551   -0.1029    0.0587   -0.0887    0.0171   -0.1072   -0.0000   -0.0000    0.0000    0.0000
   32 H7     2s         0.2247    0.1485   -0.1805    0.3817   -0.0799   -0.5720   -0.0000   -0.0000    0.0000    0.0000
   33 H7     2px        0.0000    0.0000   -0.0000   -0.0000    0.0000   -0.0000    0.2706    0.1998    0.2785    0.0619
   34 H7     2py        0.0000    0.0000   -0.0000   -0.0000    0.0000   -0.0000   -0.1998    0.2706   -0.0619    0.2785
   35 H7     2pz        0.0020   -0.0201   -0.0306   -0.0094    0.0519   -0.0204   -0.0000   -0.0000   -0.0000   -0.0000
   36 H8     1s        -0.1370   -0.1185    0.0194   -0.0988    0.0266    0.0437    0.0000    0.0000    0.0000   -0.0000
   37 H8     2s         0.2103    0.2465    0.0514    0.2693   -0.4751    0.2894    0.0000    0.0000    0.0000   -0.0000
   38 H8     2px        0.0000    0.0000    0.0000   -0.0000    0.0000   -0.0000    0.2241    0.1655    0.3636    0.0807
   39 H8     2py       -0.0000   -0.0000   -0.0000   -0.0000    0.0000   -0.0000   -0.1655    0.2241   -0.0807    0.3636
   40 H8     2pz        0.0092   -0.0046   -0.0277    0.0224    0.0235   -0.0601    0.0000    0.0000    0.0000    0.0000
   41 H9     1s        -0.1367   -0.1946   -0.1595    0.0975   -0.1098    0.2414   -0.0000   -0.0000   -0.0000   -0.0000
   42 H9     2s         0.1484    0.2063    0.1226    0.1045   -0.4423    0.8008    0.0000    0.0000   -0.0000   -0.0000
   43 H9     2px        0.0000    0.0000    0.0000   -0.0000    0.0000   -0.0000    0.1588    0.1173    0.3321    0.0738
   44 H9     2py       -0.0000   -0.0000   -0.0000    0.0000   -0.0000   -0.0000   -0.1173    0.1588   -0.0738    0.3321
   45 H9     2pz       -0.0020   -0.0196   -0.0505    0.0769   -0.0800    0.0591   -0.0000   -0.0000   -0.0000   -0.0000
   46 H10    1s        -0.0696   -0.0853   -0.0250   -0.0955    0.2380   -0.3495    0.0000    0.0000    0.0000    0.0000
   47 H10    2s         0.2099    0.3921    0.5242   -0.6039    0.6377   -0.6034   -0.0000   -0.0000    0.0000    0.0000
   48 H10    2px        0.0000    0.0000    0.0000   -0.0000    0.0000   -0.0000    0.0834    0.0616    0.1994    0.0443
   49 H10    2py       -0.0000   -0.0000   -0.0000    0.0000   -0.0000    0.0000   -0.0616    0.0834   -0.0443    0.1994
   50 H10    2pz        0.0276    0.0444    0.0462   -0.0387    0.0366   -0.0595    0.0000    0.0000    0.0000    0.0000
 
 
      Orbital               21        22        23        24        25        26        27        28        29        30
      Energy            0.7496    0.7753    0.7753    0.7755    0.7972    0.8361    0.8361    0.8521    0.8623    0.9115
      Occ. No.          0.0000    0.0000    0.0000    0.0000    0.0000    0.0000    0.0000    0.0000    0.0000    0.0000
 
    1 H1     1s        -0.0786   -0.0000   -0.0000   -0.3786    0.0716    0.0000    0.0000   -0.1227   -0.2803    0.0000
    2 H1     2s         0.0312   -0.0000   -0.0000   -0.4851   -0.1282    0.0000    0.0000    0.0601   -0.2256    0.0000
    3 H1     2px        0.0000   -0.2890   -0.0614    0.0000   -0.0000   -0.0386   -0.3671    0.0000    0.0000    0.0239
    4 H1     2py       -0.0000   -0.0614    0.2890    0.0000   -0.0000   -0.3671    0.0386   -0.0000    0.0000    0.4146
    5 H1     2pz        0.1558    0.0000    0.0000    0.1171   -0.2588   -0.0000   -0.0000    0.2949    0.2336   -0.0000
    6 H2     1s         0.0388    0.0000    0.0000    0.4200   -0.0197   -0.0000   -0.0000    0.1136    0.3702    0.0000
    7 H2     2s         0.0241    0.0000    0.0000    1.0514    0.0476   -0.0000   -0.0000    0.2074    0.8157   -0.0000
    8 H2     2px        0.0000   -0.3738   -0.0794    0.0000   -0.0000   -0.0315   -0.3001    0.0000    0.0000    0.0066
    9 H2     2py       -0.0000   -0.0794    0.3738    0.0000   -0.0000   -0.3001    0.0315   -0.0000    0.0000    0.1146
   10 H2     2pz       -0.2068   -0.0000   -0.0000   -0.0213    0.3166    0.0000    0.0000   -0.2750   -0.1101    0.0000
   11 H3     1s         0.0016   -0.0000   -0.0000   -0.1354    0.0604    0.0000    0.0000   -0.2129   -0.3413   -0.0000
   12 H3     2s         0.0362   -0.0000   -0.0000   -0.3977    0.1539    0.0000    0.0000   -0.5727   -0.8724    0.0000
   13 H3     2px       -0.0000   -0.2047   -0.0435    0.0000   -0.0000    0.0121    0.1148    0.0000   -0.0000   -0.0220
   14 H3     2py       -0.0000   -0.0435    0.2047    0.0000   -0.0000    0.1148   -0.0121    0.0000   -0.0000   -0.3820
   15 H3     2pz        0.2656   -0.0000   -0.0000   -0.0291   -0.3149   -0.0000   -0.0000    0.1302   -0.0621   -0.0000
   16 H4     1s        -0.0462   -0.0000   -0.0000   -0.2314   -0.0887   -0.0000   -0.0000    0.2302    0.0339    0.0000
   17 H4     2s        -0.1620   -0.0000   -0.0000   -0.7279   -0.2853   -0.0000   -0.0000    0.6472    0.0688    0.0000
   18 H4     2px       -0.0000    0.1045    0.0222   -0.0000    0.0000    0.0414    0.3936    0.0000   -0.0000   -0.0130
   19 H4     2py       -0.0000    0.0222   -0.1045   -0.0000    0.0000    0.3936   -0.0414    0.0000   -0.0000   -0.2259
   20 H4     2pz       -0.3081    0.0000    0.0000    0.0495    0.2295   -0.0000   -0.0000    0.0909    0.1564   -0.0000
   21 H5     1s         0.0288    0.0000    0.0000    0.1774    0.0923    0.0000    0.0000   -0.0979    0.3016   -0.0000
   22 H5     2s         0.1045    0.0000    0.0000    0.5659    0.3069    0.0000    0.0000   -0.2869    0.7933   -0.0000
   23 H5     2px       -0.0000    0.3431    0.0729   -0.0000    0.0000    0.0225    0.2139    0.0000   -0.0000    0.0183
   24 H5     2py       -0.0000    0.0729   -0.3431   -0.0000    0.0000    0.2139   -0.0225    0.0000   -0.0000    0.3173
   25 H5     2pz        0.3291   -0.0000   -0.0000   -0.0549   -0.0840    0.0000    0.0000   -0.2523   -0.0819    0.0000
   26 H6     1s         0.0288    0.0000    0.0000    0.1774   -0.0923    0.0000    0.0000   -0.0979   -0.3016    0.0000
   27 H6     2s         0.1045    0.0000    0.0000    0.5659   -0.3069    0.0000    0.0000   -0.2869   -0.7933    0.0000
   28 H6     2px       -0.0000    0.3431    0.0729   -0.0000    0.0000   -0.0225   -0.2139   -0.0000   -0.0000    0.0183
   29 H6     2py        0.0000    0.0729   -0.3431   -0.0000    0.0000   -0.2139    0.0225   -0.0000   -0.0000    0.3173
   30 H6     2pz       -0.3291    0.0000    0.0000    0.0549   -0.0840   -0.0000   -0.0000    0.2523   -0.0819   -0.0000
   31 H7     1s        -0.0462   -0.0000   -0.0000   -0.2314    0.0887   -0.0000   -0.0000    0.2302   -0.0339   -0.0000
   32 H7     2s        -0.1620   -0.0000   -0.0000   -0.7279    0.2853   -0.0000   -0.0000    0.6472   -0.0688   -0.0000
   33 H7     2px        0.0000    0.1045    0.0222   -0.0000    0.0000   -0.0414   -0.3936   -0.0000   -0.0000   -0.0130
   34 H7     2py        0.0000    0.0222   -0.1045   -0.0000    0.0000   -0.3936    0.0414   -0.0000   -0.0000   -0.2259
   35 H7     2pz        0.3081   -0.0000   -0.0000   -0.0495    0.2295    0.0000    0.0000   -0.0909    0.1564    0.0000
   36 H8     1s         0.0016   -0.0000   -0.0000   -0.1354   -0.0604    0.0000    0.0000   -0.2129    0.3413    0.0000
   37 H8     2s         0.0362   -0.0000   -0.0000   -0.3977   -0.1539    0.0000    0.0000   -0.5727    0.8724   -0.0000
   38 H8     2px        0.0000   -0.2047   -0.0435    0.0000   -0.0000   -0.0121   -0.1148   -0.0000   -0.0000   -0.0220
   39 H8     2py        0.0000   -0.0435    0.2047    0.0000   -0.0000   -0.1148    0.0121   -0.0000   -0.0000   -0.3820
   40 H8     2pz       -0.2656    0.0000    0.0000    0.0291   -0.3149    0.0000    0.0000   -0.1302   -0.0621   -0.0000
   41 H9     1s         0.0388    0.0000    0.0000    0.4200    0.0197   -0.0000   -0.0000    0.1136   -0.3702   -0.0000
   42 H9     2s         0.0241    0.0000    0.0000    1.0514   -0.0476   -0.0000   -0.0000    0.2074   -0.8157    0.0000
   43 H9     2px        0.0000   -0.3738   -0.0794    0.0000   -0.0000    0.0315    0.3001    0.0000    0.0000    0.0066
   44 H9     2py        0.0000   -0.0794    0.3738    0.0000   -0.0000    0.3001   -0.0315    0.0000    0.0000    0.1146
   45 H9     2pz        0.2068    0.0000    0.0000    0.0213    0.3166   -0.0000   -0.0000    0.2750   -0.1101    0.0000
   46 H10    1s        -0.0786   -0.0000   -0.0000   -0.3786   -0.0716    0.0000    0.0000   -0.1227    0.2803   -0.0000
   47 H10    2s         0.0312   -0.0000   -0.0000   -0.4851    0.1282    0.0000   -0.0000    0.0601    0.2256   -0.0000
   48 H10    2px        0.0000   -0.2890   -0.0614    0.0000   -0.0000    0.0386    0.3671    0.0000    0.0000    0.0239
   49 H10    2py        0.0000   -0.0614    0.2890    0.0000   -0.0000    0.3671   -0.0386    0.0000    0.0000    0.4146
   50 H10    2pz       -0.1558   -0.0000   -0.0000   -0.1171   -0.2588    0.0000    0.0000   -0.2949    0.2336   -0.0000
 
 
      Orbital               31        32        33        34        35        36        37        38        39        40
      Energy            0.9115    1.0004    1.0004    1.0944    1.0944    1.1863    1.1863    1.2648    1.2648    1.3179
      Occ. No.          0.0000    0.0000    0.0000    0.0000    0.0000    0.0000    0.0000    0.0000    0.0000    0.0000
 
    1 H1     1s         0.0000    0.0000    0.0000   -0.0000    0.0000   -0.0000   -0.0000   -0.0000   -0.0000    0.0000
    2 H1     2s         0.0000   -0.0000   -0.0000   -0.0000    0.0000   -0.0000   -0.0000   -0.0000   -0.0000   -0.0000
    3 H1     2px        0.4146    0.0023   -0.4322   -0.1365    0.3929   -0.3453   -0.1002    0.2494    0.0920   -0.1370
    4 H1     2py       -0.0239   -0.4322   -0.0023    0.3929    0.1365    0.1002   -0.3453   -0.0920    0.2494    0.0363
    5 H1     2pz       -0.0000    0.0000    0.0000   -0.0000    0.0000   -0.0000   -0.0000   -0.0000   -0.0000   -0.0000
    6 H2     1s         0.0000   -0.0000   -0.0000    0.0000   -0.0000    0.0000    0.0000    0.0000    0.0000   -0.0000
    7 H2     2s        -0.0000   -0.0000   -0.0000    0.0000   -0.0000    0.0000    0.0000    0.0000    0.0000    0.0000
    8 H2     2px        0.1146   -0.0007    0.1298    0.1158   -0.3333    0.4595    0.1334   -0.4258   -0.1571    0.2666
    9 H2     2py       -0.0066    0.1298    0.0007   -0.3333   -0.1158   -0.1334    0.4595    0.1571   -0.4258   -0.0705
   10 H2     2pz        0.0000   -0.0000   -0.0000    0.0000   -0.0000    0.0000    0.0000    0.0000    0.0000   -0.0000
   11 H3     1s        -0.0000    0.0000    0.0000   -0.0000    0.0000   -0.0000   -0.0000   -0.0000   -0.0000    0.0000
   12 H3     2s         0.0000    0.0000    0.0000   -0.0000    0.0000   -0.0000   -0.0000   -0.0000   -0.0000    0.0000
   13 H3     2px       -0.3820   -0.0022    0.3993    0.0422   -0.1216   -0.2514   -0.0730    0.4639    0.1711   -0.3730
   14 H3     2py        0.0220    0.3993    0.0022   -0.1216   -0.0422    0.0730   -0.2514   -0.1711    0.4639    0.0987
   15 H3     2pz       -0.0000    0.0000    0.0000   -0.0000    0.0000   -0.0000   -0.0000   -0.0000   -0.0000    0.0000
   16 H4     1s         0.0000   -0.0000   -0.0000    0.0000   -0.0000    0.0000    0.0000    0.0000    0.0000   -0.0000
   17 H4     2s         0.0000   -0.0000   -0.0000    0.0000   -0.0000    0.0000    0.0000    0.0000    0.0000   -0.0000
   18 H4     2px       -0.2259    0.0013   -0.2410   -0.1501    0.4319   -0.1295   -0.0376   -0.3547   -0.1309    0.4488
   19 H4     2py        0.0130   -0.2410   -0.0013    0.4319    0.1501    0.0376   -0.1295    0.1309   -0.3547   -0.1188
   20 H4     2pz       -0.0000    0.0000    0.0000    0.0000   -0.0000   -0.0000   -0.0000    0.0000    0.0000   -0.0000
   21 H5     1s        -0.0000    0.0000    0.0000   -0.0000    0.0000   -0.0000   -0.0000   -0.0000   -0.0000    0.0000
   22 H5     2s        -0.0000    0.0000    0.0000   -0.0000    0.0000   -0.0000   -0.0000   -0.0000   -0.0000    0.0000
   23 H5     2px        0.3173    0.0018   -0.3337    0.0818   -0.2355    0.4220    0.1225    0.1319    0.0487   -0.4881
   24 H5     2py       -0.0183   -0.3337   -0.0018   -0.2355   -0.0818   -0.1225    0.4220   -0.0487    0.1319    0.1291
   25 H5     2pz        0.0000   -0.0000   -0.0000    0.0000   -0.0000    0.0000    0.0000    0.0000    0.0000   -0.0000
   26 H6     1s         0.0000    0.0000   -0.0000    0.0000   -0.0000    0.0000    0.0000    0.0000    0.0000   -0.0000
   27 H6     2s         0.0000   -0.0000   -0.0000    0.0000   -0.0000    0.0000    0.0000    0.0000    0.0000   -0.0000
   28 H6     2px        0.3173   -0.0018    0.3337    0.0818   -0.2355   -0.4220   -0.1225    0.1319    0.0487    0.4881
   29 H6     2py       -0.0183    0.3337    0.0018   -0.2355   -0.0818    0.1225   -0.4220   -0.0487    0.1319   -0.1291
   30 H6     2pz       -0.0000    0.0000    0.0000   -0.0000    0.0000   -0.0000   -0.0000   -0.0000   -0.0000    0.0000
   31 H7     1s        -0.0000   -0.0000   -0.0000   -0.0000    0.0000    0.0000    0.0000   -0.0000   -0.0000   -0.0000
   32 H7     2s        -0.0000    0.0000   -0.0000   -0.0000    0.0000    0.0000    0.0000   -0.0000   -0.0000   -0.0000
   33 H7     2px       -0.2259   -0.0013    0.2410   -0.1501    0.4319    0.1295    0.0376   -0.3547   -0.1309   -0.4488
   34 H7     2py        0.0130    0.2410    0.0013    0.4319    0.1501   -0.0376    0.1295    0.1309   -0.3547    0.1188
   35 H7     2pz       -0.0000   -0.0000   -0.0000    0.0000   -0.0000    0.0000    0.0000    0.0000    0.0000   -0.0000
   36 H8     1s         0.0000    0.0000    0.0000    0.0000   -0.0000   -0.0000   -0.0000    0.0000    0.0000    0.0000
   37 H8     2s        -0.0000    0.0000    0.0000    0.0000   -0.0000   -0.0000   -0.0000    0.0000    0.0000    0.0000
   38 H8     2px       -0.3820    0.0022   -0.3993    0.0422   -0.1216    0.2514    0.0730    0.4639    0.1711    0.3730
   39 H8     2py        0.0220   -0.3993   -0.0022   -0.1216   -0.0422   -0.0730    0.2514   -0.1711    0.4639   -0.0987
   40 H8     2pz       -0.0000   -0.0000    0.0000   -0.0000    0.0000    0.0000   -0.0000   -0.0000   -0.0000    0.0000
   41 H9     1s        -0.0000   -0.0000   -0.0000   -0.0000    0.0000    0.0000    0.0000   -0.0000   -0.0000   -0.0000
   42 H9     2s         0.0000   -0.0000    0.0000   -0.0000    0.0000    0.0000    0.0000   -0.0000   -0.0000   -0.0000
   43 H9     2px        0.1146    0.0007   -0.1298    0.1158   -0.3333   -0.4595   -0.1334   -0.4258   -0.1571   -0.2666
   44 H9     2py       -0.0066   -0.1298   -0.0007   -0.3333   -0.1158    0.1334   -0.4595    0.1571   -0.4258    0.0705
   45 H9     2pz        0.0000    0.0000    0.0000    0.0000   -0.0000   -0.0000   -0.0000    0.0000    0.0000    0.0000
   46 H10    1s        -0.0000    0.0000    0.0000    0.0000   -0.0000   -0.0000   -0.0000    0.0000    0.0000    0.0000
   47 H10    2s        -0.0000    0.0000   -0.0000    0.0000   -0.0000   -0.0000   -0.0000    0.0000    0.0000    0.0000
   48 H10    2px        0.4146   -0.0023    0.4322   -0.1365    0.3929    0.3453    0.1002    0.2494    0.0920    0.1370
   49 H10    2py       -0.0239    0.4322    0.0023    0.3929    0.1365   -0.1002    0.3453   -0.0920    0.2494   -0.0363
   50 H10    2pz       -0.0000   -0.0000   -0.0000   -0.0000    0.0000    0.0000    0.0000   -0.0000   -0.0000   -0.0000
 
 
      Orbital               41        42        43        44        45        46        47        48        49        50
      Energy            1.3179    1.3222    1.3605    1.3901    1.4729    1.4962    1.6628    1.8514    2.0340    2.1717
      Occ. No.          0.0000    0.0000    0.0000    0.0000    0.0000    0.0000    0.0000    0.0000    0.0000    0.0000
 
    1 H1     1s         0.0000    0.3606    0.1386    0.4547    0.1200   -0.3648    0.2955    0.2636   -0.2056    0.1144
    2 H1     2s         0.0000    0.5069    0.1987    0.5992    0.1584   -0.4197    0.2547    0.1720   -0.1075    0.0522
    3 H1     2px       -0.0363   -0.0000   -0.0000    0.0000    0.0000   -0.0000    0.0000    0.0000   -0.0000    0.0000
    4 H1     2py       -0.1370    0.0000   -0.0000    0.0000    0.0000   -0.0000   -0.0000   -0.0000    0.0000   -0.0000
    5 H1     2pz       -0.0000    0.3527    0.3209    0.4117   -0.0277   -0.5274    0.4847    0.4149   -0.3074    0.1649
    6 H2     1s        -0.0000   -0.8939   -0.1724   -1.1777   -0.5017    0.6640   -0.2680   -0.0688   -0.0497    0.0634
    7 H2     2s        -0.0000   -1.1383   -0.0611   -1.4672   -0.7112    0.6443   -0.2054   -0.0928    0.0423   -0.0173
    8 H2     2px        0.0705    0.0000    0.0000   -0.0000   -0.0000    0.0000   -0.0000   -0.0000   -0.0000    0.0000
    9 H2     2py        0.2666   -0.0000    0.0000   -0.0000   -0.0000    0.0000    0.0000    0.0000   -0.0000    0.0000
   10 H2     2pz       -0.0000   -0.2182    0.1135   -0.2366   -0.2464   -0.2103    0.5257    0.6608   -0.6127    0.3707
   11 H3     1s         0.0000    0.7873   -0.4651    1.3308    1.1538   -0.1976   -0.2529   -0.1644   -0.0057    0.0752
   12 H3     2s         0.0000    0.9785   -0.6686    1.7306    1.4645   -0.3850   -0.0492   -0.0032   -0.0264    0.0235
   13 H3     2px       -0.0987   -0.0000   -0.0000    0.0000    0.0000   -0.0000    0.0000    0.0000   -0.0000    0.0000
   14 H3     2py       -0.3730    0.0000   -0.0000    0.0000    0.0000   -0.0000    0.0000    0.0000   -0.0000    0.0000
   15 H3     2pz        0.0000   -0.2321   -0.5016   -0.1763    0.2626    0.4388   -0.1129    0.3938   -0.6905    0.5349
   16 H4     1s        -0.0000    0.0630    1.0033   -0.8619   -1.5404    0.1397   -0.1009   -0.2694    0.1216    0.0398
   17 H4     2s        -0.0000    0.0991    1.1855   -1.2238   -1.9652    0.3810   -0.0664   -0.0895    0.0319    0.0005
   18 H4     2px        0.1188    0.0000    0.0000   -0.0000   -0.0000    0.0000   -0.0000   -0.0000   -0.0000    0.0000
   19 H4     2py        0.4488   -0.0000    0.0000   -0.0000   -0.0000    0.0000   -0.0000   -0.0000   -0.0000    0.0000
   20 H4     2pz       -0.0000    0.4975    0.1432    0.2702    0.0292    0.3296   -0.5829   -0.1456   -0.5462    0.6604
   21 H5     1s         0.0000   -0.9063   -0.5405    0.2635    1.5532   -0.7195    0.2763   -0.0964    0.1742    0.0139
   22 H5     2s         0.0000   -1.1474   -0.6126    0.4133    2.0953   -0.7747    0.1203   -0.0152    0.0293    0.0047
   23 H5     2px       -0.1291   -0.0000   -0.0000    0.0000    0.0000   -0.0000    0.0000   -0.0000    0.0000   -0.0000
   24 H5     2py       -0.4881    0.0000   -0.0000    0.0000    0.0000   -0.0000    0.0000   -0.0000    0.0000   -0.0000
   25 H5     2pz       -0.0000   -0.2555    0.5209   -0.0934   -0.0966   -0.3984   -0.3412   -0.5876   -0.2039    0.7233
   26 H6     1s        -0.0000    0.9063   -0.5405    0.2635   -1.5532    0.7195    0.2763    0.0964    0.1742   -0.0139
   27 H6     2s        -0.0000    1.1474   -0.6127    0.4133   -2.0953    0.7747    0.1203    0.0152    0.0293   -0.0047
   28 H6     2px        0.1291    0.0000    0.0000   -0.0000    0.0000   -0.0000    0.0000   -0.0000   -0.0000   -0.0000
   29 H6     2py        0.4881   -0.0000    0.0000   -0.0000    0.0000   -0.0000    0.0000   -0.0000   -0.0000   -0.0000
   30 H6     2pz        0.0000   -0.2555   -0.5209    0.0934   -0.0966   -0.3984    0.3412   -0.5876    0.2039    0.7233
   31 H7     1s        -0.0000   -0.0630    1.0033   -0.8619    1.5404   -0.1397   -0.1010    0.2694    0.1216   -0.0398
   32 H7     2s        -0.0000   -0.0991    1.1855   -1.2238    1.9652   -0.3810   -0.0664    0.0895    0.0319   -0.0005
   33 H7     2px       -0.1188   -0.0000   -0.0000    0.0000   -0.0000    0.0000    0.0000   -0.0000    0.0000    0.0000
   34 H7     2py       -0.4488    0.0000   -0.0000    0.0000   -0.0000    0.0000    0.0000   -0.0000    0.0000    0.0000
   35 H7     2pz       -0.0000    0.4975   -0.1432   -0.2702    0.0292    0.3296    0.5829   -0.1456    0.5462    0.6604
   36 H8     1s         0.0000   -0.7873   -0.4651    1.3308   -1.1538    0.1976   -0.2529    0.1644   -0.0057   -0.0752
   37 H8     2s         0.0000   -0.9785   -0.6686    1.7306   -1.4645    0.3850   -0.0492    0.0032   -0.0264   -0.0235
   38 H8     2px        0.0987    0.0000    0.0000   -0.0000    0.0000   -0.0000   -0.0000    0.0000    0.0000   -0.0000
   39 H8     2py        0.3730   -0.0000    0.0000   -0.0000   -0.0000    0.0000    0.0000    0.0000    0.0000    0.0000
   40 H8     2pz       -0.0000   -0.2321    0.5016    0.1763    0.2626    0.4388    0.1129    0.3938    0.6905    0.5349
   41 H9     1s        -0.0000    0.8939   -0.1724   -1.1777    0.5017   -0.6640   -0.2680    0.0688   -0.0497   -0.0634
   42 H9     2s        -0.0000    1.1383   -0.0611   -1.4672    0.7112   -0.6443   -0.2054    0.0928    0.0423    0.0173
   43 H9     2px       -0.0705   -0.0000   -0.0000    0.0000   -0.0000    0.0000    0.0000   -0.0000   -0.0000   -0.0000
   44 H9     2py       -0.2666    0.0000   -0.0000    0.0000    0.0000   -0.0000    0.0000   -0.0000   -0.0000   -0.0000
   45 H9     2pz        0.0000   -0.2182   -0.1135    0.2366   -0.2464   -0.2103   -0.5257    0.6608    0.6127    0.3707
   46 H10    1s         0.0000   -0.3606    0.1386    0.4547   -0.1200    0.3648    0.2955   -0.2636   -0.2056   -0.1144
   47 H10    2s         0.0000   -0.5069    0.1987    0.5992   -0.1584    0.4197    0.2547   -0.1720   -0.1075   -0.0522
   48 H10    2px        0.0363    0.0000    0.0000   -0.0000    0.0000   -0.0000    0.0000   -0.0000   -0.0000   -0.0000
   49 H10    2py        0.1370   -0.0000    0.0000    0.0000   -0.0000    0.0000   -0.0000    0.0000    0.0000    0.0000
   50 H10    2pz       -0.0000    0.3527   -0.3209   -0.4117   -0.0277   -0.5274   -0.4847    0.4149    0.3074    0.1649
--
 
      Von Neumann Entropy (Root  1) =  3.28319
 

      Mulliken population analysis for root number:  1
      -----------------------------------------------
 
 
++    Molecular charges:
      ------------------
 
      Mulliken charges per centre and basis function type
      ---------------------------------------------------
 
                H1      H2      H3      H4      H5      H6      H7      H8      H9      H10   
      1s       0.9728  1.0064  1.0013  0.9998  1.0002  1.0002  0.9998  1.0013  1.0064  0.9728
      2s       0.0076  0.0023 -0.0095 -0.0064 -0.0074 -0.0074 -0.0064 -0.0095  0.0023  0.0076
      2px      0.0000  0.0000  0.0000  0.0000  0.0000  0.0000  0.0000  0.0000  0.0000  0.0000
      2pz      0.0034  0.0079  0.0071  0.0072  0.0072  0.0072  0.0072  0.0071  0.0079  0.0034
      2py      0.0000  0.0000  0.0000  0.0000  0.0000  0.0000  0.0000  0.0000  0.0000  0.0000
      Total    0.9838  1.0167  0.9989  1.0006  1.0000  1.0000  1.0006  0.9989  1.0167  0.9838
 
      N-E      0.0162 -0.0167  0.0011 -0.0006  0.0000  0.0000 -0.0006  0.0011 -0.0167  0.0162
 
      Total electronic charge=   10.000000
 
      Total            charge=   -0.000000
--
 
 

      Expectation values of various properties for root number:  1
      -----------------------------------------------------------
 
 
++    Molecular properties:
      ---------------------
 
      Charge (e):
                      =   -0.0000
      Dipole Moment (Debye):
      Origin of the operator (Ang)=    0.0000    0.0000    0.0000
                   X=  8.5914E-10               Y= -6.3661E-09               Z= -1.6653E-05           Total=  1.6653E-05
      Quadrupole Moment (Debye*Ang):
      Origin of the operator (Ang)=    0.0000    0.0000    8.0455
                  XX= -1.5146E+01              XY= -3.7496E-16              XZ=  3.1476E-07              YY= -1.5146E+01
                  YZ=  6.0347E-09              ZZ= -9.9635E+00
      In traceless form (Debye*Ang)
                  XX= -2.5913E+00              XY= -5.6243E-16              XZ=  4.7214E-07              YY= -2.5913E+00
                  YZ=  9.0521E-09              ZZ=  5.1825E+00
--
 

      LoProp population analysis for root number:  1
      -----------------------------------------------
 
 
++    LoProp analysis:
      ----------------
 
 
 
  Input file to MOLDEN was generated!
 
 
++    Static properties:
      ------------------
 
 
      LoProp Charges per center
 

                   H1       H2       H3       H4       H5       H6       H7       H8       H9       H10   
      Nuclear      1.0000   1.0000   1.0000   1.0000   1.0000   1.0000   1.0000   1.0000   1.0000   1.0000
      Electronic  -0.9993  -1.0006  -0.9996  -1.0005  -1.0000  -1.0000  -1.0005  -0.9996  -1.0006  -0.9993
 
      Total        0.0007  -0.0006   0.0004  -0.0005  -0.0000  -0.0000  -0.0005   0.0004  -0.0006   0.0007
--
 
 
      Natural Bond Order analysis for root number:  1
 
++    Natural Bond Order analysis
      ---------------------------
      Based on LoProp computed density
      -------------------------------------------------------------------------------------
      Atom A       Atom B       Bond Order
      -------------------------------------------------------------------------------------
      NBO located      0.989 non-bonded electrons on atom H1        
      NBO located      1.018 non-bonded electrons on atom H3        
      NBO located      1.018 non-bonded electrons on atom H4        
      NBO located      1.018 non-bonded electrons on atom H5        
      NBO located      1.018 non-bonded electrons on atom H6        
      NBO located      1.018 non-bonded electrons on atom H7        
      NBO located      1.018 non-bonded electrons on atom H8        
      NBO located      0.989 non-bonded electrons on atom H10       
      The remaining    1.915 electrons are to be considered as diffuse
--
 
--
 
 
  Input file to MOLDEN was generated!
 
      Average orbitals are written to the RASORB file
      Natural orbitals for root   1 are written to the RASORB.1 file
      Spin density orbitals for root   1 are written to the SPDORB.1 file
 
forrtl: warning (525): IEEE_DIVIDE_BY_ZERO is signaling
forrtl: warning (526): IEEE_INVALID is signaling
forrtl: warning (528): IEEE_UNDERFLOW is signaling
--- Stop Module: rasscf at Sun Oct 26 15:53:14 2025 /rc=_RC_ALL_IS_WELL_ ---
*** files: H10_1.79.LprOrb H10_1.79.rasscf.molden H10_1.79.LoProp.molden H10_1.79.RasOrb.1 H10_1.79.RasOrb H10_1.79.rasscf.h5 H10_1.79.SpdOrb.1 xmldump
    saved to directory /home/grierjones/DDCASPT2/hydrogen_comps/rerun/H10_chain/H10_1.79
--- Module rasscf spent 16 seconds ---

>>> COPY /tmp/H10_1.79/H10_1.79.rasscf.h5 /home/grierjones/DDCASPT2/hydrogen_comps/rerun/H10_chain/H10_1.79/

>>> COPY /tmp/H10_1.79/GMJ_Fock_MO.csv /home/grierjones/DDCASPT2/hydrogen_comps/rerun/H10_chain/H10_1.79/H10_1.79.GMJ_Fock_MO.csv

*** symbolic link created: INPORB -> H10_1.79.RasOrb
--- Start Module: motra at Sun Oct 26 15:53:14 2025 ---
 
()()()()()()()()()()()()()()()()()()()()()()()()()()()()()()()()()()()()()()()()()()()()()()()()()()

                                               &MOTRA

                                   only a single process is used
                       available to each process: 2.0 GB of memory, 1 thread?
()()()()()()()()()()()()()()()()()()()()()()()()()()()()()()()()()()()()()()()()()()()()()()()()()()
 
 
      *** WARNING: Default frozen orbitals is overwritten by user input.
      *** Default values:   0
 
      Header of the integral files:
      
       Integrals generated by seward 4.2.0  , Sun Oct 26 15:52:56 2025
 
 
      Header of MO coefficients source file:
      * RASSCF average (pseudo-natural) orbitals                                      
 
 
      Cartesian coordinates in Angstrom:
      -----------------------------------------------------
      No.  Label        X            Y            Z        
      -----------------------------------------------------
       1   H1         0.00000000   0.00000000   0.00000000
       2   H2         0.00000000   0.00000000   1.78787900
       3   H3         0.00000000   0.00000000   3.57575800
       4   H4         0.00000000   0.00000000   5.36363600
       5   H5         0.00000000   0.00000000   7.15151500
       6   H6         0.00000000   0.00000000   8.93939400
       7   H7         0.00000000   0.00000000  10.72727300
       8   H8         0.00000000   0.00000000  12.51515200
       9   H9         0.00000000   0.00000000  14.30303000
      10   H10        0.00000000   0.00000000  16.09090900
      -----------------------------------------------------
      Nuclear repulsion energy =    5.70936943
 
      Orbital specifications:
      -----------------------
 
      Symmetry species:              1
      Number of basis functions:    50
      Frozen orbitals:               0
      Deleted orbitals:              0
      Number of orbitals used:      50

       SYMMETRY  BASIS FUNCTIONS       ORBITALS      INTEGRALS   CPU(SEC)  I/O(SEC)
        1 1 1 1   50  50  50  50    50  50  50  50      813450       0.00      0.00

       TOTAL CPU TIME(SEC)    0.53TOTAL I/O TIME(SEC)    1.17
 
--- Stop Module: motra at Sun Oct 26 15:53:15 2025 /rc=_RC_ALL_IS_WELL_ ---
*** files: xmldump
    saved to directory /home/grierjones/DDCASPT2/hydrogen_comps/rerun/H10_chain/H10_1.79
--- Module motra spent 1 second ---

>>> COPY /tmp/H10_1.79/GMJ_one_int_indx.csv /home/grierjones/DDCASPT2/hydrogen_comps/rerun/H10_chain/H10_1.79/H10_1.79.GMJ_one_int_indx.csv

>>> COPY /tmp/H10_1.79/GMJ_one_int.csv /home/grierjones/DDCASPT2/hydrogen_comps/rerun/H10_chain/H10_1.79/H10_1.79.GMJ_one_int.csv

>>> COPY /tmp/H10_1.79/GMJ_two_int_indx.csv /home/grierjones/DDCASPT2/hydrogen_comps/rerun/H10_chain/H10_1.79/H10_1.79.GMJ_two_int_indx.csv

>>> COPY /tmp/H10_1.79/GMJ_two_int.csv /home/grierjones/DDCASPT2/hydrogen_comps/rerun/H10_chain/H10_1.79/H10_1.79.GMJ_two_int.csv

*** symbolic link created: INPORB -> H10_1.79.RasOrb
--- Start Module: caspt2 at Sun Oct 26 15:53:15 2025 ---
 
()()()()()()()()()()()()()()()()()()()()()()()()()()()()()()()()()()()()()()()()()()()()()()()()()()

                                              &CASPT2

                                   only a single process is used
                       available to each process: 2.0 GB of memory, 1 thread?
()()()()()()()()()()()()()()()()()()()()()()()()()()()()()()()()()()()()()()()()()()()()()()()()()()
 
 Cholesky algorithm in CASPT2 =    1
 
 ###############################################################################
 ###############################################################################
 ###                                                                         ###
 ###                                                                         ###
 ###    User changed nr of frozen orbitals.                                  ###
 ###                                                                         ###
 ###                                                                         ###
 ###############################################################################
 ###############################################################################
 
++    Wave function specifications:
      -----------------------------
 
      Number of closed shell electrons           0
      Number of electrons in active shells      10
      Max number of holes in RAS1 space          0
      Max number of electrons in RAS3 space      0
      Number of inactive orbitals                0
      Number of active orbitals                 10
      Number of secondary orbitals              40
      Spin quantum number                      0.0
      State symmetry                             1
      Number of CSFs                         19404
      Number of root(s) available                1
      Root passed to geometry opt.               1
      A file JOBMIX will be created.
      This is a CASSCF or RASSCF reference function
--
 
++    Orbital specifications:
      -----------------------
 
      Symmetry species                           1
                                                 a
      Frozen orbitals                            0
      Inactive orbitals                          0
      Active orbitals                           10
      Secondary orbitals                        40
      Deleted orbitals                           0
      Number of basis functions                 50
--
 
      Type of Fock operator: STANDARD
      Type of 0-order Hamiltonian: STANDARD WITH DEFAULT IPEA
        "IP-EA" denominator shift =      0.25
      The input orbitals and the CI vector will be transformed.
 
--------------------------------------------------------------------------------
 Estimated memory requirements:
  POLY3 :                  3551880
  RHS:                      835500
  SIGMA :                   430400
  PRPCTL:                        0
 Available workspace:    230354915
 
++ CASPT2 computation for group   1
 
********************************************************************************
 Multi-State initialization phase begins for group   1
--------------------------------------------------------------------------------
********************************************************************************
 Compute H0 matrices for state    1
--------------------------------------------------------------------------------
--------------------------------------------------------------------------------
 H0 matrices have been computed.
 
********************************************************************************
  CASPT2 EQUATION SOLUTION
--------------------------------------------------------------------------------
 
  Total nr of CASPT2 parameters:
   Before reduction:      120200
   After  reduction:      119800
 
 The contributions to the second order correlation energy in atomic units.
-----------------------------------------------------------------------------------------------------------------------------
  IT.      VJTU        VJTI        ATVX        AIVX        VJAI        BVAT        BJAT        BJAI        TOTAL       RNORM  
-----------------------------------------------------------------------------------------------------------------------------
   1     0.000000    0.000000   -0.008820    0.000000    0.000000   -0.018733    0.000000    0.000000   -0.027552    0.001640
   2     0.000000    0.000000   -0.008903    0.000000    0.000000   -0.018757    0.000000    0.000000   -0.027660    0.000181
   3     0.000000    0.000000   -0.008906    0.000000    0.000000   -0.018758    0.000000    0.000000   -0.027664    0.000039
   4     0.000000    0.000000   -0.008905    0.000000    0.000000   -0.018758    0.000000    0.000000   -0.027663    0.000005
-------------------------------------------------------------------------------------------------------------------
 
  FINAL CASPT2 RESULT:
 
  Correlation energy /Case, /Symm, and sums:
 VJTU      0.00000000  0.00000000
 VJTIP     0.00000000  0.00000000
 VJTIM     0.00000000  0.00000000
 ATVX     -0.00890450 -0.00890450
 AIVX      0.00000000  0.00000000
 VJAIP     0.00000000  0.00000000
 VJAIM     0.00000000  0.00000000
 BVATP    -0.01780289 -0.01780289
 BVATM    -0.00095542 -0.00095542
 BJATP     0.00000000  0.00000000
 BJATM     0.00000000  0.00000000
 BJAIP     0.00000000  0.00000000
 BJAIM     0.00000000  0.00000000
 Summed:  -0.02766281 -0.02766281
 
      Reference energy:          -5.1365916487
      E2 (Non-variational):      -0.0276628119
      E2 (Variational):          -0.0276628299
      Total energy:              -5.1642544786
      Residual norm:              0.0000007603
      Reference weight:           0.98442
 
      Contributions to the CASPT2 correlation energy
      Active & Virtual Only:         -0.0276628119
      One Inactive Excited:           0.0000000000
      Two Inactive Excited:           0.0000000000
 
 
++ Denominators, etc.
----------------------------------------------------------------------------------------------------
 Report on small energy denominators, large coefficients, and large energy contributions.
CASE  SYMM ACTIVE-MIX  NON-ACTIVE INDICES          DENOMINATOR     RHS VALUE       COEFFICIENT     CONTRIBUTION
ATVX     1  Mu1.0001  Se1.011                       0.18639863     -0.00005854      0.00012656     -0.00000001
ATVX     1  Mu1.0002  Se1.011                       0.24833802     -0.00000002      0.00000009     -0.00000000
ATVX     1  Mu1.0001  Se1.012                       0.20580837      0.00000002     -0.00000009     -0.00000000
ATVX     1  Mu1.0002  Se1.012                       0.26774776     -0.00002660      0.00080677     -0.00000002
ATVX     1  Mu1.0001  Se1.013                       0.24162559     -0.00027025      0.00051631     -0.00000014
--
 
   (Skipping property calculation,
    use PROP keyword to activate)
--
 
  Total CASPT2 energies:
::    CASPT2 Root  1     Total energy:     -5.16425448
 
  A NEW JOBIPH FILE NAMED 'JOBMIX' IS PREPARED.
********************************************************************************
forrtl: warning (528): IEEE_UNDERFLOW is signaling
--- Stop Module: caspt2 at Sun Oct 26 15:53:21 2025 /rc=_RC_ALL_IS_WELL_ ---
*** files: xmldump
    saved to directory /home/grierjones/DDCASPT2/hydrogen_comps/rerun/H10_chain/H10_1.79
--- Module caspt2 spent 6 seconds ---

>>> EXPORT i = B

>>> EXPORT j = P

>>> IF (-FILE GMJ_e2_${i}_${j}_1_.csv)
(Skipped)

>>> END FOREACH

>>> EXPORT j = M

>>> IF (-FILE GMJ_e2_${i}_${j}_1_.csv)
(Skipped)

>>> END FOREACH

>>> END FOREACH

>>> EXPORT i = E

>>> EXPORT j = P

>>> IF (-FILE GMJ_e2_${i}_${j}_1_.csv)
(Skipped)

>>> END FOREACH

>>> EXPORT j = M

>>> IF (-FILE GMJ_e2_${i}_${j}_1_.csv)
(Skipped)

>>> END FOREACH

>>> END FOREACH

>>> EXPORT i = F

>>> EXPORT j = P

>>> IF (-FILE GMJ_e2_${i}_${j}_1_.csv)

>>> COPY /tmp/H10_1.79/GMJ_RHS_F_P_1_.csv /home/grierjones/DDCASPT2/hydrogen_comps/rerun/H10_chain/H10_1.79/GMJ_RHS_F_P_1_.csv

>>> COPY /tmp/H10_1.79/GMJ_IVECW_F_P_1_.csv /home/grierjones/DDCASPT2/hydrogen_comps/rerun/H10_chain/H10_1.79/GMJ_IVECW_F_P_1_.csv

>>> COPY /tmp/H10_1.79/GMJ_IVECX_F_P_1_.csv /home/grierjones/DDCASPT2/hydrogen_comps/rerun/H10_chain/H10_1.79/GMJ_IVECX_F_P_1_.csv

>>> COPY /tmp/H10_1.79/GMJ_IVECC2_F_P_1_.csv /home/grierjones/DDCASPT2/hydrogen_comps/rerun/H10_chain/H10_1.79/GMJ_IVECC2_F_P_1_.csv

>>> COPY /tmp/H10_1.79/GMJ_e2_F_P_1_.csv /home/grierjones/DDCASPT2/hydrogen_comps/rerun/H10_chain/H10_1.79/GMJ_e2_F_P_1_.csv

>>> END FOREACH

>>> EXPORT j = M

>>> IF (-FILE GMJ_e2_${i}_${j}_1_.csv)

>>> COPY /tmp/H10_1.79/GMJ_RHS_F_M_1_.csv /home/grierjones/DDCASPT2/hydrogen_comps/rerun/H10_chain/H10_1.79/GMJ_RHS_F_M_1_.csv

>>> COPY /tmp/H10_1.79/GMJ_IVECW_F_M_1_.csv /home/grierjones/DDCASPT2/hydrogen_comps/rerun/H10_chain/H10_1.79/GMJ_IVECW_F_M_1_.csv

>>> COPY /tmp/H10_1.79/GMJ_IVECX_F_M_1_.csv /home/grierjones/DDCASPT2/hydrogen_comps/rerun/H10_chain/H10_1.79/GMJ_IVECX_F_M_1_.csv

>>> COPY /tmp/H10_1.79/GMJ_IVECC2_F_M_1_.csv /home/grierjones/DDCASPT2/hydrogen_comps/rerun/H10_chain/H10_1.79/GMJ_IVECC2_F_M_1_.csv

>>> COPY /tmp/H10_1.79/GMJ_e2_F_M_1_.csv /home/grierjones/DDCASPT2/hydrogen_comps/rerun/H10_chain/H10_1.79/GMJ_e2_F_M_1_.csv

>>> END FOREACH

>>> END FOREACH

>>> EXPORT i = G

>>> EXPORT j = P

>>> IF (-FILE GMJ_e2_${i}_${j}_1_.csv)
(Skipped)

>>> END FOREACH

>>> EXPORT j = M

>>> IF (-FILE GMJ_e2_${i}_${j}_1_.csv)
(Skipped)

>>> END FOREACH

>>> END FOREACH

>>> EXPORT i = H

>>> EXPORT j = P

>>> IF (-FILE GMJ_e2_${i}_${j}_1_.csv)
(Skipped)

>>> END FOREACH

>>> EXPORT j = M

>>> IF (-FILE GMJ_e2_${i}_${j}_1_.csv)
(Skipped)

>>> END FOREACH

>>> END FOREACH

>>> EXPORT i = A

>>> IF (-FILE GMJ_e2_${i}_1_.csv)
(Skipped)

>>> END FOREACH

>>> EXPORT i = C

>>> IF (-FILE GMJ_e2_${i}_1_.csv)

>>> COPY /tmp/H10_1.79/GMJ_RHS_C_1_.csv /home/grierjones/DDCASPT2/hydrogen_comps/rerun/H10_chain/H10_1.79/GMJ_RHS_C_1_.csv

>>> COPY /tmp/H10_1.79/GMJ_IVECW_C_1_.csv /home/grierjones/DDCASPT2/hydrogen_comps/rerun/H10_chain/H10_1.79/GMJ_IVECW_C_1_.csv

>>> COPY /tmp/H10_1.79/GMJ_IVECX_C_1_.csv /home/grierjones/DDCASPT2/hydrogen_comps/rerun/H10_chain/H10_1.79/GMJ_IVECX_C_1_.csv

>>> COPY /tmp/H10_1.79/GMJ_IVECC2_C_1_.csv /home/grierjones/DDCASPT2/hydrogen_comps/rerun/H10_chain/H10_1.79/GMJ_IVECC2_C_1_.csv

>>> COPY /tmp/H10_1.79/GMJ_e2_C_1_.csv /home/grierjones/DDCASPT2/hydrogen_comps/rerun/H10_chain/H10_1.79/GMJ_e2_C_1_.csv

>>> END FOREACH

>>> EXPORT i = D

>>> IF (-FILE GMJ_e2_${i}_1_.csv)
(Skipped)

>>> END FOREACH

.########################.
.# Non-zero return code #.
.########################.

    Timing: Wall=25.55 User=24.07 System=1.45
****************************************
*** WorkDir at /tmp/H10_1.79 cleaned ***
****************************************
