   This run of MOLCAS is using the pymolcas driver

                             OPE
                             OPE          NMOL  CASOP  ENMOLC A   SO
                 OPE        NMOLC        AS  OP EN  MO LC     AS  OP
                OPENM       OL CA        SO  PE NM  OL CA     SOP EN
                OP EN      MO   LC       AS  OP ENMOL  CASO   PENMOL
                OP  EN     MO   LC       AS  OP EN     MO     LC ASO
               OP   E  NMOL  C  AS       OP  EN MO     LC     AS  OP
               OP  E   NMO   LC AS        OPEN  MO     LCASOP EN   M
               O  PEN   MO  LCA  SO
            OPE   NMO   L   CAS    OP
        OPENMOL  CASOP     ENMOL   CASOPE
     OPENMOLCA   SOPENMOLCASOPEN   MOLCASOPE
    OPENMOLCAS   OP           EN   MOL    CAS
    OPENMOLCAS       OP  ENM        O     LCA
    OPENMOLCAS    OPEN  MOLCASO     P  E  NMO
    OPENMOLCAS     OP               E  N  MOL
    OPENMOLCA   SO           PENM   O  L  CAS    OPEN    MO    LCAS
    OPENMOLCA   SOP           ENM   O  L  CAS   OP  EN  MOLC  AS   O
    OPENMOLCA   SOPE           NM      O  LCA   S      OP  EN MO
    OPENMOLC                AS         O  PEN   M      OL  CA  SOPE
    OPENMO        LCASOPE  NMOL        C  ASO   P      ENMOLC     AS
    OPE     NMO      LCA  SO     P     E   NM   OL  CA SO  PE N   MO
          OPENMOLCA            SOPE   NMO        LCAS  O    P  ENMO
     OPENMOLCASOPENMOLCASOPENMOLCASOPENMOLCA
        OPENMOLCASOPENMOLCASOPENMOLCASOPE
            OPENMOLCASOPENMOLCASOPENM
               OPENMOLCASOPENMOLCA        version: f37762c57
                   OPENMOLCASO
                       OPE                tag:

 OpenMolcas is free software; you can redistribute it and/or modify it
 under the terms of the GNU Lesser General Public License version 2.1.
 OpenMolcas is distributed in the hope that it will be useful, but it
 is provided "as is" and without any express or implied warranties.
 For more details see the full text of the license in the file
 LICENSE or in <http://www.gnu.org/licenses/>.

                 Copyright (C) The OpenMolcas Authors
           For the author list and the recommended citation,
                   consult the file CONTRIBUTORS.md

           *************************************************
           * pymolcas version py2.28                       *
           *   build c4a6d18ded8cb6cad61d2372a9abd97c      *
           *   (after the EMIL interpreter by V. Veryazov) *
           *************************************************

configuration info
------------------
C Compiler ID: Intel
C flags: -std=gnu99 -gcc-sys
Fortran Compiler ID: IntelLLVM
Fortran flags: -standard-semantics -fltconsistency -fpp -i8 -heap-arrays
Definitions: _MOLCAS_;_I8_;_LINUX_
Parallel: OFF (GA=OFF)


   ----------------------------------------------------------------------------------------
  |
  |              Project: H12_1.98
  |       Submitted from: /home/grierjones/DDCASPT2/hydrogen_comps/rerun/H12_chain/H12_1.98
  |         Scratch area: /tmp/H12_1.98
  |      Save outputs to: /home/grierjones/DDCASPT2/hydrogen_comps/rerun/H12_chain/H12_1.98
  |               Molcas: /home/grierjones/Test/build
  |
  | Scratch area is empty
  |
  |       MOLCAS_DRIVER = /usr/local/pymolcas
  | MOLCAS_KEEP_WORKDIR = NO
  |  MOLCAS_NEW_WORKDIR = YES
  |       MOLCAS_NPROCS = 1
  |        MOLCAS_PRINT = NORMAL
  |       MOLCAS_SOURCE = /home/grierjones/Test
  |    MOLCAS_STRUCTURE = 0
  |
   ----------------------------------------------------------------------------------------

++ ---------   Input file   ---------

&GATEWAY
coord=H12_1.98.xyz
Basis = ANO-RCC-VDZP
Group = nosymm
End of Input

&SEWARD
End of Input

&SCF

>>> COPY $WorkDir/H12_1.98.scf.h5 $CurrDir/

&RASSCF
Title= RASSCF
FileOrb
/home/grierjones/DDCASPT2/hydrogen_comps/rerun/H12_chain/H12_0.60/H12_0.60.RasOrb
NACTEL
12 0 0
Inactive
0
RAS2
12
Symmetry
1
Spin
1
orblisting
all

>>> COPY $WorkDir/H12_1.98.rasscf.h5 $CurrDir/

>>> COPY $WorkDir/GMJ_Fock_MO.csv $CurrDir/H12_1.98.GMJ_Fock_MO.csv

&MOTRA
Frozen=0
LUMORB

>>> COPY $WorkDir/GMJ_one_int_indx.csv $CurrDir/H12_1.98.GMJ_one_int_indx.csv

>>> COPY $WorkDir/GMJ_one_int.csv $CurrDir/H12_1.98.GMJ_one_int.csv

>>> COPY $WorkDir/GMJ_two_int_indx.csv $CurrDir/H12_1.98.GMJ_two_int_indx.csv

>>> COPY $WorkDir/GMJ_two_int.csv $CurrDir/H12_1.98.GMJ_two_int.csv

&CASPT2
Frozen
0

MAXITER
50

>>> FOREACH i IN (B,E,F,G,H)

  >>> FOREACH j IN (P,M)

    >>> IF (-FILE GMJ_e2_${i}_${j}_1_.csv)

      >>> COPY $WorkDir/GMJ_RHS_${i}_${j}_1_.csv $CurrDir/GMJ_RHS_${i}_${j}_1_.csv

      >>> COPY $WorkDir/GMJ_IVECW_${i}_${j}_1_.csv $CurrDir/GMJ_IVECW_${i}_${j}_1_.csv

      >>> COPY $WorkDir/GMJ_IVECX_${i}_${j}_1_.csv $CurrDir/GMJ_IVECX_${i}_${j}_1_.csv

      >>> COPY $WorkDir/GMJ_IVECC2_${i}_${j}_1_.csv $CurrDir/GMJ_IVECC2_${i}_${j}_1_.csv

      >>> COPY $WorkDir/GMJ_e2_${i}_${j}_1_.csv $CurrDir/GMJ_e2_${i}_${j}_1_.csv

    >>> END IF

  >>> END FOREACH

>>> END FOREACH

>>> FOREACH i IN (A,C,D)

  >>> IF (-FILE GMJ_e2_${i}_1_.csv)

    >>> COPY $WorkDir/GMJ_RHS_${i}_1_.csv $CurrDir/GMJ_RHS_${i}_1_.csv

    >>> COPY $WorkDir/GMJ_IVECW_${i}_1_.csv $CurrDir/GMJ_IVECW_${i}_1_.csv

    >>> COPY $WorkDir/GMJ_IVECX_${i}_1_.csv $CurrDir/GMJ_IVECX_${i}_1_.csv

    >>> COPY $WorkDir/GMJ_IVECC2_${i}_1_.csv $CurrDir/GMJ_IVECC2_${i}_1_.csv

    >>> COPY $WorkDir/GMJ_e2_${i}_1_.csv $CurrDir/GMJ_e2_${i}_1_.csv

  >>> END IF

>>> END FOREACH

-- ----------------------------------

--- Start Module: gateway at Mon Oct 27 06:54:08 2025 ---
 
()()()()()()()()()()()()()()()()()()()()()()()()()()()()()()()()()()()()()()()()()()()()()()()()()()

                                              &GATEWAY

                                   only a single process is used
                       available to each process: 2.0 GB of memory, 1 thread?
()()()()()()()()()()()()()()()()()()()()()()()()()()()()()()()()()()()()()()()()()()()()()()()()()()
 
 
++    Symmetry information:
      ---------------------
 
                    Character Table for C1 
 
                             E  
                    a        1  x, y, xy, Rz, z, xz, Ry, yz, Rx, I
--
 
 
++    Basis set information:
      ----------------------
 
 
      Basis set label: H.ANO-RCC...2S1P.
 
      Electronic valence basis set:
      ------------------
      Associated Effective Charge   1.000000 au
      Associated Actual Charge      1.000000 au
      Nuclear Model: Point charge
 
      Shell  nPrim  nBasis  Cartesian Spherical Contaminant
         s       8       2        X                  
         p       4       1        X                  
--
 
 
++    Molecular structure info:
      -------------------------
 
                    ************************************************ 
                    **** Cartesian Coordinates / Bohr, Angstrom **** 
                    ************************************************ 
 
     Center  Label                x              y              z                     x              y              z
        1      H1               0.000000       0.000000       0.000000              0.000000       0.000000       0.000000
        2      H2               0.000000       0.000000       3.745093              0.000000       0.000000       1.981818
        3      H3               0.000000       0.000000       7.490187              0.000000       0.000000       3.963636
        4      H4               0.000000       0.000000      11.235282              0.000000       0.000000       5.945455
        5      H5               0.000000       0.000000      14.980375              0.000000       0.000000       7.927273
        6      H6               0.000000       0.000000      18.725468              0.000000       0.000000       9.909091
        7      H7               0.000000       0.000000      22.470561              0.000000       0.000000      11.890909
        8      H8               0.000000       0.000000      26.215655              0.000000       0.000000      13.872727
        9      H9               0.000000       0.000000      29.960748              0.000000       0.000000      15.854545
       10      H10              0.000000       0.000000      33.705843              0.000000       0.000000      17.836364
       11      H11              0.000000       0.000000      37.450936              0.000000       0.000000      19.818182
       12      H12              0.000000       0.000000      41.196030              0.000000       0.000000      21.800000
 
                    *************************************** 
                    *    InterNuclear Distances / Bohr    * 
                    *************************************** 
 
               1 H1            2 H2            3 H3            4 H4            5 H5            6 H6    
    1 H1       0.000000
    2 H2       3.745093        0.000000
    3 H3       7.490187        3.745093        0.000000
    4 H4      11.235282        7.490188        3.745095        0.000000
    5 H5      14.980375       11.235282        7.490188        3.745093        0.000000
    6 H6      18.725468       14.980375       11.235282        7.490187        3.745093        0.000000
    7 H7      22.470561       18.725468       14.980375       11.235280        7.490187        3.745093
    8 H8      26.215655       22.470561       18.725468       14.980373       11.235280        7.490187
    9 H9      29.960748       26.215655       22.470561       18.725466       14.980373       11.235280
   10 H10     33.705843       29.960750       26.215657       22.470561       18.725468       14.980375
   11 H11     37.450936       33.705843       29.960750       26.215655       22.470561       18.725468
   12 H12     41.196030       37.450936       33.705843       29.960748       26.215655       22.470561
 
               7 H7            8 H8            9 H9           10 H10          11 H11          12 H12   
    7 H7       0.000000
    8 H8       3.745093        0.000000
    9 H9       7.490187        3.745093        0.000000
   10 H10     11.235282        7.490188        3.745095        0.000000
   11 H11     14.980375       11.235282        7.490188        3.745093        0.000000
   12 H12     18.725468       14.980375       11.235282        7.490187        3.745093        0.000000
 
                    ******************************************* 
                    *    InterNuclear Distances / Angstrom    * 
                    ******************************************* 
 
               1 H1            2 H2            3 H3            4 H4            5 H5            6 H6    
    1 H1       0.000000
    2 H2       1.981818        0.000000
    3 H3       3.963636        1.981818        0.000000
    4 H4       5.945455        3.963637        1.981819        0.000000
    5 H5       7.927273        5.945455        3.963637        1.981818        0.000000
    6 H6       9.909091        7.927273        5.945455        3.963636        1.981818        0.000000
    7 H7      11.890909        9.909091        7.927273        5.945454        3.963636        1.981818
    8 H8      13.872727       11.890909        9.909091        7.927272        5.945454        3.963636
    9 H9      15.854545       13.872727       11.890909        9.909090        7.927272        5.945454
   10 H10     17.836364       15.854546       13.872728       11.890909        9.909091        7.927273
   11 H11     19.818182       17.836364       15.854546       13.872727       11.890909        9.909091
   12 H12     21.800000       19.818182       17.836364       15.854545       13.872727       11.890909
 
               7 H7            8 H8            9 H9           10 H10          11 H11          12 H12   
    7 H7       0.000000
    8 H8       1.981818        0.000000
    9 H9       3.963636        1.981818        0.000000
   10 H10      5.945455        3.963637        1.981819        0.000000
   11 H11      7.927273        5.945455        3.963637        1.981818        0.000000
   12 H12      9.909091        7.927273        5.945455        3.963636        1.981818        0.000000
--
 
 
            Nuclear Potential Energy              6.73909140 au
 
--- Stop Module: gateway at Mon Oct 27 06:54:09 2025 /rc=_RC_ALL_IS_WELL_ ---
*** files: xmldump
    saved to directory /home/grierjones/DDCASPT2/hydrogen_comps/rerun/H12_chain/H12_1.98

--- Start Module: seward at Mon Oct 27 06:54:09 2025 ---
 
()()()()()()()()()()()()()()()()()()()()()()()()()()()()()()()()()()()()()()()()()()()()()()()()()()

                                              &SEWARD

                                   only a single process is used
                       available to each process: 2.0 GB of memory, 1 thread?
()()()()()()()()()()()()()()()()()()()()()()()()()()()()()()()()()()()()()()()()()()()()()()()()()()
 
               SEWARD will generate:
                  Multipole Moment integrals up to order  2
                  Kinetic Energy integrals
                  Nuclear Attraction integrals (point charge)
                  One-Electron Hamiltonian integrals
                  Velocity integrals
                  Relativistic Douglas-Kroll-Hess integrals:
                    - Parametrization         : EXP
                    - DKH order of Hamiltonian: 2
                    - DKH order of Properties : 0
                         - multipole moment operators
                         - electric potential operators
                         - contact operators
                  Atomic mean-field integrals
                  Two-Electron Repulsion integrals
 
                   Integrals are discarded if absolute value <: 0.10E-13
                   Integral cutoff threshold is set to       <: 0.10E-15
 
            Nuclear Potential Energy              6.73909140 au
 
 
      Basis set specifications :
      Symmetry species         a  
      Basis functions           60
 
 
  Input file to MOLDEN was generated!
 
forrtl: warning (525): IEEE_DIVIDE_BY_ZERO is signaling
forrtl: warning (526): IEEE_INVALID is signaling
forrtl: warning (528): IEEE_UNDERFLOW is signaling
--- Stop Module: seward at Mon Oct 27 06:54:10 2025 /rc=_RC_ALL_IS_WELL_ ---
*** files: H12_1.98.GssOrb H12_1.98.guessorb.h5 H12_1.98.guessorb.molden xmldump
    saved to directory /home/grierjones/DDCASPT2/hydrogen_comps/rerun/H12_chain/H12_1.98
--- Module seward spent 1 second ---

*** symbolic link created: INPORB -> H12_1.98.GssOrb
--- Start Module: scf at Mon Oct 27 06:54:10 2025 ---
 
()()()()()()()()()()()()()()()()()()()()()()()()()()()()()()()()()()()()()()()()()()()()()()()()()()

                                                &SCF

                                   only a single process is used
                       available to each process: 2.0 GB of memory, 1 thread?
()()()()()()()()()()()()()()()()()()()()()()()()()()()()()()()()()()()()()()()()()()()()()()()()()()
 
++    Input section:
      --------------
 
      Header of the integral files:
      
       Integrals generated by seward 4.2.0  , Mon Oct 27 06:54:09 2025
 
 
      Cartesian coordinates in Angstrom:
      -----------------------------------------------------
      No.  Label        X            Y            Z        
      -----------------------------------------------------
       1   H1         0.00000000   0.00000000   0.00000000
       2   H2         0.00000000   0.00000000   1.98181800
       3   H3         0.00000000   0.00000000   3.96363600
       4   H4         0.00000000   0.00000000   5.94545500
       5   H5         0.00000000   0.00000000   7.92727300
       6   H6         0.00000000   0.00000000   9.90909100
       7   H7         0.00000000   0.00000000  11.89090900
       8   H8         0.00000000   0.00000000  13.87272700
       9   H9         0.00000000   0.00000000  15.85454500
      10   H10        0.00000000   0.00000000  17.83636400
      11   H11        0.00000000   0.00000000  19.81818200
      12   H12        0.00000000   0.00000000  21.80000000
      -----------------------------------------------------
      Nuclear repulsion energy =    6.73909140
--
 
++    Orbital specifications:
      -----------------------
 
      Symmetry species               1
                                     a
      Frozen orbitals                0
      Occupied orbitals              6
      Secondary orbitals            54
      Deleted orbitals               0
      Total number of orbitals      60
      Number of basis functions     60
--
 
      Molecular charge                           0.000
 
++    Optimization specifications:
      ----------------------------
 
      SCF Algorithm: Conventional
      Minimized density differences are used
      Number of density matrices in core                5
      Maximum number of NDDO SCF iterations           400
      Maximum number of HF SCF iterations             400
      Threshold for SCF energy change            0.10E-08
      Threshold for density matrix               0.10E-03
      Threshold for Fock matrix                  0.15E-03
      Threshold for linear dependence            0.10E-08
      Threshold at which DIIS is turned on       0.15E+00
      Threshold at which QNR/C2DIIS is turned on 0.75E-01
      Threshold for Norm(delta) (QNR/C2DIIS)     0.20E-04
      DIIS extrapolation of the SCF procedure
      All orbitals punched on: SCFORB
--
 
      Input vectors read from INPORB
      Orbital file label: *Guess orbitals
 
 
++ Convergence information
                                   SCF        iterations: Energy and convergence statistics
 
Iter     Tot. SCF        One-elec.       Two-elec.     Energy      Max Dij or  Max Fij      DNorm      TNorm      AccCon     Time
         Energy          Energy          Energy        Change      Delta Norm                                                in Sec.
   1    -5.302211725   -19.892115499     7.850812374   0.00E+00    0.32E+00*   0.10E+00*    0.50E+01   0.13E+02   None         0.
   2    -5.544182341   -19.830240743     7.546967001  -0.24E+00*   0.14E+00*   0.18E-01*    0.15E+01   0.12E+02   EDIIS        0.
   3    -5.557837707   -19.748734956     7.451805848  -0.14E-01*   0.74E-01*   0.85E-02*    0.37E+00   0.12E+02   EDIIS        0.
   4    -5.561138581   -19.743943562     7.443713580  -0.33E-02*   0.22E-01*   0.99E-02*    0.13E+00   0.12E+02   c2DIIS       0.
   5    -5.563141711   -19.732348564     7.430115451  -0.20E-02*   0.78E-02*   0.13E-02*    0.60E-01   0.12E+02   QNRc2DIIS    0.
   6    -5.563198047   -19.735430380     7.433140933  -0.56E-04*   0.91E-02*   0.61E-03*    0.12E-01   0.12E+02   QNRc2DIIS    0.
   7    -5.563223717   -19.735516670     7.433201553  -0.26E-04*   0.16E-02*   0.20E-03*    0.79E-02   0.12E+02   QNRc2DIIS    0.
   8    -5.563224963   -19.734581655     7.432265291  -0.12E-05*   0.25E-03*   0.51E-04     0.15E-02   0.12E+02   QNRc2DIIS    0.
   9    -5.563225021   -19.734433556     7.432117135  -0.58E-07*   0.32E-04*   0.53E-05     0.29E-03   0.12E+02   QNRc2DIIS    0.
  10    -5.563225022   -19.734433931     7.432117509  -0.81E-09    0.51E-04*   0.17E-05     0.34E-04   0.12E+02   QNRc2DIIS    0.
  11    -5.563225021   -19.734437080     7.432120658   0.57E-09    0.36E-04*   0.42E-05     0.13E-04   0.12E+02   QNRc2DIIS    0.
  12    -5.563225022   -19.734436516     7.432120094  -0.69E-09    0.45E-06    0.11E-06     0.59E-04   0.12E+02   QNRc2DIIS    0.
 
       Convergence after 12 Macro Iterations
--
 
 *****************************************************************************************************************************
 *                                                                                                                           *
 *                                             SCF/KS-DFT Program, Final results                                             *
 *                                                                                                                           *
 *                                                                                                                           *
 *                                                                                                                           *
 *                                                       Final Results                                                       *
 *                                                                                                                           *
 *****************************************************************************************************************************
 
::    Total SCF energy                                 -5.5632250220
      One-electron energy                             -19.7344365162
      Two-electron energy                               7.4321200936
      Nuclear repulsion energy                          6.7390914006
      Kinetic energy (interpolated)                     4.1064347737
      Virial theorem                                    1.3547579174
      Total spin, S(S+1)                                0.0000000000
      Total spin, S                                     0.0000000000
      Max non-diagonal density matrix element           0.0000005204
      Max non-diagonal Fock matrix element              0.0000000330
 
 
      All orbitals with orbital energies smaller than  E(LUMO)+0.5 are printed
 
++    Molecular orbitals:
      -------------------
 
      Title: SCF orbitals

      Molecular orbitals for symmetry species 1: a  
 
          Orbital            1         2         3         4         5         6         7         8         9        10    
          Energy           -0.4564   -0.4447   -0.4260   -0.4003   -0.3692   -0.3385   -0.1431   -0.1024   -0.0561   -0.0098
          Occ. No.          2.0000    2.0000    2.0000    2.0000    2.0000    2.0000    0.0000    0.0000    0.0000    0.0000
 
        1 H1     1s         0.0855   -0.1707    0.2480   -0.3052    0.3197   -0.2362    0.2884   -0.4339    0.4668   -0.4203
        2 H1     2s         0.0096   -0.0201    0.0318   -0.0444    0.0539   -0.0453    0.0944   -0.1567    0.1860   -0.1814
        3 H1     2px       -0.0000    0.0000   -0.0000    0.0000   -0.0000    0.0000    0.0000   -0.0000    0.0000   -0.0000
        4 H1     2py        0.0000   -0.0000   -0.0000    0.0000   -0.0000    0.0000   -0.0000    0.0000   -0.0000    0.0000
        5 H1     2pz        0.0050   -0.0093    0.0120   -0.0125    0.0107   -0.0064   -0.0009    0.0057   -0.0128    0.0193
        6 H2     1s         0.1293   -0.2433    0.3191   -0.3365    0.2847   -0.1647   -0.1061    0.2897   -0.4763    0.5714
        7 H2     2s         0.0113   -0.0280    0.0504   -0.0725    0.0807   -0.0577   -0.0275    0.1021   -0.1893    0.2375
        8 H2     2px       -0.0000    0.0000   -0.0000    0.0000   -0.0000    0.0000    0.0000   -0.0000    0.0000   -0.0000
        9 H2     2py        0.0000   -0.0000   -0.0000    0.0000   -0.0000    0.0000   -0.0000    0.0000   -0.0000    0.0000
       10 H2     2pz        0.0007    0.0004   -0.0041    0.0098   -0.0143    0.0125   -0.0160    0.0206   -0.0147    0.0021
       11 H3     1s         0.2127   -0.3096    0.2228    0.0211   -0.2827    0.3293   -0.3814    0.3357    0.0275   -0.4352
       12 H3     2s         0.0264   -0.0378    0.0229    0.0205   -0.0746    0.0861   -0.1305    0.1196    0.0160   -0.1795
       13 H3     2px       -0.0000    0.0000   -0.0000   -0.0000   -0.0000    0.0000   -0.0000   -0.0000    0.0000   -0.0000
       14 H3     2py        0.0000   -0.0000   -0.0000    0.0000   -0.0000    0.0000    0.0000   -0.0000    0.0000   -0.0000
       15 H3     2pz        0.0052   -0.0047   -0.0021    0.0103   -0.0133    0.0088    0.0095   -0.0199    0.0227   -0.0117
       16 H4     1s         0.2441   -0.3022    0.1213    0.1698   -0.3443    0.2637    0.2430   -0.4516    0.3335    0.1398
       17 H4     2s         0.0241   -0.0410    0.0307    0.0190   -0.0775    0.0785    0.0766   -0.1683    0.1361    0.0555
       18 H4     2px        0.0000   -0.0000    0.0000    0.0000   -0.0000    0.0000    0.0000    0.0000    0.0000    0.0000
       19 H4     2py       -0.0000   -0.0000   -0.0000    0.0000   -0.0000    0.0000    0.0000    0.0000    0.0000   -0.0000
       20 H4     2pz       -0.0011    0.0057   -0.0098    0.0053    0.0076   -0.0141    0.0187   -0.0105   -0.0131    0.0252
       21 H5     1s         0.2948   -0.1829   -0.1907    0.3053    0.0509   -0.3561    0.3976   -0.0042   -0.4939    0.2967
       22 H5     2s         0.0340   -0.0153   -0.0391    0.0515    0.0262   -0.0965    0.1337    0.0056   -0.1972    0.1198
       23 H5     2px        0.0000   -0.0000   -0.0000    0.0000    0.0000   -0.0000    0.0000   -0.0000   -0.0000   -0.0000
       24 H5     2py        0.0000    0.0000    0.0000    0.0000   -0.0000   -0.0000    0.0000   -0.0000    0.0000   -0.0000
       25 H5     2pz        0.0047    0.0025   -0.0099    0.0023    0.0116   -0.0125   -0.0151    0.0195    0.0006   -0.0239
       26 H6     1s         0.3064   -0.1049   -0.2755    0.2126    0.2090   -0.3330   -0.3476    0.3308    0.2680   -0.5249
       27 H6     2s         0.0330   -0.0221   -0.0356    0.0511    0.0365   -0.0940   -0.1143    0.1284    0.1027   -0.2154
       28 H6     2px       -0.0000    0.0000    0.0000    0.0000    0.0000    0.0000    0.0000    0.0000   -0.0000    0.0000
       29 H6     2py        0.0000   -0.0000   -0.0000   -0.0000    0.0000    0.0000   -0.0000   -0.0000    0.0000   -0.0000
       30 H6     2pz       -0.0032    0.0073    0.0001   -0.0119    0.0029    0.0143   -0.0184   -0.0067    0.0230    0.0048
       31 H7     1s         0.3064    0.1049   -0.2755   -0.2126    0.2090    0.3330   -0.3476   -0.3308    0.2680    0.5249
       32 H7     2s         0.0330    0.0221   -0.0356   -0.0511    0.0365    0.0940   -0.1143   -0.1284    0.1027    0.2154
       33 H7     2px       -0.0000   -0.0000    0.0000    0.0000    0.0000   -0.0000    0.0000   -0.0000   -0.0000   -0.0000
       34 H7     2py        0.0000    0.0000   -0.0000   -0.0000    0.0000   -0.0000    0.0000    0.0000   -0.0000    0.0000
       35 H7     2pz        0.0032    0.0073   -0.0001   -0.0119   -0.0029    0.0143    0.0184   -0.0067   -0.0230    0.0048
       36 H8     1s         0.2948    0.1829   -0.1907   -0.3053    0.0509    0.3561    0.3976    0.0042   -0.4939   -0.2967
       37 H8     2s         0.0340    0.0153   -0.0391   -0.0515    0.0262    0.0965    0.1337   -0.0056   -0.1972   -0.1198
       38 H8     2px       -0.0000   -0.0000   -0.0000    0.0000   -0.0000   -0.0000   -0.0000   -0.0000   -0.0000   -0.0000
       39 H8     2py       -0.0000   -0.0000   -0.0000    0.0000   -0.0000    0.0000   -0.0000   -0.0000    0.0000   -0.0000
       40 H8     2pz       -0.0047    0.0025    0.0099    0.0023   -0.0116   -0.0125    0.0151    0.0195   -0.0006   -0.0239
       41 H9     1s         0.2441    0.3022    0.1213   -0.1698   -0.3443   -0.2637    0.2430    0.4516    0.3335   -0.1398
       42 H9     2s         0.0241    0.0410    0.0307   -0.0190   -0.0775   -0.0785    0.0766    0.1683    0.1361   -0.0555
       43 H9     2px       -0.0000   -0.0000   -0.0000   -0.0000   -0.0000    0.0000   -0.0000    0.0000    0.0000   -0.0000
       44 H9     2py       -0.0000   -0.0000   -0.0000    0.0000    0.0000   -0.0000    0.0000   -0.0000    0.0000    0.0000
       45 H9     2pz        0.0011    0.0057    0.0098    0.0053   -0.0076   -0.0141   -0.0187   -0.0105    0.0131    0.0252
       46 H10    1s         0.2127    0.3096    0.2228   -0.0211   -0.2827   -0.3293   -0.3814   -0.3357    0.0275    0.4352
       47 H10    2s         0.0264    0.0378    0.0229   -0.0205   -0.0746   -0.0861   -0.1305   -0.1196    0.0160    0.1795
       48 H10    2px       -0.0000   -0.0000    0.0000    0.0000   -0.0000   -0.0000    0.0000   -0.0000   -0.0000   -0.0000
       49 H10    2py       -0.0000   -0.0000   -0.0000   -0.0000    0.0000   -0.0000   -0.0000    0.0000    0.0000   -0.0000
       50 H10    2pz       -0.0052   -0.0047    0.0021    0.0103    0.0133    0.0088   -0.0095   -0.0199   -0.0227   -0.0117
       51 H11    1s         0.1293    0.2433    0.3191    0.3365    0.2847    0.1647   -0.1061   -0.2897   -0.4763   -0.5714
       52 H11    2s         0.0113    0.0280    0.0504    0.0725    0.0807    0.0577   -0.0275   -0.1021   -0.1893   -0.2375
       53 H11    2px        0.0000    0.0000    0.0000    0.0000    0.0000    0.0000   -0.0000    0.0000    0.0000   -0.0000
       54 H11    2py       -0.0000   -0.0000   -0.0000    0.0000   -0.0000   -0.0000   -0.0000   -0.0000    0.0000   -0.0000
       55 H11    2pz       -0.0007    0.0004    0.0041    0.0098    0.0143    0.0125    0.0160    0.0206    0.0147    0.0021
       56 H12    1s         0.0855    0.1707    0.2480    0.3052    0.3197    0.2362    0.2884    0.4339    0.4668    0.4203
       57 H12    2s         0.0096    0.0201    0.0318    0.0444    0.0539    0.0453    0.0944    0.1567    0.1860    0.1814
       58 H12    2px        0.0000    0.0000   -0.0000   -0.0000    0.0000    0.0000   -0.0000   -0.0000   -0.0000   -0.0000
       59 H12    2py       -0.0000   -0.0000   -0.0000   -0.0000   -0.0000   -0.0000   -0.0000   -0.0000   -0.0000    0.0000
       60 H12    2pz       -0.0050   -0.0093   -0.0120   -0.0125   -0.0107   -0.0064    0.0009    0.0057    0.0128    0.0193
 
          Orbital           11        12        13        14        15    
          Energy            0.0317    0.0617    0.3093    0.3211    0.3431
          Occ. No.          0.0000    0.0000    0.0000    0.0000    0.0000
 
        1 H1     1s         0.3159   -0.1700   -0.0858    0.1373   -0.1378
        2 H1     2s         0.1447   -0.0809    0.1718   -0.3100    0.4038
        3 H1     2px        0.0000   -0.0000    0.0000   -0.0000   -0.0000
        4 H1     2py       -0.0000    0.0000    0.0000   -0.0000    0.0000
        5 H1     2pz       -0.0213    0.0147   -0.0218    0.0355   -0.0389
        6 H2     1s        -0.5178    0.3097   -0.1187    0.1697   -0.1380
        7 H2     2s        -0.2161    0.1273    0.1385   -0.2157    0.1998
        8 H2     2px        0.0000   -0.0000   -0.0000    0.0000   -0.0000
        9 H2     2py        0.0000   -0.0000    0.0000   -0.0000    0.0000
       10 H2     2pz        0.0096   -0.0110    0.0034   -0.0121    0.0272
       11 H3     1s         0.6183   -0.4434   -0.1412    0.1751   -0.0864
       12 H3     2s         0.2536   -0.1799    0.1824   -0.2387    0.1257
       13 H3     2px        0.0000   -0.0000    0.0000    0.0000   -0.0000
       14 H3     2py        0.0000   -0.0000    0.0000   -0.0000    0.0000
       15 H3     2pz       -0.0067    0.0136   -0.0083    0.0026    0.0129
       16 H4     1s        -0.5810    0.5390   -0.1561    0.1319    0.0323
       17 H4     2s        -0.2385    0.2181    0.2006   -0.1954   -0.0328
       18 H4     2px       -0.0000    0.0000   -0.0000    0.0000   -0.0000
       19 H4     2py       -0.0000    0.0000    0.0000   -0.0000   -0.0000
       20 H4     2pz       -0.0123   -0.0042    0.0002   -0.0114    0.0233
       21 H5     1s         0.3967   -0.6151   -0.1677    0.0992    0.0986
       22 H5     2s         0.1624   -0.2488    0.2173   -0.1298   -0.1766
       23 H5     2px       -0.0000    0.0000    0.0000    0.0000   -0.0000
       24 H5     2py       -0.0000   -0.0000    0.0000   -0.0000   -0.0000
       25 H5     2pz        0.0144    0.0090   -0.0046   -0.0100    0.0160
       26 H6     1s        -0.1586    0.6491   -0.1742    0.0252    0.1608
       27 H6     2s        -0.0651    0.2625    0.2243   -0.0457   -0.2619
       28 H6     2px        0.0000   -0.0000    0.0000    0.0000    0.0000
       29 H6     2py        0.0000    0.0000    0.0000   -0.0000   -0.0000
       30 H6     2pz       -0.0230    0.0027    0.0020   -0.0141    0.0056
       31 H7     1s        -0.1586   -0.6491   -0.1742   -0.0252    0.1608
       32 H7     2s        -0.0651   -0.2625    0.2243    0.0457   -0.2619
       33 H7     2px       -0.0000    0.0000    0.0000    0.0000    0.0000
       34 H7     2py       -0.0000    0.0000    0.0000    0.0000    0.0000
       35 H7     2pz        0.0230    0.0027   -0.0020   -0.0141   -0.0056
       36 H8     1s         0.3967    0.6151   -0.1677   -0.0992    0.0986
       37 H8     2s         0.1624    0.2488    0.2173    0.1298   -0.1766
       38 H8     2px        0.0000    0.0000    0.0000    0.0000   -0.0000
       39 H8     2py        0.0000    0.0000    0.0000    0.0000    0.0000
       40 H8     2pz       -0.0144    0.0090    0.0046   -0.0100   -0.0160
       41 H9     1s        -0.5810   -0.5390   -0.1561   -0.1319    0.0323
       42 H9     2s        -0.2385   -0.2181    0.2006    0.1954   -0.0328
       43 H9     2px       -0.0000    0.0000    0.0000    0.0000   -0.0000
       44 H9     2py        0.0000   -0.0000    0.0000   -0.0000   -0.0000
       45 H9     2pz        0.0123   -0.0042   -0.0002   -0.0114   -0.0233
       46 H10    1s         0.6183    0.4434   -0.1412   -0.1751   -0.0864
       47 H10    2s         0.2536    0.1799    0.1824    0.2387    0.1257
       48 H10    2px       -0.0000    0.0000   -0.0000    0.0000    0.0000
       49 H10    2py        0.0000    0.0000    0.0000   -0.0000   -0.0000
       50 H10    2pz        0.0067    0.0136    0.0083    0.0026   -0.0129
       51 H11    1s        -0.5178   -0.3097   -0.1187   -0.1697   -0.1380
       52 H11    2s        -0.2161   -0.1273    0.1385    0.2157    0.1998
       53 H11    2px       -0.0000    0.0000   -0.0000    0.0000   -0.0000
       54 H11    2py       -0.0000   -0.0000    0.0000    0.0000   -0.0000
       55 H11    2pz       -0.0096   -0.0110   -0.0034   -0.0121   -0.0272
       56 H12    1s         0.3159    0.1700   -0.0858   -0.1373   -0.1378
       57 H12    2s         0.1447    0.0809    0.1718    0.3100    0.4038
       58 H12    2px        0.0000   -0.0000   -0.0000   -0.0000   -0.0000
       59 H12    2py       -0.0000   -0.0000    0.0000    0.0000   -0.0000
       60 H12    2pz        0.0213    0.0147    0.0218    0.0355    0.0389
--
 
 
++    Molecular charges:
      ------------------
 
      Mulliken charges per centre and basis function type
      ---------------------------------------------------
 
                H1      H2      H3      H4      H5      H6      H7      H8      H9      H10     H11     H12   
      1s       0.8819  0.9738  0.9345  0.9463  0.9383  0.9417  0.9417  0.9383  0.9463  0.9345  0.9738  0.8819
      2s       0.0550  0.0650  0.0471  0.0514  0.0500  0.0506  0.0506  0.0500  0.0514  0.0471  0.0650  0.0550
      2px      0.0000  0.0000  0.0000  0.0000  0.0000  0.0000  0.0000  0.0000  0.0000  0.0000  0.0000  0.0000
      2pz      0.0090  0.0114  0.0110  0.0109  0.0111  0.0110  0.0110  0.0111  0.0109  0.0110  0.0114  0.0090
      2py      0.0000  0.0000  0.0000  0.0000  0.0000  0.0000  0.0000  0.0000  0.0000  0.0000  0.0000  0.0000
      Total    0.9459  1.0503  0.9925  1.0086  0.9994  1.0033  1.0033  0.9994  1.0086  0.9925  1.0503  0.9459
 
      N-E      0.0541 -0.0503  0.0075 -0.0086  0.0006 -0.0033 -0.0033  0.0006 -0.0086  0.0075 -0.0503  0.0541
 
      Total electronic charge=   12.000000
 
      Total            charge=   -0.000000
--
 
 
  Input file to MOLDEN was generated!
 
 
++    Static properties:
      ------------------
 
 
      LoProp Charges per center
 

                   H1       H2       H3       H4       H5       H6       H7       H8       H9       H10   
      Nuclear      1.0000   1.0000   1.0000   1.0000   1.0000   1.0000   1.0000   1.0000   1.0000   1.0000
      Electronic  -0.9719  -1.0219  -0.9951  -1.0082  -0.9997  -1.0032  -1.0032  -0.9997  -1.0082  -0.9951
 
      Total        0.0281  -0.0219   0.0049  -0.0082   0.0003  -0.0032  -0.0032   0.0003  -0.0082   0.0049
 

                   H11      H12   
      Nuclear      1.0000   1.0000
      Electronic  -1.0219  -0.9719
 
      Total       -0.0219   0.0281
--
 
 
++    Natural Bond Order analysis
      ---------------------------
      Based on LoProp computed density
      -------------------------------------------------------------------------------------
      Atom A       Atom B       Bond Order
      -------------------------------------------------------------------------------------
      NBO located      0.949 non-bonded electrons on atom H1        
      NBO located      1.005 non-bonded electrons on atom H3        
      NBO located      1.019 non-bonded electrons on atom H4        
      NBO located      1.010 non-bonded electrons on atom H5        
      NBO located      1.014 non-bonded electrons on atom H6        
      NBO located      1.014 non-bonded electrons on atom H7        
      NBO located      1.010 non-bonded electrons on atom H8        
      NBO located      1.019 non-bonded electrons on atom H9        
      NBO located      1.005 non-bonded electrons on atom H10       
      NBO located      0.949 non-bonded electrons on atom H12       
      The remaining    2.006 electrons are to be considered as diffuse
--
 
 
++    Molecular properties:
      ---------------------
 
      Charge (e):
                      =   -0.0000
      Dipole Moment (Debye):
      Origin of the operator (Ang)=    0.0000    0.0000    0.0000
                   X=  2.0098E-13               Y=  2.2129E-14               Z= -2.1022E-11           Total=  2.1023E-11
      Quadrupole Moment (Debye*Ang):
      Origin of the operator (Ang)=    0.0000    0.0000   10.9000
                  XX= -2.4642E+01              XY= -3.4154E-28              XZ= -2.1372E-12              YY= -2.4642E+01
                  YZ= -1.7106E-13              ZZ=  5.3905E+00
      In traceless form (Debye*Ang)
                  XX= -1.5016E+01              XY= -5.1231E-28              XZ= -3.2059E-12              YY= -1.5016E+01
                  YZ= -2.5659E-13              ZZ=  3.0032E+01
--
 
 
  Input file to MOLDEN was generated!
 
 ###############################################################################
 ###############################################################################
 ###                                                                         ###
 ###                                                                         ###
 ###    RunFile label nBas                                                   ###
 ###    was used       78 times                                              ###
 ###                                                                         ###
 ###                                                                         ###
 ###############################################################################
 ###############################################################################
forrtl: warning (528): IEEE_UNDERFLOW is signaling
--- Stop Module: scf at Mon Oct 27 06:54:10 2025 /rc=_RC_ALL_IS_WELL_ ---
*** files: H12_1.98.LprOrb H12_1.98.LoProp.molden H12_1.98.scf.molden H12_1.98.ScfOrb H12_1.98.scf.h5 xmldump
    saved to directory /home/grierjones/DDCASPT2/hydrogen_comps/rerun/H12_chain/H12_1.98

>>> COPY /tmp/H12_1.98/H12_1.98.scf.h5 /home/grierjones/DDCASPT2/hydrogen_comps/rerun/H12_chain/H12_1.98/

*** symbolic link created: INPORB -> H12_1.98.ScfOrb
--- Start Module: rasscf at Mon Oct 27 06:54:10 2025 ---
 
()()()()()()()()()()()()()()()()()()()()()()()()()()()()()()()()()()()()()()()()()()()()()()()()()()

                                              &RASSCF

                                   only a single process is used
                       available to each process: 2.0 GB of memory, 1 thread?
()()()()()()()()()()()()()()()()()()()()()()()()()()()()()()()()()()()()()()()()()()()()()()()()()()
 
 
      Header of the ONEINT file:
      --------------------------
      
      Integrals generated by seward 4.2.0  , Mon Oct 27 06:54:09 2025
 
 
      OrdInt status: non-squared
 
 
      Cartesian coordinates in Angstrom:
      -----------------------------------------------------
      No.  Label        X            Y            Z        
      -----------------------------------------------------
       1   H1         0.00000000   0.00000000   0.00000000
       2   H2         0.00000000   0.00000000   1.98181800
       3   H3         0.00000000   0.00000000   3.96363600
       4   H4         0.00000000   0.00000000   5.94545500
       5   H5         0.00000000   0.00000000   7.92727300
       6   H6         0.00000000   0.00000000   9.90909100
       7   H7         0.00000000   0.00000000  11.89090900
       8   H8         0.00000000   0.00000000  13.87272700
       9   H9         0.00000000   0.00000000  15.85454500
      10   H10        0.00000000   0.00000000  17.83636400
      11   H11        0.00000000   0.00000000  19.81818200
      12   H12        0.00000000   0.00000000  21.80000000
      -----------------------------------------------------
      Nuclear repulsion energy =    6.73909140
 
++    Wave function specifications:
      -----------------------------
 
      Number of closed shell electrons           0
      Number of electrons in active shells      12
      Max number of holes in RAS1 space          0
      Max nr of electrons in RAS3 space          0
      Number of inactive orbitals                0
      Number of active orbitals                 12
      Number of secondary orbitals              48
      Spin quantum number                      0.0
      State symmetry                             1
--
 
++    Orbital specifications:
      -----------------------
 
      Symmetry species                           1
                                                 a
      Frozen orbitals                            0
      Inactive orbitals                          0
      Active orbitals                           12
      RAS1 orbitals                              0
      RAS2 orbitals                             12
      RAS3 orbitals                              0
      Secondary orbitals                        48
      Deleted orbitals                           0
      Number of basis functions                 60
--
 
++    CI expansion specifications:
      ----------------------------
 
      Number of CSFs                        226512
      Number of determinants                427350
      Number of root(s) required                 1
      Root chosen for geometry opt.              1
      CI root used                               1
         
      highest root included in the CI            1
      max. size of the explicit Hamiltonian    200
--
 
++    Optimization specifications:
      ----------------------------
 
      RASSCF algorithm: Conventional
      Maximum number of macro iterations       200
      Maximum number of SX iterations          100
      Threshold for RASSCF energy            0.100E-07
      Threshold for max MO rotation          0.100E+00
      Threshold for max BLB element          0.100E-03
      Level shift parameter                  0.500E+00
      Make Quasi-Newton update
--
 
      The MO-coefficients are taken from the file:
      /home/grierjones/DDCASPT2/hydrogen_comps/rerun/H12_chain/H12_0.60/H12_0.60.RasOrb                                               
      Title: RASSCF average (pseudo-natural) orbitals                                      
 
      Total molecular charge    0.00
 
      ************************************************************************************************************************
      *                                                                                                                      *
      *                                            Wave function control section                                             *
      *                                                                                                                      *
      ************************************************************************************************************************
 
 
                                         RASSCF iterations: Energy and convergence statistics
                                         ----------------------------------------------------
 
      Iter CI   SX   CI       RASSCF       Energy    max ROT     max BLB   max BLB  Level Ln srch  Step   QN   Walltime
          iter iter root      energy       change     param      element    value   shift minimum  type update hh:mm:ss
        No convergence in the CI section: MAXJT will be increased to 
 24
 Nr of preliminary CI iterations:  12
        1  11  100    1    -4.07437608    0.00E+00  -0.21E+00*   4  21 1  0.30E+00*  0.42   0.00    SX    NO    0:00:46
        No convergence in the CI section: MAXJT will be increased to 
 36
        2  24  100    1    -5.12496818   -0.11E+01* -0.39E+00*   4  21 1  0.26E+00*  0.32   0.00    SX    NO    0:00:41
        3  19  100    1    -5.64263860   -0.52E+00* -0.41E+00*   2  14 1 -0.17E+00*  0.15   0.00    SX    NO    0:00:34
        4  19  100    1    -5.84265772   -0.20E+00* -0.11E+00*   2  14 1 -0.81E-01*  0.12   0.00    SX    NO    0:00:34
        No convergence in the CI section: MAXJT will be increased to 
 72
        5  60  100    1    -5.91329996   -0.71E-01* -0.13E+00*   2  14 1 -0.29E-01*  0.14   1.07    QN   YES    0:01:38
        6  10  100    1    -5.93665913   -0.23E-01* -0.19E+00*   4  14 1 -0.14E-01*  0.13   2.50    QN   YES    0:00:20
        7  11  100    1    -5.94681448   -0.10E-01*  0.13E+00*   2  14 1  0.60E-01*  0.10   0.73    QN   YES    0:00:22
        8   7   83    1    -5.94030716    0.65E-02* -0.14E+00*   2  14 1  0.29E-01*  0.14  -0.26    SX   YES    0:00:16
        9  11  100    1    -5.96370584   -0.23E-01* -0.12E+00*  11  14 1  0.25E-01*  0.09   2.50    LS   YES    0:00:22
       10   7  100    1    -5.99412943   -0.30E-01* -0.11E+00*  12  14 1  0.38E-01*  0.04   2.50    LS   YES    0:00:16
       11   7  100    1    -6.02806455   -0.34E-01* -0.22E+00*  12  14 1  0.48E-01*  0.00   2.50    QN   YES    0:00:16
       12  11  100    1    -6.04548328   -0.17E-01*  0.57E-01    2  24 1  0.65E-01*  0.00   0.71    QN   YES    0:00:22
       13   6   23    1    -6.03194766    0.14E-01* -0.63E-01    2  30 1 -0.66E-01*  0.00   0.04    SX   YES    0:00:14
       14   7  100    1    -6.07263860   -0.41E-01* -0.54E-01    2  30 1 -0.35E-01*  0.00   2.16    LS   YES    0:00:16
       15   5   14    1    -6.08950834   -0.17E-01* -0.21E-01    2  24 1  0.11E-01*  0.00   1.37    QN   YES    0:00:13
       16   5   15    1    -6.09237342   -0.29E-02*  0.11E-01   11  20 1  0.42E-02*  0.00   1.10    QN   YES    0:00:13
       17  10   17    1    -6.09160227    0.77E-03* -0.11E-01   11  20 1  0.10E-01*  0.00  -0.50    LS   YES    0:00:20
       18  10   15    1    -6.09248055   -0.88E-03* -0.56E-02   11  20 1  0.42E-02*  0.00   1.23    QN   YES    0:00:20
       19   4   15    1    -6.09268518   -0.20E-03* -0.42E-02    2  14 1 -0.25E-02*  0.00   1.72    SX   YES    0:00:11
       20  10   12    1    -6.09278708   -0.10E-03*  0.11E-02    2  14 1  0.62E-03*  0.00   1.11    QN   YES    0:00:20
       21   9   11    1    -6.09279427   -0.72E-05*  0.12E-03    6  24 1 -0.94E-04   0.00   1.05    QN   YES    0:00:19
       22  10    9    1    -6.09279476   -0.49E-06* -0.65E-04    6  24 1  0.32E-04   0.00   1.00    QN   YES    0:00:20
       23  15    9    1    -6.09279485   -0.89E-07* -0.49E-04    6  37 1  0.18E-04   0.00   1.02    QN   YES    0:00:28
       24   9    8    1    -6.09279486   -0.12E-07*  0.20E-04    2  14 1 -0.12E-04   0.00   0.88    QN   YES    0:00:19
       25   1    7    1    -6.09279486   -0.24E-08   0.52E-05    6  37 1  0.45E-05   0.00   0.94    QN   YES    0:00:07
      Convergence after 25 iterations
 
  Dmat in MO in SXCTL bf call to SXHAM                                                                                    
  mat. size =    12x   12
 
        1.6230045236891035
       -0.0007447917057622      1.6236640507683338
       -0.0784811953019738     -0.0012061647167791      1.4895654467656514
       -0.0015937816716484      0.0256410380612372     -0.0026522594176778      1.4306729910152332
        0.0045971742420803      0.0002678257481480     -0.0495243795279998      0.0008386227642967      1.4246014489456313
        0.0004094809934568      0.0555952180935086      0.0004711409752811     -0.0159925703377953     -0.0002129119962175
        1.3106908883152226
        0.0141596217550064      0.0004430170003050      0.1972306438900986      0.0000594633632364      0.0023759024991023
        0.0001419939057029      0.4456825642508185
        0.0001073620407597     -0.0356451261318607      0.0003799986056584     -0.1945684464013674     -0.0000923893008340
       -0.0122509959466992     -0.0000071069445610      0.4059871638699658
       -0.0518229497001539     -0.0001987578811376     -0.1111319378575612     -0.0002989411433155     -0.1037251844077281
        0.0001336075143731      0.0063788930701324      0.0000195769029233      0.7232989941674141
        0.0000034223050910     -0.0238832837815970      0.0002426810404366      0.2188659631667713     -0.0003104042180129
       -0.0999274199454950      0.0000158616448673      0.0415890647735907      0.0002088694548849      0.5503282400372719
       -0.1438571118198978      0.0368760506432319     -0.1901545081796863      0.0831856510007392      0.0397683218286927
       -0.0337232415166106      0.0089652052656405     -0.0180232250090964     -0.0298971594578107     -0.0394208787462817
        0.4884203481436563
        0.1253960281148023      0.0484473342033579      0.1704477304639594      0.1079480214132890     -0.0379327825367051
       -0.0404593870551175     -0.0062776670132688     -0.0233020509546705      0.0259480351163251     -0.0432751336450606
       -0.0351371107164210      0.4840833400316796
       26   1    7    1    -6.09279486   -0.32E-09   0.52E-05   11  20 1 -0.16E-05   0.00   0.94    QN   YES    0:00:08
 
      ************************************************************************************************************************
                                                      Wave function printout:
                       occupation of active orbitals, and spin coupling of open shells (u,d: Spin up or down)
      ************************************************************************************************************************
 
      Note: transformation to natural orbitals
      has been made, which may change the order of the CSFs.
 
      printout of CI-coefficients larger than  0.05 for root  1
      energy=      -6.092795
      conf/sym  111111111111     Coeff  Weight
             1  222222000000   0.41445 0.17177
            43  222220002000  -0.18115 0.03281
            67  2222ud00ud00  -0.18065 0.03264
            83  222u2du0d000   0.13501 0.01823
            89  222u2d000200  -0.05580 0.00311
           107  22u22du00d00   0.05770 0.00333
           113  22u22d00u0d0   0.11224 0.01260
           139  2u222d00u00d   0.10111 0.01022
           147  u2222d0ud000  -0.11907 0.01418
           161  u2222d000u0d  -0.05533 0.00306
           167  222202u0d000   0.05517 0.00304
           169  222202002000  -0.05143 0.00265
           173  222202000200  -0.10442 0.01090
           191  222ud2u00d00   0.12068 0.01456
           197  222ud200u0d0   0.05712 0.00326
           219  22u2d2000ud0   0.09936 0.00987
           231  2u22d20ud000   0.05603 0.00314
           237  2u22d2u000d0   0.05400 0.00292
           245  2u22d2000u0d   0.09745 0.00950
           255  u222d20u0d00  -0.07944 0.00631
           265  u222d200u00d  -0.05056 0.00256
           269  222022200000  -0.07330 0.00537
           300  22ud22u000d0  -0.09675 0.00936
           308  22ud22000u0d  -0.05447 0.00297
           326  2u2d22u0000d  -0.07663 0.00587
           333  u22d22ud0000   0.07031 0.00494
           367  220222000020  -0.05700 0.00325
           393  2ud2220000ud  -0.07178 0.00515
           406  u2d2220u00d0   0.06640 0.00441
           436  202222000002  -0.05003 0.00250
           453  ud22220u000d   0.06637 0.00441
           460  022222020000  -0.05064 0.00256
           484  2222uu00dd00   0.05012 0.00251
           541  u2222u0dd000  -0.05157 0.00266
          5623  222200002200   0.08294 0.00688
          5721  222ud0u02d00   0.07936 0.00630
          5847  22u2d0002ud0  -0.06406 0.00410
          5982  2u22d0002u0d  -0.05831 0.00340
          6037  u222d00u2d00  -0.05239 0.00274
          6132  222020202000   0.05046 0.00255
          6260  22ud20u020d0  -0.05317 0.00283
          7196  222u0du0d200   0.06220 0.00387
          7739  22ududu0udd0  -0.05483 0.00301
 
      Natural orbitals and occupation numbers for root  1
      sym 1:   1.669281   1.644009   1.598902   1.529292   1.430412   1.304792   0.472832   0.319195   0.709118   0.578520
               0.396754   0.346891
 
      ************************************************************************************************************************
      *                                                                                                                      *
      *                                                    Final results                                                     *
      *                                                                                                                      *
      ************************************************************************************************************************
 
 
++    Wave function specifications:
      -----------------------------
 
      Number of closed shell electrons           0
      Number of electrons in active shells      12
      Max number of holes in RAS1 space          0
      Max nr of electrons in RAS3 space          0
      Number of inactive orbitals                0
      Number of active orbitals                 12
      Number of secondary orbitals              48
      Spin quantum number                      0.0
      State symmetry                             1
--
 
++    Orbital specifications:
      -----------------------
 
      Symmetry species                           1
                                                 a
      Frozen orbitals                            0
      Inactive orbitals                          0
      Active orbitals                           12
      RAS1 orbitals                              0
      RAS2 orbitals                             12
      RAS3 orbitals                              0
      Secondary orbitals                        48
      Deleted orbitals                           0
      Number of basis functions                 60
--
 
++    CI expansion specifications:
      ----------------------------
 
      Number of CSFs                        226512
      Number of determinants                427350
      Number of root(s) required                 1
      CI root used                               1
      highest root included in the CI            1
      Root passed to geometry opt.               1
--
 
++    Final optimization conditions:
      ------------------------------
 
      Average CI energy                              -6.09279486
      RASSCF energy for state  1                     -6.09279486
      Super-CI energy                                -0.00000000
      RASSCF energy change                            0.00000000
      Max change in MO coefficients              -0.539E-05
      Max non-diagonal density matrix element     0.523E-05
      Maximum BLB matrix element                 -0.162E-05
      (orbital pair  11,  20 in symmetry   1)
      Norm of electronic gradient            0.479E-05
--
 
 
      Final state energy(ies):
      ------------------------
 
::    RASSCF root number  1 Total energy:     -6.09279486
 
++    Molecular orbitals:
      -------------------
 
      Pseudonatural active orbitals and approximate occupation numbers
 
 
 
 
      Molecular orbitals for symmetry species 1: a  
 
 
      Orbital                1         2         3         4         5         6         7         8         9        10
      Energy            0.0000    0.0000    0.0000    0.0000    0.0000    0.0000    0.0000    0.0000    0.0000    0.0000
      Occ. No.          1.6693    1.6440    1.5989    1.5293    1.4304    1.3048    0.4728    0.3192    0.7091    0.5785
 
    1 H1     1s         0.1025    0.1991    0.2799   -0.3285    0.3214   -0.2294    0.4335   -0.1597   -0.2630   -0.3955
    2 H1     2s         0.0058    0.0119    0.0183   -0.0240    0.0264   -0.0207    0.0482   -0.0205   -0.0274   -0.0422
    3 H1     2px       -0.0000   -0.0000   -0.0000    0.0000   -0.0000    0.0000   -0.0000    0.0000    0.0000    0.0000
    4 H1     2py       -0.0000   -0.0000   -0.0000   -0.0000   -0.0000    0.0000    0.0000   -0.0000   -0.0000   -0.0000
    5 H1     2pz        0.0022    0.0040    0.0048   -0.0045    0.0033   -0.0018    0.0031   -0.0019   -0.0012   -0.0022
    6 H2     1s         0.1506    0.2725    0.3391   -0.3330    0.2551   -0.1316   -0.4260    0.2692    0.0924    0.2597
    7 H2     2s         0.0067    0.0161    0.0285   -0.0403    0.0438   -0.0316   -0.0595    0.0525   -0.0025    0.0232
    8 H2     2px       -0.0000   -0.0000   -0.0000    0.0000   -0.0000    0.0000   -0.0000    0.0000    0.0000   -0.0000
    9 H2     2py       -0.0000   -0.0000   -0.0000    0.0000   -0.0000    0.0000    0.0000   -0.0000   -0.0000   -0.0000
   10 H2     2pz        0.0015    0.0015   -0.0007    0.0041   -0.0065    0.0056   -0.0009   -0.0007    0.0038    0.0031
   11 H3     1s         0.2228    0.3147    0.2095    0.0481   -0.3005    0.3424   -0.0174   -0.3820    0.3804    0.3418
   12 H3     2s         0.0130    0.0178    0.0082    0.0162   -0.0434    0.0478    0.0077   -0.0728    0.0538    0.0451
   13 H3     2px        0.0000    0.0000    0.0000   -0.0000    0.0000    0.0000   -0.0000    0.0000    0.0000    0.0000
   14 H3     2py       -0.0000    0.0000   -0.0000   -0.0000    0.0000    0.0000    0.0000    0.0000   -0.0000    0.0000
   15 H3     2pz        0.0013    0.0001   -0.0031    0.0058   -0.0054    0.0026    0.0019   -0.0018   -0.0014   -0.0020
   16 H4     1s         0.2583    0.3002    0.0850    0.2149   -0.3565    0.2447    0.3309    0.4557   -0.2340   -0.4403
   17 H4     2s         0.0125    0.0202    0.0133    0.0130   -0.0422    0.0426    0.0627    0.0900   -0.0230   -0.0668
   18 H4     2px       -0.0000    0.0000    0.0000    0.0000    0.0000   -0.0000   -0.0000    0.0000    0.0000    0.0000
   19 H4     2py       -0.0000    0.0000   -0.0000    0.0000    0.0000   -0.0000    0.0000    0.0000   -0.0000    0.0000
   20 H4     2pz        0.0011   -0.0014   -0.0047    0.0034    0.0027   -0.0062   -0.0018   -0.0016   -0.0035   -0.0004
   21 H5     1s         0.2980    0.1848   -0.1938    0.3062    0.0475   -0.3771   -0.4488   -0.5153   -0.4069   -0.0134
   22 H5     2s         0.0162    0.0072   -0.0197    0.0247    0.0161   -0.0547   -0.0795   -0.1000   -0.0542    0.0091
   23 H5     2px        0.0000    0.0000   -0.0000   -0.0000    0.0000   -0.0000   -0.0000   -0.0000    0.0000    0.0000
   24 H5     2py        0.0000    0.0000    0.0000    0.0000    0.0000   -0.0000    0.0000   -0.0000   -0.0000    0.0000
   25 H5     2pz        0.0005   -0.0027   -0.0042   -0.0008    0.0060   -0.0046   -0.0014   -0.0019    0.0024    0.0026
   26 H6     1s         0.3108    0.0926   -0.2894    0.1918    0.2387   -0.3390    0.2405    0.5412    0.3510    0.3299
   27 H6     2s         0.0161    0.0100   -0.0183    0.0247    0.0201   -0.0526    0.0334    0.1060    0.0428    0.0589
   28 H6     2px       -0.0000   -0.0000   -0.0000   -0.0000    0.0000    0.0000    0.0000   -0.0000   -0.0000   -0.0000
   29 H6     2py       -0.0000   -0.0000    0.0000   -0.0000   -0.0000    0.0000   -0.0000   -0.0000    0.0000   -0.0000
   30 H6     2pz        0.0003   -0.0033   -0.0015   -0.0052    0.0025    0.0060    0.0008   -0.0019    0.0032   -0.0016
   31 H7     1s         0.3108   -0.0926   -0.2894   -0.1918    0.2387    0.3390    0.2405   -0.5412    0.3510   -0.3299
   32 H7     2s         0.0161   -0.0100   -0.0183   -0.0247    0.0201    0.0526    0.0334   -0.1060    0.0428   -0.0589
   33 H7     2px        0.0000   -0.0000   -0.0000   -0.0000    0.0000    0.0000    0.0000   -0.0000   -0.0000   -0.0000
   34 H7     2py        0.0000   -0.0000    0.0000   -0.0000   -0.0000   -0.0000   -0.0000   -0.0000    0.0000   -0.0000
   35 H7     2pz       -0.0003   -0.0033    0.0015   -0.0052   -0.0025    0.0060   -0.0008   -0.0019   -0.0032   -0.0016
   36 H8     1s         0.2980   -0.1848   -0.1938   -0.3062    0.0475    0.3771   -0.4488    0.5153   -0.4069    0.0134
   37 H8     2s         0.0162   -0.0072   -0.0197   -0.0247    0.0161    0.0547   -0.0795    0.1000   -0.0542   -0.0091
   38 H8     2px       -0.0000    0.0000    0.0000   -0.0000    0.0000   -0.0000    0.0000   -0.0000    0.0000    0.0000
   39 H8     2py       -0.0000    0.0000    0.0000   -0.0000    0.0000   -0.0000    0.0000   -0.0000    0.0000    0.0000
   40 H8     2pz       -0.0005   -0.0027    0.0042   -0.0008   -0.0060   -0.0046    0.0014   -0.0019   -0.0024    0.0026
   41 H9     1s         0.2583   -0.3002    0.0850   -0.2149   -0.3565   -0.2447    0.3309   -0.4557   -0.2340    0.4403
   42 H9     2s         0.0125   -0.0202    0.0133   -0.0130   -0.0422   -0.0426    0.0627   -0.0900   -0.0230    0.0668
   43 H9     2px       -0.0000    0.0000    0.0000    0.0000   -0.0000   -0.0000   -0.0000    0.0000    0.0000    0.0000
   44 H9     2py       -0.0000    0.0000   -0.0000    0.0000    0.0000   -0.0000    0.0000    0.0000   -0.0000   -0.0000
   45 H9     2pz       -0.0011   -0.0014    0.0047    0.0034   -0.0027   -0.0062    0.0018   -0.0016    0.0035   -0.0004
   46 H10    1s         0.2228   -0.3147    0.2095   -0.0481   -0.3005   -0.3424   -0.0174    0.3820    0.3804   -0.3418
   47 H10    2s         0.0130   -0.0178    0.0082   -0.0162   -0.0434   -0.0478    0.0077    0.0728    0.0538   -0.0451
   48 H10    2px        0.0000    0.0000    0.0000   -0.0000   -0.0000   -0.0000   -0.0000    0.0000    0.0000    0.0000
   49 H10    2py       -0.0000    0.0000   -0.0000   -0.0000    0.0000    0.0000    0.0000    0.0000   -0.0000    0.0000
   50 H10    2pz       -0.0013    0.0001    0.0031    0.0058    0.0054    0.0026   -0.0019   -0.0018    0.0014   -0.0020
   51 H11    1s         0.1506   -0.2725    0.3391    0.3330    0.2551    0.1317   -0.4260   -0.2692    0.0924   -0.2597
   52 H11    2s         0.0067   -0.0161    0.0285    0.0403    0.0438    0.0316   -0.0595   -0.0525   -0.0025   -0.0232
   53 H11    2px        0.0000   -0.0000    0.0000    0.0000    0.0000    0.0000   -0.0000   -0.0000    0.0000   -0.0000
   54 H11    2py        0.0000   -0.0000    0.0000    0.0000    0.0000    0.0000   -0.0000    0.0000   -0.0000   -0.0000
   55 H11    2pz       -0.0015    0.0015    0.0007    0.0041    0.0065    0.0056    0.0009   -0.0007   -0.0038    0.0031
   56 H12    1s         0.1025   -0.1991    0.2799    0.3285    0.3214    0.2294    0.4335    0.1597   -0.2630    0.3955
   57 H12    2s         0.0058   -0.0119    0.0183    0.0240    0.0264    0.0207    0.0482    0.0205   -0.0274    0.0422
   58 H12    2px        0.0000   -0.0000    0.0000    0.0000    0.0000    0.0000    0.0000   -0.0000   -0.0000   -0.0000
   59 H12    2py        0.0000   -0.0000    0.0000    0.0000    0.0000    0.0000    0.0000    0.0000   -0.0000   -0.0000
   60 H12    2pz       -0.0022    0.0040   -0.0048   -0.0045   -0.0033   -0.0018   -0.0031   -0.0019    0.0012   -0.0022
 
 
      Orbital               11        12        13        14        15        16        17        18        19        20
      Energy            0.0000    0.0000    0.3185    0.3305    0.3522    0.3863    0.4359    0.5030    0.5849    0.6799
      Occ. No.          0.3968    0.3469    0.0000    0.0000    0.0000    0.0000    0.0000    0.0000    0.0000    0.0000
 
    1 H1     1s         0.3941   -0.2970   -0.0604   -0.0893    0.0713    0.0111    0.0741    0.1641    0.2306    0.2575
    2 H1     2s         0.0462   -0.0366    0.1741    0.3221   -0.4285   -0.4944    0.5297    0.5383    0.5032    0.4261
    3 H1     2px       -0.0000    0.0000    0.0000    0.0000   -0.0000   -0.0000    0.0000    0.0000    0.0000   -0.0000
    4 H1     2py        0.0000    0.0000    0.0000    0.0000   -0.0000    0.0000   -0.0000   -0.0000   -0.0000   -0.0000
    5 H1     2pz        0.0035   -0.0031   -0.0199   -0.0335    0.0382    0.0359   -0.0322   -0.0339   -0.0466   -0.0725
    6 H2     1s        -0.5067    0.4543   -0.1171   -0.1789    0.1667    0.1086   -0.0584   -0.0632   -0.1324   -0.2348
    7 H2     2s        -0.0851    0.0841    0.1330    0.2049   -0.1808   -0.0595   -0.1392   -0.3860   -0.6159   -0.7764
    8 H2     2px        0.0000    0.0000    0.0000    0.0000   -0.0000   -0.0000    0.0000    0.0000    0.0000   -0.0000
    9 H2     2py        0.0000   -0.0000    0.0000    0.0000   -0.0000    0.0000   -0.0000   -0.0000   -0.0000   -0.0000
   10 H2     2pz        0.0008   -0.0011    0.0009    0.0090   -0.0246   -0.0404    0.0469    0.0381    0.0167   -0.0097
   11 H3     1s         0.3550   -0.5277   -0.1224   -0.1391    0.0453   -0.0655    0.0943    0.0326   -0.0239    0.0340
   12 H3     2s         0.0698   -0.1000    0.1843    0.2464   -0.1377    0.0940   -0.3306   -0.4294   -0.2749    0.1368
   13 H3     2px       -0.0000    0.0000    0.0000    0.0000   -0.0000   -0.0000    0.0000    0.0000   -0.0000   -0.0000
   14 H3     2py       -0.0000   -0.0000    0.0000    0.0000    0.0000   -0.0000   -0.0000   -0.0000   -0.0000   -0.0000
   15 H3     2pz        0.0021   -0.0024   -0.0061   -0.0002   -0.0145   -0.0216    0.0094   -0.0119   -0.0103    0.0528
   16 H4     1s        -0.1004    0.4911   -0.1405   -0.1293   -0.0068   -0.1049    0.0731    0.0098    0.0548    0.1533
   17 H4     2s        -0.0111    0.0909    0.2031    0.1942    0.0398    0.2953   -0.3094    0.0239    0.4913    0.6751
   18 H4     2px       -0.0000    0.0000   -0.0000   -0.0000   -0.0000    0.0000   -0.0000   -0.0000   -0.0000   -0.0000
   19 H4     2py        0.0000   -0.0000    0.0000   -0.0000    0.0000    0.0000    0.0000   -0.0000    0.0000   -0.0000
   20 H4     2pz       -0.0003   -0.0017   -0.0021    0.0091   -0.0208   -0.0102   -0.0178   -0.0275   -0.0057   -0.0236
   21 H5     1s        -0.2776   -0.3262   -0.1520   -0.0772   -0.0977   -0.1082   -0.0151   -0.0259    0.0448   -0.0805
   22 H5     2s        -0.0447   -0.0655    0.2195    0.1349    0.1709    0.2960    0.0098    0.4439    0.3668   -0.3730
   23 H5     2px       -0.0000   -0.0000   -0.0000   -0.0000    0.0000    0.0000   -0.0000   -0.0000   -0.0000   -0.0000
   24 H5     2py       -0.0000   -0.0000    0.0000   -0.0000   -0.0000    0.0000    0.0000   -0.0000    0.0000   -0.0000
   25 H5     2pz       -0.0003   -0.0012   -0.0026    0.0108   -0.0162    0.0090   -0.0307   -0.0095    0.0085   -0.0262
   26 H6     1s         0.4651    0.1339   -0.1571   -0.0345   -0.1336   -0.0556   -0.0672   -0.0229   -0.0509   -0.1190
   27 H6     2s         0.0868    0.0211    0.2277    0.0426    0.2621    0.1158    0.3368    0.2628   -0.4359   -0.5393
   28 H6     2px        0.0000   -0.0000   -0.0000   -0.0000    0.0000    0.0000   -0.0000   -0.0000   -0.0000   -0.0000
   29 H6     2py        0.0000    0.0000    0.0000   -0.0000   -0.0000    0.0000    0.0000   -0.0000    0.0000   -0.0000
   30 H6     2pz       -0.0016   -0.0004    0.0001    0.0134   -0.0049    0.0251   -0.0137    0.0234    0.0063    0.0218
   31 H7     1s        -0.4651    0.1339   -0.1571    0.0345   -0.1336    0.0556   -0.0672    0.0229   -0.0509    0.1190
   32 H7     2s        -0.0868    0.0211    0.2277   -0.0426    0.2621   -0.1158    0.3368   -0.2628   -0.4359    0.5393
   33 H7     2px        0.0000   -0.0000   -0.0000   -0.0000    0.0000    0.0000   -0.0000   -0.0000   -0.0000   -0.0000
   34 H7     2py        0.0000    0.0000    0.0000   -0.0000   -0.0000    0.0000    0.0000   -0.0000    0.0000   -0.0000
   35 H7     2pz       -0.0016    0.0004   -0.0001    0.0134    0.0049    0.0251    0.0137    0.0234   -0.0063    0.0218
   36 H8     1s         0.2776   -0.3262   -0.1520    0.0772   -0.0977    0.1082   -0.0151    0.0259    0.0448    0.0805
   37 H8     2s         0.0447   -0.0655    0.2195   -0.1349    0.1709   -0.2960    0.0098   -0.4439    0.3668    0.3730
   38 H8     2px       -0.0000    0.0000   -0.0000   -0.0000    0.0000    0.0000   -0.0000   -0.0000   -0.0000   -0.0000
   39 H8     2py       -0.0000   -0.0000    0.0000   -0.0000   -0.0000    0.0000    0.0000   -0.0000    0.0000   -0.0000
   40 H8     2pz       -0.0003    0.0012    0.0026    0.0108    0.0162    0.0090    0.0307   -0.0095   -0.0085   -0.0262
   41 H9     1s         0.1004    0.4911   -0.1405    0.1293   -0.0068    0.1049    0.0731   -0.0098    0.0548   -0.1533
   42 H9     2s         0.0111    0.0909    0.2031   -0.1942    0.0398   -0.2953   -0.3094   -0.0239    0.4913   -0.6751
   43 H9     2px       -0.0000    0.0000    0.0000   -0.0000   -0.0000    0.0000   -0.0000   -0.0000   -0.0000   -0.0000
   44 H9     2py        0.0000   -0.0000    0.0000   -0.0000    0.0000    0.0000    0.0000   -0.0000    0.0000   -0.0000
   45 H9     2pz       -0.0003    0.0017    0.0021    0.0091    0.0208   -0.0102    0.0178   -0.0275    0.0057   -0.0236
   46 H10    1s        -0.3550   -0.5277   -0.1224    0.1391    0.0453    0.0655    0.0943   -0.0326   -0.0239   -0.0340
   47 H10    2s        -0.0698   -0.1000    0.1843   -0.2464   -0.1377   -0.0940   -0.3306    0.4294   -0.2749   -0.1367
   48 H10    2px       -0.0000    0.0000   -0.0000    0.0000   -0.0000   -0.0000    0.0000   -0.0000    0.0000   -0.0000
   49 H10    2py       -0.0000   -0.0000    0.0000   -0.0000    0.0000   -0.0000   -0.0000   -0.0000    0.0000   -0.0000
   50 H10    2pz        0.0021    0.0024    0.0061   -0.0002    0.0145   -0.0216   -0.0094   -0.0119    0.0103    0.0528
   51 H11    1s         0.5067    0.4543   -0.1171    0.1789    0.1667   -0.1086   -0.0584    0.0632   -0.1324    0.2348
   52 H11    2s         0.0851    0.0841    0.1330   -0.2049   -0.1807    0.0595   -0.1392    0.3860   -0.6159    0.7764
   53 H11    2px        0.0000    0.0000   -0.0000    0.0000   -0.0000    0.0000    0.0000   -0.0000    0.0000   -0.0000
   54 H11    2py        0.0000    0.0000   -0.0000    0.0000    0.0000   -0.0000   -0.0000   -0.0000    0.0000   -0.0000
   55 H11    2pz        0.0008    0.0011   -0.0009    0.0090    0.0246   -0.0404   -0.0469    0.0381   -0.0167   -0.0097
   56 H12    1s        -0.3941   -0.2970   -0.0604    0.0893    0.0713   -0.0111    0.0741   -0.1641    0.2306   -0.2575
   57 H12    2s        -0.0462   -0.0366    0.1741   -0.3221   -0.4285    0.4944    0.5297   -0.5383    0.5032   -0.4261
   58 H12    2px        0.0000   -0.0000   -0.0000    0.0000    0.0000    0.0000    0.0000   -0.0000    0.0000   -0.0000
   59 H12    2py       -0.0000   -0.0000   -0.0000    0.0000    0.0000   -0.0000   -0.0000   -0.0000   -0.0000   -0.0000
   60 H12    2pz        0.0035    0.0031    0.0199   -0.0335   -0.0382    0.0359    0.0322   -0.0339    0.0466   -0.0725
 
 
      Orbital               21        22        23        24        25        26        27        28        29        30
      Energy            0.7121    0.7356    0.7468    0.7468    0.7475    0.7628    0.7628    0.7739    0.7840    0.7888
      Occ. No.          0.0000    0.0000    0.0000    0.0000    0.0000    0.0000    0.0000    0.0000    0.0000    0.0000
 
    1 H1     1s         0.0074   -0.0322   -0.0000   -0.0000   -0.1693    0.0000    0.0000   -0.2298    0.2144   -0.0000
    2 H1     2s         0.0723    0.0590   -0.0000    0.0000   -0.2620    0.0000    0.0000   -0.1400    0.1351   -0.0000
    3 H1     2px       -0.0000   -0.0000    0.0474    0.0676   -0.0000   -0.1465   -0.0719   -0.0000    0.0000    0.1932
    4 H1     2py        0.0000   -0.0000   -0.0676    0.0474    0.0000    0.0719   -0.1465    0.0000    0.0000   -0.1395
    5 H1     2pz        0.0784    0.1540    0.0000    0.0000    0.0360   -0.0000    0.0000    0.3350   -0.3051    0.0000
    6 H2     1s        -0.0455   -0.0204    0.0000    0.0000    0.2090   -0.0000   -0.0000    0.2243   -0.2266    0.0000
    7 H2     2s        -0.1584   -0.1044    0.0001   -0.0000    0.5954   -0.0000   -0.0000    0.5136   -0.5201    0.0000
    8 H2     2px       -0.0000   -0.0000    0.0923    0.1316   -0.0000   -0.2598   -0.1275   -0.0000    0.0000    0.2895
    9 H2     2py        0.0000   -0.0000   -0.1316    0.0923    0.0000    0.1275   -0.2598    0.0000    0.0000   -0.2090
   10 H2     2pz       -0.1417   -0.2313    0.0000   -0.0000    0.0634    0.0000   -0.0000   -0.3166    0.2658   -0.0000
   11 H3     1s         0.0538    0.0332   -0.0000   -0.0000   -0.1051    0.0000    0.0000   -0.2084    0.2361   -0.0000
   12 H3     2s         0.1765    0.1217   -0.0001    0.0000   -0.3545    0.0000    0.0000   -0.5849    0.6585   -0.0000
   13 H3     2px       -0.0000   -0.0000    0.1331    0.1897   -0.0000   -0.3161   -0.1551   -0.0000    0.0000    0.2420
   14 H3     2py        0.0000   -0.0000   -0.1897    0.1331    0.0000    0.1551   -0.3161    0.0000    0.0000   -0.1747
   15 H3     2pz        0.2111    0.2887   -0.0000    0.0000   -0.1454   -0.0000    0.0000    0.1762   -0.0952    0.0000
   16 H4     1s        -0.0345    0.0000   -0.0000    0.0000   -0.1189    0.0000   -0.0000    0.1057   -0.1352    0.0000
   17 H4     2s        -0.1005   -0.0139   -0.0001    0.0000   -0.3863    0.0000    0.0000    0.2846   -0.3784    0.0000
   18 H4     2px       -0.0000   -0.0000    0.1658    0.2364   -0.0000   -0.2991   -0.1468   -0.0000    0.0000    0.0728
   19 H4     2py        0.0000   -0.0000   -0.2364    0.1658    0.0000    0.1468   -0.2991    0.0000    0.0000   -0.0526
   20 H4     2pz       -0.2684   -0.2960    0.0000   -0.0000    0.1053    0.0000   -0.0000   -0.0072   -0.0908    0.0000
   21 H5     1s         0.0070   -0.0796    0.0000   -0.0000    0.2535   -0.0000    0.0000   -0.0012   -0.0328    0.0000
   22 H5     2s         0.0135   -0.2255    0.0001   -0.0000    0.8155   -0.0000   -0.0000    0.0186   -0.0945    0.0000
   23 H5     2px       -0.0000   -0.0000    0.1892    0.2698   -0.0000   -0.2126   -0.1043   -0.0000   -0.0000   -0.1345
   24 H5     2py        0.0000   -0.0000   -0.2698    0.1892    0.0000    0.1043   -0.2126    0.0000   -0.0000    0.0971
   25 H5     2pz        0.3034    0.2285    0.0000    0.0000    0.0630   -0.0000    0.0000   -0.0985    0.1576   -0.0000
   26 H6     1s         0.0011    0.1445   -0.0000    0.0000   -0.1329    0.0000   -0.0000   -0.0161    0.1491   -0.0000
   27 H6     2s         0.0108    0.4443   -0.0001    0.0000   -0.4150    0.0000    0.0000   -0.0583    0.4423   -0.0000
   28 H6     2px       -0.0000   -0.0000    0.2012    0.2868   -0.0000   -0.0771   -0.0379    0.0000   -0.0000   -0.2724
   29 H6     2py        0.0000   -0.0000   -0.2868    0.2012    0.0000    0.0379   -0.0771   -0.0000   -0.0000    0.1966
   30 H6     2pz       -0.3172   -0.0866   -0.0000    0.0000   -0.2231    0.0000    0.0000    0.1346   -0.0742    0.0000
   31 H7     1s         0.0011   -0.1445   -0.0000    0.0000   -0.1329   -0.0000    0.0000   -0.0161   -0.1491    0.0000
   32 H7     2s         0.0108   -0.4443   -0.0001    0.0000   -0.4150    0.0000    0.0000   -0.0583   -0.4423    0.0000
   33 H7     2px       -0.0000   -0.0000    0.2012    0.2868   -0.0000    0.0771    0.0379    0.0000   -0.0000   -0.2724
   34 H7     2py        0.0000   -0.0000   -0.2868    0.2012    0.0000   -0.0379    0.0771   -0.0000   -0.0000    0.1966
   35 H7     2pz        0.3172   -0.0866    0.0000   -0.0000    0.2231   -0.0000   -0.0000   -0.1346   -0.0742    0.0000
   36 H8     1s         0.0070    0.0796    0.0000   -0.0000    0.2535    0.0000   -0.0000   -0.0012    0.0328    0.0000
   37 H8     2s         0.0135    0.2255    0.0001   -0.0000    0.8155   -0.0000   -0.0000    0.0186    0.0945    0.0000
   38 H8     2px       -0.0000   -0.0000    0.1892    0.2698   -0.0000    0.2126    0.1043   -0.0000   -0.0000   -0.1345
   39 H8     2py        0.0000   -0.0000   -0.2698    0.1892    0.0000   -0.1043    0.2126    0.0000   -0.0000    0.0971
   40 H8     2pz       -0.3034    0.2285   -0.0000    0.0000   -0.0630   -0.0000    0.0000    0.0985    0.1576   -0.0000
   41 H9     1s        -0.0345   -0.0000   -0.0000   -0.0000   -0.1189   -0.0000    0.0000    0.1057    0.1352   -0.0000
   42 H9     2s        -0.1005    0.0139   -0.0001   -0.0000   -0.3863   -0.0000    0.0000    0.2846    0.3784   -0.0000
   43 H9     2px       -0.0000   -0.0000    0.1658    0.2364   -0.0000    0.2991    0.1468   -0.0000    0.0000    0.0728
   44 H9     2py        0.0000   -0.0000   -0.2364    0.1658    0.0000   -0.1468    0.2991    0.0000    0.0000   -0.0526
   45 H9     2pz        0.2684   -0.2960   -0.0000   -0.0000   -0.1053    0.0000   -0.0000    0.0072   -0.0908   -0.0000
   46 H10    1s         0.0538   -0.0332   -0.0000    0.0000   -0.1051   -0.0000    0.0000   -0.2084   -0.2361   -0.0000
   47 H10    2s         0.1765   -0.1217   -0.0001    0.0000   -0.3545   -0.0000    0.0000   -0.5849   -0.6585   -0.0000
   48 H10    2px       -0.0000   -0.0000    0.1331    0.1897   -0.0000    0.3161    0.1551   -0.0000    0.0000    0.2420
   49 H10    2py        0.0000   -0.0000   -0.1897    0.1331    0.0000   -0.1551    0.3161    0.0000    0.0000   -0.1747
   50 H10    2pz       -0.2111    0.2887    0.0000    0.0000    0.1454   -0.0000    0.0000   -0.1762   -0.0952    0.0000
   51 H11    1s        -0.0455    0.0204    0.0000   -0.0000    0.2090   -0.0000   -0.0000    0.2243    0.2266    0.0000
   52 H11    2s        -0.1584    0.1044    0.0001    0.0000    0.5954    0.0000   -0.0000    0.5136    0.5201    0.0000
   53 H11    2px       -0.0000   -0.0000    0.0923    0.1316   -0.0000    0.2598    0.1275   -0.0000    0.0000    0.2895
   54 H11    2py        0.0000   -0.0000   -0.1316    0.0923    0.0000   -0.1275    0.2598    0.0000    0.0000   -0.2090
   55 H11    2pz        0.1417   -0.2313   -0.0000   -0.0000   -0.0634    0.0000   -0.0000    0.3166    0.2658    0.0000
   56 H12    1s         0.0074    0.0322   -0.0000    0.0000   -0.1693   -0.0000    0.0000   -0.2298   -0.2144   -0.0000
   57 H12    2s         0.0723   -0.0590   -0.0000   -0.0000   -0.2620   -0.0000    0.0000   -0.1400   -0.1351   -0.0000
   58 H12    2px       -0.0000   -0.0000    0.0474    0.0676   -0.0000    0.1465    0.0719   -0.0000    0.0000    0.1932
   59 H12    2py        0.0000   -0.0000   -0.0676    0.0474    0.0000   -0.0719    0.1465    0.0000    0.0000   -0.1395
   60 H12    2pz       -0.0784    0.1540   -0.0000    0.0000   -0.0360   -0.0000    0.0000   -0.3350   -0.3051   -0.0000
 
 
      Orbital               31        32        33        34        35        36        37        38        39        40
      Energy            0.7888    0.8243    0.8243    0.8686    0.8686    0.9202    0.9202    0.9783    0.9783    1.0381
      Occ. No.          0.0000    0.0000    0.0000    0.0000    0.0000    0.0000    0.0000    0.0000    0.0000    0.0000
 
    1 H1     1s         0.0000   -0.0000   -0.0000    0.0000    0.0000    0.0000   -0.0000   -0.0000    0.0000   -0.0000
    2 H1     2s        -0.0000   -0.0000   -0.0000   -0.0000   -0.0000   -0.0000    0.0000    0.0000   -0.0000    0.0000
    3 H1     2px        0.1395    0.1592   -0.2582   -0.2732   -0.2248    0.1741   -0.3416   -0.2949    0.2616    0.2109
    4 H1     2py        0.1932   -0.2582   -0.1592    0.2248   -0.2732   -0.3416   -0.1741    0.2616    0.2949   -0.3214
    5 H1     2pz        0.0000    0.0000    0.0000    0.0000    0.0000   -0.0000    0.0000   -0.0000    0.0000    0.0000
    6 H2     1s         0.0000    0.0000    0.0000   -0.0000   -0.0000   -0.0000   -0.0000    0.0000   -0.0000    0.0000
    7 H2     2s         0.0000    0.0000    0.0000    0.0000    0.0000   -0.0000   -0.0000   -0.0000    0.0000    0.0000
    8 H2     2px        0.2090    0.1811   -0.2937   -0.1945   -0.1600    0.0430   -0.0844    0.0714   -0.0633   -0.1497
    9 H2     2py        0.2895   -0.2937   -0.1811    0.1600   -0.1945   -0.0844   -0.0430   -0.0633   -0.0714    0.2280
   10 H2     2pz       -0.0000   -0.0000    0.0000   -0.0000   -0.0000    0.0000   -0.0000    0.0000   -0.0000   -0.0000
   11 H3     1s        -0.0000   -0.0000   -0.0000    0.0000    0.0000    0.0000    0.0000   -0.0000    0.0000   -0.0000
   12 H3     2s        -0.0000   -0.0000   -0.0000   -0.0000    0.0000    0.0000    0.0000   -0.0000    0.0000   -0.0000
   13 H3     2px        0.1747    0.0472   -0.0766    0.1353    0.1113   -0.1645    0.3226    0.2798   -0.2482   -0.1065
   14 H3     2py        0.2420   -0.0766   -0.0472   -0.1113    0.1353    0.3226    0.1645   -0.2482   -0.2798    0.1623
   15 H3     2pz        0.0000   -0.0000   -0.0000   -0.0000   -0.0000    0.0000    0.0000    0.0000   -0.0000   -0.0000
   16 H4     1s         0.0000    0.0000    0.0000   -0.0000   -0.0000   -0.0000   -0.0000    0.0000   -0.0000    0.0000
   17 H4     2s         0.0000    0.0000   -0.0000   -0.0000   -0.0000   -0.0000   -0.0000    0.0000   -0.0000    0.0000
   18 H4     2px        0.0526   -0.1265    0.2052    0.2887    0.2376   -0.0827    0.1623   -0.1393    0.1236    0.2244
   19 H4     2py        0.0728    0.2052    0.1265   -0.2376    0.2887    0.1623    0.0827    0.1236    0.1393   -0.3419
   20 H4     2pz        0.0000    0.0000    0.0000    0.0000    0.0000   -0.0000   -0.0000   -0.0000    0.0000    0.0000
   21 H5     1s         0.0000   -0.0000   -0.0000    0.0000    0.0000    0.0000    0.0000   -0.0000    0.0000   -0.0000
   22 H5     2s         0.0000   -0.0000    0.0000    0.0000    0.0000    0.0000   -0.0000   -0.0000    0.0000   -0.0000
   23 H5     2px       -0.0971   -0.1914    0.3104    0.0690    0.0568    0.1451   -0.2847   -0.2472    0.2193   -0.0529
   24 H5     2py       -0.1345    0.3104    0.1914   -0.0568    0.0690   -0.2847   -0.1451    0.2193    0.2472    0.0805
   25 H5     2pz       -0.0000   -0.0000    0.0000   -0.0000   -0.0000    0.0000   -0.0000    0.0000   -0.0000   -0.0000
   26 H6     1s        -0.0000    0.0000    0.0000   -0.0000   -0.0000   -0.0000   -0.0000   -0.0000   -0.0000    0.0000
   27 H6     2s        -0.0000   -0.0000   -0.0000   -0.0000    0.0000   -0.0000    0.0000    0.0000    0.0000    0.0000
   28 H6     2px       -0.1966   -0.0902    0.1462   -0.2384   -0.1962    0.1174   -0.2302    0.1993   -0.1768   -0.1858
   29 H6     2py       -0.2724    0.1462    0.0902    0.1962   -0.2384   -0.2302   -0.1174   -0.1768   -0.1993    0.2830
   30 H6     2pz        0.0000    0.0000   -0.0000    0.0000    0.0000   -0.0000    0.0000    0.0000    0.0000    0.0000
   31 H7     1s         0.0000   -0.0000    0.0000    0.0000    0.0000    0.0000   -0.0000   -0.0000    0.0000   -0.0000
   32 H7     2s         0.0000    0.0000   -0.0000   -0.0000    0.0000    0.0000    0.0000    0.0000    0.0000   -0.0000
   33 H7     2px       -0.1966    0.0902   -0.1462   -0.2384   -0.1962   -0.1174    0.2302    0.1993   -0.1768    0.1858
   34 H7     2py       -0.2724   -0.1462   -0.0902    0.1962   -0.2384    0.2302    0.1174   -0.1768   -0.1993   -0.2830
   35 H7     2pz        0.0000    0.0000    0.0000    0.0000    0.0000   -0.0000   -0.0000   -0.0000    0.0000    0.0000
   36 H8     1s        -0.0000    0.0000   -0.0000    0.0000   -0.0000   -0.0000    0.0000   -0.0000   -0.0000    0.0000
   37 H8     2s        -0.0000    0.0000    0.0000    0.0000   -0.0000   -0.0000   -0.0000   -0.0000   -0.0000    0.0000
   38 H8     2px       -0.0971    0.1914   -0.3104    0.0690    0.0568   -0.1451    0.2847   -0.2472    0.2193    0.0529
   39 H8     2py       -0.1345   -0.3104   -0.1914   -0.0568    0.0690    0.2847    0.1451    0.2193    0.2472   -0.0805
   40 H8     2pz       -0.0000   -0.0000   -0.0000    0.0000   -0.0000    0.0000    0.0000   -0.0000   -0.0000   -0.0000
   41 H9     1s        -0.0000   -0.0000   -0.0000   -0.0000    0.0000    0.0000   -0.0000    0.0000    0.0000   -0.0000
   42 H9     2s        -0.0000   -0.0000   -0.0000   -0.0000    0.0000    0.0000   -0.0000    0.0000    0.0000   -0.0000
   43 H9     2px        0.0526    0.1265   -0.2052    0.2887    0.2376    0.0827   -0.1623   -0.1393    0.1236   -0.2244
   44 H9     2py        0.0728   -0.2052   -0.1265   -0.2376    0.2887   -0.1623   -0.0827    0.1236    0.1393    0.3419
   45 H9     2pz        0.0000    0.0000   -0.0000   -0.0000    0.0000   -0.0000    0.0000    0.0000    0.0000    0.0000
   46 H10    1s         0.0000    0.0000   -0.0000    0.0000   -0.0000   -0.0000    0.0000   -0.0000   -0.0000   -0.0000
   47 H10    2s         0.0000    0.0000   -0.0000   -0.0000    0.0000   -0.0000    0.0000   -0.0000   -0.0000    0.0000
   48 H10    2px        0.1747   -0.0472    0.0766    0.1353    0.1113    0.1645   -0.3226    0.2798   -0.2482    0.1065
   49 H10    2py        0.2420    0.0766    0.0472   -0.1113    0.1353   -0.3226   -0.1645   -0.2482   -0.2798   -0.1623
   50 H10    2pz        0.0000   -0.0000    0.0000    0.0000   -0.0000    0.0000   -0.0000   -0.0000   -0.0000   -0.0000
   51 H11    1s        -0.0000   -0.0000    0.0000   -0.0000    0.0000    0.0000   -0.0000    0.0000    0.0000   -0.0000
   52 H11    2s        -0.0000   -0.0000    0.0000    0.0000   -0.0000    0.0000   -0.0000   -0.0000   -0.0000    0.0000
   53 H11    2px        0.2090   -0.1811    0.2937   -0.1945   -0.1600   -0.0430    0.0844    0.0714   -0.0633    0.1497
   54 H11    2py        0.2895    0.2937    0.1811    0.1600   -0.1945    0.0844    0.0430   -0.0633   -0.0714   -0.2280
   55 H11    2pz       -0.0000   -0.0000    0.0000    0.0000   -0.0000    0.0000    0.0000   -0.0000   -0.0000   -0.0000
   56 H12    1s         0.0000    0.0000   -0.0000    0.0000   -0.0000   -0.0000   -0.0000   -0.0000   -0.0000    0.0000
   57 H12    2s         0.0000    0.0000   -0.0000   -0.0000    0.0000    0.0000    0.0000    0.0000    0.0000   -0.0000
   58 H12    2px        0.1395   -0.1592    0.2582   -0.2732   -0.2248   -0.1741    0.3416   -0.2949    0.2616   -0.2109
   59 H12    2py        0.1932    0.2582    0.1592    0.2248   -0.2732    0.3416    0.1741    0.2616    0.2949    0.3214
   60 H12    2pz        0.0000    0.0000   -0.0000   -0.0000    0.0000   -0.0000   -0.0000    0.0000    0.0000    0.0000
 
 
      Orbital               41        42        43        44        45        46        47        48        49        50
      Energy            1.0381    1.0966    1.0966    1.1494    1.1494    1.1917    1.1917    1.2189    1.2189    1.2335
      Occ. No.          0.0000    0.0000    0.0000    0.0000    0.0000    0.0000    0.0000    0.0000    0.0000    0.0000
 
    1 H1     1s        -0.0000   -0.0000   -0.0000   -0.0000   -0.0000    0.0000    0.0000    0.0000    0.0000   -0.2151
    2 H1     2s        -0.0000    0.0000    0.0000   -0.0000   -0.0000    0.0000   -0.0000    0.0000    0.0000   -0.3477
    3 H1     2px       -0.3214    0.2550    0.2371    0.1802   -0.2241    0.1693    0.1168    0.0597   -0.0894    0.0000
    4 H1     2py       -0.2109   -0.2371    0.2550   -0.2241   -0.1802   -0.1168    0.1693   -0.0894   -0.0597   -0.0000
    5 H1     2pz        0.0000   -0.0000   -0.0000   -0.0000   -0.0000    0.0000    0.0000    0.0000    0.0000   -0.3017
    6 H2     1s         0.0000    0.0000    0.0000    0.0000    0.0000   -0.0000   -0.0000   -0.0000   -0.0000    0.5033
    7 H2     2s         0.0000    0.0000    0.0000    0.0000    0.0000   -0.0000   -0.0000   -0.0000   -0.0000    0.7059
    8 H2     2px        0.2280   -0.2899   -0.2695   -0.2701    0.3358   -0.3002   -0.2071   -0.1161    0.1738   -0.0000
    9 H2     2py        0.1497    0.2695   -0.2899    0.3358    0.2701    0.2071   -0.3002    0.1738    0.1161    0.0000
   10 H2     2pz        0.0000    0.0000    0.0000    0.0000    0.0000   -0.0000   -0.0000   -0.0000   -0.0000    0.1472
   11 H3     1s        -0.0000   -0.0000   -0.0000   -0.0000   -0.0000    0.0000    0.0000    0.0000    0.0000   -0.3310
   12 H3     2s        -0.0000   -0.0000   -0.0000   -0.0000   -0.0000    0.0000    0.0000    0.0000    0.0000   -0.4378
   13 H3     2px        0.1623    0.0723    0.0672    0.2227   -0.2769    0.3611    0.2491    0.1651   -0.2472    0.0000
   14 H3     2py        0.1065   -0.0672    0.0723   -0.2769   -0.2227   -0.2491    0.3611   -0.2472   -0.1651   -0.0000
   15 H3     2pz       -0.0000    0.0000    0.0000    0.0000    0.0000   -0.0000    0.0000    0.0000   -0.0000    0.2814
   16 H4     1s         0.0000    0.0000    0.0000   -0.0000   -0.0000   -0.0000   -0.0000   -0.0000    0.0000   -0.2533
   17 H4     2s         0.0000    0.0000    0.0000   -0.0000   -0.0000   -0.0000   -0.0000   -0.0000    0.0000   -0.3758
   18 H4     2px       -0.3419    0.2063    0.1918   -0.0642    0.0798   -0.3397   -0.2343   -0.2045    0.3061   -0.0000
   19 H4     2py       -0.2244   -0.1918    0.2063    0.0798    0.0642    0.2343   -0.3397    0.3061    0.2045    0.0000
   20 H4     2pz        0.0000   -0.0000   -0.0000   -0.0000   -0.0000    0.0000    0.0000    0.0000    0.0000   -0.4290
   21 H5     1s        -0.0000   -0.0000   -0.0000    0.0000    0.0000   -0.0000   -0.0000   -0.0000   -0.0000    0.6277
   22 H5     2s        -0.0000   -0.0000   -0.0000    0.0000    0.0000    0.0000    0.0000   -0.0000   -0.0000    0.8794
   23 H5     2px        0.0805   -0.3078   -0.2862   -0.1273    0.1583    0.2403    0.1658    0.2319   -0.3472    0.0000
   24 H5     2py        0.0529    0.2862   -0.3078    0.1583    0.1273   -0.1658    0.2403   -0.3472   -0.2319   -0.0000
   25 H5     2pz        0.0000    0.0000    0.0000    0.0000    0.0000   -0.0000   -0.0000   -0.0000   -0.0000    0.0589
   26 H6     1s         0.0000   -0.0000    0.0000   -0.0000   -0.0000    0.0000    0.0000    0.0000    0.0000   -0.3321
   27 H6     2s         0.0000    0.0000   -0.0000   -0.0000   -0.0000    0.0000    0.0000    0.0000    0.0000   -0.4602
   28 H6     2px        0.2830    0.1444    0.1342    0.2544   -0.3163   -0.0869   -0.0600   -0.2460    0.3683   -0.0000
   29 H6     2py        0.1858   -0.1342    0.1444   -0.3163   -0.2544    0.0600   -0.0869    0.3683    0.2460    0.0000
   30 H6     2pz       -0.0000    0.0000   -0.0000   -0.0000    0.0000   -0.0000    0.0000    0.0000   -0.0000    0.4074
   31 H7     1s         0.0000   -0.0000   -0.0000    0.0000    0.0000   -0.0000   -0.0000   -0.0000   -0.0000   -0.3321
   32 H7     2s        -0.0000    0.0000    0.0000    0.0000    0.0000   -0.0000   -0.0000   -0.0000   -0.0000   -0.4602
   33 H7     2px       -0.2830    0.1444    0.1342   -0.2544    0.3163   -0.0869   -0.0600    0.2460   -0.3683   -0.0000
   34 H7     2py       -0.1858   -0.1342    0.1444    0.3163    0.2544    0.0600   -0.0869   -0.3683   -0.2460    0.0000
   35 H7     2pz        0.0000   -0.0000   -0.0000   -0.0000   -0.0000    0.0000   -0.0000    0.0000    0.0000   -0.4074
   36 H8     1s        -0.0000   -0.0000   -0.0000   -0.0000   -0.0000    0.0000    0.0000    0.0000    0.0000    0.6277
   37 H8     2s         0.0000   -0.0000    0.0000   -0.0000   -0.0000    0.0000    0.0000    0.0000   -0.0000    0.8794
   38 H8     2px       -0.0805   -0.3078   -0.2862    0.1273   -0.1583    0.2403    0.1658   -0.2319    0.3472    0.0000
   39 H8     2py       -0.0529    0.2862   -0.3078   -0.1583   -0.1273   -0.1658    0.2403    0.3472    0.2319   -0.0000
   40 H8     2pz       -0.0000   -0.0000    0.0000    0.0000    0.0000    0.0000   -0.0000   -0.0000   -0.0000   -0.0589
   41 H9     1s         0.0000    0.0000   -0.0000    0.0000    0.0000   -0.0000    0.0000    0.0000    0.0000   -0.2533
   42 H9     2s         0.0000    0.0000   -0.0000    0.0000    0.0000   -0.0000    0.0000    0.0000    0.0000   -0.3758
   43 H9     2px        0.3419    0.2063    0.1918    0.0642   -0.0798   -0.3397   -0.2343    0.2045   -0.3061   -0.0000
   44 H9     2py        0.2244   -0.1918    0.2063   -0.0798   -0.0642    0.2343   -0.3397   -0.3061   -0.2045    0.0000
   45 H9     2pz        0.0000    0.0000   -0.0000   -0.0000    0.0000   -0.0000    0.0000    0.0000   -0.0000    0.4290
   46 H10    1s        -0.0000   -0.0000    0.0000    0.0000   -0.0000    0.0000   -0.0000   -0.0000   -0.0000   -0.3310
   47 H10    2s        -0.0000   -0.0000    0.0000    0.0000   -0.0000    0.0000   -0.0000   -0.0000   -0.0000   -0.4378
   48 H10    2px       -0.1623    0.0723    0.0672   -0.2227    0.2769    0.3611    0.2491   -0.1651    0.2472    0.0000
   49 H10    2py       -0.1065   -0.0672    0.0723    0.2769    0.2227   -0.2491    0.3611    0.2472    0.1651   -0.0000
   50 H10    2pz        0.0000   -0.0000    0.0000    0.0000   -0.0000    0.0000   -0.0000    0.0000    0.0000   -0.2814
   51 H11    1s         0.0000    0.0000   -0.0000   -0.0000    0.0000   -0.0000    0.0000    0.0000    0.0000    0.5033
   52 H11    2s         0.0000    0.0000   -0.0000   -0.0000    0.0000   -0.0000    0.0000    0.0000    0.0000    0.7059
   53 H11    2px       -0.2280   -0.2899   -0.2695    0.2701   -0.3358   -0.3002   -0.2071    0.1161   -0.1738   -0.0000
   54 H11    2py       -0.1497    0.2695   -0.2899   -0.3358   -0.2701    0.2071   -0.3002   -0.1738   -0.1161    0.0000
   55 H11    2pz       -0.0000   -0.0000    0.0000    0.0000   -0.0000    0.0000   -0.0000   -0.0000   -0.0000   -0.1472
   56 H12    1s        -0.0000   -0.0000    0.0000    0.0000   -0.0000    0.0000   -0.0000   -0.0000   -0.0000   -0.2151
   57 H12    2s        -0.0000   -0.0000   -0.0000    0.0000   -0.0000    0.0000   -0.0000   -0.0000    0.0000   -0.3477
   58 H12    2px        0.3214    0.2550    0.2371   -0.1802    0.2241    0.1693    0.1168   -0.0597    0.0894    0.0000
   59 H12    2py        0.2109   -0.2371    0.2550    0.2241    0.1802   -0.1168    0.1693    0.0894    0.0597   -0.0000
   60 H12    2pz        0.0000    0.0000   -0.0000   -0.0000    0.0000   -0.0000    0.0000    0.0000   -0.0000    0.3017
 
 
      Orbital               51        52        53        54        55        56        57        58        59        60
      Energy            1.2486    1.2772    1.3074    1.3581    1.3597    1.4639    1.5830    1.7020    1.8058    1.8774
      Occ. No.          0.0000    0.0000    0.0000    0.0000    0.0000    0.0000    0.0000    0.0000    0.0000    0.0000
 
    1 H1     1s         0.1551   -0.2856   -0.1995    0.2463    0.1317   -0.2114   -0.1912    0.1638   -0.1218    0.0654
    2 H1     2s         0.2289   -0.4422   -0.2867    0.3421    0.1837   -0.2430   -0.1771    0.1247   -0.0797    0.0390
    3 H1     2px       -0.0000    0.0000    0.0000   -0.0000    0.0000   -0.0000   -0.0000    0.0000   -0.0000   -0.0000
    4 H1     2py        0.0000    0.0000   -0.0000   -0.0000   -0.0000    0.0000    0.0000   -0.0000   -0.0000   -0.0000
    5 H1     2pz        0.0812   -0.4489   -0.1250    0.4630    0.0949   -0.4375   -0.3926    0.3237   -0.2318    0.1213
    6 H2     1s        -0.4556    0.6324    0.6014   -0.4427   -0.3991    0.2447    0.1089   -0.0122   -0.0363    0.0345
    7 H2     2s        -0.7183    0.8224    0.8996   -0.4931   -0.5734    0.2325    0.1137   -0.0541    0.0242   -0.0090
    8 H2     2px        0.0000   -0.0000   -0.0000    0.0000   -0.0000    0.0000   -0.0000   -0.0000   -0.0000    0.0000
    9 H2     2py       -0.0000   -0.0000    0.0000    0.0000    0.0000    0.0000    0.0000   -0.0000    0.0000   -0.0000
   10 H2     2pz       -0.2182    0.0806    0.2512    0.1620   -0.1409   -0.3863   -0.5236    0.5539   -0.4632    0.2641
   11 H3     1s         0.7067   -0.3445   -0.9903    0.0611    0.6889    0.1387    0.1395   -0.0534   -0.0291    0.0458
   12 H3     2s         1.0550   -0.4726   -1.4470    0.1588    0.9960    0.0295    0.0250    0.0082   -0.0245    0.0189
   13 H3     2px       -0.0000    0.0000    0.0000   -0.0000    0.0000   -0.0000   -0.0000    0.0000   -0.0000    0.0000
   14 H3     2py        0.0000    0.0000   -0.0000   -0.0000   -0.0000   -0.0000    0.0000    0.0000    0.0000    0.0000
   15 H3     2pz        0.1290    0.4533   -0.1420   -0.4396    0.0879    0.2079   -0.1567    0.4705   -0.5676    0.3826
   16 H4     1s        -0.5193   -0.2192    1.0338    0.0920   -0.9075    0.0279    0.1616   -0.1487    0.0375    0.0288
   17 H4     2s        -0.7289   -0.2194    1.5198   -0.0083   -1.3360    0.0484    0.0850   -0.0592    0.0170    0.0028
   18 H4     2px        0.0000   -0.0000   -0.0000    0.0000   -0.0000    0.0000    0.0000   -0.0000   -0.0000    0.0000
   19 H4     2py       -0.0000    0.0000    0.0000    0.0000    0.0000    0.0000   -0.0000   -0.0000   -0.0000    0.0000
   20 H4     2pz        0.2266   -0.2850   -0.1106   -0.2258   -0.0511    0.4971    0.3260    0.1589   -0.5485    0.4842
   21 H5     1s        -0.1549    0.3320   -0.7058    0.2416    1.0789   -0.2405   -0.0248   -0.1253    0.0736    0.0188
   22 H5     2s        -0.2513    0.4273   -1.0746    0.2559    1.5900   -0.1655   -0.0159   -0.0372    0.0164    0.0063
   23 H5     2px       -0.0000    0.0000    0.0000   -0.0000    0.0000   -0.0000   -0.0000    0.0000   -0.0000   -0.0000
   24 H5     2py        0.0000   -0.0000   -0.0000   -0.0000   -0.0000   -0.0000    0.0000    0.0000    0.0000   -0.0000
   25 H5     2pz       -0.4709   -0.2543    0.2185    0.3612    0.0686    0.1394    0.5301   -0.2470   -0.3907    0.5530
   26 H6     1s         0.7908   -0.0712    0.2375   -0.2247   -1.1973   -0.1071   -0.1591   -0.0559    0.0984    0.0072
   27 H6     2s         1.1476   -0.1999    0.3733   -0.2058   -1.7465   -0.0452   -0.0677   -0.0191    0.0266    0.0001
   28 H6     2px        0.0000   -0.0000   -0.0000    0.0000    0.0000    0.0000    0.0000   -0.0000    0.0000   -0.0000
   29 H6     2py       -0.0000    0.0000    0.0000    0.0000    0.0000    0.0000   -0.0000   -0.0000   -0.0000   -0.0000
   30 H6     2pz        0.2480    0.2380   -0.1582    0.3393   -0.0417   -0.4116    0.2508   -0.5183   -0.1423    0.5892
   31 H7     1s        -0.7908    0.0712    0.2375   -0.2247    1.1973    0.1071   -0.1591    0.0559    0.0984   -0.0072
   32 H7     2s        -1.1476    0.1999    0.3733   -0.2058    1.7465    0.0452   -0.0677    0.0191    0.0266   -0.0001
   33 H7     2px        0.0000   -0.0000   -0.0000   -0.0000    0.0000    0.0000    0.0000   -0.0000    0.0000   -0.0000
   34 H7     2py        0.0000   -0.0000    0.0000   -0.0000   -0.0000    0.0000   -0.0000   -0.0000   -0.0000    0.0000
   35 H7     2pz        0.2480    0.2380    0.1582   -0.3393   -0.0417   -0.4116   -0.2508   -0.5183    0.1423    0.5892
   36 H8     1s         0.1549   -0.3320   -0.7058    0.2417   -1.0789    0.2405   -0.0248    0.1253    0.0736   -0.0188
   37 H8     2s         0.2513   -0.4273   -1.0746    0.2560   -1.5900    0.1655   -0.0159    0.0372    0.0164   -0.0063
   38 H8     2px       -0.0000    0.0000    0.0000    0.0000   -0.0000   -0.0000   -0.0000    0.0000   -0.0000   -0.0000
   39 H8     2py       -0.0000    0.0000   -0.0000    0.0000    0.0000   -0.0000    0.0000    0.0000    0.0000   -0.0000
   40 H8     2pz       -0.4709   -0.2543   -0.2185   -0.3612    0.0686    0.1394   -0.5301   -0.2470    0.3907    0.5530
   41 H9     1s         0.5193    0.2192    1.0338    0.0920    0.9075   -0.0279    0.1616    0.1487    0.0375   -0.0288
   42 H9     2s         0.7289    0.2194    1.5198   -0.0083    1.3360   -0.0484    0.0850    0.0592    0.0170   -0.0028
   43 H9     2px        0.0000   -0.0000   -0.0000   -0.0000    0.0000    0.0000   -0.0000   -0.0000    0.0000    0.0000
   44 H9     2py        0.0000   -0.0000    0.0000    0.0000   -0.0000    0.0000   -0.0000   -0.0000   -0.0000    0.0000
   45 H9     2pz        0.2266   -0.2850    0.1106    0.2258   -0.0511    0.4971   -0.3260    0.1589    0.5485    0.4842
   46 H10    1s        -0.7067    0.3445   -0.9903    0.0611   -0.6889   -0.1387    0.1395    0.0534   -0.0291   -0.0458
   47 H10    2s        -1.0550    0.4726   -1.4470    0.1588   -0.9960   -0.0295    0.0250   -0.0082   -0.0245   -0.0189
   48 H10    2px       -0.0000    0.0000    0.0000    0.0000   -0.0000   -0.0000   -0.0000    0.0000   -0.0000    0.0000
   49 H10    2py       -0.0000    0.0000   -0.0000    0.0000    0.0000   -0.0000    0.0000    0.0000    0.0000   -0.0000
   50 H10    2pz        0.1290    0.4533    0.1420    0.4396    0.0879    0.2079    0.1567    0.4705    0.5676    0.3826
   51 H11    1s         0.4556   -0.6324    0.6014   -0.4427    0.3991   -0.2447    0.1089    0.0122   -0.0363   -0.0345
   52 H11    2s         0.7183   -0.8224    0.8996   -0.4931    0.5734   -0.2325    0.1137    0.0541    0.0242    0.0090
   53 H11    2px        0.0000   -0.0000    0.0000   -0.0000    0.0000    0.0000   -0.0000   -0.0000   -0.0000   -0.0000
   54 H11    2py        0.0000   -0.0000    0.0000   -0.0000   -0.0000    0.0000   -0.0000   -0.0000   -0.0000    0.0000
   55 H11    2pz       -0.2182    0.0806   -0.2512   -0.1620   -0.1409   -0.3863    0.5236    0.5539    0.4632    0.2641
   56 H12    1s        -0.1551    0.2856   -0.1995    0.2463   -0.1317    0.2114   -0.1912   -0.1638   -0.1218   -0.0654
   57 H12    2s        -0.2289    0.4422   -0.2867    0.3421   -0.1837    0.2430   -0.1771   -0.1247   -0.0797   -0.0390
   58 H12    2px       -0.0000    0.0000   -0.0000    0.0000   -0.0000    0.0000   -0.0000   -0.0000    0.0000   -0.0000
   59 H12    2py       -0.0000    0.0000   -0.0000    0.0000    0.0000    0.0000    0.0000    0.0000    0.0000   -0.0000
   60 H12    2pz        0.0812   -0.4489    0.1250   -0.4630    0.0948   -0.4375    0.3926    0.3237    0.2318    0.1213
--
 
      Von Neumann Entropy (Root  1) =  4.61590
 

      Mulliken population analysis for root number:  1
      -----------------------------------------------
 
 
++    Molecular charges:
      ------------------
 
      Mulliken charges per centre and basis function type
      ---------------------------------------------------
 
                H1      H2      H3      H4      H5      H6      H7      H8      H9      H10     H11     H12   
      1s       0.9797  1.0032  1.0008  0.9997  1.0002  1.0000  1.0000  1.0002  0.9997  1.0008  1.0032  0.9797
      2s       0.0084  0.0030 -0.0054 -0.0032 -0.0042 -0.0038 -0.0038 -0.0042 -0.0032 -0.0054  0.0030  0.0084
      2px      0.0000  0.0000  0.0000  0.0000 -0.0000  0.0000  0.0000  0.0000  0.0000  0.0000  0.0000  0.0000
      2pz      0.0018  0.0044  0.0039  0.0039  0.0039  0.0039  0.0039  0.0039  0.0039  0.0039  0.0044  0.0018
      2py      0.0000  0.0000  0.0000  0.0000 -0.0000  0.0000  0.0000 -0.0000  0.0000  0.0000  0.0000  0.0000
      Total    0.9898  1.0106  0.9993  1.0003  0.9999  1.0001  1.0001  0.9999  1.0003  0.9993  1.0106  0.9898
 
      N-E      0.0102 -0.0106  0.0007 -0.0003  0.0001 -0.0001 -0.0001  0.0001 -0.0003  0.0007 -0.0106  0.0102
 
      Total electronic charge=   12.000000
 
      Total            charge=   -0.000000
--
 
 

      Expectation values of various properties for root number:  1
      -----------------------------------------------------------
 
 
++    Molecular properties:
      ---------------------
 
      Charge (e):
                      =   -0.0000
      Dipole Moment (Debye):
      Origin of the operator (Ang)=    0.0000    0.0000    0.0000
                   X= -1.5944E-06               Y=  2.9510E-06               Z=  1.2363E-05           Total=  1.2810E-05
      Quadrupole Moment (Debye*Ang):
      Origin of the operator (Ang)=    0.0000    0.0000   10.9000
                  XX= -1.8439E+01              XY=  1.9231E-12              XZ= -3.9102E-06              YY= -1.8439E+01
                  YZ= -2.7021E-06              ZZ= -1.3654E+01
      In traceless form (Debye*Ang)
                  XX= -2.3922E+00              XY=  2.8847E-12              XZ= -5.8653E-06              YY= -2.3922E+00
                  YZ= -4.0532E-06              ZZ=  4.7844E+00
--
 

      LoProp population analysis for root number:  1
      -----------------------------------------------
 
 
++    LoProp analysis:
      ----------------
 
 
 
  Input file to MOLDEN was generated!
 
 
++    Static properties:
      ------------------
 
 
      LoProp Charges per center
 

                   H1       H2       H3       H4       H5       H6       H7       H8       H9       H10   
      Nuclear      1.0000   1.0000   1.0000   1.0000   1.0000   1.0000   1.0000   1.0000   1.0000   1.0000
      Electronic  -0.9998  -1.0003  -0.9997  -1.0003  -0.9999  -1.0000  -1.0000  -0.9999  -1.0003  -0.9997
 
      Total        0.0002  -0.0003   0.0003  -0.0003   0.0001  -0.0000  -0.0000   0.0001  -0.0003   0.0003
 

                   H11      H12   
      Nuclear      1.0000   1.0000
      Electronic  -1.0003  -0.9998
 
      Total       -0.0003   0.0002
--
 
 
      Natural Bond Order analysis for root number:  1
 
++    Natural Bond Order analysis
      ---------------------------
      Based on LoProp computed density
      -------------------------------------------------------------------------------------
      Atom A       Atom B       Bond Order
      -------------------------------------------------------------------------------------
      NBO located      0.995 non-bonded electrons on atom H1        
      NBO located      1.018 non-bonded electrons on atom H3        
      NBO located      1.017 non-bonded electrons on atom H4        
      NBO located      1.018 non-bonded electrons on atom H5        
      NBO located      1.017 non-bonded electrons on atom H6        
      NBO located      1.017 non-bonded electrons on atom H7        
      NBO located      1.018 non-bonded electrons on atom H8        
      NBO located      1.017 non-bonded electrons on atom H9        
      NBO located      1.018 non-bonded electrons on atom H10       
      NBO located      0.995 non-bonded electrons on atom H12       
      The remaining    1.870 electrons are to be considered as diffuse
--
 
--
 
 
  Input file to MOLDEN was generated!
 
      Average orbitals are written to the RASORB file
      Natural orbitals for root   1 are written to the RASORB.1 file
      Spin density orbitals for root   1 are written to the SPDORB.1 file
 
forrtl: warning (525): IEEE_DIVIDE_BY_ZERO is signaling
forrtl: warning (526): IEEE_INVALID is signaling
forrtl: warning (528): IEEE_UNDERFLOW is signaling
--- Stop Module: rasscf at Mon Oct 27 07:04:44 2025 /rc=_RC_ALL_IS_WELL_ ---
*** files: H12_1.98.LprOrb H12_1.98.rasscf.molden H12_1.98.LoProp.molden H12_1.98.RasOrb.1 H12_1.98.RasOrb H12_1.98.rasscf.h5 H12_1.98.SpdOrb.1 xmldump
    saved to directory /home/grierjones/DDCASPT2/hydrogen_comps/rerun/H12_chain/H12_1.98
--- Module rasscf spent 10 minutes 34 seconds ---

>>> COPY /tmp/H12_1.98/H12_1.98.rasscf.h5 /home/grierjones/DDCASPT2/hydrogen_comps/rerun/H12_chain/H12_1.98/

>>> COPY /tmp/H12_1.98/GMJ_Fock_MO.csv /home/grierjones/DDCASPT2/hydrogen_comps/rerun/H12_chain/H12_1.98/H12_1.98.GMJ_Fock_MO.csv

*** symbolic link created: INPORB -> H12_1.98.RasOrb
--- Start Module: motra at Mon Oct 27 07:04:44 2025 ---
 
()()()()()()()()()()()()()()()()()()()()()()()()()()()()()()()()()()()()()()()()()()()()()()()()()()

                                               &MOTRA

                                   only a single process is used
                       available to each process: 2.0 GB of memory, 1 thread?
()()()()()()()()()()()()()()()()()()()()()()()()()()()()()()()()()()()()()()()()()()()()()()()()()()
 
 
      *** WARNING: Default frozen orbitals is overwritten by user input.
      *** Default values:   0
 
      Header of the integral files:
      
       Integrals generated by seward 4.2.0  , Mon Oct 27 06:54:09 2025
 
 
      Header of MO coefficients source file:
      * RASSCF average (pseudo-natural) orbitals                                      
 
 
      Cartesian coordinates in Angstrom:
      -----------------------------------------------------
      No.  Label        X            Y            Z        
      -----------------------------------------------------
       1   H1         0.00000000   0.00000000   0.00000000
       2   H2         0.00000000   0.00000000   1.98181800
       3   H3         0.00000000   0.00000000   3.96363600
       4   H4         0.00000000   0.00000000   5.94545500
       5   H5         0.00000000   0.00000000   7.92727300
       6   H6         0.00000000   0.00000000   9.90909100
       7   H7         0.00000000   0.00000000  11.89090900
       8   H8         0.00000000   0.00000000  13.87272700
       9   H9         0.00000000   0.00000000  15.85454500
      10   H10        0.00000000   0.00000000  17.83636400
      11   H11        0.00000000   0.00000000  19.81818200
      12   H12        0.00000000   0.00000000  21.80000000
      -----------------------------------------------------
      Nuclear repulsion energy =    6.73909140
 
      Orbital specifications:
      -----------------------
 
      Symmetry species:              1
      Number of basis functions:    60
      Frozen orbitals:               0
      Deleted orbitals:              0
      Number of orbitals used:      60

       SYMMETRY  BASIS FUNCTIONS       ORBITALS      INTEGRALS   CPU(SEC)  I/O(SEC)
        1 1 1 1   60  60  60  60    60  60  60  60     1675365       0.00      0.00

       TOTAL CPU TIME(SEC)    1.13TOTAL I/O TIME(SEC)    2.48
 
--- Stop Module: motra at Mon Oct 27 07:04:47 2025 /rc=_RC_ALL_IS_WELL_ ---
*** files: xmldump
    saved to directory /home/grierjones/DDCASPT2/hydrogen_comps/rerun/H12_chain/H12_1.98
--- Module motra spent 2 seconds ---

>>> COPY /tmp/H12_1.98/GMJ_one_int_indx.csv /home/grierjones/DDCASPT2/hydrogen_comps/rerun/H12_chain/H12_1.98/H12_1.98.GMJ_one_int_indx.csv

>>> COPY /tmp/H12_1.98/GMJ_one_int.csv /home/grierjones/DDCASPT2/hydrogen_comps/rerun/H12_chain/H12_1.98/H12_1.98.GMJ_one_int.csv

>>> COPY /tmp/H12_1.98/GMJ_two_int_indx.csv /home/grierjones/DDCASPT2/hydrogen_comps/rerun/H12_chain/H12_1.98/H12_1.98.GMJ_two_int_indx.csv

>>> COPY /tmp/H12_1.98/GMJ_two_int.csv /home/grierjones/DDCASPT2/hydrogen_comps/rerun/H12_chain/H12_1.98/H12_1.98.GMJ_two_int.csv

*** symbolic link created: INPORB -> H12_1.98.RasOrb
--- Start Module: caspt2 at Mon Oct 27 07:04:47 2025 ---
 
()()()()()()()()()()()()()()()()()()()()()()()()()()()()()()()()()()()()()()()()()()()()()()()()()()

                                              &CASPT2

                                   only a single process is used
                       available to each process: 2.0 GB of memory, 1 thread?
()()()()()()()()()()()()()()()()()()()()()()()()()()()()()()()()()()()()()()()()()()()()()()()()()()
 
 Cholesky algorithm in CASPT2 =    1
 
 ###############################################################################
 ###############################################################################
 ###                                                                         ###
 ###                                                                         ###
 ###    User changed nr of frozen orbitals.                                  ###
 ###                                                                         ###
 ###                                                                         ###
 ###############################################################################
 ###############################################################################
 
++    Wave function specifications:
      -----------------------------
 
      Number of closed shell electrons           0
      Number of electrons in active shells      12
      Max number of holes in RAS1 space          0
      Max number of electrons in RAS3 space      0
      Number of inactive orbitals                0
      Number of active orbitals                 12
      Number of secondary orbitals              48
      Spin quantum number                      0.0
      State symmetry                             1
      Number of CSFs                        226512
      Number of root(s) available                1
      Root passed to geometry opt.               1
      A file JOBMIX will be created.
      This is a CASSCF or RASSCF reference function
--
 
++    Orbital specifications:
      -----------------------
 
      Symmetry species                           1
                                                 a
      Frozen orbitals                            0
      Inactive orbitals                          0
      Active orbitals                           12
      Secondary orbitals                        48
      Deleted orbitals                           0
      Number of basis functions                 60
--
 
      Type of Fock operator: STANDARD
      Type of 0-order Hamiltonian: STANDARD WITH DEFAULT IPEA
        "IP-EA" denominator shift =      0.25
      The input orbitals and the CI vector will be transformed.
 
--------------------------------------------------------------------------------
 Estimated memory requirements:
  POLY3 :                 54392696
  RHS:                     1916944
  SIGMA :                   616912
  PRPCTL:                        0
 Available workspace:    230179958
 
++ CASPT2 computation for group   1
 
********************************************************************************
 Multi-State initialization phase begins for group   1
--------------------------------------------------------------------------------
********************************************************************************
 Compute H0 matrices for state    1
--------------------------------------------------------------------------------
--------------------------------------------------------------------------------
 H0 matrices have been computed.
 
********************************************************************************
  CASPT2 EQUATION SOLUTION
--------------------------------------------------------------------------------
 
  Total nr of CASPT2 parameters:
   Before reduction:      249120
   After  reduction:      248544
 
 The contributions to the second order correlation energy in atomic units.
-----------------------------------------------------------------------------------------------------------------------------
  IT.      VJTU        VJTI        ATVX        AIVX        VJAI        BVAT        BJAT        BJAI        TOTAL       RNORM  
-----------------------------------------------------------------------------------------------------------------------------
   1     0.000000    0.000000   -0.007116    0.000000    0.000000   -0.014738    0.000000    0.000000   -0.021854    0.001924
   2     0.000000    0.000000   -0.007178    0.000000    0.000000   -0.014758    0.000000    0.000000   -0.021937    0.000343
   3     0.000000    0.000000   -0.007188    0.000000    0.000000   -0.014761    0.000000    0.000000   -0.021950    0.000097
   4     0.000000    0.000000   -0.007184    0.000000    0.000000   -0.014761    0.000000    0.000000   -0.021946    0.000016
   5     0.000000    0.000000   -0.007184    0.000000    0.000000   -0.014761    0.000000    0.000000   -0.021945    0.000004
-------------------------------------------------------------------------------------------------------------------
 
  FINAL CASPT2 RESULT:
 
  Correlation energy /Case, /Symm, and sums:
 VJTU      0.00000000  0.00000000
 VJTIP     0.00000000  0.00000000
 VJTIM     0.00000000  0.00000000
 ATVX     -0.00718403 -0.00718403
 AIVX      0.00000000  0.00000000
 VJAIP     0.00000000  0.00000000
 VJAIM     0.00000000  0.00000000
 BVATP    -0.01390220 -0.01390220
 BVATM    -0.00085923 -0.00085923
 BJATP     0.00000000  0.00000000
 BJATM     0.00000000  0.00000000
 BJAIP     0.00000000  0.00000000
 BJAIM     0.00000000  0.00000000
 Summed:  -0.02194546 -0.02194546
 
      Reference energy:          -6.0927948628
      E2 (Non-variational):      -0.0219454627
      E2 (Variational):          -0.0219454641
      Total energy:              -6.1147403268
      Residual norm:              0.0000005273
      Reference weight:           0.98663
 
      Contributions to the CASPT2 correlation energy
      Active & Virtual Only:         -0.0219454627
      One Inactive Excited:           0.0000000000
      Two Inactive Excited:           0.0000000000
 
 
++ Denominators, etc.
----------------------------------------------------------------------------------------------------
 Report on small energy denominators, large coefficients, and large energy contributions.
CASE  SYMM ACTIVE-MIX  NON-ACTIVE INDICES          DENOMINATOR     RHS VALUE       COEFFICIENT     CONTRIBUTION
ATVX     1  Mu1.0001  Se1.013                       0.15888068     -0.00000008      0.00000062     -0.00000000
ATVX     1  Mu1.0002  Se1.013                       0.19501418     -0.00003016      0.00041499     -0.00000001
ATVX     1  Mu1.0003  Se1.013                       0.23334022     -0.00000002      0.00000011     -0.00000000
ATVX     1  Mu1.0004  Se1.013                       0.26542686     -0.00005467      0.00076440     -0.00000004
ATVX     1  Mu1.0005  Se1.013                       0.28903916     -0.00000002      0.00000006     -0.00000000
ATVX     1  Mu1.0001  Se1.014                       0.17087309      0.00001602      0.00015964      0.00000000
ATVX     1  Mu1.0002  Se1.014                       0.20700659     -0.00000004      0.00000019     -0.00000000
ATVX     1  Mu1.0003  Se1.014                       0.24533263     -0.00006858      0.00103800     -0.00000007
ATVX     1  Mu1.0004  Se1.014                       0.27741927     -0.00000007      0.00000027     -0.00000000
ATVX     1  Mu1.0001  Se1.015                       0.19254103     -0.00000000      0.00000001     -0.00000000
ATVX     1  Mu1.0002  Se1.015                       0.22867453     -0.00005279     -0.00048915      0.00000003
ATVX     1  Mu1.0003  Se1.015                       0.26700057      0.00000011     -0.00000043     -0.00000000
ATVX     1  Mu1.0004  Se1.015                       0.29908721     -0.00039917     -0.00148487      0.00000059
ATVX     1  Mu1.0001  Se1.016                       0.22667044     -0.00017351      0.00032451     -0.00000006
ATVX     1  Mu1.0002  Se1.016                       0.26280394      0.00000005     -0.00000019     -0.00000000
ATVX     1  Mu1.0001  Se1.017                       0.27626513     -0.00000007      0.00000029     -0.00000000
--
 
   (Skipping property calculation,
    use PROP keyword to activate)
--
 
  Total CASPT2 energies:
::    CASPT2 Root  1     Total energy:     -6.11474033
 
  A NEW JOBIPH FILE NAMED 'JOBMIX' IS PREPARED.
********************************************************************************
forrtl: warning (528): IEEE_UNDERFLOW is signaling
--- Stop Module: caspt2 at Mon Oct 27 07:06:23 2025 /rc=_RC_ALL_IS_WELL_ ---
*** files: xmldump
    saved to directory /home/grierjones/DDCASPT2/hydrogen_comps/rerun/H12_chain/H12_1.98
--- Module caspt2 spent 1 minute 35 seconds ---

>>> EXPORT i = B

>>> EXPORT j = P

>>> IF (-FILE GMJ_e2_${i}_${j}_1_.csv)
(Skipped)

>>> END FOREACH

>>> EXPORT j = M

>>> IF (-FILE GMJ_e2_${i}_${j}_1_.csv)
(Skipped)

>>> END FOREACH

>>> END FOREACH

>>> EXPORT i = E

>>> EXPORT j = P

>>> IF (-FILE GMJ_e2_${i}_${j}_1_.csv)
(Skipped)

>>> END FOREACH

>>> EXPORT j = M

>>> IF (-FILE GMJ_e2_${i}_${j}_1_.csv)
(Skipped)

>>> END FOREACH

>>> END FOREACH

>>> EXPORT i = F

>>> EXPORT j = P

>>> IF (-FILE GMJ_e2_${i}_${j}_1_.csv)

>>> COPY /tmp/H12_1.98/GMJ_RHS_F_P_1_.csv /home/grierjones/DDCASPT2/hydrogen_comps/rerun/H12_chain/H12_1.98/GMJ_RHS_F_P_1_.csv

>>> COPY /tmp/H12_1.98/GMJ_IVECW_F_P_1_.csv /home/grierjones/DDCASPT2/hydrogen_comps/rerun/H12_chain/H12_1.98/GMJ_IVECW_F_P_1_.csv

>>> COPY /tmp/H12_1.98/GMJ_IVECX_F_P_1_.csv /home/grierjones/DDCASPT2/hydrogen_comps/rerun/H12_chain/H12_1.98/GMJ_IVECX_F_P_1_.csv

>>> COPY /tmp/H12_1.98/GMJ_IVECC2_F_P_1_.csv /home/grierjones/DDCASPT2/hydrogen_comps/rerun/H12_chain/H12_1.98/GMJ_IVECC2_F_P_1_.csv

>>> COPY /tmp/H12_1.98/GMJ_e2_F_P_1_.csv /home/grierjones/DDCASPT2/hydrogen_comps/rerun/H12_chain/H12_1.98/GMJ_e2_F_P_1_.csv

>>> END FOREACH

>>> EXPORT j = M

>>> IF (-FILE GMJ_e2_${i}_${j}_1_.csv)

>>> COPY /tmp/H12_1.98/GMJ_RHS_F_M_1_.csv /home/grierjones/DDCASPT2/hydrogen_comps/rerun/H12_chain/H12_1.98/GMJ_RHS_F_M_1_.csv

>>> COPY /tmp/H12_1.98/GMJ_IVECW_F_M_1_.csv /home/grierjones/DDCASPT2/hydrogen_comps/rerun/H12_chain/H12_1.98/GMJ_IVECW_F_M_1_.csv

>>> COPY /tmp/H12_1.98/GMJ_IVECX_F_M_1_.csv /home/grierjones/DDCASPT2/hydrogen_comps/rerun/H12_chain/H12_1.98/GMJ_IVECX_F_M_1_.csv

>>> COPY /tmp/H12_1.98/GMJ_IVECC2_F_M_1_.csv /home/grierjones/DDCASPT2/hydrogen_comps/rerun/H12_chain/H12_1.98/GMJ_IVECC2_F_M_1_.csv

>>> COPY /tmp/H12_1.98/GMJ_e2_F_M_1_.csv /home/grierjones/DDCASPT2/hydrogen_comps/rerun/H12_chain/H12_1.98/GMJ_e2_F_M_1_.csv

>>> END FOREACH

>>> END FOREACH

>>> EXPORT i = G

>>> EXPORT j = P

>>> IF (-FILE GMJ_e2_${i}_${j}_1_.csv)
(Skipped)

>>> END FOREACH

>>> EXPORT j = M

>>> IF (-FILE GMJ_e2_${i}_${j}_1_.csv)
(Skipped)

>>> END FOREACH

>>> END FOREACH

>>> EXPORT i = H

>>> EXPORT j = P

>>> IF (-FILE GMJ_e2_${i}_${j}_1_.csv)
(Skipped)

>>> END FOREACH

>>> EXPORT j = M

>>> IF (-FILE GMJ_e2_${i}_${j}_1_.csv)
(Skipped)

>>> END FOREACH

>>> END FOREACH

>>> EXPORT i = A

>>> IF (-FILE GMJ_e2_${i}_1_.csv)
(Skipped)

>>> END FOREACH

>>> EXPORT i = C

>>> IF (-FILE GMJ_e2_${i}_1_.csv)

>>> COPY /tmp/H12_1.98/GMJ_RHS_C_1_.csv /home/grierjones/DDCASPT2/hydrogen_comps/rerun/H12_chain/H12_1.98/GMJ_RHS_C_1_.csv

>>> COPY /tmp/H12_1.98/GMJ_IVECW_C_1_.csv /home/grierjones/DDCASPT2/hydrogen_comps/rerun/H12_chain/H12_1.98/GMJ_IVECW_C_1_.csv

>>> COPY /tmp/H12_1.98/GMJ_IVECX_C_1_.csv /home/grierjones/DDCASPT2/hydrogen_comps/rerun/H12_chain/H12_1.98/GMJ_IVECX_C_1_.csv

>>> COPY /tmp/H12_1.98/GMJ_IVECC2_C_1_.csv /home/grierjones/DDCASPT2/hydrogen_comps/rerun/H12_chain/H12_1.98/GMJ_IVECC2_C_1_.csv

>>> COPY /tmp/H12_1.98/GMJ_e2_C_1_.csv /home/grierjones/DDCASPT2/hydrogen_comps/rerun/H12_chain/H12_1.98/GMJ_e2_C_1_.csv

>>> END FOREACH

>>> EXPORT i = D

>>> IF (-FILE GMJ_e2_${i}_1_.csv)
(Skipped)

>>> END FOREACH

.########################.
.# Non-zero return code #.
.########################.

    Timing: Wall=734.07 User=729.29 System=4.66
****************************************
*** WorkDir at /tmp/H12_1.98 cleaned ***
****************************************
