   This run of MOLCAS is using the pymolcas driver

                             OPE
                             OPE          NMOL  CASOP  ENMOLC A   SO
                 OPE        NMOLC        AS  OP EN  MO LC     AS  OP
                OPENM       OL CA        SO  PE NM  OL CA     SOP EN
                OP EN      MO   LC       AS  OP ENMOL  CASO   PENMOL
                OP  EN     MO   LC       AS  OP EN     MO     LC ASO
               OP   E  NMOL  C  AS       OP  EN MO     LC     AS  OP
               OP  E   NMO   LC AS        OPEN  MO     LCASOP EN   M
               O  PEN   MO  LCA  SO
            OPE   NMO   L   CAS    OP
        OPENMOL  CASOP     ENMOL   CASOPE
     OPENMOLCA   SOPENMOLCASOPEN   MOLCASOPE
    OPENMOLCAS   OP           EN   MOL    CAS
    OPENMOLCAS       OP  ENM        O     LCA
    OPENMOLCAS    OPEN  MOLCASO     P  E  NMO
    OPENMOLCAS     OP               E  N  MOL
    OPENMOLCA   SO           PENM   O  L  CAS    OPEN    MO    LCAS
    OPENMOLCA   SOP           ENM   O  L  CAS   OP  EN  MOLC  AS   O
    OPENMOLCA   SOPE           NM      O  LCA   S      OP  EN MO
    OPENMOLC                AS         O  PEN   M      OL  CA  SOPE
    OPENMO        LCASOPE  NMOL        C  ASO   P      ENMOLC     AS
    OPE     NMO      LCA  SO     P     E   NM   OL  CA SO  PE N   MO
          OPENMOLCA            SOPE   NMO        LCAS  O    P  ENMO
     OPENMOLCASOPENMOLCASOPENMOLCASOPENMOLCA
        OPENMOLCASOPENMOLCASOPENMOLCASOPE
            OPENMOLCASOPENMOLCASOPENM
               OPENMOLCASOPENMOLCA        version: f37762c57
                   OPENMOLCASO
                       OPE                tag:

 OpenMolcas is free software; you can redistribute it and/or modify it
 under the terms of the GNU Lesser General Public License version 2.1.
 OpenMolcas is distributed in the hope that it will be useful, but it
 is provided "as is" and without any express or implied warranties.
 For more details see the full text of the license in the file
 LICENSE or in <http://www.gnu.org/licenses/>.

                 Copyright (C) The OpenMolcas Authors
           For the author list and the recommended citation,
                   consult the file CONTRIBUTORS.md

           *************************************************
           * pymolcas version py2.28                       *
           *   build c4a6d18ded8cb6cad61d2372a9abd97c      *
           *   (after the EMIL interpreter by V. Veryazov) *
           *************************************************

configuration info
------------------
C Compiler ID: Intel
C flags: -std=gnu99 -gcc-sys
Fortran Compiler ID: IntelLLVM
Fortran flags: -standard-semantics -fltconsistency -fpp -i8 -heap-arrays
Definitions: _MOLCAS_;_I8_;_LINUX_
Parallel: OFF (GA=OFF)


   ----------------------------------------------------------------------------------------
  |
  |              Project: H10_1.47
  |       Submitted from: ${LOCALHOME}/DDCASPT2/hydrogen_comps/rerun/H10_chain/H10_1.47
  |         Scratch area: /tmp/H10_1.47
  |      Save outputs to: ${LOCALHOME}/DDCASPT2/hydrogen_comps/rerun/H10_chain/H10_1.47
  |               Molcas: ${LOCALHOME}/Test/build
  |
  | Scratch area is empty
  |
  |       MOLCAS_DRIVER = /usr/local/pymolcas
  | MOLCAS_KEEP_WORKDIR = NO
  |  MOLCAS_NEW_WORKDIR = YES
  |       MOLCAS_NPROCS = 1
  |        MOLCAS_PRINT = NORMAL
  |       MOLCAS_SOURCE = ${LOCALHOME}/Test
  |    MOLCAS_STRUCTURE = 0
  |
   ----------------------------------------------------------------------------------------

++ ---------   Input file   ---------

&GATEWAY
coord=H10_1.47.xyz
Basis = ANO-RCC-VDZP
Group = nosymm
End of Input

&SEWARD
End of Input

&SCF

>>> COPY $WorkDir/H10_1.47.scf.h5 $CurrDir/

&RASSCF
Title= RASSCF
FileOrb
${LOCALHOME}/DDCASPT2/hydrogen_comps/rerun/H10_chain/H10_0.60/H10_0.60.RasOrb
NACTEL
10 0 0
Inactive
0
RAS2
10
Symmetry
1
Spin
1
orblisting
all

>>> COPY $WorkDir/H10_1.47.rasscf.h5 $CurrDir/

>>> COPY $WorkDir/DDCASPT2_Fock_MO.csv $CurrDir/H10_1.47.DDCASPT2_Fock_MO.csv

&MOTRA
Frozen=0
LUMORB

>>> COPY $WorkDir/DDCASPT2_one_int_indx.csv $CurrDir/H10_1.47.DDCASPT2_one_int_indx.csv

>>> COPY $WorkDir/DDCASPT2_one_int.csv $CurrDir/H10_1.47.DDCASPT2_one_int.csv

>>> COPY $WorkDir/DDCASPT2_two_int_indx.csv $CurrDir/H10_1.47.DDCASPT2_two_int_indx.csv

>>> COPY $WorkDir/DDCASPT2_two_int.csv $CurrDir/H10_1.47.DDCASPT2_two_int.csv

&CASPT2
Frozen
0

MAXITER
50

>>> FOREACH i IN (B,E,F,G,H)

  >>> FOREACH j IN (P,M)

    >>> IF (-FILE DDCASPT2_e2_${i}_${j}_1_.csv)

      >>> COPY $WorkDir/DDCASPT2_RHS_${i}_${j}_1_.csv $CurrDir/DDCASPT2_RHS_${i}_${j}_1_.csv

      >>> COPY $WorkDir/DDCASPT2_IVECW_${i}_${j}_1_.csv $CurrDir/DDCASPT2_IVECW_${i}_${j}_1_.csv

      >>> COPY $WorkDir/DDCASPT2_IVECX_${i}_${j}_1_.csv $CurrDir/DDCASPT2_IVECX_${i}_${j}_1_.csv

      >>> COPY $WorkDir/DDCASPT2_IVECC2_${i}_${j}_1_.csv $CurrDir/DDCASPT2_IVECC2_${i}_${j}_1_.csv

      >>> COPY $WorkDir/DDCASPT2_e2_${i}_${j}_1_.csv $CurrDir/DDCASPT2_e2_${i}_${j}_1_.csv

    >>> END IF

  >>> END FOREACH

>>> END FOREACH

>>> FOREACH i IN (A,C,D)

  >>> IF (-FILE DDCASPT2_e2_${i}_1_.csv)

    >>> COPY $WorkDir/DDCASPT2_RHS_${i}_1_.csv $CurrDir/DDCASPT2_RHS_${i}_1_.csv

    >>> COPY $WorkDir/DDCASPT2_IVECW_${i}_1_.csv $CurrDir/DDCASPT2_IVECW_${i}_1_.csv

    >>> COPY $WorkDir/DDCASPT2_IVECX_${i}_1_.csv $CurrDir/DDCASPT2_IVECX_${i}_1_.csv

    >>> COPY $WorkDir/DDCASPT2_IVECC2_${i}_1_.csv $CurrDir/DDCASPT2_IVECC2_${i}_1_.csv

    >>> COPY $WorkDir/DDCASPT2_e2_${i}_1_.csv $CurrDir/DDCASPT2_e2_${i}_1_.csv

  >>> END IF

>>> END FOREACH

-- ----------------------------------

--- Start Module: gateway at Sun Oct 26 15:08:15 2025 ---
 
()()()()()()()()()()()()()()()()()()()()()()()()()()()()()()()()()()()()()()()()()()()()()()()()()()

                                              &GATEWAY

                                   only a single process is used
                       available to each process: 2.0 GB of memory, 1 thread?
()()()()()()()()()()()()()()()()()()()()()()()()()()()()()()()()()()()()()()()()()()()()()()()()()()
 
 
++    Symmetry information:
      ---------------------
 
                    Character Table for C1 
 
                             E  
                    a        1  x, y, xy, Rz, z, xz, Ry, yz, Rx, I
--
 
 
++    Basis set information:
      ----------------------
 
 
      Basis set label: H.ANO-RCC...2S1P.
 
      Electronic valence basis set:
      ------------------
      Associated Effective Charge   1.000000 au
      Associated Actual Charge      1.000000 au
      Nuclear Model: Point charge
 
      Shell  nPrim  nBasis  Cartesian Spherical Contaminant
         s       8       2        X                  
         p       4       1        X                  
--
 
 
++    Molecular structure info:
      -------------------------
 
                    ************************************************ 
                    **** Cartesian Coordinates / Bohr, Angstrom **** 
                    ************************************************ 
 
     Center  Label                x              y              z                     x              y              z
        1      H1               0.000000       0.000000       0.000000              0.000000       0.000000       0.000000
        2      H2               0.000000       0.000000       2.783051              0.000000       0.000000       1.472727
        3      H3               0.000000       0.000000       5.566103              0.000000       0.000000       2.945455
        4      H4               0.000000       0.000000       8.349154              0.000000       0.000000       4.418182
        5      H5               0.000000       0.000000      11.132205              0.000000       0.000000       5.890909
        6      H6               0.000000       0.000000      13.915255              0.000000       0.000000       7.363636
        7      H7               0.000000       0.000000      16.698308              0.000000       0.000000       8.836364
        8      H8               0.000000       0.000000      19.481359              0.000000       0.000000      10.309091
        9      H9               0.000000       0.000000      22.264409              0.000000       0.000000      11.781818
       10      H10              0.000000       0.000000      25.047460              0.000000       0.000000      13.254545
 
                    *************************************** 
                    *    InterNuclear Distances / Bohr    * 
                    *************************************** 
 
               1 H1            2 H2            3 H3            4 H4            5 H5            6 H6    
    1 H1       0.000000
    2 H2       2.783051        0.000000
    3 H3       5.566103        2.783053        0.000000
    4 H4       8.349154        5.566103        2.783051        0.000000
    5 H5      11.132205        8.349154        5.566101        2.783051        0.000000
    6 H6      13.915255       11.132205        8.349152        5.566101        2.783051        0.000000
    7 H7      16.698308       13.915257       11.132205        8.349154        5.566103        2.783053
    8 H8      19.481359       16.698308       13.915255       11.132205        8.349154        5.566103
    9 H9      22.264409       19.481359       16.698306       13.915255       11.132205        8.349154
   10 H10     25.047460       22.264409       19.481357       16.698306       13.915255       11.132205
 
               7 H7            8 H8            9 H9           10 H10   
    7 H7       0.000000
    8 H8       2.783051        0.000000
    9 H9       5.566101        2.783051        0.000000
   10 H10      8.349152        5.566101        2.783051        0.000000
 
                    ******************************************* 
                    *    InterNuclear Distances / Angstrom    * 
                    ******************************************* 
 
               1 H1            2 H2            3 H3            4 H4            5 H5            6 H6    
    1 H1       0.000000
    2 H2       1.472727        0.000000
    3 H3       2.945455        1.472728        0.000000
    4 H4       4.418182        2.945455        1.472727        0.000000
    5 H5       5.890909        4.418182        2.945454        1.472727        0.000000
    6 H6       7.363636        5.890909        4.418181        2.945454        1.472727        0.000000
    7 H7       8.836364        7.363637        5.890909        4.418182        2.945455        1.472728
    8 H8      10.309091        8.836364        7.363636        5.890909        4.418182        2.945455
    9 H9      11.781818       10.309091        8.836363        7.363636        5.890909        4.418182
   10 H10     13.254545       11.781818       10.309090        8.836363        7.363636        5.890909
 
               7 H7            8 H8            9 H9           10 H10   
    7 H7       0.000000
    8 H8       1.472727        0.000000
    9 H9       2.945454        1.472727        0.000000
   10 H10      4.418181        2.945454        1.472727        0.000000
 
                    ************************************** 
                    *    Valence Bond Angles / Degree    * 
                    ************************************** 
                          Atom centers                 Phi
                      1 H1       2 H2       3 H3       180.00
                      2 H2       3 H3       4 H4       180.00
                      3 H3       4 H4       5 H5       180.00
                      4 H4       5 H5       6 H6       180.00
                      5 H5       6 H6       7 H7       180.00
                      6 H6       7 H7       8 H8       180.00
                      7 H7       8 H8       9 H9       180.00
                      8 H8       9 H9      10 H10      180.00
--
 
 
            Nuclear Potential Energy              6.93112761 au
 
--- Stop Module: gateway at Sun Oct 26 15:08:15 2025 /rc=_RC_ALL_IS_WELL_ ---
*** files: xmldump
    saved to directory ${LOCALHOME}/DDCASPT2/hydrogen_comps/rerun/H10_chain/H10_1.47

--- Start Module: seward at Sun Oct 26 15:08:15 2025 ---
 
()()()()()()()()()()()()()()()()()()()()()()()()()()()()()()()()()()()()()()()()()()()()()()()()()()

                                              &SEWARD

                                   only a single process is used
                       available to each process: 2.0 GB of memory, 1 thread?
()()()()()()()()()()()()()()()()()()()()()()()()()()()()()()()()()()()()()()()()()()()()()()()()()()
 
               SEWARD will generate:
                  Multipole Moment integrals up to order  2
                  Kinetic Energy integrals
                  Nuclear Attraction integrals (point charge)
                  One-Electron Hamiltonian integrals
                  Velocity integrals
                  Relativistic Douglas-Kroll-Hess integrals:
                    - Parametrization         : EXP
                    - DKH order of Hamiltonian: 2
                    - DKH order of Properties : 0
                         - multipole moment operators
                         - electric potential operators
                         - contact operators
                  Atomic mean-field integrals
                  Two-Electron Repulsion integrals
 
                   Integrals are discarded if absolute value <: 0.10E-13
                   Integral cutoff threshold is set to       <: 0.10E-15
 
            Nuclear Potential Energy              6.93112761 au
 
 
      Basis set specifications :
      Symmetry species         a  
      Basis functions           50
 
 
  Input file to MOLDEN was generated!
 
forrtl: warning (525): IEEE_DIVIDE_BY_ZERO is signaling
forrtl: warning (526): IEEE_INVALID is signaling
forrtl: warning (528): IEEE_UNDERFLOW is signaling
--- Stop Module: seward at Sun Oct 26 15:08:16 2025 /rc=_RC_ALL_IS_WELL_ ---
*** files: H10_1.47.GssOrb H10_1.47.guessorb.h5 H10_1.47.guessorb.molden xmldump
    saved to directory ${LOCALHOME}/DDCASPT2/hydrogen_comps/rerun/H10_chain/H10_1.47

*** symbolic link created: INPORB -> H10_1.47.GssOrb
--- Start Module: scf at Sun Oct 26 15:08:16 2025 ---
 
()()()()()()()()()()()()()()()()()()()()()()()()()()()()()()()()()()()()()()()()()()()()()()()()()()

                                                &SCF

                                   only a single process is used
                       available to each process: 2.0 GB of memory, 1 thread?
()()()()()()()()()()()()()()()()()()()()()()()()()()()()()()()()()()()()()()()()()()()()()()()()()()
 
++    Input section:
      --------------
 
      Header of the integral files:
      
       Integrals generated by seward 4.2.0  , Sun Oct 26 15:08:16 2025
 
 
      Cartesian coordinates in Angstrom:
      -----------------------------------------------------
      No.  Label        X            Y            Z        
      -----------------------------------------------------
       1   H1         0.00000000   0.00000000   0.00000000
       2   H2         0.00000000   0.00000000   1.47272700
       3   H3         0.00000000   0.00000000   2.94545500
       4   H4         0.00000000   0.00000000   4.41818200
       5   H5         0.00000000   0.00000000   5.89090900
       6   H6         0.00000000   0.00000000   7.36363600
       7   H7         0.00000000   0.00000000   8.83636400
       8   H8         0.00000000   0.00000000  10.30909100
       9   H9         0.00000000   0.00000000  11.78181800
      10   H10        0.00000000   0.00000000  13.25454500
      -----------------------------------------------------
      Nuclear repulsion energy =    6.93112761
--
 
++    Orbital specifications:
      -----------------------
 
      Symmetry species               1
                                     a
      Frozen orbitals                0
      Occupied orbitals              5
      Secondary orbitals            45
      Deleted orbitals               0
      Total number of orbitals      50
      Number of basis functions     50
--
 
      Molecular charge                           0.000
 
++    Optimization specifications:
      ----------------------------
 
      SCF Algorithm: Conventional
      Minimized density differences are used
      Number of density matrices in core                5
      Maximum number of NDDO SCF iterations           400
      Maximum number of HF SCF iterations             400
      Threshold for SCF energy change            0.10E-08
      Threshold for density matrix               0.10E-03
      Threshold for Fock matrix                  0.15E-03
      Threshold for linear dependence            0.10E-08
      Threshold at which DIIS is turned on       0.15E+00
      Threshold at which QNR/C2DIIS is turned on 0.75E-01
      Threshold for Norm(delta) (QNR/C2DIIS)     0.20E-04
      DIIS extrapolation of the SCF procedure
      All orbitals punched on: SCFORB
--
 
      Input vectors read from INPORB
      Orbital file label: *Guess orbitals
 
 
++ Convergence information
                                   SCF        iterations: Energy and convergence statistics
 
Iter     Tot. SCF        One-elec.       Two-elec.     Energy      Max Dij or  Max Fij      DNorm      TNorm      AccCon     Time
         Energy          Energy          Energy        Change      Delta Norm                                                in Sec.
   1    -4.918951373   -19.312444292     7.462365307   0.00E+00    0.23E+00*   0.11E+00*    0.41E+01   0.13E+02   None         0.
   2    -5.031172897   -19.338635143     7.376334634  -0.11E+00*   0.10E+00*   0.17E-01*    0.14E+01   0.13E+02   EDIIS        0.
   3    -5.037235150   -19.285784101     7.317421339  -0.61E-02*   0.45E-01*   0.77E-02*    0.30E+00   0.13E+02   EDIIS        0.
   4    -5.038491910   -19.284970997     7.315351474  -0.13E-02*   0.15E-01*   0.60E-02*    0.10E+00   0.13E+02   c2DIIS       0.
   5    -5.039001184   -19.280815918     7.310687122  -0.51E-03*   0.38E-02*   0.92E-03*    0.19E-01   0.13E+02   QNRc2DIIS    0.
   6    -5.039019015   -19.281411952     7.311265326  -0.18E-04*   0.44E-02*   0.41E-03*    0.57E-02   0.13E+02   QNRc2DIIS    0.
   7    -5.039026090   -19.281189146     7.311035443  -0.71E-05*   0.15E-03*   0.36E-04     0.14E-02   0.13E+02   QNRc2DIIS    0.
   8    -5.039026123   -19.281077742     7.310924007  -0.33E-07*   0.25E-04*   0.69E-05     0.23E-03   0.13E+02   QNRc2DIIS    0.
   9    -5.039026124   -19.281067094     7.310913358  -0.10E-08    0.34E-05    0.70E-06     0.27E-04   0.13E+02   QNRc2DIIS    0.
 
       Convergence after  9 Macro Iterations
--
 
 *****************************************************************************************************************************
 *                                                                                                                           *
 *                                             SCF/KS-DFT Program, Final results                                             *
 *                                                                                                                           *
 *                                                                                                                           *
 *                                                                                                                           *
 *                                                       Final Results                                                       *
 *                                                                                                                           *
 *****************************************************************************************************************************
 
::    Total SCF energy                                 -5.0390261244
      One-electron energy                             -19.2810670939
      Two-electron energy                               7.3109133575
      Nuclear repulsion energy                          6.9311276120
      Kinetic energy (interpolated)                     3.8912119281
      Virial theorem                                    1.2949760171
      Total spin, S(S+1)                                0.0000000000
      Total spin, S                                     0.0000000000
      Max non-diagonal density matrix element           0.0000039771
      Max non-diagonal Fock matrix element              0.0000002687
 
 
      All orbitals with orbital energies smaller than  E(LUMO)+0.5 are printed
 
++    Molecular orbitals:
      -------------------
 
      Title: SCF orbitals

      Molecular orbitals for symmetry species 1: a  
 
          Orbital            1         2         3         4         5         6         7         8         9        10    
          Energy           -0.5512   -0.5245   -0.4809   -0.4212   -0.3518   -0.0947   -0.0066    0.0891    0.1878    0.2644
          Occ. No.          2.0000    2.0000    2.0000    2.0000    2.0000    0.0000    0.0000    0.0000    0.0000    0.0000
 
        1 H1     1s         0.0984   -0.1926    0.2756   -0.3332    0.3024   -0.4251    0.5962   -0.6068    0.4702   -0.1833
        2 H1     2s         0.0035   -0.0073    0.0149   -0.0318    0.0475   -0.1601    0.2848   -0.3702    0.3991    0.0805
        3 H1     2px        0.0000    0.0000   -0.0000    0.0000   -0.0000    0.0000    0.0000   -0.0000    0.0000    0.0000
        4 H1     2py       -0.0000   -0.0000   -0.0000   -0.0000    0.0000   -0.0000   -0.0000    0.0000   -0.0000   -0.0000
        5 H1     2pz        0.0080   -0.0139    0.0159   -0.0138    0.0083    0.0019   -0.0120    0.0272   -0.0431   -0.0183
        6 H2     1s         0.1557   -0.2840    0.3543   -0.3372    0.2102    0.1620   -0.5119    0.8281   -0.8788    0.0455
        7 H2     2s        -0.0016   -0.0113    0.0437   -0.0799    0.0758    0.0518   -0.2238    0.4024   -0.4271    0.2222
        8 H2     2px       -0.0000   -0.0000    0.0000    0.0000   -0.0000    0.0000    0.0000   -0.0000    0.0000   -0.0000
        9 H2     2py       -0.0000    0.0000    0.0000   -0.0000    0.0000   -0.0000   -0.0000    0.0000   -0.0000   -0.0000
       10 H2     2pz        0.0032   -0.0011   -0.0077    0.0183   -0.0202    0.0221   -0.0195   -0.0015    0.0332   -0.0087
       11 H3     1s         0.2468   -0.3097    0.1229    0.2120   -0.3994    0.4920   -0.2412   -0.4319    0.9351   -0.2634
       12 H3     2s         0.0098   -0.0094   -0.0088    0.0573   -0.1031    0.1824   -0.0953   -0.2130    0.4931    0.1286
       13 H3     2px       -0.0000    0.0000    0.0000   -0.0000    0.0000   -0.0000   -0.0000   -0.0000    0.0000   -0.0000
       14 H3     2py       -0.0000   -0.0000   -0.0000   -0.0000    0.0000    0.0000    0.0000   -0.0000    0.0000   -0.0000
       15 H3     2pz        0.0069   -0.0014   -0.0125    0.0190   -0.0115   -0.0137    0.0280   -0.0259   -0.0007   -0.0164
       16 H4     1s         0.2805   -0.2680   -0.0417    0.3436   -0.3137   -0.3279    0.6083   -0.1694   -0.7650   -0.0568
       17 H4     2s         0.0031   -0.0230    0.0162    0.0518   -0.0903   -0.1155    0.2639   -0.0813   -0.3762    0.2702
       18 H4     2px       -0.0000    0.0000   -0.0000    0.0000    0.0000   -0.0000    0.0000   -0.0000    0.0000   -0.0000
       19 H4     2py        0.0000   -0.0000    0.0000    0.0000   -0.0000    0.0000   -0.0000   -0.0000    0.0000   -0.0000
       20 H4     2pz        0.0001    0.0103   -0.0153   -0.0016    0.0194   -0.0236    0.0017    0.0316   -0.0257   -0.0008
       21 H5     1s         0.3152   -0.0578   -0.3265    0.1125    0.3859   -0.4488   -0.2881    0.7015    0.2708   -0.1887
       22 H5     2s         0.0077    0.0122   -0.0377    0.0004    0.1039   -0.1637   -0.1299    0.3318    0.1385    0.2244
       23 H5     2px       -0.0000   -0.0000   -0.0000   -0.0000   -0.0000   -0.0000    0.0000    0.0000    0.0000    0.0000
       24 H5     2py       -0.0000    0.0000   -0.0000    0.0000    0.0000    0.0000   -0.0000   -0.0000   -0.0000    0.0000
       25 H5     2pz        0.0039    0.0113   -0.0095   -0.0142    0.0170    0.0202   -0.0212   -0.0182    0.0388   -0.0097
       26 H6     1s         0.3152    0.0578   -0.3265   -0.1125    0.3859    0.4488   -0.2882   -0.7015    0.2708   -0.1887
       27 H6     2s         0.0077   -0.0122   -0.0377   -0.0004    0.1039    0.1637   -0.1299   -0.3318    0.1385    0.2244
       28 H6     2px        0.0000    0.0000   -0.0000   -0.0000    0.0000    0.0000    0.0000   -0.0000    0.0000   -0.0000
       29 H6     2py        0.0000   -0.0000    0.0000    0.0000   -0.0000   -0.0000    0.0000   -0.0000    0.0000   -0.0000
       30 H6     2pz       -0.0039    0.0113    0.0095   -0.0142   -0.0170    0.0202    0.0212   -0.0182   -0.0388    0.0097
       31 H7     1s         0.2805    0.2680   -0.0417   -0.3436   -0.3137    0.3279    0.6083    0.1694   -0.7650   -0.0568
       32 H7     2s         0.0031    0.0230    0.0162   -0.0518   -0.0903    0.1155    0.2639    0.0813   -0.3762    0.2702
       33 H7     2px       -0.0000    0.0000    0.0000    0.0000   -0.0000   -0.0000    0.0000    0.0000    0.0000   -0.0000
       34 H7     2py        0.0000    0.0000    0.0000    0.0000   -0.0000    0.0000   -0.0000   -0.0000   -0.0000   -0.0000
       35 H7     2pz       -0.0001    0.0103    0.0153   -0.0016   -0.0194   -0.0236   -0.0017    0.0316    0.0257    0.0008
       36 H8     1s         0.2468    0.3097    0.1229   -0.2120   -0.3994   -0.4920   -0.2412    0.4319    0.9351   -0.2634
       37 H8     2s         0.0098    0.0094   -0.0088   -0.0573   -0.1031   -0.1824   -0.0953    0.2130    0.4931    0.1286
       38 H8     2px       -0.0000    0.0000    0.0000    0.0000    0.0000    0.0000    0.0000   -0.0000    0.0000    0.0000
       39 H8     2py        0.0000    0.0000   -0.0000   -0.0000   -0.0000   -0.0000    0.0000    0.0000   -0.0000   -0.0000
       40 H8     2pz       -0.0069   -0.0014    0.0125    0.0190    0.0115   -0.0137   -0.0280   -0.0259    0.0007    0.0164
       41 H9     1s         0.1557    0.2840    0.3543    0.3372    0.2102   -0.1620   -0.5119   -0.8281   -0.8788    0.0455
       42 H9     2s        -0.0016    0.0113    0.0437    0.0799    0.0758   -0.0518   -0.2238   -0.4024   -0.4271    0.2222
       43 H9     2px        0.0000    0.0000   -0.0000    0.0000   -0.0000   -0.0000   -0.0000    0.0000    0.0000   -0.0000
       44 H9     2py       -0.0000    0.0000    0.0000    0.0000   -0.0000    0.0000   -0.0000    0.0000    0.0000   -0.0000
       45 H9     2pz       -0.0032   -0.0011    0.0077    0.0183    0.0202    0.0221    0.0195   -0.0015   -0.0332    0.0087
       46 H10    1s         0.0984    0.1926    0.2756    0.3332    0.3024    0.4251    0.5962    0.6068    0.4702   -0.1833
       47 H10    2s         0.0035    0.0073    0.0149    0.0318    0.0475    0.1601    0.2848    0.3702    0.3991    0.0805
       48 H10    2px       -0.0000   -0.0000    0.0000    0.0000   -0.0000   -0.0000    0.0000   -0.0000    0.0000    0.0000
       49 H10    2py        0.0000    0.0000    0.0000    0.0000   -0.0000   -0.0000    0.0000   -0.0000   -0.0000   -0.0000
       50 H10    2pz       -0.0080   -0.0139   -0.0159   -0.0138   -0.0083    0.0019    0.0120    0.0272    0.0431    0.0183
 
          Orbital           11        12        13    
          Energy            0.2743    0.3107    0.3546
          Occ. No.          0.0000    0.0000    0.0000
 
        1 H1     1s        -0.0905    0.3619   -0.2239
        2 H1     2s        -0.3709   -0.0317    0.4116
        3 H1     2px       -0.0000   -0.0000    0.0000
        4 H1     2py        0.0000    0.0000   -0.0000
        5 H1     2pz        0.0496    0.0031   -0.0263
        6 H2     1s         0.4558   -0.3664    0.1630
        7 H2     2s         0.0673   -0.4492    0.3189
        8 H2     2px       -0.0000    0.0000   -0.0000
        9 H2     2py        0.0000    0.0000   -0.0000
       10 H2     2pz       -0.0470    0.0197    0.0649
       11 H3     1s        -0.5271    0.6932   -0.2333
       12 H3     2s        -0.4349    0.0774   -0.0453
       13 H3     2px        0.0000    0.0000   -0.0000
       14 H3     2py        0.0000    0.0000    0.0000
       15 H3     2pz        0.0204   -0.0227    0.0401
       16 H4     1s         0.8489   -0.6092    0.1867
       17 H4     2s         0.3271   -0.5070   -0.0920
       18 H4     2px        0.0000    0.0000   -0.0000
       19 H4     2py       -0.0000   -0.0000    0.0000
       20 H4     2pz       -0.0302   -0.0199    0.0628
       21 H5     1s        -0.9003    0.7544    0.0363
       22 H5     2s        -0.4948    0.3058   -0.3223
       23 H5     2px        0.0000    0.0000   -0.0000
       24 H5     2py       -0.0000   -0.0000   -0.0000
       25 H5     2pz       -0.0079   -0.0396    0.0054
       26 H6     1s         0.9003   -0.7544    0.0363
       27 H6     2s         0.4948   -0.3058   -0.3223
       28 H6     2px       -0.0000    0.0000   -0.0000
       29 H6     2py       -0.0000    0.0000   -0.0000
       30 H6     2pz       -0.0079   -0.0396   -0.0054
       31 H7     1s        -0.8489    0.6092    0.1867
       32 H7     2s        -0.3271    0.5070   -0.0920
       33 H7     2px       -0.0000   -0.0000   -0.0000
       34 H7     2py       -0.0000    0.0000   -0.0000
       35 H7     2pz       -0.0302   -0.0199   -0.0628
       36 H8     1s         0.5271   -0.6932   -0.2333
       37 H8     2s         0.4349   -0.0774   -0.0453
       38 H8     2px       -0.0000    0.0000   -0.0000
       39 H8     2py       -0.0000    0.0000    0.0000
       40 H8     2pz        0.0204   -0.0227   -0.0401
       41 H9     1s        -0.4558    0.3664    0.1630
       42 H9     2s        -0.0673    0.4492    0.3189
       43 H9     2px       -0.0000   -0.0000   -0.0000
       44 H9     2py        0.0000   -0.0000   -0.0000
       45 H9     2pz       -0.0470    0.0197   -0.0649
       46 H10    1s         0.0905   -0.3619   -0.2239
       47 H10    2s         0.3709    0.0317    0.4116
       48 H10    2px        0.0000    0.0000   -0.0000
       49 H10    2py       -0.0000   -0.0000   -0.0000
       50 H10    2pz        0.0496    0.0031    0.0263
--
 
 
++    Molecular charges:
      ------------------
 
      Mulliken charges per centre and basis function type
      ---------------------------------------------------
 
                H1      H2      H3      H4      H5      H6      H7      H8      H9      H10   
      1s       0.9091  1.0240  0.9846  0.9880  0.9866  0.9866  0.9880  0.9846  1.0240  0.9091
      2s       0.0156  0.0142 -0.0153 -0.0063 -0.0080 -0.0080 -0.0063 -0.0153  0.0142  0.0156
      2px      0.0000  0.0000  0.0000  0.0000  0.0000  0.0000  0.0000  0.0000  0.0000  0.0000
      2pz      0.0150  0.0239  0.0227  0.0229  0.0230  0.0230  0.0229  0.0227  0.0239  0.0150
      2py      0.0000  0.0000  0.0000  0.0000  0.0000  0.0000  0.0000  0.0000  0.0000  0.0000
      Total    0.9397  1.0621  0.9920  1.0046  1.0016  1.0016  1.0046  0.9920  1.0621  0.9397
 
      N-E      0.0603 -0.0621  0.0080 -0.0046 -0.0016 -0.0016 -0.0046  0.0080 -0.0621  0.0603
 
      Total electronic charge=   10.000000
 
      Total            charge=   -0.000000
--
 
 
  Input file to MOLDEN was generated!
 
 
++    Static properties:
      ------------------
 
 
      LoProp Charges per center
 

                   H1       H2       H3       H4       H5       H6       H7       H8       H9       H10   
      Nuclear      1.0000   1.0000   1.0000   1.0000   1.0000   1.0000   1.0000   1.0000   1.0000   1.0000
      Electronic  -0.9801  -1.0162  -0.9969  -1.0053  -1.0015  -1.0015  -1.0053  -0.9969  -1.0162  -0.9801
 
      Total        0.0199  -0.0162   0.0031  -0.0053  -0.0015  -0.0015  -0.0053   0.0031  -0.0162   0.0199
--
 
 
++    Natural Bond Order analysis
      ---------------------------
      Based on LoProp computed density
      -------------------------------------------------------------------------------------
      Atom A       Atom B       Bond Order
      -------------------------------------------------------------------------------------
      NBO located      0.946 non-bonded electrons on atom H1        
      NBO located      1.014 non-bonded electrons on atom H3        
      NBO located      1.018 non-bonded electrons on atom H4        
      NBO located      1.017 non-bonded electrons on atom H5        
      NBO located      1.017 non-bonded electrons on atom H6        
      NBO located      1.018 non-bonded electrons on atom H7        
      NBO located      1.014 non-bonded electrons on atom H8        
      NBO located      0.946 non-bonded electrons on atom H10       
      The remaining    2.011 electrons are to be considered as diffuse
--
 
 
++    Molecular properties:
      ---------------------
 
      Charge (e):
                      =   -0.0000
      Dipole Moment (Debye):
      Origin of the operator (Ang)=    0.0000    0.0000    0.0000
                   X=  1.5785E-13               Y= -1.4443E-14               Z=  4.2283E-07           Total=  4.2283E-07
      Quadrupole Moment (Debye*Ang):
      Origin of the operator (Ang)=    0.0000    0.0000    6.6273
                  XX= -1.5899E+01              XY=  3.8085E-28              XZ= -9.7256E-13              YY= -1.5899E+01
                  YZ=  5.0190E-14              ZZ= -3.8908E+00
      In traceless form (Debye*Ang)
                  XX= -6.0042E+00              XY=  5.7128E-28              XZ= -1.4588E-12              YY= -6.0042E+00
                  YZ=  7.5285E-14              ZZ=  1.2008E+01
--
 
 
  Input file to MOLDEN was generated!
 
 ###############################################################################
 ###############################################################################
 ###                                                                         ###
 ###                                                                         ###
 ###    RunFile label nBas                                                   ###
 ###    was used       78 times                                              ###
 ###                                                                         ###
 ###                                                                         ###
 ###############################################################################
 ###############################################################################
forrtl: warning (528): IEEE_UNDERFLOW is signaling
--- Stop Module: scf at Sun Oct 26 15:08:17 2025 /rc=_RC_ALL_IS_WELL_ ---
*** files: H10_1.47.LprOrb H10_1.47.LoProp.molden H10_1.47.scf.molden H10_1.47.ScfOrb H10_1.47.scf.h5 xmldump
    saved to directory ${LOCALHOME}/DDCASPT2/hydrogen_comps/rerun/H10_chain/H10_1.47

>>> COPY /tmp/H10_1.47/H10_1.47.scf.h5 ${LOCALHOME}/DDCASPT2/hydrogen_comps/rerun/H10_chain/H10_1.47/

*** symbolic link created: INPORB -> H10_1.47.ScfOrb
--- Start Module: rasscf at Sun Oct 26 15:08:17 2025 ---
 
()()()()()()()()()()()()()()()()()()()()()()()()()()()()()()()()()()()()()()()()()()()()()()()()()()

                                              &RASSCF

                                   only a single process is used
                       available to each process: 2.0 GB of memory, 1 thread?
()()()()()()()()()()()()()()()()()()()()()()()()()()()()()()()()()()()()()()()()()()()()()()()()()()
 
 
      Header of the ONEINT file:
      --------------------------
      
      Integrals generated by seward 4.2.0  , Sun Oct 26 15:08:16 2025
 
 
      OrdInt status: non-squared
 
 
      Cartesian coordinates in Angstrom:
      -----------------------------------------------------
      No.  Label        X            Y            Z        
      -----------------------------------------------------
       1   H1         0.00000000   0.00000000   0.00000000
       2   H2         0.00000000   0.00000000   1.47272700
       3   H3         0.00000000   0.00000000   2.94545500
       4   H4         0.00000000   0.00000000   4.41818200
       5   H5         0.00000000   0.00000000   5.89090900
       6   H6         0.00000000   0.00000000   7.36363600
       7   H7         0.00000000   0.00000000   8.83636400
       8   H8         0.00000000   0.00000000  10.30909100
       9   H9         0.00000000   0.00000000  11.78181800
      10   H10        0.00000000   0.00000000  13.25454500
      -----------------------------------------------------
      Nuclear repulsion energy =    6.93112761
 
++    Wave function specifications:
      -----------------------------
 
      Number of closed shell electrons           0
      Number of electrons in active shells      10
      Max number of holes in RAS1 space          0
      Max nr of electrons in RAS3 space          0
      Number of inactive orbitals                0
      Number of active orbitals                 10
      Number of secondary orbitals              40
      Spin quantum number                      0.0
      State symmetry                             1
--
 
++    Orbital specifications:
      -----------------------
 
      Symmetry species                           1
                                                 a
      Frozen orbitals                            0
      Inactive orbitals                          0
      Active orbitals                           10
      RAS1 orbitals                              0
      RAS2 orbitals                             10
      RAS3 orbitals                              0
      Secondary orbitals                        40
      Deleted orbitals                           0
      Number of basis functions                 50
--
 
++    CI expansion specifications:
      ----------------------------
 
      Number of CSFs                         19404
      Number of determinants                 31878
      Number of root(s) required                 1
      Root chosen for geometry opt.              1
      CI root used                               1
         
      highest root included in the CI            1
      max. size of the explicit Hamiltonian    200
--
 
++    Optimization specifications:
      ----------------------------
 
      RASSCF algorithm: Conventional
      Maximum number of macro iterations       200
      Maximum number of SX iterations          100
      Threshold for RASSCF energy            0.100E-07
      Threshold for max MO rotation          0.100E+00
      Threshold for max BLB element          0.100E-03
      Level shift parameter                  0.500E+00
      Make Quasi-Newton update
--
 
      The MO-coefficients are taken from the file:
      ${LOCALHOME}/DDCASPT2/hydrogen_comps/rerun/H10_chain/H10_0.60/H10_0.60.RasOrb                                               
      Title: RASSCF average (pseudo-natural) orbitals                                      
 
      Total molecular charge    0.00
 
      ************************************************************************************************************************
      *                                                                                                                      *
      *                                            Wave function control section                                             *
      *                                                                                                                      *
      ************************************************************************************************************************
 
 
                                         RASSCF iterations: Energy and convergence statistics
                                         ----------------------------------------------------
 
      Iter CI   SX   CI       RASSCF       Energy    max ROT     max BLB   max BLB  Level Ln srch  Step   QN   Walltime
          iter iter root      energy       change     param      element    value   shift minimum  type update hh:mm:ss
 Nr of preliminary CI iterations:  11
        1   1  100    1    -3.99932068    0.00E+00  -0.21E+00*   2  46 1  0.73E+00*  0.07   0.00    SX    NO    0:00:01
        2   8  100    1    -4.95296554   -0.95E+00* -0.23E+00*   3  16 1  0.31E+00*  0.00   0.00    SX    NO    0:00:00
        3   4   90    1    -5.18051764   -0.23E+00* -0.92E-01    2  12 1  0.76E-01*  0.00   0.00    SX    NO    0:00:00
        4   3   63    1    -5.20116745   -0.21E-01*  0.67E-01    2  12 1  0.17E-01*  0.00   0.00    SX    NO    0:00:00
        5   6   59    1    -5.20558236   -0.44E-02*  0.71E-01    8  17 1 -0.11E-01*  0.00   2.50    LS   YES    0:00:00
        6   7  100    1    -5.21111984   -0.55E-02*  0.24E+00*   8  17 1 -0.16E-01*  0.00   2.50    QN   YES    0:00:00
        7   7   87    1    -5.20795964    0.32E-02*  0.56E-01    2  12 1 -0.63E-01*  0.00   0.48    SX   YES    0:00:00
        8   6  100    1    -5.22393904   -0.16E-01*  0.58E-01    2  12 1 -0.38E-01*  0.00   2.42    LS   YES    0:00:00
        9   4   22    1    -5.23234743   -0.84E-02* -0.32E-01    2  12 1 -0.12E-01*  0.00   1.41    QN   YES    0:00:00
       10   5   21    1    -5.23451262   -0.22E-02*  0.24E-01    8  17 1 -0.43E-02*  0.00   1.33    QN   YES    0:00:00
       11   5   21    1    -5.23488170   -0.37E-03*  0.10E-01    8  17 1 -0.14E-02*  0.00   1.26    QN   YES    0:00:00
       12   5   19    1    -5.23493827   -0.57E-04*  0.12E-01    2  12 1  0.66E-03*  0.00   1.29    QN   YES    0:00:00
       13   5   18    1    -5.23494877   -0.11E-04*  0.20E-01    5  50 1  0.15E-03*  0.00   1.39    QN   YES    0:00:00
       14   6   18    1    -5.23495586   -0.71E-05*  0.28E+00*   2  12 1 -0.20E-03*  0.00   2.50    QN   YES    0:00:00
 ###############################################################################
 ###############################################################################
 ###                                                                         ###
 ###                                                                         ###
 ###    Large orbital rotation.                                              ###
 ###                                                                         ###
 ###                                                                         ###
 ###############################################################################
 ###############################################################################
      Molecular orbital  10 of symmetry 1 MO space 2  weight is    0.428268
       15  11   23    1    -5.23580683   -0.85E-03*  0.50E+00*   2  12 1 -0.41E-02*  0.00   2.50    QN   YES    0:00:00
       16  13   28    1    -5.27460804   -0.39E-01*  0.14E+00*  10  17 1 -0.21E-01*  0.00   0.00    SX    NO    0:00:00
       17   4   25    1    -5.28529434   -0.11E-01*  0.38E-01   10  17 1 -0.50E-02*  0.00   1.21    QN   YES    0:00:00
       18   4   19    1    -5.28616516   -0.87E-03* -0.63E-02   10  12 1  0.13E-02*  0.00   1.06    QN   YES    0:00:00
       19   4   18    1    -5.28623249   -0.67E-04* -0.27E-02   10  22 1 -0.51E-03*  0.00   1.43    LS   YES    0:00:00
       20   6   17    1    -5.28624188   -0.94E-05*  0.18E-02   10  22 1 -0.34E-03*  0.00   1.19    QN   YES    0:00:00
       21   6   14    1    -5.28624492   -0.30E-05* -0.31E-03   10  26 1  0.51E-04   0.00   1.09    QN   YES    0:00:00
       22   4   11    1    -5.28624503   -0.11E-06*  0.77E-04   10  12 1 -0.14E-04   0.00   1.16    QN   YES    0:00:00
       23   5    8    1    -5.28624504   -0.11E-07* -0.13E-04    4  29 1 -0.52E-05   0.00   1.05    QN   YES    0:00:00
       24   1    6    1    -5.28624505   -0.39E-09  -0.49E-05    5  23 1 -0.12E-05   0.00   0.90    QN   YES    0:00:00
      Convergence after 24 iterations
 
  Dmat in MO in SXCTL bf call to SXHAM                                                                                    
  mat. size =    10x   10
 
        1.8321334058773999
       -0.0024068853802917      1.8739674917473845
       -0.0978056573030379     -0.0033408954144383      1.7117271737401987
        0.0004568039161621      0.0191397567550004      0.0008073649520222      1.7435952556565999
       -0.0531054480331220     -0.0007144126836494     -0.0786654207726010      0.0003172326264728      1.6400695996155501
       -0.1343870055258932     -0.0069113974381802     -0.2954652017475714      0.0020142231611491      0.0204963081511116
        0.2144521192069020
        0.0047880762939712      0.0162587482129806      0.0058609425821851      0.1431027854086644      0.0024395849347567
        0.0052896206791036      0.1283084815931356
        0.2624532237517892      0.0105137458125548      0.2855435017038724     -0.0029637656004932      0.0978679258612447
       -0.0378304921764741     -0.0181173665216319      0.3033329131198381
        0.0084875572441802     -0.0265026000735456      0.0111511519142165      0.1477625301930477      0.0050074107768894
        0.0130670371104303     -0.0189518266558596     -0.0368540945874833      0.3884946542447941
       -0.0014214265498423     -0.0076736307236903      0.0066013893916962     -0.0089923137826322      0.0339394211361553
       -0.0381497034864915     -0.0139878099639998     -0.0198518406521571     -0.0564922098327952      0.1639189051982206
       25   1    6    1    -5.28624505   -0.36E-10  -0.49E-05    3  23 1 -0.18E-06   0.00   0.90    QN   YES    0:00:00
 
      ************************************************************************************************************************
                                                      Wave function printout:
                       occupation of active orbitals, and spin coupling of open shells (u,d: Spin up or down)
      ************************************************************************************************************************
 
      Note: transformation to natural orbitals
      has been made, which may change the order of the CSFs.
 
      printout of CI-coefficients larger than  0.05 for root  1
      energy=      -5.286245
      conf/sym  1111111111     Coeff  Weight
             1  2222200000  -0.76107 0.57922
            32  2222000200   0.05994 0.00359
            36  2222000020   0.24967 0.06233
            50  222ud00ud0   0.21283 0.04530
            62  22u2d00200   0.05658 0.00320
            70  22u2d000ud  -0.14928 0.02228
            78  2u22du00d0   0.12270 0.01505
            84  2u22d00u0d   0.05682 0.00323
            90  u222du0d00  -0.05391 0.00291
            94  u222d0u0d0  -0.12550 0.01575
           107  2220200200   0.10774 0.01161
           111  2220200020   0.07015 0.00492
           115  22202000ud  -0.05550 0.00308
           123  22ud2u00d0  -0.05685 0.00323
           125  22ud200ud0   0.05891 0.00347
           129  22ud200u0d  -0.11467 0.01315
           135  2u2d2u0d00   0.09731 0.00947
           139  2u2d20u0d0   0.05562 0.00309
           145  2u2d2000ud   0.05135 0.00264
           151  u22d20ud00  -0.07386 0.00546
           153  u22d2u00d0  -0.05501 0.00303
           176  2202200002   0.06742 0.00454
           187  2ud22u000d  -0.07079 0.00501
           203  u2d220u00d   0.06193 0.00384
           223  ud222ud000  -0.05692 0.00324
           257  222uu00dd0   0.07802 0.00609
           271  22u2u000dd   0.06249 0.00391
           275  2u22ud00d0   0.05252 0.00276
           286  u222u0d0d0  -0.05291 0.00280
          1971  2220000220  -0.06669 0.00445
          2041  22ud000u2d  -0.05746 0.00330
 
      Natural orbitals and occupation numbers for root  1
      sym 1:   1.896919   1.877684   1.840250   1.768807   1.625314   0.112271   0.090626   0.237896   0.394468   0.155765

 
      ************************************************************************************************************************
      *                                                                                                                      *
      *                                                    Final results                                                     *
      *                                                                                                                      *
      ************************************************************************************************************************
 
 
++    Wave function specifications:
      -----------------------------
 
      Number of closed shell electrons           0
      Number of electrons in active shells      10
      Max number of holes in RAS1 space          0
      Max nr of electrons in RAS3 space          0
      Number of inactive orbitals                0
      Number of active orbitals                 10
      Number of secondary orbitals              40
      Spin quantum number                      0.0
      State symmetry                             1
--
 
++    Orbital specifications:
      -----------------------
 
      Symmetry species                           1
                                                 a
      Frozen orbitals                            0
      Inactive orbitals                          0
      Active orbitals                           10
      RAS1 orbitals                              0
      RAS2 orbitals                             10
      RAS3 orbitals                              0
      Secondary orbitals                        40
      Deleted orbitals                           0
      Number of basis functions                 50
--
 
++    CI expansion specifications:
      ----------------------------
 
      Number of CSFs                         19404
      Number of determinants                 31878
      Number of root(s) required                 1
      CI root used                               1
      highest root included in the CI            1
      Root passed to geometry opt.               1
--
 
++    Final optimization conditions:
      ------------------------------
 
      Average CI energy                              -5.28624505
      RASSCF energy for state  1                     -5.28624505
      Super-CI energy                                -0.00000000
      RASSCF energy change                            0.00000000
      Max change in MO coefficients              -0.151E-04
      Max non-diagonal density matrix element    -0.490E-05
      Maximum BLB matrix element                 -0.182E-06
      (orbital pair   3,  23 in symmetry   1)
      Norm of electronic gradient            0.788E-06
--
 
 
      Final state energy(ies):
      ------------------------
 
::    RASSCF root number  1 Total energy:     -5.28624505
 
++    Molecular orbitals:
      -------------------
 
      Pseudonatural active orbitals and approximate occupation numbers
 
 
 
 
      Molecular orbitals for symmetry species 1: a  
 
 
      Orbital                1         2         3         4         5         6         7         8         9        10
      Energy            0.0000    0.0000    0.0000    0.0000    0.0000    0.0000    0.0000    0.0000    0.0000    0.0000
      Occ. No.          1.8969    1.8777    1.8403    1.7688    1.6253    0.1123    0.0906    0.2379    0.3945    0.1558
 
    1 H1     1s         0.1015    0.2043    0.2943   -0.3448    0.3040    0.4117    0.2327   -0.5029   -0.3740    0.5069
    2 H1     2s         0.0014    0.0034    0.0084   -0.0192    0.0289    0.0409    0.0277   -0.0337   -0.0282    0.0401
    3 H1     2px        0.0000    0.0000    0.0000   -0.0000    0.0000    0.0000    0.0000   -0.0000   -0.0000    0.0000
    4 H1     2py        0.0000    0.0000    0.0000   -0.0000    0.0000    0.0000    0.0000   -0.0000   -0.0000    0.0000
    5 H1     2pz        0.0054    0.0093    0.0103   -0.0081    0.0042    0.0075    0.0050   -0.0052   -0.0030    0.0072
    6 H2     1s         0.1610    0.2939    0.3569   -0.3197    0.1882   -0.6748   -0.4401    0.3989    0.1217   -0.6372
    7 H2     2s        -0.0035    0.0042    0.0273   -0.0544    0.0558   -0.1381   -0.1015    0.0385   -0.0143   -0.1052
    8 H2     2px        0.0000    0.0000    0.0000   -0.0000    0.0000   -0.0000   -0.0000    0.0000    0.0000   -0.0000
    9 H2     2py        0.0000    0.0000    0.0000   -0.0000    0.0000   -0.0000   -0.0000    0.0000    0.0000   -0.0000
   10 H2     2pz        0.0042    0.0033   -0.0040    0.0133   -0.0158    0.0025    0.0024    0.0100    0.0136   -0.0021
   11 H3     1s         0.2459    0.3114    0.1233    0.2104   -0.4029    0.7361    0.6333    0.2515    0.4692    0.3032
   12 H3     2s         0.0025    0.0017   -0.0088    0.0401   -0.0736    0.1583    0.1430    0.0217    0.0683    0.0725
   13 H3     2px       -0.0000   -0.0000   -0.0000    0.0000   -0.0000    0.0000    0.0000   -0.0000   -0.0000    0.0000
   14 H3     2py       -0.0000   -0.0000   -0.0000    0.0000   -0.0000    0.0000    0.0000   -0.0000   -0.0000    0.0000
   15 H3     2pz        0.0036   -0.0015   -0.0115    0.0146   -0.0073    0.0070    0.0040   -0.0088   -0.0052    0.0090
   16 H4     1s         0.2861    0.2601   -0.0629    0.3500   -0.3025   -0.5702   -0.7552   -0.5568   -0.3041    0.1808
   17 H4     2s        -0.0017    0.0112    0.0092    0.0340   -0.0644   -0.1134   -0.1765   -0.0996   -0.0287    0.0504
   18 H4     2px        0.0000    0.0000    0.0000   -0.0000    0.0000   -0.0000    0.0000    0.0000    0.0000   -0.0000
   19 H4     2py        0.0000    0.0000    0.0000   -0.0000    0.0000   -0.0000    0.0000    0.0000    0.0000   -0.0000
   20 H4     2pz        0.0023   -0.0066   -0.0125    0.0003    0.0149    0.0000    0.0052    0.0020   -0.0112   -0.0080
   21 H5     1s         0.3197    0.0670   -0.3150    0.1237    0.3875    0.1955    0.8251    0.2573   -0.4273   -0.6022
   22 H5     2s         0.0008   -0.0078   -0.0204   -0.0006    0.0744    0.0500    0.1910    0.0639   -0.0537   -0.1102
   23 H5     2px       -0.0000   -0.0000    0.0000   -0.0000    0.0000   -0.0000   -0.0000    0.0000    0.0000   -0.0000
   24 H5     2py       -0.0000   -0.0000    0.0000   -0.0000    0.0000   -0.0000   -0.0000    0.0000    0.0000   -0.0000
   25 H5     2pz        0.0009   -0.0095   -0.0055   -0.0125    0.0124    0.0058    0.0048    0.0089    0.0088   -0.0002
   26 H6     1s         0.3197   -0.0670   -0.3150   -0.1237    0.3875    0.1954   -0.8251    0.2573    0.4273    0.6022
   27 H6     2s         0.0008    0.0078   -0.0204    0.0006    0.0744    0.0500   -0.1910    0.0639    0.0537    0.1102
   28 H6     2px       -0.0000    0.0000    0.0000   -0.0000   -0.0000   -0.0000   -0.0000    0.0000    0.0000   -0.0000
   29 H6     2py       -0.0000    0.0000    0.0000   -0.0000   -0.0000   -0.0000   -0.0000    0.0000    0.0000   -0.0000
   30 H6     2pz       -0.0009   -0.0095    0.0055   -0.0125   -0.0124   -0.0058    0.0048   -0.0089    0.0088   -0.0002
   31 H7     1s         0.2861   -0.2601   -0.0630   -0.3500   -0.3025   -0.5701    0.7552   -0.5568    0.3041   -0.1808
   32 H7     2s        -0.0017   -0.0112    0.0092   -0.0340   -0.0644   -0.1134    0.1765   -0.0996    0.0287   -0.0504
   33 H7     2px       -0.0000    0.0000   -0.0000    0.0000    0.0000   -0.0000   -0.0000    0.0000   -0.0000   -0.0000
   34 H7     2py       -0.0000    0.0000   -0.0000    0.0000    0.0000   -0.0000   -0.0000    0.0000   -0.0000   -0.0000
   35 H7     2pz       -0.0023   -0.0066    0.0125    0.0003   -0.0149   -0.0000    0.0052   -0.0020   -0.0112   -0.0080
   36 H8     1s         0.2459   -0.3114    0.1233   -0.2104   -0.4029    0.7361   -0.6333    0.2516   -0.4692   -0.3032
   37 H8     2s         0.0025   -0.0017   -0.0088   -0.0401   -0.0736    0.1583   -0.1430    0.0217   -0.0683   -0.0725
   38 H8     2px        0.0000   -0.0000    0.0000   -0.0000   -0.0000    0.0000   -0.0000    0.0000   -0.0000   -0.0000
   39 H8     2py        0.0000   -0.0000    0.0000   -0.0000   -0.0000    0.0000   -0.0000    0.0000   -0.0000   -0.0000
   40 H8     2pz       -0.0036   -0.0015    0.0115    0.0146    0.0073   -0.0070    0.0040    0.0088   -0.0052    0.0090
   41 H9     1s         0.1611   -0.2939    0.3569    0.3197    0.1882   -0.6748    0.4402    0.3989   -0.1217    0.6372
   42 H9     2s        -0.0035   -0.0042    0.0273    0.0544    0.0558   -0.1381    0.1015    0.0385    0.0143    0.1052
   43 H9     2px        0.0000   -0.0000    0.0000    0.0000   -0.0000   -0.0000    0.0000    0.0000   -0.0000    0.0000
   44 H9     2py        0.0000   -0.0000    0.0000    0.0000    0.0000   -0.0000    0.0000    0.0000   -0.0000    0.0000
   45 H9     2pz       -0.0042    0.0033    0.0040    0.0133    0.0158   -0.0025    0.0024   -0.0100    0.0136   -0.0021
   46 H10    1s         0.1015   -0.2043    0.2943    0.3448    0.3040    0.4117   -0.2327   -0.5029    0.3740   -0.5069
   47 H10    2s         0.0014   -0.0034    0.0084    0.0192    0.0289    0.0409   -0.0277   -0.0337    0.0282   -0.0401
   48 H10    2px       -0.0000    0.0000   -0.0000   -0.0000   -0.0000   -0.0000    0.0000    0.0000   -0.0000    0.0000
   49 H10    2py       -0.0000    0.0000   -0.0000   -0.0000   -0.0000   -0.0000    0.0000    0.0000   -0.0000    0.0000
   50 H10    2pz       -0.0054    0.0093   -0.0103   -0.0081   -0.0042   -0.0075    0.0050    0.0052   -0.0030    0.0072
 
 
      Orbital               11        12        13        14        15        16        17        18        19        20
      Energy            0.2655    0.2931    0.3418    0.4236    0.5536    0.6288    0.6288    0.6654    0.6654    0.7260
      Occ. No.          0.0000    0.0000    0.0000    0.0000    0.0000    0.0000    0.0000    0.0000    0.0000    0.0000
 
    1 H1     1s        -0.0679    0.0632    0.0437    0.2311    0.4403    0.0000    0.0000   -0.0000   -0.0000    0.0000
    2 H1     2s         0.1933   -0.3944    0.5743    0.7044    0.7712   -0.0000   -0.0000   -0.0000   -0.0000    0.0000
    3 H1     2px       -0.0000    0.0000   -0.0000    0.0000    0.0000    0.0995   -0.0074   -0.1848   -0.0711   -0.2886
    4 H1     2py       -0.0000    0.0000   -0.0000    0.0000    0.0000    0.0074    0.0995    0.0711   -0.1848   -0.0208
    5 H1     2pz       -0.0267    0.0413   -0.0375   -0.0216   -0.0143   -0.0000   -0.0000    0.0000    0.0000   -0.0000
    6 H2     1s        -0.1208    0.1794   -0.1658   -0.1527   -0.2706   -0.0000   -0.0000    0.0000    0.0000   -0.0000
    7 H2     2s         0.1378   -0.1883    0.0855   -0.1943   -0.6340   -0.0000   -0.0000    0.0000    0.0000   -0.0000
    8 H2     2px        0.0000   -0.0000    0.0000    0.0000    0.0000    0.1842   -0.0138   -0.2984   -0.1148   -0.3600
    9 H2     2py        0.0000   -0.0000    0.0000    0.0000    0.0000    0.0138    0.1842    0.1148   -0.2984   -0.0259
   10 H2     2pz       -0.0002   -0.0256    0.0747    0.1202    0.1334   -0.0000   -0.0000   -0.0000   -0.0000    0.0000
   11 H3     1s        -0.1203    0.0855    0.0424    0.0678   -0.0633    0.0000    0.0000    0.0000    0.0000    0.0000
   12 H3     2s         0.1993   -0.2464    0.0583   -0.2888   -0.5191    0.0000    0.0000    0.0000    0.0000   -0.0000
   13 H3     2px        0.0000   -0.0000    0.0000    0.0000    0.0000    0.2579   -0.0193   -0.3238   -0.1246   -0.1924
   14 H3     2py        0.0000   -0.0000    0.0000    0.0000    0.0000    0.0193    0.2579    0.1246   -0.3238   -0.0138
   15 H3     2pz       -0.0127   -0.0078    0.0404    0.0285   -0.0571   -0.0000   -0.0000    0.0000    0.0000   -0.0000
   16 H4     1s        -0.1372    0.0959    0.0296    0.0319    0.0154   -0.0000   -0.0000   -0.0000   -0.0000    0.0000
   17 H4     2s         0.2120   -0.1354   -0.1921   -0.4075   -0.0614    0.0000    0.0000   -0.0000   -0.0000    0.0000
   18 H4     2px        0.0000   -0.0000    0.0000    0.0000    0.0000    0.3101   -0.0232   -0.2467   -0.0949    0.1053
   19 H4     2py        0.0000   -0.0000    0.0000    0.0000    0.0000    0.0232    0.3101    0.0949   -0.2467    0.0076
   20 H4     2pz       -0.0038   -0.0293    0.0460   -0.0150   -0.0900    0.0000    0.0000    0.0000    0.0000   -0.0000
   21 H5     1s        -0.1457    0.0075    0.0933   -0.0130    0.0667    0.0000    0.0000   -0.0000   -0.0000    0.0000
   22 H5     2s         0.2259   -0.0674   -0.2836   -0.1858    0.4945   -0.0000   -0.0000   -0.0000   -0.0000    0.0000
   23 H5     2px        0.0000   -0.0000    0.0000    0.0000    0.0000    0.3380   -0.0253   -0.0917   -0.0353    0.3327
   24 H5     2py        0.0000   -0.0000    0.0000    0.0000    0.0000    0.0253    0.3380    0.0353   -0.0917    0.0239
   25 H5     2pz       -0.0032   -0.0317    0.0151   -0.0686   -0.0616    0.0000    0.0000   -0.0000   -0.0000    0.0000
   26 H6     1s        -0.1457   -0.0075    0.0933    0.0130    0.0667   -0.0000   -0.0000    0.0000    0.0000   -0.0000
   27 H6     2s         0.2259    0.0674   -0.2836    0.1858    0.4945   -0.0000   -0.0000    0.0000    0.0000   -0.0000
   28 H6     2px        0.0000   -0.0000    0.0000    0.0000    0.0000    0.3380   -0.0253    0.0917    0.0353    0.3327
   29 H6     2py        0.0000   -0.0000    0.0000    0.0000    0.0000    0.0253    0.3380   -0.0353    0.0917    0.0239
   30 H6     2pz        0.0032   -0.0317   -0.0151   -0.0686    0.0616   -0.0000   -0.0000    0.0000    0.0000    0.0000
   31 H7     1s        -0.1372   -0.0959    0.0296   -0.0319    0.0154    0.0000    0.0000    0.0000    0.0000   -0.0000
   32 H7     2s         0.2120    0.1354   -0.1921    0.4075   -0.0614   -0.0000   -0.0000    0.0000    0.0000   -0.0000
   33 H7     2px        0.0000   -0.0000    0.0000    0.0000    0.0000    0.3101   -0.0232    0.2467    0.0949    0.1053
   34 H7     2py        0.0000   -0.0000    0.0000    0.0000    0.0000    0.0232    0.3101   -0.0949    0.2467    0.0076
   35 H7     2pz        0.0038   -0.0293   -0.0460   -0.0150    0.0900   -0.0000   -0.0000   -0.0000   -0.0000   -0.0000
   36 H8     1s        -0.1203   -0.0855    0.0424   -0.0678   -0.0633   -0.0000   -0.0000   -0.0000   -0.0000    0.0000
   37 H8     2s         0.1993    0.2464    0.0583    0.2888   -0.5191    0.0000    0.0000   -0.0000   -0.0000    0.0000
   38 H8     2px        0.0000   -0.0000    0.0000    0.0000    0.0000    0.2579   -0.0193    0.3238    0.1246   -0.1924
   39 H8     2py        0.0000   -0.0000    0.0000    0.0000    0.0000    0.0193    0.2579   -0.1246    0.3238   -0.0138
   40 H8     2pz        0.0127   -0.0078   -0.0404    0.0285    0.0571   -0.0000   -0.0000    0.0000    0.0000   -0.0000
   41 H9     1s        -0.1208   -0.1794   -0.1658    0.1527   -0.2706    0.0000    0.0000    0.0000    0.0000    0.0000
   42 H9     2s         0.1378    0.1883    0.0855    0.1943   -0.6340    0.0000    0.0000   -0.0000   -0.0000    0.0000
   43 H9     2px        0.0000   -0.0000    0.0000    0.0000    0.0000    0.1842   -0.0138    0.2984    0.1148   -0.3600
   44 H9     2py        0.0000   -0.0000    0.0000    0.0000    0.0000    0.0138    0.1842   -0.1148    0.2984   -0.0259
   45 H9     2pz        0.0002   -0.0256   -0.0747    0.1202   -0.1334    0.0000    0.0000   -0.0000   -0.0000    0.0000
   46 H10    1s        -0.0679   -0.0632    0.0437   -0.2311    0.4403   -0.0000   -0.0000    0.0000    0.0000   -0.0000
   47 H10    2s         0.1933    0.3944    0.5743   -0.7044    0.7712   -0.0000   -0.0000    0.0000    0.0000   -0.0000
   48 H10    2px        0.0000    0.0000    0.0000   -0.0000    0.0000    0.0995   -0.0074    0.1848    0.0711   -0.2886
   49 H10    2py        0.0000    0.0000    0.0000   -0.0000    0.0000    0.0074    0.0995   -0.0711    0.1848   -0.0208
   50 H10    2pz        0.0267    0.0413    0.0375   -0.0216    0.0143   -0.0000   -0.0000   -0.0000   -0.0000   -0.0000
 
 
      Orbital               21        22        23        24        25        26        27        28        29        30
      Energy            0.7260    0.7327    0.8109    0.8109    0.8827    0.9195    0.9195    0.9510    0.9661    1.0525
      Occ. No.          0.0000    0.0000    0.0000    0.0000    0.0000    0.0000    0.0000    0.0000    0.0000    0.0000
 
    1 H1     1s        -0.0000    0.5853   -0.0000   -0.0000   -0.2332    0.0000   -0.0000   -0.5338    0.0567    0.0000
    2 H1     2s        -0.0000    0.7289   -0.0000   -0.0000   -0.0465    0.0000   -0.0000   -0.5796   -0.2402    0.0000
    3 H1     2px       -0.0208    0.0000   -0.3653    0.0243    0.0000    0.4141   -0.0595    0.0000    0.0000   -0.4282
    4 H1     2py        0.2886    0.0000   -0.0243   -0.3653    0.0000    0.0595    0.4141    0.0000    0.0000   -0.1119
    5 H1     2pz        0.0000   -0.0492    0.0000    0.0000    0.2185   -0.0000    0.0000    0.0650   -0.3406   -0.0000
    6 H2     1s         0.0000   -0.5512   -0.0000   -0.0000    0.2917   -0.0000    0.0000    0.7891   -0.0519   -0.0000
    7 H2     2s         0.0000   -1.1129    0.0000    0.0000    0.4015   -0.0000    0.0000    1.3833   -0.0088   -0.0000
    8 H2     2px       -0.0259    0.0000   -0.2835    0.0189    0.0000    0.0982   -0.0141    0.0000   -0.0000    0.1453
    9 H2     2py        0.3600    0.0000   -0.0189   -0.2835    0.0000    0.0141    0.0982    0.0000   -0.0000    0.0380
   10 H2     2pz       -0.0000    0.1107   -0.0000   -0.0000   -0.2124   -0.0000    0.0000    0.0191    0.2953    0.0000
   11 H3     1s        -0.0000   -0.0852    0.0000    0.0000   -0.1704    0.0000   -0.0000   -0.3177    0.2376    0.0000
   12 H3     2s         0.0000   -0.2417    0.0000    0.0000   -0.2686    0.0000   -0.0000   -0.6686    0.4819    0.0000
   13 H3     2px       -0.0138    0.0000    0.1206   -0.0080   -0.0000   -0.3828    0.0550   -0.0000   -0.0000    0.3927
   14 H3     2py        0.1924    0.0000    0.0080    0.1206   -0.0000   -0.0550   -0.3828   -0.0000   -0.0000    0.1026
   15 H3     2pz        0.0000   -0.1562    0.0000    0.0000    0.2934    0.0000   -0.0000   -0.0019   -0.2830   -0.0000
   16 H4     1s        -0.0000    0.2880   -0.0000   -0.0000   -0.1364    0.0000   -0.0000   -0.4660   -0.1417    0.0000
   17 H4     2s        -0.0000    0.7325   -0.0000   -0.0000   -0.3193    0.0000   -0.0000   -0.8229   -0.4098    0.0000
   18 H4     2px        0.0076   -0.0000    0.3844   -0.0256   -0.0000   -0.2177    0.0313   -0.0000    0.0000   -0.2461
   19 H4     2py       -0.1053   -0.0000    0.0256    0.3844   -0.0000   -0.0313   -0.2177   -0.0000    0.0000   -0.0643
   20 H4     2pz        0.0000   -0.0414    0.0000    0.0000   -0.3044   -0.0000    0.0000    0.0994    0.2273   -0.0000
   21 H5     1s        -0.0000    0.2248    0.0000    0.0000    0.1357   -0.0000    0.0000    0.3798   -0.1244   -0.0000
   22 H5     2s        -0.0000    0.5878    0.0000    0.0000    0.2978   -0.0000    0.0000    0.7040   -0.0303   -0.0000
   23 H5     2px        0.0239   -0.0000    0.2071   -0.0138    0.0000    0.3156   -0.0453    0.0000    0.0000   -0.3308
   24 H5     2py       -0.3327   -0.0000    0.0138    0.2071    0.0000    0.0453    0.3156    0.0000    0.0000   -0.0865
   25 H5     2pz       -0.0000    0.0868    0.0000    0.0000    0.2514    0.0000   -0.0000   -0.2602   -0.0919    0.0000
   26 H6     1s         0.0000   -0.2248   -0.0000   -0.0000    0.1357   -0.0000    0.0000    0.3798    0.1244    0.0000
   27 H6     2s         0.0000   -0.5878   -0.0000   -0.0000    0.2978   -0.0000    0.0000    0.7040    0.0303    0.0000
   28 H6     2px        0.0239   -0.0000   -0.2071    0.0138    0.0000    0.3156   -0.0453    0.0000   -0.0000    0.3308
   29 H6     2py       -0.3327   -0.0000   -0.0138   -0.2071    0.0000    0.0453    0.3156    0.0000   -0.0000    0.0865
   30 H6     2pz       -0.0000    0.0868   -0.0000   -0.0000   -0.2514   -0.0000    0.0000    0.2602   -0.0919   -0.0000
   31 H7     1s         0.0000   -0.2880    0.0000    0.0000   -0.1364    0.0000   -0.0000   -0.4660    0.1416   -0.0000
   32 H7     2s         0.0000   -0.7325    0.0000    0.0000   -0.3193    0.0000   -0.0000   -0.8229    0.4098   -0.0000
   33 H7     2px        0.0076   -0.0000   -0.3844    0.0256   -0.0000   -0.2177    0.0313   -0.0000   -0.0000    0.2461
   34 H7     2py       -0.1053   -0.0000   -0.0256   -0.3844   -0.0000   -0.0313   -0.2177   -0.0000   -0.0000    0.0643
   35 H7     2pz        0.0000   -0.0414    0.0000    0.0000    0.3044    0.0000   -0.0000   -0.0994    0.2273    0.0000
   36 H8     1s        -0.0000    0.0852    0.0000    0.0000   -0.1704    0.0000   -0.0000   -0.3177   -0.2376    0.0000
   37 H8     2s        -0.0000    0.2417    0.0000    0.0000   -0.2686    0.0000   -0.0000   -0.6686   -0.4819   -0.0000
   38 H8     2px       -0.0138    0.0000   -0.1206    0.0080   -0.0000   -0.3828    0.0550   -0.0000    0.0000   -0.3927
   39 H8     2py        0.1924    0.0000   -0.0080   -0.1206   -0.0000   -0.0550   -0.3828   -0.0000    0.0000   -0.1026
   40 H8     2pz        0.0000   -0.1562    0.0000    0.0000   -0.2934    0.0000   -0.0000    0.0019   -0.2830   -0.0000
   41 H9     1s        -0.0000    0.5512   -0.0000   -0.0000    0.2917   -0.0000    0.0000    0.7891    0.0519    0.0000
   42 H9     2s        -0.0000    1.1129   -0.0000   -0.0000    0.4015   -0.0000    0.0000    1.3833    0.0088    0.0000
   43 H9     2px       -0.0259    0.0000    0.2835   -0.0189    0.0000    0.0982   -0.0141    0.0000   -0.0000   -0.1453
   44 H9     2py        0.3600    0.0000    0.0189    0.2835    0.0000    0.0141    0.0982    0.0000   -0.0000   -0.0380
   45 H9     2pz       -0.0000    0.1107    0.0000    0.0000    0.2124   -0.0000    0.0000   -0.0191    0.2953    0.0000
   46 H10    1s         0.0000   -0.5853    0.0000    0.0000   -0.2332    0.0000   -0.0000   -0.5338   -0.0568   -0.0000
   47 H10    2s         0.0000   -0.7289    0.0000    0.0000   -0.0465    0.0000   -0.0000   -0.5796    0.2402   -0.0000
   48 H10    2px       -0.0208    0.0000    0.3653   -0.0243    0.0000    0.4141   -0.0595    0.0000   -0.0000    0.4282
   49 H10    2py        0.2886    0.0000    0.0243    0.3653    0.0000    0.0595    0.4141    0.0000   -0.0000    0.1119
   50 H10    2pz        0.0000   -0.0492    0.0000    0.0000   -0.2185    0.0000   -0.0000   -0.0649   -0.3406   -0.0000
 
 
      Orbital               31        32        33        34        35        36        37        38        39        40
      Energy            1.0525    1.0812    1.1037    1.2009    1.2009    1.3541    1.3541    1.4929    1.4929    1.5141
      Occ. No.          0.0000    0.0000    0.0000    0.0000    0.0000    0.0000    0.0000    0.0000    0.0000    0.0000
 
    1 H1     1s        -0.0000    0.0577   -0.3576    0.0000    0.0000    0.0000    0.0000    0.0000   -0.0000   -0.6149
    2 H1     2s        -0.0000    0.2892   -0.3161   -0.0000   -0.0000    0.0000    0.0000    0.0000   -0.0000   -0.6946
    3 H1     2px        0.1119    0.0000    0.0000   -0.4286   -0.0614   -0.3805    0.0146    0.2824   -0.0435    0.0000
    4 H1     2py       -0.4282    0.0000    0.0000   -0.0614    0.4286   -0.0146   -0.3805    0.0435    0.2824    0.0000
    5 H1     2pz        0.0000    0.3336    0.1481    0.0000    0.0000    0.0000    0.0000    0.0000   -0.0000   -0.4908
    6 H2     1s         0.0000   -0.1287    0.7060   -0.0000   -0.0000   -0.0000   -0.0000   -0.0000    0.0000    1.5093
    7 H2     2s         0.0000   -0.1378    1.1528    0.0000    0.0000   -0.0000   -0.0000   -0.0000    0.0000    1.4958
    8 H2     2px       -0.0380   -0.0000   -0.0000    0.3825    0.0548    0.5258   -0.0201   -0.4987    0.0768   -0.0000
    9 H2     2py        0.1453   -0.0000   -0.0000    0.0548   -0.3825    0.0201    0.5258   -0.0768   -0.4987   -0.0000
   10 H2     2pz       -0.0000   -0.2293    0.0335   -0.0000   -0.0000   -0.0000   -0.0000   -0.0000    0.0000    0.1972
   11 H3     1s        -0.0000   -0.2446   -0.7540    0.0000    0.0000    0.0000    0.0000    0.0000   -0.0000   -1.2295
   12 H3     2s        -0.0000   -0.5955   -1.2825   -0.0000   -0.0000    0.0000    0.0000    0.0000   -0.0000   -1.2116
   13 H3     2px       -0.1026   -0.0000   -0.0000    0.1227    0.0176   -0.2967    0.0114    0.5503   -0.0847    0.0000
   14 H3     2py        0.3927   -0.0000   -0.0000    0.0176   -0.1227   -0.0114   -0.2967    0.0847    0.5503    0.0000
   15 H3     2pz        0.0000    0.0596   -0.1258    0.0000    0.0000    0.0000    0.0000    0.0000   -0.0000    0.3131
   16 H4     1s        -0.0000    0.5153    0.0791   -0.0000   -0.0000   -0.0000   -0.0000   -0.0000    0.0000   -0.1764
   17 H4     2s        -0.0000    1.0615    0.0755   -0.0000   -0.0000   -0.0000   -0.0000   -0.0000    0.0000   -0.1969
   18 H4     2px        0.0643    0.0000    0.0000   -0.4803   -0.0688   -0.1410    0.0054   -0.4234    0.0652   -0.0000
   19 H4     2py       -0.2461    0.0000    0.0000   -0.0688    0.4803   -0.0054   -0.1410   -0.0652   -0.4234   -0.0000
   20 H4     2pz        0.0000    0.1308    0.1303    0.0000    0.0000   -0.0000   -0.0000    0.0000   -0.0000   -0.5549
   21 H5     1s         0.0000   -0.2694    0.7023    0.0000    0.0000    0.0000    0.0000    0.0000   -0.0000    1.4923
   22 H5     2s         0.0000   -0.5418    1.2836    0.0000    0.0000    0.0000    0.0000    0.0000   -0.0000    1.4998
   23 H5     2px        0.0865    0.0000    0.0000    0.2650    0.0380    0.4799   -0.0184    0.1581   -0.0243    0.0000
   24 H5     2py       -0.3308    0.0000    0.0000    0.0380   -0.2650    0.0184    0.4799    0.0243    0.1581    0.0000
   25 H5     2pz       -0.0000   -0.2455   -0.0549   -0.0000   -0.0000   -0.0000   -0.0000   -0.0000    0.0000    0.2720
   26 H6     1s        -0.0000   -0.2694   -0.7023   -0.0000   -0.0000   -0.0000   -0.0000   -0.0000    0.0000   -1.4923
   27 H6     2s        -0.0000   -0.5418   -1.2835   -0.0000   -0.0000   -0.0000   -0.0000   -0.0000    0.0000   -1.4998
   28 H6     2px       -0.0865    0.0000    0.0000    0.2650    0.0380   -0.4799    0.0184    0.1581   -0.0243   -0.0000
   29 H6     2py        0.3308    0.0000    0.0000    0.0380   -0.2650   -0.0184   -0.4799    0.0243    0.1581   -0.0000
   30 H6     2pz        0.0000    0.2455   -0.0549    0.0000    0.0000    0.0000    0.0000    0.0000   -0.0000    0.2720
   31 H7     1s         0.0000    0.5153   -0.0791   -0.0000   -0.0000    0.0000    0.0000   -0.0000    0.0000    0.1764
   32 H7     2s         0.0000    1.0615   -0.0755    0.0000    0.0000    0.0000    0.0000   -0.0000    0.0000    0.1969
   33 H7     2px       -0.0643    0.0000    0.0000   -0.4803   -0.0688    0.1410   -0.0054   -0.4234    0.0652    0.0000
   34 H7     2py        0.2461    0.0000    0.0000   -0.0688    0.4803    0.0054    0.1410   -0.0652   -0.4234    0.0000
   35 H7     2pz       -0.0000   -0.1308    0.1303   -0.0000   -0.0000   -0.0000   -0.0000   -0.0000    0.0000   -0.5549
   36 H8     1s        -0.0000   -0.2446    0.7540    0.0000    0.0000   -0.0000   -0.0000    0.0000   -0.0000    1.2295
   37 H8     2s         0.0000   -0.5955    1.2825    0.0000    0.0000   -0.0000   -0.0000    0.0000   -0.0000    1.2115
   38 H8     2px        0.1026   -0.0000   -0.0000    0.1227    0.0176    0.2967   -0.0114    0.5503   -0.0847   -0.0000
   39 H8     2py       -0.3927   -0.0000   -0.0000    0.0176   -0.1227    0.0114    0.2967    0.0847    0.5503   -0.0000
   40 H8     2pz        0.0000   -0.0596   -0.1258   -0.0000   -0.0000    0.0000    0.0000   -0.0000    0.0000    0.3131
   41 H9     1s        -0.0000   -0.1287   -0.7060   -0.0000   -0.0000    0.0000    0.0000   -0.0000    0.0000   -1.5093
   42 H9     2s        -0.0000   -0.1378   -1.1528   -0.0000   -0.0000    0.0000    0.0000   -0.0000    0.0000   -1.4958
   43 H9     2px        0.0380   -0.0000   -0.0000    0.3825    0.0548   -0.5258    0.0201   -0.4987    0.0768    0.0000
   44 H9     2py       -0.1453   -0.0000   -0.0000    0.0548   -0.3825   -0.0201   -0.5258   -0.0768   -0.4987    0.0000
   45 H9     2pz       -0.0000    0.2293    0.0335    0.0000    0.0000   -0.0000   -0.0000    0.0000   -0.0000    0.1972
   46 H10    1s         0.0000    0.0577    0.3576    0.0000    0.0000   -0.0000   -0.0000   -0.0000   -0.0000    0.6149
   47 H10    2s         0.0000    0.2892    0.3161    0.0000    0.0000   -0.0000   -0.0000    0.0000   -0.0000    0.6946
   48 H10    2px       -0.1119    0.0000    0.0000   -0.4286   -0.0614    0.3805   -0.0146    0.2824   -0.0435   -0.0000
   49 H10    2py        0.4282    0.0000    0.0000   -0.0614    0.4286    0.0146    0.3805    0.0435    0.2824   -0.0000
   50 H10    2pz        0.0000   -0.3336    0.1481   -0.0000   -0.0000    0.0000    0.0000    0.0000   -0.0000   -0.4908
 
 
      Orbital               41        42        43        44        45        46        47        48        49        50
      Energy            1.5804    1.5917    1.5917    1.6423    1.7384    1.8573    2.1188    2.4133    2.7172    2.9654
      Occ. No.          0.0000    0.0000    0.0000    0.0000    0.0000    0.0000    0.0000    0.0000    0.0000    0.0000
 
    1 H1     1s         0.4547    0.0000   -0.0000    0.6645    0.3488   -0.5339    0.4796   -0.4330   -0.3439    0.1950
    2 H1     2s         0.4981    0.0000   -0.0000    0.6663    0.3662   -0.4098    0.2633   -0.1756   -0.1109    0.0550
    3 H1     2px        0.0000   -0.1494    0.0368   -0.0000   -0.0000    0.0000   -0.0000    0.0000    0.0000   -0.0000
    4 H1     2py        0.0000   -0.0368   -0.1494   -0.0000   -0.0000    0.0000   -0.0000    0.0000    0.0000   -0.0000
    5 H1     2pz        0.1529    0.0000   -0.0000    0.6259    0.1240   -0.5781    0.5230   -0.4497   -0.3397    0.1860
    6 H2     1s        -1.4174   -0.0000    0.0000   -1.4325   -1.1460    0.7644   -0.3277    0.0352   -0.1326    0.1317
    7 H2     2s        -1.6149   -0.0000    0.0000   -1.2161   -1.2428    0.4859   -0.1822    0.0877    0.0509   -0.0269
    8 H2     2px       -0.0000    0.3003   -0.0739   -0.0000    0.0000   -0.0000    0.0000   -0.0000   -0.0000    0.0000
    9 H2     2py       -0.0000    0.0739    0.3003   -0.0000    0.0000   -0.0000    0.0000   -0.0000   -0.0000    0.0000
   10 H2     2pz       -0.2990   -0.0000    0.0000    0.0242   -0.2242   -0.4005    0.6830   -0.8231   -0.7622    0.4660
   11 H3     1s         2.3029    0.0000   -0.0000    0.7526    2.0706    0.2220   -0.4925    0.2891   -0.0209    0.1440
   12 H3     2s         2.5344    0.0000   -0.0000    0.7772    2.2248   -0.0353   -0.0726   -0.0073   -0.0365    0.0271
   13 H3     2px        0.0000   -0.4249    0.1045   -0.0000   -0.0000    0.0000   -0.0000    0.0000    0.0000    0.0000
   14 H3     2py        0.0000   -0.1045   -0.4249   -0.0000   -0.0000    0.0000   -0.0000    0.0000    0.0000    0.0000
   15 H3     2pz        0.2043    0.0000   -0.0000   -0.5759    0.1702    0.5068   -0.0504   -0.5500   -0.9055    0.7015
   16 H4     1s        -2.2304   -0.0000    0.0000    0.3224   -2.6897   -0.3083   -0.2049    0.4912    0.2163    0.0788
   17 H4     2s        -2.3781   -0.0000    0.0000    0.0359   -2.9186   -0.0159   -0.0899    0.1071    0.0340   -0.0024
   18 H4     2px       -0.0000    0.5142   -0.1265    0.0000    0.0000   -0.0000    0.0000    0.0000    0.0000   -0.0000
   19 H4     2py       -0.0000    0.1265    0.5142    0.0000    0.0000   -0.0000    0.0000    0.0000    0.0000   -0.0000
   20 H4     2pz        0.1371    0.0000   -0.0000    0.2762   -0.0418    0.4334   -0.6983    0.1455   -0.7301    0.8799
   21 H5     1s         0.9285   -0.0000    0.0000   -0.3568    2.9294   -0.6726    0.4821    0.1800    0.3235    0.0277
   22 H5     2s         0.9763   -0.0000    0.0000   -0.1794    3.2287   -0.4311    0.1436    0.0084    0.0261    0.0052
   23 H5     2px        0.0000   -0.5605    0.1379    0.0000   -0.0000   -0.0000    0.0000   -0.0000   -0.0000    0.0000
   24 H5     2py        0.0000   -0.1379   -0.5605    0.0000   -0.0000   -0.0000    0.0000   -0.0000   -0.0000    0.0000
   25 H5     2pz       -0.4577   -0.0000    0.0000    0.3831   -0.0083   -0.4706   -0.4272    0.7340   -0.2754    0.9704
   26 H6     1s         0.9285    0.0000   -0.0000   -0.3568   -2.9294    0.6726    0.4821   -0.1800    0.3235   -0.0277
   27 H6     2s         0.9763    0.0000   -0.0000   -0.1794   -3.2287    0.4311    0.1436   -0.0084    0.0261   -0.0052
   28 H6     2px       -0.0000    0.5605   -0.1379   -0.0000    0.0000   -0.0000    0.0000   -0.0000   -0.0000    0.0000
   29 H6     2py       -0.0000    0.1379    0.5605   -0.0000    0.0000   -0.0000    0.0000   -0.0000   -0.0000    0.0000
   30 H6     2pz        0.4577    0.0000   -0.0000   -0.3831   -0.0083   -0.4706    0.4272    0.7340    0.2754    0.9704
   31 H7     1s        -2.2304   -0.0000    0.0000    0.3224    2.6897    0.3083   -0.2049   -0.4912    0.2163   -0.0788
   32 H7     2s        -2.3781   -0.0000    0.0000    0.0359    2.9186    0.0159   -0.0899   -0.1071    0.0340    0.0024
   33 H7     2px        0.0000   -0.5142    0.1265    0.0000   -0.0000    0.0000    0.0000   -0.0000    0.0000    0.0000
   34 H7     2py        0.0000   -0.1265   -0.5142    0.0000   -0.0000    0.0000    0.0000   -0.0000    0.0000    0.0000
   35 H7     2pz       -0.1371   -0.0000    0.0000   -0.2762   -0.0418    0.4334    0.6983    0.1455    0.7301    0.8799
   36 H8     1s         2.3029    0.0000   -0.0000    0.7526   -2.0706   -0.2220   -0.4925   -0.2891   -0.0209   -0.1440
   37 H8     2s         2.5344    0.0000   -0.0000    0.7772   -2.2248    0.0353   -0.0726    0.0073   -0.0365   -0.0271
   38 H8     2px       -0.0000    0.4249   -0.1045    0.0000    0.0000    0.0000    0.0000   -0.0000    0.0000    0.0000
   39 H8     2py       -0.0000    0.1045    0.4249    0.0000    0.0000    0.0000    0.0000   -0.0000    0.0000    0.0000
   40 H8     2pz       -0.2043   -0.0000    0.0000    0.5759    0.1702    0.5068    0.0504   -0.5499    0.9055    0.7015
   41 H9     1s        -1.4175   -0.0000    0.0000   -1.4325    1.1460   -0.7644   -0.3277   -0.0352   -0.1326   -0.1317
   42 H9     2s        -1.6149   -0.0000    0.0000   -1.2161    1.2428   -0.4859   -0.1822   -0.0877    0.0509    0.0269
   43 H9     2px        0.0000   -0.3003    0.0739   -0.0000   -0.0000    0.0000    0.0000    0.0000   -0.0000   -0.0000
   44 H9     2py        0.0000   -0.0739   -0.3003   -0.0000   -0.0000    0.0000    0.0000    0.0000   -0.0000   -0.0000
   45 H9     2pz        0.2990    0.0000   -0.0000   -0.0242   -0.2242   -0.4005   -0.6830   -0.8231    0.7622    0.4660
   46 H10    1s         0.4547    0.0000   -0.0000    0.6645   -0.3488    0.5339    0.4796    0.4330   -0.3439   -0.1950
   47 H10    2s         0.4981    0.0000   -0.0000    0.6663   -0.3662    0.4098    0.2633    0.1756   -0.1109   -0.0550
   48 H10    2px       -0.0000    0.1494   -0.0368    0.0000    0.0000    0.0000   -0.0000   -0.0000    0.0000    0.0000
   49 H10    2py       -0.0000    0.0368    0.1494    0.0000    0.0000    0.0000   -0.0000   -0.0000    0.0000    0.0000
   50 H10    2pz       -0.1529   -0.0000    0.0000   -0.6259    0.1240   -0.5781   -0.5230   -0.4497    0.3397    0.1860
--
 
      Von Neumann Entropy (Root  1) =  2.21795
 

      Mulliken population analysis for root number:  1
      -----------------------------------------------
 
 
++    Molecular charges:
      ------------------
 
      Mulliken charges per centre and basis function type
      ---------------------------------------------------
 
                H1      H2      H3      H4      H5      H6      H7      H8      H9      H10   
      1s       0.9653  1.0158  1.0077  1.0036  1.0050  1.0050  1.0036  1.0077  1.0158  0.9653
      2s       0.0021 -0.0070 -0.0266 -0.0200 -0.0217 -0.0217 -0.0200 -0.0266 -0.0070  0.0021
      2px      0.0000  0.0000 -0.0000  0.0000  0.0000  0.0000  0.0000  0.0000  0.0000  0.0000
      2pz      0.0076  0.0179  0.0166  0.0168  0.0169  0.0169  0.0168  0.0166  0.0179  0.0076
      2py      0.0000  0.0000 -0.0000  0.0000  0.0000  0.0000  0.0000  0.0000  0.0000  0.0000
      Total    0.9750  1.0267  0.9977  1.0004  1.0002  1.0002  1.0004  0.9977  1.0267  0.9750
 
      N-E      0.0250 -0.0267  0.0023 -0.0004 -0.0002 -0.0002 -0.0004  0.0023 -0.0267  0.0250
 
      Total electronic charge=   10.000000
 
      Total            charge=   -0.000000
--
 
 

      Expectation values of various properties for root number:  1
      -----------------------------------------------------------
 
 
++    Molecular properties:
      ---------------------
 
      Charge (e):
                      =   -0.0000
      Dipole Moment (Debye):
      Origin of the operator (Ang)=    0.0000    0.0000    0.0000
                   X=  3.3591E-07               Y=  3.3878E-08               Z= -4.2896E-05           Total=  4.2898E-05
      Quadrupole Moment (Debye*Ang):
      Origin of the operator (Ang)=    0.0000    0.0000    6.6273
                  XX= -1.4008E+01              XY= -1.5634E-14              XZ= -1.9222E-07              YY= -1.4008E+01
                  YZ= -1.9507E-08              ZZ= -8.6574E+00
      In traceless form (Debye*Ang)
                  XX= -2.6753E+00              XY= -2.3451E-14              XZ= -2.8833E-07              YY= -2.6753E+00
                  YZ= -2.9261E-08              ZZ=  5.3505E+00
--
 

      LoProp population analysis for root number:  1
      -----------------------------------------------
 
 
++    LoProp analysis:
      ----------------
 
 
 
  Input file to MOLDEN was generated!
 
 
++    Static properties:
      ------------------
 
 
      LoProp Charges per center
 

                   H1       H2       H3       H4       H5       H6       H7       H8       H9       H10   
      Nuclear      1.0000   1.0000   1.0000   1.0000   1.0000   1.0000   1.0000   1.0000   1.0000   1.0000
      Electronic  -0.9996  -1.0002  -0.9994  -1.0007  -1.0001  -1.0001  -1.0007  -0.9994  -1.0002  -0.9996
 
      Total        0.0004  -0.0002   0.0006  -0.0007  -0.0001  -0.0001  -0.0007   0.0006  -0.0002   0.0004
--
 
 
      Natural Bond Order analysis for root number:  1
 
++    Natural Bond Order analysis
      ---------------------------
      Based on LoProp computed density
      -------------------------------------------------------------------------------------
      Atom A       Atom B       Bond Order
      -------------------------------------------------------------------------------------
      NBO located      0.979 non-bonded electrons on atom H1        
      NBO located      1.019 non-bonded electrons on atom H3        
      NBO located      1.015 non-bonded electrons on atom H4        
      NBO located      1.016 non-bonded electrons on atom H5        
      NBO located      1.016 non-bonded electrons on atom H6        
      NBO located      1.015 non-bonded electrons on atom H7        
      NBO located      1.019 non-bonded electrons on atom H8        
      NBO located      0.979 non-bonded electrons on atom H10       
      The remaining    1.941 electrons are to be considered as diffuse
--
 
--
 
 
  Input file to MOLDEN was generated!
 
      Average orbitals are written to the RASORB file
      Natural orbitals for root   1 are written to the RASORB.1 file
      Spin density orbitals for root   1 are written to the SPDORB.1 file
 
forrtl: warning (525): IEEE_DIVIDE_BY_ZERO is signaling
forrtl: warning (526): IEEE_INVALID is signaling
forrtl: warning (528): IEEE_UNDERFLOW is signaling
--- Stop Module: rasscf at Sun Oct 26 15:08:32 2025 /rc=_RC_ALL_IS_WELL_ ---
*** files: H10_1.47.LprOrb H10_1.47.rasscf.molden H10_1.47.LoProp.molden H10_1.47.RasOrb.1 H10_1.47.RasOrb H10_1.47.rasscf.h5 H10_1.47.SpdOrb.1 xmldump
    saved to directory ${LOCALHOME}/DDCASPT2/hydrogen_comps/rerun/H10_chain/H10_1.47
--- Module rasscf spent 14 seconds ---

>>> COPY /tmp/H10_1.47/H10_1.47.rasscf.h5 ${LOCALHOME}/DDCASPT2/hydrogen_comps/rerun/H10_chain/H10_1.47/

>>> COPY /tmp/H10_1.47/DDCASPT2_Fock_MO.csv ${LOCALHOME}/DDCASPT2/hydrogen_comps/rerun/H10_chain/H10_1.47/H10_1.47.DDCASPT2_Fock_MO.csv

*** symbolic link created: INPORB -> H10_1.47.RasOrb
--- Start Module: motra at Sun Oct 26 15:08:32 2025 ---
 
()()()()()()()()()()()()()()()()()()()()()()()()()()()()()()()()()()()()()()()()()()()()()()()()()()

                                               &MOTRA

                                   only a single process is used
                       available to each process: 2.0 GB of memory, 1 thread?
()()()()()()()()()()()()()()()()()()()()()()()()()()()()()()()()()()()()()()()()()()()()()()()()()()
 
 
      *** WARNING: Default frozen orbitals is overwritten by user input.
      *** Default values:   0
 
      Header of the integral files:
      
       Integrals generated by seward 4.2.0  , Sun Oct 26 15:08:16 2025
 
 
      Header of MO coefficients source file:
      * RASSCF average (pseudo-natural) orbitals                                      
 
 
      Cartesian coordinates in Angstrom:
      -----------------------------------------------------
      No.  Label        X            Y            Z        
      -----------------------------------------------------
       1   H1         0.00000000   0.00000000   0.00000000
       2   H2         0.00000000   0.00000000   1.47272700
       3   H3         0.00000000   0.00000000   2.94545500
       4   H4         0.00000000   0.00000000   4.41818200
       5   H5         0.00000000   0.00000000   5.89090900
       6   H6         0.00000000   0.00000000   7.36363600
       7   H7         0.00000000   0.00000000   8.83636400
       8   H8         0.00000000   0.00000000  10.30909100
       9   H9         0.00000000   0.00000000  11.78181800
      10   H10        0.00000000   0.00000000  13.25454500
      -----------------------------------------------------
      Nuclear repulsion energy =    6.93112761
 
      Orbital specifications:
      -----------------------
 
      Symmetry species:              1
      Number of basis functions:    50
      Frozen orbitals:               0
      Deleted orbitals:              0
      Number of orbitals used:      50

       SYMMETRY  BASIS FUNCTIONS       ORBITALS      INTEGRALS   CPU(SEC)  I/O(SEC)
        1 1 1 1   50  50  50  50    50  50  50  50      813450       0.00      0.00

       TOTAL CPU TIME(SEC)    0.52TOTAL I/O TIME(SEC)    1.16
 
--- Stop Module: motra at Sun Oct 26 15:08:33 2025 /rc=_RC_ALL_IS_WELL_ ---
*** files: xmldump
    saved to directory ${LOCALHOME}/DDCASPT2/hydrogen_comps/rerun/H10_chain/H10_1.47
--- Module motra spent 1 second ---

>>> COPY /tmp/H10_1.47/DDCASPT2_one_int_indx.csv ${LOCALHOME}/DDCASPT2/hydrogen_comps/rerun/H10_chain/H10_1.47/H10_1.47.DDCASPT2_one_int_indx.csv

>>> COPY /tmp/H10_1.47/DDCASPT2_one_int.csv ${LOCALHOME}/DDCASPT2/hydrogen_comps/rerun/H10_chain/H10_1.47/H10_1.47.DDCASPT2_one_int.csv

>>> COPY /tmp/H10_1.47/DDCASPT2_two_int_indx.csv ${LOCALHOME}/DDCASPT2/hydrogen_comps/rerun/H10_chain/H10_1.47/H10_1.47.DDCASPT2_two_int_indx.csv

>>> COPY /tmp/H10_1.47/DDCASPT2_two_int.csv ${LOCALHOME}/DDCASPT2/hydrogen_comps/rerun/H10_chain/H10_1.47/H10_1.47.DDCASPT2_two_int.csv

*** symbolic link created: INPORB -> H10_1.47.RasOrb
--- Start Module: caspt2 at Sun Oct 26 15:08:33 2025 ---
 
()()()()()()()()()()()()()()()()()()()()()()()()()()()()()()()()()()()()()()()()()()()()()()()()()()

                                              &CASPT2

                                   only a single process is used
                       available to each process: 2.0 GB of memory, 1 thread?
()()()()()()()()()()()()()()()()()()()()()()()()()()()()()()()()()()()()()()()()()()()()()()()()()()
 
 Cholesky algorithm in CASPT2 =    1
 
 ###############################################################################
 ###############################################################################
 ###                                                                         ###
 ###                                                                         ###
 ###    User changed nr of frozen orbitals.                                  ###
 ###                                                                         ###
 ###                                                                         ###
 ###############################################################################
 ###############################################################################
 
++    Wave function specifications:
      -----------------------------
 
      Number of closed shell electrons           0
      Number of electrons in active shells      10
      Max number of holes in RAS1 space          0
      Max number of electrons in RAS3 space      0
      Number of inactive orbitals                0
      Number of active orbitals                 10
      Number of secondary orbitals              40
      Spin quantum number                      0.0
      State symmetry                             1
      Number of CSFs                         19404
      Number of root(s) available                1
      Root passed to geometry opt.               1
      A file JOBMIX will be created.
      This is a CASSCF or RASSCF reference function
--
 
++    Orbital specifications:
      -----------------------
 
      Symmetry species                           1
                                                 a
      Frozen orbitals                            0
      Inactive orbitals                          0
      Active orbitals                           10
      Secondary orbitals                        40
      Deleted orbitals                           0
      Number of basis functions                 50
--
 
      Type of Fock operator: STANDARD
      Type of 0-order Hamiltonian: STANDARD WITH DEFAULT IPEA
        "IP-EA" denominator shift =      0.25
      The input orbitals and the CI vector will be transformed.
 
--------------------------------------------------------------------------------
 Estimated memory requirements:
  POLY3 :                  3551880
  RHS:                      835500
  SIGMA :                   430400
  PRPCTL:                        0
 Available workspace:    230354915
 
++ CASPT2 computation for group   1
 
********************************************************************************
 Multi-State initialization phase begins for group   1
--------------------------------------------------------------------------------
********************************************************************************
 Compute H0 matrices for state    1
--------------------------------------------------------------------------------
--------------------------------------------------------------------------------
 H0 matrices have been computed.
 
********************************************************************************
  CASPT2 EQUATION SOLUTION
--------------------------------------------------------------------------------
 
  Total nr of CASPT2 parameters:
   Before reduction:      120200
   After  reduction:      119800
 
 The contributions to the second order correlation energy in atomic units.
-----------------------------------------------------------------------------------------------------------------------------
  IT.      VJTU        VJTI        ATVX        AIVX        VJAI        BVAT        BJAT        BJAI        TOTAL       RNORM  
-----------------------------------------------------------------------------------------------------------------------------
   1     0.000000    0.000000   -0.015157    0.000000    0.000000   -0.032673    0.000000    0.000000   -0.047830    0.002055
   2     0.000000    0.000000   -0.015309    0.000000    0.000000   -0.032708    0.000000    0.000000   -0.048017    0.000154
   3     0.000000    0.000000   -0.015310    0.000000    0.000000   -0.032708    0.000000    0.000000   -0.048019    0.000020
   4     0.000000    0.000000   -0.015310    0.000000    0.000000   -0.032708    0.000000    0.000000   -0.048018    0.000002
-------------------------------------------------------------------------------------------------------------------
 
  FINAL CASPT2 RESULT:
 
  Correlation energy /Case, /Symm, and sums:
 VJTU      0.00000000  0.00000000
 VJTIP     0.00000000  0.00000000
 VJTIM     0.00000000  0.00000000
 ATVX     -0.01530964 -0.01530964
 AIVX      0.00000000  0.00000000
 VJAIP     0.00000000  0.00000000
 VJAIM     0.00000000  0.00000000
 BVATP    -0.03104898 -0.03104898
 BVATM    -0.00165925 -0.00165925
 BJATP     0.00000000  0.00000000
 BJATM     0.00000000  0.00000000
 BJAIP     0.00000000  0.00000000
 BJAIM     0.00000000  0.00000000
 Summed:  -0.04801787 -0.04801787
 
      Reference energy:          -5.2862450453
      E2 (Non-variational):      -0.0480178670
      E2 (Variational):          -0.0480178722
      Total energy:              -5.3342629175
      Residual norm:              0.0000002127
      Reference weight:           0.97688
 
      Contributions to the CASPT2 correlation energy
      Active & Virtual Only:         -0.0480178670
      One Inactive Excited:           0.0000000000
      Two Inactive Excited:           0.0000000000
 
 
++ Denominators, etc.
----------------------------------------------------------------------------------------------------
 Report on small energy denominators, large coefficients, and large energy contributions.
CASE  SYMM ACTIVE-MIX  NON-ACTIVE INDICES          DENOMINATOR     RHS VALUE       COEFFICIENT     CONTRIBUTION
ATVX     1  Mu1.0001  Se1.011                       0.22491886      0.00018168     -0.00062424     -0.00000011
ATVX     1  Mu1.0001  Se1.012                       0.25253874      0.00000009     -0.00000033     -0.00000000
--
 
   (Skipping property calculation,
    use PROP keyword to activate)
--
 
  Total CASPT2 energies:
::    CASPT2 Root  1     Total energy:     -5.33426292
 
  A NEW JOBIPH FILE NAMED 'JOBMIX' IS PREPARED.
********************************************************************************
forrtl: warning (528): IEEE_UNDERFLOW is signaling
--- Stop Module: caspt2 at Sun Oct 26 15:08:39 2025 /rc=_RC_ALL_IS_WELL_ ---
*** files: xmldump
    saved to directory ${LOCALHOME}/DDCASPT2/hydrogen_comps/rerun/H10_chain/H10_1.47
--- Module caspt2 spent 6 seconds ---

>>> EXPORT i = B

>>> EXPORT j = P

>>> IF (-FILE DDCASPT2_e2_${i}_${j}_1_.csv)
(Skipped)

>>> END FOREACH

>>> EXPORT j = M

>>> IF (-FILE DDCASPT2_e2_${i}_${j}_1_.csv)
(Skipped)

>>> END FOREACH

>>> END FOREACH

>>> EXPORT i = E

>>> EXPORT j = P

>>> IF (-FILE DDCASPT2_e2_${i}_${j}_1_.csv)
(Skipped)

>>> END FOREACH

>>> EXPORT j = M

>>> IF (-FILE DDCASPT2_e2_${i}_${j}_1_.csv)
(Skipped)

>>> END FOREACH

>>> END FOREACH

>>> EXPORT i = F

>>> EXPORT j = P

>>> IF (-FILE DDCASPT2_e2_${i}_${j}_1_.csv)

>>> COPY /tmp/H10_1.47/DDCASPT2_RHS_F_P_1_.csv ${LOCALHOME}/DDCASPT2/hydrogen_comps/rerun/H10_chain/H10_1.47/DDCASPT2_RHS_F_P_1_.csv

>>> COPY /tmp/H10_1.47/DDCASPT2_IVECW_F_P_1_.csv ${LOCALHOME}/DDCASPT2/hydrogen_comps/rerun/H10_chain/H10_1.47/DDCASPT2_IVECW_F_P_1_.csv

>>> COPY /tmp/H10_1.47/DDCASPT2_IVECX_F_P_1_.csv ${LOCALHOME}/DDCASPT2/hydrogen_comps/rerun/H10_chain/H10_1.47/DDCASPT2_IVECX_F_P_1_.csv

>>> COPY /tmp/H10_1.47/DDCASPT2_IVECC2_F_P_1_.csv ${LOCALHOME}/DDCASPT2/hydrogen_comps/rerun/H10_chain/H10_1.47/DDCASPT2_IVECC2_F_P_1_.csv

>>> COPY /tmp/H10_1.47/DDCASPT2_e2_F_P_1_.csv ${LOCALHOME}/DDCASPT2/hydrogen_comps/rerun/H10_chain/H10_1.47/DDCASPT2_e2_F_P_1_.csv

>>> END FOREACH

>>> EXPORT j = M

>>> IF (-FILE DDCASPT2_e2_${i}_${j}_1_.csv)

>>> COPY /tmp/H10_1.47/DDCASPT2_RHS_F_M_1_.csv ${LOCALHOME}/DDCASPT2/hydrogen_comps/rerun/H10_chain/H10_1.47/DDCASPT2_RHS_F_M_1_.csv

>>> COPY /tmp/H10_1.47/DDCASPT2_IVECW_F_M_1_.csv ${LOCALHOME}/DDCASPT2/hydrogen_comps/rerun/H10_chain/H10_1.47/DDCASPT2_IVECW_F_M_1_.csv

>>> COPY /tmp/H10_1.47/DDCASPT2_IVECX_F_M_1_.csv ${LOCALHOME}/DDCASPT2/hydrogen_comps/rerun/H10_chain/H10_1.47/DDCASPT2_IVECX_F_M_1_.csv

>>> COPY /tmp/H10_1.47/DDCASPT2_IVECC2_F_M_1_.csv ${LOCALHOME}/DDCASPT2/hydrogen_comps/rerun/H10_chain/H10_1.47/DDCASPT2_IVECC2_F_M_1_.csv

>>> COPY /tmp/H10_1.47/DDCASPT2_e2_F_M_1_.csv ${LOCALHOME}/DDCASPT2/hydrogen_comps/rerun/H10_chain/H10_1.47/DDCASPT2_e2_F_M_1_.csv

>>> END FOREACH

>>> END FOREACH

>>> EXPORT i = G

>>> EXPORT j = P

>>> IF (-FILE DDCASPT2_e2_${i}_${j}_1_.csv)
(Skipped)

>>> END FOREACH

>>> EXPORT j = M

>>> IF (-FILE DDCASPT2_e2_${i}_${j}_1_.csv)
(Skipped)

>>> END FOREACH

>>> END FOREACH

>>> EXPORT i = H

>>> EXPORT j = P

>>> IF (-FILE DDCASPT2_e2_${i}_${j}_1_.csv)
(Skipped)

>>> END FOREACH

>>> EXPORT j = M

>>> IF (-FILE DDCASPT2_e2_${i}_${j}_1_.csv)
(Skipped)

>>> END FOREACH

>>> END FOREACH

>>> EXPORT i = A

>>> IF (-FILE DDCASPT2_e2_${i}_1_.csv)
(Skipped)

>>> END FOREACH

>>> EXPORT i = C

>>> IF (-FILE DDCASPT2_e2_${i}_1_.csv)

>>> COPY /tmp/H10_1.47/DDCASPT2_RHS_C_1_.csv ${LOCALHOME}/DDCASPT2/hydrogen_comps/rerun/H10_chain/H10_1.47/DDCASPT2_RHS_C_1_.csv

>>> COPY /tmp/H10_1.47/DDCASPT2_IVECW_C_1_.csv ${LOCALHOME}/DDCASPT2/hydrogen_comps/rerun/H10_chain/H10_1.47/DDCASPT2_IVECW_C_1_.csv

>>> COPY /tmp/H10_1.47/DDCASPT2_IVECX_C_1_.csv ${LOCALHOME}/DDCASPT2/hydrogen_comps/rerun/H10_chain/H10_1.47/DDCASPT2_IVECX_C_1_.csv

>>> COPY /tmp/H10_1.47/DDCASPT2_IVECC2_C_1_.csv ${LOCALHOME}/DDCASPT2/hydrogen_comps/rerun/H10_chain/H10_1.47/DDCASPT2_IVECC2_C_1_.csv

>>> COPY /tmp/H10_1.47/DDCASPT2_e2_C_1_.csv ${LOCALHOME}/DDCASPT2/hydrogen_comps/rerun/H10_chain/H10_1.47/DDCASPT2_e2_C_1_.csv

>>> END FOREACH

>>> EXPORT i = D

>>> IF (-FILE DDCASPT2_e2_${i}_1_.csv)
(Skipped)

>>> END FOREACH

.########################.
.# Non-zero return code #.
.########################.

    Timing: Wall=23.76 User=22.24 System=1.52
****************************************
*** WorkDir at /tmp/H10_1.47 cleaned ***
****************************************
