   This run of MOLCAS is using the pymolcas driver

                             OPE
                             OPE          NMOL  CASOP  ENMOLC A   SO
                 OPE        NMOLC        AS  OP EN  MO LC     AS  OP
                OPENM       OL CA        SO  PE NM  OL CA     SOP EN
                OP EN      MO   LC       AS  OP ENMOL  CASO   PENMOL
                OP  EN     MO   LC       AS  OP EN     MO     LC ASO
               OP   E  NMOL  C  AS       OP  EN MO     LC     AS  OP
               OP  E   NMO   LC AS        OPEN  MO     LCASOP EN   M
               O  PEN   MO  LCA  SO
            OPE   NMO   L   CAS    OP
        OPENMOL  CASOP     ENMOL   CASOPE
     OPENMOLCA   SOPENMOLCASOPEN   MOLCASOPE
    OPENMOLCAS   OP           EN   MOL    CAS
    OPENMOLCAS       OP  ENM        O     LCA
    OPENMOLCAS    OPEN  MOLCASO     P  E  NMO
    OPENMOLCAS     OP               E  N  MOL
    OPENMOLCA   SO           PENM   O  L  CAS    OPEN    MO    LCAS
    OPENMOLCA   SOP           ENM   O  L  CAS   OP  EN  MOLC  AS   O
    OPENMOLCA   SOPE           NM      O  LCA   S      OP  EN MO
    OPENMOLC                AS         O  PEN   M      OL  CA  SOPE
    OPENMO        LCASOPE  NMOL        C  ASO   P      ENMOLC     AS
    OPE     NMO      LCA  SO     P     E   NM   OL  CA SO  PE N   MO
          OPENMOLCA            SOPE   NMO        LCAS  O    P  ENMO
     OPENMOLCASOPENMOLCASOPENMOLCASOPENMOLCA
        OPENMOLCASOPENMOLCASOPENMOLCASOPE
            OPENMOLCASOPENMOLCASOPENM
               OPENMOLCASOPENMOLCA        version: f37762c57
                   OPENMOLCASO
                       OPE                tag:

 OpenMolcas is free software; you can redistribute it and/or modify it
 under the terms of the GNU Lesser General Public License version 2.1.
 OpenMolcas is distributed in the hope that it will be useful, but it
 is provided "as is" and without any express or implied warranties.
 For more details see the full text of the license in the file
 LICENSE or in <http://www.gnu.org/licenses/>.

                 Copyright (C) The OpenMolcas Authors
           For the author list and the recommended citation,
                   consult the file CONTRIBUTORS.md

           *************************************************
           * pymolcas version py2.28                       *
           *   build c4a6d18ded8cb6cad61d2372a9abd97c      *
           *   (after the EMIL interpreter by V. Veryazov) *
           *************************************************

configuration info
------------------
C Compiler ID: Intel
C flags: -std=gnu99 -gcc-sys
Fortran Compiler ID: IntelLLVM
Fortran flags: -standard-semantics -fltconsistency -fpp -i8 -heap-arrays
Definitions: _MOLCAS_;_I8_;_LINUX_
Parallel: OFF (GA=OFF)


   ----------------------------------------------------------------------------------------
  |
  |              Project: H12_0.70
  |       Submitted from: /home/grierjones/DDCASPT2/hydrogen_comps/rerun/H12_chain/H12_0.70
  |         Scratch area: /tmp/H12_0.70
  |      Save outputs to: /home/grierjones/DDCASPT2/hydrogen_comps/rerun/H12_chain/H12_0.70
  |               Molcas: /home/grierjones/Test/build
  |
  | Scratch area is empty
  |
  |       MOLCAS_DRIVER = /usr/local/pymolcas
  | MOLCAS_KEEP_WORKDIR = NO
  |  MOLCAS_NEW_WORKDIR = YES
  |       MOLCAS_NPROCS = 1
  |        MOLCAS_PRINT = NORMAL
  |       MOLCAS_SOURCE = /home/grierjones/Test
  |    MOLCAS_STRUCTURE = 0
  |
   ----------------------------------------------------------------------------------------

++ ---------   Input file   ---------

&GATEWAY
coord=H12_0.70.xyz
Basis = ANO-RCC-VDZP
Group = nosymm
End of Input

&SEWARD
End of Input

&SCF

>>> COPY $WorkDir/H12_0.70.scf.h5 $CurrDir/

&RASSCF
Title= RASSCF
FileOrb
/home/grierjones/DDCASPT2/hydrogen_comps/rerun/H12_chain/H12_0.60/H12_0.60.RasOrb
NACTEL
12 0 0
Inactive
0
RAS2
12
Symmetry
1
Spin
1
orblisting
all

>>> COPY $WorkDir/H12_0.70.rasscf.h5 $CurrDir/

>>> COPY $WorkDir/GMJ_Fock_MO.csv $CurrDir/H12_0.70.GMJ_Fock_MO.csv

&MOTRA
Frozen=0
LUMORB

>>> COPY $WorkDir/GMJ_one_int_indx.csv $CurrDir/H12_0.70.GMJ_one_int_indx.csv

>>> COPY $WorkDir/GMJ_one_int.csv $CurrDir/H12_0.70.GMJ_one_int.csv

>>> COPY $WorkDir/GMJ_two_int_indx.csv $CurrDir/H12_0.70.GMJ_two_int_indx.csv

>>> COPY $WorkDir/GMJ_two_int.csv $CurrDir/H12_0.70.GMJ_two_int.csv

&CASPT2
Frozen
0

MAXITER
50

>>> FOREACH i IN (B,E,F,G,H)

  >>> FOREACH j IN (P,M)

    >>> IF (-FILE GMJ_e2_${i}_${j}_1_.csv)

      >>> COPY $WorkDir/GMJ_RHS_${i}_${j}_1_.csv $CurrDir/GMJ_RHS_${i}_${j}_1_.csv

      >>> COPY $WorkDir/GMJ_IVECW_${i}_${j}_1_.csv $CurrDir/GMJ_IVECW_${i}_${j}_1_.csv

      >>> COPY $WorkDir/GMJ_IVECX_${i}_${j}_1_.csv $CurrDir/GMJ_IVECX_${i}_${j}_1_.csv

      >>> COPY $WorkDir/GMJ_IVECC2_${i}_${j}_1_.csv $CurrDir/GMJ_IVECC2_${i}_${j}_1_.csv

      >>> COPY $WorkDir/GMJ_e2_${i}_${j}_1_.csv $CurrDir/GMJ_e2_${i}_${j}_1_.csv

    >>> END IF

  >>> END FOREACH

>>> END FOREACH

>>> FOREACH i IN (A,C,D)

  >>> IF (-FILE GMJ_e2_${i}_1_.csv)

    >>> COPY $WorkDir/GMJ_RHS_${i}_1_.csv $CurrDir/GMJ_RHS_${i}_1_.csv

    >>> COPY $WorkDir/GMJ_IVECW_${i}_1_.csv $CurrDir/GMJ_IVECW_${i}_1_.csv

    >>> COPY $WorkDir/GMJ_IVECX_${i}_1_.csv $CurrDir/GMJ_IVECX_${i}_1_.csv

    >>> COPY $WorkDir/GMJ_IVECC2_${i}_1_.csv $CurrDir/GMJ_IVECC2_${i}_1_.csv

    >>> COPY $WorkDir/GMJ_e2_${i}_1_.csv $CurrDir/GMJ_e2_${i}_1_.csv

  >>> END IF

>>> END FOREACH

-- ----------------------------------

--- Start Module: gateway at Sun Oct 26 14:14:13 2025 ---
 
()()()()()()()()()()()()()()()()()()()()()()()()()()()()()()()()()()()()()()()()()()()()()()()()()()

                                              &GATEWAY

                                   only a single process is used
                       available to each process: 2.0 GB of memory, 1 thread?
()()()()()()()()()()()()()()()()()()()()()()()()()()()()()()()()()()()()()()()()()()()()()()()()()()
 
 
++    Symmetry information:
      ---------------------
 
                    Character Table for C1 
 
                             E  
                    a        1  x, y, xy, Rz, z, xz, Ry, yz, Rx, I
--
 
 
++    Basis set information:
      ----------------------
 
 
      Basis set label: H.ANO-RCC...2S1P.
 
      Electronic valence basis set:
      ------------------
      Associated Effective Charge   1.000000 au
      Associated Actual Charge      1.000000 au
      Nuclear Model: Point charge
 
      Shell  nPrim  nBasis  Cartesian Spherical Contaminant
         s       8       2        X                  
         p       4       1        X                  
--
 
 
++    Molecular structure info:
      -------------------------
 
                    ************************************************ 
                    **** Cartesian Coordinates / Bohr, Angstrom **** 
                    ************************************************ 
 
     Center  Label                x              y              z                     x              y              z
        1      H1               0.000000       0.000000       0.000000              0.000000       0.000000       0.000000
        2      H2               0.000000       0.000000       1.317082              0.000000       0.000000       0.696970
        3      H3               0.000000       0.000000       2.634163              0.000000       0.000000       1.393939
        4      H4               0.000000       0.000000       3.951245              0.000000       0.000000       2.090909
        5      H5               0.000000       0.000000       5.268328              0.000000       0.000000       2.787879
        6      H6               0.000000       0.000000       6.585408              0.000000       0.000000       3.484848
        7      H7               0.000000       0.000000       7.902491              0.000000       0.000000       4.181818
        8      H8               0.000000       0.000000       9.219573              0.000000       0.000000       4.878788
        9      H9               0.000000       0.000000      10.536656              0.000000       0.000000       5.575758
       10      H10              0.000000       0.000000      11.853736              0.000000       0.000000       6.272727
       11      H11              0.000000       0.000000      13.170819              0.000000       0.000000       6.969697
       12      H12              0.000000       0.000000      14.487901              0.000000       0.000000       7.666667
 
                    *************************************** 
                    *    InterNuclear Distances / Bohr    * 
                    *************************************** 
 
               1 H1            2 H2            3 H3            4 H4            5 H5            6 H6    
    1 H1       0.000000
    2 H2       1.317082        0.000000
    3 H3       2.634163        1.317081        0.000000
    4 H4       3.951245        2.634163        1.317082        0.000000
    5 H5       5.268328        3.951245        2.634165        1.317082        0.000000
    6 H6       6.585408        5.268326        3.951245        2.634163        1.317081        0.000000
    7 H7       7.902491        6.585408        5.268328        3.951245        2.634163        1.317082
    8 H8       9.219573        7.902491        6.585410        5.268328        3.951245        2.634165
    9 H9      10.536656        9.219573        7.902493        6.585410        5.268328        3.951247
   10 H10     11.853736       10.536654        9.219573        7.902491        6.585408        5.268328
   11 H11     13.170819       11.853736       10.536656        9.219573        7.902491        6.585410
   12 H12     14.487901       13.170819       11.853738       10.536656        9.219573        7.902493
 
               7 H7            8 H8            9 H9           10 H10          11 H11          12 H12   
    7 H7       0.000000
    8 H8       1.317082        0.000000
    9 H9       2.634165        1.317082        0.000000
   10 H10      3.951245        2.634163        1.317081        0.000000
   11 H11      5.268328        3.951245        2.634163        1.317082        0.000000
   12 H12      6.585410        5.268328        3.951245        2.634165        1.317082        0.000000
 
                    ******************************************* 
                    *    InterNuclear Distances / Angstrom    * 
                    ******************************************* 
 
               1 H1            2 H2            3 H3            4 H4            5 H5            6 H6    
    1 H1       0.000000
    2 H2       0.696970        0.000000
    3 H3       1.393939        0.696969        0.000000
    4 H4       2.090909        1.393939        0.696970        0.000000
    5 H5       2.787879        2.090909        1.393940        0.696970        0.000000
    6 H6       3.484848        2.787878        2.090909        1.393939        0.696969        0.000000
    7 H7       4.181818        3.484848        2.787879        2.090909        1.393939        0.696970
    8 H8       4.878788        4.181818        3.484849        2.787879        2.090909        1.393940
    9 H9       5.575758        4.878788        4.181819        3.484849        2.787879        2.090910
   10 H10      6.272727        5.575757        4.878788        4.181818        3.484848        2.787879
   11 H11      6.969697        6.272727        5.575758        4.878788        4.181818        3.484849
   12 H12      7.666667        6.969697        6.272728        5.575758        4.878788        4.181819
 
               7 H7            8 H8            9 H9           10 H10          11 H11          12 H12   
    7 H7       0.000000
    8 H8       0.696970        0.000000
    9 H9       1.393940        0.696970        0.000000
   10 H10      2.090909        1.393939        0.696969        0.000000
   11 H11      2.787879        2.090909        1.393939        0.696970        0.000000
   12 H12      3.484849        2.787879        2.090909        1.393940        0.696970        0.000000
 
                    ************************************** 
                    *    Valence Bond Angles / Degree    * 
                    ************************************** 
                          Atom centers                 Phi
                      2 H2       1 H1       3 H3         0.00
                      1 H1       2 H2       3 H3       180.00
                      1 H1       2 H2       4 H4       180.00
                      3 H3       2 H2       4 H4         0.00
                      1 H1       3 H3       2 H2         0.00
                      1 H1       3 H3       4 H4       180.00
                      1 H1       3 H3       5 H5       180.00
                      2 H2       3 H3       4 H4       180.00
                      2 H2       3 H3       5 H5       180.00
                      4 H4       3 H3       5 H5         0.00
                      2 H2       4 H4       3 H3         0.00
                      2 H2       4 H4       5 H5       180.00
                      2 H2       4 H4       6 H6       180.00
                      3 H3       4 H4       5 H5       180.00
                      3 H3       4 H4       6 H6       180.00
                      5 H5       4 H4       6 H6         0.00
                      3 H3       5 H5       4 H4         0.00
                      3 H3       5 H5       6 H6       180.00
                      3 H3       5 H5       7 H7       180.00
                      4 H4       5 H5       6 H6       180.00
                      4 H4       5 H5       7 H7       180.00
                      6 H6       5 H5       7 H7         0.00
                      4 H4       6 H6       5 H5         0.00
                      4 H4       6 H6       7 H7       180.00
                      4 H4       6 H6       8 H8       180.00
                      5 H5       6 H6       7 H7       180.00
                      5 H5       6 H6       8 H8       180.00
                      7 H7       6 H6       8 H8         0.00
                      5 H5       7 H7       6 H6         0.00
                      5 H5       7 H7       8 H8       180.00
                      5 H5       7 H7       9 H9       180.00
                      6 H6       7 H7       8 H8       180.00
                      6 H6       7 H7       9 H9       180.00
                      8 H8       7 H7       9 H9         0.00
                      6 H6       8 H8       7 H7         0.00
                      6 H6       8 H8       9 H9       180.00
                      6 H6       8 H8      10 H10      180.00
                      7 H7       8 H8       9 H9       180.00
                      7 H7       8 H8      10 H10      180.00
                      9 H9       8 H8      10 H10        0.00
                      7 H7       9 H9       8 H8         0.00
                      7 H7       9 H9      10 H10      180.00
                      7 H7       9 H9      11 H11      180.00
                      8 H8       9 H9      10 H10      180.00
                      8 H8       9 H9      11 H11      180.00
                     10 H10      9 H9      11 H11        0.00
                      8 H8      10 H10      9 H9         0.00
                      8 H8      10 H10     11 H11      180.00
                      8 H8      10 H10     12 H12      180.00
                      9 H9      10 H10     11 H11      180.00
                      9 H9      10 H10     12 H12      180.00
                     11 H11     10 H10     12 H12        0.00
                      9 H9      11 H11     10 H10        0.00
                      9 H9      11 H11     12 H12      180.00
                     10 H10     11 H11     12 H12      180.00
                     10 H10     12 H12     11 H11        0.00
--
 
 
            Nuclear Potential Energy             19.16245944 au
 
--- Stop Module: gateway at Sun Oct 26 14:14:13 2025 /rc=_RC_ALL_IS_WELL_ ---
*** files: xmldump
    saved to directory /home/grierjones/DDCASPT2/hydrogen_comps/rerun/H12_chain/H12_0.70

--- Start Module: seward at Sun Oct 26 14:14:13 2025 ---
 
()()()()()()()()()()()()()()()()()()()()()()()()()()()()()()()()()()()()()()()()()()()()()()()()()()

                                              &SEWARD

                                   only a single process is used
                       available to each process: 2.0 GB of memory, 1 thread?
()()()()()()()()()()()()()()()()()()()()()()()()()()()()()()()()()()()()()()()()()()()()()()()()()()
 
               SEWARD will generate:
                  Multipole Moment integrals up to order  2
                  Kinetic Energy integrals
                  Nuclear Attraction integrals (point charge)
                  One-Electron Hamiltonian integrals
                  Velocity integrals
                  Relativistic Douglas-Kroll-Hess integrals:
                    - Parametrization         : EXP
                    - DKH order of Hamiltonian: 2
                    - DKH order of Properties : 0
                         - multipole moment operators
                         - electric potential operators
                         - contact operators
                  Atomic mean-field integrals
                  Two-Electron Repulsion integrals
 
                   Integrals are discarded if absolute value <: 0.10E-13
                   Integral cutoff threshold is set to       <: 0.10E-15
 
            Nuclear Potential Energy             19.16245944 au
 
 
      Basis set specifications :
      Symmetry species         a  
      Basis functions           60
 
 
  Input file to MOLDEN was generated!
 
forrtl: warning (525): IEEE_DIVIDE_BY_ZERO is signaling
forrtl: warning (526): IEEE_INVALID is signaling
forrtl: warning (528): IEEE_UNDERFLOW is signaling
--- Stop Module: seward at Sun Oct 26 14:14:15 2025 /rc=_RC_ALL_IS_WELL_ ---
*** files: H12_0.70.GssOrb H12_0.70.guessorb.h5 H12_0.70.guessorb.molden xmldump
    saved to directory /home/grierjones/DDCASPT2/hydrogen_comps/rerun/H12_chain/H12_0.70
--- Module seward spent 1 second ---

*** symbolic link created: INPORB -> H12_0.70.GssOrb
--- Start Module: scf at Sun Oct 26 14:14:15 2025 ---
 
()()()()()()()()()()()()()()()()()()()()()()()()()()()()()()()()()()()()()()()()()()()()()()()()()()

                                                &SCF

                                   only a single process is used
                       available to each process: 2.0 GB of memory, 1 thread?
()()()()()()()()()()()()()()()()()()()()()()()()()()()()()()()()()()()()()()()()()()()()()()()()()()
 
++    Input section:
      --------------
 
      Header of the integral files:
      
       Integrals generated by seward 4.2.0  , Sun Oct 26 14:14:13 2025
 
 
      Cartesian coordinates in Angstrom:
      -----------------------------------------------------
      No.  Label        X            Y            Z        
      -----------------------------------------------------
       1   H1         0.00000000   0.00000000   0.00000000
       2   H2         0.00000000   0.00000000   0.69697000
       3   H3         0.00000000   0.00000000   1.39393900
       4   H4         0.00000000   0.00000000   2.09090900
       5   H5         0.00000000   0.00000000   2.78787900
       6   H6         0.00000000   0.00000000   3.48484800
       7   H7         0.00000000   0.00000000   4.18181800
       8   H8         0.00000000   0.00000000   4.87878800
       9   H9         0.00000000   0.00000000   5.57575800
      10   H10        0.00000000   0.00000000   6.27272700
      11   H11        0.00000000   0.00000000   6.96969700
      12   H12        0.00000000   0.00000000   7.66666700
      -----------------------------------------------------
      Nuclear repulsion energy =   19.16245944
--
 
++    Orbital specifications:
      -----------------------
 
      Symmetry species               1
                                     a
      Frozen orbitals                0
      Occupied orbitals              6
      Secondary orbitals            54
      Deleted orbitals               0
      Total number of orbitals      60
      Number of basis functions     60
--
 
      Molecular charge                           0.000
 
++    Optimization specifications:
      ----------------------------
 
      SCF Algorithm: Conventional
      Minimized density differences are used
      Number of density matrices in core                5
      Maximum number of NDDO SCF iterations           400
      Maximum number of HF SCF iterations             400
      Threshold for SCF energy change            0.10E-08
      Threshold for density matrix               0.10E-03
      Threshold for Fock matrix                  0.15E-03
      Threshold for linear dependence            0.10E-08
      Threshold at which DIIS is turned on       0.15E+00
      Threshold at which QNR/C2DIIS is turned on 0.75E-01
      Threshold for Norm(delta) (QNR/C2DIIS)     0.20E-04
      DIIS extrapolation of the SCF procedure
      All orbitals punched on: SCFORB
--
 
      Input vectors read from INPORB
      Orbital file label: *Guess orbitals
 
 
++ Convergence information
                                   SCF        iterations: Energy and convergence statistics
 
Iter     Tot. SCF        One-elec.       Two-elec.     Energy      Max Dij or  Max Fij      DNorm      TNorm      AccCon     Time
         Energy          Energy          Energy        Change      Delta Norm                                                in Sec.
   1    -5.712594834   -41.271078489    16.396024214   0.00E+00    0.28E+00*   0.22E+00*    0.61E+01   0.30E+02   None         0.
   2    -6.036692438   -42.402805589    17.203653711  -0.32E+00*   0.64E-01*   0.28E-01*    0.37E+01   0.31E+02   EDIIS        0.
   3    -6.049022205   -42.344102723    17.132621077  -0.12E-01*   0.17E-01*   0.71E-02*    0.16E+01   0.31E+02   EDIIS        0.
   4    -6.049645506   -42.354287130    17.142182184  -0.62E-03*   0.34E-02*   0.18E-02*    0.25E+00   0.31E+02   c2DIIS       0.
   5    -6.049687622   -42.351372054    17.139224992  -0.42E-04*   0.80E-03*   0.38E-03*    0.45E-01   0.31E+02   QNRc2DIIS    0.
   6    -6.049688733   -42.352252522    17.140104349  -0.11E-05*   0.28E-03*   0.83E-04     0.96E-02   0.31E+02   QNRc2DIIS    0.
   7    -6.049688860   -42.352111120    17.139962820  -0.13E-06*   0.99E-04*   0.28E-04     0.18E-02   0.31E+02   QNRc2DIIS    0.
   8    -6.049688870   -42.352051468    17.139903157  -0.10E-07*   0.12E-04    0.27E-05     0.17E-03   0.31E+02   QNRc2DIIS    0.
   9    -6.049688870   -42.352057326    17.139909016  -0.13E-09    0.13E-05    0.27E-06     0.32E-04   0.31E+02   QNRc2DIIS    0.
 
       Convergence after  9 Macro Iterations
--
 
 *****************************************************************************************************************************
 *                                                                                                                           *
 *                                             SCF/KS-DFT Program, Final results                                             *
 *                                                                                                                           *
 *                                                                                                                           *
 *                                                                                                                           *
 *                                                       Final Results                                                       *
 *                                                                                                                           *
 *****************************************************************************************************************************
 
::    Total SCF energy                                 -6.0496888701
      One-electron energy                             -42.3520573261
      Two-electron energy                              17.1399090157
      Nuclear repulsion energy                         19.1624594403
      Kinetic energy (interpolated)                     8.3598938080
      Virial theorem                                    0.7236561862
      Total spin, S(S+1)                                0.0000000000
      Total spin, S                                     0.0000000000
      Max non-diagonal density matrix element           0.0000014146
      Max non-diagonal Fock matrix element              0.0000001201
 
 
      All orbitals with orbital energies smaller than  E(LUMO)+0.5 are printed
 
++    Molecular orbitals:
      -------------------
 
      Title: SCF orbitals

      Molecular orbitals for symmetry species 1: a  
 
          Orbital            1         2         3         4         5         6         7         8         9        10    
          Energy           -0.9724   -0.9080   -0.8012   -0.6508   -0.4607   -0.2430    0.1237    0.1701    0.1833    0.3257
          Occ. No.          2.0000    2.0000    2.0000    2.0000    2.0000    2.0000    0.0000    0.0000    0.0000    0.0000
 
        1 H1     1s         0.0614   -0.2064    0.3216   -0.3515    0.3837   -0.4921    0.8612   -1.3079   -0.9366   -2.3588
        2 H1     2s         0.0279   -0.0706    0.0825   -0.0400    0.0246   -0.1329    0.6869   -0.8680   -0.8898   -1.6964
        3 H1     2px        0.0000   -0.0000    0.0000   -0.0000    0.0000   -0.0000    0.0000    0.0000   -0.0000    0.0000
        4 H1     2py        0.0000   -0.0000   -0.0000    0.0000   -0.0000   -0.0000    0.0000   -0.0000   -0.0000    0.0000
        5 H1     2pz        0.0038   -0.0261    0.0374   -0.0307    0.0164   -0.0078    0.0457   -0.0826   -0.0906   -0.1587
        6 H2     1s         0.0316   -0.0700    0.0647   -0.1364    0.2429   -0.1176   -1.1073    1.3335    1.5513    3.3277
        7 H2     2s        -0.0397    0.1188   -0.2004    0.1575   -0.0064   -0.0358   -0.5904    0.9218    0.8664    2.4187
        8 H2     2px       -0.0000    0.0000   -0.0000   -0.0000    0.0000   -0.0000   -0.0000   -0.0000   -0.0000   -0.0000
        9 H2     2py       -0.0000    0.0000   -0.0000   -0.0000    0.0000   -0.0000    0.0000    0.0000   -0.0000   -0.0000
       10 H2     2pz       -0.0103   -0.0249    0.0262    0.0022   -0.0343    0.0415    0.0264   -0.0958   -0.1125   -0.1617
       11 H3     1s         0.1637   -0.2945    0.2793   -0.1086   -0.2269    0.4932    0.3097   -0.5032   -1.1439   -2.1416
       12 H3     2s        -0.0064    0.0265   -0.0220   -0.0120   -0.0153    0.0966    0.4290   -0.3959   -0.9397   -1.3776
       13 H3     2px        0.0000   -0.0000    0.0000   -0.0000   -0.0000    0.0000   -0.0000   -0.0000   -0.0000   -0.0000
       14 H3     2py        0.0000   -0.0000   -0.0000    0.0000   -0.0000   -0.0000    0.0000    0.0000   -0.0000    0.0000
       15 H3     2pz       -0.0161   -0.0277    0.0107    0.0240   -0.0371    0.0156    0.0304   -0.1170   -0.1122   -0.0794
       16 H4     1s         0.1652   -0.2369    0.0767    0.1671   -0.3767    0.3894   -0.2116    0.3276    0.4611    1.4391
       17 H4     2s        -0.0520    0.0713   -0.0342   -0.0347   -0.0120    0.1494   -0.1332    0.4671    0.3100    1.3566
       18 H4     2px        0.0000   -0.0000    0.0000    0.0000   -0.0000    0.0000   -0.0000   -0.0000   -0.0000   -0.0000
       19 H4     2py       -0.0000   -0.0000   -0.0000    0.0000   -0.0000   -0.0000    0.0000   -0.0000   -0.0000   -0.0000
       20 H4     2pz       -0.0182   -0.0296   -0.0041    0.0193    0.0099   -0.0446    0.0272   -0.1119   -0.1067    0.0341
       21 H5     1s         0.2461   -0.1364   -0.1363    0.2029    0.0268   -0.5656    0.4990   -0.7360   -0.3800   -0.8866
       22 H5     2s        -0.0343    0.0778    0.0197   -0.1179    0.0603   -0.1717    0.3914   -0.2696   -0.4014   -0.5563
       23 H5     2px        0.0000   -0.0000    0.0000    0.0000   -0.0000    0.0000    0.0000   -0.0000   -0.0000   -0.0000
       24 H5     2py        0.0000    0.0000   -0.0000    0.0000    0.0000    0.0000    0.0000    0.0000   -0.0000   -0.0000
       25 H5     2pz       -0.0108   -0.0358   -0.0096   -0.0058    0.0390   -0.0279   -0.0178   -0.0323   -0.1041    0.1631
       26 H6     1s         0.2462   -0.1308   -0.2075    0.2431    0.2256   -0.4135   -0.4038    0.5092    0.7569    1.5931
       27 H6     2s        -0.0530   -0.0246    0.0941    0.0397   -0.0397   -0.1046   -0.0828    0.4318    0.4561    1.1215
       28 H6     2px        0.0000   -0.0000   -0.0000   -0.0000    0.0000    0.0000    0.0000   -0.0000   -0.0000   -0.0000
       29 H6     2py       -0.0000   -0.0000    0.0000   -0.0000   -0.0000   -0.0000    0.0000   -0.0000   -0.0000   -0.0000
       30 H6     2pz       -0.0059   -0.0372   -0.0026   -0.0360    0.0208    0.0395   -0.0134   -0.0030   -0.1394    0.1801
       31 H7     1s         0.2462    0.1308   -0.2075   -0.2431    0.2256    0.4135   -0.4038    0.5092   -0.7569   -1.5931
       32 H7     2s        -0.0530    0.0246    0.0941   -0.0397   -0.0397    0.1046   -0.0828    0.4318   -0.4561   -1.1215
       33 H7     2px       -0.0000   -0.0000    0.0000    0.0000   -0.0000    0.0000   -0.0000   -0.0000   -0.0000   -0.0000
       34 H7     2py       -0.0000    0.0000   -0.0000    0.0000    0.0000   -0.0000    0.0000    0.0000   -0.0000   -0.0000
       35 H7     2pz        0.0059   -0.0372    0.0026   -0.0360   -0.0208    0.0395    0.0134    0.0030   -0.1394    0.1801
       36 H8     1s         0.2461    0.1364   -0.1363   -0.2029    0.0268    0.5656    0.4990   -0.7360    0.3800    0.8866
       37 H8     2s        -0.0343   -0.0778    0.0197    0.1179    0.0603    0.1717    0.3914   -0.2696    0.4014    0.5563
       38 H8     2px        0.0000   -0.0000    0.0000    0.0000   -0.0000   -0.0000    0.0000    0.0000   -0.0000   -0.0000
       39 H8     2py        0.0000   -0.0000   -0.0000   -0.0000    0.0000   -0.0000   -0.0000   -0.0000    0.0000   -0.0000
       40 H8     2pz        0.0108   -0.0358    0.0096   -0.0058   -0.0390   -0.0279    0.0178    0.0323   -0.1041    0.1631
       41 H9     1s         0.1651    0.2369    0.0767   -0.1671   -0.3767   -0.3894   -0.2116    0.3276   -0.4611   -1.4391
       42 H9     2s        -0.0520   -0.0713   -0.0342    0.0347   -0.0120   -0.1494   -0.1332    0.4671   -0.3100   -1.3566
       43 H9     2px       -0.0000    0.0000   -0.0000   -0.0000    0.0000    0.0000   -0.0000    0.0000    0.0000   -0.0000
       44 H9     2py       -0.0000    0.0000   -0.0000   -0.0000    0.0000    0.0000    0.0000    0.0000   -0.0000   -0.0000
       45 H9     2pz        0.0182   -0.0296    0.0041    0.0193   -0.0099   -0.0446   -0.0272    0.1119   -0.1067    0.0341
       46 H10    1s         0.1637    0.2945    0.2793    0.1086   -0.2269   -0.4932    0.3097   -0.5032    1.1439    2.1416
       47 H10    2s        -0.0064   -0.0265   -0.0220    0.0120   -0.0153   -0.0966    0.4290   -0.3959    0.9397    1.3776
       48 H10    2px        0.0000   -0.0000    0.0000    0.0000   -0.0000   -0.0000   -0.0000    0.0000    0.0000   -0.0000
       49 H10    2py        0.0000   -0.0000   -0.0000    0.0000   -0.0000   -0.0000   -0.0000   -0.0000    0.0000   -0.0000
       50 H10    2pz        0.0161   -0.0277   -0.0107    0.0240    0.0371    0.0156   -0.0304    0.1170   -0.1122   -0.0794
       51 H11    1s         0.0316    0.0700    0.0647    0.1364    0.2429    0.1176   -1.1073    1.3335   -1.5513   -3.3277
       52 H11    2s        -0.0397   -0.1188   -0.2004   -0.1575   -0.0064    0.0358   -0.5904    0.9218   -0.8664   -2.4187
       53 H11    2px       -0.0000    0.0000   -0.0000    0.0000    0.0000   -0.0000    0.0000    0.0000   -0.0000   -0.0000
       54 H11    2py       -0.0000    0.0000   -0.0000    0.0000    0.0000    0.0000    0.0000   -0.0000    0.0000   -0.0000
       55 H11    2pz        0.0103   -0.0249   -0.0262    0.0022    0.0343    0.0415   -0.0264    0.0958   -0.1125   -0.1617
       56 H12    1s         0.0614    0.2064    0.3216    0.3515    0.3837    0.4921    0.8612   -1.3079    0.9366    2.3588
       57 H12    2s         0.0279    0.0706    0.0825    0.0400    0.0246    0.1329    0.6869   -0.8680    0.8898    1.6964
       58 H12    2px        0.0000   -0.0000    0.0000   -0.0000    0.0000    0.0000   -0.0000    0.0000    0.0000   -0.0000
       59 H12    2py        0.0000   -0.0000    0.0000    0.0000   -0.0000   -0.0000   -0.0000    0.0000    0.0000    0.0000
       60 H12    2pz       -0.0038   -0.0261   -0.0374   -0.0307   -0.0164   -0.0078   -0.0457    0.0826   -0.0906   -0.1587
 
          Orbital           11        12        13        14        15        16        17    
          Energy            0.3360    0.4590    0.4590    0.5454    0.5454    0.5568    0.5995
          Occ. No.          0.0000    0.0000    0.0000    0.0000    0.0000    0.0000    0.0000
 
        1 H1     1s        -0.5453   -0.0000   -0.0000   -0.0000    0.0000    3.0421    0.1571
        2 H1     2s        -0.7624   -0.0000   -0.0000   -0.0000    0.0000    2.2038    0.5315
        3 H1     2px       -0.0000    0.0633   -0.0164    0.0349   -0.1419    0.0000    0.0000
        4 H1     2py        0.0000    0.0164    0.0633   -0.1419   -0.0349   -0.0000   -0.0000
        5 H1     2pz       -0.1511   -0.0000   -0.0000   -0.0000   -0.0000    0.1709    0.2317
        6 H2     1s         1.3221    0.0000    0.0000    0.0000   -0.0000   -5.4407   -0.3315
        7 H2     2s         0.8236    0.0000    0.0000    0.0000   -0.0000   -4.1226   -0.2850
        8 H2     2px       -0.0000    0.0965   -0.0250    0.0465   -0.1893    0.0000    0.0000
        9 H2     2py       -0.0000    0.0250    0.0965   -0.1893   -0.0465   -0.0000    0.0000
       10 H2     2pz       -0.2292   -0.0000   -0.0000    0.0000   -0.0000    0.1051    0.3164
       11 H3     1s        -2.1460   -0.0000    0.0000   -0.0000    0.0000    3.9759    2.2389
       12 H3     2s        -1.4481   -0.0000   -0.0000   -0.0000    0.0000    2.5386    1.4871
       13 H3     2px       -0.0000    0.1412   -0.0365    0.0565   -0.2301    0.0000   -0.0000
       14 H3     2py        0.0000    0.0365    0.1412   -0.2301   -0.0565   -0.0000    0.0000
       15 H3     2pz       -0.1790   -0.0000    0.0000    0.0000   -0.0000   -0.1231    0.1968
       16 H4     1s         1.2062    0.0000    0.0000    0.0000   -0.0000   -2.5506   -3.3591
       17 H4     2s         0.7880    0.0000    0.0000    0.0000   -0.0000   -1.9652   -2.3219
       18 H4     2px       -0.0000    0.1762   -0.0456    0.0525   -0.2139    0.0000   -0.0000
       19 H4     2py        0.0000    0.0456    0.1762   -0.2139   -0.0525   -0.0000    0.0000
       20 H4     2pz       -0.1478   -0.0000   -0.0000    0.0000   -0.0000   -0.2416    0.1305
       21 H5     1s         0.5945    0.0000    0.0000   -0.0000    0.0000    0.5199    0.7264
       22 H5     2s         0.3109    0.0000    0.0000   -0.0000    0.0000    0.6249    0.3296
       23 H5     2px       -0.0000    0.2027   -0.0525    0.0373   -0.1519    0.0000   -0.0000
       24 H5     2py        0.0000    0.0525    0.2027   -0.1519   -0.0373   -0.0000    0.0000
       25 H5     2pz       -0.1421   -0.0000   -0.0000    0.0000   -0.0000   -0.2379    0.0237
       26 H6     1s        -0.3672    0.0000   -0.0000   -0.0000   -0.0000    0.7245    0.8793
       27 H6     2s        -0.0079    0.0000   -0.0000   -0.0000   -0.0000    0.6666    0.3687
       28 H6     2px       -0.0000    0.2164   -0.0560    0.0135   -0.0551    0.0000   -0.0000
       29 H6     2py       -0.0000    0.0560    0.2164   -0.0551   -0.0135   -0.0000    0.0000
       30 H6     2pz       -0.0815   -0.0000    0.0000   -0.0000    0.0000   -0.0574   -0.1448
       31 H7     1s        -0.3673   -0.0000    0.0000   -0.0000    0.0000    0.7245   -0.8793
       32 H7     2s        -0.0079   -0.0000    0.0000   -0.0000    0.0000    0.6667   -0.3687
       33 H7     2px       -0.0000    0.2164   -0.0560   -0.0135    0.0551   -0.0000   -0.0000
       34 H7     2py       -0.0000    0.0560    0.2164    0.0551    0.0135    0.0000    0.0000
       35 H7     2pz        0.0815   -0.0000    0.0000   -0.0000    0.0000    0.0574   -0.1448
       36 H8     1s         0.5945    0.0000   -0.0000   -0.0000   -0.0000    0.5199   -0.7264
       37 H8     2s         0.3109    0.0000   -0.0000   -0.0000   -0.0000    0.6249   -0.3296
       38 H8     2px       -0.0000    0.2027   -0.0525   -0.0373    0.1519   -0.0000    0.0000
       39 H8     2py       -0.0000    0.0525    0.2027    0.1519    0.0373    0.0000   -0.0000
       40 H8     2pz        0.1421    0.0000    0.0000   -0.0000    0.0000    0.2379    0.0237
       41 H9     1s         1.2062    0.0000   -0.0000    0.0000   -0.0000   -2.5506    3.3591
       42 H9     2s         0.7880    0.0000   -0.0000    0.0000   -0.0000   -1.9652    2.3219
       43 H9     2px       -0.0000    0.1762   -0.0456   -0.0525    0.2139   -0.0000    0.0000
       44 H9     2py       -0.0000    0.0456    0.1762    0.2139    0.0525    0.0000   -0.0000
       45 H9     2pz        0.1478    0.0000   -0.0000   -0.0000   -0.0000    0.2416    0.1305
       46 H10    1s        -2.1460   -0.0000    0.0000   -0.0000    0.0000    3.9759   -2.2389
       47 H10    2s        -1.4481   -0.0000    0.0000   -0.0000    0.0000    2.5386   -1.4871
       48 H10    2px       -0.0000    0.1412   -0.0365   -0.0565    0.2301   -0.0000    0.0000
       49 H10    2py       -0.0000    0.0365    0.1412    0.2301    0.0565    0.0000   -0.0000
       50 H10    2pz        0.1790    0.0000   -0.0000   -0.0000   -0.0000    0.1231    0.1968
       51 H11    1s         1.3221   -0.0000   -0.0000    0.0000   -0.0000   -5.4406    0.3315
       52 H11    2s         0.8236   -0.0000   -0.0000    0.0000   -0.0000   -4.1226    0.2850
       53 H11    2px       -0.0000    0.0965   -0.0250   -0.0465    0.1893   -0.0000    0.0000
       54 H11    2py        0.0000    0.0250    0.0965    0.1893    0.0465    0.0000   -0.0000
       55 H11    2pz        0.2292    0.0000   -0.0000    0.0000   -0.0000   -0.1051    0.3164
       56 H12    1s        -0.5453    0.0000    0.0000   -0.0000    0.0000    3.0420   -0.1571
       57 H12    2s        -0.7624    0.0000    0.0000   -0.0000    0.0000    2.2038   -0.5315
       58 H12    2px       -0.0000    0.0633   -0.0164   -0.0349    0.1419   -0.0000    0.0000
       59 H12    2py       -0.0000    0.0164    0.0633    0.1419    0.0349    0.0000   -0.0000
       60 H12    2pz        0.1511    0.0000   -0.0000    0.0000   -0.0000   -0.1709    0.2317
--
 
 
++    Molecular charges:
      ------------------
 
      Mulliken charges per centre and basis function type
      ---------------------------------------------------
 
                H1      H2      H3      H4      H5      H6      H7      H8      H9      H10     H11     H12   
      1s       1.4504  0.4286  1.0963  0.8993  0.9167  0.9446  0.9446  0.9167  0.8993  1.0963  0.4286  1.4504
      2s       0.0062  0.0567 -0.0645 -0.0536  0.0201 -0.0039 -0.0039  0.0201 -0.0536 -0.0645  0.0567  0.0062
      2px      0.0000  0.0000  0.0000  0.0000  0.0000  0.0000  0.0000  0.0000 -0.0000  0.0000  0.0000  0.0000
      2pz      0.0400  0.0849  0.0576  0.0444  0.0353  0.0409  0.0409  0.0353  0.0444  0.0576  0.0849  0.0400
      2py      0.0000  0.0000  0.0000  0.0000  0.0000 -0.0000  0.0000  0.0000  0.0000  0.0000  0.0000  0.0000
      Total    1.4966  0.5702  1.0893  0.8902  0.9720  0.9816  0.9816  0.9720  0.8902  1.0893  0.5702  1.4966
 
      N-E     -0.4966  0.4298 -0.0893  0.1098  0.0280  0.0184  0.0184  0.0280  0.1098 -0.0893  0.4298 -0.4966
 
      Total electronic charge=   12.000000
 
      Total            charge=   -0.000000
--
 
 
  Input file to MOLDEN was generated!
 
 
++    Static properties:
      ------------------
 
 
      LoProp Charges per center
 

                   H1       H2       H3       H4       H5       H6       H7       H8       H9       H10   
      Nuclear      1.0000   1.0000   1.0000   1.0000   1.0000   1.0000   1.0000   1.0000   1.0000   1.0000
      Electronic  -1.1446  -0.9520  -0.9878  -0.9544  -0.9881  -0.9732  -0.9732  -0.9881  -0.9544  -0.9878
 
      Total       -0.1446   0.0480   0.0122   0.0456   0.0119   0.0268   0.0268   0.0119   0.0456   0.0122
 

                   H11      H12   
      Nuclear      1.0000   1.0000
      Electronic  -0.9520  -1.1446
 
      Total        0.0480  -0.1446
--
 
 
++    Natural Bond Order analysis
      ---------------------------
      Based on LoProp computed density
      -------------------------------------------------------------------------------------
      Atom A       Atom B       Bond Order | Atom A       Atom B       Bond Order
        H1           H2             0.950  |   H9           H10            0.933
        H11          H12            0.950  |   H5           H6             0.923
        H3           H4             0.933  |   H7           H8             0.923
      -------------------------------------------------------------------------------------
      NBO located     11.225 electrons involved in    6 bonds.
      The remaining    0.775 electrons are to be considered as diffuse
--
 
 
++    Molecular properties:
      ---------------------
 
      Charge (e):
                      =   -0.0000
      Dipole Moment (Debye):
      Origin of the operator (Ang)=    0.0000    0.0000    0.0000
                   X= -8.5267E-14               Y=  8.4623E-14               Z=  5.2073E-06           Total=  5.2073E-06
      Quadrupole Moment (Debye*Ang):
      Origin of the operator (Ang)=    0.0000    0.0000    3.8333
                  XX= -1.1076E+01              XY=  1.3564E-28              XZ=  2.5531E-13              YY= -1.1076E+01
                  YZ= -2.5970E-13              ZZ= -3.0724E+01
      In traceless form (Debye*Ang)
                  XX=  9.8239E+00              XY=  2.0347E-28              XZ=  3.8297E-13              YY=  9.8239E+00
                  YZ= -3.8955E-13              ZZ= -1.9648E+01
--
 
 
  Input file to MOLDEN was generated!
 
 ###############################################################################
 ###############################################################################
 ###                                                                         ###
 ###                                                                         ###
 ###    RunFile label nBas                                                   ###
 ###    was used       78 times                                              ###
 ###                                                                         ###
 ###                                                                         ###
 ###############################################################################
 ###############################################################################
forrtl: warning (528): IEEE_UNDERFLOW is signaling
--- Stop Module: scf at Sun Oct 26 14:14:15 2025 /rc=_RC_ALL_IS_WELL_ ---
*** files: H12_0.70.LprOrb H12_0.70.LoProp.molden H12_0.70.scf.molden H12_0.70.ScfOrb H12_0.70.scf.h5 xmldump
    saved to directory /home/grierjones/DDCASPT2/hydrogen_comps/rerun/H12_chain/H12_0.70

>>> COPY /tmp/H12_0.70/H12_0.70.scf.h5 /home/grierjones/DDCASPT2/hydrogen_comps/rerun/H12_chain/H12_0.70/

*** symbolic link created: INPORB -> H12_0.70.ScfOrb
--- Start Module: rasscf at Sun Oct 26 14:14:15 2025 ---
 
()()()()()()()()()()()()()()()()()()()()()()()()()()()()()()()()()()()()()()()()()()()()()()()()()()

                                              &RASSCF

                                   only a single process is used
                       available to each process: 2.0 GB of memory, 1 thread?
()()()()()()()()()()()()()()()()()()()()()()()()()()()()()()()()()()()()()()()()()()()()()()()()()()
 
 
      Header of the ONEINT file:
      --------------------------
      
      Integrals generated by seward 4.2.0  , Sun Oct 26 14:14:13 2025
 
 
      OrdInt status: non-squared
 
 
      Cartesian coordinates in Angstrom:
      -----------------------------------------------------
      No.  Label        X            Y            Z        
      -----------------------------------------------------
       1   H1         0.00000000   0.00000000   0.00000000
       2   H2         0.00000000   0.00000000   0.69697000
       3   H3         0.00000000   0.00000000   1.39393900
       4   H4         0.00000000   0.00000000   2.09090900
       5   H5         0.00000000   0.00000000   2.78787900
       6   H6         0.00000000   0.00000000   3.48484800
       7   H7         0.00000000   0.00000000   4.18181800
       8   H8         0.00000000   0.00000000   4.87878800
       9   H9         0.00000000   0.00000000   5.57575800
      10   H10        0.00000000   0.00000000   6.27272700
      11   H11        0.00000000   0.00000000   6.96969700
      12   H12        0.00000000   0.00000000   7.66666700
      -----------------------------------------------------
      Nuclear repulsion energy =   19.16245944
 
++    Wave function specifications:
      -----------------------------
 
      Number of closed shell electrons           0
      Number of electrons in active shells      12
      Max number of holes in RAS1 space          0
      Max nr of electrons in RAS3 space          0
      Number of inactive orbitals                0
      Number of active orbitals                 12
      Number of secondary orbitals              48
      Spin quantum number                      0.0
      State symmetry                             1
--
 
++    Orbital specifications:
      -----------------------
 
      Symmetry species                           1
                                                 a
      Frozen orbitals                            0
      Inactive orbitals                          0
      Active orbitals                           12
      RAS1 orbitals                              0
      RAS2 orbitals                             12
      RAS3 orbitals                              0
      Secondary orbitals                        48
      Deleted orbitals                           0
      Number of basis functions                 60
--
 
++    CI expansion specifications:
      ----------------------------
 
      Number of CSFs                        226512
      Number of determinants                427350
      Number of root(s) required                 1
      Root chosen for geometry opt.              1
      CI root used                               1
         
      highest root included in the CI            1
      max. size of the explicit Hamiltonian    200
--
 
++    Optimization specifications:
      ----------------------------
 
      RASSCF algorithm: Conventional
      Maximum number of macro iterations       200
      Maximum number of SX iterations          100
      Threshold for RASSCF energy            0.100E-07
      Threshold for max MO rotation          0.100E+00
      Threshold for max BLB element          0.100E-03
      Level shift parameter                  0.500E+00
      Make Quasi-Newton update
--
 
      The MO-coefficients are taken from the file:
      /home/grierjones/DDCASPT2/hydrogen_comps/rerun/H12_chain/H12_0.60/H12_0.60.RasOrb                                               
      Title: RASSCF average (pseudo-natural) orbitals                                      
 
      Total molecular charge    0.00
 
      ************************************************************************************************************************
      *                                                                                                                      *
      *                                            Wave function control section                                             *
      *                                                                                                                      *
      ************************************************************************************************************************
 
 
                                         RASSCF iterations: Energy and convergence statistics
                                         ----------------------------------------------------
 
      Iter CI   SX   CI       RASSCF       Energy    max ROT     max BLB   max BLB  Level Ln srch  Step   QN   Walltime
          iter iter root      energy       change     param      element    value   shift minimum  type update hh:mm:ss
 Nr of preliminary CI iterations:   5
        1   1   40    1    -6.10332542    0.00E+00   0.35E-01    2  56 1  0.41E+00*  0.16   0.00    SX    NO    0:00:23
        2   3   12    1    -6.14137519   -0.38E-01* -0.40E-01    2  14 1 -0.30E-01*  0.15   0.00    SX    NO    0:00:11
        3   3   11    1    -6.14412767   -0.28E-02* -0.34E-01    6  24 1 -0.10E-01*  0.15   0.00    SX    NO    0:00:13
        4   4   11    1    -6.14476674   -0.64E-03* -0.25E-01    6  24 1 -0.59E-02*  0.14   0.00    SX    NO    0:00:16
        5   4   11    1    -6.14501513   -0.25E-03* -0.33E-01    6  24 1 -0.36E-02*  0.14   2.50    LS   YES    0:00:16
        6   4   11    1    -6.14518612   -0.17E-03* -0.16E-01    2  14 1  0.17E-02*  0.14   1.50    LS   YES    0:00:16
        7   4   10    1    -6.14520721   -0.21E-04* -0.70E-02    2  14 1  0.29E-02*  0.14   1.06    QN   YES    0:00:16
        8   4   10    1    -6.14522666   -0.19E-04* -0.49E-02    2  14 1  0.11E-02*  0.14   1.72    LS   YES    0:00:15
        9   4    9    1    -6.14523074   -0.41E-05*  0.18E-02    6  52 1 -0.28E-03*  0.14   1.02    QN   YES    0:00:15
       10   4    9    1    -6.14523163   -0.89E-06*  0.23E-02    2  14 1 -0.13E-03*  0.14   2.27    LS   YES    0:00:15
       11   4    9    1    -6.14523203   -0.39E-06* -0.10E-02    6  52 1  0.28E-03*  0.14   0.99    QN   YES    0:00:15
       12   4    8    1    -6.14523225   -0.22E-06* -0.89E-03    6  52 1  0.85E-04   0.14   1.88    LS   YES    0:00:16
       13   4    8    1    -6.14523231   -0.62E-07* -0.33E-03    6  52 1 -0.81E-04   0.14   0.99    QN   YES    0:00:12
       14   3    7    1    -6.14523235   -0.42E-07* -0.34E-03    6  52 1 -0.42E-04   0.14   2.01    LS   YES    0:00:10
       15   3    7    1    -6.14523237   -0.14E-07* -0.13E-03    4  21 1  0.23E-04   0.14   1.00    QN   YES    0:00:13
       16   3    7    1    -6.14523237   -0.77E-08  -0.15E-03    6  24 1  0.95E-05   0.14   1.98    QN   YES    0:00:13
      Convergence after 16 iterations
 
  Dmat in MO in SXCTL bf call to SXHAM                                                                                    
  mat. size =    12x   12
 
        1.9951387484918548
       -0.0000003407754387      1.9942959597123855
       -0.0007875144801063      0.0000005375989364      1.9875952587346548
       -0.0000004234217287      0.0019576940750086      0.0000009179474977      1.9830511520633987
       -0.0011373733434783     -0.0000005415733942     -0.0014908662699882     -0.0000007666084632      1.9674710148850412
        0.0000008185723517      0.0054212487134033     -0.0000013782290100     -0.0039727969663305      0.0000014579195715
        1.9332124291359150
       -0.0105403246184210      0.0000001144460248     -0.0093916343113715      0.0000007698547439     -0.0086315656902757
       -0.0000011558569712      0.0156171568250685
        0.0000006031070946     -0.0146148349894307     -0.0000019185816503      0.0134925717767377      0.0000023006905676
        0.0532355295932684     -0.0000000728633842      0.0106873009895538
        0.0015253443308288      0.0000004968083875     -0.0009160709514375      0.0000009378624334     -0.0089585280070964
       -0.0000038470249160      0.0041191641020855     -0.0000002316861413      0.0693341542915568
        0.0000013644125385      0.0229041527426340     -0.0000016575729668     -0.0198969855484228      0.0000034979566724
       -0.1018975703999009      0.0000000249935131      0.0017760524931420      0.0000001522965040      0.0365644546004399
       -0.0000000183557073      0.0000000000462152      0.0000000285800542      0.0000000001572601     -0.0000000095355929
       -0.0000000000205792     -0.0000000149561447      0.0000000001065261     -0.0000000223411792      0.0000000000922164
        0.0035161851356292
        0.0000000179355142      0.0000000000913193     -0.0000000279257504      0.0000000002498595      0.0000000093172920
       -0.0000000000389604      0.0000000146137159      0.0000000001490658      0.0000000218296951      0.0000000001208910
        0.0000000000001979      0.0035161851357028
       17   3    7    1    -6.14523238   -0.36E-08  -0.15E-03    6  14 1  0.34E-05   0.14   1.98    QN   YES    0:00:15
 
      ************************************************************************************************************************
                                                      Wave function printout:
                       occupation of active orbitals, and spin coupling of open shells (u,d: Spin up or down)
      ************************************************************************************************************************
 
      Note: transformation to natural orbitals
      has been made, which may change the order of the CSFs.
 
      printout of CI-coefficients larger than  0.05 for root  1
      energy=      -6.145232
      conf/sym  111111111111     Coeff  Weight
             1  222222000000  -0.96725 0.93558
            43  222220002000   0.13023 0.01696
            67  2222ud00ud00   0.06509 0.00424
           169  222202002000   0.05124 0.00263
           484  2222uu00dd00  -0.08163 0.00666
 
      Natural orbitals and occupation numbers for root  1
      sym 1:   1.995301   1.995118   1.987687   1.983332   1.967401   1.939710   0.015170   0.007954   0.069598   0.031699
               0.003516   0.003516
 
      ************************************************************************************************************************
      *                                                                                                                      *
      *                                                    Final results                                                     *
      *                                                                                                                      *
      ************************************************************************************************************************
 
 
++    Wave function specifications:
      -----------------------------
 
      Number of closed shell electrons           0
      Number of electrons in active shells      12
      Max number of holes in RAS1 space          0
      Max nr of electrons in RAS3 space          0
      Number of inactive orbitals                0
      Number of active orbitals                 12
      Number of secondary orbitals              48
      Spin quantum number                      0.0
      State symmetry                             1
--
 
++    Orbital specifications:
      -----------------------
 
      Symmetry species                           1
                                                 a
      Frozen orbitals                            0
      Inactive orbitals                          0
      Active orbitals                           12
      RAS1 orbitals                              0
      RAS2 orbitals                             12
      RAS3 orbitals                              0
      Secondary orbitals                        48
      Deleted orbitals                           0
      Number of basis functions                 60
--
 
++    CI expansion specifications:
      ----------------------------
 
      Number of CSFs                        226512
      Number of determinants                427350
      Number of root(s) required                 1
      CI root used                               1
      highest root included in the CI            1
      Root passed to geometry opt.               1
--
 
++    Final optimization conditions:
      ------------------------------
 
      Average CI energy                              -6.14523238
      RASSCF energy for state  1                     -6.14523238
      Super-CI energy                                -0.00000000
      RASSCF energy change                            0.00000000
      Max change in MO coefficients              -0.627E-03
      Max non-diagonal density matrix element    -0.149E-03
      Maximum BLB matrix element                  0.340E-05
      (orbital pair   6,  14 in symmetry   1)
      Norm of electronic gradient            0.122E-04
--
 
 
      Final state energy(ies):
      ------------------------
 
::    RASSCF root number  1 Total energy:     -6.14523238
 
++    Molecular orbitals:
      -------------------
 
      Pseudonatural active orbitals and approximate occupation numbers
 
 
 
 
      Molecular orbitals for symmetry species 1: a  
 
 
      Orbital                1         2         3         4         5         6         7         8         9        10
      Energy            0.0000    0.0000    0.0000    0.0000    0.0000    0.0000    0.0000    0.0000    0.0000    0.0000
      Occ. No.          1.9953    1.9951    1.9877    1.9833    1.9674    1.9397    0.0152    0.0080    0.0696    0.0317
 
    1 H1     1s         0.1804    0.2469    0.3428   -0.3991    0.3251   -0.4630    0.4490    0.5406   -0.3358   -0.4481
    2 H1     2s         0.0585    0.0770    0.0709   -0.0559    0.0133   -0.1298   -0.0823    0.0790    0.0798    0.0338
    3 H1     2px       -0.0000   -0.0000    0.0000    0.0000   -0.0000    0.0000   -0.0000   -0.0000    0.0000    0.0000
    4 H1     2py        0.0000    0.0000   -0.0000   -0.0000    0.0000   -0.0000    0.0000    0.0000   -0.0000   -0.0000
    5 H1     2pz        0.0181    0.0286    0.0345   -0.0275    0.0078    0.0015   -0.1013   -0.1096    0.0398    0.0702
    6 H2     1s         0.0561    0.0857    0.0788   -0.1152    0.1963   -0.0623   -0.2642   -0.7227   -0.1148    0.1027
    7 H2     2s        -0.1168   -0.1339   -0.1795    0.1634   -0.0006   -0.0369    0.3598    0.0951   -0.2131   -0.2877
    8 H2     2px        0.0000   -0.0000   -0.0000    0.0000    0.0000    0.0000   -0.0000   -0.0000   -0.0000    0.0000
    9 H2     2py       -0.0000    0.0000    0.0000   -0.0000   -0.0000   -0.0000    0.0000    0.0000    0.0000   -0.0000
   10 H2     2pz        0.0025    0.0248    0.0223    0.0080   -0.0378    0.0444   -0.0286    0.0511    0.0849    0.0633
   11 H3     1s         0.2629    0.2984    0.1699   -0.0522   -0.2161    0.4976   -0.5761    0.2712    0.7035    0.7921
   12 H3     2s        -0.0158   -0.0236   -0.0016   -0.0241    0.0110    0.0865   -0.5980   -0.3862    0.1648    0.4335
   13 H3     2px       -0.0000    0.0000    0.0000    0.0000   -0.0000    0.0000   -0.0000    0.0000    0.0000    0.0000
   14 H3     2py        0.0000   -0.0000   -0.0000   -0.0000    0.0000   -0.0000    0.0000   -0.0000   -0.0000   -0.0000
   15 H3     2pz       -0.0104    0.0247    0.0079    0.0293   -0.0412    0.0121    0.1377    0.0926   -0.0269   -0.1039
   16 H4     1s         0.1835    0.2001   -0.1064    0.2615   -0.3540    0.3168    1.4017    0.7089   -0.3615   -1.0365
   17 H4     2s        -0.0624   -0.0801   -0.0342   -0.0090    0.0051    0.1224    0.6689    0.6559   -0.0536   -0.3031
   18 H4     2px        0.0000    0.0000   -0.0000    0.0000    0.0000    0.0000   -0.0000    0.0000   -0.0000    0.0000
   19 H4     2py       -0.0000   -0.0000    0.0000   -0.0000   -0.0000   -0.0000    0.0000   -0.0000    0.0000   -0.0000
   20 H4     2pz       -0.0176    0.0296    0.0055    0.0169    0.0068   -0.0471   -0.1455   -0.1943   -0.0707    0.0257
   21 H5     1s         0.1692    0.1490   -0.1826    0.1346    0.0202   -0.5438   -1.5884   -2.1372   -0.4364    0.3604
   22 H5     2s        -0.0243   -0.0501    0.0659   -0.1530    0.0269   -0.1240   -0.6354   -1.1991    0.0320    0.1508
   23 H5     2px       -0.0000   -0.0000    0.0000   -0.0000   -0.0000    0.0000    0.0000    0.0000    0.0000   -0.0000
   24 H5     2py        0.0000    0.0000   -0.0000    0.0000    0.0000   -0.0000   -0.0000   -0.0000   -0.0000    0.0000
   25 H5     2pz       -0.0150    0.0365    0.0050   -0.0077    0.0411   -0.0242   -0.0151    0.1564    0.0610    0.1231
   26 H6     1s         0.1397    0.0934   -0.2523    0.1829    0.3072   -0.4165    0.7401    3.3059    0.3680    0.3813
   27 H6     2s        -0.0079    0.0072    0.0872    0.0187   -0.0509   -0.0930    0.2924    1.7545   -0.0198   -0.1056
   28 H6     2px        0.0000    0.0000   -0.0000   -0.0000    0.0000    0.0000    0.0000    0.0000    0.0000   -0.0000
   29 H6     2py       -0.0000   -0.0000    0.0000    0.0000   -0.0000   -0.0000   -0.0000   -0.0000   -0.0000    0.0000
   30 H6     2pz       -0.0064    0.0402    0.0039   -0.0269    0.0231    0.0448    0.1042   -0.0601    0.0650   -0.0728
   31 H7     1s         0.1401   -0.0929   -0.2523   -0.1828    0.3072    0.4164    0.7402   -3.3059    0.3681   -0.3813
   32 H7     2s        -0.0078   -0.0072    0.0872   -0.0187   -0.0509    0.0930    0.2924   -1.7545   -0.0198    0.1056
   33 H7     2px        0.0000   -0.0000   -0.0000    0.0000    0.0000   -0.0000    0.0000   -0.0000    0.0000    0.0000
   34 H7     2py       -0.0000    0.0000    0.0000   -0.0000   -0.0000    0.0000   -0.0000    0.0000   -0.0000   -0.0000
   35 H7     2pz        0.0063    0.0403   -0.0039   -0.0269   -0.0231    0.0448   -0.1042   -0.0601   -0.0650   -0.0728
   36 H8     1s         0.1698   -0.1483   -0.1827   -0.1345    0.0202    0.5438   -1.5884    2.1372   -0.4364   -0.3604
   37 H8     2s        -0.0245    0.0500    0.0660    0.1530    0.0270    0.1240   -0.6354    1.1991    0.0319   -0.1508
   38 H8     2px       -0.0000    0.0000    0.0000    0.0000   -0.0000   -0.0000    0.0000   -0.0000    0.0000    0.0000
   39 H8     2py        0.0000   -0.0000   -0.0000   -0.0000    0.0000    0.0000   -0.0000    0.0000   -0.0000   -0.0000
   40 H8     2pz        0.0149    0.0365   -0.0050   -0.0077   -0.0411   -0.0242    0.0151    0.1564   -0.0610    0.1231
   41 H9     1s         0.1843   -0.1993   -0.1064   -0.2614   -0.3541   -0.3168    1.4018   -0.7090   -0.3615    1.0364
   42 H9     2s        -0.0627    0.0799   -0.0342    0.0090    0.0051   -0.1224    0.6690   -0.6560   -0.0536    0.3031
   43 H9     2px        0.0000   -0.0000   -0.0000   -0.0000    0.0000   -0.0000   -0.0000   -0.0000   -0.0000   -0.0000
   44 H9     2py       -0.0000    0.0000    0.0000    0.0000   -0.0000    0.0000    0.0000    0.0000    0.0000    0.0000
   45 H9     2pz        0.0175    0.0296   -0.0055    0.0169   -0.0068   -0.0471    0.1455   -0.1943    0.0707    0.0257
   46 H10    1s         0.2640   -0.2974    0.1700    0.0522   -0.2162   -0.4976   -0.5761   -0.2712    0.7035   -0.7921
   47 H10    2s        -0.0159    0.0236   -0.0016    0.0241    0.0110   -0.0865   -0.5980    0.3862    0.1648   -0.4335
   48 H10    2px       -0.0000   -0.0000    0.0000   -0.0000   -0.0000   -0.0000   -0.0000   -0.0000    0.0000   -0.0000
   49 H10    2py        0.0000    0.0000   -0.0000    0.0000    0.0000    0.0000    0.0000    0.0000   -0.0000    0.0000
   50 H10    2pz        0.0103    0.0247   -0.0079    0.0293    0.0412    0.0121   -0.1377    0.0926    0.0269   -0.1039
   51 H11    1s         0.0565   -0.0855    0.0789    0.1151    0.1963    0.0623   -0.2642    0.7227   -0.1148   -0.1027
   52 H11    2s        -0.1173    0.1334   -0.1796   -0.1633   -0.0006    0.0369    0.3598   -0.0951   -0.2131    0.2877
   53 H11    2px        0.0000    0.0000   -0.0000   -0.0000    0.0000   -0.0000   -0.0000    0.0000   -0.0000   -0.0000
   54 H11    2py       -0.0000   -0.0000    0.0000    0.0000   -0.0000    0.0000    0.0000   -0.0000    0.0000    0.0000
   55 H11    2pz       -0.0026    0.0248   -0.0223    0.0080    0.0378    0.0444    0.0286    0.0511   -0.0849    0.0633
   56 H12    1s         0.1813   -0.2461    0.3430    0.3989    0.3252    0.4630    0.4490   -0.5406   -0.3358    0.4481
   57 H12    2s         0.0588   -0.0768    0.0709    0.0559    0.0133    0.1298   -0.0823   -0.0790    0.0798   -0.0338
   58 H12    2px       -0.0000    0.0000    0.0000   -0.0000   -0.0000   -0.0000   -0.0000    0.0000    0.0000   -0.0000
   59 H12    2py        0.0000   -0.0000   -0.0000    0.0000    0.0000    0.0000    0.0000   -0.0000   -0.0000    0.0000
   60 H12    2pz       -0.0182    0.0285   -0.0345   -0.0275   -0.0078    0.0015    0.1013   -0.1096   -0.0398    0.0702
 
 
      Orbital               11        12        13        14        15        16        17        18        19        20
      Energy            0.0000    0.0000    0.1450    0.2286    0.3095    0.4904    0.5476    0.5476    0.5896    0.5896
      Occ. No.          0.0035    0.0035    0.0000    0.0000    0.0000    0.0000    0.0000    0.0000    0.0000    0.0000
 
    1 H1     1s         0.0000   -0.0000   -0.1772   -0.3195   -1.0081    1.8211   -0.0000    0.0000   -0.0000    0.0000
    2 H1     2s         0.0000   -0.0000    0.0003    0.0243   -1.0813    1.7240   -0.0000    0.0000   -0.0000    0.0000
    3 H1     2px       -0.0010    0.0012    0.0000   -0.0000   -0.0000   -0.0000   -0.1468    0.0077   -0.1249    0.1478
    4 H1     2py        0.0012    0.0010   -0.0000    0.0000    0.0000    0.0000   -0.0077   -0.1468    0.1478    0.1249
    5 H1     2pz       -0.0000    0.0000   -0.0029    0.0490   -0.2133    0.3655   -0.0000    0.0000   -0.0000    0.0000
    6 H2     1s        -0.0000    0.0000   -0.0061    0.3113    1.4159   -2.2444    0.0000   -0.0000    0.0001   -0.0000
    7 H2     2s        -0.0000    0.0000    0.1222    0.4057    0.8896   -1.6952    0.0000   -0.0000    0.0001   -0.0000
    8 H2     2px       -0.0002    0.0003    0.0000   -0.0000   -0.0000   -0.0000   -0.1950    0.0102   -0.1550    0.1834
    9 H2     2py        0.0003    0.0002   -0.0000    0.0000    0.0000    0.0000   -0.0102   -0.1950    0.1834    0.1550
   10 H2     2pz        0.0000   -0.0000   -0.0245    0.0621   -0.2705    0.3952   -0.0000    0.0000   -0.0000    0.0000
   11 H3     1s         0.0000   -0.0000    0.0178    0.0537   -1.8278    2.3366   -0.0000    0.0000   -0.0001    0.0000
   12 H3     2s         0.0000   -0.0000    0.1538    0.2407   -1.3944    1.6452   -0.0000    0.0000   -0.0000    0.0000
   13 H3     2px        0.0050   -0.0061    0.0000   -0.0000   -0.0000   -0.0000   -0.2368    0.0124   -0.1689    0.1998
   14 H3     2py       -0.0061   -0.0050   -0.0000    0.0000    0.0000    0.0000   -0.0124   -0.2368    0.1998    0.1689
   15 H3     2pz        0.0000   -0.0000   -0.0437    0.0750   -0.2187    0.2263   -0.0000    0.0000    0.0000   -0.0000
   16 H4     1s        -0.0000    0.0000   -0.1310   -0.1006    1.7757   -3.1761    0.0000   -0.0000    0.0001   -0.0000
   17 H4     2s        -0.0000    0.0000    0.0819    0.1066    1.2553   -2.4817    0.0000   -0.0000    0.0000   -0.0000
   18 H4     2px        0.0222   -0.0272    0.0000   -0.0000   -0.0000   -0.0000   -0.2192    0.0114   -0.1247    0.1475
   19 H4     2py       -0.0272   -0.0222   -0.0000    0.0000    0.0000    0.0000   -0.0114   -0.2192    0.1475    0.1247
   20 H4     2pz       -0.0000    0.0000   -0.0374    0.1369   -0.2324    0.1494   -0.0000    0.0000    0.0000   -0.0000
   21 H5     1s         0.0000   -0.0000    0.0655    0.3853   -1.0579    2.4525   -0.0000    0.0000   -0.0000    0.0000
   22 H5     2s        -0.0000   -0.0000    0.2270    0.3913   -0.6326    1.5586   -0.0000    0.0000   -0.0000    0.0000
   23 H5     2px        0.0084   -0.0102    0.0000   -0.0000   -0.0000   -0.0000   -0.1556    0.0081   -0.0384    0.0454
   24 H5     2py       -0.0102   -0.0084   -0.0000    0.0000    0.0000    0.0000   -0.0081   -0.1556    0.0454    0.0384
   25 H5     2pz        0.0000   -0.0000   -0.0254    0.1674   -0.1480   -0.0855    0.0000   -0.0000    0.0000   -0.0000
   26 H6     1s         0.0000    0.0000   -0.0606   -0.4912    0.6512   -3.2307    0.0000   -0.0000    0.0000   -0.0000
   27 H6     2s         0.0000   -0.0000    0.1535   -0.2837    0.5965   -2.3322    0.0000   -0.0000    0.0000   -0.0000
   28 H6     2px       -0.3549    0.4334    0.0000   -0.0000   -0.0000   -0.0000   -0.0562    0.0029    0.0543   -0.0642
   29 H6     2py        0.4334    0.3549   -0.0000    0.0000    0.0000    0.0000   -0.0029   -0.0562   -0.0642   -0.0543
   30 H6     2pz       -0.0000    0.0000   -0.0107    0.1978   -0.0516   -0.1688    0.0000   -0.0000    0.0000   -0.0000
   31 H7     1s         0.0000   -0.0000   -0.0606    0.4912    0.6512    3.2307   -0.0000    0.0000    0.0000   -0.0000
   32 H7     2s         0.0000   -0.0000    0.1535    0.2837    0.5965    2.3322   -0.0000    0.0000    0.0000   -0.0000
   33 H7     2px       -0.3545    0.4330    0.0000    0.0000   -0.0000    0.0000    0.0563   -0.0029    0.0542   -0.0642
   34 H7     2py        0.4330    0.3545   -0.0000   -0.0000    0.0000   -0.0000    0.0029    0.0563   -0.0642   -0.0542
   35 H7     2pz        0.0000   -0.0000    0.0107    0.1978    0.0516   -0.1688    0.0000   -0.0000   -0.0000    0.0000
   36 H8     1s         0.0000    0.0000    0.0655   -0.3853   -1.0579   -2.4525    0.0000   -0.0000   -0.0000    0.0000
   37 H8     2s        -0.0000    0.0000    0.2270   -0.3913   -0.6326   -1.5586    0.0000   -0.0000   -0.0000    0.0000
   38 H8     2px        0.0085   -0.0104    0.0000    0.0000   -0.0000    0.0000    0.1557   -0.0081   -0.0383    0.0454
   39 H8     2py       -0.0104   -0.0085   -0.0000   -0.0000    0.0000   -0.0000    0.0081    0.1557    0.0454    0.0383
   40 H8     2pz       -0.0000    0.0000    0.0254    0.1674    0.1480   -0.0855    0.0000   -0.0000   -0.0000    0.0000
   41 H9     1s        -0.0000    0.0000   -0.1310    0.1006    1.7758    3.1761   -0.0000    0.0000    0.0001   -0.0000
   42 H9     2s        -0.0000    0.0000    0.0819   -0.1066    1.2553    2.4817   -0.0000    0.0000    0.0000   -0.0000
   43 H9     2px        0.0222   -0.0271    0.0000    0.0000   -0.0000    0.0000    0.2194   -0.0115   -0.1246    0.1474
   44 H9     2py       -0.0271   -0.0222   -0.0000   -0.0000    0.0000   -0.0000    0.0115    0.2194    0.1474    0.1246
   45 H9     2pz        0.0000   -0.0000    0.0374    0.1369    0.2324    0.1494   -0.0000    0.0000   -0.0000    0.0000
   46 H10    1s         0.0000   -0.0000    0.0178   -0.0537   -1.8279   -2.3367    0.0000   -0.0000   -0.0001    0.0000
   47 H10    2s         0.0000   -0.0000    0.1538   -0.2407   -1.3944   -1.6453    0.0000   -0.0000   -0.0000    0.0000
   48 H10    2px        0.0050   -0.0061    0.0000    0.0000   -0.0000    0.0000    0.2369   -0.0124   -0.1688    0.1997
   49 H10    2py       -0.0061   -0.0050   -0.0000   -0.0000    0.0000   -0.0000    0.0124    0.2369    0.1997    0.1688
   50 H10    2pz       -0.0000    0.0000    0.0437    0.0750    0.2187    0.2263   -0.0000    0.0000   -0.0000    0.0000
   51 H11    1s        -0.0000    0.0000   -0.0061   -0.3113    1.4159    2.2444   -0.0000    0.0000    0.0001   -0.0000
   52 H11    2s        -0.0000    0.0000    0.1222   -0.4057    0.8896    1.6952   -0.0000    0.0000    0.0001   -0.0000
   53 H11    2px       -0.0002    0.0003    0.0000    0.0000   -0.0000    0.0000    0.1951   -0.0102   -0.1549    0.1833
   54 H11    2py        0.0003    0.0002   -0.0000   -0.0000    0.0000   -0.0000    0.0102    0.1951    0.1833    0.1549
   55 H11    2pz       -0.0000    0.0000    0.0245    0.0621    0.2705    0.3952   -0.0000    0.0000    0.0000   -0.0000
   56 H12    1s         0.0000   -0.0000   -0.1772    0.3195   -1.0081   -1.8212    0.0000   -0.0000   -0.0000    0.0000
   57 H12    2s         0.0000   -0.0000    0.0003   -0.0243   -1.0813   -1.7240    0.0000   -0.0000   -0.0000    0.0000
   58 H12    2px       -0.0010    0.0012    0.0000    0.0000   -0.0000    0.0000    0.1469   -0.0077   -0.1248    0.1477
   59 H12    2py        0.0012    0.0010   -0.0000   -0.0000    0.0000   -0.0000    0.0077    0.1469    0.1477    0.1248
   60 H12    2pz        0.0000   -0.0000    0.0029    0.0490    0.2133    0.3655   -0.0000    0.0000    0.0000   -0.0000
 
 
      Orbital               21        22        23        24        25        26        27        28        29        30
      Energy            0.6232    0.8551    0.8551    0.9058    0.9951    0.9951    1.1201    1.3550    1.3550    1.4467
      Occ. No.          0.0000    0.0000    0.0000    0.0000    0.0000    0.0000    0.0000    0.0000    0.0000    0.0000
 
    1 H1     1s        -3.3741   -0.0000    0.0000    3.8521    0.0000   -0.0000   -3.3711    0.0000   -0.0000   -3.2740
    2 H1     2s        -2.6168   -0.0000    0.0000    2.8953    0.0000   -0.0000   -2.2828    0.0000   -0.0000   -2.2177
    3 H1     2px        0.0000   -0.3409    0.0022   -0.0000   -0.2570    0.3429   -0.0000   -0.5092    0.0046   -0.0000
    4 H1     2py       -0.0000   -0.0022   -0.3409    0.0000    0.3429    0.2570    0.0000   -0.0046   -0.5092    0.0000
    5 H1     2pz       -0.3322   -0.0000    0.0000    0.3392   -0.0000    0.0000   -0.0078   -0.0000    0.0000    0.0615
    6 H2     1s         5.6346    0.0000   -0.0000   -7.4946   -0.0000    0.0000    9.1587   -0.0000    0.0000   10.6122
    7 H2     2s         4.3902    0.0000   -0.0000   -5.9544   -0.0000    0.0000    7.0047   -0.0000    0.0000    8.0493
    8 H2     2px        0.0000   -0.2415    0.0015   -0.0000   -0.1149    0.1533   -0.0000    0.0831   -0.0007    0.0000
    9 H2     2py       -0.0000   -0.0015   -0.2415    0.0000    0.1533    0.1149    0.0000    0.0007    0.0831   -0.0000
   10 H2     2pz       -0.2500    0.0000   -0.0000    0.0959   -0.0000    0.0000    0.2682   -0.0000    0.0000    0.3906
   11 H3     1s        -4.5457   -0.0000    0.0000    5.6296    0.0000   -0.0000   -8.9123    0.0000   -0.0000  -12.8019
   12 H3     2s        -3.0250   -0.0000    0.0000    3.9745    0.0000   -0.0000   -6.5596    0.0000   -0.0000   -9.7264
   13 H3     2px        0.0000   -0.0236    0.0002    0.0000    0.0954   -0.1272    0.0000    0.4561   -0.0041    0.0000
   14 H3     2py       -0.0000   -0.0002   -0.0236   -0.0000   -0.1272   -0.0954   -0.0000    0.0041    0.4561   -0.0000
   15 H3     2pz        0.0869    0.0000   -0.0000   -0.3250   -0.0000    0.0000    0.4446   -0.0000    0.0000    0.3479
   16 H4     1s         4.7582    0.0000   -0.0000   -5.1718   -0.0000    0.0000    4.6889   -0.0000    0.0000    6.8020
   17 H4     2s         3.5101    0.0000   -0.0000   -3.5313   -0.0000    0.0000    2.8860   -0.0000    0.0000    4.6037
   18 H4     2px        0.0000    0.2351   -0.0015    0.0000    0.2240   -0.2988    0.0000    0.1336   -0.0012   -0.0000
   19 H4     2py       -0.0000    0.0015    0.2351   -0.0000   -0.2988   -0.2240   -0.0000    0.0012    0.1336    0.0000
   20 H4     2pz        0.1800    0.0000   -0.0000   -0.2101    0.0000   -0.0000   -0.0317    0.0000   -0.0000   -0.3712
   21 H5     1s        -3.1567   -0.0000    0.0000    6.7184    0.0000   -0.0000   -5.0468    0.0000   -0.0000   -5.1290
   22 H5     2s        -2.3292   -0.0000    0.0000    5.1937    0.0000   -0.0000   -3.6625   -0.0000    0.0000   -3.1879
   23 H5     2px       -0.0000    0.3066   -0.0020    0.0000    0.1109   -0.1479   -0.0000   -0.4139    0.0037   -0.0000
   24 H5     2py        0.0000    0.0020    0.3066   -0.0000   -0.1479   -0.1109    0.0000   -0.0037   -0.4139    0.0000
   25 H5     2pz        0.2586    0.0000   -0.0000   -0.0265    0.0000   -0.0000   -0.3174    0.0000   -0.0000   -0.1694
   26 H6     1s         0.4294    0.0000   -0.0000   -4.6063   -0.0000    0.0000    3.2590   -0.0000    0.0000   10.1933
   27 H6     2s         0.0159    0.0000   -0.0000   -3.0634   -0.0000    0.0000    2.7012   -0.0000    0.0000    7.6110
   28 H6     2px       -0.0000    0.1392   -0.0009    0.0000   -0.1054    0.1406   -0.0000   -0.2965    0.0027   -0.0000
   29 H6     2py        0.0000    0.0009    0.1392   -0.0000    0.1406    0.1054    0.0000   -0.0027   -0.2965    0.0000
   30 H6     2pz        0.1003   -0.0000    0.0000    0.2897   -0.0000    0.0000   -0.2045   -0.0000    0.0000    0.3269
   31 H7     1s         0.4294   -0.0000    0.0000    4.6063   -0.0000    0.0000    3.2590    0.0000   -0.0000  -10.1933
   32 H7     2s         0.0158   -0.0000    0.0000    3.0634   -0.0000    0.0000    2.7012    0.0000   -0.0000   -7.6110
   33 H7     2px       -0.0000   -0.1393    0.0009   -0.0000   -0.1054    0.1406   -0.0000    0.2966   -0.0027    0.0000
   34 H7     2py        0.0000   -0.0009   -0.1393    0.0000    0.1406    0.1054    0.0000    0.0027    0.2966   -0.0000
   35 H7     2pz       -0.1003   -0.0000    0.0000    0.2897    0.0000    0.0000    0.2045   -0.0000    0.0000    0.3269
   36 H8     1s        -3.1567    0.0000   -0.0000   -6.7184    0.0000   -0.0000   -5.0468   -0.0000    0.0000    5.1291
   37 H8     2s        -2.3292    0.0000   -0.0000   -5.1937    0.0000   -0.0000   -3.6625    0.0000   -0.0000    3.1879
   38 H8     2px       -0.0000   -0.3068    0.0020   -0.0000    0.1108   -0.1478   -0.0000    0.4140   -0.0037    0.0000
   39 H8     2py        0.0000   -0.0020   -0.3068    0.0000   -0.1478   -0.1108    0.0000    0.0037    0.4140   -0.0000
   40 H8     2pz       -0.2586    0.0000   -0.0000   -0.0265   -0.0000    0.0000    0.3174    0.0000   -0.0000   -0.1694
   41 H9     1s         4.7582   -0.0000    0.0000    5.1718   -0.0000    0.0000    4.6889    0.0000   -0.0000   -6.8021
   42 H9     2s         3.5101   -0.0000    0.0000    3.5314   -0.0000    0.0000    2.8860    0.0000   -0.0000   -4.6037
   43 H9     2px        0.0000   -0.2352    0.0015   -0.0000    0.2239   -0.2987    0.0000   -0.1337    0.0012    0.0000
   44 H9     2py       -0.0000   -0.0015   -0.2352    0.0000   -0.2987   -0.2239   -0.0000   -0.0012   -0.1337   -0.0000
   45 H9     2pz       -0.1800    0.0000   -0.0000   -0.2101   -0.0000    0.0000    0.0317    0.0000   -0.0000   -0.3712
   46 H10    1s        -4.5457    0.0000   -0.0000   -5.6296    0.0000   -0.0000   -8.9123   -0.0000    0.0000   12.8019
   47 H10    2s        -3.0251    0.0000   -0.0000   -3.9745    0.0000   -0.0000   -6.5596   -0.0000    0.0000    9.7264
   48 H10    2px        0.0000    0.0236   -0.0002   -0.0000    0.0953   -0.1272    0.0000   -0.4563    0.0041   -0.0000
   49 H10    2py       -0.0000    0.0002    0.0236    0.0000   -0.1272   -0.0953   -0.0000   -0.0041   -0.4563    0.0000
   50 H10    2pz       -0.0869    0.0000   -0.0000   -0.3250    0.0000   -0.0000   -0.4446   -0.0000    0.0000    0.3479
   51 H11    1s         5.6346   -0.0000    0.0000    7.4946   -0.0000    0.0000    9.1587    0.0000   -0.0000  -10.6122
   52 H11    2s         4.3902   -0.0000    0.0000    5.9544   -0.0000    0.0000    7.0047    0.0000   -0.0000   -8.0493
   53 H11    2px        0.0000    0.2416   -0.0015    0.0000   -0.1148    0.1532   -0.0000   -0.0831    0.0007   -0.0000
   54 H11    2py       -0.0000    0.0015    0.2416   -0.0000    0.1532    0.1148    0.0000   -0.0007   -0.0831    0.0000
   55 H11    2pz        0.2500    0.0000   -0.0000    0.0959    0.0000   -0.0000   -0.2682   -0.0000    0.0000    0.3906
   56 H12    1s        -3.3741    0.0000   -0.0000   -3.8521    0.0000   -0.0000   -3.3711   -0.0000    0.0000    3.2740
   57 H12    2s        -2.6168    0.0000   -0.0000   -2.8953    0.0000   -0.0000   -2.2828   -0.0000    0.0000    2.2177
   58 H12    2px        0.0000    0.3411   -0.0022    0.0000   -0.2569    0.3427   -0.0000    0.5094   -0.0046    0.0000
   59 H12    2py       -0.0000    0.0022    0.3411   -0.0000    0.3427    0.2569    0.0000    0.0046    0.5094   -0.0000
   60 H12    2pz        0.3322   -0.0000    0.0000    0.3392    0.0000   -0.0000    0.0078   -0.0000    0.0000    0.0615
 
 
      Orbital               31        32        33        34        35        36        37        38        39        40
      Energy            1.5534    1.6426    1.6426    1.9342    1.9550    2.0853    2.0853    2.3848    2.5434    2.5434
      Occ. No.          0.0000    0.0000    0.0000    0.0000    0.0000    0.0000    0.0000    0.0000    0.0000    0.0000
 
    1 H1     1s        -0.0586    0.0000    0.0000    0.7244   -3.3016    0.0000   -0.0000    3.7200    0.0000   -0.0000
    2 H1     2s        -0.2637    0.0000    0.0000    0.5520   -2.3581    0.0000   -0.0000    2.5191    0.0000   -0.0000
    3 H1     2px        0.0000    0.4097   -0.4131    0.0000   -0.0000   -0.5944    0.0062    0.0000   -0.2898    0.5194
    4 H1     2py       -0.0000    0.4131    0.4097    0.0000    0.0000   -0.0062   -0.5944    0.0000    0.5194    0.2898
    5 H1     2pz       -0.5983   -0.0000   -0.0000    0.7447   -0.4003    0.0000   -0.0000    0.4361    0.0000   -0.0000
    6 H2     1s        -4.5470   -0.0000   -0.0001    3.0721    8.9604   -0.0000    0.0000  -11.9846   -0.0000    0.0000
    7 H2     2s        -2.9186   -0.0000   -0.0001    1.9403    7.0592   -0.0000    0.0000   -8.9890   -0.0000    0.0000
    8 H2     2px       -0.0000   -0.2426    0.2446   -0.0000    0.0000    0.6856   -0.0072   -0.0000    0.4669   -0.8367
    9 H2     2py        0.0000   -0.2446   -0.2426   -0.0000   -0.0000    0.0072    0.6856   -0.0000   -0.8367   -0.4669
   10 H2     2pz       -0.3698   -0.0000   -0.0000    0.2478    0.2368    0.0000   -0.0000   -0.3585    0.0000   -0.0000
   11 H3     1s        12.0838    0.0000    0.0003  -12.8709   -8.4374    0.0000   -0.0000   17.3101   -0.0000    0.0000
   12 H3     2s         8.6370    0.0000    0.0002   -9.0849   -7.0179    0.0000   -0.0000   13.4735   -0.0000    0.0000
   13 H3     2px       -0.0000   -0.3416    0.3445   -0.0000    0.0000    0.1266   -0.0013    0.0000   -0.2174    0.3897
   14 H3     2py        0.0000   -0.3445   -0.3416   -0.0000   -0.0000    0.0013    0.1266    0.0000    0.3897    0.2174
   15 H3     2pz        0.0268   -0.0000   -0.0000    0.0331    0.1093   -0.0000    0.0000    0.2621    0.0000   -0.0000
   16 H4     1s       -12.1846   -0.0000   -0.0003   19.9559   -1.4813   -0.0000    0.0000  -10.8152    0.0001   -0.0000
   17 H4     2s        -8.8368   -0.0000   -0.0002   14.5733   -0.8112   -0.0000    0.0000   -8.6583    0.0000   -0.0000
   18 H4     2px        0.0000    0.2191   -0.2209    0.0000   -0.0000   -0.7272    0.0076    0.0000   -0.2422    0.4340
   19 H4     2py       -0.0000    0.2209    0.2191    0.0000    0.0000   -0.0076   -0.7272    0.0000    0.4340    0.2422
   20 H4     2pz        0.0958    0.0000    0.0000    0.0645   -0.5761    0.0000   -0.0000    0.3476   -0.0000    0.0000
   21 H5     1s         5.2683    0.0000    0.0001  -18.7754   10.0842    0.0000   -0.0000   -6.2361   -0.0001    0.0000
   22 H5     2s         3.2911    0.0000    0.0001  -13.3231    7.6880    0.0000   -0.0000   -4.2677   -0.0000    0.0000
   23 H5     2px        0.0000    0.3381   -0.3410   -0.0000   -0.0000    0.2625   -0.0027   -0.0000    0.4502   -0.8068
   24 H5     2py       -0.0000    0.3410    0.3381    0.0000    0.0000    0.0027    0.2625   -0.0000   -0.8068   -0.4502
   25 H5     2pz       -0.2227   -0.0000   -0.0000    0.4136    0.2350    0.0000   -0.0000   -0.5135    0.0000   -0.0000
   26 H6     1s        -0.4635   -0.0000   -0.0000   13.6264   -5.8910   -0.0000    0.0000   20.8084    0.0000   -0.0000
   27 H6     2s        -0.0322   -0.0000    0.0000    9.1464   -4.5781   -0.0000    0.0000   15.4551    0.0000   -0.0000
   28 H6     2px       -0.0000   -0.2109    0.2126   -0.0000    0.0000    0.5840   -0.0061    0.0000   -0.1971    0.3532
   29 H6     2py        0.0000   -0.2126   -0.2109   -0.0000   -0.0000    0.0061    0.5840   -0.0000    0.3532    0.1971
   30 H6     2pz       -0.2834   -0.0000   -0.0000   -0.1391    0.2633   -0.0000    0.0000    0.2651   -0.0000    0.0000
   31 H7     1s        -0.4634    0.0000   -0.0000  -13.6263   -5.8910    0.0000   -0.0000  -20.8084    0.0000   -0.0000
   32 H7     2s        -0.0321    0.0000    0.0000   -9.1464   -4.5780    0.0000   -0.0000  -15.4551    0.0000   -0.0000
   33 H7     2px       -0.0000   -0.2109    0.2126   -0.0000    0.0000   -0.5842    0.0061   -0.0000   -0.1971    0.3533
   34 H7     2py        0.0000   -0.2126   -0.2109   -0.0000   -0.0000   -0.0061   -0.5842    0.0000    0.3533    0.1971
   35 H7     2pz        0.2834    0.0000    0.0000   -0.1391   -0.2633   -0.0000    0.0000    0.2651    0.0000   -0.0000
   36 H8     1s         5.2682    0.0000    0.0001   18.7753   10.0843   -0.0000    0.0000    6.2361   -0.0001    0.0000
   37 H8     2s         3.2911    0.0000    0.0001   13.3230    7.6880   -0.0000    0.0000    4.2678   -0.0000    0.0000
   38 H8     2px        0.0000    0.3380   -0.3409    0.0000   -0.0000   -0.2625    0.0028   -0.0000    0.4502   -0.8068
   39 H8     2py       -0.0000    0.3409    0.3380   -0.0000    0.0000   -0.0028   -0.2625    0.0000   -0.8068   -0.4502
   40 H8     2pz        0.2227    0.0000    0.0000    0.4136   -0.2350    0.0000   -0.0000   -0.5135   -0.0000    0.0000
   41 H9     1s       -12.1846   -0.0000   -0.0003  -19.9558   -1.4815    0.0000   -0.0000   10.8152    0.0001   -0.0000
   42 H9     2s        -8.8368   -0.0000   -0.0002  -14.5733   -0.8113    0.0000   -0.0000    8.6583    0.0000   -0.0000
   43 H9     2px        0.0000    0.2190   -0.2209    0.0000   -0.0000    0.7273   -0.0076    0.0000   -0.2422    0.4340
   44 H9     2py       -0.0000    0.2209    0.2190    0.0000    0.0000    0.0076    0.7273    0.0000    0.4340    0.2422
   45 H9     2pz       -0.0958   -0.0000   -0.0000    0.0645    0.5761    0.0000   -0.0000    0.3476    0.0000   -0.0000
   46 H10    1s        12.0838    0.0000    0.0003   12.8710   -8.4373   -0.0000    0.0000  -17.3101   -0.0000    0.0000
   47 H10    2s         8.6369    0.0000    0.0002    9.0849   -7.0178   -0.0000    0.0000  -13.4735   -0.0000    0.0000
   48 H10    2px       -0.0000   -0.3415    0.3444   -0.0000    0.0000   -0.1266    0.0013    0.0000   -0.2174    0.3896
   49 H10    2py        0.0000   -0.3444   -0.3415   -0.0000   -0.0000   -0.0013   -0.1266    0.0000    0.3896    0.2174
   50 H10    2pz       -0.0268    0.0000    0.0000    0.0331   -0.1093   -0.0000    0.0000    0.2621   -0.0000    0.0000
   51 H11    1s        -4.5469   -0.0000   -0.0001   -3.0721    8.9603    0.0000   -0.0000   11.9846   -0.0000    0.0000
   52 H11    2s        -2.9185   -0.0000   -0.0001   -1.9403    7.0592    0.0000   -0.0000    8.9890   -0.0000    0.0000
   53 H11    2px       -0.0000   -0.2425    0.2445   -0.0000    0.0000   -0.6857    0.0072   -0.0000    0.4669   -0.8366
   54 H11    2py        0.0000   -0.2445   -0.2425   -0.0000   -0.0000   -0.0072   -0.6857   -0.0000   -0.8366   -0.4669
   55 H11    2pz        0.3698    0.0000    0.0000    0.2478   -0.2368    0.0000   -0.0000   -0.3585   -0.0000    0.0000
   56 H12    1s        -0.0586    0.0000    0.0000   -0.7244   -3.3016   -0.0000    0.0000   -3.7200    0.0000   -0.0000
   57 H12    2s        -0.2637    0.0000    0.0000   -0.5520   -2.3581   -0.0000    0.0000   -2.5191    0.0000   -0.0000
   58 H12    2px        0.0000    0.4096   -0.4130    0.0000   -0.0000    0.5945   -0.0062    0.0000   -0.2898    0.5194
   59 H12    2py       -0.0000    0.4130    0.4096    0.0000    0.0000    0.0062    0.5945    0.0000    0.5194    0.2898
   60 H12    2pz        0.5983    0.0000    0.0000    0.7447    0.4003    0.0000   -0.0000    0.4361   -0.0000    0.0000
 
 
      Orbital               41        42        43        44        45        46        47        48        49        50
      Energy            2.6261    2.9493    3.0070    3.1230    3.1230    3.6475    3.7530    3.7530    3.9305    4.2629
      Occ. No.          0.0000    0.0000    0.0000    0.0000    0.0000    0.0000    0.0000    0.0000    0.0000    0.0000
 
    1 H1     1s        -2.9863    4.0683   -4.1630    0.0000   -0.0000   -2.8605    0.0000   -0.0000    2.3555    3.2988
    2 H1     2s        -1.5977    2.0968   -2.7212    0.0000   -0.0000   -1.0592   -0.0000    0.0000    1.7276    1.1203
    3 H1     2px       -0.0000    0.0000    0.0000   -0.5356    0.0008   -0.0000    0.1826    0.3884    0.0000   -0.0000
    4 H1     2py        0.0000   -0.0000   -0.0000   -0.0008   -0.5356    0.0000    0.3884   -0.1826    0.0000    0.0000
    5 H1     2pz       -1.1103    1.2345   -0.4328    0.0000   -0.0000   -0.9813    0.0000   -0.0000   -0.0008    1.0142
    6 H2     1s         5.3376   -9.5154   15.6207   -0.0000    0.0000    4.7992    0.0000   -0.0000  -11.7518   -5.3103
    7 H2     2s         3.3631   -5.9815   11.3440   -0.0000    0.0000    2.2233    0.0000   -0.0000   -8.7200   -2.5009
    8 H2     2px        0.0000   -0.0000   -0.0000    1.0903   -0.0017    0.0000   -0.4294   -0.9135   -0.0000    0.0000
    9 H2     2py       -0.0000    0.0000    0.0000    0.0017    1.0903   -0.0000   -0.9135    0.4294   -0.0000   -0.0000
   10 H2     2pz       -0.0672    0.0884    0.3898   -0.0000    0.0000   -0.5308    0.0000   -0.0000   -0.4584    0.9507
   11 H3     1s        -4.2315   13.7201  -30.3265    0.0000   -0.0000   -4.2837   -0.0000    0.0000   28.5989    4.2539
   12 H3     2s        -2.8862    9.4360  -22.6743    0.0000   -0.0000   -2.2020   -0.0000    0.0000   21.2551    2.7085
   13 H3     2px       -0.0000    0.0000    0.0000   -1.0827    0.0017   -0.0000    0.5858    1.2462    0.0000   -0.0000
   14 H3     2py        0.0000   -0.0000   -0.0000   -0.0017   -1.0827    0.0000    1.2462   -0.5858    0.0000    0.0000
   15 H3     2pz       -0.5787    0.6400   -0.5119    0.0000   -0.0000   -0.0483    0.0000   -0.0000    0.4831   -0.3613
   16 H4     1s         2.0242  -17.4504   38.5492   -0.0000    0.0000    3.5222    0.0000   -0.0000  -48.1464   -2.7381
   17 H4     2s         1.0280  -11.8847   28.9196   -0.0000    0.0000    1.5570    0.0000   -0.0000  -35.8135   -2.0513
   18 H4     2px       -0.0000   -0.0000   -0.0000    0.4512   -0.0007    0.0000   -0.5870   -1.2488   -0.0000    0.0000
   19 H4     2py        0.0000    0.0000    0.0000    0.0007    0.4512   -0.0000   -1.2488    0.5870   -0.0000   -0.0000
   20 H4     2pz        0.1090   -0.0101    0.0206   -0.0000    0.0000   -0.6847    0.0000   -0.0000   -0.5438    1.0634
   21 H5     1s         0.2059   19.2359  -32.4667    0.0000   -0.0000   -1.8243   -0.0000    0.0000   65.0276    0.0928
   22 H5     2s         0.3646   13.3386  -24.4550    0.0000   -0.0000   -0.8125   -0.0000    0.0000   48.3274    1.0447
   23 H5     2px        0.0000   -0.0000   -0.0000    0.4433   -0.0007   -0.0000    0.4276    0.9095    0.0000   -0.0000
   24 H5     2py       -0.0000    0.0000    0.0000    0.0007    0.4433    0.0000    0.9095   -0.4276    0.0000    0.0000
   25 H5     2pz       -0.4516    0.2321    0.3681    0.0000   -0.0000    0.5118   -0.0000    0.0000    0.3426   -0.5694
   26 H6     1s        -0.2655  -20.2689   12.7364   -0.0000    0.0000    0.7002    0.0000   -0.0000  -74.7082    1.2922
   27 H6     2s        -0.3761  -14.0042    9.5794   -0.0000    0.0000    0.2229    0.0000   -0.0000  -55.5011   -0.3598
   28 H6     2px       -0.0000    0.0000    0.0000   -1.0762    0.0017   -0.0000   -0.1491   -0.3171   -0.0000    0.0000
   29 H6     2py        0.0000    0.0000   -0.0000   -0.0017   -1.0762    0.0000   -0.3171    0.1491   -0.0000   -0.0000
   30 H6     2pz        0.3994    0.0299   -0.7099    0.0000   -0.0000   -0.7186    0.0000   -0.0000   -0.1607    0.2986
   31 H7     1s        -0.2656   20.2688   12.7365    0.0000   -0.0000    0.7002    0.0000   -0.0000   74.7081   -1.2922
   32 H7     2s        -0.3761   14.0041    9.5795    0.0000   -0.0000    0.2229    0.0000   -0.0000   55.5011    0.3598
   33 H7     2px       -0.0000    0.0000    0.0000    1.0763   -0.0017   -0.0000   -0.1491   -0.3171   -0.0000   -0.0000
   34 H7     2py        0.0000    0.0000   -0.0000    0.0017    1.0763    0.0000   -0.3171    0.1491   -0.0000    0.0000
   35 H7     2pz       -0.3994    0.0299    0.7099   -0.0000    0.0000    0.7186   -0.0000    0.0000   -0.1607    0.2986
   36 H8     1s         0.2059  -19.2356  -32.4668    0.0000   -0.0000   -1.8242   -0.0000    0.0000  -65.0275   -0.0929
   37 H8     2s         0.3647  -13.3384  -24.4550    0.0000   -0.0000   -0.8125   -0.0000    0.0000  -48.3274   -1.0447
   38 H8     2px        0.0000    0.0000   -0.0000   -0.4433    0.0007   -0.0000    0.4276    0.9095    0.0000    0.0000
   39 H8     2py       -0.0000   -0.0000    0.0000   -0.0007   -0.4433    0.0000    0.9095   -0.4276    0.0000   -0.0000
   40 H8     2pz        0.4516    0.2321   -0.3681    0.0000   -0.0000   -0.5118    0.0000   -0.0000    0.3426   -0.5694
   41 H9     1s         2.0242   17.4502   38.5493   -0.0000    0.0000    3.5221    0.0000   -0.0000   48.1464    2.7381
   42 H9     2s         1.0279   11.8845   28.9197   -0.0000    0.0000    1.5570    0.0000   -0.0000   35.8135    2.0513
   43 H9     2px       -0.0000    0.0000   -0.0000   -0.4512    0.0007    0.0000   -0.5870   -1.2488   -0.0000   -0.0000
   44 H9     2py        0.0000   -0.0000    0.0000   -0.0007   -0.4512   -0.0000   -1.2488    0.5870   -0.0000    0.0000
   45 H9     2pz       -0.1090   -0.0101   -0.0206   -0.0000    0.0000    0.6846   -0.0000    0.0000   -0.5438    1.0634
   46 H10    1s        -4.2314  -13.7199  -30.3266    0.0000   -0.0000   -4.2836   -0.0000    0.0000  -28.5990   -4.2539
   47 H10    2s        -2.8861   -9.4358  -22.6744    0.0000   -0.0000   -2.2020   -0.0000    0.0000  -21.2551   -2.7085
   48 H10    2px       -0.0000   -0.0000    0.0000    1.0827   -0.0017   -0.0000    0.5858    1.2462    0.0000    0.0000
   49 H10    2py        0.0000    0.0000   -0.0000    0.0017    1.0827    0.0000    1.2462   -0.5858    0.0000   -0.0000
   50 H10    2pz        0.5787    0.6400    0.5119    0.0000   -0.0000    0.0483   -0.0000    0.0000    0.4831   -0.3613
   51 H11    1s         5.3376    9.5153   15.6208    0.0000   -0.0000    4.7992    0.0000   -0.0000   11.7518    5.3103
   52 H11    2s         3.3631    5.9815   11.3440   -0.0000    0.0000    2.2233    0.0000   -0.0000    8.7200    2.5009
   53 H11    2px        0.0000    0.0000   -0.0000   -1.0903    0.0017    0.0000   -0.4294   -0.9135   -0.0000   -0.0000
   54 H11    2py       -0.0000   -0.0000    0.0000   -0.0017   -1.0903   -0.0000   -0.9135    0.4294   -0.0000    0.0000
   55 H11    2pz        0.0672    0.0884   -0.3898    0.0000    0.0000    0.5308   -0.0000    0.0000   -0.4584    0.9507
   56 H12    1s        -2.9863   -4.0683   -4.1630   -0.0000    0.0000   -2.8605    0.0000   -0.0000   -2.3555   -3.2988
   57 H12    2s        -1.5977   -2.0968   -2.7213   -0.0000    0.0000   -1.0592   -0.0000    0.0000   -1.7276   -1.1203
   58 H12    2px       -0.0000   -0.0000    0.0000    0.5356   -0.0008   -0.0000    0.1826    0.3884    0.0000    0.0000
   59 H12    2py        0.0000    0.0000   -0.0000    0.0008    0.5356    0.0000    0.3884   -0.1826    0.0000   -0.0000
   60 H12    2pz        1.1103    1.2345    0.4328    0.0000   -0.0000    0.9813   -0.0000    0.0000   -0.0008    1.0142
 
 
      Orbital               51        52        53        54        55        56        57        58        59        60
      Energy            4.3314    4.3314    4.9166    5.6023    6.2612    6.9126    7.4494    7.9376    8.0620    9.2415
      Occ. No.          0.0000    0.0000    0.0000    0.0000    0.0000    0.0000    0.0000    0.0000    0.0000    0.0000
 
    1 H1     1s        -0.0000    0.0000   -2.9161    2.6037    2.1949    1.7248   -0.9852    0.1703    0.3878    0.7686
    2 H1     2s        -0.0000    0.0000   -0.6265    0.3022   -0.0453   -0.2420    0.6104   -0.6076    0.5697   -0.4120
    3 H1     2px       -0.2446   -0.0127    0.0000    0.0000    0.0000   -0.0000   -0.0000    0.0000   -0.0000    0.0000
    4 H1     2py        0.0127   -0.2446   -0.0000   -0.0000   -0.0000    0.0000    0.0000   -0.0000    0.0000   -0.0000
    5 H1     2pz       -0.0000    0.0000   -0.9672    0.8813    0.7479    0.5886   -0.3444    0.1109    0.1233    0.2071
    6 H2     1s         0.0000   -0.0000    2.0769    0.1336    2.4659    3.7209   -5.2624    4.1405   -2.4316    3.1141
    7 H2     2s         0.0000   -0.0000    0.3821    0.7300    1.5138    1.7398   -1.8675    1.5049   -0.4326    0.4730
    8 H2     2px        0.6242    0.0324   -0.0000   -0.0000   -0.0000    0.0000    0.0000   -0.0000   -0.0000    0.0000
    9 H2     2py       -0.0324    0.6242    0.0000    0.0000    0.0000   -0.0000   -0.0000    0.0000    0.0000   -0.0000
   10 H2     2pz       -0.0000    0.0000   -1.6143    2.1373    2.6654    2.7461   -2.7350    1.6661   -0.6830    1.8176
   11 H3     1s        -0.0000    0.0000    2.8077   -5.9567   -6.5773   -5.1110    1.3573    0.2784   -3.4086    2.7668
   12 H3     2s        -0.0000    0.0000    1.4915   -2.6235   -2.4843   -1.5498    0.4966   -0.1237   -0.6446    0.4694
   13 H3     2px       -0.9949   -0.0516    0.0000    0.0000    0.0000   -0.0000   -0.0000    0.0000    0.0000   -0.0000
   14 H3     2py        0.0516   -0.9949   -0.0000   -0.0000   -0.0000    0.0000    0.0000   -0.0000   -0.0000    0.0000
   15 H3     2pz        0.0000   -0.0000    0.5320   -0.2809    0.9131    2.0242   -3.9942    3.1798   -2.7213    3.7633
   16 H4     1s         0.0000   -0.0000   -5.9804    5.2879    0.7469   -4.2884    5.2744   -3.0611   -1.6643    0.6450
   17 H4     2s         0.0000   -0.0000   -3.1632    2.4141    0.4054   -1.1959    1.1599   -0.1941   -0.3868   -0.5014
   18 H4     2px        1.3007    0.0675   -0.0000   -0.0000    0.0000    0.0000   -0.0000   -0.0000    0.0000    0.0000
   19 H4     2py       -0.0675    1.3007    0.0000    0.0000   -0.0000   -0.0000    0.0000    0.0000   -0.0000   -0.0000
   20 H4     2pz       -0.0000    0.0000   -0.8516   -0.3020   -1.0348   -1.2470   -1.7057    2.2418   -4.5719    5.0924
   21 H5     1s        -0.0000    0.0000    6.6367   -0.2049    4.9424    3.7250    2.7039   -6.0564    1.9489    1.2983
   22 H5     2s        -0.0000    0.0000    3.2272    0.0943    1.9760    1.3574    0.5309   -1.3421    0.1204    0.4973
   23 H5     2px       -1.5170   -0.0787    0.0000   -0.0000    0.0000   -0.0000   -0.0000    0.0000    0.0000   -0.0000
   24 H5     2py        0.0787   -1.5170   -0.0000   -0.0000   -0.0000    0.0000    0.0000   -0.0000   -0.0000    0.0000
   25 H5     2pz        0.0000   -0.0000   -0.5114    1.3924    0.9727   -1.5214    1.2371   -1.0908   -4.4614    5.7673
   26 H6     1s         0.0000   -0.0000   -2.5819   -5.8167   -3.8114    3.2617   -3.0539   -2.4446    5.1949   -0.6494
   27 H6     2s         0.0000   -0.0000   -1.3737   -2.6533   -1.3091    0.8872   -0.9789   -0.3119    0.7614   -0.6006
   28 H6     2px        1.6287    0.0845   -0.0000   -0.0000   -0.0000   -0.0000    0.0000    0.0000   -0.0000   -0.0000
   29 H6     2py       -0.0845    1.6287    0.0000    0.0000    0.0000   -0.0000   -0.0000    0.0000    0.0000    0.0000
   30 H6     2pz       -0.0000    0.0000    0.9322   -0.7134    1.3656    1.0430    1.1065   -4.1324   -1.8654    6.0137
   31 H7     1s        -0.0000    0.0000   -2.5819    5.8167   -3.8113   -3.2617   -3.0539    2.4447    5.1948    0.6493
   32 H7     2s        -0.0000    0.0000   -1.3737    2.6533   -1.3091   -0.8872   -0.9789    0.3119    0.7614    0.6006
   33 H7     2px       -1.6288   -0.0845   -0.0000    0.0000   -0.0000   -0.0000    0.0000    0.0000   -0.0000    0.0000
   34 H7     2py        0.0845   -1.6288    0.0000   -0.0000    0.0000   -0.0000   -0.0000    0.0000    0.0000   -0.0000
   35 H7     2pz       -0.0000    0.0000   -0.9322   -0.7134   -1.3656    1.0430   -1.1065   -4.1323    1.8654    6.0137
   36 H8     1s         0.0000   -0.0000    6.6367    0.2049    4.9423   -3.7250    2.7038    6.0564    1.9489   -1.2982
   37 H8     2s         0.0000   -0.0000    3.2271   -0.0943    1.9760   -1.3574    0.5308    1.3421    0.1204   -0.4973
   38 H8     2px        1.5170    0.0787    0.0000   -0.0000    0.0000    0.0000   -0.0000   -0.0000    0.0000    0.0000
   39 H8     2py       -0.0787    1.5170   -0.0000   -0.0000   -0.0000   -0.0000    0.0000    0.0000   -0.0000   -0.0000
   40 H8     2pz        0.0000   -0.0000    0.5114    1.3924   -0.9727   -1.5214   -1.2371   -1.0908    4.4614    5.7673
   41 H9     1s        -0.0000    0.0000   -5.9804   -5.2879    0.7469    4.2884    5.2745    3.0612   -1.6643   -0.6449
   42 H9     2s        -0.0000    0.0000   -3.1632   -2.4141    0.4054    1.1959    1.1599    0.1941   -0.3868    0.5014
   43 H9     2px       -1.3008   -0.0675   -0.0000    0.0000    0.0000   -0.0000   -0.0000    0.0000    0.0000   -0.0000
   44 H9     2py        0.0675   -1.3008    0.0000   -0.0000   -0.0000    0.0000    0.0000   -0.0000   -0.0000    0.0000
   45 H9     2pz       -0.0000    0.0000    0.8516   -0.3020    1.0348   -1.2470    1.7057    2.2419    4.5719    5.0924
   46 H10    1s         0.0000   -0.0000    2.8077    5.9567   -6.5773    5.1110    1.3572   -0.2785   -3.4086   -2.7669
   47 H10    2s         0.0000   -0.0000    1.4915    2.6235   -2.4843    1.5498    0.4966    0.1237   -0.6446   -0.4695
   48 H10    2px        0.9949    0.0516    0.0000   -0.0000    0.0000    0.0000   -0.0000   -0.0000    0.0000    0.0000
   49 H10    2py       -0.0516    0.9949   -0.0000    0.0000   -0.0000   -0.0000    0.0000    0.0000   -0.0000   -0.0000
   50 H10    2pz        0.0000   -0.0000   -0.5320   -0.2809   -0.9131    2.0242    3.9942    3.1798    2.7213    3.7633
   51 H11    1s        -0.0000    0.0000    2.0769   -0.1336    2.4659   -3.7208   -5.2624   -4.1405   -2.4315   -3.1141
   52 H11    2s        -0.0000    0.0000    0.3821   -0.7300    1.5138   -1.7398   -1.8675   -1.5049   -0.4326   -0.4730
   53 H11    2px       -0.6242   -0.0324   -0.0000    0.0000   -0.0000   -0.0000    0.0000    0.0000   -0.0000   -0.0000
   54 H11    2py        0.0324   -0.6242    0.0000   -0.0000    0.0000    0.0000   -0.0000   -0.0000    0.0000    0.0000
   55 H11    2pz       -0.0000    0.0000    1.6143    2.1373   -2.6654    2.7461    2.7349    1.6661    0.6830    1.8176
   56 H12    1s         0.0000   -0.0000   -2.9161   -2.6037    2.1949   -1.7248   -0.9852   -0.1703    0.3878   -0.7686
   57 H12    2s         0.0000   -0.0000   -0.6265   -0.3022   -0.0453    0.2420    0.6104    0.6076    0.5697    0.4120
   58 H12    2px        0.2447    0.0127    0.0000   -0.0000    0.0000    0.0000   -0.0000   -0.0000   -0.0000   -0.0000
   59 H12    2py       -0.0127    0.2447   -0.0000    0.0000   -0.0000   -0.0000    0.0000    0.0000    0.0000    0.0000
   60 H12    2pz       -0.0000    0.0000    0.9672    0.8813   -0.7479    0.5886    0.3444    0.1109   -0.1233    0.2071
--
 
      Von Neumann Entropy (Root  1) =  0.47456
 

      Mulliken population analysis for root number:  1
      -----------------------------------------------
 
 
++    Molecular charges:
      ------------------
 
      Mulliken charges per centre and basis function type
      ---------------------------------------------------
 
                H1      H2      H3      H4      H5      H6      H7      H8      H9      H10     H11     H12   
      1s       1.4634  0.3827  1.0955  0.8937  0.8694  0.9597  0.9596  0.8695  0.8937  1.0955  0.3827  1.4634
      2s       0.0042  0.0692 -0.0521 -0.0409  0.0335 -0.0010 -0.0009  0.0335 -0.0409 -0.0521  0.0692  0.0042
      2px      0.0000  0.0000 -0.0000 -0.0000 -0.0000  0.0018  0.0018 -0.0000 -0.0000 -0.0000  0.0000  0.0000
      2pz      0.0437  0.0871  0.0616  0.0456  0.0378  0.0433  0.0433  0.0378  0.0456  0.0616  0.0871  0.0437
      2py      0.0000  0.0000 -0.0000 -0.0000 -0.0000  0.0018  0.0018 -0.0000 -0.0000 -0.0000  0.0000  0.0000
      Total    1.5113  0.5390  1.1050  0.8984  0.9407  1.0057  1.0056  0.9407  0.8984  1.1050  0.5390  1.5113
 
      N-E     -0.5113  0.4610 -0.1050  0.1016  0.0593 -0.0057 -0.0056  0.0593  0.1016 -0.1050  0.4610 -0.5113
 
      Total electronic charge=   12.000000
 
      Total            charge=   -0.000000
--
 
 

      Expectation values of various properties for root number:  1
      -----------------------------------------------------------
 
 
++    Molecular properties:
      ---------------------
 
      Charge (e):
                      =   -0.0000
      Dipole Moment (Debye):
      Origin of the operator (Ang)=    0.0000    0.0000    0.0000
                   X= -7.1553E-08               Y=  7.5630E-08               Z= -9.0878E-05           Total=  9.0878E-05
      Quadrupole Moment (Debye*Ang):
      Origin of the operator (Ang)=    0.0000    0.0000    3.8333
                  XX= -1.0949E+01              XY= -8.4286E-13              XZ=  1.7605E-10              YY= -1.0949E+01
                  YZ=  7.0844E-11              ZZ= -3.0506E+01
      In traceless form (Debye*Ang)
                  XX=  9.7784E+00              XY= -1.2643E-12              XZ=  2.6408E-10              YY=  9.7784E+00
                  YZ=  1.0627E-10              ZZ= -1.9557E+01
--
 

      LoProp population analysis for root number:  1
      -----------------------------------------------
 
 
++    LoProp analysis:
      ----------------
 
 
 
  Input file to MOLDEN was generated!
 
 
++    Static properties:
      ------------------
 
 
      LoProp Charges per center
 

                   H1       H2       H3       H4       H5       H6       H7       H8       H9       H10   
      Nuclear      1.0000   1.0000   1.0000   1.0000   1.0000   1.0000   1.0000   1.0000   1.0000   1.0000
      Electronic  -1.1395  -0.9580  -0.9816  -0.9597  -0.9836  -0.9777  -0.9776  -0.9836  -0.9597  -0.9816
 
      Total       -0.1395   0.0420   0.0184   0.0403   0.0164   0.0223   0.0224   0.0164   0.0403   0.0184
 

                   H11      H12   
      Nuclear      1.0000   1.0000
      Electronic  -0.9580  -1.1395
 
      Total        0.0420  -0.1395
--
 
 
      Natural Bond Order analysis for root number:  1
 
++    Natural Bond Order analysis
      ---------------------------
      Based on LoProp computed density
      -------------------------------------------------------------------------------------
      Atom A       Atom B       Bond Order | Atom A       Atom B       Bond Order
        H1           H2             0.919  |   H11          H12            0.919
        H3           H4             0.898  |   H5           H6             0.876
        H9           H10            0.898  |   H7           H8             0.876
      -------------------------------------------------------------------------------------
      NBO located     10.774 electrons involved in    6 bonds.
      The remaining    1.226 electrons are to be considered as diffuse
--
 
--
 
 
  Input file to MOLDEN was generated!
 
      Average orbitals are written to the RASORB file
      Natural orbitals for root   1 are written to the RASORB.1 file
      Spin density orbitals for root   1 are written to the SPDORB.1 file
 
forrtl: warning (525): IEEE_DIVIDE_BY_ZERO is signaling
forrtl: warning (526): IEEE_INVALID is signaling
forrtl: warning (528): IEEE_UNDERFLOW is signaling
--- Stop Module: rasscf at Sun Oct 26 14:18:43 2025 /rc=_RC_ALL_IS_WELL_ ---
*** files: H12_0.70.LprOrb H12_0.70.rasscf.molden H12_0.70.LoProp.molden H12_0.70.RasOrb.1 H12_0.70.RasOrb H12_0.70.rasscf.h5 H12_0.70.SpdOrb.1 xmldump
    saved to directory /home/grierjones/DDCASPT2/hydrogen_comps/rerun/H12_chain/H12_0.70
--- Module rasscf spent 4 minutes 27 seconds ---

>>> COPY /tmp/H12_0.70/H12_0.70.rasscf.h5 /home/grierjones/DDCASPT2/hydrogen_comps/rerun/H12_chain/H12_0.70/

>>> COPY /tmp/H12_0.70/GMJ_Fock_MO.csv /home/grierjones/DDCASPT2/hydrogen_comps/rerun/H12_chain/H12_0.70/H12_0.70.GMJ_Fock_MO.csv

*** symbolic link created: INPORB -> H12_0.70.RasOrb
--- Start Module: motra at Sun Oct 26 14:18:43 2025 ---
 
()()()()()()()()()()()()()()()()()()()()()()()()()()()()()()()()()()()()()()()()()()()()()()()()()()

                                               &MOTRA

                                   only a single process is used
                       available to each process: 2.0 GB of memory, 1 thread?
()()()()()()()()()()()()()()()()()()()()()()()()()()()()()()()()()()()()()()()()()()()()()()()()()()
 
 
      *** WARNING: Default frozen orbitals is overwritten by user input.
      *** Default values:   0
 
      Header of the integral files:
      
       Integrals generated by seward 4.2.0  , Sun Oct 26 14:14:13 2025
 
 
      Header of MO coefficients source file:
      * RASSCF average (pseudo-natural) orbitals                                      
 
 
      Cartesian coordinates in Angstrom:
      -----------------------------------------------------
      No.  Label        X            Y            Z        
      -----------------------------------------------------
       1   H1         0.00000000   0.00000000   0.00000000
       2   H2         0.00000000   0.00000000   0.69697000
       3   H3         0.00000000   0.00000000   1.39393900
       4   H4         0.00000000   0.00000000   2.09090900
       5   H5         0.00000000   0.00000000   2.78787900
       6   H6         0.00000000   0.00000000   3.48484800
       7   H7         0.00000000   0.00000000   4.18181800
       8   H8         0.00000000   0.00000000   4.87878800
       9   H9         0.00000000   0.00000000   5.57575800
      10   H10        0.00000000   0.00000000   6.27272700
      11   H11        0.00000000   0.00000000   6.96969700
      12   H12        0.00000000   0.00000000   7.66666700
      -----------------------------------------------------
      Nuclear repulsion energy =   19.16245944
 
      Orbital specifications:
      -----------------------
 
      Symmetry species:              1
      Number of basis functions:    60
      Frozen orbitals:               0
      Deleted orbitals:              0
      Number of orbitals used:      60

       SYMMETRY  BASIS FUNCTIONS       ORBITALS      INTEGRALS   CPU(SEC)  I/O(SEC)
        1 1 1 1   60  60  60  60    60  60  60  60     1675365       0.00      0.00

       TOTAL CPU TIME(SEC)    1.01TOTAL I/O TIME(SEC)    2.48
 
--- Stop Module: motra at Sun Oct 26 14:18:46 2025 /rc=_RC_ALL_IS_WELL_ ---
*** files: xmldump
    saved to directory /home/grierjones/DDCASPT2/hydrogen_comps/rerun/H12_chain/H12_0.70
--- Module motra spent 2 seconds ---

>>> COPY /tmp/H12_0.70/GMJ_one_int_indx.csv /home/grierjones/DDCASPT2/hydrogen_comps/rerun/H12_chain/H12_0.70/H12_0.70.GMJ_one_int_indx.csv

>>> COPY /tmp/H12_0.70/GMJ_one_int.csv /home/grierjones/DDCASPT2/hydrogen_comps/rerun/H12_chain/H12_0.70/H12_0.70.GMJ_one_int.csv

>>> COPY /tmp/H12_0.70/GMJ_two_int_indx.csv /home/grierjones/DDCASPT2/hydrogen_comps/rerun/H12_chain/H12_0.70/H12_0.70.GMJ_two_int_indx.csv

>>> COPY /tmp/H12_0.70/GMJ_two_int.csv /home/grierjones/DDCASPT2/hydrogen_comps/rerun/H12_chain/H12_0.70/H12_0.70.GMJ_two_int.csv

*** symbolic link created: INPORB -> H12_0.70.RasOrb
--- Start Module: caspt2 at Sun Oct 26 14:18:46 2025 ---
 
()()()()()()()()()()()()()()()()()()()()()()()()()()()()()()()()()()()()()()()()()()()()()()()()()()

                                              &CASPT2

                                   only a single process is used
                       available to each process: 2.0 GB of memory, 1 thread?
()()()()()()()()()()()()()()()()()()()()()()()()()()()()()()()()()()()()()()()()()()()()()()()()()()
 
 Cholesky algorithm in CASPT2 =    1
 
 ###############################################################################
 ###############################################################################
 ###                                                                         ###
 ###                                                                         ###
 ###    User changed nr of frozen orbitals.                                  ###
 ###                                                                         ###
 ###                                                                         ###
 ###############################################################################
 ###############################################################################
 
++    Wave function specifications:
      -----------------------------
 
      Number of closed shell electrons           0
      Number of electrons in active shells      12
      Max number of holes in RAS1 space          0
      Max number of electrons in RAS3 space      0
      Number of inactive orbitals                0
      Number of active orbitals                 12
      Number of secondary orbitals              48
      Spin quantum number                      0.0
      State symmetry                             1
      Number of CSFs                        226512
      Number of root(s) available                1
      Root passed to geometry opt.               1
      A file JOBMIX will be created.
      This is a CASSCF or RASSCF reference function
--
 
++    Orbital specifications:
      -----------------------
 
      Symmetry species                           1
                                                 a
      Frozen orbitals                            0
      Inactive orbitals                          0
      Active orbitals                           12
      Secondary orbitals                        48
      Deleted orbitals                           0
      Number of basis functions                 60
--
 
      Type of Fock operator: STANDARD
      Type of 0-order Hamiltonian: STANDARD WITH DEFAULT IPEA
        "IP-EA" denominator shift =      0.25
      The input orbitals and the CI vector will be transformed.
 
--------------------------------------------------------------------------------
 Estimated memory requirements:
  POLY3 :                 54392696
  RHS:                     1916944
  SIGMA :                   616912
  PRPCTL:                        0
 Available workspace:    230179958
 
++ CASPT2 computation for group   1
 
********************************************************************************
 Multi-State initialization phase begins for group   1
--------------------------------------------------------------------------------
********************************************************************************
 Compute H0 matrices for state    1
--------------------------------------------------------------------------------
--------------------------------------------------------------------------------
 H0 matrices have been computed.
 
********************************************************************************
  CASPT2 EQUATION SOLUTION
--------------------------------------------------------------------------------
 
  Total nr of CASPT2 parameters:
   Before reduction:      249120
   After  reduction:      246336
 
 The contributions to the second order correlation energy in atomic units.
-----------------------------------------------------------------------------------------------------------------------------
  IT.      VJTU        VJTI        ATVX        AIVX        VJAI        BVAT        BJAT        BJAI        TOTAL       RNORM  
-----------------------------------------------------------------------------------------------------------------------------
   1     0.000000    0.000000   -0.051196    0.000000    0.000000   -0.081967    0.000000    0.000000   -0.133163    0.007221
   2     0.000000    0.000000   -0.051669    0.000000    0.000000   -0.082222    0.000000    0.000000   -0.133891    0.001290
   3     0.000000    0.000000   -0.051689    0.000000    0.000000   -0.082237    0.000000    0.000000   -0.133926    0.000296
   4     0.000000    0.000000   -0.051670    0.000000    0.000000   -0.082233    0.000000    0.000000   -0.133903    0.000047
   5     0.000000    0.000000   -0.051669    0.000000    0.000000   -0.082233    0.000000    0.000000   -0.133902    0.000010
   6     0.000000    0.000000   -0.051670    0.000000    0.000000   -0.082233    0.000000    0.000000   -0.133902    0.000002
-------------------------------------------------------------------------------------------------------------------
 
  FINAL CASPT2 RESULT:
 
  Correlation energy /Case, /Symm, and sums:
 VJTU      0.00000000  0.00000000
 VJTIP     0.00000000  0.00000000
 VJTIM     0.00000000  0.00000000
 ATVX     -0.05166966 -0.05166966
 AIVX      0.00000000  0.00000000
 VJAIP     0.00000000  0.00000000
 VJAIM     0.00000000  0.00000000
 BVATP    -0.07278933 -0.07278933
 BVATM    -0.00944343 -0.00944343
 BJATP     0.00000000  0.00000000
 BJATM     0.00000000  0.00000000
 BJAIP     0.00000000  0.00000000
 BJAIM     0.00000000  0.00000000
 Summed:  -0.13390241 -0.13390241
 
      Reference energy:          -6.1452323785
      E2 (Non-variational):      -0.1339024136
      E2 (Variational):          -0.1339023989
      Total energy:              -6.2791347774
      Residual norm:              0.0000003631
      Reference weight:           0.96231
 
      Contributions to the CASPT2 correlation energy
      Active & Virtual Only:         -0.1339024136
      One Inactive Excited:           0.0000000000
      Two Inactive Excited:           0.0000000000
 
 
++ Denominators, etc.
----------------------------------------------------------------------------------------------------
 Report on small energy denominators, large coefficients, and large energy contributions.
CASE  SYMM ACTIVE-MIX  NON-ACTIVE INDICES          DENOMINATOR     RHS VALUE       COEFFICIENT     CONTRIBUTION
ATVX     1  Mu1.0001  Se1.013                       0.27118156     -0.00000018      0.00000069     -0.00000000
--
 
   (Skipping property calculation,
    use PROP keyword to activate)
--
 
  Total CASPT2 energies:
::    CASPT2 Root  1     Total energy:     -6.27913478
 
  A NEW JOBIPH FILE NAMED 'JOBMIX' IS PREPARED.
********************************************************************************
forrtl: warning (528): IEEE_UNDERFLOW is signaling
--- Stop Module: caspt2 at Sun Oct 26 14:20:41 2025 /rc=_RC_ALL_IS_WELL_ ---
*** files: xmldump
    saved to directory /home/grierjones/DDCASPT2/hydrogen_comps/rerun/H12_chain/H12_0.70
--- Module caspt2 spent 1 minute 55 seconds ---

>>> EXPORT i = B

>>> EXPORT j = P

>>> IF (-FILE GMJ_e2_${i}_${j}_1_.csv)
(Skipped)

>>> END FOREACH

>>> EXPORT j = M

>>> IF (-FILE GMJ_e2_${i}_${j}_1_.csv)
(Skipped)

>>> END FOREACH

>>> END FOREACH

>>> EXPORT i = E

>>> EXPORT j = P

>>> IF (-FILE GMJ_e2_${i}_${j}_1_.csv)
(Skipped)

>>> END FOREACH

>>> EXPORT j = M

>>> IF (-FILE GMJ_e2_${i}_${j}_1_.csv)
(Skipped)

>>> END FOREACH

>>> END FOREACH

>>> EXPORT i = F

>>> EXPORT j = P

>>> IF (-FILE GMJ_e2_${i}_${j}_1_.csv)

>>> COPY /tmp/H12_0.70/GMJ_RHS_F_P_1_.csv /home/grierjones/DDCASPT2/hydrogen_comps/rerun/H12_chain/H12_0.70/GMJ_RHS_F_P_1_.csv

>>> COPY /tmp/H12_0.70/GMJ_IVECW_F_P_1_.csv /home/grierjones/DDCASPT2/hydrogen_comps/rerun/H12_chain/H12_0.70/GMJ_IVECW_F_P_1_.csv

>>> COPY /tmp/H12_0.70/GMJ_IVECX_F_P_1_.csv /home/grierjones/DDCASPT2/hydrogen_comps/rerun/H12_chain/H12_0.70/GMJ_IVECX_F_P_1_.csv

>>> COPY /tmp/H12_0.70/GMJ_IVECC2_F_P_1_.csv /home/grierjones/DDCASPT2/hydrogen_comps/rerun/H12_chain/H12_0.70/GMJ_IVECC2_F_P_1_.csv

>>> COPY /tmp/H12_0.70/GMJ_e2_F_P_1_.csv /home/grierjones/DDCASPT2/hydrogen_comps/rerun/H12_chain/H12_0.70/GMJ_e2_F_P_1_.csv

>>> END FOREACH

>>> EXPORT j = M

>>> IF (-FILE GMJ_e2_${i}_${j}_1_.csv)

>>> COPY /tmp/H12_0.70/GMJ_RHS_F_M_1_.csv /home/grierjones/DDCASPT2/hydrogen_comps/rerun/H12_chain/H12_0.70/GMJ_RHS_F_M_1_.csv

>>> COPY /tmp/H12_0.70/GMJ_IVECW_F_M_1_.csv /home/grierjones/DDCASPT2/hydrogen_comps/rerun/H12_chain/H12_0.70/GMJ_IVECW_F_M_1_.csv

>>> COPY /tmp/H12_0.70/GMJ_IVECX_F_M_1_.csv /home/grierjones/DDCASPT2/hydrogen_comps/rerun/H12_chain/H12_0.70/GMJ_IVECX_F_M_1_.csv

>>> COPY /tmp/H12_0.70/GMJ_IVECC2_F_M_1_.csv /home/grierjones/DDCASPT2/hydrogen_comps/rerun/H12_chain/H12_0.70/GMJ_IVECC2_F_M_1_.csv

>>> COPY /tmp/H12_0.70/GMJ_e2_F_M_1_.csv /home/grierjones/DDCASPT2/hydrogen_comps/rerun/H12_chain/H12_0.70/GMJ_e2_F_M_1_.csv

>>> END FOREACH

>>> END FOREACH

>>> EXPORT i = G

>>> EXPORT j = P

>>> IF (-FILE GMJ_e2_${i}_${j}_1_.csv)
(Skipped)

>>> END FOREACH

>>> EXPORT j = M

>>> IF (-FILE GMJ_e2_${i}_${j}_1_.csv)
(Skipped)

>>> END FOREACH

>>> END FOREACH

>>> EXPORT i = H

>>> EXPORT j = P

>>> IF (-FILE GMJ_e2_${i}_${j}_1_.csv)
(Skipped)

>>> END FOREACH

>>> EXPORT j = M

>>> IF (-FILE GMJ_e2_${i}_${j}_1_.csv)
(Skipped)

>>> END FOREACH

>>> END FOREACH

>>> EXPORT i = A

>>> IF (-FILE GMJ_e2_${i}_1_.csv)
(Skipped)

>>> END FOREACH

>>> EXPORT i = C

>>> IF (-FILE GMJ_e2_${i}_1_.csv)

>>> COPY /tmp/H12_0.70/GMJ_RHS_C_1_.csv /home/grierjones/DDCASPT2/hydrogen_comps/rerun/H12_chain/H12_0.70/GMJ_RHS_C_1_.csv

>>> COPY /tmp/H12_0.70/GMJ_IVECW_C_1_.csv /home/grierjones/DDCASPT2/hydrogen_comps/rerun/H12_chain/H12_0.70/GMJ_IVECW_C_1_.csv

>>> COPY /tmp/H12_0.70/GMJ_IVECX_C_1_.csv /home/grierjones/DDCASPT2/hydrogen_comps/rerun/H12_chain/H12_0.70/GMJ_IVECX_C_1_.csv

>>> COPY /tmp/H12_0.70/GMJ_IVECC2_C_1_.csv /home/grierjones/DDCASPT2/hydrogen_comps/rerun/H12_chain/H12_0.70/GMJ_IVECC2_C_1_.csv

>>> COPY /tmp/H12_0.70/GMJ_e2_C_1_.csv /home/grierjones/DDCASPT2/hydrogen_comps/rerun/H12_chain/H12_0.70/GMJ_e2_C_1_.csv

>>> END FOREACH

>>> EXPORT i = D

>>> IF (-FILE GMJ_e2_${i}_1_.csv)
(Skipped)

>>> END FOREACH

.########################.
.# Non-zero return code #.
.########################.

    Timing: Wall=388.50 User=384.67 System=3.77
****************************************
*** WorkDir at /tmp/H12_0.70 cleaned ***
****************************************
